Series Name,Series Code,Country Name,Country Code,2000 [YR2000],2001 [YR2001],2002 [YR2002],2003 [YR2003],2004 [YR2004],2005 [YR2005],2006 [YR2006],2007 [YR2007],2008 [YR2008],2009 [YR2009],2010 [YR2010],2011 [YR2011],2012 [YR2012],2013 [YR2013],2014 [YR2014],2015 [YR2015],2016 [YR2016],2017 [YR2017],2018 [YR2018],2019 [YR2019],2020 [YR2020],2021 [YR2021],2022 [YR2022],2023 [YR2023],2024 [YR2024],2025 [YR2025]
Ores and metals exports (% of merchandise exports),TX.VAL.MMTL.ZS.UN,Africa Eastern and Southern,AFE,11.3133195108096,19.8438057233785,12.8714839439035,17.7012185330208,19.6742313126308,20.595251405437,25.5331422429342,22.1943600721959,21.3728614318005,20.3387562933284,21.6730422248286,21.7823875013114,19.775359413035,20.0688387251043,19.2856836813389,20.1521044340872,18.8550564853315,19.3710823884947,19.6126242857926,22.2500363354775,24.7557765172883,27.7273106688415,24.953767912307,23.4891099023945,22.7545089595902,..
Ores and metals exports (% of merchandise exports),TX.VAL.MMTL.ZS.UN,Africa Western and Central,AFW,4.10463183183001,4.18437841299906,3.43288330776563,2.1831163623974,..,..,2.36055598689792,3.67087730015844,3.61111819826856,1.90807310994598,2.54736673777905,1.97010834762719,1.61765880694995,3.05170235570345,3.29013284354698,2.76499697323678,2.55302480063292,2.31783671404334,2.21115062478375,2.50607667870656,2.51423976891489,3.20494253327793,2.74734173097439,3.89863932946242,..,..
Ores and metals exports (% of merchandise exports),TX.VAL.MMTL.ZS.UN,Arab World,ARB,2.1968752104048,2.44516150784513,1.81485000417548,1.69833444548615,1.38934246055418,2.05221056216139,1.38974678048152,1.37629313830285,1.68129506142737,1.39393804240898,1.56099936143827,1.71178890688184,2.25424781507765,2.11973744371733,2.53977081289251,3.55788732168717,3.71378624069752,3.93864577851418,4.12034501559519,3.27946434261924,3.62270430131925,4.41277343081027,4.27917669864771,4.16376337381061,..,..
Ores and metals exports (% of merchandise exports),TX.VAL.MMTL.ZS.UN,Caribbean small states,CSS,1.47809583321157,1.70140006998347,1.00229305178777,0.950466996659103,0.93192271857136,1.08085784408797,1.09009738924162,3.50402424151986,3.88719542392502,3.0386725169175,1.7202121355627,1.6078710338345,1.48127621785955,1.74359831837355,1.78113689441581,3.62975262084261,3.39257761695708,1.1646209822388,1.40866815288473,1.52633476190562,2.41904503257917,1.07758747329592,1.33525408921277,3.20762406213057,1.8471807617558,..
Ores and metals exports (% of merchandise exports),TX.VAL.MMTL.ZS.UN,Central Europe and the Baltics,CEB,4.04376810712284,3.38577137700164,3.15009769484025,3.03040195533541,3.41312893863327,3.29384608294205,4.25612643374768,3.83459143440259,3.50585400257544,3.03591568766912,3.76224621176961,4.00138763546707,3.85047283836851,3.38978842844842,3.15954445998867,2.81976971444065,2.40735226221936,2.70809290229967,2.68716302758945,2.60595601132375,2.64426309811735,3.19855420178435,2.8700597782423,2.49413121938374,2.70486143383882,..
Ores and metals exports (% of merchandise exports),TX.VAL.MMTL.ZS.UN,Early-demographic dividend,EAR,3.62439187838117,3.98694504381761,3.60829581543405,3.93641582827051,4.62460910768269,5.2711636547565,5.98576242660954,6.49488964973309,5.85526026685855,5.68880132445854,6.26721978178808,6.07682757858667,5.64111862683416,5.28357804293673,4.99032592993388,4.86040254156627,4.95100197138329,5.369830210544,5.39783177107184,5.7585682806578,6.60455428974976,7.54043705791533,7.07156640150422,7.39082126709526,6.89159519156266,..
Ores and metals exports (% of merchandise exports),TX.VAL.MMTL.ZS.UN,East Asia & Pacific,EAS,2.34848909191654,2.26523952777701,2.14500598142117,2.22429570567293,2.51210467011221,2.65998605761012,3.25089341668361,3.39255079531295,3.22259467692029,2.74274074808161,3.45262044884145,3.7756846340339,3.30083602085572,3.39916846160357,3.55947731777634,3.23253287321565,2.90074096847216,2.84792204883006,2.89006067497012,3.00846706926636,3.32495428297061,3.82867535328805,3.35527695581796,3.44006572010384,3.48066214824861,..
Ores and metals exports (% of merchandise exports),TX.VAL.MMTL.ZS.UN,East Asia & Pacific (excluding high income),EAP,1.99121883591101,1.89044330778029,1.74782375711485,1.81667185907306,2.06083396576651,2.03200674236969,2.47200152377072,2.31647199266487,1.96635700032021,1.59506629336269,1.88256918424556,2.06873552180146,1.79793782408955,1.80478888206865,1.74494820742359,1.74907189230073,1.68520259550608,1.79866425111088,1.96949879874451,1.92677937250961,1.83253365426549,2.20917213914471,2.31674530076433,2.16260858466896,2.33481173207761,..
Ores and metals exports (% of merchandise exports),TX.VAL.MMTL.ZS.UN,East Asia & Pacific (IDA & IBRD countries),TEA,1.99121883591101,1.89044330778029,1.74782375711485,1.81667185907306,2.0608339657665,2.03200674236969,2.47200152377072,2.31647199266487,1.96635700032021,1.59506629336269,1.88256918424556,2.06873552180146,1.79793951212296,1.80478888206865,1.74494907900874,1.74907220448644,1.68520253791232,1.79866744352738,1.96949907442383,1.92677937250961,1.83253365426549,2.20917213914471,2.31674530076433,2.16260858466896,2.33481173207761,..
Ores and metals exports (% of merchandise exports),TX.VAL.MMTL.ZS.UN,Euro area,EMU,2.32939660588529,2.22569120818123,2.10945325961122,2.05947957841381,2.30512079717741,2.45717661864952,3.20683999077057,3.2009270614569,2.90416145755415,2.41324709554284,3.07055909097521,3.31356124391036,3.09338454923252,2.77441199624258,2.70391050030591,2.59280307784155,2.40337393724055,2.67913598497936,2.77409043924576,2.70387524808409,2.86517897224313,3.42125043861332,3.18281576997125,2.78933513287557,2.85326275404225,..
Ores and metals exports (% of merchandise exports),TX.VAL.MMTL.ZS.UN,Europe & Central Asia,ECS,3.1202184610063,2.93948943957363,2.74978187805925,2.64183701259696,2.94693020013372,2.96011933398529,3.72790808078913,3.76204866843622,3.34894519279706,2.82673897243158,3.54329696598747,3.72199995163592,3.47318625153202,3.11363308684966,3.06565606414086,3.01218538623849,2.87087595374235,3.16714108242266,3.17284069485918,3.17682909572191,3.65007360602686,4.05607000174555,3.54790045214676,3.09314359589838,3.16287778696091,..
Ores and metals exports (% of merchandise exports),TX.VAL.MMTL.ZS.UN,Europe & Central Asia (excluding high income),ECA,4.81423826927512,6.69046871931182,5.82051760327754,4.92066593261525,5.41348963712114,5.54802416892858,6.54094580684754,6.23068717191886,5.51007774108731,5.08138813174813,6.03015217111644,6.2411472143709,5.87802807078916,5.60624231497119,5.36928503577826,5.86573980916172,6.15594381028593,6.83909400615039,6.25701949344153,6.50766064740034,6.46574323354105,7.44222377341744,6.79350087463944,6.60187411601867,6.84011189585866,..
Ores and metals exports (% of merchandise exports),TX.VAL.MMTL.ZS.UN,Europe & Central Asia (IDA & IBRD countries),TEC,6.71656880661646,6.45448160230791,5.91473649697414,5.41373038457012,6.01497596941227,5.67912032042339,7.04396738821899,6.7798692119257,5.39719007105673,5.00202586559312,5.69607249938392,5.64493144340587,5.54676728097129,5.03828300692513,4.86393780728562,5.35045156271958,5.2821603971323,5.63181674923271,5.28366602337577,5.55734200749335,6.49320730353029,6.57829672921773,..,..,..,..
Ores and metals exports (% of merchandise exports),TX.VAL.MMTL.ZS.UN,European Union,EUU,2.4525401794535,2.29371411797901,2.17489842032566,2.12963721820957,2.38156469181114,2.49519573257185,3.23508071324472,3.201603855645,2.91942550087832,2.44899610197179,3.11363495403803,3.35026413530993,3.15237030851045,2.82153448630635,2.74381134842485,2.58721690199916,2.38894197103365,2.66427536783112,2.73413636416757,2.66450226499925,2.81852371895967,3.38466661648403,3.14610855464043,2.77030106102264,2.84717393992563,..
Ores and metals exports (% of merchandise exports),TX.VAL.MMTL.ZS.UN,Heavily indebted poor countries (HIPC),HPC,13.1294939523569,13.9374432676813,13.9014428232284,11.7260676372616,12.5162926185909,13.9494578775215,15.0712576028403,15.2402198471758,15.5673012694194,12.022631942267,14.9753353506902,14.1987435032702,11.643182747978,13.5343795465384,13.453606519348,16.1499801478808,15.6036620327454,15.2173624295618,14.0182650912264,15.5273868326569,17.7677818218862,16.8794454112783,17.8716854327098,16.2200035466907,..,..
Ores and metals exports (% of merchandise exports),TX.VAL.MMTL.ZS.UN,High income,HIC,3.02106229948655,2.86054562010802,2.70322919430624,2.6935016446973,3.06012034224015,3.23877910009811,4.0185633163379,4.23816787765615,3.99024850770087,3.46800430497124,4.28337362972577,4.5156472585917,4.14758777686029,3.91258936521662,3.98194192390214,3.80611466330066,3.54753706626121,3.71200815391108,3.73576281117998,3.67891895220536,4.30811965537839,4.85611232951617,4.15410007400956,3.95389605097141,3.92945692583378,..
Ores and metals exports (% of merchandise exports),TX.VAL.MMTL.ZS.UN,IBRD only,IBD,3.89294989624177,3.87496769580952,3.59864788398012,3.63554692389961,4.27960546757828,4.49142958800075,5.25909014944484,5.25354374917522,4.63733111476436,4.28433785425364,4.90435590402511,4.83670254597228,4.41643317500543,4.35418086249404,4.16337558817351,4.08956945678287,4.0232754726823,4.33331839866976,4.31500894097615,4.38970814338577,4.85597469853079,5.51007957248982,4.67681635573913,4.62857615985742,4.78688619514561,..
Ores and metals exports (% of merchandise exports),TX.VAL.MMTL.ZS.UN,IDA & IBRD total,IBT,4.00276187365182,3.96632881373865,3.69560192740378,3.73673267353843,4.37088849976242,4.57397648500971,5.26560587817379,5.29536647220069,4.69536632338249,4.29326002875742,4.97753682877188,4.97864653876003,4.5509584157271,4.43051512063087,4.29297210076402,4.24085401924712,4.15797911182656,4.44792835164801,4.42622694934959,4.59719707051724,5.05843206522786,5.68574222548691,4.90904563998448,4.84789206702996,4.86017691657165,..
Ores and metals exports (% of merchandise exports),TX.VAL.MMTL.ZS.UN,IDA blend,IDB,4.60938543771918,3.04844091356051,3.5108463113948,4.58056664238119,..,..,0.724717119398312,1.50983687713567,1.68361624410275,1.49192187909573,2.21641504037769,6.09033745025286,6.01169293997239,1.98969915954848,1.75730908253252,1.81723719768212,1.82009724147247,2.59212455329908,2.54829823891866,5.37940468523814,5.33467620203456,5.91090103559842,5.60860794986002,5.39877434064628,3.70528813313581,..
Ores and metals exports (% of merchandise exports),TX.VAL.MMTL.ZS.UN,IDA only,IDX,8.33582871368419,8.823813192038,8.5159135581808,7.41727260737261,8.03347525640439,9.35938596271884,9.46045112094507,10.4819876357137,10.2762549219181,7.24428226116977,10.0772426858583,9.7467999672637,8.68389870161628,9.86059312773579,13.4716498859477,11.8397257962646,10.9682924621935,10.3567873345115,10.5674922085531,13.9771804602642,..,14.3560867297629,..,14.517909255985,..,..
Ores and metals exports (% of merchandise exports),TX.VAL.MMTL.ZS.UN,IDA total,IDA,6.57631189006504,6.10338461314589,6.05828933881265,6.07845608710287,..,..,5.42736926163456,6.26032868080287,6.08814918174814,4.50258328123771,6.59384082735775,8.09583267732711,7.47428538440029,6.19833054827265,7.63216111006003,7.46934687794974,7.01327134626262,6.81200460456213,6.7827648511501,9.31623362363628,9.91560075331435,9.72456948004827,10.0529376206084,9.49832597482768,..,..
Ores and metals exports (% of merchandise exports),TX.VAL.MMTL.ZS.UN,Late-demographic dividend,LTE,3.60267227622301,3.45931481896858,3.1700046432905,3.03036883519,3.47375330212962,3.45536448564089,4.07604169321526,3.93030260792623,3.4498265240374,3.06701629813971,3.63527804316313,3.74080585539634,3.54633886032934,3.46076547349418,3.40081476369882,3.47445327348478,3.39456241836366,3.63503531976229,3.63853961689936,3.53581761328487,3.77194341364573,4.28497045834613,3.41438877079156,3.25609511216443,3.51920413873489,..
Ores and metals exports (% of merchandise exports),TX.VAL.MMTL.ZS.UN,Latin America & Caribbean,LCN,8.02026200831475,7.08337029275246,7.17408556309368,7.10548298798952,8.58539851832941,9.08301930030106,10.3124031532976,11.2230524093239,10.1919715495641,9.91325635695273,11.937220187204,12.5674972774529,11.2640322595831,11.0550997947134,10.6381682950567,9.54305516361183,9.7694354093287,10.3998763308205,10.0196464539622,10.2318264350497,11.6417945146077,13.4904380199561,10.6114940811994,10.9988597918527,10.4257059295841,..
Ores and metals exports (% of merchandise exports),TX.VAL.MMTL.ZS.UN,Latin America & Caribbean (excluding high income),LAC,5.55962200085464,4.82489986552267,4.95422059067843,4.83467808095788,5.57256839748647,5.8680099684816,6.77665988545434,7.4345619548433,7.0494858698376,6.60240286492009,8.44494217725253,9.31579237338579,7.96672951332054,7.91239533775216,7.48889426299258,6.40932720243435,6.83041545962806,7.25396168933725,6.95100511815348,7.33257119436951,8.08910556815233,9.12766577507797,6.82281569750666,7.11130428895859,7.13581323595884,5.587142462796
Ores and metals exports (% of merchandise exports),TX.VAL.MMTL.ZS.UN,Latin America & the Caribbean (IDA & IBRD countries),TLA,7.91654149476342,7.00426018037483,7.08248386486147,6.98889972108136,8.44549806118645,8.94320320868201,10.3498375621036,11.2271279494986,10.1947370765276,9.9170342485967,11.9420088227606,12.5736940638821,11.2700623617222,11.0612471298088,10.6418823230954,9.54461632866349,9.72168434872931,10.4340455942186,10.0354826555937,10.1303118897877,11.528552058539,13.3636242010254,10.4420073294163,10.9921157614127,10.4228574038708,10.5468881905996
Ores and metals exports (% of merchandise exports),TX.VAL.MMTL.ZS.UN,Least developed countries: UN classification,LDC,..,..,..,..,..,..,..,10.4543766263116,9.83964208968584,7.35660019259922,9.94499177385732,9.80756136294477,8.7263542505018,9.58414536444818,13.5588347940653,12.3359877359946,11.3892669702599,10.4687285867234,9.73080751823046,14.1987420074422,15.9010431103067,15.3766920707194,15.5771200863243,15.1246034635859,..,..
Ores and metals exports (% of merchandise exports),TX.VAL.MMTL.ZS.UN,Low & middle income,LMY,3.07731913880704,3.24660819851796,2.9903964512998,3.06791493716433,3.5654913913852,3.8266880467747,4.32153354043026,4.35185121294783,3.98963804218243,3.54771042440462,4.2038262800034,4.25296959086012,3.76640050112618,3.75042667757807,3.619281696131,3.52865507034521,3.50095877231024,3.7541316215617,3.7782622106748,3.97835577973615,4.19167333289736,4.79715099016093,4.27126345283788,4.15743250411304,4.21891858670774,..
Ores and metals exports (% of merchandise exports),TX.VAL.MMTL.ZS.UN,Low income,LIC,..,..,..,..,..,..,..,..,..,..,..,..,..,..,..,..,22.5690972044547,19.5220674400471,15.9337431745755,..,..,..,..,..,..,..
Ores and metals exports (% of merchandise exports),TX.VAL.MMTL.ZS.UN,Lower middle income,LMC,4.94486296767536,4.54654500140863,5.1819424032508,4.7954610820575,6.12582699561485,6.89220306231472,6.62783427578137,7.01676226675726,6.3810105284103,5.71418989041712,6.99145598322347,5.98937229733387,5.40370605585083,4.48431269659943,5.04521104780748,4.85588096547565,4.65494350739668,5.1857469853054,4.96929660692966,5.74143646386404,6.4742273841997,6.56094197120666,5.86937330891937,5.89428991592257,5.57227709419528,..
Ores and metals exports (% of merchandise exports),TX.VAL.MMTL.ZS.UN,"Middle East, North Africa, Afghanistan & Pakistan",MEA,1.93314833592968,2.14755190094617,1.59482316739424,1.50847258113616,1.25155410867769,1.78856544550952,1.43325418888613,1.28053343041801,1.57323983232284,1.35593620128367,1.61523917761479,1.71653950760165,2.1125503993735,2.06420816402822,2.38813165929224,3.23314710944482,3.37722643259076,3.59784796578801,3.71753531965566,3.29848992930358,3.56669764106787,4.28118427056269,4.15722115771713,3.90663745180199,..,..
Ores and metals exports (% of merchandise exports),TX.VAL.MMTL.ZS.UN,"Middle East, North Africa, Afghanistan & Pakistan (excluding high income)",MNA,2.2711155242515,2.19813152253027,2.08868731982611,2.48088432109665,2.02588190276703,3.97968269745502,2.45128788856675,2.40644526625826,3.61166560251571,2.53798675613478,2.95371313343079,3.100950049305,3.28753916170006,2.89566863585148,3.25734409445105,3.30274925814826,2.98662382201945,3.21032935135244,..,..,..,..,..,..,..,..
Ores and metals exports (% of merchandise exports),TX.VAL.MMTL.ZS.UN,"Middle East, North Africa, Afghanistan & Pakistan (IDA & IBRD)",TMN,2.26885287049351,2.18915754019485,2.07639549255511,2.47620513461436,2.02760547345557,3.99894600669605,2.42917468192587,2.33585267528258,3.52142752708881,2.49081600500011,2.88287098579155,2.99273424646245,3.16903759827064,2.818925738471,3.18942881345348,3.25165358890746,2.95594484575266,3.15770313466939,..,..,..,..,..,..,..,..
Ores and metals exports (% of merchandise exports),TX.VAL.MMTL.ZS.UN,Middle income,MIC,3.06612495530788,3.20824415999137,2.95678729176042,3.02858590224353,3.52582710950787,3.78899036237919,4.28524369048832,4.30619943285365,3.95125452291715,3.54016618690069,4.16270026892547,4.20850226322392,3.73827542309696,3.71104140609848,3.56683189301543,3.40707977888198,3.38993412042921,3.66154676936057,3.70149019844417,3.87392238813178,4.07863061822258,4.68832433659926,4.14275478697877,4.0394737706939,4.19708228707452,..
Ores and metals exports (% of merchandise exports),TX.VAL.MMTL.ZS.UN,North America,NAC,2.45802447002889,2.48327087767181,2.45453196901543,2.53612432741729,3.0502949922638,3.44275975095224,4.47400846200262,4.91905155040686,4.88683410677127,4.18920353954265,4.82394384290407,5.02755140901249,4.31635962175471,4.01732370152237,3.92142323904462,3.72405048217521,3.51237760872108,3.72608511143346,3.9378094259512,3.61542006369162,4.17614223199151,4.64745184302072,3.96014224190631,3.71247643471648,3.80839674047477,..
Ores and metals exports (% of merchandise exports),TX.VAL.MMTL.ZS.UN,Not classified,INX,..,..,..,..,..,..,..,..,..,..,..,..,..,..,..,..,..,..,..,..,..,..,..,..,..,..
Ores and metals exports (% of merchandise exports),TX.VAL.MMTL.ZS.UN,OECD members,OED,2.93752931000615,2.80121456128379,2.6923908052108,2.70165657070434,3.09728417652674,3.32487955670008,4.17069700339935,4.36478665222939,4.10730611122913,3.64964630416467,4.40465141101565,4.65468508100139,4.28608784571412,4.05909723349937,3.94189125505968,3.67772389827153,3.5088456597373,3.75324702382799,3.80559391368175,3.79504003783621,4.38333925510361,4.88610207883284,4.23219762316152,3.98810818202704,4.02312116868025,..
Ores and metals exports (% of merchandise exports),TX.VAL.MMTL.ZS.UN,Other small states,OSS,6.28151421385282,4.3424384602066,3.90968712365621,3.96625260657404,3.90139124577164,5.1800919291591,6.39002064323102,7.16959361410863,8.83482006307337,7.33001407229524,8.79757504921712,8.77837500990091,8.45117828061274,7.51963330059867,7.3069830178637,7.01877282292392,6.52592551112544,7.48727367494046,7.48245058481414,6.86568746653259,6.81868086434946,7.74147264469038,7.96622607544036,6.95365895419322,6.63451116889758,..
Ores and metals exports (% of merchandise exports),TX.VAL.MMTL.ZS.UN,Pacific island small states,PSS,..,..,0.205255529311201,0.270982114412374,0.43706484978759,0.470477090028854,0.650801734593717,0.736979777914229,1.04537013728984,0.60472362699422,0.962961131106767,1.33541563814532,1.46202957906081,1.69462125304296,1.60376382458649,1.76442595685064,1.04790109070348,2.14231319422956,2.0218415814405,..,..,..,..,..,..,..
Ores and metals exports (% of merchandise exports),TX.VAL.MMTL.ZS.UN,Post-demographic dividend,PST,2.6754458229429,2.55585902752747,2.44850257176111,2.47093622456981,2.8054724656208,3.02771410608442,3.78591470244499,4.04822135180098,3.91289594527348,3.31208531503656,4.13849929216351,4.43221720464565,3.94741727968274,3.75639763821916,3.8300290032871,3.52262341352673,3.23379082329274,3.37163986035111,3.42258278538822,3.42845317427349,3.99327753972193,4.51719733879658,3.90772303990265,3.66421212731033,3.67027296934886,..
Ores and metals exports (% of merchandise exports),TX.VAL.MMTL.ZS.UN,Pre-demographic dividend,PRE,4.69145698039543,5.55880546608715,5.34080788406163,..,..,..,6.12306152521799,5.96961530811298,5.82095165071082,4.23619044199567,5.63485758497229,5.26096301268254,4.59434539803446,5.07876733649354,..,9.90441200952595,9.29685755134847,8.67536283229601,7.93572891560792,9.1336982793759,10.1447573744446,10.472453115316,10.4839889032941,9.94824596586003,..,..
Ores and metals exports (% of merchandise exports),TX.VAL.MMTL.ZS.UN,Small states,SST,4.50291240512261,3.4701552935766,2.94480733631648,2.9683073031721,2.92417287451301,3.65912240761359,4.6830345443773,5.91757790755936,7.1766274322619,5.89239116466356,6.50865625511552,6.47566389494228,6.21900868541089,5.65135409589439,5.51943067748142,5.87959316741182,5.46420411510359,5.49247847577705,5.56193400769342,5.18436444144739,5.42189866828601,5.65936342656297,5.91454148165629,5.75821150612703,5.08426688408535,..
Ores and metals exports (% of merchandise exports),TX.VAL.MMTL.ZS.UN,South Asia,SAS,2.44271434041466,2.58731657290698,3.73552245258136,3.39769566350446,5.12222925478186,6.65798565110836,7.01949342498639,6.80641537679364,5.62171272026772,5.52737371580952,6.64038482395572,3.47435091704037,3.0534252776327,2.70933195736889,3.06582508803711,2.94428627344331,2.7820165052259,3.52960240992867,3.21295506066592,3.48856836178437,4.57128621795812,4.65980334978717,3.64121887944352,3.80873591291214,3.56965472194535,..
Ores and metals exports (% of merchandise exports),TX.VAL.MMTL.ZS.UN,South Asia (IDA & IBRD),TSA,2.44271434041466,2.58731657290698,3.73552245258136,3.39769566350446,5.12222925478186,6.65798565110836,7.01949342498639,6.80641537679364,5.62171272026772,5.52737371580952,6.64038482395572,3.47435091704037,3.0534252776327,2.70933195736889,3.06582508803711,2.94428627344331,2.78201650522591,3.52960240992867,3.21295506066592,3.48856836178437,4.57128621795812,4.65980334978717,3.64121887944352,3.80873591291214,3.56965472194535,..
Ores and metals exports (% of merchandise exports),TX.VAL.MMTL.ZS.UN,Sub-Saharan Africa,SSF,8.2835144415083,13.3045097776318,9.17579685425962,11.2782497505544,..,..,16.0650171101689,15.0444764071408,14.5201233444748,13.4157993938214,14.3687310088564,14.0464524689498,12.6854738357047,13.6064322711528,13.0557308029612,13.6683466318966,12.6759446580907,12.9646430075462,13.0753651460006,14.7696989508982,16.8727871433628,18.4365913647243,16.5404828960384,16.0483100686253,16.141392869176,..
Ores and metals exports (% of merchandise exports),TX.VAL.MMTL.ZS.UN,Sub-Saharan Africa (excluding high income),SSA,8.29847593766897,13.3285053735722,9.19310479869305,11.2987575575243,..,..,16.0947843555379,15.0674943483667,14.5423488404998,13.4366789242368,14.3907915494833,14.0685561343489,12.7052769496582,13.6274360859507,13.0763176681661,13.6889849941169,12.6948765153957,12.983746099028,13.0947197741705,14.7918977756396,16.8989928578521,18.4637488828591,16.5646208679306,16.0549714201292,16.1458947559372,..
Ores and metals exports (% of merchandise exports),TX.VAL.MMTL.ZS.UN,Sub-Saharan Africa (IDA & IBRD countries),TSS,8.2835144415083,13.3045097776318,9.17579685425962,11.2782497505544,..,..,16.0650171101689,15.0444764071408,14.5201233444748,13.4157993938214,14.3687310088564,14.0464524689498,12.6854738357047,13.6064322711528,13.0557308029612,13.6683466318966,12.6759446580907,12.9646430075462,13.0753651460006,14.7696989508982,16.8727871433628,18.4365913647243,16.5404828960384,16.0483100686253,16.141392869176,..
Ores and metals exports (% of merchandise exports),TX.VAL.MMTL.ZS.UN,Upper middle income,UMC,2.81968334578527,3.03317316100519,2.67072721916372,2.79422234352838,3.21548115178912,3.42479055665364,3.98493294345211,3.94884736398281,3.61326706805449,3.23406776532477,3.76117607580804,3.95402672430638,3.49643390304612,3.60234757740645,3.37864021642994,3.21014860129491,3.21815303303931,3.45218717398113,3.52551840839626,3.62587991053646,3.76534267292873,4.43911130453753,3.91464313407841,3.78681907071217,4.0152600562076,..
Ores and metals exports (% of merchandise exports),TX.VAL.MMTL.ZS.UN,World,WLD,3.03819909121097,2.97809968725912,2.79055526240161,2.80645582479595,3.21304159881068,3.41711251569311,4.1107085751783,4.27249113124113,3.99006391057823,3.49212406986153,4.25857489647919,4.43387504381882,4.02968165797621,3.86216404564936,3.87108154790776,3.72077501249155,3.53317566270043,3.72500884011468,3.74880041873006,3.77055418549755,4.2726064732445,4.8381056194513,4.19048291448431,4.0164995093271,4.01718145451814,..
Ores and metals exports (% of merchandise exports),TX.VAL.MMTL.ZS.UN,Afghanistan,AFG,..,..,..,..,..,..,..,..,..,0.137976802486954,0.275244541510738,0.305786388425507,..,..,..,1.06525272819338,1.12452208638717,0.83809143240314,1.20988438299409,2.19992094192385,..,..,..,..,..,..
Ores and metals exports (% of merchandise exports),TX.VAL.MMTL.ZS.UN,Albania,ALB,3.7179233054858,2.91299499497097,3.43255983968605,4.09518729937779,5.55303918360657,24.1407825764506,37.8643455707951,13.556991094879,32.5786009009848,9.55255174912569,12.8160980293912,11.8992063321516,10.9118328438961,9.78060057087312,4.58216010178408,7.54584263344886,8.80533257546907,5.05918674025811,2.02773332086022,3.10433628032436,4.08685599913531,2.47454305915757,0.0613901739063739,5.34944752843742,5.64934031462141,..
Ores and metals exports (% of merchandise exports),TX.VAL.MMTL.ZS.UN,Algeria,DZA,0.254196613039328,0.314753141902234,0.427039949647696,0.382587437708857,0.414819808828625,0.491152211167111,0.721648354313415,0.508916486832056,0.632777159338741,0.470471726874241,0.29121687605806,0.255945929207127,0.24608003183097,0.167011835510265,0.179690702278308,0.309061621803374,0.251775038423141,0.165401420227525,..,..,..,..,..,..,..,..
Ores and metals exports (% of merchandise exports),TX.VAL.MMTL.ZS.UN,American Samoa,ASM,..,..,..,..,..,..,..,..,..,..,..,..,..,..,..,..,..,..,..,..,..,..,..,..,..,..
Ores and metals exports (% of merchandise exports),TX.VAL.MMTL.ZS.UN,Andorra,AND,2.19826613149543,2.32001965157747,2.14867273955292,2.35995314121409,2.56704139737746,2.18896354486335,1.82200271689541,2.86275108752025,3.61329476605585,2.87709545495436,4.28346709428229,3.45045818590949,3.60900357806592,3.23080975672319,3.9969773546561,4.50860643403967,2.4287686353391,2.65224401857042,3.21302764493708,3.61898604647194,1.96973650891559,3.37964936679901,1.30285025291511,1.77400635480091,..,..
Ores and metals exports (% of merchandise exports),TX.VAL.MMTL.ZS.UN,Angola,AGO,..,..,..,..,..,..,..,2.6754262387962,1.91922873173295,2.00203147222072,2.03762931763898,1.82030992184898,1.56671577949772,1.70731149604581,2.18366735941927,3.24392135052176,3.5430584083964,3.2888111877969,2.9599977992618,3.54452524881699,5.37285733742943,4.73446732916134,4.13015252901342,4.34074978568308,4.35688565012152,..
Ores and metals exports (% of merchandise exports),TX.VAL.MMTL.ZS.UN,Antigua and Barbuda,ATG,6.46433432489683,..,..,..,..,1.5747754095473,..,0.54754745232019,..,6.14438097066872,1.77617053610648,1.98029913853413,2.70235544410556,30.9908270679986,17.5317077380815,15.6204515801356,7.50610085291906,7.27206580468804,0.307319818753686,0,7.38825540755649E-05,0.514114116333737,0,0,0.482961925425427,..
Ores and metals exports (% of merchandise exports),TX.VAL.MMTL.ZS.UN,Argentina,ARG,2.95260482914875,3.05270707923539,3.86643385692681,3.00518542990703,3.91732292241496,3.21539774249875,4.22283436478006,3.81560735354694,3.20115086300142,3.75718173585009,4.2913752113995,3.93876593149719,4.06073948658929,3.17808809731559,3.26437711403037,2.74931567838647,3.21486753032155,3.19025791652857,0.475460975897366,0.440466498242655,0.217988929465899,0.0559330328460208,0.279738031699619,0.39379723312782,0.170904833823205,..
Ores and metals exports (% of merchandise exports),TX.VAL.MMTL.ZS.UN,Armenia,ARM,25.7575724877869,27.4245575233752,14.445423781967,19.2133766077605,21.287034246159,9.40870946056114,23.5372102420667,31.4565241791176,28.548310685311,44.0860659129662,50.7772242753667,47.3695609850977,40.221886097324,37.4789355590973,35.230494315673,40.9761824108989,34.6664941240264,39.4460702351596,33.9061842659703,36.1418001345159,36.820585926971,39.6480325509172,21.8592963976107,14.7119096760444,16.1462440928624,..
Ores and metals exports (% of merchandise exports),TX.VAL.MMTL.ZS.UN,Aruba,ABW,0.0217232356540141,0.184955756611719,0.111562661455705,0.105130154944915,0.0886561304133523,0.097091478446803,0.349718425137364,0.603313301445307,1.70076889286821,0.173127115119192,0.203725059530665,1.29325828901818,1.9733066698771,1.82475490320263,2.58868403929088,4.37936083511966,12.8205281680644,17.1621313741709,6.46186099415558,5.64271256444269,4.16334665433535,3.68467599944075,6.71883194281519,6.76571849783155,..,..
Ores and metals exports (% of merchandise exports),TX.VAL.MMTL.ZS.UN,Australia,AUS,19.6274302028013,19.3343557016681,18.2467566917432,18.5657879828597,19.8156853732279,23.0063825416372,27.362988550363,29.0846590114225,27.8135739734934,27.6964739947355,33.9592479625193,36.6251497222705,34.1293825867081,38.2226138969482,37.0261770580942,32.1805032494418,31.5276869213515,31.3992387696894,29.7317933529164,34.4951798416859,40.6984142625159,42.8423223013758,30.1757700607275,35.3042339341114,34.1553248854625,34.6431987175618
Ores and metals exports (% of merchandise exports),TX.VAL.MMTL.ZS.UN,Austria,AUT,2.53427616898314,2.41501424519314,2.24138777755563,2.51799343005021,2.60321583463051,2.70396684717196,3.27475544453107,3.35847359103035,3.37659472741913,3.07543478256446,3.83863185955932,3.82212306620259,3.72523120716525,3.23948473319676,3.07965916100777,3.27015967706261,3.14265791076177,3.39543254731648,3.1315905069502,2.90741836568379,2.99075729896985,3.46976797539861,3.44223633456495,3.02826727077609,3.27026243038932,..
Ores and metals exports (% of merchandise exports),TX.VAL.MMTL.ZS.UN,Azerbaijan,AZE,2.92723668979789,0.998665830465038,0.832718306060542,2.31054578108109,2.80245606627803,3.66815156425269,3.77277718486295,2.81091859291466,0.403601395200117,0.273775066472502,0.118246246777953,0.194087430095086,0.704493440603918,0.487873498318595,0.512269048937149,0.863908492008998,1.0959919101039,1.21424571242954,0.918083805378015,0.999163914865887,1.29170993599265,1.24163681141355,0.777041765952475,0.762659458805416,1.02707733667075,1.52277391038872
Ores and metals exports (% of merchandise exports),TX.VAL.MMTL.ZS.UN,"Bahamas, The",BHS,5.74838688204421,8.61411856074836,8.74815547963699,11.2866119677956,9.05397782679463,5.48614661750262,3.98151689997822,11.2620270954477,10.9131436511875,9.60552528438173,11.0364205028879,8.99902391346606,6.7123021045359,6.25530292536778,9.52541435386065,10.2197928434957,2.04009425862707,2.45879849006135,3.55557414413161,2.98715618125877,5.82212549845937,4.85042588918349,21.2250014640383,25.7722064329118,16.0508789788562,..
Ores and metals exports (% of merchandise exports),TX.VAL.MMTL.ZS.UN,Bahrain,BHR,16.171774669641,19.6253201675694,17.4608099674132,17.2730286341837,15.3212359978619,15.2279471863808,13.8293818588166,10.8142981960867,17.0844162960393,15.3644145121216,18.0993102406196,21.4450767553946,21.0929435373761,18.3403450533954,15.091486540845,22.8877066172616,28.0139463125409,24.8675918731589,22.7763946036025,23.7550562090269,31.1602640812126,41.522451201791,44.1100396241829,62.3200686306776,64.7786518591568,..
Ores and metals exports (% of merchandise exports),TX.VAL.MMTL.ZS.UN,Bangladesh,BGD,0.0141371379781013,0.00875724890827912,0.0410228945664486,0.0234516661687324,0.159890241832099,0.197936065954641,0.334982177296064,0.425047394742913,0.326725359622683,0.331266388916683,0.461533261380147,0.448393262306309,0.417876025550295,0.314194015485004,..,0.171611767409981,0.199272689588463,0.27752243063948,0.293795364051544,..,..,..,..,..,..,..
Ores and metals exports (% of merchandise exports),TX.VAL.MMTL.ZS.UN,Barbados,BRB,0.226439018876371,0.134232546724927,0.267299366235007,0.248965013559044,0.90613929572652,1.04846695480096,1.50545438389599,2.35329767281046,2.70525018431841,1.61300099265184,1.01756538281327,1.02356517998682,0.770534088698877,0.969629793579988,1.24356355057018,0.992124595163528,0.699242972272679,0.744969770357196,1.43572166566511,1.52044437203694,2.77842723237982,2.62466513476253,3.7291549541843,6.72142012750725,7.62916158715904,..
Ores and metals exports (% of merchandise exports),TX.VAL.MMTL.ZS.UN,Belarus,BLR,0.75144259512848,0.88712868310444,1.33298931592816,0.981971061661872,0.734917886077151,0.531004118882829,0.492787628898696,0.654563966483715,0.50992269282586,0.594920082534629,0.704441491780973,0.59268245732263,0.612967215433543,0.912586019560614,0.862393216943491,0.924685139506525,1.23443353839957,1.24287299184423,1.09428113528576,1.19713012809201,1.25760287868434,1.14504386655469,..,..,..,..
Ores and metals exports (% of merchandise exports),TX.VAL.MMTL.ZS.UN,Belgium,BEL,2.79025209509763,2.59095200263024,2.25101082413828,2.11990649413701,2.52377003609957,2.59857311443977,3.50468918414622,3.65372451520351,3.30904384994604,2.71486724599043,4.28571775446529,4.20088249123054,4.1306352162829,3.31591363730275,2.7948775193134,2.78669944994158,2.41418719107926,2.7066942443397,3.5123631521487,3.78378864789919,4.36795342800232,4.92750514871567,3.9270101316318,3.67137717060197,3.51802851603446,..
Ores and metals exports (% of merchandise exports),TX.VAL.MMTL.ZS.UN,Belize,BLZ,0.0126730598710664,0.0624424903267634,0.00276317488319871,0.000966603817149925,0.0158014912910243,0.0213526205113632,0.00030049612469423,0.00201298987487365,0.00489429493888928,0.000466900444325505,0.00016704211016779,0.00025566940342559,0.000720932903446682,0.0106100068352302,0.197689502696228,0.12295214623729,0.186814220100827,0.255115152435969,0.532374635412515,0.604867424732142,0.559066913235734,1.02940939359212,0.690884201579686,0.716152282718424,0.435202560735789,0.578463558546483
Ores and metals exports (% of merchandise exports),TX.VAL.MMTL.ZS.UN,Benin,BEN,0.0658852459178777,0.0960138375675408,0.113155802213012,0.168931912483678,0.374631626779775,0.549277174532844,0.642109709843069,1.16023297032455,1.78064272230666,0.717989245392386,0.99834562553885,3.57189559019471,2.23392683287111,2.87445918505393,4.37903960709347,1.93424573435646,2.334836574266,0.536547485699829,0.221962327295871,0.133769155928354,0.0730241971742847,0.19442028260652,0.357911777997014,0.262688240888072,0.0708610340008799,..
Ores and metals exports (% of merchandise exports),TX.VAL.MMTL.ZS.UN,Bermuda,BMU,..,..,..,..,..,..,..,..,..,..,..,..,0.00381330277426609,0.396888618066497,0.0327944159423139,0.0332040967569467,0.0307067518424352,0.0490028841356867,0.025894247335234,0.0076735153629815,0.00491009500876803,0.00318518842677152,0.0323413065804343,0.0338841219569918,0.00379302354389126,..
Ores and metals exports (% of merchandise exports),TX.VAL.MMTL.ZS.UN,Bhutan,BTN,..,..,..,..,..,8.37028143043405,11.682288440842,14.8806861198291,1.30154272797893,10.2339953444031,21.9335876606203,21.4084610573437,11.5094290221172,..,..,..,15.2900564619917,17.1860065542424,20.7580663311228,33.939135678699,23.0631201264381,..,21.9845199576436,28.198015003149,..,25.9975941717936
Ores and metals exports (% of merchandise exports),TX.VAL.MMTL.ZS.UN,Bolivia,BOL,23.1026067009569,18.2065420131146,18.5272050685105,17.6932791680357,18.5649435013146,16.3854420918351,22.0373220569285,26.2629671426936,25.8817263896327,31.9678407586727,32.876655560038,34.4913812656436,22.3428743824272,20.5196465688681,19.8526075048587,24.2831109200154,32.6279589961985,34.6200209998608,31.649587526274,28.7308578790733,26.9900375271782,30.7299289920912,26.7709560207193,29.5215239053543,43.5898503549869,..
Ores and metals exports (% of merchandise exports),TX.VAL.MMTL.ZS.UN,Bosnia and Herzegovina,BIH,..,..,..,14.1458087590531,16.9822050440838,22.5414758916863,20.4268467439523,17.5666810984185,15.0294476539482,10.7185151072861,14.3518293177313,14.7489634570659,13.8812201411414,11.2081708994328,9.98664989459744,9.04626554805388,7.31568328422097,8.6133788945846,8.79749238974213,6.95031546125849,5.5054757533271,9.55607236207608,11.0691116965748,7.01678771456472,8.26696745615403,9.70220134578208
Ores and metals exports (% of merchandise exports),TX.VAL.MMTL.ZS.UN,Botswana,BWA,6.96948854260272,5.48060046066201,4.91441317938724,10.7245002172124,11.2106514139581,11.4506030201838,16.6329202962184,23.2177835575531,18.9550650392239,15.7011045706592,14.8128125013666,8.65765255185259,9.36861731308661,9.17675940466915,6.87842773234643,7.23455616795649,4.03406783470444,2.5686042046248,1.01152178764121,0.782897705093807,1.48964248285021,2.50339632023003,4.93737697816672,10.746517291364,..,..
Ores and metals exports (% of merchandise exports),TX.VAL.MMTL.ZS.UN,Brazil,BRA,10.1135110678242,8.59153360869163,8.74037070967909,8.53329654962629,8.93935202180293,10.0039567544992,11.5153137673912,11.824211244797,12.9310514381352,12.5107496684766,18.1365432959484,20.1070531698883,16.3040965781489,17.5580001748735,15.4956460079532,12.1341102758254,11.7957523334983,13.0831098475533,12.6374485933875,14.1508177854909,16.15139770501,19.7712118224733,11.9487430335173,12.3830665434344,12.6428158614818,12.2050024227843
Ores and metals exports (% of merchandise exports),TX.VAL.MMTL.ZS.UN,British Virgin Islands,VGB,..,..,..,..,..,..,..,..,..,..,..,..,..,..,..,..,..,..,..,..,..,..,..,..,..,..
Ores and metals exports (% of merchandise exports),TX.VAL.MMTL.ZS.UN,Brunei Darussalam,BRN,..,0.00123871590232952,0,0.000749943140981633,0.117652360794579,..,0.115295319261917,0.0918781888801317,0.0855337580516146,0.0790415209183255,0.154269766795549,0.0906380106381912,0.105984266942402,0.0948178122853143,0.109636732551252,0.160154124555056,0.319455885689357,0.256823962524456,0.0003529183229291,0.329762097085723,0.0754568825427551,0.26096019044916,0.204665223177887,0.151145042609978,0.137017534092583,..
Ores and metals exports (% of merchandise exports),TX.VAL.MMTL.ZS.UN,Bulgaria,BGR,12.6697832453913,10.5849429718236,9.77907729735915,10.2773692422357,12.4085273371493,14.2274001792765,20.1509339985827,17.7706799962176,16.6980369422908,14.9950206940799,16.8658433297609,18.7636942529551,17.1531973742066,15.9566320700464,14.6635303250958,14.0130966871205,11.488830046822,14.1761487545018,14.0561046130611,12.7794276047779,14.7513336995357,15.2812134441165,13.122072543618,12.6457286634428,15.6388377530089,..
Ores and metals exports (% of merchandise exports),TX.VAL.MMTL.ZS.UN,Burkina Faso,BFA,0.0318199563243219,0.0435813812570503,0.0505931759200546,0.0213163134052237,0.151539848392103,0.326762715126647,..,0.178953782654883,0.211108783463173,0.273755032434139,0.491640973412152,0.32271966861051,0.104225183245606,1.0683296718819,3.91985632282814,2.64907973391541,3.70052450116218,5.87685117621051,5.856068296676,4.9165872152444,2.68969335407012,3.43899283581014,1.43528940684307,0.322414970435841,0.247414696660435,..
Ores and metals exports (% of merchandise exports),TX.VAL.MMTL.ZS.UN,Burundi,BDI,0.737869180478963,8.7508610906579,2.97646720941016,0.631444165985592,0.731753556244,1.34042996357413,2.12838853762094,2.06294116618935,5.27097031201033,3.59246932143744,4.64547000400198,5.71370430932496,7.47997046218224,5.34548600287672,2.69896464662459,2.14053054373925,3.86878972252472,5.67385991330614,8.70085637837147,7.82145535592867,5.87353339721305,10.216274425957,4.02652903670665,1.90126959438202,..,..
Ores and metals exports (% of merchandise exports),TX.VAL.MMTL.ZS.UN,Cabo Verde,CPV,0,..,0.041923266103174,0.0146357785407712,0.0928992909305998,0.0246615055571856,0.252610584713906,0,..,0.665352818458037,0.886651706391125,0.942327818292646,8.96488802989324E-05,0.195153427652698,0.00132697365972209,0.000751167785340548,0.000624574643130971,0.000450583027402477,0.00728704497851126,0.162556583851755,0.000900344434486032,0.173682604274348,0.00576283024949212,5.83139625688506E-05,..,..
Ores and metals exports (% of merchandise exports),TX.VAL.MMTL.ZS.UN,Cambodia,KHM,0.00539369854205809,0.0017778600611389,0.000592878337197222,0.0199753195594025,0.0072995346803209,0.0149248014869918,0.027667968493213,0.121352039392554,2.78724412660386,0.760522378035563,0.130283280576471,0.0803694500061509,0.157583279131326,0.24245728980932,0.259411640523026,0.124488903858139,0.127397850611072,0.28104413339852,0.273950400208494,0.488076414316141,0.558161545736656,1.17918260132275,1.11698274839515,2.39994779110805,2.32384862542691,..
Ores and metals exports (% of merchandise exports),TX.VAL.MMTL.ZS.UN,Cameroon,CMR,5.59191006685656,5.37432241460935,4.32423576866907,4.15754299713749,5.06553789677676,4.78205402791316,4.90759445036331,6.16185982086304,12.7081290276679,7.39040789002304,3.60510444872873,6.44601946508511,2.13266836486717,2.07848274318292,3.963613992554,4.57387519048093,7.2820530562766,5.59093811728154,3.6994540520828,2.87678049882067,3.30322583764507,2.0203363785866,1.70198514355599,2.21406928262342,..,..
Ores and metals exports (% of merchandise exports),TX.VAL.MMTL.ZS.UN,Canada,CAN,4.61309970982318,4.5763397781131,4.44360609524797,4.45212340428914,5.46924018318962,5.85003684469677,7.96768372439263,9.24435217999991,8.25104308459543,7.10416068916213,7.99427194909637,8.7097407762028,7.27699468961734,6.97314384892527,7.06901814566853,7.07782826449341,6.85096938677528,7.31666886721892,7.53044628928381,6.52600997886215,7.70223671673035,8.29415109423537,7.20264166838275,6.86872537579518,7.21859335754214,..
Ores and metals exports (% of merchandise exports),TX.VAL.MMTL.ZS.UN,Cayman Islands,CYM,..,..,..,..,..,..,..,..,..,..,..,..,..,..,..,..,..,..,..,..,6.0539376234006,17.7054489449611,10.0991050334533,5.56449812338449,3.80799663867728,..
Ores and metals exports (% of merchandise exports),TX.VAL.MMTL.ZS.UN,Central African Republic,CAF,7.56487393143999,20.2036330785047,21.7486667328819,36.5638934976707,36.7893669865716,17.7717761821553,15.7146700640248,26.576755668597,35.656003903309,61.6353148967196,57.8317269539369,60.6801604344611,57.8085217674326,45.7112889245984,0.293929465526799,0.0123609137787959,2.19732333466574,3.71771062746912,13.9117395814817,4.84862130405419,16.7055945931343,19.9483943864465,12.20271544904,12.6689665953919,6.31887204148749,..
Ores and metals exports (% of merchandise exports),TX.VAL.MMTL.ZS.UN,Chad,TCD,..,..,..,..,..,..,..,..,..,..,..,..,..,..,..,..,..,..,..,..,..,..,..,..,..,..
Ores and metals exports (% of merchandise exports),TX.VAL.MMTL.ZS.UN,Channel Islands,CHI,..,..,..,..,..,..,..,..,..,..,..,..,..,..,..,..,..,..,..,..,..,..,..,..,..,..
Ores and metals exports (% of merchandise exports),TX.VAL.MMTL.ZS.UN,Chile,CHL,44.5230597731378,40.693103600054,40.5582790018529,41.0324638250931,52.8933113223763,56.3235896677862,62.5205610453167,64.309994713649,55.7247442835048,58.2801559676936,63.2866711696578,60.7043853671838,59.1484541659561,56.5992316305558,54.4938258485244,52.3409634632125,50.4034333744308,54.0633105038381,52.4217199941519,51.3740514871807,57.372617205842,62.2188844607438,49.8300184342932,52.0026997226168,56.1402892229553,57.1421752973795
Ores and metals exports (% of merchandise exports),TX.VAL.MMTL.ZS.UN,China,CHN,1.83767957725455,1.74535415424609,1.57791210521067,1.59380319283648,1.89169429050215,1.79072067915524,2.15043213751421,1.798056229728,1.64162254167846,1.16055322491633,1.35551382378782,1.43198201047339,1.22562185968402,1.17807626251683,1.24906371312883,1.17086953037954,1.12761789812447,1.20473204723595,1.32756116052616,1.26063099024319,1.12206922684085,1.38279589662737,1.51241196259416,1.32245246342569,1.5142975856954,..
Ores and metals exports (% of merchandise exports),TX.VAL.MMTL.ZS.UN,Colombia,COL,0.663275879909817,0.810077376530152,0.825699801958899,1.01255652251846,1.2620352687624,1.34002058452425,2.38449374633024,2.34100721501799,1.99773759376982,1.57475366846857,1.5548615358086,1.18351924617809,1.08359471000988,1.09600943006824,0.968201673645253,1.26412035679976,1.16347146041294,1.24583665497229,1.19144344591569,1.04528557470578,1.30101834218228,1.65857830550253,1.40491616097376,1.77130475609424,1.83962796660093,..
Ores and metals exports (% of merchandise exports),TX.VAL.MMTL.ZS.UN,Comoros,COM,0.00423400451590008,0.00524507584340624,0.00208806695434875,..,0.66520249263739,0.149600348390232,..,..,0.522391765016685,0.0372923820621511,0.813905646134158,0.847733671298026,0.110774025742152,0.0203651863526018,0.0618031951656029,0.0444425057124696,0.0166783171742393,0.126857513563295,0.0877257182600293,0.318173040040997,0.75010829723588,6.54854738738506,0.517962654358925,1.23197156881377,..,..
Ores and metals exports (% of merchandise exports),TX.VAL.MMTL.ZS.UN,"Congo, Dem. Rep.",COD,..,..,..,..,..,..,..,..,..,..,..,..,..,..,..,70.6893964675775,69.2768524098617,56.5053710280869,45.2313432845268,67.1352960154318,74.1476837170452,71.0236615792102,83.1096927962329,76.344497695925,..,..
Ores and metals exports (% of merchandise exports),TX.VAL.MMTL.ZS.UN,"Congo, Rep.",COG,..,..,..,..,..,..,..,0.0364830291043684,0.0282945243019541,0.0186792596942976,0.0210088059797555,0.0193554921266908,0.0140743008856092,0.0146800156868154,0.0136861319359873,0.0120404843620738,0.0184843607142912,2.28755494586862,0.927424742561132,1.55912218977186,0.831440752613757,4.64029512490845,1.43657443739868,1.19935592976496,..,..
Ores and metals exports (% of merchandise exports),TX.VAL.MMTL.ZS.UN,Costa Rica,CRI,0.760437542106638,0.808246722992823,0.814737294693017,0.711479995835235,1.03354286931436,1.16819915002574,1.58636848850852,1.45732403864289,1.40820985107273,0.736285165169548,1.14213447976051,1.47558229776724,2.33207214786887,1.46279654613949,1.60539880440734,1.21795803880745,1.09214883019012,1.33459998968336,1.43490019554813,1.37490331980926,1.42269448012349,1.65528808128059,1.45143574332589,1.50937140629287,1.39829772346223,..
Ores and metals exports (% of merchandise exports),TX.VAL.MMTL.ZS.UN,Cote d'Ivoire,CIV,0.168600313289144,0.213893623604401,0.163403618117846,0.157326473164042,0.233205505010063,0.212418475709056,0.160241811029383,0.380226862544706,0.642278457684634,0.403566085971238,0.313152551679008,0.189149965439685,0.235680858964045,0.340950280192448,0.434254556183484,0.225931899206963,0.182949942529029,0.533847337852105,1.12444850636875,1.41087055742866,1.43286910395292,1.01844264392404,1.10726007801245,0.932912891480029,0.7696455104056,..
Ores and metals exports (% of merchandise exports),TX.VAL.MMTL.ZS.UN,Croatia,HRV,3.02217894548663,2.66229103665213,2.59431082175214,2.27026881473396,3.40409153854028,3.77534154653081,4.38216596713458,4.58755890470055,4.29179270428804,3.62799684712098,4.50785404777907,5.16768820989798,5.19459070846999,4.42951200166939,3.69162990852728,2.82004732437204,2.80371526734313,3.80140504044553,3.88320618536719,4.05184800780586,4.38530028892353,4.9656928362241,4.48865562382228,4.01353681138671,4.33865937994052,..
Ores and metals exports (% of merchandise exports),TX.VAL.MMTL.ZS.UN,Cuba,CUB,37.2739389979455,29.1802983008979,32.709320892927,39.0646672561117,47.6538390881152,48.7993777218892,2.06230300373913,..,..,..,..,..,..,..,..,..,23.2150531133196,1.99053387712111,7.22286231925514,38.463494720428,43.1269888701656,49.0118080736196,53.4234884310835,..,..,..
Ores and metals exports (% of merchandise exports),TX.VAL.MMTL.ZS.UN,Curacao,CUW,..,..,..,..,..,..,..,..,..,..,..,..,..,..,..,..,..,..,..,..,..,..,..,..,..,..
Ores and metals exports (% of merchandise exports),TX.VAL.MMTL.ZS.UN,Cyprus,CYP,4.85055667713502,4.84679419380432,4.89470968618493,4.80124892620898,4.2997477985446,6.94255296417022,12.567749867026,14.2263785665861,12.6279004899326,11.0429912717288,13.6898329003854,16.8429285734584,16.4418305002461,11.4983139277849,9.44378442725303,6.73410411229818,5.2934037971295,4.72481568108836,4.2218874609881,4.57678906558326,4.87338889082273,6.84273158005649,6.70456092000687,3.98527553557786,4.42526376005569,..
Ores and metals exports (% of merchandise exports),TX.VAL.MMTL.ZS.UN,Czechia,CZE,1.8599731963174,1.66518003502921,1.40794743623513,1.69114211895355,1.9561834974089,1.6205284243772,1.96340749220861,1.90292154670999,1.88765898374338,1.73239359976707,2.12469327473449,2.15954835843991,2.31960647306695,2.17847766542176,2.02976631783117,1.57528728811662,1.32252672188299,1.4753298665411,1.37184820325273,1.21207230157379,1.21934907977933,1.61350866676839,1.56813504665432,1.35386813778064,1.40367567949443,..
Ores and metals exports (% of merchandise exports),TX.VAL.MMTL.ZS.UN,Denmark,DNK,1.01904608550717,1.03892442726229,1.09363642130214,1.26762779172568,1.4259873302526,1.28683966061961,1.45918813432424,1.79890080475418,1.70694764321709,1.28710103290384,1.62457039603576,1.65076046234192,1.43420672114477,1.29962030070922,1.51389259604188,1.30256286563184,1.30427258459606,1.47944287237049,1.51915585527309,1.34249528051417,1.37226205427576,1.91206467745315,1.88025218853746,2.00423993416193,1.96131728577918,1.90947055917077
Ores and metals exports (% of merchandise exports),TX.VAL.MMTL.ZS.UN,Djibouti,DJI,..,..,..,..,..,..,..,..,..,0.318660143179232,..,..,..,..,..,..,..,..,..,..,..,0.582915174231163,0.719550395475568,0.527328783503672,..,..
Ores and metals exports (% of merchandise exports),TX.VAL.MMTL.ZS.UN,Dominica,DMA,4.22487992259826,4.27828410194972,3.74047696678161,4.38973183206148,5.61633075863733,6.88983592826647,6.85694733344657,10.6387946960552,14.2351086183328,8.13231955829599,6.70370779385094,..,12.2485323706899,8.53038403437001,..,..,11.8288815609459,8.1747999022035,6.26865631127784,3.09073303083036,2.14689437461653,5.72887239706608,1.74623746065708,0.929642781152361,..,..
Ores and metals exports (% of merchandise exports),TX.VAL.MMTL.ZS.UN,Dominican Republic,DOM,..,1.71351596638312,0.311642729585602,0.451525526676631,0.56342466433077,0.66806770432309,0.934232233285488,1.25546262236398,2.23234163636278,2.50389439109212,3.68496953894326,4.62313088265565,3.93575854467474,3.88571548684355,3.14640792194024,1.78327753384111,1.34702483700504,1.40257834921898,1.88249411363481,1.7796768037,1.53332089649435,2.53117700795709,2.53941382245587,2.69043160707394,3.28093047847441,..
Ores and metals exports (% of merchandise exports),TX.VAL.MMTL.ZS.UN,Ecuador,ECU,0.203257023837646,0.237367080261315,0.263377478596076,0.188013321764884,0.260353137241963,0.448753824817946,0.709601344870952,0.824224237178258,0.654153512760265,0.49230884676117,0.62297890547862,0.62204150951619,0.65714730012745,0.847310221074743,0.74278506267087,0.992358606198248,1.07250605981619,1.35925235768237,1.33949761872664,1.39691194692572,4.12023735620389,6.61445465526514,6.60995491048726,6.99936072862236,6.88594032491159,..
Ores and metals exports (% of merchandise exports),TX.VAL.MMTL.ZS.UN,"Egypt, Arab Rep.",EGY,3.8724542503985,4.55933870538842,4.58464863148707,3.12730798783112,3.6007091699792,2.80682569835647,2.25748526585406,2.77345298681996,6.47542351525831,7.13017414738842,6.00964225683771,5.75973597078864,5.6950686321686,4.97337081128656,4.10353466655057,4.43959491401161,3.66341693440169,3.85875417701215,3.93760292987062,3.4285889519429,3.63017505658444,3.5475375524115,2.91694131479414,4.6694996946509,5.40785612895585,..
Ores and metals exports (% of merchandise exports),TX.VAL.MMTL.ZS.UN,El Salvador,SLV,1.07203175658097,1.0918389014826,1.15584362357537,1.31534426733791,1.34659452951972,1.44832477015354,1.85692050804381,2.00278861682249,1.74053641550667,1.29712979888706,1.69920510445875,2.00585034068723,1.77742535831435,1.36818616220759,1.53576875268343,1.23613153909728,1.12619341923859,1.15638828382003,1.26795177041228,1.06688895694381,0.90218527850289,1.06667410327226,1.12672812630008,1.12538630226481,1.27838950619101,..
Ores and metals exports (% of merchandise exports),TX.VAL.MMTL.ZS.UN,Equatorial Guinea,GNQ,..,..,..,..,..,..,..,..,..,..,..,..,..,..,..,..,..,..,..,..,..,..,..,..,..,..
Ores and metals exports (% of merchandise exports),TX.VAL.MMTL.ZS.UN,Eritrea,ERI,8.32837194579451,3.02574219444538,4.79801704740224,1.75483552385025,..,..,..,..,..,..,..,..,..,..,..,..,..,..,..,..,..,..,..,..,..,..
Ores and metals exports (% of merchandise exports),TX.VAL.MMTL.ZS.UN,Estonia,EST,5.4978307127511,2.79898414238744,2.13507929677069,2.34375279542194,2.42263556517411,2.40669048368645,3.06963906723222,3.52696244890846,4.54683697485613,2.57266405705559,2.94612857707817,2.6179099640865,2.68309199729124,2.15486337484092,1.90384941929347,1.63649560074123,1.66618656806521,2.35841269089017,2.75086658238913,2.41631163524727,2.13043592205078,2.90267324961105,2.1027438271375,2.14143873651271,1.87499765183745,..
Ores and metals exports (% of merchandise exports),TX.VAL.MMTL.ZS.UN,Eswatini,SWZ,0.433078085462426,0.447899792495747,0.236438012252563,0.198614420455275,0.21034852188841,0.451465736637262,0.240303978887475,0.540540883857131,0.719407974130607,0.384051662581888,0.436095573162673,0.512942471203624,5.78637637833919,3.74428747787606,2.01180714958384,0.157896597177095,0.137876958421922,0.208812083737069,0.241373820860526,0.191500644926506,0.171358147893786,0.258104851670951,0.427200574976774,0.606121284662495,..,..
Ores and metals exports (% of merchandise exports),TX.VAL.MMTL.ZS.UN,Ethiopia,ETH,0.862182753675184,0.614876874188377,1.28504957578626,0.710764053641536,0.962038149260378,1.06218438683818,0.654345628657769,4.97334641971951,0.935603559938025,1.26154404333598,1.76352373238568,1.64148270661664,0.861647817788996,0.126242533310652,0.549836106787534,0.46364536030442,0.489305949785615,0.538936387709205,0.815476613183693,0.417258764730303,0.324961749379858,0.34981780344132,0.670250624917404,0.720590411591821,..,..
Ores and metals exports (% of merchandise exports),TX.VAL.MMTL.ZS.UN,Faroe Islands,FRO,..,..,..,..,..,..,0.229729223000157,0.198220149417045,0.180894038885145,0.112920902098654,..,..,..,..,..,..,..,..,..,..,..,..,..,..,..,..
Ores and metals exports (% of merchandise exports),TX.VAL.MMTL.ZS.UN,Fiji,FJI,0.160479668261851,0.177808249554769,0.299304052544433,0.404616506824677,0.664583915054472,0.695154837062384,1.01455958643552,1.12780489952063,1.1506532861719,0.889002820503783,1.43632067178433,1.90024418530722,2.00706569729676,2.40938662974436,2.08859282078155,2.32668047490659,1.4716217264015,1.30365771587364,1.33442469289395,1.15537275873902,1.28185483309287,1.55906543051202,1.70246176799379,1.4262914079969,2.26797286248223,..
Ores and metals exports (% of merchandise exports),TX.VAL.MMTL.ZS.UN,Finland,FIN,3.11697752421697,2.90224467954024,2.88066822484008,2.83066230263387,3.48207640640233,3.47465272509445,4.93577190443786,5.21294691962384,4.28872396767722,3.50881295975782,5.19161268948637,5.4220720824758,5.48506681026777,5.00267427474915,5.12112673050603,4.6061579259411,4.88490053282647,5.68640270333235,5.86084315766425,5.60325974345396,6.87189065381557,7.17679219447999,7.75162787848801,7.19073331390488,7.95818749984781,..
Ores and metals exports (% of merchandise exports),TX.VAL.MMTL.ZS.UN,France,FRA,1.91882811085848,1.85415041359199,1.74724241978841,1.69333593305147,2.11089744571794,2.12258436237601,2.81772991319338,2.88032413307707,2.60547611123395,1.96884856912771,2.48276254260081,2.63854694560427,2.40010727643714,2.25962213716718,2.23331096053479,2.06187886467425,1.93198020258662,2.17114519793476,2.16882045181769,2.01518529515345,2.05535644990595,2.62521550149252,2.53388659273505,2.2621472914111,2.39024182700127,..
Ores and metals exports (% of merchandise exports),TX.VAL.MMTL.ZS.UN,French Polynesia,PYF,0.2364702444223,0.0919508599685496,0.28626746205318,0.113161772368366,0.166103011301803,0.0873750562090131,0.141274787246371,0.205980185774453,0.240523391864856,0.285013270060359,0.9723894346274,0.974880424971493,1.58978477108585,0.626774186962112,0.595821595561009,0.581936460905997,0.319149064136548,0.408382743228539,0.390503836058389,0.470883746723041,0.670466230407596,0.4990261088779,0.416874202743597,0.0930273960029802,0.000692171557321636,..
Ores and metals exports (% of merchandise exports),TX.VAL.MMTL.ZS.UN,Gabon,GAB,1.72758181671812,1.50392082996856,1.77445857699742,1.05563054621456,5.50841106598959,3.59283990122888,3.15100423734133,3.60059532421835,2.21111070998674,3.03112583114056,2.48688091630774,3.8579113367887,1.21683062244485,1.3868214654464,1.09231849999857,1.57938272358853,1.82553919658524,3.31591796865075,3.11836475453618,4.31465619463794,6.19989793138207,6.75461904672039,6.4339342258012,23.3145469906779,..,..
Ores and metals exports (% of merchandise exports),TX.VAL.MMTL.ZS.UN,"Gambia, The",GMB,0,0,..,0.818503619213777,0.985833564792292,0.0425717253232971,0.80370436886944,0,19.7091636784096,17.4842045721017,9.99434453240147,9.37945577733623,0.45786601607713,1.16332414492652,2.5051053467183,0.131945999596352,0.421155110437423,0.319245723489674,1.96370986191764,6.86056436493584,7.45944989729253,2.00514668506969,7.16489862767608,18.3407584022912,7.25401728860874,..
Ores and metals exports (% of merchandise exports),TX.VAL.MMTL.ZS.UN,Georgia,GEO,28.9604013252665,26.2634854473157,21.0880785677073,25.0579102732238,24.1908885799925,17.0975788402177,21.6949403301736,19.5083700513852,20.2382480864755,16.3767080410488,19.0136549836365,17.4166786620434,10.54586482423,7.38402919227685,7.02141310273315,15.2943151229285,23.1801819906018,24.3437615637949,26.4965811398285,31.7197591634292,36.9196916215406,32.4372531660103,32.7979025501132,21.2397224759839,13.6105213577844,..
Ores and metals exports (% of merchandise exports),TX.VAL.MMTL.ZS.UN,Germany,DEU,2.46346214301618,2.43980575497065,2.32325935289554,2.13366197300079,2.32225166446631,2.55683845334251,3.24106059312103,3.28306933470103,3.11834578635162,2.56724520881715,3.00262778857456,3.30754600631597,3.04691827865277,2.76715898866833,2.6811267823272,2.46485437516914,2.31084898157863,2.543077062625,2.56915136679601,2.55894433814177,2.83242984391125,3.37551358136732,3.20293652588426,2.72269311920232,2.72353839400857,..
Ores and metals exports (% of merchandise exports),TX.VAL.MMTL.ZS.UN,Ghana,GHA,11.9158631786585,10.8636065668465,..,2.46857072038619,1.49737393398241,3.60406853600616,2.16102136221263,2.87234023304386,3.51368318139587,1.74904889698946,4.01489450472122,1.36513638736008,1.47263285139011,2.06865588093151,1.73605428922296,1.53114850582018,1.90382388267575,1.94503330731125,2.79589844396489,3.04129705781624,..,2.90277951595568,1.8752282216153,3.79789972324939,..,..
Ores and metals exports (% of merchandise exports),TX.VAL.MMTL.ZS.UN,Gibraltar,GIB,..,..,..,..,..,..,..,..,..,..,..,..,..,..,..,..,..,..,..,..,..,..,..,..,..,..
Ores and metals exports (% of merchandise exports),TX.VAL.MMTL.ZS.UN,Greece,GRC,7.68583265619637,8.85458307698438,8.55148654688925,8.50894523857891,9.11717843994865,8.30282845585775,10.755417817886,10.6098047989006,8.56804533371907,6.7912478776731,8.28992249752207,8.82709112148929,7.57301310927524,7.28125080814386,7.7342745445756,8.84628292817813,8.61869070411616,9.41025237648499,9.05447796786826,8.40877922249186,8.68777585031482,9.10974624952373,8.26741158029574,7.74800044317647,8.40665835134244,..
Ores and metals exports (% of merchandise exports),TX.VAL.MMTL.ZS.UN,Greenland,GRL,0.0102185819395288,0.00466351323382809,0.0145181041108657,0.00748632465466788,6.01902662586866,6.37042726139033,7.32327087908504,11.7231862979607,9.13540934473474,5.36033160111456,0.833504873851636,0.298395870459819,0.259648102396516,0.115738013954152,0.50339883995225,0.151235407148698,0.129451775323338,0.0849913379861368,0.103210288853998,..,..,..,..,..,..,..
Ores and metals exports (% of merchandise exports),TX.VAL.MMTL.ZS.UN,Grenada,GRD,0.0886411767386317,0.0203892068098952,0.0117925997789191,0.144868009490849,0.023615908855153,0.0445847020661989,0.080101458919477,0.139005663097239,0.247129905210492,..,0.0118265832367857,0.00463454236291343,0.053928953223931,0.0758615328759799,0.0494167521988235,0.132159967052998,0.0949684587437557,0.926490251114031,1.37953013219299,0.878414956986683,0.664594764475158,0.183026883838946,1.30927087490738,1.13207023013456,1.48030890168803,..
Ores and metals exports (% of merchandise exports),TX.VAL.MMTL.ZS.UN,Guam,GUM,..,..,..,..,..,..,..,..,..,..,..,..,..,..,..,..,..,..,..,..,..,..,..,..,..,..
Ores and metals exports (% of merchandise exports),TX.VAL.MMTL.ZS.UN,Guatemala,GTM,1.87308530588971,0.956628887423008,0.524514055435472,0.385124889688843,0.499021938915106,0.504369281673816,1.05484688638205,3.99130572305598,4.3044379205498,5.14889014336207,6.4814721290323,9.60398048065433,6.24905586877563,5.68324807653903,8.36121793211082,7.32998592292712,6.51105731928332,3.57652400864886,1.05309087465843,0.763295310955501,0.965056394414869,1.34790558731064,1.0314912584959,0.880937617051219,0.800281678243913,..
Ores and metals exports (% of merchandise exports),TX.VAL.MMTL.ZS.UN,Guinea,GIN,51.7164793135118,53.9995857757205,53.9134297315455,..,77.2956770112997,65.0433136630908,55.8518318570931,73.4419716903088,51.5371217304826,..,..,..,..,30.74770496475,34.4442960467048,36.6907365805971,25.8241585170912,..,..,..,..,..,..,..,..,..
Ores and metals exports (% of merchandise exports),TX.VAL.MMTL.ZS.UN,Guinea-Bissau,GNB,..,..,..,0.0050532215362794,0.0878671775223499,0.628835415498488,..,..,..,..,..,..,..,..,..,..,..,..,..,..,..,..,..,..,..,..
Ores and metals exports (% of merchandise exports),TX.VAL.MMTL.ZS.UN,Guyana,GUY,15.2928323304,17.2490518187486,7.04053135173573,5.36334743544851,5.16307269776892,7.06483449403864,8.51342561951512,13.2307571670555,16.9541362264923,11.5173362691517,13.7928199089307,12.0699101207659,11.2101939273392,10.3209281591119,11.2362283140168,9.34600643844565,8.71851457860381,8.9595201197312,9.89146919230117,9.58751420362942,3.08115508881147,2.03078175505954,0.999218642106356,1.13100523084098,0.694800191106439,0.977452250892603
Ores and metals exports (% of merchandise exports),TX.VAL.MMTL.ZS.UN,Haiti,HTI,..,..,..,..,..,..,..,..,..,..,..,..,..,..,9.45664716442303,..,3.90329778217313,..,..,..,..,..,..,..,..,..
Ores and metals exports (% of merchandise exports),TX.VAL.MMTL.ZS.UN,Honduras,HND,9.62228763974218,4.90513815679267,5.75154382363693,5.89556144708822,6.35794151098228,7.55946701876683,7.16490680582052,7.36587469232269,..,3.90285624713461,6.01471210389409,4.17320433144657,3.33445569742246,..,3.88606656605623,1.61786742021013,1.26665531676927,2.56662601397788,3.25414714557368,2.70409749738022,3.16148759564147,2.25309701265772,..,3.40869496897492,3.18629943072344,..
Ores and metals exports (% of merchandise exports),TX.VAL.MMTL.ZS.UN,"Hong Kong SAR, China",HKG,1.8775790167315,1.56394993453208,1.5339569453791,1.72441128137672,2.20832543286422,2.48868581414597,2.74763595973411,4.05180542171598,5.3612384995499,2.80739083433319,5.713833271617,6.81578992521392,4.49757773775722,3.93181628441166,6.56347176912372,5.07885233064028,2.57138135948508,1.27614189710421,1.15924264498164,1.06667493972405,1.47244036489582,2.25001097039149,1.74354603668291,2.15847705664223,1.82537051234853,..
Ores and metals exports (% of merchandise exports),TX.VAL.MMTL.ZS.UN,Hungary,HUN,2.24316734848005,2.01971170368512,1.87762131135763,1.82588196687277,1.97921288683327,1.87151209714555,2.02612082094317,1.78314883878328,1.64535238442953,1.23602660843956,1.65716826388936,1.94492768963375,1.84908758477489,1.70937207260648,1.4966513494331,1.27861929684595,1.20120060028288,1.38088988204167,1.48496935736457,1.30814909180621,1.22862887551063,1.54208953732149,1.61848112861363,1.27806090595818,1.31939331705371,1.25428042781768
Ores and metals exports (% of merchandise exports),TX.VAL.MMTL.ZS.UN,Iceland,ISL,19.2972915044224,20.6634266710951,19.3827236344298,19.298011949165,18.695152655043,19.048120440224,24.0938258840869,27.0501532407185,39.8608258566713,35.1152701752812,41.9968812302979,40.3100501672604,37.7080328564274,37.9497870960384,39.0143129278785,40.2234723685203,36.3625305906611,41.5488472709282,40.9998053608375,35.093777466838,36.1126589413398,39.8457077323209,42.1109481069052,36.3695667357812,34.306807912609,36.2222066543692
Ores and metals exports (% of merchandise exports),TX.VAL.MMTL.ZS.UN,India,IND,2.82941294983969,2.99103280483348,4.25872737663468,3.82716185417028,5.80485000658225,7.5598167974124,8.02759324673593,7.75049690967274,6.43019011195547,6.31070592693835,7.59240821219674,3.91432268407082,3.44326884760231,3.08061973564483,3.16343902186514,3.37741762924188,3.15923171416737,4.00964790911576,3.53369671804044,3.54087990043718,4.703645380644,4.82679996577803,3.72613048820678,3.88575987351437,3.68720358535662,..
Ores and metals exports (% of merchandise exports),TX.VAL.MMTL.ZS.UN,Indonesia,IDN,4.8992234566188,5.44539585686858,5.235108330847,5.69921507004627,6.4100507196535,8.4459049483566,9.91353850435018,10.6517979568693,7.91307569898443,9.09437717746705,9.79274966912068,7.76117826342944,6.27516219022441,7.0309491461098,4.73488924231125,5.47643413638519,5.74987617185474,5.95372322129355,6.87227675160072,5.44737577698621,5.57311674337461,6.81269893133157,8.59372096129526,8.66175888912423,10.2519087023766,9.15253296016074
Ores and metals exports (% of merchandise exports),TX.VAL.MMTL.ZS.UN,"Iran, Islamic Rep.",IRN,0.770666837184689,1.03352723811914,0.842352969559356,1.09517527524565,1.02344532580443,1.16603617276545,2.41649482188879,..,..,..,3.12655912514173,2.19494146879362,..,3.38911662136194,2.89653091005246,2.88562521176017,3.16133917735259,3.24087064640965,2.76598507569438,6.69890769432838,5.96771360144154,6.47182698562761,6.07369800540942,..,..,..
Ores and metals exports (% of merchandise exports),TX.VAL.MMTL.ZS.UN,Iraq,IRQ,0.010575299313052,0.0171733858267717,0.0262329660377358,..,0.0235271930773391,0.03433026854802,0.00720020411497278,8.8879210934631E-05,0.152130246604655,0.0481577138334307,0.000470060145031071,0.00338461831676954,0.00431273185474657,0.00039000741894287,..,..,..,..,..,..,..,..,..,..,..,..
Ores and metals exports (% of merchandise exports),TX.VAL.MMTL.ZS.UN,Ireland,IRL,0.773769670151053,0.665950255696323,0.547073828220462,0.834027488783115,0.773327637734362,0.848373059474768,1.35003396023797,1.31431185162591,1.07590702888584,0.768181510681042,1.13574439508563,1.35937647812609,1.25215546913954,1.30319085814621,1.29762510611796,1.06081765439499,0.830317368885397,1.05124791225945,1.01928317088799,0.823606863459568,0.613661867444033,0.850570043921372,0.737702824148593,0.585779533272327,0.609748885370901,..
Ores and metals exports (% of merchandise exports),TX.VAL.MMTL.ZS.UN,Isle of Man,IMN,..,..,..,..,..,..,..,..,..,..,..,..,..,..,..,..,..,..,..,..,..,..,..,..,..,..
Ores and metals exports (% of merchandise exports),TX.VAL.MMTL.ZS.UN,Israel,ISR,1.22230864921195,1.27628152036163,1.25745313725903,1.26223210934839,1.27358345466053,1.08444901247725,1.22098662647112,1.16541272414956,1.36843726148863,1.15208813405695,1.42794514949644,1.46038735313216,1.45454508020073,1.18202715323789,1.18245908127786,0.962617325591464,0.963441072958899,1.09444228427862,1.15445068921132,1.10111966349058,1.32536585966938,1.61863415154063,1.41284113227542,1.52564125373689,1.19930105964575,..
Ores and metals exports (% of merchandise exports),TX.VAL.MMTL.ZS.UN,Italy,ITA,1.38879346868573,1.33330567900006,1.32350167743371,1.29515403814363,1.43448920830144,1.48703124007983,2.05581028573271,1.99555279619232,1.80554016349422,1.64167033158873,2.15312731726185,2.27013694546359,2.0626853664562,1.98671514125351,2.00835153385994,1.9364198973376,1.90982215322686,2.07230829145132,2.09661757092006,2.1396705602172,2.36923313520368,2.89371816843881,2.84846667997646,2.3671450406078,2.40552881733977,..
Ores and metals exports (% of merchandise exports),TX.VAL.MMTL.ZS.UN,Jamaica,JAM,58.6256443718522,61.9861375844538,65.8349797571158,67.4192690897854,67.5771349962895,69.8264509321408,64.388837177649,64.2235693524351,57.7399342148308,37.4724718537071,44.2998718718147,48.9598085498852,39.3061776314495,45.5969371537392,50.0197883808134,56.4341402998641,50.4129949655701,50.1049158741135,65.2013439008651,53.8234637203428,45.3383675601283,37.0167324348966,23.4441969813905,37.604098048612,..,..
Ores and metals exports (% of merchandise exports),TX.VAL.MMTL.ZS.UN,Japan,JPN,1.23442610611071,1.36019056115868,1.30458455245236,1.32840485295458,1.55315826979317,1.74672948868638,2.23362413033632,2.42206298603946,2.4147697205401,2.63029185657313,2.57283126658044,2.57453394705375,2.74337339795033,2.80664770663769,2.67378416411769,2.47487398731731,2.31280447850218,2.4236894271064,2.51618461172461,2.42229921438742,3.12739508129515,3.50428845966949,3.4405823594586,3.36894550677221,3.40853387907624,3.56324938693145
Ores and metals exports (% of merchandise exports),TX.VAL.MMTL.ZS.UN,Jordan,JOR,23.4279151392484,18.9366925266791,16.7360177189512,16.1105492429046,14.1003646191113,76.8482479774029,12.767111640863,7.19113589256071,10.5113104275044,9.08221567014082,8.34627088879283,11.6963850840199,11.1113902698849,7.33262407510611,8.1849601413612,9.01353326875913,8.81527005731854,8.14396429922163,7.71070807339597,7.09697939752347,6.5270659968103,8.69874576135076,11.2956928860016,9.38432509607852,8.49611967128758,..
Ores and metals exports (% of merchandise exports),TX.VAL.MMTL.ZS.UN,Kazakhstan,KAZ,2.20679925075601,20.2424203955837,17.7177876738248,14.153219045929,15.2290794239696,14.0126443093885,15.7778618856574,15.0922748301695,12.2115410251468,11.7030070174124,11.5473437580521,13.1836858542643,13.1924949381927,10.2213021546156,8.96795902235569,12.7083992552071,15.5906292955463,16.1720512068241,12.3470889684396,14.7750977836769,12.1957647364909,12.4082628140823,9.14600106668177,14.6008672804896,15.4598535578386,..
Ores and metals exports (% of merchandise exports),TX.VAL.MMTL.ZS.UN,Kenya,KEN,3.15992851899508,3.50360665021878,2.17858807244344,2.9543556082054,5.50820095089847,1.93568467588894,2.45940713366363,2.8267779266884,3.22160944495378,1.96524408325836,1.9852461441657,..,..,2.20574818456868,..,4.08741066311494,4.26489839463264,5.36354394694724,5.99535617568078,4.98578217433066,5.13265627350615,6.38746779763161,6.78261238103048,5.32428005533122,5.12139249435883,..
Ores and metals exports (% of merchandise exports),TX.VAL.MMTL.ZS.UN,Kiribati,KIR,..,..,..,..,..,1.60919926231274,..,0.661359491299847,1.12225156908775,0.0372860176955616,..,..,0.320316340758947,..,0.974363608585811,0.510515392144981,0.974359202207304,0.488136500343848,0.942702357232301,..,0.451514991354771,0.602701750126473,..,..,..,..
Ores and metals exports (% of merchandise exports),TX.VAL.MMTL.ZS.UN,"Korea, Dem. People's Rep.",PRK,..,..,..,..,..,..,..,..,..,..,..,..,..,..,..,..,..,..,..,..,..,..,..,..,..,..
Ores and metals exports (% of merchandise exports),TX.VAL.MMTL.ZS.UN,"Korea, Rep.",KOR,1.23734962147702,1.25589035245266,1.33572532183322,1.45942304004666,1.6559362801057,1.69230693236814,2.47560427217358,2.47335926490762,2.21121549724015,1.9064887741861,2.06565902803235,2.27200535172172,2.10725658615463,1.97919763468727,2.00934289201238,2.02339834140321,2.06979592169607,2.04910486031759,2.16840811796804,2.26381495270832,2.61255316161782,3.15233559798272,2.97096696912327,2.68899251710656,2.40115103484146,..
Ores and metals exports (% of merchandise exports),TX.VAL.MMTL.ZS.UN,Kosovo,XKX,..,..,..,..,..,..,..,..,..,..,..,..,..,..,..,..,..,..,..,..,..,..,..,..,..,..
Ores and metals exports (% of merchandise exports),TX.VAL.MMTL.ZS.UN,Kuwait,KWT,0.100087774218472,0.10748993674385,0.146239801825248,0.167306428093533,0.116351416305104,..,0.185916868050557,0.204697302958067,0.133162279913271,0.222934071000115,0.236538127835728,0.178163576211141,..,0.15535925893358,0.155491386100118,0.161552848461689,0.185593259346522,0.160652911913752,0.166819303869064,0.144591531581481,0.189371199096136,0.162222705074137,0.0733627337730976,0.137319652411819,0.129047853313013,..
Ores and metals exports (% of merchandise exports),TX.VAL.MMTL.ZS.UN,Kyrgyz Republic,KGZ,6.85384492657275,3.17010904135635,3.99363816893904,3.10243524678608,4.38744236626253,4.01191709879507,3.9013475501861,3.5670540289719,2.91474833895845,1.62765199628751,2.06134394189887,3.09382338750327,6.06023395382128,2.79732339723069,4.01043456712793,3.15939770942659,6.63813457325965,12.3309597631682,15.4276468814993,13.9136412048231,10.2386431417202,12.6261137766156,11.6674586086112,10.0562615076351,9.15208447252274,18.6199016432669
Ores and metals exports (% of merchandise exports),TX.VAL.MMTL.ZS.UN,Lao PDR,LAO,..,..,..,..,..,..,..,..,..,..,50.2168628992353,62.5003690223523,56.4399674429617,57.2548464474494,46.8833424966076,40.3151982457758,36.9265235809299,24.5288042004796,26.3496762535103,22.4776810760171,15.7371132898682,12.0566454155105,16.1081894779321,20.1790222280288,..,..
Ores and metals exports (% of merchandise exports),TX.VAL.MMTL.ZS.UN,Latvia,LVA,6.03291011460911,5.31285377079389,5.60555696488159,3.95101708379676,3.24040197402701,3.52246380055115,3.97173874478011,3.50414380735867,4.18138197861875,2.78955575667289,3.73214791947913,4.5552170741267,3.57382626439348,3.17966387249577,2.83228555629035,2.21080177918085,1.7324035353265,2.0850315423882,2.24600909807457,1.77168747370953,1.75418689739946,2.59066285295254,1.89303068075529,1.78596783445736,1.78688571916691,1.64692308335735
Ores and metals exports (% of merchandise exports),TX.VAL.MMTL.ZS.UN,Lebanon,LBN,6.90403389518945,5.21408996655369,5.6852442083825,7.41199982338085,10.4295979786321,11.3261589994321,10.7073982921193,14.0018864556331,11.0920416531535,5.75747151447646,8.61330220292034,9.91304966732045,8.28040319401358,10.8313325383782,8.30753174435821,7.6287112013812,6.14197008535402,9.531113389086,8.79160657959927,6.12915291617678,6.98125587350249,10.4101088610053,11.0482493293111,8.60379953605471,9.34050438527481,..
Ores and metals exports (% of merchandise exports),TX.VAL.MMTL.ZS.UN,Lesotho,LSO,0.0070200611059745,0.0525032217130086,0.0657612002029595,0.0974033934785549,0.0475347806597082,..,..,0.483044966560215,0.255444865389448,0.104317436196333,0.442932312242704,0.192080755656678,0.176395233303756,4.11336141524726,46.9397510539114,31.4254236706505,0.257535354573301,0.329155539469625,1.23558386743794,0.223234842534879,0.179631190163663,0.192321778563757,0.19064142421531,0.178601333491684,1.45669819893022,..
Ores and metals exports (% of merchandise exports),TX.VAL.MMTL.ZS.UN,Liberia,LBR,..,..,..,..,..,..,..,..,..,..,..,..,..,..,..,..,..,22.2746134221442,9.40313760246578,29.3580325518457,43.2333831498581,0.158186306044195,0.655892560057936,0.060568928284225,..,..
Ores and metals exports (% of merchandise exports),TX.VAL.MMTL.ZS.UN,Libya,LBY,..,..,..,..,..,..,..,0.00719080698552263,0.00717185363701543,0.000157557103320555,0.000391595444128488,..,..,..,..,..,1.25265817119731,1.25265817119731,0.664788411642842,0.710524366427344,..,..,..,..,..,..
Ores and metals exports (% of merchandise exports),TX.VAL.MMTL.ZS.UN,Liechtenstein,LIE,..,..,..,..,..,..,..,..,..,..,..,..,..,..,..,..,..,..,..,..,..,..,..,..,..,..
Ores and metals exports (% of merchandise exports),TX.VAL.MMTL.ZS.UN,Lithuania,LTU,2.07666716802062,1.80172877949119,1.84617028631996,1.57872741824083,1.89642449160213,1.49856400555868,1.70876014224856,2.04846144785701,1.73357011313373,1.07189998735884,1.43948232775385,1.77618677176912,1.50992417836651,1.344888559106,1.35881273697137,1.29746135292864,1.26489658252207,1.70950127378266,1.89636990440123,1.89532194590274,2.18434852775421,2.94343073725516,2.10566830666842,1.79129603184735,1.85501572595526,1.83506115336091
Ores and metals exports (% of merchandise exports),TX.VAL.MMTL.ZS.UN,Luxembourg,LUX,5.01022808487638,4.68513413142653,4.63525235552184,4.48418168653265,4.96726016697274,5.73763427230509,6.98490411811247,6.76715018214194,6.14523127870348,4.87700606297509,5.54609346818979,5.41454927226148,5.29168706624439,4.94103541308824,4.72256737546925,4.80090229210457,4.25377629362931,5.01406241825481,4.59205275755081,4.47027456687779,4.41434886286635,5.01803676746935,5.3449508908293,4.33708298279887,4.29982018624819,..
Ores and metals exports (% of merchandise exports),TX.VAL.MMTL.ZS.UN,"Macao SAR, China",MAC,0.0125760076872345,0.00781264449236931,0.00565120557847524,0.310894097207751,1.13780725729118,2.06201141324786,2.65374780351676,0,0,0,0,0,0,0,10.4037261799776,2.11555351510338,1.04409684118757,18.3860611104044,22.6052016974852,19.277132468758,17.9232048667689,24.0730271281974,21.6225375889091,19.8622104081638,32.8331615369533,..
Ores and metals exports (% of merchandise exports),TX.VAL.MMTL.ZS.UN,Madagascar,MDG,2.06915158080291,1.26899268046265,1.37329736562457,1.41185429792336,2.49119521107705,3.93978695499798,3.60694833869441,3.31374246344962,2.99429861711979,2.82139609258415,8.407930499621,9.62871472992812,19.1029482349438,29.9469137490599,35.8201508250248,33.9889516567676,24.9275155512368,23.3050125115698,25.0397521272223,27.0785964227918,17.5126752610862,31.3612347027315,38.6910739823686,39.3062064198727,32.8646357716195,..
Ores and metals exports (% of merchandise exports),TX.VAL.MMTL.ZS.UN,Malawi,MWI,0.216157815910987,0.242545939230887,0.269744707847486,0.103044705457276,0.321710246678735,0.195519483895518,0.103519814903851,0.0158415905432311,0.0211694043715299,0.787664435165699,9.78759288872105,8.81717154535936,10.9638195846174,11.3740204477911,3.01877107061923,0.177886221046924,1.03700262392103,0.229142663268431,0.520621161876729,0.352027471896745,0.553708230618883,1.01525000176507,1.27210127418756,1.20089218272746,0.849897159593092,..
Ores and metals exports (% of merchandise exports),TX.VAL.MMTL.ZS.UN,Malaysia,MYS,1.03989617981973,1.02358956472504,0.934102942850581,0.87114324922253,1.10960259462128,1.12341466163758,1.33413613927732,1.58482886498104,1.78781000240496,1.53300434287036,1.95008385089786,2.47740028216928,2.32139853223928,3.29270010178921,2.8776981536232,3.92523548375553,3.8542428518838,3.94778108538485,4.26651904642306,3.86055942973732,3.50293974590154,4.71802600814694,3.94576691783134,3.79046184791075,3.6968299912749,3.78593904372909
Ores and metals exports (% of merchandise exports),TX.VAL.MMTL.ZS.UN,Maldives,MDV,0.138292431987902,0.247547242873472,0.103885651496678,0.29104663725494,0.438255966467697,1.0353240813359,0.986242901979943,1.97342939951438,1.55282376608304,2.26226896637579,3.77091092852297,2.83649657745698,1.70076183820882,1.52378449038064,2.02877491193347,2.03404186677901,1.09072108953478,1.32164504382369,1.4349776544841,2.12940975313823,2.13595952883617,4.14323926353735,3.72371466010848,3.07190390093365,4.28673601995497,..
Ores and metals exports (% of merchandise exports),TX.VAL.MMTL.ZS.UN,Mali,MLI,0.121020350022568,0.0360330895001694,0.0251505306969446,0.0325521722557949,0.0545558717550678,0.0401062590165369,0.044677138936644,0.19335825731546,0.195917061532098,..,0.121403497186661,0.756622607919208,1.01744530332626,..,..,..,0.13851630766098,0.355270255929781,0.190304416010658,0.15758018951255,0.273248645586813,0.735906326423798,0.465542416344314,0.734126231592023,..,..
Ores and metals exports (% of merchandise exports),TX.VAL.MMTL.ZS.UN,Malta,MLT,0.35884992839498,0.300085671674313,0.265965988689458,0.270556652480089,0.327695056521099,0.294107978510011,0.382928925211947,0.488217525161742,0.513446403588841,0.515916800611779,0.477892592123463,0.434535962441697,0.374505775644427,0.302521482475789,0.309689181938792,0.340715419409411,0.243055106955339,0.244516225241973,0.318104826522463,0.200423414426542,0.350022332274339,0.838589400866917,1.17818066286719,0.79359587623627,0.677896282605602,..
Ores and metals exports (% of merchandise exports),TX.VAL.MMTL.ZS.UN,Marshall Islands,MHL,..,..,..,..,..,..,..,..,..,..,..,..,..,..,..,..,..,..,..,..,..,..,..,..,..,..
Ores and metals exports (% of merchandise exports),TX.VAL.MMTL.ZS.UN,Mauritania,MRT,45.7235524326876,58.9401317812245,61.9119267419632,57.9052255149375,59.8267494727192,68.5813777817114,..,53.8583464092032,55.4904530517892,11.3512173171589,35.3547808620966,7.61434261921362,51.2249230139277,64.2633912019786,50.5502707437565,40.9750242282128,42.4373225770653,41.0389802400417,35.9743053189711,48.4936351346802,42.4009407093743,62.9785687040529,39.470645411406,38.0527188819004,33.7483319050619,..
Ores and metals exports (% of merchandise exports),TX.VAL.MMTL.ZS.UN,Mauritius,MUS,0.232152432391393,0.206718357696323,0.215656410297194,0.215656475142303,0.362424391879673,0.462901773398235,0.781936099464793,0.727020678284967,0.849435362047844,0.651406016254335,0.355998519905526,0.725063019175926,0.866348554664539,0.655070066127879,0.598448366342473,0.444337519393904,0.324032041173332,0.373356537430083,0.665568678139165,1.02397400870357,2.1325117880145,3.60745133316616,3.71676048721141,2.71357901381266,2.28264807314074,..
Ores and metals exports (% of merchandise exports),TX.VAL.MMTL.ZS.UN,Mexico,MEX,1.33083303993083,1.25388131337708,1.15409992527956,1.2113452610816,1.63807528761798,1.82472689148914,2.37000075410409,2.73047590101559,2.6338838036573,2.48075392025362,2.92419977770177,3.89167761244504,3.71577528064262,3.04389770048601,2.28162965878083,1.99392018198418,2.16352470294929,2.23108008587638,2.31464690168355,2.22337036962658,2.85135208518446,2.49514955203276,2.12395342069418,2.05900174904773,2.07437256506146,2.35532371656973
Ores and metals exports (% of merchandise exports),TX.VAL.MMTL.ZS.UN,"Micronesia, Fed. Sts.",FSM,..,..,0.0865723285421946,0.00933739176658454,0.00881978809084367,0.00610731233203447,0.0994806183713445,0.104159203045898,0.0745408223063434,0.0699183579798093,0.0461107059779969,0.0403610067217837,0.0174361883631739,0.0500191137746941,..,..,..,..,..,..,..,..,..,..,..,..
Ores and metals exports (% of merchandise exports),TX.VAL.MMTL.ZS.UN,Moldova,MDA,1.45654637215288,1.24402175376059,2.24992159753649,2.80388501473551,2.33510790735056,3.01805200925169,4.98885136775403,8.85054915139805,8.0099261849396,2.08751047533606,4.08749205259118,5.95287591100589,3.34348156038613,4.10880002281716,2.31089245704511,1.72711456511776,1.26264239762192,1.42442037974781,1.35269523704838,1.16483916128771,1.75455207746927,3.80559688805376,2.49722737438562,1.90626156763818,2.30971292114317,..
Ores and metals exports (% of merchandise exports),TX.VAL.MMTL.ZS.UN,Monaco,MCO,..,..,..,..,..,..,..,..,..,..,..,..,..,..,..,..,..,..,..,..,..,..,..,..,..,..
Ores and metals exports (% of merchandise exports),TX.VAL.MMTL.ZS.UN,Mongolia,MNG,35.5540123396456,33.9628085015687,35.968627173726,33.2836542198608,39.8719187634697,39.8484073517289,54.7060161699379,61.1985671211292,..,..,..,..,..,43.6262686220198,57.8127429502267,61.0710138062835,45.8214514736479,38.5693760214141,42.0160927024391,38.882707655427,40.085425006193,49.359351617341,30.9025030911564,26.2663019687269,..,..
Ores and metals exports (% of merchandise exports),TX.VAL.MMTL.ZS.UN,Montenegro,MNE,..,..,..,..,..,..,67.5652170808233,68.3021237581418,62.1106195693911,52.2114432308468,49.9867649311587,52.9193977737204,44.1278838060498,30.8965152222355,31.9676096020072,31.3732474514126,31.9442552043276,37.7613784966757,31.2139381270913,27.9162126056811,29.1019535342757,32.6450902392881,30.7491925119269,16.4553023665982,16.4157801794885,..
Ores and metals exports (% of merchandise exports),TX.VAL.MMTL.ZS.UN,Morocco,MAR,8.74849637252077,8.46860474068497,8.16544858736886,7.06029662997887,8.19270869376801,8.73465911920544,9.30186827180076,10.2574168739394,15.4520646395586,8.36651286024193,11.5598510305131,13.1676881924562,12.0817038190653,9.08869186543583,7.83879227001786,8.16155226057383,6.41215376931413,7.03658640570464,6.17363219492484,5.43234682174159,5.49442002494985,5.89803620420549,5.85006591806819,4.40788917871175,3.15160489702946,..
Ores and metals exports (% of merchandise exports),TX.VAL.MMTL.ZS.UN,Mozambique,MOZ,17.3045831707706,54.8850522217756,45.0710523770754,54.8763997123292,61.5258863677345,59.4119247777805,59.89562468604,63.9600174907897,57.1767016900715,3.89577007455685,54.4350322992141,50.6164892492421,38.9540091086089,31.0274419767266,34.424834860925,38.1666974909423,32.537015600755,30.2596151140669,27.2619529507557,30.5783345210747,34.9241235099286,34.7879108669746,30.4675661590987,23.2868932752681,23.2777710502032,..
Ores and metals exports (% of merchandise exports),TX.VAL.MMTL.ZS.UN,Myanmar,MMR,..,..,..,..,..,..,..,..,..,..,0.714114529020115,0.772259417745363,1.24709767158348,1.13070721638158,1.72778717166188,2.24793834601003,2.53534311966461,4.0196903922581,5.56324179550988,5.16875976838706,6.3905243432933,3.10175654811143,1.2515222317234,1.40135875616036,2.43179309201462,..
Ores and metals exports (% of merchandise exports),TX.VAL.MMTL.ZS.UN,Namibia,NAM,10.8735905396762,9.22183315752496,10.6573429449743,7.20776304354371,19.466650862059,14.5929364315082,25.6759432318379,34.5158930034676,30.9247117272254,26.3993027720677,27.2440537959122,27.0724156333109,28.5258009515605,27.0692376564231,24.4448866918562,26.2402867219328,20.6938330168728,19.8156734654732,28.2843145094375,32.4864115651513,31.1750030209145,27.4732735217223,26.518437687903,24.9383252013053,32.2873344750115,..
Ores and metals exports (% of merchandise exports),TX.VAL.MMTL.ZS.UN,Naoero,NRU,..,..,..,..,..,..,..,..,..,..,..,..,..,..,..,..,..,..,..,..,..,..,..,..,..,..
Ores and metals exports (% of merchandise exports),TX.VAL.MMTL.ZS.UN,Nepal,NPL,0.234551367937404,..,..,4.29431059801483,..,..,..,..,..,5.46515419094088,3.96000669177798,4.28805048306195,4.12327922492228,3.21910941485056,3.8595362414148,2.00684420671161,1.57482692787798,1.74772512234926,2.34037873822339,1.5495550282837,0.895210140513274,0.96321770268593,1.44460468329415,..,..,..
Ores and metals exports (% of merchandise exports),TX.VAL.MMTL.ZS.UN,Netherlands,NLD,1.87380433671056,1.66429117852894,1.72917054238921,1.98321794163608,2.21740941107599,2.25393522835657,2.86762998131529,2.92189856920429,2.34974708894427,1.90001527292617,2.3695600729325,2.83195484176319,2.55236345901496,2.28351003564609,2.48091417395346,2.46167603215343,2.27817186258673,2.39672769835099,2.47908378428291,2.33062444278619,2.20823001994933,2.81345984335787,2.62242932433025,2.38352350050341,2.34432343327845,..
Ores and metals exports (% of merchandise exports),TX.VAL.MMTL.ZS.UN,New Caledonia,NCL,34.3661760797379,30.2513812431498,22.6116024589446,24.6814049197605,30.2459246145513,27.6457095821681,35.3409467820001,38.6088457472696,45.891599590392,16.765402455695,40.5339269449874,35.0389377394198,35.0286470528162,39.0209778509536,32.1609542193376,37.7519607832418,..,..,..,..,..,..,..,..,..,..
Ores and metals exports (% of merchandise exports),TX.VAL.MMTL.ZS.UN,New Zealand,NZL,4.88864061785333,4.31065676542434,4.1279493752451,3.79453628959584,3.99377919212926,4.3204880053099,5.38990879263595,5.25124018277207,4.45123051001771,3.32761532379507,4.1672433557808,3.96696454417491,3.55947089616401,3.26836249350515,3.04246436425911,3.13507882686078,3.14488195666464,3.0287743551194,3.0180641997771,2.68523234719206,2.46221492728178,3.23397796677983,3.17983764822286,3.2657826564058,3.30880641293208,3.24759379421406
Ores and metals exports (% of merchandise exports),TX.VAL.MMTL.ZS.UN,Nicaragua,NIC,0.364759811641619,0.466635562626908,0.551183282742895,0.65376741232376,0.883286074457994,0.999479447891217,2.06013627773525,2.18604355854271,1.23420751891551,1.18197532820163,1.75670058622749,1.73255084269771,0.882055499437503,0.869107131459725,0.811310553411476,0.77721391549123,0.734210848308071,0.730802106374299,0.948880495617114,0.697279499253811,0.766253218196019,1.1082286483178,0.862075378592764,0.934234123515587,1.12278358190894,..
Ores and metals exports (% of merchandise exports),TX.VAL.MMTL.ZS.UN,Niger,NER,40.6733327252818,41.1624956488516,45.4245387152518,50.2575182155316,33.9798709322618,31.3150221527887,32.9194044453079,47.9146894604503,43.11064435735,55.5650183630841,50.3002984500295,68.904579045996,0.0709574206197524,49.345601083404,45.9055426510308,50.9043365371471,45.1943907569733,33.6473206443165,23.3315968860907,31.695630837349,36.0483403516329,25.9041815242586,32.2263338332376,43.9810702361495,0.0225744207288111,..
Ores and metals exports (% of merchandise exports),TX.VAL.MMTL.ZS.UN,Nigeria,NGA,0.00870537097689142,0.0127645956911564,0.0285256210881831,0.00284400377525826,..,..,0.00574614302506904,0.404775616248185,0.331171706573541,0.198132507701918,1.08132645763685,0.316956342414508,0.43351869808324,0.628497950155988,0.369046050502819,0.336962635009992,0.171031713155767,0.137564074740535,0.309226565700945,0.300890835359539,0.301988963774128,0.896061886697277,1.01390050979922,1.17584162239168,1.22423135300286,..
Ores and metals exports (% of merchandise exports),TX.VAL.MMTL.ZS.UN,North Macedonia,MKD,8.81660699540084,8.34823565690142,7.4574831438003,4.67499102445679,2.21075293876976,3.02525615728899,4.25909536308086,4.559949390431,6.4364821701674,6.10919773664511,7.38164592345343,5.90499182810197,6.23227824787938,6.27022767607195,5.11846217600112,4.59806222249091,3.85954518179231,5.32347724684427,5.11231941639777,4.80139295051173,4.46183356922234,5.15801329013125,4.62489506666878,3.99367795124718,4.69084691478699,..
Ores and metals exports (% of merchandise exports),TX.VAL.MMTL.ZS.UN,Northern Mariana Islands,MNP,..,..,..,..,..,..,..,..,..,..,..,..,..,..,..,..,..,..,..,..,..,..,..,..,..,..
Ores and metals exports (% of merchandise exports),TX.VAL.MMTL.ZS.UN,Norway,NOR,6.07442251293033,5.99753056563106,6.08305758284393,6.64523026280214,6.92259885660009,6.00833281346051,7.13924598873227,8.32264604171929,5.55182990833102,5.13787441249515,6.32366583035729,5.9434314323853,5.15669141196318,4.75795522817943,5.32706000780678,6.07882831005954,6.23890729160383,6.54067659978779,6.18246132107391,6.69954220330805,8.19836589342756,5.60665182188866,4.01517083066805,5.18768066986379,5.22612607802498,5.40227874514336
Ores and metals exports (% of merchandise exports),TX.VAL.MMTL.ZS.UN,Oman,OMN,0.660819963053185,0.828872946233488,0.600794858361952,0.0526365665882346,0.889688757838642,0.813042854041652,0.900665298143283,1.13049594089986,1.31577074731665,3.82754180988086,2.67017753168595,2.5091411334202,3.53034182525696,4.84529095012406,3.94979866045857,4.79658796032046,3.98223122115235,6.23374311419373,5.42181854803066,5.05770874145454,6.18457048755305,6.14989195067512,6.45247223821924,5.94084621917315,5.47963321487277,..
Ores and metals exports (% of merchandise exports),TX.VAL.MMTL.ZS.UN,Pakistan,PAK,0.216655999337337,0.184047332220487,0.202718457365695,0.205644528839039,0.268714071505803,0.410622606618719,0.57339350213325,1.11610039326653,1.28884444252292,1.05318875353553,1.57026675868481,1.49042000633085,2.0221530747153,2.09188614611273,1.8033611683323,1.56689191421064,1.49009381168309,1.9663813915249,2.11969841349404,2.7507753083849,3.32696265002863,4.61896170905835,4.40534065808737,4.50449223225348,4.33562939812151,..
Ores and metals exports (% of merchandise exports),TX.VAL.MMTL.ZS.UN,Palau,PLW,..,..,..,..,..,..,..,..,..,..,..,..,2.6679764068768,..,2.19362120870957,1.90977734013233,1.65555475871071,3.44206013931985,2.11141332212338,..,..,..,..,..,..,..
Ores and metals exports (% of merchandise exports),TX.VAL.MMTL.ZS.UN,Panama,PAN,2.17597163223667,1.58283516180022,1.42615727487893,1.97118764042385,3.90700674466538,3.972499789476,3.83653112428466,3.90298304261797,5.06174588859461,4.67619406187405,10.3195283017929,12.7472710837079,12.130833082517,11.133092124339,11.3451433207884,9.45423282530129,10.0045045186238,12.5124276504847,12.563211703042,8.52379811614123,32.3038837448821,79.9718329828951,78.9089923340266,76.4718000052085,9.59331459466598,..
Ores and metals exports (% of merchandise exports),TX.VAL.MMTL.ZS.UN,Papua New Guinea,PNG,51.2996326718958,27.1714665887542,29.6189622824883,46.2571238045423,21.1045623398456,..,..,..,..,..,..,56.649862225745,54.4459467483598,..,..,..,..,..,..,41.467532578577,36.0411087665842,27.3902084177837,30.9204399891275,29.8008015088604,..,..
Ores and metals exports (% of merchandise exports),TX.VAL.MMTL.ZS.UN,Paraguay,PRY,0.141926419980933,0.157085537624532,0.208514130939562,0.16678446090689,0.405642122783139,0.66027654931864,0.571097196782024,0.479965820376082,0.475038193415667,0.360957490933964,0.561772567696444,1.00217743381306,0.878036670471362,0.829578837918687,0.813048734524132,0.675987440151955,0.52742858306544,0.730905901888808,0.90508901482829,0.879827565258584,0.633689883641747,1.09645716000824,1.48242293802149,1.10475195932188,1.49687210638199,1.71796064330273
Ores and metals exports (% of merchandise exports),TX.VAL.MMTL.ZS.UN,Peru,PER,35.5248216393834,30.6873942655311,31.9798239013752,30.6922278826042,39.0245043877429,39.9606879450802,47.4525510268847,49.5566787105114,43.0583368488927,36.6022097950135,39.9270984898696,39.9040907481187,36.903977189865,36.4157818681371,38.9398253275215,36.8868771785759,42.8065553842375,46.3213014126421,45.6280434226608,45.4968752494035,43.5085907829651,47.8118088684,43.071188539675,51.3043308679882,47.7744538607891,..
Ores and metals exports (% of merchandise exports),TX.VAL.MMTL.ZS.UN,Philippines,PHL,1.61954409495253,1.87203977106435,1.44923205289897,1.72482301745632,2.39356179458319,2.27096876092626,4.44204904598112,5.42409367069035,5.189114885564,3.91237655213636,3.9111085891633,5.59382537456056,5.04619608005299,6.11404772690842,6.58834024151498,5.0613767306783,4.00252116995127,5.58406561295369,4.9082068510258,5.11553589688116,6.59574178209328,7.4874740704197,6.93456443095209,7.87761742498115,7.50901105484672,..
Ores and metals exports (% of merchandise exports),TX.VAL.MMTL.ZS.UN,Poland,POL,5.00513039982941,4.04518985574774,4.02227590259449,3.75466809130164,4.08914996089988,4.02274429487668,5.22903327226686,4.53281165240271,3.96214660186794,3.68530049292514,4.69486882284057,5.02501418840566,4.82897688239305,4.18057255756479,4.00955235840735,3.60543706487631,3.02516272847308,3.1899653859486,3.04370184401185,3.23396660447958,3.22051878025648,3.97229976431864,3.45108388683856,3.04634974229626,3.20228542082086,..
Ores and metals exports (% of merchandise exports),TX.VAL.MMTL.ZS.UN,Portugal,PRT,1.88632962472796,1.78475436998865,1.64152232751203,1.57531572685566,1.85965386303846,2.82012959705461,3.82483146719832,3.72775210015921,3.20474396609653,2.89606706746845,3.50667270247104,3.20271416306362,2.83058672331513,2.32362938767847,2.25220653101037,2.15813994544385,2.00764618663799,2.25281965305294,2.434851674538,2.16706704875644,2.17126177491599,2.93086469176063,2.73426069633125,2.52971110792555,2.58903250022659,2.70852169351224
Ores and metals exports (% of merchandise exports),TX.VAL.MMTL.ZS.UN,Puerto Rico (US),PRI,..,..,..,..,..,..,..,..,..,..,..,..,..,..,..,..,..,..,..,..,..,..,..,..,..,..
Ores and metals exports (% of merchandise exports),TX.VAL.MMTL.ZS.UN,Qatar,QAT,0.11634070989974,0.0663283042066893,0.110910327832227,0.11476394159958,0.127990870115735,0.138772232521004,0.0895118209197128,0.129421353793938,0.408873281859897,0.133761828512641,0.265173247119746,0.345141436873865,2.33134786640568,1.4549996311141,0.250470194595494,2.36949271094662,2.54574439613324,2.53602637474615,1.81446564020088,2.24477154291504,2.59716473860935,2.79751145368207,2.46572186451205,2.33291761974842,2.49497468125356,..
Ores and metals exports (% of merchandise exports),TX.VAL.MMTL.ZS.UN,Romania,ROU,6.91601258888057,4.88636183878211,4.2419741366313,4.14660575863074,4.67662140096493,3.92891510818202,5.25412030982878,5.20227714691062,4.72324875734715,3.60848133654177,4.23715422099536,4.14141567149189,3.79071454336541,3.23653895835825,2.69272331387427,2.35870523830703,2.00820906359327,2.10951156385024,2.22792611963379,2.1926188654676,2.2989315798619,2.80466122236143,2.78929714304173,2.47796891956889,2.68710025626505,..
Ores and metals exports (% of merchandise exports),TX.VAL.MMTL.ZS.UN,Russian Federation,RUS,9.13824279912298,7.76359075824941,7.23812309172877,6.79267321171407,7.54616354995644,6.51179321692703,8.00467825169443,8.13641951091464,5.4575239167651,5.25762018292406,5.46295347541622,4.79733097260547,5.13944663103542,4.57539836873419,4.62236197775783,5.90115777218879,6.04896824432423,6.02759162477638,5.65644967703026,6.17355170558279,8.63720072203089,7.40377266771173,..,..,..,..
Ores and metals exports (% of merchandise exports),TX.VAL.MMTL.ZS.UN,Rwanda,RWA,..,37.4569874520354,35.088175963992,26.6428584667642,34.1911048887464,35.1376159794075,31.4407560198606,46.3016117072326,27.933112466431,25.0637471463376,35.8800089645487,45.1668198317922,39.8735818164701,47.728426891862,45.3122231010092,29.177973798398,22.4094104292018,29.4136298769588,30.314438220422,14.8783110729202,8.24267617414299,14.4742019090766,20.9179316429293,..,..,..
Ores and metals exports (% of merchandise exports),TX.VAL.MMTL.ZS.UN,Samoa,WSM,..,0.0959623710954923,0.00950478235098901,0.0248203386022644,0.00111426930334486,0.0719685217589917,0.002053820788203,0.147258431580946,0.130417124077179,0.183255903686575,0.318967504451416,0.720787846781144,0.576139172223999,1.0185790785436,1.28420364195849,0.582488137297813,0.573306948123184,1.53685838150667,1.29034091334291,0.638829194762302,..,1.34446918731882,1.23892376594614,1.52450671582897,1.31501150839331,..
Ores and metals exports (% of merchandise exports),TX.VAL.MMTL.ZS.UN,San Marino,SMR,..,..,..,..,..,..,..,..,..,..,..,..,..,..,..,..,..,..,..,..,..,..,..,..,..,..
Ores and metals exports (% of merchandise exports),TX.VAL.MMTL.ZS.UN,Sao Tome and Principe,STP,0.0146545594676596,0.00106761592974477,..,0.000316794593854999,0.0895842480326928,0.0863198165301424,..,0.0198462515743544,0.0168895633675306,0.0217502397087677,0.0146365688247039,0.179058445587164,0.120436900027286,1.13803781871473,0.133214471679445,1.31007931969682,1.10064661472948,3.15685800955466,1.69042686283506,0.625425440939643,0.144772036496155,0.111260345976181,0.256021001906655,0.181792712332166,..,..
Ores and metals exports (% of merchandise exports),TX.VAL.MMTL.ZS.UN,Saudi Arabia,SAU,0.147266966485606,0.200969366718857,0.223014841432731,0.182297848800483,0.172369585319018,0.136856334587532,0.218876090049362,0.283339865220026,0.221472078668656,0.231975459893341,0.154478800944879,0.122149631834301,0.13826943855079,0.402796097147209,0.768227403977672,1.31618970402186,1.42046701416935,1.41508824303705,1.23841153981194,1.28729151886568,2.00497032043963,1.63492146185275,1.53347926710053,1.5019514801573,1.88115150595924,..
Ores and metals exports (% of merchandise exports),TX.VAL.MMTL.ZS.UN,Senegal,SEN,4.7524544164362,4.48357933815668,5.91623145355821,3.36692256599382,3.85826880765766,2.80799127270505,6.80535867111246,4.09941776123282,4.20945765759815,3.07138060847192,3.52640976199386,3.70911760141206,4.10510228785388,4.11404798239952,4.62550762872484,8.13298380367881,6.69316539977657,7.51256460856649,6.89623747146186,6.62308019774993,6.7523481096606,7.26296018851439,8.67310693880965,7.91160881238856,7.85005360318967,..
Ores and metals exports (% of merchandise exports),TX.VAL.MMTL.ZS.UN,Serbia,SRB,15.5916104456047,14.1530589793912,12.147882359447,..,10.8968524632872,9.20219714313351,11.2944829162076,10.2945597528689,..,..,..,..,..,..,..,..,..,..,..,..,..,..,..,..,..,..
Ores and metals exports (% of merchandise exports),TX.VAL.MMTL.ZS.UN,Seychelles,SYC,0.0062018848566236,0.0232076178507915,0.00759101136635465,0.000487825584131394,0.00199689155454377,0.0121100850364656,0.0170288977704726,0.0105438213706045,0.00644599682818596,0.00399654587486714,0.0538854067505307,0.0181881223731395,0.117272480478865,0.0246570604130509,0.0111489055716854,0.00898335667236647,0.0220737111352172,0.265276042802722,0.208781439922779,0.209249092826996,0.335907813524439,0.623680740993814,0.708125394858405,11.6900044741911,13.7185316539041,..
Ores and metals exports (% of merchandise exports),TX.VAL.MMTL.ZS.UN,Sierra Leone,SLE,1.35806284223158,..,0.115001778766282,..,..,..,..,..,..,..,..,..,..,..,86.4196189147314,0.988737482926271,0.52250323873849,9.23607569467904,19.708507181177,..,..,..,..,..,..,..
Ores and metals exports (% of merchandise exports),TX.VAL.MMTL.ZS.UN,Singapore,SGP,1.11743390909275,1.14914201108119,1.08067169213012,1.07415745191144,1.1723248694138,1.04800700996418,1.35240730496431,1.67461991104337,1.35326163797883,1.19344097453952,1.17367084813641,1.18276920275837,1.04030328151159,1.18662500123941,1.15860012116163,1.23964372978781,1.09646722509989,1.0282289180264,0.872884059699682,0.723461507461781,0.715717514808364,1.19554185193546,0.955098805547699,0.809638959840998,0.731093287901306,..
Ores and metals exports (% of merchandise exports),TX.VAL.MMTL.ZS.UN,Sint Maarten (Dutch part),SXM,..,..,..,..,..,..,..,..,..,..,..,..,..,..,..,..,..,..,..,..,..,..,..,..,..,..
Ores and metals exports (% of merchandise exports),TX.VAL.MMTL.ZS.UN,Slovak Republic,SVK,3.42852199843062,3.46489944651835,3.08982972415369,2.42643979216738,2.87450444611421,2.544834523225,3.62702670437243,2.78073501654963,2.44430465149053,2.34997546535549,3.06339387755563,3.09128794797588,3.09189867854254,2.21886544374219,2.25569773540476,2.07702257913598,1.73795322119081,2.0947752210728,2.058891979144,2.02562522713495,1.82530337418008,2.33537749533956,2.14228590243134,1.48495237277126,1.74565593994345,..
Ores and metals exports (% of merchandise exports),TX.VAL.MMTL.ZS.UN,Slovenia,SVN,4.1732421648271,4.28875544141273,3.77904706345591,3.78112943777451,4.22241608055866,4.7822162511827,5.92423324066306,5.53923909402388,4.52088443668789,3.61372711076552,4.75514904527604,4.85705661189599,4.71471141059676,4.47652028853792,4.29552333310219,4.4784313285968,4.06286659046935,4.09263687333458,4.2822692607303,4.02979133902762,3.63692852871633,4.34050714716847,3.90301974294686,3.13835009485939,3.02692030138335,..
Ores and metals exports (% of merchandise exports),TX.VAL.MMTL.ZS.UN,Solomon Islands,SLB,..,..,0.0355635138303772,0.0410792651000092,0.0284651218928002,0.0445471208959641,0.0315310922323191,0.0543463882801275,0.199009675367661,0.0455196295381308,0.145449273451894,0.231026951563001,0.481516704333512,0.286397571590278,0.382901213722633,0.709884794452891,0.162552546552045,4.22408530148576,3.77957939916417,..,..,..,..,..,..,..
Ores and metals exports (% of merchandise exports),TX.VAL.MMTL.ZS.UN,"Somalia, Fed. Rep.",SOM,..,..,..,..,..,..,..,..,..,..,..,..,..,..,..,..,..,..,..,..,..,..,..,..,..,..
Ores and metals exports (% of merchandise exports),TX.VAL.MMTL.ZS.UN,South Africa,ZAF,10.6456581556563,22.8319929720272,11.2346894321467,19.0277419846124,21.9852655048325,22.2629845616509,28.4686593780611,29.3348942321308,29.0413837735149,29.2198675573527,28.2409908532572,28.0454412835201,25.2999847349273,27.8724763359246,24.2293790861848,23.2733809317436,22.069403504453,24.185244340361,25.6101432342632,28.4545998457312,31.4389170033873,37.7780356859312,31.5450035556722,29.1169283744823,29.1712554651673,30.3392517456071
Ores and metals exports (% of merchandise exports),TX.VAL.MMTL.ZS.UN,South Sudan,SSD,..,..,..,..,..,..,..,..,..,..,..,..,..,..,..,..,..,..,..,..,..,..,..,..,..,..
Ores and metals exports (% of merchandise exports),TX.VAL.MMTL.ZS.UN,Spain,ESP,2.25929549969063,2.18407350244654,2.02416535084025,1.98483622334095,2.00605504938666,2.46943236876249,3.19753365298321,2.95925759273902,2.70479062059669,2.49931426717884,3.38387629327614,3.83147061891332,3.746022846104,3.41226150663797,3.37388702291901,3.431949189632,3.12394579217233,3.72813715185895,3.78115212635428,3.47791209244656,3.20291695687462,3.88819800713491,3.70351654042085,3.20080590303441,3.42743394375482,..
Ores and metals exports (% of merchandise exports),TX.VAL.MMTL.ZS.UN,Sri Lanka,LKA,0.27752697953711,0.300083134964803,1.86793085461174,2.85516105965057,3.12078954906743,3.6175738210404,1.82413360827755,2.1019368588222,1.65493324221432,1.41195321485931,0.875207413596527,0.611659075040682,0.757834426205087,0.621745135398051,0.555241520911473,0.537232352990438,0.597589673351454,0.778839492862646,..,0.73801712721378,0.552811053515783,0.681639263401587,0.67746966890084,0.599148181330232,0.566958693554718,..
Ores and metals exports (% of merchandise exports),TX.VAL.MMTL.ZS.UN,St. Kitts and Nevis,KNA,0.0195850595728325,0.0039700368389985,0.0425300579747911,0.00931644656773286,0.0211463460843657,0.00253207213112203,0.0117410235455413,0.0794212512445077,1.42210561839958,5.4969756098276E-05,0.125152371407093,0.0966496001817182,0.663710320981995,0.25645333126574,0.0467042406053462,..,0,0.00218395725279318,..,..,..,..,..,..,..,..
Ores and metals exports (% of merchandise exports),TX.VAL.MMTL.ZS.UN,St. Lucia,LCA,0.000154985947474958,0.00938318507759385,0.20453086293705,0.787650852471263,1.94223944219887,1.11631436129806,1.19845807486672,3.16042707918615,5.30678657115583,1.08884936114442,2.19040487440918,2.78501702156017,4.96253255078906,4.18877073461455,9.40543475850765,5.63058112994969,1.58011911213473,2.91551437375661,4.69292529223214,4.92284119131449,5.53904086850376,..,..,..,..,..
Ores and metals exports (% of merchandise exports),TX.VAL.MMTL.ZS.UN,St. Martin (French part),MAF,..,..,..,..,..,..,..,..,..,..,..,..,..,..,..,..,..,..,..,..,..,..,..,..,..,..
Ores and metals exports (% of merchandise exports),TX.VAL.MMTL.ZS.UN,St. Vincent and the Grenadines,VCT,0.0714277088903865,0.0915865683390645,0.0534957706613413,0.001395085630749,0.133162897071613,0.00309777034810686,0.0427757262012383,0.265095739534328,1.14826437926426,1.69667310572261,1.92629512001782,1.36661867422287,2.45168953411327,0.721602537320296,0.135554960686441,0.296389267761542,0.107003458529325,0.189189733197777,0.4323342066836,0.561131287387612,0.50565329870237,0.29005424716515,0.20767748079,0.575679248473049,..,..
Ores and metals exports (% of merchandise exports),TX.VAL.MMTL.ZS.UN,Sudan,SDN,0.460937722171495,0.179100411844198,0.330233190585116,0.41099560051547,0.59751495834652,0.402155047754506,0.349035372679534,0.335207865383974,0.545178576144779,0.249499824867255,0.214431109195651,0.400279894271093,1.04079144900625,0.0836333261397869,0.558258819063773,0.421694483467272,2.23902261626485,0.818729040062267,0.686044401891745,..,..,..,..,..,..,..
Ores and metals exports (% of merchandise exports),TX.VAL.MMTL.ZS.UN,Suriname,SUR,0.0391637417408621,0.0435219570453215,0.186358015395229,0.101216137699506,0.181339482302297,0.146094386423322,0.227621018985144,0.350272925378514,0.302921501407796,0.264139279409153,0.256200614780289,0.360168963523823,0.430536274855499,0.369679086339385,0.348019789328195,0.20871706618307,0.125610426672316,0.329613334121727,0.316538273973665,0.32483152120101,0.237126388461746,0.760178456916599,0.549141405957667,1.10150303041812,3.9843319988084,..
Ores and metals exports (% of merchandise exports),TX.VAL.MMTL.ZS.UN,Sweden,SWE,2.3575459313613,2.467299446145,2.4167864230731,2.33474581873445,2.65485241504412,3.08552531635167,3.8634693315986,3.88152149242944,3.99775423131116,3.70919048007781,4.81890262733144,5.21123306380418,5.2789312392961,4.66026191009486,4.67743376747936,4.00896573366298,3.99595434992421,4.76473096014425,4.56420997427681,4.37747790322695,4.98753114074155,6.00596153517669,5.48872826646114,5.1056533111485,5.53625805390112,..
Ores and metals exports (% of merchandise exports),TX.VAL.MMTL.ZS.UN,Switzerland,CHE,5.64125825975811,4.05797097794386,3.64695686219904,3.06662604068372,3.12039211621662,2.72136103638806,3.5014418517828,3.05194762079875,3.05437539041993,2.39258904866423,4.0129442729803,3.71805123531328,2.92128708262365,2.40172909909558,2.20032513980616,1.63770810947011,1.47295448047255,1.63892100363295,1.69967135131589,1.88762308659221,1.99548928724067,2.17657553050765,1.92124997304165,1.56807129365079,1.49057879417026,..
Ores and metals exports (% of merchandise exports),TX.VAL.MMTL.ZS.UN,Syrian Arab Republic,SYR,0.75633110531875,0.0438075381503897,0.827703116152759,0.869046643727821,1.06286010191439,1.25954881691309,1.15322881237854,1.16946728726448,4.09131667695063,2.20676154252829,2.663429877637,..,..,..,..,..,..,..,..,..,..,..,..,..,..,..
Ores and metals exports (% of merchandise exports),TX.VAL.MMTL.ZS.UN,Tajikistan,TJK,53.9257827733532,..,..,..,..,..,..,..,..,..,..,..,..,..,51.6850011417489,42.6690219316894,51.5458244203429,62.2793348129521,58.7751933427573,56.9267333181742,48.1251680938906,40.4377820028109,62.3955743796389,52.7838225011079,..,..
Ores and metals exports (% of merchandise exports),TX.VAL.MMTL.ZS.UN,Tanzania,TZA,0.443287698041927,6.439722843554,8.74938757282012,6.17005787028101,8.33073598329359,7.65185121660297,11.1375397749838,12.6269052492145,12.7364924429117,17.8323997537099,25.4274314948111,22.5778719904617,16.2993206590418,10.0805702581627,13.3403283009553,9.71497005387568,7.39038816130408,2.37246365533661,1.33472814164304,1.19349009849919,7.16842722557704,3.952845900026,5.47998490709586,4.97181072389695,5.64619619149418,..
Ores and metals exports (% of merchandise exports),TX.VAL.MMTL.ZS.UN,Thailand,THA,1.1563108263753,1.07137652405813,1.11668522195147,0.989806399078282,1.1496641197681,1.24270806747185,1.50426840498653,1.78117708143106,1.2994420060433,1.06440966686133,1.27347411007709,1.38498108484036,1.31509391319902,1.28548754173568,1.3163815435656,1.13618740026878,1.19789494768318,1.48384617050478,1.61255552650403,1.64938216526872,1.85814213636656,2.56033524529213,2.64263355598009,2.33563248838574,2.78898927714551,..
Ores and metals exports (% of merchandise exports),TX.VAL.MMTL.ZS.UN,Timor-Leste,TLS,..,..,..,..,0.000143426258249878,0,..,..,..,..,..,..,..,0.0410380731730713,..,..,..,0.259350202320542,0.319096505701208,0.0441639666989068,0.0206415451127129,0.0174046353746236,0.018868788949626,0.063626117225633,..,..
Ores and metals exports (% of merchandise exports),TX.VAL.MMTL.ZS.UN,Togo,TGO,25.5057916123775,20.5086835969488,16.7416940474733,9.24136066925989,12.6916701690283,10.2685491438283,..,12.7952856450931,18.3558829810484,19.4071524468103,13.0495189234842,14.2058822449102,17.9715547687622,19.0603278855612,19.9518236467291,12.9963915509866,14.8244197612232,8.63388209198161,11.7056150408771,8.53426798670881,12.3894738229348,14.7940324439184,28.4433162164688,26.975189515959,20.7477406306692,..
Ores and metals exports (% of merchandise exports),TX.VAL.MMTL.ZS.UN,Tonga,TON,0,0,..,0.123631680776923,0.584910097593016,0.469642588423411,0.154851855104225,1.44573070639178,19.7321675028637,1.54885027361735,1.50404279880703,2.17875312872624,2.49705986334678,3.31934538079337,5.82776390132419,..,..,0.0508092745092541,0.108257657853997,0.346181381753334,0.225097004293308,0.57061476983779,0.160033769317215,0.95672762850806,..,..
Ores and metals exports (% of merchandise exports),TX.VAL.MMTL.ZS.UN,Trinidad and Tobago,TTO,0.146665900488477,0.15048661514101,0.206390272379381,0.1909207079365,0.228356130176136,0.418130554026797,0.318617090225899,2.84379093378492,2.92849978893305,2.47563274602388,0.308859878720351,0.419406020175253,0.3619512574049,0.716669840864406,0.513719638878181,3.43591047689388,3.69452325219084,0.38432209586331,0.549153041636741,0.777561785050153,2.57243662842193,0.770894440188744,0.464563420310877,2.67042704744757,0.773937569548522,..
Ores and metals exports (% of merchandise exports),TX.VAL.MMTL.ZS.UN,Tunisia,TUN,1.54101349196287,1.39400822278712,1.38670442651623,1.33578364625531,1.06995980926129,1.1528723753659,1.24100072200247,1.36955082361609,1.71851769670089,1.24526974063459,1.56058678205267,1.65292293453506,1.69041089721155,1.49740188611581,1.59015720781767,1.39887400159344,1.62468650036307,1.82183831733188,1.83645151845132,1.75045612626091,1.83166986977073,2.02720053386233,1.77628583182134,1.42589803126179,1.52690825348576,..
Ores and metals exports (% of merchandise exports),TX.VAL.MMTL.ZS.UN,Turkiye,TUR,2.58742298214187,2.22073372004527,2.00856035026057,2.00613415868092,2.17626873029513,2.46801961858388,3.30022892926736,3.46792498148786,3.30885763140431,3.06416488010223,4.33438550944431,4.16567762541554,3.9116817174711,4.12529656355575,3.77275740316469,3.54672011566835,3.44890074870409,3.91929179921383,4.06888580471921,3.71998956366181,4.03207772591812,4.95569588303999,5.23576905684485,4.3728944868115,4.29374178896157,..
Ores and metals exports (% of merchandise exports),TX.VAL.MMTL.ZS.UN,Turkmenistan,TKM,0.399116592549954,..,..,..,..,..,..,..,..,..,..,..,..,..,..,..,..,..,..,..,..,..,..,..,..,..
Ores and metals exports (% of merchandise exports),TX.VAL.MMTL.ZS.UN,Turks and Caicos Islands,TCA,0.136789552380455,..,0.0733157012957708,0.0796844665119655,0.000926143483890614,..,0.392181758826588,0.0235785423822608,0.0248897282090127,0.245626824123737,..,1.70739062169833,0.831080495089627,..,..,..,..,..,..,..,..,..,..,..,..,..
Ores and metals exports (% of merchandise exports),TX.VAL.MMTL.ZS.UN,Tuvalu,TUV,..,..,..,..,..,..,..,..,..,..,..,..,..,..,..,..,..,..,..,..,..,..,..,..,..,..
Ores and metals exports (% of merchandise exports),TX.VAL.MMTL.ZS.UN,Uganda,UGA,4.45196880032573,3.24813087048735,1.81303780824033,0.34518152165646,0.371713098517081,2.41799274891198,2.11282581613079,2.17189206117311,2.23975133840974,2.46285043236365,1.90384686894177,1.12817381744177,1.10642751669081,0.886734970078216,0.604683661904989,0.48170424939709,0.459348713405027,0.374878241048121,0.350411758566397,0.266865230610442,0.252231889793945,0.744614230461867,1.37573978710851,1.45187874568621,0.711051042553324,..
Ores and metals exports (% of merchandise exports),TX.VAL.MMTL.ZS.UN,Ukraine,UKR,14.1301524456446,10.4403206625015,8.62422286786132,6.51814296015948,6.20671410904734,7.04988734349557,6.92489059011881,6.40853145429686,6.82167565134447,6.89443871110542,8.12828542400859,8.74589706978953,7.57914598549043,8.98527430630586,9.69361702554444,9.38171392918825,7.97283522075588,9.41641241262383,9.38430227414885,9.55193134628034,11.0877422634527,13.3174565858135,8.08380904386312,5.98222472007035,8.18038486628225,..
Ores and metals exports (% of merchandise exports),TX.VAL.MMTL.ZS.UN,United Arab Emirates,ARE,3.17123176217688,3.70983529958869,2.058972392629,1.70610997692075,1.07668388293058,0.968747921724651,1.37797638535551,1.21861594925912,0.91452342479419,0.862793085303155,1.02364676133139,1.13331007043112,1.61864434587426,1.98932139408331,3.27214956130429,4.52368131648225,4.88854854395622,5.35466404065746,6.00505065769388,3.77275733996035,3.41081233456813,4.79280902285031,4.52970103395539,3.4327739631214,..,..
Ores and metals exports (% of merchandise exports),TX.VAL.MMTL.ZS.UN,United Kingdom,GBR,2.22085228199581,2.20906839925781,2.04908353235747,2.22918404628181,2.74305822475285,2.83972495612444,3.0910735549954,4.01010128832781,4.27586499165398,3.02029693245409,3.77754807011745,4.37928098239928,3.71702985858318,3.25105027960383,3.51067472962863,3.3447181856556,3.30367400940286,3.76091537779836,3.80493061222039,3.87668770218372,6.60053768600958,6.9118678026751,6.3443561242002,4.52329389386415,4.54180165284014,5.70704171115552
Ores and metals exports (% of merchandise exports),TX.VAL.MMTL.ZS.UN,United States,USA,1.86988994936663,1.91205830386319,1.91170026820431,2.01323529883149,2.39014858804396,2.7857976488932,3.52056099629305,3.73864793129764,3.96871886047058,3.39369213730218,3.95873998985648,4.02265717679681,3.50844555096218,3.21071352130306,3.06248036458276,2.8088360190064,2.60130444554912,2.74624450462334,2.95741195061027,2.8211533321336,3.21390841591217,3.65231110135565,3.07529985951185,2.8511687408118,2.87778686360623,..
Ores and metals exports (% of merchandise exports),TX.VAL.MMTL.ZS.UN,Uruguay,URY,0.481342281383309,0.578066535543876,0.451206613411574,0.53713700071276,0.509229360763127,0.515169701998772,0.809930898532225,0.84826239615519,0.376570033697427,0.268695472370516,0.258529609451583,0.340161334055212,0.326605593663299,0.301652164047018,0.286186993540697,0.236525973692642,0.312914284574473,0.319545647864705,0.35941392233575,0.331000567556373,0.385873674975743,0.340811844644457,0.304286345769239,0.355278930515298,0.331132184653809,..
Ores and metals exports (% of merchandise exports),TX.VAL.MMTL.ZS.UN,Uzbekistan,UZB,..,..,..,..,..,..,..,..,..,..,..,..,..,..,..,..,..,8.20354028371555,7.6354853444308,8.37864671560409,8.33762446780379,13.9619291123545,11.2856964615134,8.39123120304255,8.10048140248817,..
Ores and metals exports (% of merchandise exports),TX.VAL.MMTL.ZS.UN,Vanuatu,VUT,0.0429313131996406,..,..,..,..,..,0.43031580998799,0.00287569067987648,..,0.712175516247439,0.149579723792411,1.56923807506826,..,..,..,..,..,..,..,..,..,..,..,..,..,..
Ores and metals exports (% of merchandise exports),TX.VAL.MMTL.ZS.UN,"Venezuela, RB",VEN,3.33227544879703,3.98947482607954,4.35033958431729,4.08245262236796,3.21971376759069,2.32505838590638,2.08818528782387,..,1.88460854572586,1.20638690168558,2.3573078829314,0.891443496040358,0.0460182045396548,0.441779842959862,..,..,..,..,..,..,..,..,..,..,..,..
Ores and metals exports (% of merchandise exports),TX.VAL.MMTL.ZS.UN,Viet Nam,VNM,0.436402137357543,0.654006370246594,0.508523786701465,0.517852054592614,0.69603534994892,0.574678638101654,0.687448177953374,0.771353509653311,0.901530699131761,0.722575399049385,1.01634485063783,0.833895040389376,0.636657416395891,0.710582349461454,0.786280339122938,0.797117049899595,0.824603887403562,1.01499869930366,1.12953315423142,1.09068113673607,1.05424438145282,1.15683907100239,1.17550554672327,1.11053745518843,..,..
Ores and metals exports (% of merchandise exports),TX.VAL.MMTL.ZS.UN,Virgin Islands (U.S.),VIR,..,..,..,..,..,..,..,..,..,..,..,..,..,..,..,..,..,..,..,..,..,..,..,..,..,..
Ores and metals exports (% of merchandise exports),TX.VAL.MMTL.ZS.UN,West Bank and Gaza,PSE,2.55876044384439,3.34749259708152,3.66298814551812,2.9462773249326,1.80513207458653,1.51249511215203,5.28348189080114,9.38177917614561,12.5281920933068,7.21551064834692,12.448180568576,16.9055645568475,14.2316179441057,12.663643453478,9.95820596917778,8.35860478041684,6.16683821767458,8.66561737755397,12.0538532072502,10.2211723475195,10.9690039465975,13.6197714453218,15.9148878581792,14.4323282782474,..,..
Ores and metals exports (% of merchandise exports),TX.VAL.MMTL.ZS.UN,"Yemen, Rep.",YEM,..,0.142472350854244,0.137683661484795,0.212879113589276,0.166094467737126,0.0939407080170517,0.0860938345770529,0.248243460178679,0.133969875350638,0.145151267429537,0.163699927451738,0.15816867036602,0.103141289981742,0.47522815709816,0.66927520794855,0.47428150513596,..,..,2.82180020176709,0,..,..,..,..,..,..
Ores and metals exports (% of merchandise exports),TX.VAL.MMTL.ZS.UN,Zambia,ZMB,64.4408880435118,60.42152558648,59.3239690503369,60.0262278586003,46.5515777026805,67.4376806672762,80.8375615687607,78.115678057786,79.7857145794274,78.5949410783729,82.3283419185778,78.5928539303859,69.6772640831742,70.5950312224802,73.0113024824784,74.7917338140349,73.2307379852017,79.5303550713286,77.4606084696989,74.58257510545,78.8010057390337,79.2520502689073,75.6024881567735,71.3565858556083,72.9899534292382,..
Ores and metals exports (% of merchandise exports),TX.VAL.MMTL.ZS.UN,Zimbabwe,ZWE,8.6519166034186,17.678935254187,30.7167475850409,23.151671399918,21.5271344085408,16.8277188038139,7.03409299664565,22.4291920831063,18.2334506305702,25.7209447212092,38.1334746504532,40.6435201173897,40.2623830727427,32.9939638207084,29.9527518117793,31.1220181748029,31.1529142671985,31.2086640347963,30.0734594454263,35.1674796763683,44.7588118464982,46.030100180394,40.1848643345893,42.9777779829568,33.8441587265371,..
,,,,,,,,,,,,,,,,,,,,,,,,,,,,,
,,,,,,,,,,,,,,,,,,,,,,,,,,,,,
,,,,,,,,,,,,,,,,,,,,,,,,,,,,,
Data from database: World Development Indicators,,,,,,,,,,,,,,,,,,,,,,,,,,,,,
Last Updated: 07/13/2026,,,,,,,,,,,,,,,,,,,,,,,,,,,,,
