country,iso2c,iso3c,year,NE.TRD.GNFS.ZS,DT.DOD.DSTC.ZS,FI.RES.TOTL.DT.ZS,TX.VAL.FUEL.ZS.UN,TX.VAL.MMTL.ZS.UN
Afghanistan,AF,AFG,2002,,,,,
Afghanistan,AF,AFG,2003,,,,,
Afghanistan,AF,AFG,2004,,,,,
Afghanistan,AF,AFG,2005,,,,,
Afghanistan,AF,AFG,2006,,1.9553,,,
Afghanistan,AF,AFG,2007,,1.0703,,,
Afghanistan,AF,AFG,2008,,0.8565,141.900322047183,,
Afghanistan,AF,AFG,2009,,0.8609,171.99679320728399,,0.137976802486954
Afghanistan,AF,AFG,2010,,4.3134,211.936350875024,,0.275244541510738
Afghanistan,AF,AFG,2011,,3.2314,255.283575583065,,0.305786388425507
Afghanistan,AF,AFG,2012,,4.3867,277.154076226773,,
Afghanistan,AF,AFG,2013,,4.0923,281.659095177841,,
Afghanistan,AF,AFG,2014,,6.8807,297.586989135739,,
Afghanistan,AF,AFG,2015,,11.0823,268.663397353037,3.45045583056684,1.06525272819338
Afghanistan,AF,AFG,2016,,13.6576,280.499616022613,,1.12452208638717
Afghanistan,AF,AFG,2017,,17.0628,294.234021395487,5.23442813305688,0.83809143240314
Afghanistan,AF,AFG,2018,,16.1916,306.361182290885,10.2131805125,1.20988438299409
Afghanistan,AF,AFG,2019,,15.7742,319.258392395823,8.0512789669382,2.19992094192385
Afghanistan,AF,AFG,2020,46.7098945514103,14.3132,320.681395865271,,
Afghanistan,AF,AFG,2021,51.4117163747271,12.5075,,,
Afghanistan,AF,AFG,2022,72.8854696086536,11.6108,,,
Afghanistan,AF,AFG,2023,66.9995780621951,12.4462,,,
Afghanistan,AF,AFG,2024,83.763025087768,13.2352,,,
Afghanistan,AF,AFG,2025,,,,,
Albania,AL,ALB,2002,65.9914650336802,2.4594,73.3688144776657,2.00964296137502,3.43255983968605
Albania,AL,ALB,2003,64.8232150960777,9.6358,66.9518246439632,1.02973846823218,4.09518729937779
Albania,AL,ALB,2004,65.0379383187697,0.0764,86.5032256324873,2.62772601236456,5.55303918360657
Albania,AL,ALB,2005,69.1162926602322,7.2892,67.6833153779392,8.62320052650774,24.1407825764506
Albania,AL,ALB,2006,72.2019089483674,15.3488,71.995324774825,13.6870930880734,37.8643455707951
Albania,AL,ALB,2007,79.9119008919954,17.2057,72.8414546357907,7.45160846335455,13.556991094879
Albania,AL,ALB,2008,75.2485472798728,26.9997,55.5139359453416,21.7778133829324,32.5786009009848
Albania,AL,ALB,2009,73.3213575646169,14.7735,51.4264499903553,11.5960780358903,9.55255174912569
Albania,AL,ALB,2010,75.5325329687378,13.667,46.7234649706761,17.9566359019427,12.8160980293912
Albania,AL,ALB,2011,80.6989985298954,16.8348,38.1078843952678,21.1844242109543,11.8992063321516
Albania,AL,ALB,2012,76.9683583166821,19.9022,35.2019352578895,26.5886649344812,10.9118328438961
Albania,AL,ALB,2013,75.7506185619748,20.1704,32.0678588162755,30.9941380486986,9.78060057087312
Albania,AL,ALB,2014,75.0212023084129,22.0266,31.3076239405158,1.56752332146237,4.58216010178408
Albania,AL,ALB,2015,71.2794476606014,21.2299,37.1549499199685,8.80663865038583,7.54584263344886
Albania,AL,ALB,2016,74.0144504546815,21.9524,36.5030425788844,11.1750623184928,8.80533257546907
Albania,AL,ALB,2017,76.7873817898989,21.9252,36.6123906638343,0.824085099956457,5.05918674025811
Albania,AL,ALB,2018,75.6940783717425,9.4774,40.3435214239874,1.66266621721824,2.02773332086022
Albania,AL,ALB,2019,75.382128932689,9.1686,40.581045079257,0.602741338715028,3.10433628032436
Albania,AL,ALB,2020,59.5206994391875,9.1977,45.9777272627769,0.905736426979895,4.08685599913531
Albania,AL,ALB,2021,75.5904040905009,11.0936,50.9684657779316,0.0239145120005926,2.47454305915757
Albania,AL,ALB,2022,84.6980435944865,12.3116,50.5411567584633,0.408202316704775,0.0613901739063739
Albania,AL,ALB,2023,82.3524933990723,10.6518,57.0519936029145,6.34538423879421,5.34944752843742
Albania,AL,ALB,2024,79.4546360752224,11.5828,60.8214886591082,3.25771222753826,5.64934031462141
Albania,AL,ALB,2025,79.5328146239161,,,,
Algeria,DZ,DZA,2002,56.5896052814114,0.4668,109.171596021343,96.8525631108902,0.427039949647696
Algeria,DZ,DZA,2003,57.7691353044878,0.6122,149.158400536226,98.0418496791982,0.382587437708857
Algeria,DZ,DZA,2004,61.3579975707176,1.9219,203.836785476992,98.1581027723641,0.414819808828625
Algeria,DZ,DZA,2005,66.8404602203906,3.0207,346.369830534778,98.3968237779365,0.491152211167111
Algeria,DZ,DZA,2006,65.9152919677621,9.1674,1380.88036861514,98.053114107359,0.721648354313415
Algeria,DZ,DZA,2007,67.5454733939763,12.2289,1875.43328646224,98.3784356732768,0.508916486832056
Algeria,DZ,DZA,2008,71.0284922505261,20.8912,2373.14937121932,98.1397675706731,0.632777159338741
Algeria,DZ,DZA,2009,64.2847547238993,20.1293,2092.05111920334,98.33852819805,0.470471726874241
Algeria,DZ,DZA,2010,63.4912159928425,24.5169,2350.20926724207,98.3108761995675,0.29121687605806
Algeria,DZ,DZA,2011,62.2200899610479,18.8556,3160.74627701481,98.3333229077681,0.255945929207127
Algeria,DZ,DZA,2012,60.7576393340605,21.8418,3635.83678984,98.4004104735679,0.24608003183097
Algeria,DZ,DZA,2013,59.151008157244,25.3095,3839.05269641421,98.3397689163232,0.167011835510265
Algeria,DZ,DZA,2014,56.9235419669867,35.7697,3375.1605630692,97.228399822397,0.179690702278308
Algeria,DZ,DZA,2015,53.2046225904145,39.026,3223.74419531146,95.839787593179,0.309061621803374
Algeria,DZ,DZA,2016,49.7609327925216,36.3517,2211.00427422367,95.3110605757096,0.251775038423141
Algeria,DZ,DZA,2017,49.8208161712587,36.7334,1837.32022472738,96.1115601990579,0.165401420227525
Algeria,DZ,DZA,2018,52.4361676779223,40.6127,1530.21672388607,,
Algeria,DZ,DZA,2019,46.5068426081672,41.2274,1307.19219171445,,
Algeria,DZ,DZA,2020,40.3897565625388,34.4453,1147.85190227301,,
Algeria,DZ,DZA,2021,46.8370592599607,21.6382,761.792641509887,,
Algeria,DZ,DZA,2022,51.1900893683897,24.465,1007.85079103253,,
Algeria,DZ,DZA,2023,43.7397984507007,26.1486,1110.23613616675,,
Algeria,DZ,DZA,2024,40.1345741170703,25.4556,1203.30303180894,,
Algeria,DZ,DZA,2025,38.9789440161631,,,,
American Samoa,AS,ASM,2002,210.9375,,,,
American Samoa,AS,ASM,2003,207.442748091603,,,,
American Samoa,AS,ASM,2004,202.357563850688,,,,
American Samoa,AS,ASM,2005,223.2,,,,
American Samoa,AS,ASM,2006,229.817444219067,,,,
American Samoa,AS,ASM,2007,218.146718146718,,,,
American Samoa,AS,ASM,2008,249.821428571429,,,,
American Samoa,AS,ASM,2009,161.333333333333,,,,
American Samoa,AS,ASM,2010,157.940663176265,,,,
American Samoa,AS,ASM,2011,157.543859649123,,,,
American Samoa,AS,ASM,2012,176.40625,,,,
American Samoa,AS,ASM,2013,173.824451410658,,,,
American Samoa,AS,ASM,2014,174.805598755832,,,,
American Samoa,AS,ASM,2015,162.407132243685,,,,
American Samoa,AS,ASM,2016,159.165424739195,,,,
American Samoa,AS,ASM,2017,161.437908496732,,,,
American Samoa,AS,ASM,2018,171.830985915493,,,,
American Samoa,AS,ASM,2019,156.568778979907,,,,
American Samoa,AS,ASM,2020,154.368932038835,,,,
American Samoa,AS,ASM,2021,136.8,,,,
American Samoa,AS,ASM,2022,124.684270952928,,,,
American Samoa,AS,ASM,2023,,,,,
American Samoa,AS,ASM,2024,,,,,
American Samoa,AS,ASM,2025,,,,,
Andorra,AD,AND,2002,,,,0.00340850271314777,2.14867273955292
Andorra,AD,AND,2003,,,,0.00718421522431373,2.35995314121409
Andorra,AD,AND,2004,,,,0.0020915587513253,2.56704139737746
Andorra,AD,AND,2005,,,,0.00139066416530204,2.18896354486335
Andorra,AD,AND,2006,,,,8.77373640358075e-4,1.82200271689541
Andorra,AD,AND,2007,,,,0.0164949512104574,2.86275108752025
Andorra,AD,AND,2008,,,,0.00639829246971588,3.61329476605585
Andorra,AD,AND,2009,,,,0.0674187377593231,2.87709545495436
Andorra,AD,AND,2010,,,,0.00171578894223204,4.28346709428229
Andorra,AD,AND,2011,,,,0.00296782977763237,3.45045818590949
Andorra,AD,AND,2012,,,,0.0954824010290095,3.60900357806592
Andorra,AD,AND,2013,,,,0.126266414497508,3.23080975672319
Andorra,AD,AND,2014,,,,0.113812116132643,3.9969773546561
Andorra,AD,AND,2015,,,,0.0444906582187301,4.50860643403967
Andorra,AD,AND,2016,,,,0.0106675178543429,2.4287686353391
Andorra,AD,AND,2017,,,,0.00858196988222723,2.65224401857042
Andorra,AD,AND,2018,,,,0.0136381879282452,3.21302764493708
Andorra,AD,AND,2019,,,,0.0906269065381471,3.61898604647194
Andorra,AD,AND,2020,,,,0.0290968240410038,1.96973650891559
Andorra,AD,AND,2021,,,,0.0330618847275828,3.37964936679901
Andorra,AD,AND,2022,,,,0.00558704941523787,1.30285025291511
Andorra,AD,AND,2023,,,,0.0101475994472374,1.77400635480091
Andorra,AD,AND,2024,,,,,
Andorra,AD,AND,2025,,,,,
Angola,AO,AGO,2002,90.5708209771053,13.2418,4.1182633856163,,
Angola,AO,AGO,2003,90.680716182229,11.7881,6.95806232103961,,
Angola,AO,AGO,2004,90.3860384706403,12.2059,14.0757224346866,,
Angola,AO,AGO,2005,95.3414592878024,18.9244,26.1215362256233,,
Angola,AO,AGO,2006,84.6246041187373,21.5289,82.2708808383419,,
Angola,AO,AGO,2007,97.2256307002466,19.008,93.7613880101388,97.2265175257191,2.6754262387962
Angola,AO,AGO,2008,108.680408742706,15.3285,114.576685452338,97.6960413340041,1.91922873173295
Angola,AO,AGO,2009,102.263183257504,12.7855,67.3862436646591,97.9163484511435,2.00203147222072
Angola,AO,AGO,2010,90.9940631357987,17.0463,73.4399741115108,97.9075489248038,2.03762931763898
Angola,AO,AGO,2011,89.0369443426985,17.479,77.9703283174297,98.1409863974632,1.82030992184898
Angola,AO,AGO,2012,81.939478548327,24.0455,86.1647996818561,98.3701689632146,1.56671577949772
Angola,AO,AGO,2013,77.3498013719917,26.1625,72.666055277642,98.2172596289667,1.70731149604581
Angola,AO,AGO,2014,69.5801424480502,16.6796,58.8627891798385,97.7227216005661,2.18366735941927
Angola,AO,AGO,2015,54.9793808780995,12.4058,48.779569003636,94.0159079753161,3.24392135052176
Angola,AO,AGO,2016,46.3256130571521,7.6677,41.2162687466478,92.7010547736293,3.5430584083964
Angola,AO,AGO,2017,44.9963253203189,6.3121,29.7132790690209,94.6912550619684,3.2888111877969
Angola,AO,AGO,2018,58.2698953890633,4.5827,24.9393651478579,95.6723202169276,2.9599977992618
Angola,AO,AGO,2019,60.3713068739603,4.147,26.2229690528548,95.2492483273439,3.54452524881699
Angola,AO,AGO,2020,54.6604030683749,8.1806,21.0716867255243,93.0512900749378,5.37285733742943
Angola,AO,AGO,2021,62.5287705320674,7.0271,21.9148430807675,94.1637464395459,4.73446732916134
Angola,AO,AGO,2022,56.5380722280743,6.9361,22.5900353584516,94.9233435630702,4.13015252901342
Angola,AO,AGO,2023,53.6070126498686,8.6092,24.3432052453284,94.1710862801417,4.34074978568308
Angola,AO,AGO,2024,49.8489506740963,9.8896,24.2502122332294,94.1347736309318,4.35688565012152
Angola,AO,AGO,2025,34.6466403704517,,,,
Antigua and Barbuda,AG,ATG,2002,,,,,
Antigua and Barbuda,AG,ATG,2003,,,,,
Antigua and Barbuda,AG,ATG,2004,,,,,
Antigua and Barbuda,AG,ATG,2005,,,,0.724794167438721,1.5747754095473
Antigua and Barbuda,AG,ATG,2006,,,,,
Antigua and Barbuda,AG,ATG,2007,,,,0,0.54754745232019
Antigua and Barbuda,AG,ATG,2008,,,,,
Antigua and Barbuda,AG,ATG,2009,,,,0,6.14438097066872
Antigua and Barbuda,AG,ATG,2010,,,,0,1.77617053610648
Antigua and Barbuda,AG,ATG,2011,,,,0,1.98029913853413
Antigua and Barbuda,AG,ATG,2012,,,,0,2.70235544410556
Antigua and Barbuda,AG,ATG,2013,,,,0,30.9908270679986
Antigua and Barbuda,AG,ATG,2014,141.546161057996,,,0,17.5317077380815
Antigua and Barbuda,AG,ATG,2015,130.071549851721,,,0,15.6204515801356
Antigua and Barbuda,AG,ATG,2016,132.025917905085,,,0,7.50610085291906
Antigua and Barbuda,AG,ATG,2017,127.664323582144,,,0,7.27206580468804
Antigua and Barbuda,AG,ATG,2018,130.655152659419,,,0,0.307319818753686
Antigua and Barbuda,AG,ATG,2019,137.537783631991,,,0,0
Antigua and Barbuda,AG,ATG,2020,94.289529886499,,,0,7.38825540755649e-5
Antigua and Barbuda,AG,ATG,2021,101.074960584779,,,0,0.514114116333737
Antigua and Barbuda,AG,ATG,2022,118.302584056113,,,0,0
Antigua and Barbuda,AG,ATG,2023,,,,0,0
Antigua and Barbuda,AG,ATG,2024,,,,0,0.482961925425427
Antigua and Barbuda,AG,ATG,2025,,,,,
Argentina,AR,ARG,2002,41.7527243585642,10.0018,7.07417151932966,17.0062379055992,3.86643385692681
Argentina,AR,ARG,2003,40.6447480311085,13.6967,8.66192564142803,17.0830633855413,3.00518542990703
Argentina,AR,ARG,2004,40.692646108947,15.8028,11.7021633452756,16.0002898523067,3.91732292241496
Argentina,AR,ARG,2005,40.5512709706238,26.7917,21.471093431729,16.3961455637403,3.21539774249875
Argentina,AR,ARG,2006,40.4334798719151,23.7556,26.9273167592192,15.2633165831813,4.22283436478006
Argentina,AR,ARG,2007,40.945170618571,15.8923,38.1974886724005,10.9263085486107,3.81560735354694
Argentina,AR,ARG,2008,40.4026733790382,14.9821,35.7494978189824,9.37098213409865,3.20115086300142
Argentina,AR,ARG,2009,34.0571269054879,14.4253,35.90807398205,10.1652445466661,3.75718173585009
Argentina,AR,ARG,2010,34.9710132635696,12.9602,41.2246740914074,7.90317746658418,4.2913752113995
Argentina,AR,ARG,2011,35.2061549999644,18.0185,32.3800236868594,5.97246544174461,3.93876593149719
Argentina,AR,ARG,2012,30.5265423717108,18.0529,30.9009464641601,6.22846935291873,4.06073948658929
Argentina,AR,ARG,2013,29.3339290021037,24.4245,20.325555608519,4.68210789818476,3.17808809731559
Argentina,AR,ARG,2014,28.4067936452275,22.0368,20.4240751880776,4.67799000825185,3.26437711403037
Argentina,AR,ARG,2015,22.4862260889792,33.5438,14.403427493594,2.5385946406222,2.74931567838647
Argentina,AR,ARG,2016,26.0938878488799,22.5816,21.1490268860778,2.4962680453126,3.21486753032155
Argentina,AR,ARG,2017,25.2896011376779,24.5687,24.4836392943006,2.78500093366595,3.19025791652857
Argentina,AR,ARG,2018,30.7625359549926,24.393,23.8356244191513,4.11930419519493,0.475460975897366
Argentina,AR,ARG,2019,32.6306150458499,23.876,15.9897359980845,3.59772172153483,0.440466498242655
Argentina,AR,ARG,2020,30.203698807416,16.6691,15.4159862736889,2.67898842404181,0.217988929465899
Argentina,AR,ARG,2021,33.078689567466,17.7702,16.111821790222,2.64279316542856,0.0559330328460208
Argentina,AR,ARG,2022,31.5801792606256,19.821,17.9917815681201,6.17703046770052,0.279738031699619
Argentina,AR,ARG,2023,26.6769512482215,21.8024,9.13018871139403,8.81364245499018,0.39379723312782
Argentina,AR,ARG,2024,27.929760849367,20.046,12.1967144997341,8.77014211533671,0.170904833823205
Argentina,AR,ARG,2025,30.364633685192,,,,
Armenia,AM,ARM,2002,73.9845018432309,12.794,25.0632144034571,3.17595536456295,14.445423781967
Armenia,AM,ARM,2003,80.0513676022426,20.2391,25.1475013189965,1.96269179078979,19.2133766077605
Armenia,AM,ARM,2004,73.0706339919371,19.4505,25.9858192104295,3.05202767195407,21.287034246159
Armenia,AM,ARM,2005,70.1397385835334,15.1206,33.9867997524662,2.21920980265978,9.40870946056114
Armenia,AM,ARM,2006,61.0301379818566,14.3467,50.1157712953939,2.03225317294973,23.5372102420667
Armenia,AM,ARM,2007,56.9750470853147,16.2442,53.8327542010855,1.19645999429122,31.4565241791176
Armenia,AM,ARM,2008,54.5423279613666,14.4161,38.9426901449574,0.259782913208907,28.548310685311
Armenia,AM,ARM,2009,57.2742357441995,10.7228,40.6006069455793,0.0903876860458172,44.0860659129662
Armenia,AM,ARM,2010,64.642975973633,10.3967,29.5825877386077,3.02154436932198,50.7772242753667
Armenia,AM,ARM,2011,69.4355736620453,12.1942,26.0764547850923,7.83107688026681,47.3695609850977
Armenia,AM,ARM,2012,75.9616759606704,11.0205,23.5502746435028,7.4451684844257,40.221886097324
Armenia,AM,ARM,2013,77.5550481598824,13.2457,25.9369520862327,5.74395895307294,37.4789355590973
Armenia,AM,ARM,2014,75.778866962639,10.6154,17.4088735967411,5.94447107873547,35.230494315673
Armenia,AM,ARM,2015,71.6820743427575,7.515,20.1029241054579,5.9197338745284,40.9761824108989
Armenia,AM,ARM,2016,76.0779674593548,10.8731,22.3640247985952,3.48883009523153,34.6664941240264
Armenia,AM,ARM,2017,87.202376539837,8.6883,22.6246288769631,3.58398830414633,39.4460702351596
Armenia,AM,ARM,2018,92.473107021212,10.5701,21.0645038788923,3.7309961281298,33.9061842659703
Armenia,AM,ARM,2019,97.847004865327,13.4175,23.9778537148483,2.85017379117155,36.1418001345159
Armenia,AM,ARM,2020,70.1213571368789,12.2714,20.0242960055279,3.0020518152451,36.820585926971
Armenia,AM,ARM,2021,79.2489057647112,10.8547,23.0052590584504,1.84437960576672,39.6480325509172
Armenia,AM,ARM,2022,103.878629213508,20.3501,25.809119072306,1.90126435030844,21.8592963976107
Armenia,AM,ARM,2023,123.418750077627,19.6155,22.7761912444093,0.893985811730312,14.7119096760444
Armenia,AM,ARM,2024,150.064726588742,21.3397,22.4761097067798,0.679482108248347,16.1462440928624
Armenia,AM,ARM,2025,101.705936395702,,,,
Aruba,AW,ABW,2002,133.230771421249,,,,0.111562661455705
Aruba,AW,ABW,2003,132.794291274023,,,,0.105130154944915
Aruba,AW,ABW,2004,132.430929795173,,,,0.0886561304133523
Aruba,AW,ABW,2005,145.050280144237,,,,0.097091478446803
Aruba,AW,ABW,2006,141.042626734626,,,,0.349718425137364
Aruba,AW,ABW,2007,139.972309491093,,,,0.603313301445307
Aruba,AW,ABW,2008,139.110149824701,,,,1.70076889286821
Aruba,AW,ABW,2009,137.556575933708,,,0.00955674346080584,0.173127115119192
Aruba,AW,ABW,2010,135.464654677581,,,0.106446012341249,0.203725059530665
Aruba,AW,ABW,2011,154.437786862887,,,0.0107756603770306,1.29325828901818
Aruba,AW,ABW,2012,156.645197205944,,,0.0469829005505492,1.9733066698771
Aruba,AW,ABW,2013,155.731904522973,,,0.00338457142104372,1.82475490320263
Aruba,AW,ABW,2014,156.491052864098,,,0.24352175025681,2.58868403929088
Aruba,AW,ABW,2015,140.493001133496,,,0.197299260830369,4.37936083511966
Aruba,AW,ABW,2016,136.887263320827,,,0.104981848860667,12.8205281680644
Aruba,AW,ABW,2017,138.716620095236,,,0.115122321702268,17.1621313741709
Aruba,AW,ABW,2018,138.824972245657,,,0.0596714795288132,6.46186099415558
Aruba,AW,ABW,2019,137.923249273411,,,0.0108719232886248,5.64271256444269
Aruba,AW,ABW,2020,123.24050373078,,,0.0453619365164954,4.16334665433535
Aruba,AW,ABW,2021,139.510902584073,,,0.028564634582758,3.68467599944075
Aruba,AW,ABW,2022,160.558140997897,,,0.0231820084331402,6.71883194281519
Aruba,AW,ABW,2023,153.719158343959,,,0.0602540892919389,6.76571849783155
Aruba,AW,ABW,2024,164.138645148918,,,,
Aruba,AW,ABW,2025,,,,,
Australia,AU,AUS,2002,41.3813128146921,,,20.6885878896859,18.2467566917432
Australia,AU,AUS,2003,40.1348011794482,,,19.7891403177955,18.5657879828597
Australia,AU,AUS,2004,36.9505159618289,,,20.2580997989942,19.8156853732279
Australia,AU,AUS,2005,39.0978822564811,,,25.5954420135177,23.0063825416372
Australia,AU,AUS,2006,41.4878923489153,,,24.0426378728198,27.362988550363
Australia,AU,AUS,2007,41.9297451276561,,,22.753481991862,29.0846590114225
Australia,AU,AUS,2008,42.7522207880308,,,32.0401854111947,27.8135739734934
Australia,AU,AUS,2009,45.5936120867789,,,29.5069766889764,27.6964739947355
Australia,AU,AUS,2010,40.3905070860606,,,28.8807033400941,33.9592479625193
Australia,AU,AUS,2011,41.7219860149689,,,28.1410909707876,36.6251497222705
Australia,AU,AUS,2012,43.0198495527558,,,28.4455055361525,34.1293825867081
Australia,AU,AUS,2013,41.100511881056,,,25.8653275837181,38.2226138969482
Australia,AU,AUS,2014,42.2993095385282,,,26.5990592811953,37.0261770580942
Australia,AU,AUS,2015,41.4947506939901,,,25.2908141411795,32.1805032494418
Australia,AU,AUS,2016,40.813402217321,,,25.5970925023236,31.5276869213515
Australia,AU,AUS,2017,42.0354135251854,,,30.3161990720307,31.3992387696894
Australia,AU,AUS,2018,43.5732253645218,,,35.535320392044,29.7317933529164
Australia,AU,AUS,2019,46.0016827052171,,,32.4480251523319,34.4951798416859
Australia,AU,AUS,2020,44.499564103879,,,21.3125228177134,40.6984142625159
Australia,AU,AUS,2021,40.2022359390595,,,27.706071696529,42.8423223013758
Australia,AU,AUS,2022,45.6946418805752,,,42.6954661318656,30.1757700607275
Australia,AU,AUS,2023,49.044339318428,,,34.9834475509909,35.3042339341114
Australia,AU,AUS,2024,47.1453811065195,,,33.1901228403116,34.1553248854625
Australia,AU,AUS,2025,45.9014493880126,,,26.8943988141127,34.6431987175618
Austria,AT,AUT,2002,87.5844937054619,,,2.24906607244156,2.24138777755563
Austria,AT,AUT,2003,86.8822263228608,,,2.5489056418814,2.51799343005021
Austria,AT,AUT,2004,91.4742201880009,,,3.17656995734426,2.60321583463051
Austria,AT,AUT,2005,94.6747547827805,,,4.60333218495356,2.70396684717196
Austria,AT,AUT,2006,98.7857253161241,,,5.2681877115794,3.27475544453107
Austria,AT,AUT,2007,101.36495843546,,,2.66455677761046,3.35847359103035
Austria,AT,AUT,2008,102.7437043613,,,3.35651236700774,3.37659472741913
Austria,AT,AUT,2009,87.6004931021953,,,3.44074449282016,3.07543478256446
Austria,AT,AUT,2010,99.6448825546716,,,3.21014269226814,3.83863185955932
Austria,AT,AUT,2011,105.775098372378,,,3.37634985098465,3.82212306620259
Austria,AT,AUT,2012,105.840791389706,,,3.66210720141734,3.72523120716525
Austria,AT,AUT,2013,104.985374015367,,,2.70144215235651,3.23948473319676
Austria,AT,AUT,2014,104.49673998926,,,2.39395279884492,3.07965916100777
Austria,AT,AUT,2015,103.11758174626,,,1.96118695545097,3.27015967706261
Austria,AT,AUT,2016,101.573494597172,,,1.69166556589744,3.14265791076177
Austria,AT,AUT,2017,105.556066755438,,,1.8985454600636,3.39543254731648
Austria,AT,AUT,2018,108.377969971828,,,2.09499489553737,3.1315905069502
Austria,AT,AUT,2019,108.207284904426,,,2.2180900828378,2.90741836568379
Austria,AT,AUT,2020,99.9482141095975,,,1.94118859387382,2.99075729896985
Austria,AT,AUT,2021,111.032932124165,,,2.47004433673372,3.46976797539861
Austria,AT,AUT,2022,123.579578652902,,,3.8671447462232,3.44223633456495
Austria,AT,AUT,2023,115.152914822732,,,3.56336364584427,3.02826727077609
Austria,AT,AUT,2024,108.825777834405,,,2.77111216210029,3.27026243038932
Austria,AT,AUT,2025,107.01983926573,,,,
Azerbaijan,AZ,AZE,2002,92.8181443298969,4.8411,42.3396697839358,88.9208300128298,0.832718306060542
Azerbaijan,AZ,AZE,2003,107.551948506262,5.257,40.9766449688171,86.0089729413218,2.31054578108109
Azerbaijan,AZ,AZE,2004,121.507115894117,6.2939,49.0328993417294,82.2163751465054,2.80245606627803
Azerbaijan,AZ,AZE,2005,115.841884607706,8.1936,51.8817088305981,76.7637229555425,3.66815156425269
Azerbaijan,AZ,AZE,2006,105.262399846369,18.4371,88.6534658294577,84.5911224641435,3.77277718486295
Azerbaijan,AZ,AZE,2007,96.6418081486575,28.8451,108.885558294982,81.3989395177286,2.81091859291466
Azerbaijan,AZ,AZE,2008,89.2428968637573,25.1181,142.997640976669,97.082781910105,0.403601395200117
Azerbaijan,AZ,AZE,2009,74.7440416836369,12.992,117.121445646584,92.8567081297116,0.273775066472502
Azerbaijan,AZ,AZE,2010,74.9859884610856,13.7121,87.9700122168433,94.5094608476658,0.118246246777953
Azerbaijan,AZ,AZE,2011,80.5080450059522,1.1784,133.045169168427,94.7473907889811,0.194087430095086
Azerbaijan,AZ,AZE,2012,78.263069540422,15.024,103.874731461939,93.4193317126618,0.704493440603918
Azerbaijan,AZ,AZE,2013,74.6758447629851,15.145,143.206712543572,92.9958063644981,0.487873498318595
Azerbaijan,AZ,AZE,2014,69.4832251953347,16.6763,128.767205520909,92.7612993182849,0.512269048937149
Azerbaijan,AZ,AZE,2015,72.6015079073189,11.7422,53.6498229835831,88.4616496005164,0.863908492008998
Azerbaijan,AZ,AZE,2016,90.0773187345677,9.6475,46.2934549156154,91.6996216529,1.0959919101039
Azerbaijan,AZ,AZE,2017,90.4023156823216,4.4104,45.9295554056563,90.5986895127131,1.21424571242954
Azerbaijan,AZ,AZE,2018,91.6725765369825,3.4604,40.6734000451244,91.7363919755309,0.918083805378015
Azerbaijan,AZ,AZE,2019,85.8181454084561,3.7526,43.0074672150871,90.654373992013,0.999163914865887
Azerbaijan,AZ,AZE,2020,72.0178676487811,2.7597,47.4538716458074,87.2469415054118,1.29170993599265
Azerbaijan,AZ,AZE,2021,76.286865687015,0,53.2195100341387,88.4074490811342,1.24163681141355
Azerbaijan,AZ,AZE,2022,86.9822732541779,3.2754,73.3520002245554,92.537559408706,0.777041765952475
Azerbaijan,AZ,AZE,2023,83.5358861156321,4.0888,91.7206813783522,91.499871108591,0.762659458805416
Azerbaijan,AZ,AZE,2024,82.5675246316515,1.7904,104.096118672557,87.9785269977749,1.02707733667075
Azerbaijan,AZ,AZE,2025,79.8295815452306,,,85.9240304942722,1.52277391038872
"Bahamas, The",BS,BHS,2002,70.2779817050926,,,0.0101345653262008,8.74815547963699
"Bahamas, The",BS,BHS,2003,71.063540505226,,,0,11.2866119677956
"Bahamas, The",BS,BHS,2004,76.0019833710461,,,0,9.05397782679463
"Bahamas, The",BS,BHS,2005,81.3962709176308,,,,5.48614661750262
"Bahamas, The",BS,BHS,2006,87.5507143032777,,,0,3.98151689997822
"Bahamas, The",BS,BHS,2007,88.0128155625079,,,0,11.2620270954477
"Bahamas, The",BS,BHS,2008,87.4292228766863,,,0,10.9131436511875
"Bahamas, The",BS,BHS,2009,76.5210439633098,,,0,9.60552528438173
"Bahamas, The",BS,BHS,2010,78.6756024311196,,,0,11.0364205028879
"Bahamas, The",BS,BHS,2011,88.3336891598687,,,0,8.99902391346606
"Bahamas, The",BS,BHS,2012,84.2515204656543,,,0.00201845003165779,6.7123021045359
"Bahamas, The",BS,BHS,2013,84.5484138879077,,,0,6.25530292536778
"Bahamas, The",BS,BHS,2014,80.5370272284116,,,0,9.52541435386065
"Bahamas, The",BS,BHS,2015,69.6779752652565,,,0,10.2197928434957
"Bahamas, The",BS,BHS,2016,67.212921580015,,,11.3008284606627,2.04009425862707
"Bahamas, The",BS,BHS,2017,68.334284038596,,,15.357742606313,2.45879849006135
"Bahamas, The",BS,BHS,2018,72.1542685971043,,,19.3742198220677,3.55557414413161
"Bahamas, The",BS,BHS,2019,68.7866234842208,,,14.7790875758671,2.98715618125877
"Bahamas, The",BS,BHS,2020,53.4207580670063,,,28.392511561772,5.82212549845937
"Bahamas, The",BS,BHS,2021,65.9325413308964,,,9.40273276775171e-4,4.85042588918349
"Bahamas, The",BS,BHS,2022,75.9829601059237,,,0,21.2250014640383
"Bahamas, The",BS,BHS,2023,76.5494751592857,,,0,25.7722064329118
"Bahamas, The",BS,BHS,2024,79.2424586933455,,,0,16.0508789788562
"Bahamas, The",BS,BHS,2025,,,,,
Bahrain,BH,BHR,2002,131.133634216392,,,69.3664039673791,17.4608099674132
Bahrain,BH,BHR,2003,128.091582155216,,,72.5185966870439,17.2730286341837
Bahrain,BH,BHR,2004,140.737310039923,,,75.5437259663915,15.3212359978619
Bahrain,BH,BHR,2005,148.313525108923,,,78.1592802795663,15.2279471863808
Bahrain,BH,BHR,2006,147.104181068989,,,80.5878626999227,13.8293818588166
Bahrain,BH,BHR,2007,137.785050572304,,,80.8287980658625,10.8142981960867
Bahrain,BH,BHR,2008,145.882511145821,,,69.062284938086,17.0844162960393
Bahrain,BH,BHR,2009,117.963725409489,,,68.6020433823247,15.3644145121216
Bahrain,BH,BHR,2010,115.561486449616,,,74.3474756294398,18.0993102406196
Bahrain,BH,BHR,2011,167.529641035854,,,71.8441684413074,21.4450767553946
Bahrain,BH,BHR,2012,178.824020821684,,,64.1472033708371,21.0929435373761
Bahrain,BH,BHR,2013,184.58950884485,,,59.0027891704387,18.3403450533954
Bahrain,BH,BHR,2014,168.57585814186,,,66.8346508823664,15.091486540845
Bahrain,BH,BHR,2015,147.916060172904,,,50.3566602372733,22.8877066172616
Bahrain,BH,BHR,2016,132.822997902774,,,45.0173153136849,28.0139463125409
Bahrain,BH,BHR,2017,136.429239810394,,,50.1771114184211,24.8675918731589
Bahrain,BH,BHR,2018,144.075372574535,,,53.3203933261076,22.7763946036025
Bahrain,BH,BHR,2019,135.417543398211,,,42.1282144838203,23.7550562090269
Bahrain,BH,BHR,2020,135.460985012931,,,29.8191901321903,31.1602640812126
Bahrain,BH,BHR,2021,153.799316485108,,,0.0520982100390362,41.522451201791
Bahrain,BH,BHR,2022,167.141241152535,,,0.0426131887253156,44.1100396241829
Bahrain,BH,BHR,2023,157.447854682297,,,0.252930709797225,62.3200686306776
Bahrain,BH,BHR,2024,157.480869430187,,,3.71894251415909e-4,64.7786518591568
Bahrain,BH,BHR,2025,,,,,
Bangladesh,BD,BGD,2002,28.9673807211649,3.4282,10.317457957716,0.305510455605223,0.0410228945664486
Bangladesh,BD,BGD,2003,27.657884900158,3.3459,14.2330258441052,0.32333946274161,0.0234516661687324
Bangladesh,BD,BGD,2004,26.8582341492431,3.6116,16.3424347662756,0.468507399136077,0.159890241832099
Bangladesh,BD,BGD,2005,34.396934864465,3.7206,15.2677497212828,0.579319820624958,0.197936065954641
Bangladesh,BD,BGD,2006,38.1119244325921,5.8429,19.2310716656831,0.761449863704974,0.334982177296064
Bangladesh,BD,BGD,2007,39.9423826531735,6.3635,24.519564425641,1.62282630256016,0.425047394742913
Bangladesh,BD,BGD,2008,42.6209140325589,8.1104,24.7885228337317,1.41061914831305,0.326725359622683
Bangladesh,BD,BGD,2009,40.092796223023,7.6181,40.7503640612413,1.72665865195063,0.331266388916683
Bangladesh,BD,BGD,2010,37.8028426708321,11.092,42.0552900501765,1.87340450699641,0.461533261380147
Bangladesh,BD,BGD,2011,47.4208498356898,7.7768,33.9226537610405,1.15197562004724,0.448393262306309
Bangladesh,BD,BGD,2012,48.1109227490467,6.7127,43.7448109265041,1.82373354611352,0.417876025550295
Bangladesh,BD,BGD,2013,46.2964027228174,11.5015,55.7321325905839,1.13549487669373,0.314194015485004
Bangladesh,BD,BGD,2014,44.5140801968096,11.769,63.2814011361632,,
Bangladesh,BD,BGD,2015,42.0859963070382,17.1025,70.9115641691622,0.561290711404927,0.171611767409981
Bangladesh,BD,BGD,2016,31.3341501346142,18.8471,77.6627826782279,0.799979316816806,0.199272689588463
Bangladesh,BD,BGD,2017,29.9997306724343,21.0795,65.464277679013,0.682738569544682,0.27752243063948
Bangladesh,BD,BGD,2018,32.5146317240884,15.8062,56.0667416901543,1.09687826106508,0.293795364051544
Bangladesh,BD,BGD,2019,31.5780544912404,15.5876,52.3416245356637,,
Bangladesh,BD,BGD,2020,26.271447376215,14.9372,58.6964402823905,,
Bangladesh,BD,BGD,2021,27.7240047036631,19.7733,50.4664939478855,,
Bangladesh,BD,BGD,2022,33.7799672705735,19.1141,34.810872230786,,
Bangladesh,BD,BGD,2023,30.9829714104596,14.0386,21.5641144045852,,
Bangladesh,BD,BGD,2024,26.7780758040478,12.3893,20.4760582869486,,
Bangladesh,BD,BGD,2025,27.9505840425563,,,,
Barbados,BB,BRB,2002,,,,3.73760032054702,0.267299366235007
Barbados,BB,BRB,2003,,,,7.46599553600199,0.248965013559044
Barbados,BB,BRB,2004,,,,8.82521057867061,0.90613929572652
Barbados,BB,BRB,2005,,,,7.98236011070781,1.04846695480096
Barbados,BB,BRB,2006,,,,9.42184797011257,1.50545438389599
Barbados,BB,BRB,2007,,,,22.9869568801375,2.35329767281046
Barbados,BB,BRB,2008,,,,8.50996783072109,2.70525018431841
Barbados,BB,BRB,2009,,,,5.18456879487088,1.61300099265184
Barbados,BB,BRB,2010,,,,0.0215007876587993,1.01756538281327
Barbados,BB,BRB,2011,,,,7.36580750644772,1.02356517998682
Barbados,BB,BRB,2012,,,,10.7950394747413,0.770534088698877
Barbados,BB,BRB,2013,,,,9.10293159403012,0.969629793579988
Barbados,BB,BRB,2014,,,,9.33818103701665,1.24356355057018
Barbados,BB,BRB,2015,,,,5.52690134911485,0.992124595163528
Barbados,BB,BRB,2016,,,,3.52972091368079,0.699242972272679
Barbados,BB,BRB,2017,,,,5.19912675338697,0.744969770357196
Barbados,BB,BRB,2018,,,,4.63274425971415,1.43572166566511
Barbados,BB,BRB,2019,,,,28.6991817107129,1.52044437203694
Barbados,BB,BRB,2020,,,,4.77621164002592,2.77842723237982
Barbados,BB,BRB,2021,,,,4.66497674571382,2.62466513476253
Barbados,BB,BRB,2022,,,,9.75673125996316,3.7291549541843
Barbados,BB,BRB,2023,,,,8.61083535758761,6.72142012750725
Barbados,BB,BRB,2024,,,,8.01009522603034,7.62916158715904
Barbados,BB,BRB,2025,,,,,
Belarus,BY,BLR,2002,131.002058282291,47.926,20.2224100029647,20.2522119679159,1.33298931592816
Belarus,BY,BLR,2003,134.141852273225,52.2527,16.8416526753307,22.0611954944767,0.981971061661872
Belarus,BY,BLR,2004,142.136510387704,63.8083,18.1894121893107,26.8898936681252,0.734917886077151
Belarus,BY,BLR,2005,118.88435169233,66.0932,25.3165072259079,34.7813440418958,0.531004118882829
Belarus,BY,BLR,2006,124.295103889386,66.7782,21.1275442955884,38.31545746177,0.492787628898696
Belarus,BY,BLR,2007,128.153877979073,58.7665,33.3589348579889,35.0680059075822,0.654563966483715
Belarus,BY,BLR,2008,129.599478545475,49.8781,20.2150382121315,37.1188986398407,0.50992269282586
Belarus,BY,BLR,2009,108.63564482836,41.108,25.5459693030571,37.44466887987,0.594920082534629
Belarus,BY,BLR,2010,115.917972989303,41.7558,17.6876484330789,27.7492513357239,0.704441491780973
Belarus,BY,BLR,2011,157.974255073313,39.6241,23.1732856665727,35.0487528909667,0.59268245732263
Belarus,BY,BLR,2012,153.085269313372,34.4691,23.9810899688808,35.5859989815444,0.612967215433543
Belarus,BY,BLR,2013,119.815965235724,35.5341,16.8148435583615,32.372417741947,0.912586019560614
Belarus,BY,BLR,2014,110.651424367582,32.0574,12.664909807008,33.4920515927579,0.862393216943491
Belarus,BY,BLR,2015,115.914826201946,29.9924,10.9070151443608,29.1387059964971,0.924685139506525
Belarus,BY,BLR,2016,125.209322899662,28.3131,13.081391526721,20.5995665315743,1.23443353839957
Belarus,BY,BLR,2017,133.367754723012,24.5668,18.4801835036805,23.5673852175462,1.24287299184423
Belarus,BY,BLR,2018,139.393736250171,24.572,18.4627536248226,25.1356889584766,1.09428113528576
Belarus,BY,BLR,2019,130.850406102184,25.0367,23.0613001630684,20.6985181763427,1.19713012809201
Belarus,BY,BLR,2020,118.934176146534,24.1229,17.8701144385843,12.612946389206,1.25760287868434
Belarus,BY,BLR,2021,136.014167877476,24.8828,20.2256790754571,,1.14504386655469
Belarus,BY,BLR,2022,120.024207576094,25.4502,19.8784623249581,,
Belarus,BY,BLR,2023,131.584674884961,28.4192,22.0745117992881,,
Belarus,BY,BLR,2024,128.242832314614,29.0171,26.0460371102553,,
Belarus,BY,BLR,2025,112.107625821378,,,,
Belgium,BE,BEL,2002,136.085149488081,,,4.34668748676423,2.25101082413828
Belgium,BE,BEL,2003,132.715552833888,,,5.34845991089838,2.11990649413701
Belgium,BE,BEL,2004,136.918405348432,,,5.76918485611779,2.52377003609957
Belgium,BE,BEL,2005,144.529050669983,,,7.07173210089715,2.59857311443977
Belgium,BE,BEL,2006,149.567509299511,,,7.94534285062889,3.50468918414622
Belgium,BE,BEL,2007,152.468446875303,,,7.08101586489845,3.65372451520351
Belgium,BE,BEL,2008,161.088447790447,,,9.30589462902827,3.30904384994604
Belgium,BE,BEL,2009,135.13840572229,,,7.51109808223464,2.71486724599043
Belgium,BE,BEL,2010,150.162563621427,,,10.3739901023143,4.28571775446529
Belgium,BE,BEL,2011,160.765516888126,,,12.1931618935507,4.20088249123054
Belgium,BE,BEL,2012,160.383301425059,,,13.0325708988809,4.1306352162829
Belgium,BE,BEL,2013,157.573622782434,,,13.3095614294528,3.31591363730275
Belgium,BE,BEL,2014,158.571610953523,,,11.412711291998,2.7948775193134
Belgium,BE,BEL,2015,155.068682045926,,,8.79106425780424,2.78669944994158
Belgium,BE,BEL,2016,159.057696611945,,,6.4322902040803,2.41418719107926
Belgium,BE,BEL,2017,166.904078237791,,,7.24844554179977,2.7066942443397
Belgium,BE,BEL,2018,168.277692877218,,,8.57049718783793,3.5123631521487
Belgium,BE,BEL,2019,165.46547893199,,,7.37737113355612,3.78378864789919
Belgium,BE,BEL,2020,156.950121282783,,,5.01820736696729,4.36795342800232
Belgium,BE,BEL,2021,177.381912201075,,,8.81647347599391,4.92750514871567
Belgium,BE,BEL,2022,191.053418131592,,,20.0905155012378,3.9270101316318
Belgium,BE,BEL,2023,165.987440736442,,,13.169192837343,3.67137717060197
Belgium,BE,BEL,2024,159.023481148927,,,11.6008457411399,3.51802851603446
Belgium,BE,BEL,2025,152.917788719365,,,,
Belize,BZ,BLZ,2002,93.0794584713606,5.4029,13.4788233379595,,0.00276317488319871
Belize,BZ,BLZ,2003,94.3631228859413,7.6274,7.97603665040269,0,9.66603817149925e-4
Belize,BZ,BLZ,2004,86.3853536846826,0.1354,4.99593770724987,0,0.0158014912910243
Belize,BZ,BLZ,2005,92.9971266332515,0.67,6.97420888353491,9.66092252654547e-5,0.0213526205113632
Belize,BZ,BLZ,2006,98.8810743235728,0.7327,10.7871576101921,16.5478630134207,3.0049612469423e-4
Belize,BZ,BLZ,2007,95.9555511519831,0.6763,10.0895181042337,28.2080349952341,0.00201298987487365
Belize,BZ,BLZ,2008,105.461874277231,0.5866,13.0243875497991,40.2623125180607,0.00489429493888928
Belize,BZ,BLZ,2009,89.5808843860925,0.7365,16.5496119368874,25.8085704366833,4.66900444325505e-4
Belize,BZ,BLZ,2010,94.8581591507411,0.5301,16.7193515154338,37.1944862769906,1.6704211016779e-4
Belize,BZ,BLZ,2011,106.914960208874,0.6133,18.601737160654,44.5580996301928,2.5566940342559e-4
Belize,BZ,BLZ,2012,111.166652365429,0.513,24.1503780220397,27.4551312552667,7.20932903446682e-4
Belize,BZ,BLZ,2013,108.672614067831,0.458,32.2418495002666,20.9670865539507,0.0106100068352302
Belize,BZ,BLZ,2014,107.112517468788,0.4222,37.8351756496298,16.6705063912502,0.197689502696228
Belize,BZ,BLZ,2015,104.070958799941,0.5539,34.1441732760708,6.83236378761448,0.12295214623729
Belize,BZ,BLZ,2016,96.4998358304218,0.3174,29.186674977094,5.65364617406328,0.186814220100827
Belize,BZ,BLZ,2017,97.7072571800462,0.3586,23.3044181726528,5.15055462425894,0.255115152435969
Belize,BZ,BLZ,2018,100.989214362975,0.2692,21.8225401369113,6.265705329514,0.532374635412515
Belize,BZ,BLZ,2019,102.441856907677,0.3054,20.1452180597144,4.92119659816311,0.604867424732142
Belize,BZ,BLZ,2020,81.6431433128545,0.5228,22.7828036933756,1.33446382524292,0.559066913235734
Belize,BZ,BLZ,2021,98.9824369429997,0.6761,28.9300835883671,1.9752485159619,1.02940939359212
Belize,BZ,BLZ,2022,107.840250086037,0.6706,32.772425183168,0.490776969983607,0.690884201579686
Belize,BZ,BLZ,2023,106.400505850771,0.7638,31.2012141316462,0.358392074557063,0.716152282718424
Belize,BZ,BLZ,2024,108.972446521476,0.8433,31.9503098720715,0.00484169297304625,0.435202560735789
Belize,BZ,BLZ,2025,,,,0.00968208800627305,0.578463558546483
Benin,BJ,BEN,2002,43.7684225364311,12.2049,,0.232344230707454,0.113155802213012
Benin,BJ,BEN,2003,41.6162305574334,9.3013,,0,0.168931912483678
Benin,BJ,BEN,2004,39.9029743365096,15.9927,,0,0.374631626779775
Benin,BJ,BEN,2005,39.0959311879142,13.7224,,0,0.549277174532844
Benin,BJ,BEN,2006,39.7746987128551,36.6579,,0.381017075307626,0.642109709843069
Benin,BJ,BEN,2007,49.1137841529705,29.163,,3.06388129136822,1.16023297032455
Benin,BJ,BEN,2008,47.7753592695169,28.8875,,0.266725846929541,1.78064272230666
Benin,BJ,BEN,2009,44.7026290629806,28.5887,,0.00831790015687306,0.717989245392386
Benin,BJ,BEN,2010,51.4308599492924,28.8059,,0.0107280032335427,0.99834562553885
Benin,BJ,BEN,2011,47.2170288118403,32.954,,0.105567023678659,3.57189559019471
Benin,BJ,BEN,2012,50.7367367791134,36.4578,,0.00511876177575908,2.23392683287111
Benin,BJ,BEN,2013,59.2001918331875,32.9829,,0.00237065230925798,2.87445918505393
Benin,BJ,BEN,2014,65.2682749404551,36.7196,,0.254303969330284,4.37903960709347
Benin,BJ,BEN,2015,56.7563131849476,35.7424,,0.0143291813305386,1.93424573435646
Benin,BJ,BEN,2016,58.9869283378276,25.8247,,0.046990129189722,2.334836574266
Benin,BJ,BEN,2017,61.4765969588474,19.1984,,0.0293425152703835,0.536547485699829
Benin,BJ,BEN,2018,61.7951944903448,30.1014,,0.00438671659822245,0.221962327295871
Benin,BJ,BEN,2019,63.68133231423,18.9051,,0.0242825113208234,0.133769155928354
Benin,BJ,BEN,2020,44.8332333768726,17.2749,,0.0148050014116978,0.0730241971742847
Benin,BJ,BEN,2021,48.0548608324409,17.3177,,0.0043567532119519,0.19442028260652
Benin,BJ,BEN,2022,44.3815928877424,15.1548,,0.00331545034449681,0.357911777997014
Benin,BJ,BEN,2023,44.6631308180211,10.3235,,0.00158718126210844,0.262688240888072
Benin,BJ,BEN,2024,40.6398022401523,8.9652,,5.14745189857092e-6,0.0708610340008799
Benin,BJ,BEN,2025,37.1169356248994,,,,
Bermuda,BM,BMU,2002,,,,,
Bermuda,BM,BMU,2003,,,,,
Bermuda,BM,BMU,2004,,,,,
Bermuda,BM,BMU,2005,,,,,
Bermuda,BM,BMU,2006,,,,,
Bermuda,BM,BMU,2007,,,,,
Bermuda,BM,BMU,2008,,,,,
Bermuda,BM,BMU,2009,,,,,
Bermuda,BM,BMU,2010,74.595080341836,,,,
Bermuda,BM,BMU,2011,76.2704368073774,,,,
Bermuda,BM,BMU,2012,73.7823030616219,,,6.32006619145502,0.00381330277426609
Bermuda,BM,BMU,2013,76.2701066974999,,,,0.396888618066497
Bermuda,BM,BMU,2014,76.5167474588353,,,,0.0327944159423139
Bermuda,BM,BMU,2015,73.2954985174785,,,0.0476663771117887,0.0332040967569467
Bermuda,BM,BMU,2016,72.7499093828891,,,0.188436539399564,0.0307067518424352
Bermuda,BM,BMU,2017,72.3924284503794,,,0.151351973732955,0.0490028841356867
Bermuda,BM,BMU,2018,77.5552703807388,,,0.05428059229872,0.025894247335234
Bermuda,BM,BMU,2019,77.5601016506443,,,0.0105468909554335,0.0076735153629815
Bermuda,BM,BMU,2020,70.5898221728952,,,0.0420551207893841,0.00491009500876803
Bermuda,BM,BMU,2021,72.9270921395872,,,0.0238260476397317,0.00318518842677152
Bermuda,BM,BMU,2022,77.9770526954316,,,0.0247682569255673,0.0323413065804343
Bermuda,BM,BMU,2023,77.6465295570053,,,0.00539830469000942,0.0338841219569918
Bermuda,BM,BMU,2024,80.2060884448408,,,4.11203555491298e-4,0.00379302354389126
Bermuda,BM,BMU,2025,,,,,
Bhutan,BT,BTN,2002,70.2833172005966,0.2649,91.9439265523118,,
Bhutan,BT,BTN,2003,72.8499006593611,0.8915,74.2659949303357,,
Bhutan,BT,BTN,2004,89.0605518004294,0,66.2911793751422,,
Bhutan,BT,BTN,2005,97.7434135429344,1.9,71.1886434653154,30.9371095810558,8.37028143043405
Bhutan,BT,BTN,2006,108.157794891125,2.2187,75.6226911411035,27.1858253436532,11.682288440842
Bhutan,BT,BTN,2007,106.929022415,2.2465,87.2461399836154,36.5144600023802,14.8806861198291
Bhutan,BT,BTN,2008,101.954235669521,1.1542,110.349130049691,48.9175130454485,1.30154272797893
Bhutan,BT,BTN,2009,101.559411565244,0.6356,113.266122279805,42.4687234160254,10.2339953444031
Bhutan,BT,BTN,2010,105.010666693593,0.6419,107.223166640726,1.17938116636528,21.9335876606203
Bhutan,BT,BTN,2011,102.795600221106,0.7473,73.7645463454406,1.32603384643971,21.4084610573437
Bhutan,BT,BTN,2012,94.0450271469571,5.1736,65.8558290345514,32.9166462100962,11.5094290221172
Bhutan,BT,BTN,2013,95.0525382780424,0,60.8854426754968,,
Bhutan,BT,BTN,2014,87.9342562013295,0.1758,64.1415165348164,,
Bhutan,BT,BTN,2015,89.6391604595496,0,52.2560289149639,,
Bhutan,BT,BTN,2016,76.3847528498375,0.0036,47.1729220112149,0.359959674945716,15.2900564619917
Bhutan,BT,BTN,2017,76.7884016850221,0.111,44.5443158197883,0.837284350231017,17.1860065542424
Bhutan,BT,BTN,2018,79.7397203296083,0.1626,37.2268313013716,0.923853378618622,20.7580663311228
Bhutan,BT,BTN,2019,76.1235167041505,0.9906,44.1675414959742,0.564427068374655,33.939135678699
Bhutan,BT,BTN,2020,71.8303510394637,0.0449,44.084711244871,0.031781268967114,23.0631201264381
Bhutan,BT,BTN,2021,77.5824482709826,0.0903,32.1091511434102,,
Bhutan,BT,BTN,2022,85.5712165226139,0.1743,26.1294905950373,8.49772301445061e-4,21.9845199576436
Bhutan,BT,BTN,2023,81.7366278539811,0.0284,20.034922230407,1.26714234700656e-4,28.198015003149
Bhutan,BT,BTN,2024,79.3625417953324,0,27.6762818064993,,
Bhutan,BT,BTN,2025,,,,1.36608692237691e-4,25.9975941717936
Bolivia,BO,BOL,2002,49.3502603725957,7.2449,17.4804802175194,24.9742676784933,18.5272050685105
Bolivia,BO,BOL,2003,51.967836443987,5.6618,18.7059258345077,30.1389419296459,17.6932791680357
Bolivia,BO,BOL,2004,57.4642660901316,4.3344,20.2311948579188,37.5739969111581,18.5649435013146
Bolivia,BO,BOL,2005,67.6419413613743,2.6084,25.7617303224468,47.8301459653094,16.3854420918351
Bolivia,BO,BOL,2006,74.537848431547,9.8277,51.0566047007599,48.8382325972114,22.0373220569285
Bolivia,BO,BOL,2007,76.0619114476148,4.4029,104.913345454048,47.5095338694939,26.2629671426936
Bolivia,BO,BOL,2008,82.8670208961798,4.7365,135.409787673927,51.1866049934702,25.8817263896327
Bolivia,BO,BOL,2009,68.6270739127592,5.2661,148.340758796825,39.5433516744626,31.9678407586727
Bolivia,BO,BOL,2010,75.5116262512877,5.8225,168.45280249749499,43.2688115125649,32.876655560038
Bolivia,BO,BOL,2011,82.4803954243518,5.2368,194.025796807015,45.3581817460597,34.4913812656436
Bolivia,BO,BOL,2012,84.9487611684942,4.9834,210.428882034944,50.0146584363154,22.3428743824272
Bolivia,BO,BOL,2013,81.2309075267174,3.0754,177.222385250549,54.5398474110676,20.5196465688681
Bolivia,BO,BOL,2014,85.2644695625131,3.2519,170.297758297854,51.740358250386,19.8526075048587
Bolivia,BO,BOL,2015,67.9328451905248,4.3051,131.878236973897,46.1471961581206,24.2831109200154
Bolivia,BO,BOL,2016,56.4010345026573,4.3204,91.4443892669961,31.1663267980126,32.6279589961985
Bolivia,BO,BOL,2017,45.5761123650708,2.0785,78.8754726509033,33.2474626156162,34.6200209998608
Bolivia,BO,BOL,2018,46.9261953417368,5.3063,67.4015666576704,34.8526923233055,31.649587526274
Bolivia,BO,BOL,2019,45.8209732749024,4.4564,45.1393716431982,32.0714901886577,28.7308578790733
Bolivia,BO,BOL,2020,37.5164342446486,3.7446,34.0284722019664,29.4701072049889,26.9900375271782
Bolivia,BO,BOL,2021,47.6670843158984,4.7382,29.5163042137281,21.4767656503189,30.7299289920912
Bolivia,BO,BOL,2022,57.5249335789631,3.9596,23.5529951100817,22.7288338190063,26.7709560207193
Bolivia,BO,BOL,2023,49.6083255594597,4.8621,11.0350714087569,19.7390284484517,29.5215239053543
Bolivia,BO,BOL,2024,46.9778716148403,4.0423,12.5784309103071,18.9433899156143,43.5898503549869
Bolivia,BO,BOL,2025,,,,,
Bosnia and Herzegovina,BA,BIH,2002,78.7274783626,10.7376,41.8697259324451,,
Bosnia and Herzegovina,BA,BIH,2003,80.5694572639365,2.2939,40.0016333328699,4.48109797542237,14.1458087590531
Bosnia and Herzegovina,BA,BIH,2004,81.8126861817184,4.5123,43.4626047298721,7.81576837018185,16.9822050440838
Bosnia and Herzegovina,BA,BIH,2005,84.3554628217984,11.6067,36.0165042814636,8.88360780875633,22.5414758916863
Bosnia and Herzegovina,BA,BIH,2006,79.8299477752016,13.3597,42.242821884458,8.17226318795492,20.4268467439523
Bosnia and Herzegovina,BA,BIH,2007,83.551858889163,11.9069,43.2820521460693,7.91883942765507,17.5666810984185
Bosnia and Herzegovina,BA,BIH,2008,86.1628798430504,8.8147,33.983184152605,9.80567590825645,15.0294476539482
Bosnia and Herzegovina,BA,BIH,2009,73.7474942255023,10.3477,32.4928648727908,13.1911783291495,10.7185151072861
Bosnia and Herzegovina,BA,BIH,2010,80.9682159626823,8.0032,30.7253942732471,15.0867195793133,14.3518293177313
Bosnia and Herzegovina,BA,BIH,2011,87.8363477136556,10.7028,34.232582230897,13.9727649944684,14.7489634570659
Bosnia and Herzegovina,BA,BIH,2012,88.1451088628529,8.6685,33.6171002783203,8.96086345617272,13.8812201411414
Bosnia and Herzegovina,BA,BIH,2013,87.9312380280562,7.3703,36.0141763430431,11.384896219285,11.2081708994328
Bosnia and Herzegovina,BA,BIH,2014,90.5522780395662,5.9473,37.0142887410988,9.57797851169659,9.98664989459744
Bosnia and Herzegovina,BA,BIH,2015,88.291992587588,5.5471,41.1046253104467,7.01000092060972,9.04626554805388
Bosnia and Herzegovina,BA,BIH,2016,88.2440340022738,5.5482,44.0339757730232,6.79971818242652,7.31568328422097
Bosnia and Herzegovina,BA,BIH,2017,96.6458803566861,2.186,49.5595809392239,8.36280425942988,8.6133788945846
Bosnia and Herzegovina,BA,BIH,2018,98.4320694182631,22.8567,52.4472788370741,9.78065848601169,8.79749238974213
Bosnia and Herzegovina,BA,BIH,2019,94.516125154246,22.1271,56.7663415856987,8.09164661465603,6.95031546125849
Bosnia and Herzegovina,BA,BIH,2020,82.5216467994007,19.8782,62.2819521290763,6.74416697954237,5.5054757533271
Bosnia and Herzegovina,BA,BIH,2021,96.7391144408744,18.9512,68.9264335331916,8.53532677271493,9.55607236207608
Bosnia and Herzegovina,BA,BIH,2022,110.205283719751,19.5863,65.1912354434643,9.97765857658221,11.0691116965748
Bosnia and Herzegovina,BA,BIH,2023,99.6330317954442,20.8449,66.3735763351051,9.51399957988492,7.01678771456472
Bosnia and Herzegovina,BA,BIH,2024,94.7601778509961,22.1288,67.8177175008315,6.49177086548884,8.26696745615403
Bosnia and Herzegovina,BA,BIH,2025,95.1215717200063,,,6.50959880314454,9.70220134578208
Botswana,BW,BWA,2002,91.8357740585774,2.6457,1114.05678699853,0.0150951291427821,4.91441317938724
Botswana,BW,BWA,2003,85.8340425151264,4.4736,1038.6113916285601,0.0387045498035168,10.7245002172124
Botswana,BW,BWA,2004,90.9978228872631,4.0713,1097.60986919892,0.0353663109506885,11.2106514139581
Botswana,BW,BWA,2005,88.5053520573505,9.1197,1369.928922454,0.0896670943319664,11.4506030201838
Botswana,BW,BWA,2006,86.612433913524,0,2191.30845169159,0.139035466262334,16.6329202962184
Botswana,BW,BWA,2007,98.4965249407252,5.1741,2302.44161957135,0.248985732334312,23.2177835575531
Botswana,BW,BWA,2008,99.008222007989,10.0335,2033.10128091139,0.340599661785936,18.9550650392239
Botswana,BW,BWA,2009,88.4807886337378,9.6147,529.663216889198,0.31937447565658,15.7011045706592
Botswana,BW,BWA,2010,94.6390020873926,19.9232,436.385159533601,0.183842399501106,14.8128125013666
Botswana,BW,BWA,2011,98.9614677801469,16.9923,337.421678614236,0.671535557865948,8.65765255185259
Botswana,BW,BWA,2012,111.875280620952,16.5246,303.004443429937,0.983536494063304,9.36861731308661
Botswana,BW,BWA,2013,125.78303991122,16.7052,324.896734520726,0.683199567864681,9.17675940466915
Botswana,BW,BWA,2014,119.497541791464,16.8427,334.196373987034,0.721388991597743,6.87842773234643
Botswana,BW,BWA,2015,112.900891016005,17.301,339.457664192421,0.499566774779798,7.23455616795649
Botswana,BW,BWA,2016,100.464689766026,17.8611,338.90019048844,0.170072931434849,4.03406783470444
Botswana,BW,BWA,2017,81.9239513763494,6.2235,432.442116561293,0.150108239700374,2.5686042046248
Botswana,BW,BWA,2018,87.4551039946493,14.1413,375.25538337111,0.189801103867325,1.01152178764121
Botswana,BW,BWA,2019,83.0929813601175,8.8997,394.478446617987,0.293031074710632,0.782897705093807
Botswana,BW,BWA,2020,80.3250344865506,13.5849,308.230381544537,0.386274236787643,1.48964248285021
Botswana,BW,BWA,2021,91.0478497403998,7.8083,240.386165072404,0.389826717239094,2.50339632023003
Botswana,BW,BWA,2022,86.0696039867252,5.5939,213.65726831491,0.69397347454585,4.93737697816672
Botswana,BW,BWA,2023,70.1128327324509,13.2875,217.707693815969,0.667839081647159,10.746517291364
Botswana,BW,BWA,2024,69.4453508747185,6.241,149.080060409876,,
Botswana,BW,BWA,2025,69.5446677858652,,,,
Brazil,BR,BRA,2002,27.6183574022309,10.0864,16.3108841746678,4.88298916852666,8.74037070967909
Brazil,BR,BRA,2003,28.1403847231593,10.4253,20.8968285410462,5.18581641390888,8.53329654962629
Brazil,BR,BRA,2004,29.6782524787535,11.4489,23.9856828473815,4.57386755418818,8.93935202180293
Brazil,BR,BRA,2005,27.0867952043315,12.7375,28.5612586000166,5.99044785506381,10.0039567544992
Brazil,BR,BRA,2006,26.04169989179,10.4594,44.1798907661141,7.6849024441964,11.5153137673912
Brazil,BR,BRA,2007,25.2926113755394,16.4592,75.6291960464507,8.3200987153992,11.824211244797
Brazil,BR,BRA,2008,27.257569417356,13.9353,73.6938698274653,9.54679022247767,12.9310514381352
Brazil,BR,BRA,2009,22.1059756060333,14.126,84.6932365251895,8.99747965310975,12.5107496684766
Brazil,BR,BRA,2010,22.772178113177,18.5865,81.8966425105897,9.90018294064999,18.1365432959484
Brazil,BR,BRA,2011,23.9344051758721,10.4295,87.1213007876383,10.5615058710782,20.1070531698883
Brazil,BR,BRA,2012,25.1142736107398,7.3968,84.7137024600593,11.0241509437928,16.3040965781489
Brazil,BR,BRA,2013,25.7859573274674,6.9266,74.1762629517995,7.66385116284542,17.5580001748735
Brazil,BR,BRA,2014,24.6854058131291,10.4461,65.2823505942913,9.34729459467066,15.4956460079532
Brazil,BR,BRA,2015,26.95362593736,9.6322,65.5993217832774,7.36062490155865,12.1341102758254
Brazil,BR,BRA,2016,24.5336820777006,10.5294,67.1843870480633,6.45092898767891,11.7957523334983
Brazil,BR,BRA,2017,24.3197343743057,9.6516,68.8683600237238,8.70889192124879,13.0831098475533
Brazil,BR,BRA,2018,28.8762033763866,11.9842,67.1805182543684,12.7686622344956,12.6374485933875
Brazil,BR,BRA,2019,28.8902578698964,13.9226,62.7537910605853,13.7087051192779,14.1508177854909
Brazil,BR,BRA,2020,32.3020785437939,12.5576,64.7361134180489,11.8904796185398,16.15139770501
Brazil,BR,BRA,2021,37.6563307598082,13.7874,63.412804189153,13.6578322774084,19.7712118224733
Brazil,BR,BRA,2022,38.8160659763397,11.6997,56.0499006823757,16.9977876592036,11.9487430335173
Brazil,BR,BRA,2023,33.6662298301438,13.2521,58.4505936079669,16.2396336722963,12.3830665434344
Brazil,BR,BRA,2024,35.5845239386244,13.9202,54.4594828398705,16.958206628778,12.6428158614818
Brazil,BR,BRA,2025,35.2914822615074,,,16.1168674307759,12.2050024227843
British Virgin Islands,VG,VGB,2002,,,,,
British Virgin Islands,VG,VGB,2003,,,,,
British Virgin Islands,VG,VGB,2004,,,,,
British Virgin Islands,VG,VGB,2005,,,,,
British Virgin Islands,VG,VGB,2006,,,,,
British Virgin Islands,VG,VGB,2007,,,,,
British Virgin Islands,VG,VGB,2008,,,,,
British Virgin Islands,VG,VGB,2009,,,,,
British Virgin Islands,VG,VGB,2010,,,,,
British Virgin Islands,VG,VGB,2011,,,,,
British Virgin Islands,VG,VGB,2012,,,,,
British Virgin Islands,VG,VGB,2013,,,,,
British Virgin Islands,VG,VGB,2014,,,,,
British Virgin Islands,VG,VGB,2015,,,,,
British Virgin Islands,VG,VGB,2016,,,,,
British Virgin Islands,VG,VGB,2017,,,,,
British Virgin Islands,VG,VGB,2018,,,,,
British Virgin Islands,VG,VGB,2019,,,,,
British Virgin Islands,VG,VGB,2020,,,,,
British Virgin Islands,VG,VGB,2021,,,,,
British Virgin Islands,VG,VGB,2022,,,,,
British Virgin Islands,VG,VGB,2023,,,,,
British Virgin Islands,VG,VGB,2024,,,,,
British Virgin Islands,VG,VGB,2025,,,,,
Brunei Darussalam,BN,BRN,2002,93.2161814722477,,,93.2257316553347,0
Brunei Darussalam,BN,BRN,2003,89.085616098756,,,94.3811600976529,7.49943140981633e-4
Brunei Darussalam,BN,BRN,2004,84.8821666638192,,,91.4092795877882,0.117652360794579
Brunei Darussalam,BN,BRN,2005,81.6201140155232,,,,
Brunei Darussalam,BN,BRN,2006,81.5709547429689,,,96.3258016729359,0.115295319261917
Brunei Darussalam,BN,BRN,2007,81.0114146368958,,,96.1451798351386,0.0918781888801317
Brunei Darussalam,BN,BRN,2008,89.7454253523344,,,97.8151707911214,0.0855337580516146
Brunei Darussalam,BN,BRN,2009,90.2870882587894,,,96.062176157783,0.0790415209183255
Brunei Darussalam,BN,BRN,2010,95.3715460226132,,,95.1502725943191,0.154269766795549
Brunei Darussalam,BN,BRN,2011,99.5379309038179,,,95.4421676477545,0.0906380106381912
Brunei Darussalam,BN,BRN,2012,105.640902140819,,,95.7471803171174,0.105984266942402
Brunei Darussalam,BN,BRN,2013,110.939599584216,,,96.5248430612585,0.0948178122853143
Brunei Darussalam,BN,BRN,2014,102.421000963035,,,92.5398767886258,0.109636732551252
Brunei Darussalam,BN,BRN,2015,89.8961882533585,,,92.979494935208,0.160154124555056
Brunei Darussalam,BN,BRN,2016,87.319801332806,,,87.8814732122865,0.319455885689357
Brunei Darussalam,BN,BRN,2017,85.1768604269985,,,89.5672584666047,0.256823962524456
Brunei Darussalam,BN,BRN,2018,93.8980617666778,,,95.5632275089728,3.529183229291e-4
Brunei Darussalam,BN,BRN,2019,108.509658357959,,,91.0923897567417,0.329762097085723
Brunei Darussalam,BN,BRN,2020,110.291003658452,,,81.5128636159474,0.0754568825427551
Brunei Darussalam,BN,BRN,2021,147.123112375318,,,78.6688728146059,0.26096019044916
Brunei Darussalam,BN,BRN,2022,146.973965879597,,,80.2755776083309,0.204665223177887
Brunei Darussalam,BN,BRN,2023,136.86343465048,,,77.4198163214987,0.151145042609978
Brunei Darussalam,BN,BRN,2024,132.58743952196,,,75.4723137925849,0.137017534092583
Brunei Darussalam,BN,BRN,2025,123.609124931602,,,,
Bulgaria,BG,BGR,2002,75.269621415721,14.9682,39.358713259288,6.00638403640999,9.77907729735915
Bulgaria,BG,BGR,2003,79.0138894271643,18.6714,47.8670935674103,5.81062664539214,10.2773692422357
Bulgaria,BG,BGR,2004,93.0639046910296,19.6595,56.1790252120746,7.99389645248731,12.4085273371493
Bulgaria,BG,BGR,2005,99.714224874021,24.0037,46.9925699466908,10.3773641394536,14.2274001792765
Bulgaria,BG,BGR,2006,111.047459756649,28.7072,41.974808836245,13.2830276754215,20.1509339985827
Bulgaria,BG,BGR,2007,123.532578691039,32.0303,40.0355483282565,14.6037717311894,17.7706799962176
Bulgaria,BG,BGR,2008,124.68876138203,34.5489,33.7880319148363,16.0612007530944,16.6980369422908
Bulgaria,BG,BGR,2009,92.6926410550003,31.9613,33.2635319971648,12.5832487308852,14.9950206940799
Bulgaria,BG,BGR,2010,103.380518426721,29.8699,33.9725935493527,13.2946322521776,16.8658433297609
Bulgaria,BG,BGR,2011,117.418101416931,26.9119,36.0618160382574,13.1295451738625,18.7636942529551
Bulgaria,BG,BGR,2012,123.97132336227,26.7942,39.8748882174313,16.170538450708,17.1531973742066
Bulgaria,BG,BGR,2013,129.688685003845,25.7951,38.4946572399017,14.7266669664733,15.9566320700464
Bulgaria,BG,BGR,2014,130.248372124871,23.6828,42.7609749309285,12.6042116928393,14.6635303250958
Bulgaria,BG,BGR,2015,126.736652288689,21.7263,54.863350610103,10.6156211238459,14.0130966871205
Bulgaria,BG,BGR,2016,122.805519071127,21.5265,62.9495632981558,9.01291878207578,11.488830046822
Bulgaria,BG,BGR,2017,129.634433774038,23.2646,69.2276725496065,9.90937160148424,14.1761487545018
Bulgaria,BG,BGR,2018,129.166502231244,23.8035,71.5924326477127,8.89258278500621,14.0561046130611
Bulgaria,BG,BGR,2019,125.260415075086,24.4308,68.8908263295596,9.52834880232102,12.7794276047779
Bulgaria,BG,BGR,2020,110.423903082333,25.339,80.781711681388,4.63757162036019,14.7513336995357
Bulgaria,BG,BGR,2021,121.214091012604,18.841,87.1869443872224,6.00494091479774,15.2812134441165
Bulgaria,BG,BGR,2022,138.844872770267,21.1636,86.8294173696535,12.1946716545187,13.122072543618
Bulgaria,BG,BGR,2023,119.899505851916,,,7.89104918636913,12.6457286634428
Bulgaria,BG,BGR,2024,110.226317731322,,,7.7644781218312,15.6388377530089
Bulgaria,BG,BGR,2025,102.514263507931,,,,
Burkina Faso,BF,BFA,2002,31.3125228527966,0.718,,8.63672953402487e-4,0.0505931759200546
Burkina Faso,BF,BFA,2003,30.3682364077323,0.8043,,0.0392168571814168,0.0213163134052237
Burkina Faso,BF,BFA,2004,35.4809436017462,1.2391,,0.0416741597040804,0.151539848392103
Burkina Faso,BF,BFA,2005,34.1721697681049,1.1048,,0.0190765863294542,0.326762715126647
Burkina Faso,BF,BFA,2006,35.1065423554549,7.7857,,,
Burkina Faso,BF,BFA,2007,33.7797172895073,7.8705,,11.5064923076897,0.178953782654883
Burkina Faso,BF,BFA,2008,35.3853169801502,0.3188,,13.9650548951695,0.211108783463173
Burkina Faso,BF,BFA,2009,40.2959836735924,0,,9.91899952305688,0.273755032434139
Burkina Faso,BF,BFA,2010,49.0732385398039,0,,2.81555837145725,0.491640973412152
Burkina Faso,BF,BFA,2011,57.4972531038508,0,,2.34162617994846,0.32271966861051
Burkina Faso,BF,BFA,2012,61.2386079818398,0,,3.1238196970916,0.104225183245606
Burkina Faso,BF,BFA,2013,64.0358513024234,0,,4.62626483089881,1.0683296718819
Burkina Faso,BF,BFA,2014,58.8235624937426,0,,5.31459733428775,3.91985632282814
Burkina Faso,BF,BFA,2015,59.0891813101662,0,,1.52651159000758,2.64907973391541
Burkina Faso,BF,BFA,2016,57.8931727994406,0,,0.423215904111974,3.70052450116218
Burkina Faso,BF,BFA,2017,59.2687802020168,0,,0.469899649942029,5.87685117621051
Burkina Faso,BF,BFA,2018,60.5956256236488,0,,0.828034728125843,5.856068296676
Burkina Faso,BF,BFA,2019,60.4086928753226,0,,0.61215287637241,4.9165872152444
Burkina Faso,BF,BFA,2020,60.7397786403239,0,,0.288204092292022,2.68969335407012
Burkina Faso,BF,BFA,2021,62.4203586607795,0,,0.251332306917002,3.43899283581014
Burkina Faso,BF,BFA,2022,67.5202901331655,0,,0.0103313189085969,1.43528940684307
Burkina Faso,BF,BFA,2023,63.1530435873964,0,,0.0160865926865482,0.322414970435841
Burkina Faso,BF,BFA,2024,60.492898852298,0,,0.0208396744836875,0.247414696660435
Burkina Faso,BF,BFA,2025,65.0029506969427,,,,
Burundi,BI,BDI,2002,,7.8185,4.79670590782879,,2.97646720941016
Burundi,BI,BDI,2003,,3.5269,4.996247180723,0.321407693409308,0.631444165985592
Burundi,BI,BDI,2004,,1.6614,4.87311300946989,0.00597765777574388,0.731753556244
Burundi,BI,BDI,2005,,2.6447,7.80928543072218,0.0334083588515563,1.34042996357413
Burundi,BI,BDI,2006,,2.7418,9.55888287372585,0,2.12838853762094
Burundi,BI,BDI,2007,,0.9789,12.5648814275369,3.78278962010338,2.06294116618935
Burundi,BI,BDI,2008,,1.2938,19.1713523432241,0.795630709133161,5.27097031201033
Burundi,BI,BDI,2009,,1.1528,53.2106344179644,1.39652274278431,3.59246932143744
Burundi,BI,BDI,2010,,2.5349,53.4860844226938,2.0684971085204,4.64547000400198
Burundi,BI,BDI,2011,,0.0698,48.8296493626849,0,5.71370430932496
Burundi,BI,BDI,2012,,1.0942,46.5047086848843,9.34357775887626e-5,7.47997046218224
Burundi,BI,BDI,2013,,4.5963,48.4120333544704,1.95383873247424e-4,5.34548600287672
Burundi,BI,BDI,2014,,6.9835,45.8871870992099,0.0327702577800271,2.69896464662459
Burundi,BI,BDI,2015,,0.0422,21.7140448939051,0.00472582866856188,2.14053054373925
Burundi,BI,BDI,2016,,0.0438,15.7621319838246,0,3.86878972252472
Burundi,BI,BDI,2017,,0.0435,16.0090401663259,0.00100690518773408,5.67385991330614
Burundi,BI,BDI,2018,,0.0446,11.4735962192907,0.0120976852104859,8.70085637837147
Burundi,BI,BDI,2019,,0.0423,17.7149761871124,6.08940185484599e-4,7.82145535592867
Burundi,BI,BDI,2020,,0.0398,13.5804904150005,2.78971607149758e-4,5.87353339721305
Burundi,BI,BDI,2021,,0.0271,27.2715327193222,0.00674665519421405,10.216274425957
Burundi,BI,BDI,2022,,0.0279,16.7414939069207,0.0480615319376726,4.02652903670665
Burundi,BI,BDI,2023,,0.0284,8.74039311681112,1.88698422568729,1.90126959438202
Burundi,BI,BDI,2024,,0.2588,,,
Burundi,BI,BDI,2025,,,,,
Cabo Verde,CV,CPV,2002,101.089702293616,0.8049,19.8825892262737,,0.041923266103174
Cabo Verde,CV,CPV,2003,98.7683808076547,0.4041,20.9826474188325,,0.0146357785407712
Cabo Verde,CV,CPV,2004,101.567169989502,0.2254,30.0234744805943,,0.0928992909305998
Cabo Verde,CV,CPV,2005,104.343839857053,0.1968,36.5232961207803,0,0.0246615055571856
Cabo Verde,CV,CPV,2006,117.816697232822,0.1375,48.5575617849621,0,0.252610584713906
Cabo Verde,CV,CPV,2007,94.2062075432498,0.2216,62.7754131414544,0,0
Cabo Verde,CV,CPV,2008,90.9663882722365,0.2302,57.7293137218981,,
Cabo Verde,CV,CPV,2009,80.4609561322904,0.2013,54.9109287999501,0,0.665352818458037
Cabo Verde,CV,CPV,2010,85.5484498816191,0,43.1904364200831,0,0.886651706391125
Cabo Verde,CV,CPV,2011,90.5564501122747,0,32.5118356177342,5.86435277576983e-4,0.942327818292646
Cabo Verde,CV,CPV,2012,90.649916554117,22.3191,23.3776106102284,0,8.96488802989324e-5
Cabo Verde,CV,CPV,2013,86.1698600308418,24.1552,24.1475772810313,,0.195153427652698
Cabo Verde,CV,CPV,2014,91.3038524117221,16.2848,27.5755805841142,,0.00132697365972209
Cabo Verde,CV,CPV,2015,94.0084870167993,15.7881,26.8563794589002,,7.51167785340548e-4
Cabo Verde,CV,CPV,2016,95.3781398609533,15.5268,31.1713927079343,,6.24574643130971e-4
Cabo Verde,CV,CPV,2017,100.052133904219,15.3491,29.189250015503,,4.50583027402477e-4
Cabo Verde,CV,CPV,2018,105.867524052105,15.4478,28.9819471160819,,0.00728704497851126
Cabo Verde,CV,CPV,2019,103.602656463726,15.1147,34.2729983351114,0,0.162556583851755
Cabo Verde,CV,CPV,2020,78.3934545931901,14.4155,30.2589387667303,,9.00344434486032e-4
Cabo Verde,CV,CPV,2021,77.4550586265341,15.6804,31.3293377968434,0,0.173682604274348
Cabo Verde,CV,CPV,2022,96.9941368513357,16.4615,30.3660227232231,0,0.00576283024949212
Cabo Verde,CV,CPV,2023,95.0324943346692,16.7177,34.0235392545612,0,5.83139625688506e-5
Cabo Verde,CV,CPV,2024,96.9022561569006,16.4474,33.1883210679947,,
Cabo Verde,CV,CPV,2025,95.3284601191981,,,,
Cambodia,KH,KHM,2002,118.269562072288,0.002,38.1875517350876,6.63861490453446e-4,5.92878337197222e-4
Cambodia,KH,KHM,2003,120.074969093599,0.0014,36.6318181392395,9.46547702946242e-4,0.0199753195594025
Cambodia,KH,KHM,2004,131.351481056276,0.0011,38.6897402424635,0.00117347334534206,0.0072995346803209
Cambodia,KH,KHM,2005,133.551965265648,6e-4,39.4631733492496,7.95067134763237e-7,0.0149248014869918
Cambodia,KH,KHM,2006,140.348734318483,5e-4,46.5308281287538,,0.027667968493213
Cambodia,KH,KHM,2007,133.700023826819,0,95.1875877295805,,0.121352039392554
Cambodia,KH,KHM,2008,130.393510678736,3.0603,99.6579282577158,1.23445790961278e-5,2.78724412660386
Cambodia,KH,KHM,2009,102.2879490147,6.9634,99.464223674852,,0.760522378035563
Cambodia,KH,KHM,2010,109.998400607758,9.4514,95.1779039640304,1.03593777569394e-4,0.130283280576471
Cambodia,KH,KHM,2011,109.790505166814,10.6697,87.2515485838368,,0.0803694500061509
Cambodia,KH,KHM,2012,116.740233418212,12.489,70.5213674959362,0.0146952518008779,0.157583279131326
Cambodia,KH,KHM,2013,124.887552768657,12.6348,65.5909032611767,9.0773896774651e-4,0.24245728980932
Cambodia,KH,KHM,2014,124.454908526693,13.0671,73.4148161117839,3.21354629705442e-7,0.259411640523026
Cambodia,KH,KHM,2015,122.109596815379,13.9823,78.1424206304612,2.94178463210652e-5,0.124488903858139
Cambodia,KH,KHM,2016,122.704555602667,17.1605,90.5621451315002,0.00771430550339896,0.127397850611072
Cambodia,KH,KHM,2017,121.155451298689,15.5528,106.712134273908,5.14269745698374e-6,0.28104413339852
Cambodia,KH,KHM,2018,118.43765541305,17.4649,107.987312507338,7.11771727128381e-4,0.273950400208494
Cambodia,KH,KHM,2019,115.736679072448,22.2131,122.189546400821,6.86016223373177e-6,0.488076414316141
Cambodia,KH,KHM,2020,122.105396346568,21.4959,121.227102495065,2.05458542426352e-6,0.558161545736656
Cambodia,KH,KHM,2021,146.179846509715,22.131,101.094874959645,1.12840266428058e-4,1.17918260132275
Cambodia,KH,KHM,2022,145.873632761406,20.5114,79.2095846353824,3.39233917665731e-6,1.11698274839515
Cambodia,KH,KHM,2023,134.206842395931,19.4039,88.684849592432,3.68599221364749e-6,2.39994779110805
Cambodia,KH,KHM,2024,143.447009703011,20.4818,107.285215601008,0.00124288090530598,2.32384862542691
Cambodia,KH,KHM,2025,136.089748673383,,,,
Cameroon,CM,CMR,2002,48.4817227279603,7.1519,6.22143057840454,49.1868871430921,4.32423576866907
Cameroon,CM,CMR,2003,40.2431925894529,3.1607,5.71639891918845,48.803399799567,4.15754299713749
Cameroon,CM,CMR,2004,41.8377424272557,5.0473,7.76019760785096,46.6846802011435,5.06553789677676
Cameroon,CM,CMR,2005,44.9976813478478,4.3352,12.5290160988282,56.8647779866486,4.78205402791316
Cameroon,CM,CMR,2006,47.1044341803567,14.4225,50.7600827145247,61.6106111571056,4.90759445036331
Cameroon,CM,CMR,2007,53.2156908605178,7.6969,95.0152645333972,58.6794429285353,6.16185982086304
Cameroon,CM,CMR,2008,56.9244171562734,1.4227,109.779667994316,1.24518390839419,12.7081290276679
Cameroon,CM,CMR,2009,42.1761073594765,0.0784,113.535907056318,0.945267159471339,7.39040789002304
Cameroon,CM,CMR,2010,47.2385853965951,0.272,114.183043856849,49.5472804943068,3.60510444872873
Cameroon,CM,CMR,2011,51.521987603918,2.1975,103.367125077433,0.551609714806202,6.44601946508511
Cameroon,CM,CMR,2012,50.0360127271229,4.043,86.9544830110998,55.5396293908856,2.13266836486717
Cameroon,CM,CMR,2013,49.6745363462134,8.5462,67.0530403516837,55.9326563524093,2.07848274318292
Cameroon,CM,CMR,2014,50.8323893087648,3.0687,54.950901628458404,56.3232193165714,3.963613992554
Cameroon,CM,CMR,2015,45.5401468279393,4.0911,48.409325339474,45.3849961218768,4.57387519048093
Cameroon,CM,CMR,2016,40.6386315268268,3.3265,28.2084014112616,7.69262542590537,7.2820530562766
Cameroon,CM,CMR,2017,39.1990216052629,5.2499,31.8093315326756,43.4494115764582,5.5909381172815404
Cameroon,CM,CMR,2018,40.587602877028,3.9373,31.4343692468823,50.2692747814106,3.6994540520828
Cameroon,CM,CMR,2019,43.3785132480415,2.918,28.7746550176534,54.0894133743251,2.87678049882067
Cameroon,CM,CMR,2020,33.7388313623871,2.5008,26.9077020955959,45.6083100375046,3.30322583764507
Cameroon,CM,CMR,2021,36.7308347188558,4.2269,27.9608443681917,51.8663592754246,2.0203363785866
Cameroon,CM,CMR,2022,41.2866025594679,5.8098,33.9456107572576,62.1174175971395,1.70198514355599
Cameroon,CM,CMR,2023,37.8903321242578,5.5705,31.6974350057547,54.0712041809673,2.21406928262342
Cameroon,CM,CMR,2024,34.4031785915423,6.0294,32.0942180626356,,
Cameroon,CM,CMR,2025,33.3842706629963,,,,
Canada,CA,CAN,2002,75.7069052324349,,,12.6185161385063,4.44360609524797
Canada,CA,CAN,2003,69.8399832953973,,,16.1206014067341,4.45212340428914
Canada,CA,CAN,2004,70.1923674409029,,,17.7567638842642,5.46924018318962
Canada,CA,CAN,2005,69.7585441602155,,,21.4038513666457,5.85003684469677
Canada,CA,CAN,2006,68.0508003453151,,,21.1379598727868,7.96768372439263
Canada,CA,CAN,2007,66.2834197482347,,,22.1140329189937,9.24435217999991
Canada,CA,CAN,2008,67.023446571123,,,29.1358336622959,8.25104308459543
Canada,CA,CAN,2009,58.4742801830543,,,24.4206443987166,7.10416068916213
Canada,CA,CAN,2010,60.2079046752442,,,25.3243673228047,7.99427194909637
Canada,CA,CAN,2011,62.4984217100546,,,27.4324660090794,8.7097407762028
Canada,CA,CAN,2012,62.5957887432013,,,25.624190392384,7.27699468961734
Canada,CA,CAN,2013,62.2315329073432,,,26.361569817347,6.97314384892527
Canada,CA,CAN,2014,64.3785976132125,,,28.8930710605179,7.06901814566853
Canada,CA,CAN,2015,66.1648355844224,,,20.6034302087075,7.07782826449341
Canada,CA,CAN,2016,65.3636199818813,,,17.6256219682134,6.85096938677528
Canada,CA,CAN,2017,65.1009087910845,,,21.9517954420132,7.31666886721892
Canada,CA,CAN,2018,66.59982627163,,,24.0190349725915,7.53044628928381
Canada,CA,CAN,2019,66.1713422730605,,,22.1408507825001,6.52600997886215
Canada,CA,CAN,2020,61.1566883386797,,,17.7117312023626,7.70223671673035
Canada,CA,CAN,2021,62.2468612630348,,,23.8688657837555,8.29415109423537
Canada,CA,CAN,2022,66.9531620692051,,,30.1749905885513,7.20264166838275
Canada,CA,CAN,2023,66.5745425015033,,,25.1997448504993,6.86872537579518
Canada,CA,CAN,2024,65.1214987304374,,,27.6974112165315,7.21859335754214
Canada,CA,CAN,2025,63.5105049692227,,,,
Cayman Islands,KY,CYM,2002,,,,,
Cayman Islands,KY,CYM,2003,,,,,
Cayman Islands,KY,CYM,2004,,,,,
Cayman Islands,KY,CYM,2005,,,,,
Cayman Islands,KY,CYM,2006,,,,,
Cayman Islands,KY,CYM,2007,,,,,
Cayman Islands,KY,CYM,2008,,,,,
Cayman Islands,KY,CYM,2009,,,,,
Cayman Islands,KY,CYM,2010,,,,,
Cayman Islands,KY,CYM,2011,,,,,
Cayman Islands,KY,CYM,2012,,,,,
Cayman Islands,KY,CYM,2013,,,,,
Cayman Islands,KY,CYM,2014,,,,,
Cayman Islands,KY,CYM,2015,,,,,
Cayman Islands,KY,CYM,2016,,,,,
Cayman Islands,KY,CYM,2017,117.436583687346,,,,
Cayman Islands,KY,CYM,2018,117.117123372744,,,,
Cayman Islands,KY,CYM,2019,114.838539695171,,,,
Cayman Islands,KY,CYM,2020,105.472790158919,,,11.7959511435598,6.0539376234006
Cayman Islands,KY,CYM,2021,,,,1.61638438846005,17.7054489449611
Cayman Islands,KY,CYM,2022,,,,32.0119926704132,10.0991050334533
Cayman Islands,KY,CYM,2023,,,,34.987450988698,5.56449812338449
Cayman Islands,KY,CYM,2024,,,,52.3114359976797,3.80799663867728
Cayman Islands,KY,CYM,2025,,,,,
Central African Republic,CF,CAF,2002,36.1085647794782,4.9853,11.891594709964,0.0778653069442277,21.7486667328819
Central African Republic,CF,CAF,2003,36.2312260023474,9.6419,13.0640736002624,0,36.5638934976707
Central African Republic,CF,CAF,2004,33.2439549188203,10.1609,13.9069490660465,0.183133391819856,36.7893669865716
Central African Republic,CF,CAF,2005,35.0709368656226,11.7864,13.885792066983,0.399435923020329,17.7717761821553
Central African Republic,CF,CAF,2006,36.3958702287378,12.2,12.6420101867723,0.0134845615699792,15.7146700640248
Central African Republic,CF,CAF,2007,37.5808990187896,10.8511,8.93942990385552,,26.576755668597
Central African Republic,CF,CAF,2008,34.4375218095517,10.2541,13.1889635627955,0.0243624066926479,35.656003903309
Central African Republic,CF,CAF,2009,31.4942464896799,17.9264,38.3385698839069,,61.6353148967196
Central African Republic,CF,CAF,2010,34.4304819543042,16.3476,27.6590204294432,,57.8317269539369
Central African Republic,CF,CAF,2011,34.4756183327299,21.6758,24.9008193588016,0.544915903295515,60.6801604344611
Central African Republic,CF,CAF,2012,33.0594485943314,17.3583,25.1925333983863,0.046403868360573,57.8085217674326
Central African Republic,CF,CAF,2013,38.3992875721315,17.6055,29.7593462953722,0.0930612129794418,45.7112889245984
Central African Republic,CF,CAF,2014,53.0950920179825,15.7179,36.4170791759104,,0.293929465526799
Central African Republic,CF,CAF,2015,53.1451477769621,15.3536,28.8806540410498,0.0112891940575805,0.0123609137787959
Central African Republic,CF,CAF,2016,50.53064402191,15.0567,32.2353111184096,0.0462492040248339,2.19732333466574
Central African Republic,CF,CAF,2017,57.1435457117119,14.4923,46.9404234809343,0.00690133272476388,3.71771062746912
Central African Republic,CF,CAF,2018,49.6602000024318,13.3622,43.3160280578681,0.0234095847313264,13.9117395814817
Central African Republic,CF,CAF,2019,50.0658000014868,14.3762,40.3703328528045,0.0113438958450479,4.84862130405419
Central African Republic,CF,CAF,2020,49.5210200011921,13.6393,47.6481324976744,0.0394378095226582,16.7055945931343
Central African Republic,CF,CAF,2021,44.159119995104,14.3894,43.5357738229653,,19.9483943864465
Central African Republic,CF,CAF,2022,45.23357000162,11.2796,35.8106875684264,,12.20271544904
Central African Republic,CF,CAF,2023,43.480570208358,11.3823,44.2634270780256,0.00634066374558888,12.6689665953919
Central African Republic,CF,CAF,2024,46.4318999802251,12.0915,46.7811591431958,0.0317291209436773,6.31887204148749
Central African Republic,CF,CAF,2025,52.9067459083503,,,,
Chad,TD,TCD,2002,126.350807849912,1.4685,17.4377179668873,,
Chad,TD,TCD,2003,83.3789149599315,0.9897,12.4553688777897,,
Chad,TD,TCD,2004,101.768590921564,0.9209,13.7147695575881,,
Chad,TD,TCD,2005,77.577493649797,0.6742,14.1921927166536,,
Chad,TD,TCD,2006,77.0815766029615,0.747,35.9734033548744,,
Chad,TD,TCD,2007,75.1059962731949,1.3973,52.1614250466472,,
Chad,TD,TCD,2008,69.0677746090641,0.2289,75.1828703450706,,
Chad,TD,TCD,2009,64.8597511917067,0.6361,32.901694546439,,
Chad,TD,TCD,2010,63.7311691270791,0.4323,29.3111827662906,,
Chad,TD,TCD,2011,57.5437561870898,0.7798,40.795631302036,,
Chad,TD,TCD,2012,54.3851887421013,0.2967,49.2488210790313,,
Chad,TD,TCD,2013,51.5308164549816,0.2386,40.645941512449,,
Chad,TD,TCD,2014,40.8116269859319,0.1245,28.8885256133525,,
Chad,TD,TCD,2015,48.5114982079885,1e-4,13.1819788507853,,
Chad,TD,TCD,2016,43.9580149331537,0.588,0.28637486809835,,
Chad,TD,TCD,2017,43.2900613852468,0.8866,0.273834400477199,,
Chad,TD,TCD,2018,46.7384317860183,0.9845,4.64881632616402,,
Chad,TD,TCD,2019,46.6777247152768,0.8249,9.64671186477961,,
Chad,TD,TCD,2020,40.6428170621932,0.8115,11.2020752473625,,
Chad,TD,TCD,2021,43.9465041015895,0.8212,5.90215797431901,,
Chad,TD,TCD,2022,47.9883784319429,0.9083,30.9885887016813,,
Chad,TD,TCD,2023,46.8626488759728,0.935,32.8908048927328,,
Chad,TD,TCD,2024,44.5559353847423,0.8808,46.2197902399212,,
Chad,TD,TCD,2025,46.1321498031281,,,,
Chile,CL,CHL,2002,62.4838547414591,,,1.18807795624873,40.5582790018529
Chile,CL,CHL,2003,65.6934161956491,,,2.86320450578717,41.0324638250931
Chile,CL,CHL,2004,69.8893603825954,,,2.2540658481005,52.8933113223763
Chile,CL,CHL,2005,72.062533372953,,,2.80898772504072,56.3235896677862
Chile,CL,CHL,2006,73.7116341203328,,,2.43371733531432,62.5205610453167
Chile,CL,CHL,2007,76.9770240591423,,,1.83161893626896,64.309994713649
Chile,CL,CHL,2008,80.676626653784,,,2.35498882562469,55.7247442835048
Chile,CL,CHL,2009,66.6860312494996,,,1.44690090747168,58.2801559676936
Chile,CL,CHL,2010,69.7176802332624,,,1.10225699027131,63.2866711696578
Chile,CL,CHL,2011,72.481642209343,,,1.29992761409464,60.7043853671838
Chile,CL,CHL,2012,68.156143533927093,,,1.2828817129094,59.1484541659561
Chile,CL,CHL,2013,65.1432877063737,,,1.3775568746199,56.5992316305558
Chile,CL,CHL,2014,65.6346274347707,,,1.27302532739729,54.4938258485244
Chile,CL,CHL,2015,59.3491105681231,,,0.898599873952062,52.3409634632125
Chile,CL,CHL,2016,56.0578603070995,,,0.899956656800068,50.4034333744308
Chile,CL,CHL,2017,56.0261586393213,,,1.06104376398313,54.0633105038381
Chile,CL,CHL,2018,58.1770513035882,,,1.17911727055873,52.4217199941519
Chile,CL,CHL,2019,57.6069157856537,,,0.996195388244754,51.3740514871807
Chile,CL,CHL,2020,58.1687693933374,,,0.680307468385457,57.372617205842
Chile,CL,CHL,2021,64.8399924791736,,,0.815333310737599,62.2188844607438
Chile,CL,CHL,2022,75.2334197533759,,,1.69325787359142,49.8300184342932
Chile,CL,CHL,2023,60.6766444736157,,,1.80543071190217,52.0026997226168
Chile,CL,CHL,2024,63.9577465302563,,,1.32012360616343,56.1402892229553
Chile,CL,CHL,2025,64.984377042281,,,0.891246166699904,57.1421752973795
China,CN,CHN,2002,42.1944423387413,35.4135,160.536099662391,2.59070421728136,1.57791210521067
China,CN,CHN,2003,51.0774801301803,42.5199,200.887343913492,2.5361753489702,1.59380319283648
China,CN,CHN,2004,58.640334040843904,46.8023,251.839641153722,2.44053050133123,1.89169429050215
China,CN,CHN,2005,61.3600749408237,51.8675,290.848050701714,2.31272376664692,1.79072067915524
China,CN,CHN,2006,63.5695798621627,53.1147,331.094072844704,1.83393570516165,2.15043213751421
China,CN,CHN,2007,61.2664640006176,53.9241,409.362840457539,1.71119843888368,1.798056229728
China,CN,CHN,2008,56.7111330003209,48.4412,508.77844651751,2.2208063178118,1.64162254167846
China,CN,CHN,2009,44.4197644331119,52.9177,539.696971805164,1.69623692345059,1.16055322491633
China,CN,CHN,2010,49.8540722338977,68.9776,392.293617225979,1.69056311409029,1.35551382378782
China,CN,CHN,2011,49.9458272253643,73.1696,308.731219860373,1.70007725545848,1.43198201047339
China,CN,CHN,2012,47.4802130784317,68.989,295.037284331311,1.51374985096957,1.22562185968402
China,CN,CHN,2013,45.9160413795571,72.7489,262.102630204063,1.5294698347956,1.17807626251683
China,CN,CHN,2014,44.0684564812532,69.6955,219.302852538992,1.47061074195033,1.24906371312883
China,CN,CHN,2015,38.6971848362625,61.6481,255.310582227469,1.2272664163092,1.17086953037954
China,CN,CHN,2016,36.177170692978,56.6796,219.085442069193,1.28100094525523,1.12761789812447
China,CN,CHN,2017,36.95085261586,60.242,189.13045865071,1.5635573554021,1.20473204723595
China,CN,CHN,2018,36.8943843914718,62.1392,161.514934701142,1.86764407076313,1.32756116052616
China,CN,CHN,2019,35.4544350281407,57.0113,152.443123731408,1.87465304454538,1.26063099024319
China,CN,CHN,2020,34.337778473884,53.1431,144.320949030118,1.2143685449396,1.12206922684085
China,CN,CHN,2021,36.6428789643754,50.1807,125.825492388705,1.29170537075172,1.38279589662737
China,CN,CHN,2022,37.512555678171,49.9975,130.679171851976,1.79009011301844,1.51241196259416
China,CN,CHN,2023,36.7391496938394,52.5999,140.939390642577,1.8075643209073,1.32245246342569
China,CN,CHN,2024,37.9560601372544,53.9653,142.820654521431,1.49786393169736,1.5142975856954
China,CN,CHN,2025,37.9563878652312,,,,
Colombia,CO,COL,2002,32.9826392144234,10.8958,32.2929993355215,35.9187562462727,0.825699801958899
Colombia,CO,COL,2003,36.51618351723,9.5273,29.2577821652215,37.1903540205232,1.01255652251846
Colombia,CO,COL,2004,35.8634269337995,13.3888,35.4018692317713,36.9076955307127,1.2620352687624
Colombia,CO,COL,2005,37.422697494955,15.0327,39.8816404917104,39.2456236749078,1.34002058452425
Colombia,CO,COL,2006,39.6413559606293,12.3313,39.9706034617783,38.4317055772282,2.38449374633024
Colombia,CO,COL,2007,37.0988970982903,11.6432,47.2696289558135,36.2508073999514,2.34100721501799
Colombia,CO,COL,2008,39.1676494164355,11.9747,50.3202280282476,45.9657263851576,1.99773759376982
Colombia,CO,COL,2009,35.1561285074585,7.4754,46.5504587873024,48.3004439860279,1.57475366846857
Colombia,CO,COL,2010,34.2646031687681,12.28,43.5747969210553,57.1597814442562,1.5548615358086
Colombia,CO,COL,2011,39.4704235545367,13.9124,41.8781580866045,64.8290275394886,1.18351924617809
Colombia,CO,COL,2012,38.835151018669,13.0393,46.6834651521563,65.7196385483131,1.08359471000988
Colombia,CO,COL,2013,37.9866487978457,11.7543,46.58112812819,66.7714032360418,1.09600943006824
Colombia,CO,COL,2014,37.4874656411103,11.6771,44.7252346920526,65.573054598972,0.968201673645253
Colombia,CO,COL,2015,38.3607641184453,10.5227,40.7538549447161,52.7863528817984,1.26412035679976
Colombia,CO,COL,2016,36.202652984202,9.3312,38.1960561052156,47.4972851001361,1.16347146041294
Colombia,CO,COL,2017,35.2829149424588,10.3212,37.3368574742294,54.1370602858504,1.24583665497229
Colombia,CO,COL,2018,36.5347527968973,11.181,35.892852571082,57.8787906155164,1.19144344591569
Colombia,CO,COL,2019,37.558533980839,11.2422,37.8585014687296,54.6948856458005,1.04528557470578
Colombia,CO,COL,2020,34.0555709680101,8.9176,37.5317967090333,41.5564453985501,1.30101834218228
Colombia,CO,COL,2021,40.0591463936128,9.2067,33.6831115835101,46.303559002575,1.65857830550253
Colombia,CO,COL,2022,48.2826551123359,10.4956,30.7345061127261,54.5165586087032,1.40491616097376
Colombia,CO,COL,2023,40.1333165322581,9.4277,30.0973296079977,50.7229439143258,1.77130475609424
Colombia,CO,COL,2024,36.3179938785373,9.4431,30.6784553696677,45.3036922636334,1.83962796660093
Colombia,CO,COL,2025,35.3689564685036,,,,
Comoros,KM,COM,2002,35.7571190335913,10.8643,29.6208475370987,,0.00208806695434875
Comoros,KM,COM,2003,35.7569591176854,9.4719,32.6009752428269,,
Comoros,KM,COM,2004,35.7570631253248,11.1707,34.1783205480757,,0.66520249263739
Comoros,KM,COM,2005,35.7574093238258,11.6896,29.8295852505568,,0.149600348390232
Comoros,KM,COM,2006,35.7572745739842,12.3818,31.99829115707,,
Comoros,KM,COM,2007,33.1561792127495,4.0405,40.8955310707935,,
Comoros,KM,COM,2008,36.2185263542809,2.0269,40.7905226214461,,0.522391765016685
Comoros,KM,COM,2009,37.8969223253542,1.6544,52.6209862986815,0.0236698103289717,0.0372923820621511
Comoros,KM,COM,2010,39.5501057977388,1.5889,52.4746999105647,0.054577510381982997,0.813905646134158
Comoros,KM,COM,2011,40.0009485841888,1.6951,56.6013217544776,0.0700598923083429,0.847733671298026
Comoros,KM,COM,2012,40.8104424055408,1.635,77.2903306337581,0.017388494580408,0.110774025742152
Comoros,KM,COM,2013,39.2433304243612,1.1261,122.094321825014,3.01260153144996e-5,0.0203651863526018
Comoros,KM,COM,2014,39.2358265722767,1.1693,125.122443178617,1.60903288612314,0.0618031951656029
Comoros,KM,COM,2015,37.8049520714563,1.1727,159.68006461965,5.64070725443839e-5,0.0444425057124696
Comoros,KM,COM,2016,37.1328797158337,0.8663,91.0892216551678,,0.0166783171742393
Comoros,KM,COM,2017,40.164358921352,0.6066,114.442183950465,0.00887808919349842,0.126857513563295
Comoros,KM,COM,2018,42.996153341343,0.4622,74.5404372268097,4.1336953696259e-5,0.0877257182600293
Comoros,KM,COM,2019,42.2680785350184,0.7004,74.6245257633542,0.0252436299290411,0.318173040040997
Comoros,KM,COM,2020,33.7299346157491,0.4974,96.5614296607085,5.36366319081788e-5,0.75010829723588
Comoros,KM,COM,2021,42.0677236496077,0.4191,93.7915551733444,0.0512060681375277,6.54854738738506
Comoros,KM,COM,2022,50.3887704882382,0.432,78.3609845229889,0.0130202623394348,0.517962654358925
Comoros,KM,COM,2023,44.4398634497089,0.1187,85.0235095063537,0.00485457345334166,1.23197156881377
Comoros,KM,COM,2024,41.4806352919635,0,84.0172590158007,,
Comoros,KM,COM,2025,40.8852246183221,,,,
"Congo, Dem. Rep.",CD,COD,2002,29.3168456429821,5.23,0.734791423290156,,
"Congo, Dem. Rep.",CD,COD,2003,54.0313561776419,4.0811,0.855007010185626,,
"Congo, Dem. Rep.",CD,COD,2004,49.3364146254994,4.0229,2.04996150478216,,
"Congo, Dem. Rep.",CD,COD,2005,51.0276749145565,3.5009,1.22800801650238,,
"Congo, Dem. Rep.",CD,COD,2006,44.7667089929736,4.4762,1.36411482027554,,
"Congo, Dem. Rep.",CD,COD,2007,72.9983031777719,4.9513,1.45012151227156,,
"Congo, Dem. Rep.",CD,COD,2008,72.9527093196566,5.3159,0.632163280475115,,
"Congo, Dem. Rep.",CD,COD,2009,63.0860045505312,4.7271,7.90787493144617,,
"Congo, Dem. Rep.",CD,COD,2010,80.9975153909582,7.6558,22.873055236008,,
"Congo, Dem. Rep.",CD,COD,2011,83.4133637998303,4.3604,24.6819618813756,,
"Congo, Dem. Rep.",CD,COD,2012,66.7056747465748,4.8981,30.9350110174538,,
"Congo, Dem. Rep.",CD,COD,2013,72.5557545139014,7.0256,26.6908905168884,,
"Congo, Dem. Rep.",CD,COD,2014,74.1131729382021,3.2428,27.6161398748191,,
"Congo, Dem. Rep.",CD,COD,2015,57.7539236163245,3.0087,22.1723639978188,0.0127066390198457,70.6893964675775
"Congo, Dem. Rep.",CD,COD,2016,68.0083342860132,4.118,13.5706118859265,3.93165005120999,69.2768524098617
"Congo, Dem. Rep.",CD,COD,2017,65.9184525277578,2.3819,13.1416708635537,0.0011906538651633,56.5053710280869
"Congo, Dem. Rep.",CD,COD,2018,72.5591739081336,3.3502,10.0708443230773,0.00123417667085146,45.2313432845268
"Congo, Dem. Rep.",CD,COD,2019,60.9143523742792,4.6652,16.5530481618508,0.0116944289280577,67.1352960154318
"Congo, Dem. Rep.",CD,COD,2020,61.0284707727916,3.0532,8.82066138283226,0.00155296296283328,74.1476837170452
"Congo, Dem. Rep.",CD,COD,2021,75.3870523860732,2.8078,33.0707549129425,0.00244527725898267,71.0236615792102
"Congo, Dem. Rep.",CD,COD,2022,85.8221691879958,5.5038,40.9804494841728,0.0110464409915681,83.1096927962329
"Congo, Dem. Rep.",CD,COD,2023,86.7400581798289,4.7807,42.5063336671271,4.86337353062221e-4,76.344497695925
"Congo, Dem. Rep.",CD,COD,2024,94.2484870645646,3.8127,,,
"Congo, Dem. Rep.",CD,COD,2025,87.3342878785207,,,,
"Congo, Rep.",CG,COG,2002,135.45607107226,19.4194,0.707225219519357,,
"Congo, Rep.",CG,COG,2003,156.861777335368,18.93,0.712239008095371,,
"Congo, Rep.",CG,COG,2004,131.368198717322,13.9017,1.82130351816687,,
"Congo, Rep.",CG,COG,2005,119.552892262402,12.513,11.7167556196438,,
"Congo, Rep.",CG,COG,2006,125.600762974491,12.1762,27.6414777955829,,
"Congo, Rep.",CG,COG,2007,148.586625395069,6.1644,41.3464920416819,87.0246170425558,0.0364830291043684
"Congo, Rep.",CG,COG,2008,133.108486659608,4.4825,74.1106579850402,84.0961243972581,0.0282945243019541
"Congo, Rep.",CG,COG,2009,135.552365681975,5.06,75.3079499943979,70.659307853439,0.0186792596942976
"Congo, Rep.",CG,COG,2010,124.064754399607,7.045,159.026256062682,67.7204549838107,0.0210088059797555
"Congo, Rep.",CG,COG,2011,124.591742710141,4.6678,176.736907328096,77.6661370595561,0.0193554921266908
"Congo, Rep.",CG,COG,2012,97.444435145443,5.4027,154.783741141322,78.8976775256033,0.0140743008856092
"Congo, Rep.",CG,COG,2013,93.0028633915235,5.4816,124.84840940452,75.7095794999008,0.0146800156868154
"Congo, Rep.",CG,COG,2014,104.197620103417,3.6823,86.0591182250432,46.1725866962141,0.0136861319359873
"Congo, Rep.",CG,COG,2015,117.320721558581,6.6257,32.7814278492422,31.2584482176902,0.0120404843620738
"Congo, Rep.",CG,COG,2016,122.259818284021,2.8274,10.7157418517873,19.4906127882401,0.0184843607142912
"Congo, Rep.",CG,COG,2017,94.6170952583422,3.7804,5.18570828006463,44.5565160708106,2.28755494586862
"Congo, Rep.",CG,COG,2018,100.583216779714,3.9116,6.01423896653173,82.217408245137,0.927424742561132
"Congo, Rep.",CG,COG,2019,91.5757547930374,2.7833,11.7695148860798,83.9394174364415,1.55912218977186
"Congo, Rep.",CG,COG,2020,69.3066247188397,3.4486,13.8681611347509,75.1121966274822,0.831440752613757
"Congo, Rep.",CG,COG,2021,85.5462031552188,3.5572,10.1654660844004,55.0904298609538,4.64029512490845
"Congo, Rep.",CG,COG,2022,98.1613366922001,2.6285,11.4004065878658,87.4554561831864,1.43657443739868
"Congo, Rep.",CG,COG,2023,96.2103944039618,2.8707,10.4130418786614,85.8630872035881,1.19935592976496
"Congo, Rep.",CG,COG,2024,93.1881220839752,9.7613,11.273995020595,,
"Congo, Rep.",CG,COG,2025,91.6690172364453,,,,
Costa Rica,CR,CRI,2002,80.4139436754132,,,1.0166369899382799,0.814737294693017
Costa Rica,CR,CRI,2003,83.3277075502937,,,0.486551525474643,0.711479995835235
Costa Rica,CR,CRI,2004,85.2564775039755,,,0.074454462175117,1.03354286931436
Costa Rica,CR,CRI,2005,89.2226646399546,,,0.487124253138593,1.16819915002574
Costa Rica,CR,CRI,2006,89.814554322106,,,0.609434003968108,1.58636848850852
Costa Rica,CR,CRI,2007,86.4565956113537,,,0.575984099270679,1.45732403864289
Costa Rica,CR,CRI,2008,86.4015124904847,,,0.843425730823885,1.40820985107273
Costa Rica,CR,CRI,2009,69.7593172897331,,,0.564266128388826,0.736285165169548
Costa Rica,CR,CRI,2010,67.5120894036891,,,0.563620740553993,1.14213447976051
Costa Rica,CR,CRI,2011,68.6391459050112,,,0.325379365626922,1.47558229776724
Costa Rica,CR,CRI,2012,67.0485391393947,,,0.0421607473129209,2.33207214786887
Costa Rica,CR,CRI,2013,64.0664108162845,,,0.0362385371324239,1.46279654613949
Costa Rica,CR,CRI,2014,65.1912422181011,,,0.0297900558114709,1.60539880440734
Costa Rica,CR,CRI,2015,60.7535621474841,,,0.0382753572012209,1.21795803880745
Costa Rica,CR,CRI,2016,62.178478293067,,,0.0337693844457477,1.09214883019012
Costa Rica,CR,CRI,2017,65.0719536997344,,,0.0388898631200294,1.33459998968336
Costa Rica,CR,CRI,2018,66.7874137887726,,,0.0326713597930168,1.43490019554813
Costa Rica,CR,CRI,2019,65.4194732486775,,,0.0187875593840616,1.37490331980926
Costa Rica,CR,CRI,2020,59.7463550719484,,,0.01611262540893,1.42269448012349
Costa Rica,CR,CRI,2021,70.103693305909,,,0.021567003753793,1.65528808128059
Costa Rica,CR,CRI,2022,79.0523903153884,,,0.0216194838414378,1.45143574332589
Costa Rica,CR,CRI,2023,71.4380310340536,,,0.0548257166859753,1.50937140629287
Costa Rica,CR,CRI,2024,69.8533786394509,,,0.018380373927685,1.39829772346223
Costa Rica,CR,CRI,2025,71.4919046503354,,,,
Cote d'Ivoire,CI,CIV,2002,55.9019482275388,6.8859,,11.359930059128,0.163403618117846
Cote d'Ivoire,CI,CIV,2003,53.260060681877,3.0771,,9.29965934074346,0.157326473164042
Cote d'Ivoire,CI,CIV,2004,58.1182963035946,5.3754,,18.5197551226334,0.233205505010063
Cote d'Ivoire,CI,CIV,2005,62.8209360402806,7.3518,,27.7287907875803,0.212418475709056
Cote d'Ivoire,CI,CIV,2006,63.690377061452,13.3527,,36.8733515134456,0.160241811029383
Cote d'Ivoire,CI,CIV,2007,61.4309423484426,13.2328,,32.5902768433819,0.380226862544706
Cote d'Ivoire,CI,CIV,2008,61.9406212969499,10.3636,,37.1531402941758,0.642278457684634
Cote d'Ivoire,CI,CIV,2009,66.6729037469185,3.2389,,29.4292929780665,0.403566085971238
Cote d'Ivoire,CI,CIV,2010,67.472940081257,3.5116,,23.6570135075535,0.313152551679008
Cote d'Ivoire,CI,CIV,2011,64.7159030611345,3.6865,,24.3289042874042,0.18914996543968501
Cote d'Ivoire,CI,CIV,2012,70.3010893191249,7.722,,29.094062518183,0.235680858964045
Cote d'Ivoire,CI,CIV,2013,58.3526792527234,0,,21.0645605725917,0.340950280192448
Cote d'Ivoire,CI,CIV,2014,53.6804175610344,0,,20.838190360683,0.434254556183484
Cote d'Ivoire,CI,CIV,2015,52.7153604615931,0,,12.9487994169276,0.225931899206963
Cote d'Ivoire,CI,CIV,2016,47.5655783613535,2.3501,,12.2606024304154,0.182949942529029
Cote d'Ivoire,CI,CIV,2017,48.6625074729482,0.2071,,12.6226345622712,0.533847337852105
Cote d'Ivoire,CI,CIV,2018,46.0375087102874,0.8512,,15.9261119900858,1.12444850636875
Cote d'Ivoire,CI,CIV,2019,44.6604105830795,4.4874,,16.7946232292025,1.41087055742866
Cote d'Ivoire,CI,CIV,2020,41.9426318190526,4.2051,,10.2772547090229,1.43286910395292
Cote d'Ivoire,CI,CIV,2021,45.1140327762435,7.3491,,11.2111608527105,1.01844264392404
Cote d'Ivoire,CI,CIV,2022,52.8663910413483,5.3358,,18.5182878304062,1.10726007801245
Cote d'Ivoire,CI,CIV,2023,48.8170039103332,8.2067,,15.7704493008516,0.932912891480029
Cote d'Ivoire,CI,CIV,2024,51.2649845400983,10.5627,,15.1221609102397,0.7696455104056
Cote d'Ivoire,CI,CIV,2025,54.5579069336573,,,,
Croatia,HR,HRV,2002,81.1605470544581,,,9.34895999478269,2.59431082175214
Croatia,HR,HRV,2003,81.4423725005617,,,9.62307738195106,2.27026881473396
Croatia,HR,HRV,2004,81.6460024380816,,,11.3262188190272,3.40409153854028
Croatia,HR,HRV,2005,81.4930488377878,,,13.8929040520858,3.77534154653081
Croatia,HR,HRV,2006,83.5173461635857,,,15.1071995455938,4.38216596713458
Croatia,HR,HRV,2007,83.2601359160464,,,12.9343181003839,4.58755890470055
Croatia,HR,HRV,2008,82.0792610890345,,,12.8972693206912,4.29179270428804
Croatia,HR,HRV,2009,69.7025315039058,,,13.0144815987687,3.62799684712098
Croatia,HR,HRV,2010,72.6475745178258,,,12.4673216838203,4.50785404777907
Croatia,HR,HRV,2011,77.7839261603843,,,12.0765969396262,5.16768820989798
Croatia,HR,HRV,2012,79.0091759505258,,,13.6718561971398,5.19459070846999
Croatia,HR,HRV,2013,80.919621854334,,,13.9912729854429,4.42951200166939
Croatia,HR,HRV,2014,85.2166354640278,,,13.507536869033,3.69162990852728
Croatia,HR,HRV,2015,90.6517861027716,,,10.9049883399332,2.82004732437204
Croatia,HR,HRV,2016,92.1393432283564,,,9.49404939744756,2.80371526734313
Croatia,HR,HRV,2017,97.2452344566878,,,10.6786816516462,3.80140504044553
Croatia,HR,HRV,2018,99.0845893099948,,,10.5649748380568,3.88320618536719
Croatia,HR,HRV,2019,101.395111645358,,,9.47847332414296,4.05184800780586
Croatia,HR,HRV,2020,89.5475327132272,,,9.04277575351903,4.38530028892353
Croatia,HR,HRV,2021,102.327614281062,,,11.8747173830894,4.9656928362241
Croatia,HR,HRV,2022,125.410793782261,,,19.3892953687712,4.48865562382228
Croatia,HR,HRV,2023,107.277801631602,,,11.9933049772166,4.01353681138671
Croatia,HR,HRV,2024,104.912403236133,,,13.0917820766944,4.33865937994052
Croatia,HR,HRV,2025,100.986286636193,,,,
Cuba,CU,CUB,2002,24.7293133475239,,,0.401734776982459,32.709320892927
Cuba,CU,CUB,2003,26.5871335777077,,,1.49855667171442,39.0646672561117
Cuba,CU,CUB,2004,31.3114153338743,,,0.500193591079981,47.6538390881152
Cuba,CU,CUB,2005,39.3613744331974,,,0.847512024990472,48.7993777218892
Cuba,CU,CUB,2006,37.1880142882062,,,2.78319364383238e-4,2.06230300373913
Cuba,CU,CUB,2007,37.9676096642032,,,,
Cuba,CU,CUB,2008,44.917220748508,,,,
Cuba,CU,CUB,2009,32.9139819587629,,,,
Cuba,CU,CUB,2010,40.2919413008332,,,,
Cuba,CU,CUB,2011,46.9604290476881,,,,
Cuba,CU,CUB,2012,45.8662036340766,,,,
Cuba,CU,CUB,2013,44.3238969253902,,,,
Cuba,CU,CUB,2014,39.2741528539069,,,,
Cuba,CU,CUB,2015,31.6138124793419,,,,
Cuba,CU,CUB,2016,27.2691132420785,,,4.16853497390377,23.2150531133196
Cuba,CU,CUB,2017,26.2224363787618,,,2.50525444623505,1.99053387712111
Cuba,CU,CUB,2018,27.0835484486147,,,3.22102076823463,7.22286231925514
Cuba,CU,CUB,2019,22.8208911354416,,,4.41313592514728,38.463494720428
Cuba,CU,CUB,2020,15.6829868097474,,,10.295499776988,43.1269888701656
Cuba,CU,CUB,2021,80.0237703083904,,,5.73613117163468,49.0118080736196
Cuba,CU,CUB,2022,93.8607755890525,,,,53.4234884310835
Cuba,CU,CUB,2023,120.533878427187,,,,
Cuba,CU,CUB,2024,124.863238865053,,,,
Cuba,CU,CUB,2025,,,,,
Curacao,CW,CUW,2002,,,,,
Curacao,CW,CUW,2003,,,,,
Curacao,CW,CUW,2004,,,,,
Curacao,CW,CUW,2005,134.911459782692,,,,
Curacao,CW,CUW,2006,144.555511068893,,,,
Curacao,CW,CUW,2007,146.049122473292,,,,
Curacao,CW,CUW,2008,166.739541731544,,,,
Curacao,CW,CUW,2009,144.702341659916,,,,
Curacao,CW,CUW,2010,143.932211823816,,,,
Curacao,CW,CUW,2011,172.9234179922,,,,
Curacao,CW,CUW,2012,183.23646073841,,,,
Curacao,CW,CUW,2013,166.406149086576,,,,
Curacao,CW,CUW,2014,164.35981815222,,,,
Curacao,CW,CUW,2015,148.313815925541,,,,
Curacao,CW,CUW,2016,139.052979137029,,,,
Curacao,CW,CUW,2017,139.812449543914,,,,
Curacao,CW,CUW,2018,155.268858771687,,,,
Curacao,CW,CUW,2019,,,,,
Curacao,CW,CUW,2020,,,,,
Curacao,CW,CUW,2021,,,,,
Curacao,CW,CUW,2022,,,,,
Curacao,CW,CUW,2023,,,,,
Curacao,CW,CUW,2024,,,,,
Curacao,CW,CUW,2025,,,,,
Cyprus,CY,CYP,2002,123.64133212338,,,3.88475971601288,4.89470968618493
Cyprus,CY,CYP,2003,114.004632981485,,,3.58841955792731,4.80124892620898
Cyprus,CY,CYP,2004,113.903613489207,,,0.969512303635874,4.2997477985446
Cyprus,CY,CYP,2005,111.917065271958,,,0.0386433074214067,6.94255296417022
Cyprus,CY,CYP,2006,109.806498040343,,,0.052638153306894,12.567749867026
Cyprus,CY,CYP,2007,111.275122844623,,,0.00758022597991503,14.2263785665861
Cyprus,CY,CYP,2008,112.925930874708,,,0,12.6279004899326
Cyprus,CY,CYP,2009,102.7910918992,,,0,11.0429912717288
Cyprus,CY,CYP,2010,108.901699269523,,,0.00235021753249288,13.6898329003854
Cyprus,CY,CYP,2011,110.617131287039,,,0.0136695432866564,16.8429285734584
Cyprus,CY,CYP,2012,112.344273297273,,,0,16.4418305002461
Cyprus,CY,CYP,2013,120.926200639389,,,2.30321642764847e-5,11.4983139277849
Cyprus,CY,CYP,2014,130.84436307939,,,0,9.44378442725303
Cyprus,CY,CYP,2015,137.276426477193,,,11.7142450504551,6.73410411229818
Cyprus,CY,CYP,2016,139.022098457248,,,19.4642761267531,5.2934037971295
Cyprus,CY,CYP,2017,148.013355558135,,,30.9936030304856,4.72481568108836
Cyprus,CY,CYP,2018,147.623567410054,,,40.9673800485684,4.2218874609881
Cyprus,CY,CYP,2019,150.50616312951001,,,26.3058906698995,4.57678906558326
Cyprus,CY,CYP,2020,160.66871645997,,,20.0416896354461,4.87338889082273
Cyprus,CY,CYP,2021,176.82773681987,,,26.2512977210872,6.84273158005649
Cyprus,CY,CYP,2022,205.753530252705,,,27.4863879712593,6.70456092000687
Cyprus,CY,CYP,2023,190.740957956519,,,48.7219908590275,3.98527553557786
Cyprus,CY,CYP,2024,190.40287092076,,,49.0689211198229,4.42526376005569
Cyprus,CY,CYP,2025,189.496102105437,,,,
Czechia,CZ,CZE,2002,90.8792715456582,,,4.03844529892403,1.40794743623513
Czechia,CZ,CZE,2003,94.6468600665608,,,2.87675595801679,1.69114211895355
Czechia,CZ,CZE,2004,113.173975970415,,,2.76580424713664,1.9561834974089
Czechia,CZ,CZE,2005,121.191287316105,,,2.95424919653861,1.6205284243772
Czechia,CZ,CZE,2006,127.051015055016,,,2.76577181735436,1.96340749220861
Czechia,CZ,CZE,2007,129.876739504889,,,2.63056083754343,1.90292154670999
Czechia,CZ,CZE,2008,123.904809929948,,,3.01206721644122,1.88765898374338
Czechia,CZ,CZE,2009,113.049254784875,,,3.5789370057009,1.73239359976707
Czechia,CZ,CZE,2010,126.756480116798,,,3.68041612517435,2.12469327473449
Czechia,CZ,CZE,2011,136.750855542438,,,3.78387115646777,2.15954835843991
Czechia,CZ,CZE,2012,145.480195396935,,,3.77861262452304,2.31960647306695
Czechia,CZ,CZE,2013,145.502230624961,,,2.95781400958343,2.17847766542176
Czechia,CZ,CZE,2014,156.415122826886,,,2.65099353687188,2.02976631783117
Czechia,CZ,CZE,2015,154.018400997633,,,2.94062234866954,1.57528728811662
Czechia,CZ,CZE,2016,148.547004664435,,,1.87099322261971,1.32252672188299
Czechia,CZ,CZE,2017,147.750834854762,,,1.79182139156991,1.4753298665411
Czechia,CZ,CZE,2018,145.141717890789,,,1.93349422036721,1.37184820325273
Czechia,CZ,CZE,2019,138.154609993871,,,1.72411289625088,1.21207230157379
Czechia,CZ,CZE,2020,128.780430305965,,,1.2001749503011,1.21934907977933
Czechia,CZ,CZE,2021,137.378116302868,,,2.22174838363033,1.61350866676839
Czechia,CZ,CZE,2022,144.011494109397,,,3.53919514728163,1.56813504665432
Czechia,CZ,CZE,2023,131.892598295876,,,1.91907988386955,1.35386813778064
Czechia,CZ,CZE,2024,131.466608125579,,,1.65042225091075,1.40367567949443
Czechia,CZ,CZE,2025,128.039437374276,,,,
Denmark,DK,DNK,2002,84.4845925538271,,,6.18038916103507,1.09363642130214
Denmark,DK,DNK,2003,80.7613001763544,,,6.55280343105257,1.26762779172568
Denmark,DK,DNK,2004,82.0077308240144,,,7.84721688725071,1.4259873302526
Denmark,DK,DNK,2005,89.3987952460671,,,9.64491757214053,1.28683966061961
Denmark,DK,DNK,2006,97.4298607727841,,,10.0941238028224,1.45918813432424
Denmark,DK,DNK,2007,100.047674594039,,,8.36362331224985,1.79890080475418
Denmark,DK,DNK,2008,104.470310168489,,,9.58907657996195,1.70694764321709
Denmark,DK,DNK,2009,89.3948566562728,,,7.63371922050744,1.28710103290384
Denmark,DK,DNK,2010,94.3877282319057,,,8.07066918425641,1.62457039603576
Denmark,DK,DNK,2011,102.012930474308,,,8.90717292190029,1.65076046234192
Denmark,DK,DNK,2012,104.362280505171,,,9.36040400147185,1.43420672114477
Denmark,DK,DNK,2013,103.612813249189,,,8.57392151061066,1.29962030070922
Denmark,DK,DNK,2014,103.210859225139,,,6.55193063562233,1.51389259604188
Denmark,DK,DNK,2015,105.130362453899,,,4.82598352011379,1.30256286563184
Denmark,DK,DNK,2016,101.452783808643,,,3.52193023259605,1.30427258459606
Denmark,DK,DNK,2017,104.215676920442,,,4.02329225342572,1.47944287237049
Denmark,DK,DNK,2018,108.813985501909,,,4.31161076936038,1.51915585527309
Denmark,DK,DNK,2019,111.891475065653,,,3.99130782895772,1.34249528051417
Denmark,DK,DNK,2020,104.433432671151,,,2.08131278754721,1.37226205427576
Denmark,DK,DNK,2021,112.321472697291,,,4.12965844002045,1.91206467745315
Denmark,DK,DNK,2022,131.995824909071,,,5.97125968264802,1.88025218853746
Denmark,DK,DNK,2023,129.625337431278,,,3.93398583708542,2.00423993416193
Denmark,DK,DNK,2024,131.765030975207,,,3.77818245342826,1.96131728577918
Denmark,DK,DNK,2025,129.222304332118,,,3.95080056852683,1.90947055917077
Djibouti,DJ,DJI,2002,,9.8081,20.5478625272698,,
Djibouti,DJ,DJI,2003,,2.8434,25.3088557176529,,
Djibouti,DJ,DJI,2004,,10.2366,20.4066017081692,,
Djibouti,DJ,DJI,2005,,17.9193,18.3336013037117,,
Djibouti,DJ,DJI,2006,,18.5599,21.2351032074953,,
Djibouti,DJ,DJI,2007,,17.3939,16.3130484617981,,
Djibouti,DJ,DJI,2008,,17.3586,20.7629915664544,,
Djibouti,DJ,DJI,2009,,13.3812,26.9097393466472,6.47331941297147,0.318660143179232
Djibouti,DJ,DJI,2010,,15.8097,32.3987744679211,,
Djibouti,DJ,DJI,2011,,11.5188,31.7226308188123,,
Djibouti,DJ,DJI,2012,,13.9954,30.986342867695,,
Djibouti,DJ,DJI,2013,347.720317058403,11.9327,51.7866933505892,,
Djibouti,DJ,DJI,2014,298.564535821251,8.17,41.6866432275648,,
Djibouti,DJ,DJI,2015,268.363456254629,0.3321,29.7236907295764,,
Djibouti,DJ,DJI,2016,213.071998607921,3.1527,23.9339959364474,,
Djibouti,DJ,DJI,2017,305.967966403468,12.2688,24.5304985763102,,
Djibouti,DJ,DJI,2018,300.398900523844,10.3229,19.5656922727482,,
Djibouti,DJ,DJI,2019,320.93923036418,14.7067,19.6608127086044,,
Djibouti,DJ,DJI,2020,225.744871323723,8.7288,23.6638537315515,,
Djibouti,DJ,DJI,2021,263.477728733891,20.9017,18.3505034676342,0.442789095210204,0.582915174231163
Djibouti,DJ,DJI,2022,302.285409231545,19.8086,18.5934542792423,1.24359395878011,0.719550395475568
Djibouti,DJ,DJI,2023,285.902043800644,13.9526,14.6416406107487,0.995238487819515,0.527328783503672
Djibouti,DJ,DJI,2024,241.237463098287,14.9872,10.0874681718386,,
Djibouti,DJ,DJI,2025,206.296043192215,,,,
Dominica,DM,DMA,2002,,10.5847,18.2806353125478,0,3.74047696678161
Dominica,DM,DMA,2003,,24.0149,15.5290238861307,0,4.38973183206148
Dominica,DM,DMA,2004,,21.5873,13.0240091342828,0,5.61633075863733
Dominica,DM,DMA,2005,,13.787,16.712912538986,0,6.88983592826647
Dominica,DM,DMA,2006,,8.0647,23.1088356391439,0,6.85694733344657
Dominica,DM,DMA,2007,,7.3445,22.7932329227765,0,10.6387946960552
Dominica,DM,DMA,2008,,8.6948,21.1732318426972,0,14.2351086183328
Dominica,DM,DMA,2009,,8.1071,27.7560118829522,0,8.13231955829599
Dominica,DM,DMA,2010,,2.0412,28.039866412457,0.0528019163483777,6.70370779385094
Dominica,DM,DMA,2011,,1.9789,28.9254095390663,,
Dominica,DM,DMA,2012,,1.821,31.0266726830851,0,12.2485323706899
Dominica,DM,DMA,2013,,35.3801,17.8036864246859,0.00531517299232305,8.53038403437001
Dominica,DM,DMA,2014,,34.4462,21.0504847893738,,
Dominica,DM,DMA,2015,,35.9036,25.4483669402367,,
Dominica,DM,DMA,2016,,44.5695,41.3967352522725,7.33421155815325e-5,11.8288815609459
Dominica,DM,DMA,2017,,40.4874,40.7431606403416,0.223367956944298,8.1747999022035
Dominica,DM,DMA,2018,,42.2952,37.8537953192421,1.26027499782118e-4,6.26865631127784
Dominica,DM,DMA,2019,,37.2075,33.7177027197824,3.86000094456494e-4,3.09073303083036
Dominica,DM,DMA,2020,,29.6253,34.4798901842157,0.0428312278450149,2.14689437461653
Dominica,DM,DMA,2021,,24.8134,37.4213570129947,3.03990218018957e-4,5.72887239706608
Dominica,DM,DMA,2022,,33.0653,34.1007255382925,0.129024431220386,1.74623746065708
Dominica,DM,DMA,2023,,28.5217,30.9898640316686,0.00752646170555339,0.929642781152361
Dominica,DM,DMA,2024,,30.4936,27.3859407025914,,
Dominica,DM,DMA,2025,,,,,
Dominican Republic,DO,DOM,2002,68.7232829028777,29.8564,7.21960808642394,1.97124170560477,0.311642729585602
Dominican Republic,DO,DOM,2003,84.4495031861592,14.1746,3.84155226343977,2.5885470393514,0.451525526676631
Dominican Republic,DO,DOM,2004,81.3514229381911,11.7082,10.5694320020751,3.72611529328814,0.56342466433077
Dominican Republic,DO,DOM,2005,61.6535587358027,11.4441,24.8954762689644,5.2442182706843,0.66806770432309
Dominican Republic,DO,DOM,2006,63.7664826351505,15.1347,24.6796475482638,0.00912935198268182,0.934232233285488
Dominican Republic,DO,DOM,2007,61.229259153164,23.0742,28.3288898729026,5.52179161382597,1.25546262236398
Dominican Republic,DO,DOM,2008,61.4285058325394,18.2836,25.3975080120664,7.74372386578028,2.23234163636278
Dominican Republic,DO,DOM,2009,50.6509376792025,14.8042,30.2026382779909,5.84510534150755,2.50389439109212
Dominican Republic,DO,DOM,2010,56.0573964175321,12.9959,28.7026303543611,0.099717507251035,3.68496953894326
Dominican Republic,DO,DOM,2011,59.0692578401698,11.9226,27.2526959243008,2.93053082718266,4.62313088265565
Dominican Republic,DO,DOM,2012,58.5062536731089,7.9328,16.1013256309648,6.3417919456367,3.93575854467474
Dominican Republic,DO,DOM,2013,56.8137658014945,7.3171,19.6204216997875,1.96443334758797,3.88571548684355
Dominican Republic,DO,DOM,2014,55.6601041506633,9.4643,18.507400538402,5.69909161592124,3.14640792194024
Dominican Republic,DO,DOM,2015,52.3471238667007,11.8955,19.7027556098472,4.40638828054659,1.78327753384111
Dominican Republic,DO,DOM,2016,51.7306571245477,10.79,21.6822846252072,3.83103177400536,1.34702483700504
Dominican Republic,DO,DOM,2017,50.7595355508472,6.7948,23.3329352022841,4.70047640907006,1.40257834921898
Dominican Republic,DO,DOM,2018,52.3351709577013,6.8647,24.2202534386287,5.08445416179815,1.88249411363481
Dominican Republic,DO,DOM,2019,50.912982200697,7.166,25.2764929570998,4.36862169290227,1.7796768037
Dominican Republic,DO,DOM,2020,44.7331613466756,5.3541,26.7378787475674,0.324398828760202,1.53332089649435
Dominican Republic,DO,DOM,2021,51.9500227303115,5.2652,29.9071362720138,0.771514244911985,2.53117700795709
Dominican Republic,DO,DOM,2022,54.3781976712844,6.6563,30.0748039650802,1.09092148161125,2.53941382245587
Dominican Republic,DO,DOM,2023,49.8436131764417,7.5971,29.7895949403773,0.30547693742132,2.69043160707394
Dominican Republic,DO,DOM,2024,51.7835143952326,7.7828,25.2772745494584,0.435451263861145,3.28093047847441
Dominican Republic,DO,DOM,2025,51.4949057079303,,,,
Ecuador,EC,ECU,2002,54.7966439366136,11.817,5.12824042284296,40.9750775445068,0.263377478596076
Ecuador,EC,ECU,2003,52.3575426975979,8.5831,5.83353234017495,43.1626885974467,0.188013321764884
Ecuador,EC,ECU,2004,56.0745467239942,8.3561,6.97879094784097,55.6625239238104,0.260353137241963
Ecuador,EC,ECU,2005,61.9581507902572,7.441,10.5127761626376,59.4704452779803,0.448753824817946
Ecuador,EC,ECU,2006,65.8423556166562,8.689,9.93655355347354,59.273668541052,0.70960134487095206
Ecuador,EC,ECU,2007,68.8505854462677,8.9709,16.671773154245,59.9917457565675,0.824224237178258
Ecuador,EC,ECU,2008,74.5902963648439,8.689,23.50025409168,62.2801482982578,0.654153512760265
Ecuador,EC,ECU,2009,57.3473460627608,10.0585,28.3483233615266,50.2337945782196,0.49230884676117
Ecuador,EC,ECU,2010,65.7773849135062,6.9133,17.0410043909034,55.3030204823096,0.62297890547862
Ecuador,EC,ECU,2011,70.0356837525249,5.2225,18.2811681796554,57.7787990802791,0.62204150951619
Ecuador,EC,ECU,2012,67.0029290916898,4.8153,15.2885627918126,57.846148412909,0.65714730012745
Ecuador,EC,ECU,2013,63.4333003342414,4.4824,22.7595607581618,56.5210833601088,0.847310221074743
Ecuador,EC,ECU,2014,61.4263766217565,4.0464,15.7753625980872,51.6086837081626,0.74278506267087
Ecuador,EC,ECU,2015,47.8280397077826,3.7379,8.75622473743015,36.3427967688568,0.992358606198248
Ecuador,EC,ECU,2016,40.5344917996647,2.4673,11.9100050743292,32.7169914569429,1.07250605981619
Ecuador,EC,ECU,2017,43.6177233172817,2.6583,5.27001512810341,36.2561114099386,1.35925235768237
Ecuador,EC,ECU,2018,48.0093476154836,2.3952,4.8000014305469,40.7852721644812,1.33949761872664
Ecuador,EC,ECU,2019,48.0828494933307,1.7967,5.66194579175655,39.1701538590398,1.39691194692572
Ecuador,EC,ECU,2020,43.9893109378389,2.0009,12.6541377163322,26.0572897017572,4.12023735620389
Ecuador,EC,ECU,2021,53.261275610573,2.1561,13.6144818758088,32.2853645441255,6.61445465526514
Ecuador,EC,ECU,2022,61.880792818786,3.1693,13.9401264028641,35.4829696314727,6.60995491048726
Ecuador,EC,ECU,2023,57.1626938264309,3.3665,7.20354632324905,28.8613429479255,6.99936072862236
Ecuador,EC,ECU,2024,57.4436448205751,1.0373000000000001,11.4433443189908,27.4813880702454,6.88594032491159
Ecuador,EC,ECU,2025,59.3567812036511,,,,
"Egypt, Arab Rep.",EG,EGY,2002,40.9870678279229,7.2461,47.4392496906284,33.5758472614446,4.58464863148707
"Egypt, Arab Rep.",EG,EGY,2003,46.1796407185629,6.1206,47.9314838671684,43.0771531636003,3.12730798783112
"Egypt, Arab Rep.",EG,EGY,2004,57.8199052132701,5.4735,48.843660982853,43.1044662663056,3.6007091699792
"Egypt, Arab Rep.",EG,EGY,2005,62.9526462395543,5.4146,71.4841764402996,51.2725247920002,2.80682569835647
"Egypt, Arab Rep.",EG,EGY,2006,61.5185365063947,5.5419,83.8162841582727,55.4576130325556,2.25748526585406
"Egypt, Arab Rep.",EG,EGY,2007,65.077873254565,6.4606,93.0930282972896,52.2178046042278,2.77345298681996
"Egypt, Arab Rep.",EG,EGY,2008,71.6806253489671,8.3786,101.194289794683,43.9609378227177,6.47542351525831
"Egypt, Arab Rep.",EG,EGY,2009,56.5534446363462,7.2319,98.5305977941389,28.5311081758902,7.13017414738842
"Egypt, Arab Rep.",EG,EGY,2010,47.9363500745898,8.5562,100.610190629948,28.675015261694,6.00964225683771
"Egypt, Arab Rep.",EG,EGY,2011,45.2556341623514,8.5933,52.9343823034494,29.2504485443273,5.75973597078864
"Egypt, Arab Rep.",EG,EGY,2012,40.7117692721084,16.6173,39.1207738563639,30.1290625343441,5.6950686321686
"Egypt, Arab Rep.",EG,EGY,2013,40.373038056332,6.0518,35.5350626520593,26.0844601901547,4.97337081128656
"Egypt, Arab Rep.",EG,EGY,2014,36.9201877934272,7.9497,35.7337956650911,23.3551757931695,4.10353466655057
"Egypt, Arab Rep.",EG,EGY,2015,34.8459429600229,8.8707,31.7979443056492,17.8713832773737,4.43959491401161
"Egypt, Arab Rep.",EG,EGY,2016,30.2465490514505,17.2647,34.1714098122744,13.7657934284608,3.66341693440169
"Egypt, Arab Rep.",EG,EGY,2017,42.8321343581608,13.1561,43.0328486843041,19.3528393471568,3.85875417701215
"Egypt, Arab Rep.",EG,EGY,2018,45.9110196733959,10.3974,42.0676012909547,24.5436332078061,3.93760292987062
"Egypt, Arab Rep.",EG,EGY,2019,41.1240171551108,9.8199,38.7857767095803,26.465801966271,3.4285889519429
"Egypt, Arab Rep.",EG,EGY,2020,32.1262555667523,9.0228,29.404851483048,20.6229583667758,3.63017505658444
"Egypt, Arab Rep.",EG,EGY,2021,29.8569734808122,8.7961,27.2772901151395,31.6971100561669,3.5475375524115
"Egypt, Arab Rep.",EG,EGY,2022,36.9831048772713,18.5434,19.7067253909647,35.9532117277136,2.91694131479414
"Egypt, Arab Rep.",EG,EGY,2023,40.4504007720031,17.5303,19.6633018777089,18.1531616111814,4.6694996946509
"Egypt, Arab Rep.",EG,EGY,2024,39.6007520873733,19.8722,28.8007686002366,12.454042682902699,5.40785612895585
"Egypt, Arab Rep.",EG,EGY,2025,51.334347878828,,,,
El Salvador,SV,SLV,2002,65.9190907767708,19.0382,26.7194835477763,2.15866523854517,1.15584362357537
El Salvador,SV,SLV,2003,68.23698247861,18.8011,23.0540371751175,2.00487312073414,1.31534426733791
El Salvador,SV,SLV,2004,69.7822641767691,19.456,21.1633093142947,1.85819761530743,1.34659452951972
El Salvador,SV,SLV,2005,69.7158116750578,19.2932,19.2459114429845,1.86278033146763,1.44832477015354
El Salvador,SV,SLV,2006,73.4555675070266,12.8857,19.7007225925321,2.2630253508994,1.85692050804381
El Salvador,SV,SLV,2007,77.6210560347995,13.0973,23.3440924611734,2.84937473805287,2.00278861682249
El Salvador,SV,SLV,2008,80.6659739399085,14.43,24.7406295078484,3.44085217496394,1.74053641550667
El Salvador,SV,SLV,2009,66.0711911744487,8.2957,29.9918129933645,2.75552281120897,1.29712979888706
El Salvador,SV,SLV,2010,73.5372876725398,7.2709,25.0682655910882,2.92291722483646,1.69920510445875
El Salvador,SV,SLV,2011,79.2766437025052,9.6051,19.5851246125203,3.17562525140071,2.00585034068723
El Salvador,SV,SLV,2012,77.6485716222883,11.2658,23.4434116446167,3.18128162520571,1.77742535831435
El Salvador,SV,SLV,2013,80.4511944908271,13.1121,19.4233749622711,2.310418912892,1.36818616220759
El Salvador,SV,SLV,2014,78.1044257477935,13.2991,17.7495800309366,2.57051935028685,1.53576875268343
El Salvador,SV,SLV,2015,76.5602707370519,12.9298,17.857984740279498,1.9602368517525,1.23613153909728
El Salvador,SV,SLV,2016,72.8190933731491,15.2743,19.5281899219681,2.85703125629467,1.12619341923859
El Salvador,SV,SLV,2017,74.3046511916519,11.8852,20.7492439420718,3.1700621689001,1.15638828382003
El Salvador,SV,SLV,2018,75.6336168879956,12.408,21.387276085268,3.53674673172561,1.26795177041228
El Salvador,SV,SLV,2019,76.0420130991468,12.853,25.5968915246922,3.37096131973082,1.06688895694381
El Salvador,SV,SLV,2020,66.4595069497083,10.1226,16.6773333744401,3.20991367903261,0.90218527850289
El Salvador,SV,SLV,2021,81.8450759800765,11.1,16.8422672427423,3.88664003808006,1.06667410327226
El Salvador,SV,SLV,2022,88.7011372097555,11.1788,12.7185831218883,4.79090726433674,1.12672812630008
El Salvador,SV,SLV,2023,79.8122651787866,12.7373,13.4686533899243,5.29654060272418,1.12538630226481
El Salvador,SV,SLV,2024,85.6825726575292,10.6126,14.8416167448619,5.00115993975647,1.27838950619101
El Salvador,SV,SLV,2025,88.1580664327311,,,,
Equatorial Guinea,GQ,GNQ,2002,,,,,
Equatorial Guinea,GQ,GNQ,2003,,,,,
Equatorial Guinea,GQ,GNQ,2004,,,,,
Equatorial Guinea,GQ,GNQ,2005,131.02447181321,,,,
Equatorial Guinea,GQ,GNQ,2006,118.532782368937,,,,
Equatorial Guinea,GQ,GNQ,2007,134.083789857569,,,,
Equatorial Guinea,GQ,GNQ,2008,128.688006601458,,,,
Equatorial Guinea,GQ,GNQ,2009,122.212077110801,,,,
Equatorial Guinea,GQ,GNQ,2010,144.668225001248,,,,
Equatorial Guinea,GQ,GNQ,2011,114.37734663649,,,,
Equatorial Guinea,GQ,GNQ,2012,116.675422472364,,,,
Equatorial Guinea,GQ,GNQ,2013,106.893284926066,,,,
Equatorial Guinea,GQ,GNQ,2014,104.379198671388,,,,
Equatorial Guinea,GQ,GNQ,2015,98.8780591680756,,,,
Equatorial Guinea,GQ,GNQ,2016,92.6007307237942,,,,
Equatorial Guinea,GQ,GNQ,2017,102.428258251803,,,,
Equatorial Guinea,GQ,GNQ,2018,103.645681622953,,,,
Equatorial Guinea,GQ,GNQ,2019,94.8787924253545,,,,
Equatorial Guinea,GQ,GNQ,2020,77.9278846441807,,,,
Equatorial Guinea,GQ,GNQ,2021,76.9666485998527,,,,
Equatorial Guinea,GQ,GNQ,2022,81.8130161368099,,,,
Equatorial Guinea,GQ,GNQ,2023,60.6886626813037,,,,
Equatorial Guinea,GQ,GNQ,2024,74.2894990329407,,,,
Equatorial Guinea,GQ,GNQ,2025,74.9321719146879,,,,
Eritrea,ER,ERI,2002,76.5901636574451,5.7196,5.60009244253978,0,4.79801704740224
Eritrea,ER,ERI,2003,74.0078242901552,4.3354,3.76588823642872,,1.75483552385025
Eritrea,ER,ERI,2004,65.570906849032,4.3023,4.57048350689583,,
Eritrea,ER,ERI,2005,61.1060310218073,1.658,3.69042152095424,,
Eritrea,ER,ERI,2006,45.2608460537354,2.256,2.865664957601,,
Eritrea,ER,ERI,2007,34.5595595326375,1.9073,3.61399972181839,,
Eritrea,ER,ERI,2008,30.5609500494496,1.751,5.61453766214905,,
Eritrea,ER,ERI,2009,27.9721416148149,1.3233,8.5671035867093,,
Eritrea,ER,ERI,2010,37.4714654565691,1.4993,11.0042568257466,,
Eritrea,ER,ERI,2011,47.3937901188684,1.6865,10.9731148317744,,
Eritrea,ER,ERI,2012,,1.8185,13.3975410382805,,
Eritrea,ER,ERI,2013,,2.7247,14.1423597016481,,
Eritrea,ER,ERI,2014,,6.1692,16.7200676110039,,
Eritrea,ER,ERI,2015,,7.9838,16.5705350650446,,
Eritrea,ER,ERI,2016,,3.3265,18.1532723928313,,
Eritrea,ER,ERI,2017,,3.2921,17.3692042115152,,
Eritrea,ER,ERI,2018,,4.2678,20.444046872348,,
Eritrea,ER,ERI,2019,,4.1988,24.5972481713616,,
Eritrea,ER,ERI,2020,,4.6768,,,
Eritrea,ER,ERI,2021,,5.0349,,,
Eritrea,ER,ERI,2022,,5.5548,,,
Eritrea,ER,ERI,2023,,6.0422,,,
Eritrea,ER,ERI,2024,,6.6994,,,
Eritrea,ER,ERI,2025,,,,,
Estonia,EE,EST,2002,123.28234538757,,,5.31993030472275,2.13507929677069
Estonia,EE,EST,2003,122.744772807796,,,4.23761126864072,2.34375279542194
Estonia,EE,EST,2004,129.949500077661,,,4.57624631517245,2.42263556517411
Estonia,EE,EST,2005,135.912792115107,,,7.24164619557619,2.4066904836864502
Estonia,EE,EST,2006,136.620737662645,,,15.5473654441927,3.06963906723222
Estonia,EE,EST,2007,133.980829235754,,,4.33060211149002,3.52696244890846
Estonia,EE,EST,2008,136.681988157836,,,5.68918091433344,4.54683697485613
Estonia,EE,EST,2009,116.759079859802,,,7.55377119463788,2.57266405705559
Estonia,EE,EST,2010,143.671762256978,,,15.7557378331267,2.94612857707817
Estonia,EE,EST,2011,166.7460724339,,,16.759429812844,2.6179099640865
Estonia,EE,EST,2012,169.156067773865,,,16.1288814928579,2.68309199729124
Estonia,EE,EST,2013,164.601632156916,,,10.2328124082169,2.15486337484092
Estonia,EE,EST,2014,157.953944842229,,,11.0752147148655,1.90384941929347
Estonia,EE,EST,2015,148.507157123558,,,10.9620111254271,1.63649560074123
Estonia,EE,EST,2016,147.7462327097,,,8.25731127628323,1.66618656806521
Estonia,EE,EST,2017,144.635650944133,,,9.90908638679396,2.35841269089017
Estonia,EE,EST,2018,143.485224864735,,,6.25245637056531,2.75086658238913
Estonia,EE,EST,2019,140.352147998549,,,5.15338494755635,2.41631163524727
Estonia,EE,EST,2020,137.392641283846,,,4.86060996210624,2.13043592205078
Estonia,EE,EST,2021,160.471922305927,,,6.84172899377223,2.90267324961105
Estonia,EE,EST,2022,175.68711950524,,,14.6886476101958,2.1027438271375
Estonia,EE,EST,2023,154.592617111149,,,8.40546041427357,2.14143873651271
Estonia,EE,EST,2024,151.037702410455,,,7.77072769925022,1.87499765183745
Estonia,EE,EST,2025,155.759916645579,,,,
Eswatini,SZ,SWZ,2002,,16.486,67.1369348240971,0.705024745662401,0.236438012252563
Eswatini,SZ,SWZ,2003,,11.3707,61.2003133395604,0.653258092351942,0.198614420455275
Eswatini,SZ,SWZ,2004,,8.938,69.7934899669165,0.657054524354526,0.21034852188841
Eswatini,SZ,SWZ,2005,,18.3368,46.8767689424297,0.586971596349744,0.451465736637262
Eswatini,SZ,SWZ,2006,,9.2066,78.4311929830288,0.920284908992837,0.240303978887475
Eswatini,SZ,SWZ,2007,,7.7954,155.532170268441,1.26022040911437,0.540540883857131
Eswatini,SZ,SWZ,2008,,9.9568,156.484828794772,1.7857614869689,0.719407974130607
Eswatini,SZ,SWZ,2009,,3.8484,181.894711180277,0.789199615676906,0.384051662581888
Eswatini,SZ,SWZ,2010,,20.5016,74.3781536869519,1.17852252583884,0.436095573162673
Eswatini,SZ,SWZ,2011,,15.6579,57.7878907141167,0.508342693376851,0.512942471203624
Eswatini,SZ,SWZ,2012,,4.5687,85.7801054601054,0.966255611612647,5.78637637833919
Eswatini,SZ,SWZ,2013,85.2034551274939,5.5335,101.107586057813,1.27806869478273,3.74428747787606
Eswatini,SZ,SWZ,2014,91.6200186943398,6.0781,128.556890882167,0.957817323760654,2.01180714958384
Eswatini,SZ,SWZ,2015,88.2620944023684,2.791,121.790559365023,0.774679896667241,0.157896597177095
Eswatini,SZ,SWZ,2016,89.3584874439935,7.6465,73.7250298002544,0.878224883829489,0.137876958421922
Eswatini,SZ,SWZ,2017,86.8801420302976,20.8271,64.5030198414947,1.18577885671476,0.208812083737069
Eswatini,SZ,SWZ,2018,85.4927768173538,1.8731,57.4980575768102,0.999438298059724,0.241373820860526
Eswatini,SZ,SWZ,2019,86.6407948477595,2.3577,52.7945958266164,0.8345161150458,0.191500644926506
Eswatini,SZ,SWZ,2020,84.0140188426878,2.7554,56.9732554517618,1.13422475123481,0.171358147893786
Eswatini,SZ,SWZ,2021,89.9313874866569,3.3549,48.538677976393,1.18486980833579,0.258104851670951
Eswatini,SZ,SWZ,2022,92.5715871298334,0.9579,36.2462125448906,2.79813710826975,0.427200574976774
Eswatini,SZ,SWZ,2023,99.7246110815617,4.6195,39.0230618626915,3.59794524294311,0.606121284662495
Eswatini,SZ,SWZ,2024,107.480621053879,5.6401,43.3208755065182,,
Eswatini,SZ,SWZ,2025,,,,,
Ethiopia,ET,ETH,2002,,0.8686,14.7410175121634,0.00102779352734005,1.28504957578626
Ethiopia,ET,ETH,2003,,0.8805,13.123219332349,,0.710764053641536
Ethiopia,ET,ETH,2004,,1.1085,22.7884284341768,0.0041466902140579,0.962038149260378
Ethiopia,ET,ETH,2005,,2.0711,16.8819310118665,0.00427410506095752,1.06218438683818
Ethiopia,ET,ETH,2006,,2.8363,39.0563632234576,,0.654345628657769
Ethiopia,ET,ETH,2007,,2.5526,49.7518285711253,0.0103730569103196,4.97334641971951
Ethiopia,ET,ETH,2008,,2.036,30.5693010334458,0.00882169997172354,0.935603559938025
Ethiopia,ET,ETH,2009,,4.2712,33.2164688138407,0.00140983458174667,1.26154404333598
Ethiopia,ET,ETH,2010,,4.1452,30.7539173154047,0.00597790062470827,1.76352373238568
Ethiopia,ET,ETH,2011,48.232935411689,2.1027,32.9631493319958,1.44284633759849e-5,1.64148270661664
Ethiopia,ET,ETH,2012,45.3979041835072,0.3448,21.9935937339013,0.00477153174932123,0.861647817788996
Ethiopia,ET,ETH,2013,41.4717870807625,1.6196,18.7797111236408,0.00120079987025877,0.126242533310652
Ethiopia,ET,ETH,2014,40.7410841498626,1.7219,20.8027686780386,0.0463693412234373,0.549836106787534
Ethiopia,ET,ETH,2015,39.6561241449515,2.69,18.7600809382176,8.43578426363285e-7,0.46364536030442
Ethiopia,ET,ETH,2016,34.8990210816111,3.9641,12.9545665150701,0.00792917271878003,0.489305949785615
Ethiopia,ET,ETH,2017,31.1036494929016,2.4226,11.6373756662727,0.00174724528051893,0.538936387709205
Ethiopia,ET,ETH,2018,31.1993689777881,2.511,13.3616849918449,8.76209733929005e-6,0.815476613183693
Ethiopia,ET,ETH,2019,28.8152939292608,1.5874,9.85176687079036,1.00158271942029e-4,0.417258764730303
Ethiopia,ET,ETH,2020,24.0061143414049,1.2611,9.41202874846541,0.00466762968720468,0.324961749379858
Ethiopia,ET,ETH,2021,24.3450574655662,1.6603,5.13748663970079,6.92693626282324e-5,0.34981780344132
Ethiopia,ET,ETH,2022,26.5954996964257,1.0613,3.89184533601214,0.0081728528551792,0.670250624917404
Ethiopia,ET,ETH,2023,20.5982015071406,0.6071,6.09555279485726,0.0317976469871324,0.720590411591821
Ethiopia,ET,ETH,2024,17.4004358586815,0.9621,10.3544942459446,,
Ethiopia,ET,ETH,2025,33.4597826561314,,,,
Faroe Islands,FO,FRO,2002,98.6231560125168,,,,
Faroe Islands,FO,FRO,2003,108.258290126639,,,,
Faroe Islands,FO,FRO,2004,93.415398908373,,,,
Faroe Islands,FO,FRO,2005,100.962759404909,,,,
Faroe Islands,FO,FRO,2006,97.3947177610908,,,1.95138438103865,0.229729223000157
Faroe Islands,FO,FRO,2007,99.5060041310306,,,1.7296457127819,0.198220149417045
Faroe Islands,FO,FRO,2008,103.496222535589,,,2.12412708103002,0.180894038885145
Faroe Islands,FO,FRO,2009,96.8608080332117,,,2.79966443731964,0.112920902098654
Faroe Islands,FO,FRO,2010,97.1824434582361,,,,
Faroe Islands,FO,FRO,2011,105.846453473678,,,,
Faroe Islands,FO,FRO,2012,117.157793662648,,,,
Faroe Islands,FO,FRO,2013,114.062282820929,,,,
Faroe Islands,FO,FRO,2014,106.142539193387,,,,
Faroe Islands,FO,FRO,2015,105.610671594387,,,,
Faroe Islands,FO,FRO,2016,104.552703002397,,,,
Faroe Islands,FO,FRO,2017,107.238908370178,,,,
Faroe Islands,FO,FRO,2018,106.874664759521,,,,
Faroe Islands,FO,FRO,2019,108.623245950251,,,,
Faroe Islands,FO,FRO,2020,96.224193751839607,,,,
Faroe Islands,FO,FRO,2021,103.488037146112,,,,
Faroe Islands,FO,FRO,2022,122.86334141193,,,,
Faroe Islands,FO,FRO,2023,113.336400780359,,,,
Faroe Islands,FO,FRO,2024,105.752803037623,,,,
Faroe Islands,FO,FRO,2025,,,,,
Fiji,FJ,FJI,2002,126.052579068143,15.3185,169.806889583818,0,0.299304052544433
Fiji,FJ,FJI,2003,128.975969916537,24.9276,164.105123770484,,0.404616506824677
Fiji,FJ,FJI,2004,125.121987598815,22.9013,183.16299809457,,0.664583915054472
Fiji,FJ,FJI,2005,117.740079365079,35.4748,106.15699843909,0.0511364147089981,0.695154837062384
Fiji,FJ,FJI,2006,118.048331674709,3.4814,83.9441994136829,0.0832784183467419,1.01455958643552
Fiji,FJ,FJI,2007,110.389514898623,5.347,132.754224500072,0.0751415823719438,1.12780489952063
Fiji,FJ,FJI,2008,130.997847976458,2.525,46.7527964577477,0.0480732391458322,1.1506532861719
Fiji,FJ,FJI,2009,108.869117411674,5.2532,53.3748968454316,0.178329937343879,0.889002820503783
Fiji,FJ,FJI,2010,121.227903395671,7.0528,65.0619483631632,0.0856275797751915,1.43632067178433
Fiji,FJ,FJI,2011,124.476834805196,17.0208,73.4143315270382,0.121808650065764,1.90024418530722
Fiji,FJ,FJI,2012,125.285791685112,19.9901,71.5719248584385,0.0387534750988617,2.00706569729676
Fiji,FJ,FJI,2013,126.348386724849,19.2459,70.9811692358839,0.0271306692408987,2.40938662974436
Fiji,FJ,FJI,2014,110.812306063192,24.4726,63.9210681737961,0.00884780764239431,2.08859282078155
Fiji,FJ,FJI,2015,101.189048956211,28.402,61.5732830088256,0.00420082497701858,2.32668047490659
Fiji,FJ,FJI,2016,97.1744905841206,21.8403,64.8676586142717,0.0182944447660437,1.4716217264015
Fiji,FJ,FJI,2017,97.0216625258442,25.0385,67.145884895731,0.0491211110085218,1.30365771587364
Fiji,FJ,FJI,2018,103.235419948556,23.207,58.194913131244,0.0363052019446146,1.33442469289395
Fiji,FJ,FJI,2019,110.696192117501,20.4387,56.9582304356204,0.0196300015245936,1.15537275873902
Fiji,FJ,FJI,2020,78.0763651830605,15.763,52.8397855082084,0.0139017823943205,1.28185483309287
Fiji,FJ,FJI,2021,87.2159321837078,14.7106,60.7610713816014,0.0243939323785786,1.55906543051202
Fiji,FJ,FJI,2022,119.213746657784,17.0201,52.1002160236745,0.00896119294518203,1.70246176799379
Fiji,FJ,FJI,2023,126.282134510517,23.7039,46.2500013163731,0.0304205173711805,1.4262914079969
Fiji,FJ,FJI,2024,118.962880886427,27.2248,41.3450459940034,0.038792893748014,2.26797286248223
Fiji,FJ,FJI,2025,,,,,
Finland,FI,FIN,2002,69.3209377526273,,,3.30941211057328,2.88066822484008
Finland,FI,FIN,2003,68.0715029595159,,,3.94683112007066,2.83066230263387
Finland,FI,FIN,2004,70.967802899062,,,4.27022224955802,3.48207640640233
Finland,FI,FIN,2005,76.5889740444293,,,4.36052436203863,3.47465272509445
Finland,FI,FIN,2006,82.0005669294983,,,5.19187760108048,4.93577190443786
Finland,FI,FIN,2007,82.8631608209175,,,5.35882266984155,5.21294691962384
Finland,FI,FIN,2008,86.1896598765527,,,6.8450443496946,4.28872396767722
Finland,FI,FIN,2009,70.1279335295898,,,6.39187425472818,3.50881295975782
Finland,FI,FIN,2010,75.4612085231229,,,8.00778829788298,5.19161268948637
Finland,FI,FIN,2011,78.7159444486606,,,9.48992983167928,5.4220720824758
Finland,FI,FIN,2012,79.4303765882482,,,10.9192398514449,5.48506681026777
Finland,FI,FIN,2013,77.485171771574,,,12.2157940645822,5.00267427474915
Finland,FI,FIN,2014,74.6277719754196,,,10.7696389893942,5.12112673050603
Finland,FI,FIN,2015,71.9618253787014,,,6.76312112992402,4.6061579259411
Finland,FI,FIN,2016,71.7222101178859,,,7.66983539583826,4.88490053282647
Finland,FI,FIN,2017,75.9387822310041,,,7.87281740072405,5.68640270333235
Finland,FI,FIN,2018,79.1436148422846,,,8.47941929187425,5.86084315766425
Finland,FI,FIN,2019,80.5641502947367,,,8.93949294379424,5.60325974345396
Finland,FI,FIN,2020,72.1845955995888,,,7.01061120576107,6.87189065381557
Finland,FI,FIN,2021,79.7892781913782,,,6.9991011506182,7.17679219447999
Finland,FI,FIN,2022,94.5625340522667,,,10.4171336225174,7.75162787848801
Finland,FI,FIN,2023,85.5141847218915,,,9.50214792822571,7.19073331390488
Finland,FI,FIN,2024,83.4510295550974,,,7.5318060893789,7.95818749984781
Finland,FI,FIN,2025,83.3959439712015,,,,
France,FR,FRA,2002,55.1325248503102,,,2.41044026064874,1.74724241978841
France,FR,FRA,2003,52.5988822870657,,,2.62366263490054,1.69333593305147
France,FR,FRA,2004,53.7497648292028,,,2.8665533683138,2.11089744571794
France,FR,FRA,2005,55.8228361241299,,,4.1253866202006,2.12258436237601
France,FR,FRA,2006,57.8692775292673,,,4.32619285530699,2.81772991319338
France,FR,FRA,2007,58.1525611309659,,,3.84287489236502,2.88032413307707
France,FR,FRA,2008,59.1797928411748,,,5.06960349418849,2.60547611123395
France,FR,FRA,2009,52.1991123027613,,,3.53134251252507,1.96884856912771
France,FR,FRA,2010,56.587555247796,,,3.65811274413341,2.48276254260081
France,FR,FRA,2011,60.6056354816406,,,4.54318211381377,2.63854694560427
France,FR,FRA,2012,61.6589570771102,,,4.44640256167696,2.40010727643714
France,FR,FRA,2013,61.8192338733962,,,3.91482105973503,2.25962213716718
France,FR,FRA,2014,62.1992669379507,,,3.879573777375,2.23331096053479
France,FR,FRA,2015,63.5046871956484,,,2.95528102932916,2.06187886467425
France,FR,FRA,2016,63.3427564383351,,,2.30761310498294,1.93198020258662
France,FR,FRA,2017,65.3958481559711,,,2.80075972124448,2.17114519793476
France,FR,FRA,2018,66.8022607812266,,,3.29246555293983,2.16882045181769
France,FR,FRA,2019,66.4289607281749,,,2.77533644087224,2.01518529515345
France,FR,FRA,2020,58.8388907240647,,,2.17631318472775,2.05535644990595
France,FR,FRA,2021,63.788482630872,,,3.67766725739694,2.62521550149252
France,FR,FRA,2022,75.9630077981996,,,5.90288840625744,2.53388659273505
France,FR,FRA,2023,70.6261450610225,,,5.1259997747409,2.2621472914111
France,FR,FRA,2024,68.1081875443744,,,4.40931574185064,2.39024182700127
France,FR,FRA,2025,67.1923772838849,,,,
French Polynesia,PF,PYF,2002,,,,0.00645300448843245,0.28626746205318
French Polynesia,PF,PYF,2003,,,,0.0214943925019233,0.113161772368366
French Polynesia,PF,PYF,2004,,,,0.00338294129752867,0.166103011301803
French Polynesia,PF,PYF,2005,58.8757396449704,,,0.00800621780108058,0.0873750562090131
French Polynesia,PF,PYF,2006,56.6132574828647,,,0.0236426764920299,0.141274787246371
French Polynesia,PF,PYF,2007,57.455468093766,,,0.0517430310634784,0.205980185774453
French Polynesia,PF,PYF,2008,58.0396477672874,,,0.068026533719118,0.240523391864856
French Polynesia,PF,PYF,2009,51.6750777052154,,,0.0577591067695771,0.285013270060359
French Polynesia,PF,PYF,2010,54.0438821122259,,,0.0382118030297716,0.9723894346274
French Polynesia,PF,PYF,2011,56.2319854247632,,,0.0334599624273103,0.974880424971493
French Polynesia,PF,PYF,2012,57.8806819793666,,,0.0106824065439393,1.58978477108585
French Polynesia,PF,PYF,2013,56.0619675585513,,,0.0181855927369479,0.626774186962112
French Polynesia,PF,PYF,2014,56.2324578944225,,,0.00704890982201503,0.595821595561009
French Polynesia,PF,PYF,2015,55.6304686354336,,,0.00499563085842658,0.581936460905997
French Polynesia,PF,PYF,2016,53.6164949427793,,,0.0144275858087006,0.319149064136548
French Polynesia,PF,PYF,2017,54.5776905038178,,,0.0332785339045213,0.408382743228539
French Polynesia,PF,PYF,2018,65.0146628512067,,,0.0141893928796097,0.390503836058389
French Polynesia,PF,PYF,2019,63.3061124024003,,,0.030038461120385,0.470883746723041
French Polynesia,PF,PYF,2020,45.8331834386023,,,0.217449814572096,0.670466230407596
French Polynesia,PF,PYF,2021,52.9788183937695,,,0.057664844915583,0.4990261088779
French Polynesia,PF,PYF,2022,69.5264023221442,,,0.0345127528179326,0.416874202743597
French Polynesia,PF,PYF,2023,71.672203765227,,,,0.0930273960029802
French Polynesia,PF,PYF,2024,64.4688665693732,,,,6.92171557321636e-4
French Polynesia,PF,PYF,2025,,,,,
Gabon,GA,GAB,2002,84.7590815376223,6.5382,4.09584238222851,83.8178488029703,1.77445857699742
Gabon,GA,GAB,2003,80.3026082056312,8.5006,5.30438595496239,88.3710263827654,1.05563054621456
Gabon,GA,GAB,2004,81.7675371418698,4.4504,10.9219293951205,76.1833932062393,5.50841106598959
Gabon,GA,GAB,2005,83.9495998399241,6.1547,16.953304656094,84.0432355614467,3.59283990122888
Gabon,GA,GAB,2006,88.6494092562519,9.7823,25.6790696913332,85.6108217616136,3.15100423734133
Gabon,GA,GAB,2007,85.1324791636578,8.6978,24.1251490739474,83.4131671985386,3.60059532421835
Gabon,GA,GAB,2008,88.9988725945748,4.6305,77.7895270346854,89.172106484587,2.21111070998674
Gabon,GA,GAB,2009,83.5045774235636,3.823,73.5126027402267,83.1348290725266,3.03112583114056
Gabon,GA,GAB,2010,89.1576627248353,5.8434,59.5527825312156,90.0238109825846,2.48688091630774
Gabon,GA,GAB,2011,90.4983773331323,5.8132,67.7770827112681,85.8523172012879,3.8579113367887
Gabon,GA,GAB,2012,92.3428089420545,3.4281,72.5556039077438,71.2999874587435,1.21683062244485
Gabon,GA,GAB,2013,90.6350361478645,5.6605,62.2779522850069,65.7772359485275,1.3868214654464
Gabon,GA,GAB,2014,73.5203290162438,1.571,53.3394315418242,57.3466183308981,1.09231849999857
Gabon,GA,GAB,2015,73.9497814588281,4.1015,36.3070036950427,41.9546334620749,1.57938272358853
Gabon,GA,GAB,2016,70.1333810645308,4.4693,14.6534093625024,30.8820467592108,1.82553919658524
Gabon,GA,GAB,2017,75.0687404456638,3.151,14.6694853489707,62.2945642697917,3.31591796865075
Gabon,GA,GAB,2018,77.0365976973024,2.7171,19.1565890079185,53.4577795641384,3.11836475453618
Gabon,GA,GAB,2019,73.4280894486644,4.9331,18.8164911893315,54.8656896318362,4.31465619463794
Gabon,GA,GAB,2020,70.1140546463796,0.9768,17.9367466818875,52.9194386591688,6.19989793138207
Gabon,GA,GAB,2021,85.3483122054787,0.2149,16.6511067504691,52.3128650846528,6.75461904672039
Gabon,GA,GAB,2022,92.0630888496921,4.0583,17.7145145244664,67.2482428452105,6.4339342258012
Gabon,GA,GAB,2023,91.4786533179144,1.6365,19.1051573724264,53.9865618745688,23.3145469906779
Gabon,GA,GAB,2024,92.0468055146014,2.2312,9.37103338435932,,
Gabon,GA,GAB,2025,84.8918905135603,,,,
"Gambia, The",GM,GMB,2002,59.642950918834,6.4175,18.3079552521825,0.00692766205053044,
"Gambia, The",GM,GMB,2003,68.8587930342232,5.0927,9.217946851849,0,0.818503619213777
"Gambia, The",GM,GMB,2004,49.9342995615683,3.96,12.3253549260042,,0.985833564792292
"Gambia, The",GM,GMB,2005,50.0187233950976,3.395,14.8547724669802,,0.0425717253232971
"Gambia, The",GM,GMB,2006,50.374468581975,2.5191,17.0044030917455,,0.80370436886944
"Gambia, The",GM,GMB,2007,44.2938444656791,3.1292,20.6687692848746,,0
"Gambia, The",GM,GMB,2008,39.0890994561344,4.0752,29.7812147963647,0,19.7091636784096
"Gambia, The",GM,GMB,2009,41.7773944257977,8.182,42.2116878552635,0,17.4842045721017
"Gambia, The",GM,GMB,2010,41.0125150279466,8.2424,37.0768734639525,1.03524226526354e-4,9.99434453240147
"Gambia, The",GM,GMB,2011,42.6397020468894,0.1743,43.2717552232415,0,9.37945577733623
"Gambia, The",GM,GMB,2012,47.7006731141985,3.9856,41.7700454165916,0,0.45786601607713
"Gambia, The",GM,GMB,2013,45.4619193623296,2.2083,36.1229153651232,0,1.16332414492652
"Gambia, The",GM,GMB,2014,58.2579307752264,2.4437,28.532473788195,0,2.5051053467183
"Gambia, The",GM,GMB,2015,44.5223730803813,2.0978,18.9486547261105,0,0.131945999596352
"Gambia, The",GM,GMB,2016,38.1140879565948,2.87,14.0649854551358,0,0.421155110437423
"Gambia, The",GM,GMB,2017,55.7335796090833,1.9151,22.5240512379481,0,0.319245723489674
"Gambia, The",GM,GMB,2018,64.8124640003735,2.4145,24.6501203146747,0,1.96370986191764
"Gambia, The",GM,GMB,2019,55.9979116186993,3.0492,30.166532162952,0,6.86056436493584
"Gambia, The",GM,GMB,2020,47.3955201736291,2.9954,40.1492854201049,0,7.45944989729253
"Gambia, The",GM,GMB,2021,42.0979827971754,3.406,58.6544925133433,45.6650541295822,2.00514668506969
"Gambia, The",GM,GMB,2022,44.7219215369466,3.43,48.1723933542039,0,7.16489862767608
"Gambia, The",GM,GMB,2023,39.9620173467122,6.8933,43.5547950933483,0,18.3407584022912
"Gambia, The",GM,GMB,2024,42.1706172080435,3.7471,38.2821078744936,0,7.25401728860874
"Gambia, The",GM,GMB,2025,62.1713935326955,,,,
Georgia,GE,GEO,2002,71.6291255364807,1.6286,9.93776020641878,5.45310800002804,21.0880785677073
Georgia,GE,GEO,2003,77.6333765369391,1.7724,9.13130483136033,5.05169366048303,25.0579102732238
Georgia,GE,GEO,2004,79.0407459055607,4.5871,16.6914033517703,3.52462707764719,24.1908885799925
Georgia,GE,GEO,2005,84.5295975354749,2.3362,22.1981120283383,3.23319790144088,17.0975788402177
Georgia,GE,GEO,2006,89.125374368197,16.9317,36.171554551052,3.14940175095062,21.6949403301736
Georgia,GE,GEO,2007,88.3934140686603,22.2185,45.5701152104545,3.72470307672767,19.5083700513852
Georgia,GE,GEO,2008,86.2982243681487,13.4236,19.1692633814818,2.95013231247938,20.2382480864755
Georgia,GE,GEO,2009,78.1930390303569,10.6601,24.332675725588,4.37767893286602,16.3767080410488
Georgia,GE,GEO,2010,81.6733870603639,12.5215,25.7530625924978,5.03344278022283,19.0136549836365
Georgia,GE,GEO,2011,85.4659350932986,13.1206,23.9209081079851,4.13445051636053,17.4166786620434
Georgia,GE,GEO,2012,89.7348800946338,15.9717,21.2543266682517,2.9506292384286,10.54586482423
Georgia,GE,GEO,2013,93.8139137895532,15.2867,20.7431663977262,3.26925426936962,7.38402919227685
Georgia,GE,GEO,2014,94.9506979383393,15.2493,19.1398638204665,3.7699143071261,7.02141310273315
Georgia,GE,GEO,2015,97.0163115086257,14.2291,17.5531670934591,8.13945677108545,15.2943151229285
Georgia,GE,GEO,2016,94.9262528383443,14.8722,17.4113069755128,3.43276010987525,23.1801819906018
Georgia,GE,GEO,2017,102.584277697146,15.263,18.9884320493199,4.10234077225929,24.3437615637949
Georgia,GE,GEO,2018,109.847740556266,13.5449,19.2231430432921,1.97412219775379,26.4965811398285
Georgia,GE,GEO,2019,117.810080239714,12.1379,18.6986424965008,0.719734166289668,31.7197591634292
Georgia,GE,GEO,2020,92.8910841752194,11.564,19.4850146886447,0.379604277824326,36.9196916215406
Georgia,GE,GEO,2021,101.60090754891,10.786,19.4197877982404,0.790798155963414,32.4372531660103
Georgia,GE,GEO,2022,114.695437688718,16.3328,20.9538653079122,2.60573425303883,32.7979025501132
Georgia,GE,GEO,2023,107.151179161579,17.2724,20.7362593587805,4.09034025162347,21.2397224759839
Georgia,GE,GEO,2024,103.456471463024,18.8015,17.6735486994519,2.33702072065557,13.6105213577844
Georgia,GE,GEO,2025,100.627997400937,,,,
Germany,DE,DEU,2002,58.3325687248129,,,1.42402064167184,2.32325935289554
Germany,DE,DEU,2003,58.9145442942507,,,1.51275631349144,2.13366197300079
Germany,DE,DEU,2004,62.9064909465164,,,1.86646970395014,2.32225166446631
Germany,DE,DEU,2005,66.9531024934321,,,2.15737726367222,2.55683845334251
Germany,DE,DEU,2006,72.7591934646234,,,2.52514172512018,3.24106059312103
Germany,DE,DEU,2007,74.8838416816798,,,2.28098048790857,3.28306933470103
Germany,DE,DEU,2008,76.1131665945746,,,2.61473020571424,3.11834578635162
Germany,DE,DEU,2009,66.1391275757126,,,2.02575854491354,2.56724520881715
Germany,DE,DEU,2010,73.8852351200263,,,1.96777437205077,3.00262778857456
Germany,DE,DEU,2011,78.433002901442,,,2.29646861136678,3.30754600631597
Germany,DE,DEU,2012,79.3316495670315,,,2.43490930670804,3.04691827865277
Germany,DE,DEU,2013,77.5860288576931,,,2.41594718104658,2.76715898866833
Germany,DE,DEU,2014,76.8483516336234,,,2.25199429341006,2.6811267823272
Germany,DE,DEU,2015,77.7565815686922,,,2.13441977383123,2.46485437516914
Germany,DE,DEU,2016,76.0059902166055,,,1.64382508639625,2.31084898157863
Germany,DE,DEU,2017,77.4548394742448,,,1.79687015135703,2.543077062625
Germany,DE,DEU,2018,79.1252260463654,,,2.06424587714665,2.56915136679601
Germany,DE,DEU,2019,79.0732427175683,,,2.21694997936172,2.55894433814177
Germany,DE,DEU,2020,72.9335327120137,,,1.81843784726771,2.83242984391125
Germany,DE,DEU,2021,79.9195348609851,,,2.60156267352484,3.37551358136732
Germany,DE,DEU,2022,88.7857542130501,,,3.55065871383029,3.20293652588426
Germany,DE,DEU,2023,81.9625483787634,,,2.0446709964022,2.72269311920232
Germany,DE,DEU,2024,79.0907305894936,,,2.07454936630529,2.72353839400857
Germany,DE,DEU,2025,78.5128112199127,,,,
Ghana,GH,GHA,2002,97.4892431746551,8.337,8.32506879042916,,
Ghana,GH,GHA,2003,97.2871457139532,9.1218,17.7094465886763,0.0481803318787904,2.46857072038619
Ghana,GH,GHA,2004,99.6703343472122,7.6007,24.1550830330168,2.25891488923827,1.49737393398241
Ghana,GH,GHA,2005,98.1715141146279,9.5381,23.4436293829066,2.42026667222042,3.60406853600616
Ghana,GH,GHA,2006,64.5190542439152,19.501,37.4426444714508,0.449413904187484,2.16102136221263
Ghana,GH,GHA,2007,65.3543222852532,14.6711,26.6903335506933,0.758742699996961,2.87234023304386
Ghana,GH,GHA,2008,69.5142256111434,11.1993,20.0242024793272,1.32905143391096,3.51368318139587
Ghana,GH,GHA,2009,71.5947385281523,11.6577,28.4806289961588,1.75329081764514,1.74904889698946
Ghana,GH,GHA,2010,75.3778157916824,11.6317,28.6808407522775,0.114294159518324,4.01489450472122
Ghana,GH,GHA,2011,86.2954538549695,12.6413,27.7400934400547,40.4219396496718,1.36513638736008
Ghana,GH,GHA,2012,93.1680351286831,11.2644,25.203835852371,28.9638835969169,1.47263285139011
Ghana,GH,GHA,2013,60.7593219028775,12.8057,19.6002334524153,24.7444175029272,2.06865588093151
Ghana,GH,GHA,2014,63.8365624430783,10.7377,19.5099774614687,29.7421554112913,1.73605428922296
Ghana,GH,GHA,2015,76.5212709243242,10.5541,18.3432463946771,21.7019621780148,1.53114850582018
Ghana,GH,GHA,2016,67.8769994445865,8.007,16.8290270210254,12.9823297234949,1.90382388267575
Ghana,GH,GHA,2017,70.5483652904116,9.8819,20.8005425603772,25.3456087168229,1.94503330731125
Ghana,GH,GHA,2018,67.9585174644902,10.4056,17.9337863626706,30.6056138754779,2.79589844396489
Ghana,GH,GHA,2019,76.824802732152,14.1981,23.139465185671,31.7022617995334,3.04129705781624
Ghana,GH,GHA,2020,66.5754987162431,12.8374,19.5657819737534,,
Ghana,GH,GHA,2021,62.7078309128346,11.0377,21.288101163547,26.6641837008799,2.90277951595568
Ghana,GH,GHA,2022,70.1154557937915,10.6705,11.9372038402218,31.0014653616144,1.8752282216153
Ghana,GH,GHA,2023,64.3878615301086,9.0197,8.69027246258012,24.5298166225955,3.79789972324939
Ghana,GH,GHA,2024,68.9668717609486,7.0016,11.9537693758777,,
Ghana,GH,GHA,2025,,,,,
Gibraltar,GI,GIB,2002,,,,,
Gibraltar,GI,GIB,2003,,,,,
Gibraltar,GI,GIB,2004,,,,,
Gibraltar,GI,GIB,2005,,,,,
Gibraltar,GI,GIB,2006,,,,,
Gibraltar,GI,GIB,2007,,,,,
Gibraltar,GI,GIB,2008,,,,,
Gibraltar,GI,GIB,2009,,,,,
Gibraltar,GI,GIB,2010,,,,,
Gibraltar,GI,GIB,2011,,,,,
Gibraltar,GI,GIB,2012,,,,,
Gibraltar,GI,GIB,2013,,,,,
Gibraltar,GI,GIB,2014,,,,,
Gibraltar,GI,GIB,2015,,,,,
Gibraltar,GI,GIB,2016,,,,,
Gibraltar,GI,GIB,2017,,,,,
Gibraltar,GI,GIB,2018,,,,,
Gibraltar,GI,GIB,2019,,,,,
Gibraltar,GI,GIB,2020,,,,,
Gibraltar,GI,GIB,2021,,,,,
Gibraltar,GI,GIB,2022,,,,,
Gibraltar,GI,GIB,2023,,,,,
Gibraltar,GI,GIB,2024,,,,,
Gibraltar,GI,GIB,2025,,,,,
Greece,GR,GRC,2002,50.0533371904633,,,8.44684246026498,8.55148654688925
Greece,GR,GRC,2003,47.8943121550822,,,6.87847827377467,8.50894523857891
Greece,GR,GRC,2004,49.825317672568,,,6.88338928268689,9.11717843994865
Greece,GR,GRC,2005,50.3555334391407,,,9.41657727800125,8.30282845585775
Greece,GR,GRC,2006,51.1047465834807,,,13.0348086377202,10.755417817886
Greece,GR,GRC,2007,54.5256818189044,,,12.1528824805951,10.6098047989006
Greece,GR,GRC,2008,57.1052836264926,,,21.6364957928643,8.56804533371907
Greece,GR,GRC,2009,46.3779593986083,,,20.3161042422237,6.7912478776731
Greece,GR,GRC,2010,50.9225181997227,,,26.0765746817089,8.28992249752207
Greece,GR,GRC,2011,56.2929957941907,,,30.8480811435532,8.82709112148929
Greece,GR,GRC,2012,62.3942117351318,,,38.9473786760151,7.57301310927524
Greece,GR,GRC,2013,62.9547272215374,,,39.8794687368643,7.28125080814386
Greece,GR,GRC,2014,66.4335364513677,,,38.4497921134743,7.7342745445756
Greece,GR,GRC,2015,65.2716454619318,,,29.8025044841914,8.84628292817813
Greece,GR,GRC,2016,63.6575490882866,,,27.486746822351,8.61869070411616
Greece,GR,GRC,2017,70.8824967397253,,,31.5206091430482,9.41025237648499
Greece,GR,GRC,2018,79.2379908638706,,,34.3275993994739,9.05447796786826
Greece,GR,GRC,2019,80.5900949510457,,,31.5508351157215,8.40877922249186
Greece,GR,GRC,2020,70.2937464580745,,,21.8705262171051,8.68777585031482
Greece,GR,GRC,2021,88.0126654490379,,,28.2003382348404,9.10974624952373
Greece,GR,GRC,2022,108.121843229922,,,36.7819392981899,8.26741158029574
Greece,GR,GRC,2023,92.4710882947018,,,32.3610109003756,7.74800044317647
Greece,GR,GRC,2024,89.7765279446168,,,30.247817424431,8.40665835134244
Greece,GR,GRC,2025,83.4516228818392,,,,
Greenland,GL,GRL,2002,,,,0.0249555907424717,0.0145181041108657
Greenland,GL,GRL,2003,87.2971972810315,,,0.0281728408231424,0.00748632465466788
Greenland,GL,GRL,2004,88.1524357295282,,,0.0226810623140826,6.01902662586866
Greenland,GL,GRL,2005,99.7079265489358,,,0.0221659742013441,6.37042726139033
Greenland,GL,GRL,2006,89.6938562419079,,,0.00772824321901131,7.32327087908504
Greenland,GL,GRL,2007,94.9670539629143,,,1.67003405452262e-5,11.7231862979607
Greenland,GL,GRL,2008,107.37322125158,,,3.33159559238594e-4,9.13540934473474
Greenland,GL,GRL,2009,85.7573657356888,,,6.18824327431985e-5,5.36033160111456
Greenland,GL,GRL,2010,110.472368234124,,,4.55948998286097e-4,0.833504873851636
Greenland,GL,GRL,2011,130.547942353994,,,2.57661457602088e-4,0.298395870459819
Greenland,GL,GRL,2012,100.978401084907,,,1.23280752578384e-4,0.259648102396516
Greenland,GL,GRL,2013,95.9116681587586,,,6.20130868764201e-5,0.115738013954152
Greenland,GL,GRL,2014,87.0885837878503,,,3.18053570797951e-5,0.50339883995225
Greenland,GL,GRL,2015,83.1013810084573,,,2.14372729150418e-4,0.151235407148698
Greenland,GL,GRL,2016,85.8376729204278,,,5.35341984663745e-5,0.129451775323338
Greenland,GL,GRL,2017,84.2072558673104,,,2.36138331680841e-4,0.0849913379861368
Greenland,GL,GRL,2018,89.7766906266033,,,5.96039293306854e-5,0.103210288853998
Greenland,GL,GRL,2019,92.1907515607492,,,,
Greenland,GL,GRL,2020,82.6595028892583,,,,
Greenland,GL,GRL,2021,83.6838572277142,,,,
Greenland,GL,GRL,2022,93.3651328766632,,,,
Greenland,GL,GRL,2023,91.8900994375821,,,,
Greenland,GL,GRL,2024,,,,,
Greenland,GL,GRL,2025,,,,,
Grenada,GD,GRD,2002,,20.3991,23.6081829547546,0,0.0117925997789191
Grenada,GD,GRD,2003,,17.1329,22.5497842725567,0.00343941143140668,0.144868009490849
Grenada,GD,GRD,2004,,16.8341,28.335269036345,0,0.023615908855153
Grenada,GD,GRD,2005,,2.0298,26.0204842751624,0,0.0445847020661989
Grenada,GD,GRD,2006,,7.2554,22.08725714651,0,0.080101458919477
Grenada,GD,GRD,2007,,9.2204,22.6729806612816,0.282854061652811,0.139005663097239
Grenada,GD,GRD,2008,,11.9168,19.5484559651929,0.0490860787754612,0.247129905210492
Grenada,GD,GRD,2009,,6.8811,23.190163380471,,
Grenada,GD,GRD,2010,,6.703,21.2552822808329,0,0.0118265832367857
Grenada,GD,GRD,2011,,2.973,22.6766117368366,0,0.00463454236291343
Grenada,GD,GRD,2012,,12.0198,20.2769198743652,0.123575653560857,0.053928953223931
Grenada,GD,GRD,2013,,7.9149,25.6571899652299,1.10989463844751,0.0758615328759799
Grenada,GD,GRD,2014,,12.3719,26.6186837729347,0.194185696350986,0.0494167521988235
Grenada,GD,GRD,2015,,3.1525,32.8688689681037,0.184799628962762,0.132159967052998
Grenada,GD,GRD,2016,,4.2946,33.3143555314703,0.0114947152175975,0.0949684587437557
Grenada,GD,GRD,2017,,3.9129,35.3582874174252,0.927466088837773,0.926490251114031
Grenada,GD,GRD,2018,,2.8838,40.3011708934423,0.0167886799713183,1.37953013219299
Grenada,GD,GRD,2019,,2.5262,43.1145945043593,0.0206872351411753,0.878414956986683
Grenada,GD,GRD,2020,,12.2465,35.1618098392065,0.0304281169101189,0.664594764475158
Grenada,GD,GRD,2021,,13.3854,38.7521827364846,0.0345900608543745,0.183026883838946
Grenada,GD,GRD,2022,,7.5739,43.54636462308,1.12442719931046e-4,1.30927087490738
Grenada,GD,GRD,2023,,6.2699,45.8450130251055,0.00600336706493187,1.13207023013456
Grenada,GD,GRD,2024,,1.8152,49.0297257496974,2.80506569057113e-4,1.48030890168803
Grenada,GD,GRD,2025,,,,,
Guam,GU,GUM,2002,68.8862698880377,,,,
Guam,GU,GUM,2003,64.023536004483,,,,
Guam,GU,GUM,2004,68.0020677177565,,,,
Guam,GU,GUM,2005,66.4372181343461,,,,
Guam,GU,GUM,2006,72.7701746106654,,,,
Guam,GU,GUM,2007,79.4632704116443,,,,
Guam,GU,GUM,2008,78.2739373121511,,,,
Guam,GU,GUM,2009,72.0173985086993,,,,
Guam,GU,GUM,2010,72.0347544958577,,,,
Guam,GU,GUM,2011,77.7889245585875,,,,
Guam,GU,GUM,2012,76.7521367521368,,,,
Guam,GU,GUM,2013,79.5332468975736,,,,
Guam,GU,GUM,2014,78.3600713012478,,,,
Guam,GU,GUM,2015,71.3398861872737,,,,
Guam,GU,GUM,2016,70.4117946110829,,,,
Guam,GU,GUM,2017,69.2665890570431,,,,
Guam,GU,GUM,2018,72.9631465873409,,,,
Guam,GU,GUM,2019,78.0645161290323,,,,
Guam,GU,GUM,2020,63.6747802569304,,,,
Guam,GU,GUM,2021,61.8383060635226,,,,
Guam,GU,GUM,2022,71.8668596237337,,,,
Guam,GU,GUM,2023,,,,,
Guam,GU,GUM,2024,,,,,
Guam,GU,GUM,2025,,,,,
Guatemala,GT,GTM,2002,67.1048115244645,27.226,52.4245593320643,7.15402228818343,0.524514055435472
Guatemala,GT,GTM,2003,67.0023391862425,30.435,56.7120212913201,8.19705664111192,0.385124889688843
Guatemala,GT,GTM,2004,70.2148723581872,19.9638,43.5153916736391,8.27519812587276,0.499021938915106
Guatemala,GT,GTM,2005,67.1036996082037,15.2837,39.7311111576204,5.65421306924021,0.504369281673816
Guatemala,GT,GTM,2006,67.9119237396616,13.4658,37.0471617084246,8.78466264407755,1.05484688638205
Guatemala,GT,GTM,2007,69.0013643101763,15.8066,34.031159162305,5.06236157782731,3.99130572305598
Guatemala,GT,GTM,2008,65.1787305213103,15.5609,33.6678423122374,6.98086379688782,4.3044379205498
Guatemala,GT,GTM,2009,58.0406869738673,8.2701,35.1098383241386,4.05012640218242,5.14889014336207
Guatemala,GT,GTM,2010,63.1251925746222,10.5364,39.5434711798924,4.51771285671813,6.4814721290323
Guatemala,GT,GTM,2011,65.0470510420457,13.9116,37.9218366331352,5.07864763153542,9.60398048065433
Guatemala,GT,GTM,2012,61.9594193352042,6.0284,43.559113301248,3.95922978414064,6.24905586877563
Guatemala,GT,GTM,2013,56.6852489007381,5.4072,41.5762643176387,4.60521260126621,5.68324807653903
Guatemala,GT,GTM,2014,55.0832736168677,4.8749,37.5713800009515,6.54261244833977,8.36121793211082
Guatemala,GT,GTM,2015,49.8934518550985,4.1421,38.0107648670804,4.11851881622466,7.32998592292712
Guatemala,GT,GTM,2016,46.3727343925686,4.3559,43.3161465697598,3.19119223769435,6.51105731928332
Guatemala,GT,GTM,2017,46.0694034412912,4.4801,50.5702040615554,3.46205566813166,3.57652400864886
Guatemala,GT,GTM,2018,47.0116853424691,6.5858,51.8358720368274,4.18284694557494,1.05309087465843
Guatemala,GT,GTM,2019,45.5167341849579,5.4406,60.1064661731239,4.5514849831038,0.763295310955501
Guatemala,GT,GTM,2020,41.1407594007818,5.6964,75.8026351309076,2.36062512977755,0.965056394414869
Guatemala,GT,GTM,2021,49.261149442668,5.182,79.559640080038,2.71077430779677,1.34790558731064
Guatemala,GT,GTM,2022,54.4490964612191,1.1959,80.7888916751576,2.88982472719425,1.0314912584959
Guatemala,GT,GTM,2023,48.3297978472591,0.7378,83.0449852081302,1.91720908388626,0.880937617051219
Guatemala,GT,GTM,2024,47.3052981448815,0.6308,90.2196292193644,2.87685268224686,0.800281678243913
Guatemala,GT,GTM,2025,46.527609355823,,,,
Guinea-Bissau,GW,GNB,2002,39.6760635550924,11.5101,,,
Guinea-Bissau,GW,GNB,2003,38.0334709318917,11.6378,,,0.0050532215362794
Guinea-Bissau,GW,GNB,2004,43.192131633446,10.8612,,0.809891939704249,0.0878671775223499
Guinea-Bissau,GW,GNB,2005,45.7842315450716,11.8215,,,0.628835415498488
Guinea-Bissau,GW,GNB,2006,48.7605033860226,12.0978,,,
Guinea-Bissau,GW,GNB,2007,46.2445284700147,13.7373,,,
Guinea-Bissau,GW,GNB,2008,45.1388893744724,13.3826,,,
Guinea-Bissau,GW,GNB,2009,43.5957474099206,12.6173,,,
Guinea-Bissau,GW,GNB,2010,43.5145876385454,8.5425,,,
Guinea-Bissau,GW,GNB,2011,48.6174602066373,7.6454,,,
Guinea-Bissau,GW,GNB,2012,44.1280665609795,7.5691,,,
Guinea-Bissau,GW,GNB,2013,39.9574617805787,6.4014,,,
Guinea-Bissau,GW,GNB,2014,46.8696583055238,5.0987,,,
Guinea-Bissau,GW,GNB,2015,54.3703755891285,7.0347,,0.00207808733428507,
Guinea-Bissau,GW,GNB,2016,54.3006730474711,3.3893,,,
Guinea-Bissau,GW,GNB,2017,56.9137475938811,0.6689,,,
Guinea-Bissau,GW,GNB,2018,55.0195890357005,1.7186,,,
Guinea-Bissau,GW,GNB,2019,49.943905496502,3.4425,,,
Guinea-Bissau,GW,GNB,2020,42.8852704163601,2.8738,,,
Guinea-Bissau,GW,GNB,2021,44.8202242773261,3.1911,,,
Guinea-Bissau,GW,GNB,2022,45.9934723683125,0.114,,,
Guinea-Bissau,GW,GNB,2023,42.4351515242076,0.1102,,,
Guinea-Bissau,GW,GNB,2024,40.3719342566601,0.057,,,
Guinea-Bissau,GW,GNB,2025,40.8792835027354,,,,
Guinea,GN,GIN,2002,38.0284032674396,8.6437,8.32644581707585,0.0557014661652494,53.9134297315455
Guinea,GN,GIN,2003,35.0751269891585,1.988,8.88368235940975,,
Guinea,GN,GIN,2004,34.5950959210535,2.0243,3.47807388641386,0.267168896482423,77.2956770112997
Guinea,GN,GIN,2005,47.9377003917167,5.0385,3.12730039628194,3.40567100019241e-5,65.0433136630908
Guinea,GN,GIN,2006,69.3862937148949,3.8805,1.25722564477921,0.307662074415899,55.8518318570931
Guinea,GN,GIN,2007,71.1210322265015,4.0248,1.41713322716656,0.864102683278354,73.4419716903088
Guinea,GN,GIN,2008,64.1842433909581,3.9021,1.74174886120997,1.02831082278776,51.5371217304826
Guinea,GN,GIN,2009,69.8153454158123,0.4862,12.8361123829898,,
Guinea,GN,GIN,2010,73.5465739340387,3.3323,9.30895933583093,,
Guinea,GN,GIN,2011,85.9546732708386,1.3559,29.551699425087,,
Guinea,GN,GIN,2012,86.6743318322581,7.0934,56.9965890445029,,
Guinea,GN,GIN,2013,80.4264477180461,5.8877,50.8711415489504,0.289553832489308,30.74770496475
Guinea,GN,GIN,2014,76.7719658952305,3.4125,53.4414584979819,0.289042432328907,34.4442960467048
Guinea,GN,GIN,2015,72.4427307469345,4.9572,32.0952810082157,0.213868655725313,36.6907365805971
Guinea,GN,GIN,2016,111.839467415368,3.1823,37.9074981302271,0.466113470861431,25.8241585170912
Guinea,GN,GIN,2017,101.251633768429,4.2348,41.0193050684563,,
Guinea,GN,GIN,2018,88.984111543709,5.1934,47.9540228172363,,
Guinea,GN,GIN,2019,78.4153132285974,5.2641,38.9601376390085,,
Guinea,GN,GIN,2020,115.765259518929,3.4692,36.4126560077792,,
Guinea,GN,GIN,2021,115.195532789356,4.6658,47.0299944795501,,
Guinea,GN,GIN,2022,94.1652726931221,5.0307,43.0199623492807,,
Guinea,GN,GIN,2023,95.829526758227,5.7634,36.5489359127032,,
Guinea,GN,GIN,2024,97.7778177313259,7.0107,24.9726041932355,,
Guinea,GN,GIN,2025,103.678013340369,,,,
Guyana,GY,GUY,2002,196.72507835983,9.0735,20.4632260747042,1.10729463309816e-5,7.04053135173573
Guyana,GY,GUY,2003,189.162485631386,8.1004,19.0066835325484,0.00118430580053243,5.36334743544851
Guyana,GY,GUY,2004,200.725286901642,8.3435,16.9424915170086,0.0178910056472955,5.16307269776892
Guyana,GY,GUY,2005,194.350757310172,6.7808,20.3314309240436,1.82487313548842e-4,7.06483449403864
Guyana,GY,GUY,2006,,13.9401,24.0409719723166,4.63444283185543e-4,8.51342561951512
Guyana,GY,GUY,2007,,21.5748,36.8824518184616,9.18260812129859e-4,13.2307571670555
Guyana,GY,GUY,2008,,23.8048,35.9329427112651,7.51225693066862e-4,16.9541362264923
Guyana,GY,GUY,2009,,31.6533,44.2187436287261,1.76657587114305e-4,11.5173362691517
Guyana,GY,GUY,2010,,23.6664,55.5285943296084,0,13.7928199089307
Guyana,GY,GUY,2011,,38.3723,39.9555486438582,0,12.0699101207659
Guyana,GY,GUY,2012,,29.7769,43.7658724350843,4.32445899138433e-5,11.2101939273392
Guyana,GY,GUY,2013,,44.5565,34.0405907815511,2.64255922135971e-6,10.3209281591119
Guyana,GY,GUY,2014,,39.2422,28.5200573742477,3.83814291986893e-4,11.2362283140168
Guyana,GY,GUY,2015,,19.0052,32.4932177881721,4.94357193637663e-5,9.34600643844565
Guyana,GY,GUY,2016,,14.7947,35.3425110141642,2.846192827259e-4,8.71851457860381
Guyana,GY,GUY,2017,,7.3023,35.7354902953513,0.00152946241564808,8.9595201197312
Guyana,GY,GUY,2018,,7.7288,32.2656599444385,0.00197253431649032,9.89146919230117
Guyana,GY,GUY,2019,,3.1763,37.4689050695799,5.52225782843934e-5,9.58751420362942
Guyana,GY,GUY,2020,,3.6064,45.174217674469,41.4530016432103,3.08115508881147
Guyana,GY,GUY,2021,,2.9973,41.8469798362876,68.9458186383787,2.03078175505954
Guyana,GY,GUY,2022,,2.6237,44.3395649123763,87.7912624605874,0.999218642106356
Guyana,GY,GUY,2023,,2.0415,30.321846757966,86.1240111243749,1.13100523084098
Guyana,GY,GUY,2024,,1.731,27.4277664754556,91.8941169807687,0.694800191106439
Guyana,GY,GUY,2025,,,,75.8885276423796,0.977452250892603
Haiti,HT,HTI,2002,24.9396784759828,11.3695,6.46433814336913,,
Haiti,HT,HTI,2003,37.1973434444641,8.3241,4.59853194575947,,
Haiti,HT,HTI,2004,33.7809703531059,4.9834,14.3001992772452,,
Haiti,HT,HTI,2005,34.9651045038228,1.9808,16.2763873305644,,
Haiti,HT,HTI,2006,37.0570704128996,8.2656,24.1210571697215,,
Haiti,HT,HTI,2007,34.2825489611293,6.3725,34.0267496934045,,
Haiti,HT,HTI,2008,36.1450381454244,6.073,33.7298967733951,,
Haiti,HT,HTI,2009,33.0964998246108,6.9393,70.199031701812,,
Haiti,HT,HTI,2010,44.7215241260457,8.2363,185.082098629197,,
Haiti,HT,HTI,2011,44.1635704019387,9.1882,226.544996819222,,
Haiti,HT,HTI,2012,40.2582414988129,8.4553,174.692332214805,,
Haiti,HT,HTI,2013,40.3325097562551,7.399,144.674145684412,,
Haiti,HT,HTI,2014,42.3515259071619,7.0626,93.6398039485828,0.0043249718857523,9.45664716442303
Haiti,HT,HTI,2015,41.9457381172044,6.8222,84.934881968091,,
Haiti,HT,HTI,2016,41.4109022161974,6.0448,90.4728777400358,1.049773608441e-4,3.90329778217313
Haiti,HT,HTI,2017,42.0745477868911,5.5259,97.8420710930105,,
Haiti,HT,HTI,2018,45.1385763027223,9.8007,92.0639398842439,,
Haiti,HT,HTI,2019,44.5687187758294,10.6983,95.3515129745682,,
Haiti,HT,HTI,2020,37.4138801252638,11.2001,98.886286318799,,
Haiti,HT,HTI,2021,33.4120026772124,12.0401,82.7401506518058,,
Haiti,HT,HTI,2022,29.7746074753724,12.663,73.2950839433267,,
Haiti,HT,HTI,2023,25.2478984941791,12.4027,81.8306949892152,,
Haiti,HT,HTI,2024,18.6547617785224,13.6782,287.298489035882,,
Haiti,HT,HTI,2025,15.8854793452678,,,,
Honduras,HN,HND,2002,117.997454450299,9.5397,27.8873857440774,0.0558140378246492,5.75154382363693
Honduras,HN,HND,2003,122.248277175534,7.6436,25.4370605845472,0.194978895207617,5.89556144708822
Honduras,HN,HND,2004,135.461758741854,6.8143,31.9030293553917,0.10107453163439,6.35794151098228
Honduras,HN,HND,2005,136.489768018486,6.2132,45.224074340791,0.608115568618842,7.55946701876683
Honduras,HN,HND,2006,133.13183510432,7.1408,66.2559434572677,0.337626779048706,7.16490680582052
Honduras,HN,HND,2007,135.070634917917,10.5241,84.5612207562029,5.38467318598085,7.36587469232269
Honduras,HN,HND,2008,135.748955193053,13.235900000000001,70.851524567029,,
Honduras,HN,HND,2009,96.9050060188904,6.4977,54.9995758467379,6.17707347229059,3.90285624713461
Honduras,HN,HND,2010,109.441838241682,9.3373,67.4064711552552,8.0723038762939,6.01471210389409
Honduras,HN,HND,2011,122.216902597337,6.0521,62.9806587134135,4.10902012802959,4.17320433144657
Honduras,HN,HND,2012,121.188215808285,7.8952,49.7774685394774,3.90978374073776,3.33445569742246
Honduras,HN,HND,2013,116.306049247436,7.4491,43.7807596958401,,
Honduras,HN,HND,2014,112.97509728471,6.8287,46.8924350969364,0.0260914911819797,3.88606656605623
Honduras,HN,HND,2015,107.26440535424,6.4288,49.1757286479242,0.0186038308259842,1.61786742021013
Honduras,HN,HND,2016,99.8157169505924,5.7606,50.0354332575971,0.0219779608215723,1.26665531676927
Honduras,HN,HND,2017,101.813111079622,5.6339,53.8086447532789,0.817041694657436,2.56662601397788
Honduras,HN,HND,2018,103.551162215452,7.6482,51.9676297383313,0.308822578147583,3.25414714557368
Honduras,HN,HND,2019,99.4595352452417,7.9793,58.8811793892231,0.0140768372959928,2.70409749738022
Honduras,HN,HND,2020,88.0008563836292,5.6712,73.488758746513,0.009890520380133,3.16148759564147
Honduras,HN,HND,2021,103.372643459918,8.1005,69.2918640610283,0.013241011947448,2.25309701265772
Honduras,HN,HND,2022,112.698524913966,7.8278,66.5454772568278,,
Honduras,HN,HND,2023,98.7919798336365,11.5541,58.2768595437127,0.0650199693590328,3.40869496897492
Honduras,HN,HND,2024,91.6694117874122,12.3162,56.1983206870397,0.02883145069384,3.18629943072344
Honduras,HN,HND,2025,91.507337541504,,,,
"Hong Kong SAR, China",HK,HKG,2002,255.996457369342,,,0.727912959261127,1.5339569453791
"Hong Kong SAR, China",HK,HKG,2003,292.454655919737,,,0.896646250430637,1.72441128137672
"Hong Kong SAR, China",HK,HKG,2004,326.841054589054,,,0.992647981806573,2.20832543286422
"Hong Kong SAR, China",HK,HKG,2005,342.689209524653,,,1.33685218489817,2.48868581414597
"Hong Kong SAR, China",HK,HKG,2006,359.208661184248,,,1.2664099639829,2.74763595973411
"Hong Kong SAR, China",HK,HKG,2007,362.14946363969,,,1.51790817690035,4.05180542171598
"Hong Kong SAR, China",HK,HKG,2008,376.656806171877,,,1.89987009504121,5.3612384995499
"Hong Kong SAR, China",HK,HKG,2009,348.397554309339,,,1.9405981440719,2.80739083433319
"Hong Kong SAR, China",HK,HKG,2010,404.770560908659,,,1.97471247684696,5.713833271617
"Hong Kong SAR, China",HK,HKG,2011,421.854706554386,,,2.04710597899413,6.81578992521392
"Hong Kong SAR, China",HK,HKG,2012,430.568530415663,,,1.08377769821115,4.49757773775722
"Hong Kong SAR, China",HK,HKG,2013,442.620019127299,,,1.08391438680499,3.93181628441166
"Hong Kong SAR, China",HK,HKG,2014,425.975871734797,,,1.44114492800792,6.56347176912372
"Hong Kong SAR, China",HK,HKG,2015,389.405949263639,,,1.80642355129519,5.07885233064028
"Hong Kong SAR, China",HK,HKG,2016,371.727231773253,,,0.882539406722337,2.57138135948508
"Hong Kong SAR, China",HK,HKG,2017,376.795666734722,,,0.106953953113915,1.27614189710421
"Hong Kong SAR, China",HK,HKG,2018,376.892773545026,,,0.119866004746752,1.15924264498164
"Hong Kong SAR, China",HK,HKG,2019,353.743521139731,,,0.116930486380584,1.06667493972405
"Hong Kong SAR, China",HK,HKG,2020,350.679705044448,,,0.0860309283828553,1.47244036489582
"Hong Kong SAR, China",HK,HKG,2021,402.459681454463,,,0.0950705144024559,2.25001097039149
"Hong Kong SAR, China",HK,HKG,2022,384.885909968308,,,0.124056862630244,1.74354603668291
"Hong Kong SAR, China",HK,HKG,2023,353.194608900413,,,0.134003723009074,2.15847705664223
"Hong Kong SAR, China",HK,HKG,2024,359.390663042179,,,0.111838199290455,1.82537051234853
"Hong Kong SAR, China",HK,HKG,2025,396.645420727816,,,,
Hungary,HU,HUN,2002,118.269335242555,,,1.48652240672871,1.87762131135763
Hungary,HU,HUN,2003,116.787088540862,,,1.55166807212857,1.82588196687277
Hungary,HU,HUN,2004,123.615686104174,,,1.8029750084607,1.97921288683327
Hungary,HU,HUN,2005,128.004810647538,,,2.61978452250302,1.87151209714555
Hungary,HU,HUN,2006,149.231531568461,,,2.33860712342864,2.02612082094317
Hungary,HU,HUN,2007,155.60143236807,,,2.79402124116207,1.78314883878328
Hungary,HU,HUN,2008,158.453224115619,,,3.09137506197835,1.64535238442953
Hungary,HU,HUN,2009,145.30587733019,,,2.46413041965744,1.23602660843956
Hungary,HU,HUN,2010,157.838960085896,,,2.65553407851758,1.65716826388936
Hungary,HU,HUN,2011,166.754347209897,,,3.48647939393779,1.94492768963375
Hungary,HU,HUN,2012,166.17569860957,,,4.03999139914224,1.84908758477489
Hungary,HU,HUN,2013,164.476024791467,,,3.59652575011648,1.70937207260648
Hungary,HU,HUN,2014,168.358355086413,,,3.33738014007523,1.4966513494331
Hungary,HU,HUN,2015,167.290738494524,,,2.29528126899766,1.27861929684595
Hungary,HU,HUN,2016,163.97194450015,,,1.82120979027414,1.20120060028288
Hungary,HU,HUN,2017,165.032855840268,,,2.49621747922648,1.38088988204167
Hungary,HU,HUN,2018,162.700858777925,,,2.80671616706979,1.48496935736457
Hungary,HU,HUN,2019,159.925556464831,,,2.62395420067476,1.30814909180621
Hungary,HU,HUN,2020,154.527002936377,,,2.1936775401752,1.22862887551063
Hungary,HU,HUN,2021,159.187527332834,,,3.1975322289865,1.54208953732149
Hungary,HU,HUN,2022,184.969952581351,,,4.26893640063781,1.61848112861363
Hungary,HU,HUN,2023,158.618825607913,,,3.01091871227433,1.27806090595818
Hungary,HU,HUN,2024,147.926666538068,,,3.35037243793325,1.31939331705371
Hungary,HU,HUN,2025,140.779303903333,,,4.13195933028604,1.25428042781768
Iceland,IS,ISL,2002,68.7108314689249,,,0.40654344367881,19.3827236344298
Iceland,IS,ISL,2003,67.4009987460124,,,0.234564340543303,19.298011949165
Iceland,IS,ISL,2004,69.7326204452496,,,0.518432513761317,18.695152655043
Iceland,IS,ISL,2005,71.2106793861355,,,1.39645565158794,19.048120440224
Iceland,IS,ISL,2006,76.6308537686708,,,2.33075048398321,24.0938258840869
Iceland,IS,ISL,2007,73.6249668831341,,,1.45343457291812,27.0501532407185
Iceland,IS,ISL,2008,81.9027481853952,,,1.48265540558041,39.8608258566713
Iceland,IS,ISL,2009,89.00144405735,,,0.991646978305986,35.1152701752812
Iceland,IS,ISL,2010,92.4901528110187,,,1.02822593882239,41.9968812302979
Iceland,IS,ISL,2011,100.133252648313,,,1.93291585931758,40.3100501672604
Iceland,IS,ISL,2012,102.433137099998,,,2.01347115859458,37.7080328564274
Iceland,IS,ISL,2013,97.6980221861272,,,1.59881587921523,37.9497870960384
Iceland,IS,ISL,2014,95.2879194201667,,,1.990960030038,39.0143129278785
Iceland,IS,ISL,2015,94.8888027460231,,,1.61071182711898,40.2234723685203
Iceland,IS,ISL,2016,87.7600165983392,,,1.30876952578186,36.3625305906611
Iceland,IS,ISL,2017,86.3585336945067,,,1.18088468244248,41.5488472709282
Iceland,IS,ISL,2018,88.934996973139,,,2.01382640511231,40.9998053608375
Iceland,IS,ISL,2019,83.7923659518443,,,1.59354192827939,35.093777466838
Iceland,IS,ISL,2020,68.6550233460548,,,0.719497610466775,36.1126589413398
Iceland,IS,ISL,2021,76.2317249850944,,,1.14914806381892,39.8457077323209
Iceland,IS,ISL,2022,93.0164295134303,,,2.31523717434142,42.1109481069052
Iceland,IS,ISL,2023,87.2388810922276,,,2.4467295757755,36.3695667357812
Iceland,IS,ISL,2024,86.1815792789281,,,1.9525495830387,34.306807912609
Iceland,IS,ISL,2025,82.4877303813374,,,1.46008715611827,36.2222066543692
India,IN,IND,2002,29.5086629350614,3.8707,67.7196714862146,4.64597767742237,4.25872737663468
India,IN,IND,2003,30.592436132908,5.3219,87.258726981145,6.10097544845508,3.82716185417028
India,IN,IND,2004,37.503814059447,5.5514,106.459372005668,8.06795716494028,5.80485000658225
India,IN,IND,2005,42.0016696148691,7.2741,113.721097540285,10.4601583493885,7.5598167974124
India,IN,IND,2006,45.7244804992652,15.7322,111.612105248727,14.8542991106596,8.02759324673593
India,IN,IND,2007,45.686268679348,17.6876,135.539270475798,16.1895676050457,7.75049690967274
India,IN,IND,2008,53.3682204392226,19.295,113.346273242114,18.0648893231602,6.43019011195547
India,IN,IND,2009,46.2728696428837,18.1821,111.068783299851,13.5864051496825,6.31070592693835
India,IN,IND,2010,49.2552064974161,19.4361,103.461319152171,17.2296552495647,7.59240821219674
India,IN,IND,2011,55.6238800135298,23.3409,89.3361512583746,18.7585466086377,3.91432268407082
India,IN,IND,2012,55.7937217287511,23.7785,76.5267053788125,18.7788936146643,3.44326884760231
India,IN,IND,2013,53.8441319466777,21.6985,69.7708394619795,20.6668895706043,3.08061973564483
India,IN,IND,2014,48.9221857470669,18.7044,71.0548132506624,19.6340746160473,3.16343902186514
India,IN,IND,2015,41.9229138658647,17.0337,73.787840306062,11.8719127202525,3.37741762924188
India,IN,IND,2016,40.082485713276,18.4248,79.3986952137363,10.6421920620902,3.15923171416737
India,IN,IND,2017,40.7424969545225,19.0799,80.6554701626196,12.1859467424678,4.00964790911576
India,IN,IND,2018,43.6169693323889,19.9402,76.5897509037981,15.06745126951,3.53369671804044
India,IN,IND,2019,39.9054035306442,19.0331,82.6123941762793,13.7763501701928,3.54087990043718
India,IN,IND,2020,37.7581053292768,18.3251,104.468842983349,10.0306929080613,4.703645380644
India,IN,IND,2021,45.4230887840446,18.7329,104.329764836502,14.2846592727887,4.82679996577803
India,IN,IND,2022,50.6979382758042,20.7746,92.1664366011073,21.7524651912837,3.72613048820678
India,IN,IND,2023,46.3229520582338,19.6266,96.9479623776361,20.7059082080863,3.88575987351437
India,IN,IND,2024,45.9166907678748,19.4803,89.7532492132288,17.094437885147,3.68720358535662
India,IN,IND,2025,46.2682006859907,,,,
Indonesia,ID,IDN,2002,59.0794617663723,13.7227,24.939689858145,24.334811208024,5.235108330847
Indonesia,ID,IDN,2003,53.6164937473016,14.4945,26.981836298671,25.7292623898005,5.69921507004627
Indonesia,ID,IDN,2004,59.761294836691,15.9545,26.3041558864467,25.9296959534362,6.4100507196535
Indonesia,ID,IDN,2005,63.9879358688635,7.7551,24.4356295800576,27.6871048909906,8.4459049483566
Indonesia,ID,IDN,2006,56.6571268148867,8.9786,31.3282612701241,27.4003143914625,9.91353850435018
Indonesia,ID,IDN,2007,54.8292499782075,12.6197,38.5150304037133,25.6005070622317,10.6517979568693
Indonesia,ID,IDN,2008,58.5613996312961,12.9741,32.70128554457,29.0318557788815,7.91307569898443
Indonesia,ID,IDN,2009,45.5121213687054,13.4051,36.8546175189665,28.2773498619135,9.09437717746705
Indonesia,ID,IDN,2010,46.7012738758737,16.6671,48.5231893830568,29.6394103981532,9.79274966912068
Indonesia,ID,IDN,2011,50.1800131841104,17.3808,50.146567838044,33.8640790574272,7.76117826342944
Indonesia,ID,IDN,2012,49.5828982992627,17.5175,44.6505713440242,33.3477843794198,6.27516219022441
Indonesia,ID,IDN,2013,48.6373726752893,17.4895,37.69737876467,31.4408284894275,7.0309491461098
Indonesia,ID,IDN,2014,48.0801755855227,15.7092,38.2350714595132,29.0428546208956,4.73488924231125
Indonesia,ID,IDN,2015,41.9376402415294,12.4836,34.4092876962145,23.0427750818147,5.47643413638519
Indonesia,ID,IDN,2016,37.4213418023318,12.7518,36.4734834506098,19.2890340293455,5.74987617185474
Indonesia,ID,IDN,2017,39.3554970704606,13.2124,36.816345447022,21.8451876585303,5.95372322129355
Indonesia,ID,IDN,2018,43.0743089552002,12.6259,31.7652933728205,23.3100286060793,6.87227675160072
Indonesia,ID,IDN,2019,37.6277775357108,11.1333,32.1056123208033,20.3380217373565,5.44737577698621
Indonesia,ID,IDN,2020,32.9721754002427,10.6675,32.590899818207,15.6268808662289,5.57311674337461
Indonesia,ID,IDN,2021,40.2047582749671,11.3269,34.6797924617942,19.4540368706185,6.81269893133157
Indonesia,ID,IDN,2022,45.4646701959453,12.1256,34.6533350841829,24.2968093578513,8.59372096129526
Indonesia,ID,IDN,2023,41.4604765447233,12.6257,36.6251387161778,22.988404985231,8.66175888912423
Indonesia,ID,IDN,2024,42.809937870822,15.4664,36.980137806407,20.8482942182543,10.2519087023766
Indonesia,ID,IDN,2025,43.391207051120404,,,16.0120291720516,9.15253296016074
"Iran, Islamic Rep.",IR,IRN,2002,48.1726865520657,23.2469,,70.3079897892571,0.842352969559356
"Iran, Islamic Rep.",IR,IRN,2003,50.6791057753261,33.6555,,79.4780554871552,1.09517527524565
"Iran, Islamic Rep.",IR,IRN,2004,51.3138573265888,48.9395,,78.9586877543246,1.02344532580443
"Iran, Islamic Rep.",IR,IRN,2005,54.4404952635536,49.9497,,83.0809475304939,1.16603617276545
"Iran, Islamic Rep.",IR,IRN,2006,53.1673587143845,44.4027,,83.2838200199219,2.41649482188879
"Iran, Islamic Rep.",IR,IRN,2007,49.8873069225934,47.4751,,,
"Iran, Islamic Rep.",IR,IRN,2008,48.2294027741438,41.1751,,,
"Iran, Islamic Rep.",IR,IRN,2009,43.6995802243585,47.2165,,,
"Iran, Islamic Rep.",IR,IRN,2010,43.7706437371399,58.7442,,70.8018189413379,3.12655912514173
"Iran, Islamic Rep.",IR,IRN,2011,41.2194147918578,59.7904,,70.5041242804763,2.19494146879362
"Iran, Islamic Rep.",IR,IRN,2012,44.0893466807452,12.6036,,,
"Iran, Islamic Rep.",IR,IRN,2013,47.0867179194755,11.075,,71.7172687320017,3.38911662136194
"Iran, Islamic Rep.",IR,IRN,2014,45.3514201413161,7.4201,,67.7953155547417,2.89653091005246
"Iran, Islamic Rep.",IR,IRN,2015,39.42258866118,31.2801,,57.7930861182423,2.88562521176017
"Iran, Islamic Rep.",IR,IRN,2016,39.8772417738866,54.7088,,67.5862230701503,3.16133917735259
"Iran, Islamic Rep.",IR,IRN,2017,43.1556931383906,61.5761,,71.0578843095261,3.24087064640965
"Iran, Islamic Rep.",IR,IRN,2018,56.6153496142829,37.299,,68.6777337315966,2.76598507569438
"Iran, Islamic Rep.",IR,IRN,2019,48.5917712137038,32.9248,,38.5316504652718,6.69890769432838
"Iran, Islamic Rep.",IR,IRN,2020,43.8844674905013,38.036,,29.1637868954392,5.96771360144154
"Iran, Islamic Rep.",IR,IRN,2021,42.672379536261,24.2361,,47.9119531286438,6.47182698562761
"Iran, Islamic Rep.",IR,IRN,2022,48.9183508223052,19.9577,,56.361512409332,6.07369800540942
"Iran, Islamic Rep.",IR,IRN,2023,49.3935500960203,23.079,,,
"Iran, Islamic Rep.",IR,IRN,2024,52.0621306794348,23.6678,,,
"Iran, Islamic Rep.",IR,IRN,2025,60.2426223967467,,,,
Iraq,IQ,IRQ,2002,119.762047746987,,,95.0954914415094,0.0262329660377358
Iraq,IQ,IRQ,2003,154.234525288266,,,,
Iraq,IQ,IRQ,2004,120.233977121676,,,96.0061358572201,0.0235271930773391
Iraq,IQ,IRQ,2005,115.742540308642,,,96.3555657715066,0.03433026854802
Iraq,IQ,IRQ,2006,89.6505198581778,,,99.459181622694,0.00720020411497278
Iraq,IQ,IRQ,2007,74.092853105498,,,99.6294248203056,8.8879210934631e-5
Iraq,IQ,IRQ,2008,81.0555432665835,,,99.7568096571184,0.152130246604655
Iraq,IQ,IRQ,2009,78.6873788189898,,,99.6937150677908,0.0481577138334307
Iraq,IQ,IRQ,2010,73.4974796202443,,,99.7045850237878,4.70060145031071e-4
Iraq,IQ,IRQ,2011,72.1713282233655,,,99.7790725268102,0.00338461831676954
Iraq,IQ,IRQ,2012,73.6086845912812,,,99.749740585093,0.00431273185474657
Iraq,IQ,IRQ,2013,67.4100184095672,,,99.7968723357044,3.9000741894287e-4
Iraq,IQ,IRQ,2014,68.9824868569036,,,99.8860619088129,
Iraq,IQ,IRQ,2015,69.5917685983115,3.8238,282.154789531229,99.7872777592791,
Iraq,IQ,IRQ,2016,54.588320188677,5.3933,193.969501392406,99.9864810010682,
Iraq,IQ,IRQ,2017,59.7809123923157,3.881,175.61585571741,,
Iraq,IQ,IRQ,2018,65.8017917701083,2.0919,232.825045851289,,
Iraq,IQ,IRQ,2019,68.9899384202806,2.7734,247.458572462125,,
Iraq,IQ,IRQ,2020,57.742316395146,2.2027,206.714742948642,,
Iraq,IQ,IRQ,2021,61.5032683117218,2.4446,253.275041877923,,
Iraq,IQ,IRQ,2022,68.75879409409,5.0828,426.926028048004,,
Iraq,IQ,IRQ,2023,69.4613207990167,4.7798,552.369838844209,,
Iraq,IQ,IRQ,2024,77.1389393108395,4.1454,574.818281545621,,
Iraq,IQ,IRQ,2025,,,,,
Ireland,IE,IRL,2002,163.719329359615,,,0.38490927404738,0.547073828220462
Ireland,IE,IRL,2003,146.531474021275,,,0.242554154325918,0.834027488783115
Ireland,IE,IRL,2004,146.587496370071,,,0.474636791778296,0.773327637734362
Ireland,IE,IRL,2005,148.175564253129,,,0.698321635168599,0.848373059474768
Ireland,IE,IRL,2006,150.021785809265,,,0.647972504993839,1.35003396023797
Ireland,IE,IRL,2007,153.396847068025,,,0.757906206164022,1.31431185162591
Ireland,IE,IRL,2008,160.039420132474,,,0.940161474923173,1.0759070288858401
Ireland,IE,IRL,2009,173.591474874665,,,0.679163091127457,0.768181510681042
Ireland,IE,IRL,2010,190.08027278672,,,1.13011667576576,1.13574439508563
Ireland,IE,IRL,2011,186.304879179038,,,1.4526452638135,1.35937647812609
Ireland,IE,IRL,2012,190.35568231798501,,,1.76087251684561,1.25215546913954
Ireland,IE,IRL,2013,199.742586224446,,,0.92254666819731,1.30319085814621
Ireland,IE,IRL,2014,211.181602002085,,,0.91411475748385,1.29762510611796
Ireland,IE,IRL,2015,223.702938290642,,,0.687610499497789,1.06081765439499
Ireland,IE,IRL,2016,239.708527798768,,,0.579429251892252,0.830317368885397
Ireland,IE,IRL,2017,233.304083346711,,,0.808444693249705,1.05124791225945
Ireland,IE,IRL,2018,222.453716000399,,,0.726723345000767,1.01928317088799
Ireland,IE,IRL,2019,257.652772910421,,,0.580882302920306,0.823606863459568
Ireland,IE,IRL,2020,258.780437026252,,,0.48076376071733,0.613661867444033
Ireland,IE,IRL,2021,231.032350863586,,,0.573629367116036,0.850570043921372
Ireland,IE,IRL,2022,237.755419559378,,,0.86266788917085,0.737702824148593
Ireland,IE,IRL,2023,239.649627585111,,,0.484641350208567,0.585779533272327
Ireland,IE,IRL,2024,246.169874857401,,,0.35300599772993,0.609748885370901
Ireland,IE,IRL,2025,239.958912343567,,,,
Isle of Man,IM,IMN,2002,,,,,
Isle of Man,IM,IMN,2003,,,,,
Isle of Man,IM,IMN,2004,,,,,
Isle of Man,IM,IMN,2005,,,,,
Isle of Man,IM,IMN,2006,,,,,
Isle of Man,IM,IMN,2007,,,,,
Isle of Man,IM,IMN,2008,,,,,
Isle of Man,IM,IMN,2009,,,,,
Isle of Man,IM,IMN,2010,,,,,
Isle of Man,IM,IMN,2011,,,,,
Isle of Man,IM,IMN,2012,,,,,
Isle of Man,IM,IMN,2013,,,,,
Isle of Man,IM,IMN,2014,,,,,
Isle of Man,IM,IMN,2015,,,,,
Isle of Man,IM,IMN,2016,,,,,
Isle of Man,IM,IMN,2017,,,,,
Isle of Man,IM,IMN,2018,,,,,
Isle of Man,IM,IMN,2019,,,,,
Isle of Man,IM,IMN,2020,,,,,
Isle of Man,IM,IMN,2021,,,,,
Isle of Man,IM,IMN,2022,,,,,
Isle of Man,IM,IMN,2023,,,,,
Isle of Man,IM,IMN,2024,,,,,
Isle of Man,IM,IMN,2025,,,,,
Israel,IL,ISR,2002,65.5319511383591,,,0.0399913280963511,1.25745313725903
Israel,IL,ISR,2003,66.9479946684859,,,0.0370735767811615,1.26223210934839
Israel,IL,ISR,2004,75.0388690350775,,,0.0260227295207333,1.27358345466053
Israel,IL,ISR,2005,78.416693799205,,,0.058722498086305,1.08444901247725
Israel,IL,ISR,2006,78.5311825907368,,,0.0988995683933675,1.22098662647112
Israel,IL,ISR,2007,78.9364099576763,,,0.151946534194579,1.16541272414956
Israel,IL,ISR,2008,75.4761705381509,,,0.911525798620534,1.36843726148863
Israel,IL,ISR,2009,61.7597291545045,,,0.0458749912954342,1.15208813405695
Israel,IL,ISR,2010,65.717030394986,,,0.86528471011638,1.42794514949644
Israel,IL,ISR,2011,69.0009721692523,,,0.971529018503775,1.46038735313216
Israel,IL,ISR,2012,70.0759039186632,,,1.70032816426379,1.45454508020073
Israel,IL,ISR,2013,64.2271703557815,,,1.57983966956452,1.18202715323789
Israel,IL,ISR,2014,61.8390527979395,,,1.14301444001863,1.18245908127786
Israel,IL,ISR,2015,59.0201557126784,,,0.791842717525683,0.962617325591464
Israel,IL,ISR,2016,57.9533051643572,,,1.38774761271954,0.963441072958899
Israel,IL,ISR,2017,56.4519373834561,,,1.43726242593619,1.09444228427862
Israel,IL,ISR,2018,58.8734013354625,,,2.26461032824839,1.15445068921132
Israel,IL,ISR,2019,56.528161844782304,,,2.05400326279715,1.10111966349058
Israel,IL,ISR,2020,51.1403984551453,,,,1.32536585966938
Israel,IL,ISR,2021,54.8184036562688,,,,1.61863415154063
Israel,IL,ISR,2022,60.6358428266501,,,5.31969619319333,1.41284113227542
Israel,IL,ISR,2023,57.977782328645,,,,1.52564125373689
Israel,IL,ISR,2024,54.3822563777332,,,,1.19930105964575
Israel,IL,ISR,2025,52.9892163743201,,,,
Italy,IT,ITA,2002,47.8713186791542,,,1.74600962390738,1.32350167743371
Italy,IT,ITA,2003,45.9940859777074,,,2.13590429760863,1.29515403814363
Italy,IT,ITA,2004,47.2663923891771,,,2.34086220980734,1.43448920830144
Italy,IT,ITA,2005,49.1221742288618,,,3.43872028627477,1.48703124007983
Italy,IT,ITA,2006,52.9235429597012,,,3.60007386240689,2.05581028573271
Italy,IT,ITA,2007,54.8280415572531,,,3.92041828636441,1.99555279619232
Italy,IT,ITA,2008,54.214254895667104,,,4.69330962737191,1.80554016349422
Italy,IT,ITA,2009,45.1414765721604,,,3.447934596545,1.64167033158873
Italy,IT,ITA,2010,51.6621118138339,,,4.63889398875227,2.15312731726185
Italy,IT,ITA,2011,54.4722149449288,,,4.76073239440413,2.27013694546359
Italy,IT,ITA,2012,54.8844952702204,,,4.69948477906981,2.0626853664562
Italy,IT,ITA,2013,54.0341846317499,,,4.27731648308039,1.98671514125351
Italy,IT,ITA,2014,54.4545299332032,,,3.73903759474597,2.00835153385994
Italy,IT,ITA,2015,55.4356858148221,,,3.2944073725625,1.9364198973376
Italy,IT,ITA,2016,54.4321467018313,,,2.66359462149532,1.90982215322686
Italy,IT,ITA,2017,57.5829940274911,,,3.27256247837187,2.07230829145132
Italy,IT,ITA,2018,59.2749835128154,,,3.47059391265364,2.09661757092006
Italy,IT,ITA,2019,58.6941902594738,,,3.04947553200783,2.1396705602172
Italy,IT,ITA,2020,53.9394839042764,,,2.14179213063523,2.36923313520368
Italy,IT,ITA,2021,60.3019776202798,,,3.09783025955749,2.89371816843881
Italy,IT,ITA,2022,72.0165023032697,,,4.97853512208366,2.84846667997646
Italy,IT,ITA,2023,65.1028419441908,,,3.62874175899833,2.3671450406078
Italy,IT,ITA,2024,62.5926144915658,,,3.05293641850331,2.40552881733977
Italy,IT,ITA,2025,62.5232263591126,,,,
Jamaica,JM,JAM,2002,,13.93,29.3695656819628,2.64190745289582,65.8349797571158
Jamaica,JM,JAM,2003,,17.2664,20.8883496016139,2.35339242140386,67.4192690897854
Jamaica,JM,JAM,2004,,16.8327,28.3341622255071,2.41870813664498,67.5771349962895
Jamaica,JM,JAM,2005,,9.3368,32.922457006849,7.44355134298701,69.8264509321408
Jamaica,JM,JAM,2006,,13.5788,28.6781743222781,13.7321281176911,64.388837177649
Jamaica,JM,JAM,2007,,14.5709,17.8498605124424,15.0885821931643,64.2235693524351
Jamaica,JM,JAM,2008,,12.0641,16.994647302527,18.2762892220308,57.7399342148308
Jamaica,JM,JAM,2009,,6.7266,18.6727747626361,17.2367914033147,37.4724718537071
Jamaica,JM,JAM,2010,,7.6722,17.6299813114687,22.6130787526814,44.2998718718147
Jamaica,JM,JAM,2011,,6.9067,15.9712117058001,24.2170027316131,48.9598085498852
Jamaica,JM,JAM,2012,,12.3809,14.012902561274,23.6002811643404,39.3061776314495
Jamaica,JM,JAM,2013,,11.1626,14.1073433123507,23.8316795122739,45.5969371537392
Jamaica,JM,JAM,2014,,10.8554,17.566996244715,21.8088405769211,50.0197883808134
Jamaica,JM,JAM,2015,,10.6647,20.7302394466165,16.0277563138799,56.4341402998641
Jamaica,JM,JAM,2016,,11.7642,23.5003330661397,15.8992712670727,50.4129949655701
Jamaica,JM,JAM,2017,,12.2038,25.9260370678797,18.8089818871207,50.1049158741135
Jamaica,JM,JAM,2018,,12.4907,20.1481015996809,14.6465520335904,65.2013439008651
Jamaica,JM,JAM,2019,,15.5812,25.1031515482983,19.628162448872,53.8234637203428
Jamaica,JM,JAM,2020,,14.6016,27.1787901725615,18.9033420448084,45.3383675601283
Jamaica,JM,JAM,2021,,14.0202,30.1660757213439,27.0688967873524,37.0167324348966
Jamaica,JM,JAM,2022,,13.9354,28.5888163738908,40.3851242137235,23.4441969813905
Jamaica,JM,JAM,2023,,17.1236,31.6244028116851,28.7976547528445,37.604098048612
Jamaica,JM,JAM,2024,,16.1722,37.965378687083,,
Jamaica,JM,JAM,2025,,,,,
Japan,JP,JPN,2002,20.1432481553025,,,0.336838530943305,1.30458455245236
Japan,JP,JPN,2003,21.0750119103347,,,0.330277857113262,1.32840485295458
Japan,JP,JPN,2004,23.4324185456932,,,0.40443333428467,1.55315826979317
Japan,JP,JPN,2005,25.9909279228382,,,0.748696218083002,1.74672948868638
Japan,JP,JPN,2006,29.714872929485,,,0.911800481133708,2.23362413033632
Japan,JP,JPN,2007,32.4957200262739,,,1.29910132558477,2.42206298603946
Japan,JP,JPN,2008,33.7738026089171,,,2.40280339631499,2.4147697205401
Japan,JP,JPN,2009,24.1730393019729,,,1.81331656588565,2.63029185657313
Japan,JP,JPN,2010,28.2400150860666,,,1.69502618164654,2.57283126658044
Japan,JP,JPN,2011,29.9713853558472,,,1.97930812274285,2.57453394705375
Japan,JP,JPN,2012,30.174299547803,,,1.68214490249087,2.74337339795033
Japan,JP,JPN,2013,33.5913694460807,,,2.33284299920258,2.80664770663769
Japan,JP,JPN,2014,36.7643250218282,,,2.29264163422113,2.67378416411769
Japan,JP,JPN,2015,34.7276305886293,,,1.82112089122004,2.47487398731731
Japan,JP,JPN,2016,30.6562793068554,,,1.45314833400369,2.31280447850218
Japan,JP,JPN,2017,33.6888336792782,,,1.62989701847048,2.4236894271064
Japan,JP,JPN,2018,35.8035749582494,,,1.81010139690813,2.51618461172461
Japan,JP,JPN,2019,34.3582972799989,,,1.98546863293334,2.42229921438742
Japan,JP,JPN,2020,30.5192226892273,,,1.18928797948461,3.12739508129515
Japan,JP,JPN,2021,35.4253927340539,,,1.35105888659274,3.50428845966949
Japan,JP,JPN,2022,44.86063102004,,,2.4439279415333,3.4405823594586
Japan,JP,JPN,2023,43.5950833802735,,,1.77262134601493,3.36894550677221
Japan,JP,JPN,2024,44.8529388577573,,,1.39430977776367,3.40853387907624
Japan,JP,JPN,2025,,,,1.18502310670015,3.56324938693145
Jordan,JO,JOR,2002,114.03885781572,40.9143,31.6261918101737,0.00638352187104476,16.7360177189512
Jordan,JO,JOR,2003,115.706835253918,39.6263,42.9514536559466,0.275406105524519,16.1105492429046
Jordan,JO,JOR,2004,134.621611934395,41.9343,42.2377141334675,0.681552349591884,14.1003646191113
Jordan,JO,JOR,2005,146.908891279018,44.9769,42.7767249427235,0.972445920300149,76.8482479774029
Jordan,JO,JOR,2006,141.747381831126,47.6327,50.3880844582081,1.02627219723761,12.767111640863
Jordan,JO,JOR,2007,145.994246288526,50.0844,53.3217237195438,0.827504244451735,7.19113589256071
Jordan,JO,JOR,2008,,62.2069,64.5381379783004,0.150133122256453,10.5113104275044
Jordan,JO,JOR,2009,,59.6928,85.0410142788599,0.561906843612745,9.08221567014082
Jordan,JO,JOR,2010,,53.5615,80.696164368883,1.07702929489453,8.34627088879283
Jordan,JO,JOR,2011,,54.8935,69.2013311103472,0.184803898952021,11.6963850840199
Jordan,JO,JOR,2012,,53.2112,48.2601308716103,0.282058142253294,11.1113902698849
Jordan,JO,JOR,2013,,47.2672,60.1049159311643,0.173899859349714,7.33262407510611
Jordan,JO,JOR,2014,,45.1283,66.5162713757684,0.167919629735253,8.1849601413612
Jordan,JO,JOR,2015,,40.2628,64.7378053598565,0.120929763386295,9.01353326875913
Jordan,JO,JOR,2016,,38.6182,57.3337787130011,0.104709249071117,8.81527005731854
Jordan,JO,JOR,2017,,36.3788,51.8142207010819,0.123590689364973,8.14396429922163
Jordan,JO,JOR,2018,,36.0543,45.6694374437538,1.71392273426769,7.71070807339597
Jordan,JO,JOR,2019,,36.7156,45.9807613460011,2.03314518398133,7.09697939752347
Jordan,JO,JOR,2020,,37.0248,44.5907950178061,1.33182496918067,6.5270659968103
Jordan,JO,JOR,2021,,37.374,45.7151588172955,0.706962713297216,8.69874576135076
Jordan,JO,JOR,2022,,38.2012,44.2024222435831,0.917109884625019,11.2956928860016
Jordan,JO,JOR,2023,,35.8479,42.7944494129774,0.498739629336105,9.38432509607852
Jordan,JO,JOR,2024,,38.1091,46.7126871088204,0.264858580668078,8.49611967128758
Jordan,JO,JOR,2025,,,,,
Kazakhstan,KZ,KAZ,2002,94.03168564978,9.9906,17.0353326117411,58.2968412422144,17.7177876738248
Kazakhstan,KZ,KAZ,2003,91.4633324250457,12.1105,21.3637698632737,61.2210355625118,14.153219045929
Kazakhstan,KZ,KAZ,2004,96.4091997009336,11.864,27.9139122633383,64.2555866804038,15.2290794239696
Kazakhstan,KZ,KAZ,2005,97.7625030243024,18.4726,16.1181446719513,70.1188445046683,14.0126443093885
Kazakhstan,KZ,KAZ,2006,91.4535267973373,16.7188,25.695182376329,68.714090971935,15.7778618856574
Kazakhstan,KZ,KAZ,2007,92.1616330969975,11.98,18.3301279681237,66.0104725340561,15.092274830169501
Kazakhstan,KZ,KAZ,2008,94.2948046483658,8.8878,18.6278498914513,68.7221352878897,12.2115410251468
Kazakhstan,KZ,KAZ,2009,75.7660674636533,6.365,21.1252105164387,69.514157362947,11.7030070174124
Kazakhstan,KZ,KAZ,2010,74.1382658957842,7.4397,23.7218015474829,71.6806270855298,11.5473437580521
Kazakhstan,KZ,KAZ,2011,73.1178570509129,7.0422,23.4981251408587,72.0210784152868,13.1836858542643
Kazakhstan,KZ,KAZ,2012,73.7237324891671,6.6899,20.8357193631031,69.8792646239037,13.1924949381927
Kazakhstan,KZ,KAZ,2013,65.4076093299538,6.2531,16.2583331260009,76.2956655965256,10.2213021546156
Kazakhstan,KZ,KAZ,2014,64.9720346513507,6.1044,18.2555730687253,76.3925592249518,8.96795902235569
Kazakhstan,KZ,KAZ,2015,53.0497288072652,4.0092,17.8388585013977,67.7181648737463,12.7083992552071
Kazakhstan,KZ,KAZ,2016,60.3115965864153,4.0318,17.7285877588253,60.7328771938903,15.5906292955463
Kazakhstan,KZ,KAZ,2017,56.825387935971,4.7087,18.8554414076969,63.3269144379605,16.1720512068241
Kazakhstan,KZ,KAZ,2018,63.5279565118188,5.1907,19.2200898039653,70.0337201158019,12.3470889684396
Kazakhstan,KZ,KAZ,2019,64.8586165517565,5.2854,16.9643451928874,66.2407564398188,14.7750977836769
Kazakhstan,KZ,KAZ,2020,57.0264423660931,5.504,20.6132314221737,65.3889791619589,12.1957647364909
Kazakhstan,KZ,KAZ,2021,58.6686085779207,6.9541,19.826926280196,65.6108725080086,12.4082628140823
Kazakhstan,KZ,KAZ,2022,68.3343147415612,9.6622,20.6852391034401,68.0182146754446,9.14600106668177
Kazakhstan,KZ,KAZ,2023,62.3342837675021,11.2986,20.9726120221524,58.9305033328289,14.6008672804896
Kazakhstan,KZ,KAZ,2024,57.1613431963924,11.6956,27.3420275033964,56.7199106286709,15.4598535578386
Kazakhstan,KZ,KAZ,2025,,,,,
Kenya,KE,KEN,2002,55.1726722640053,10.8002,17.5223654715719,16.6165342326688,2.17858807244344
Kenya,KE,KEN,2003,54.132265895729,10.3024,22.0714590468592,19.1551044918056,2.9543556082054
Kenya,KE,KEN,2004,59.4770033484289,9.5738,21.9694668567627,0.901139664414074,5.50820095089847
Kenya,KE,KEN,2005,64.4788661639796,7.5401,27.6739618120626,18.3199226649607,1.93568467588894
Kenya,KE,KEN,2006,55.2364851257303,8.7786,35.9553028638688,7.27291530118403,2.45940713366363
Kenya,KE,KEN,2007,53.8947888046059,12.7657,44.2860507707484,4.26371122113361,2.8267779266884
Kenya,KE,KEN,2008,57.5785986473131,12.3566,37.428952039636,2.09821677072516,3.22160944495378
Kenya,KE,KEN,2009,45.9451918127805,11.1878,44.8360795474852,4.20130504014462,1.96524408325836
Kenya,KE,KEN,2010,50.3942873502834,11.7201,48.6296450219419,4.19535073962597,1.9852461441657001
Kenya,KE,KEN,2011,58.4022059745625,12.871,42.472666004945,,
Kenya,KE,KEN,2012,51.6236920232481,13.3255,48.2737202816173,,
Kenya,KE,KEN,2013,47.4646425127304,17.5649,47.9030272226377,0.93827196300241,2.20574818456868
Kenya,KE,KEN,2014,46.170489362216,11.8107,46.5618159410498,,
Kenya,KE,KEN,2015,40.3273846919019,13.6387,37.9850175926342,10.4002054705089,4.08741066311494
Kenya,KE,KEN,2016,34.8650195731824,10.1351,35.8723664031553,7.46355756592411,4.26489839463264
Kenya,KE,KEN,2017,35.9950578754074,9.8572,27.1801605463288,1.00602573407941,5.36354394694724
Kenya,KE,KEN,2018,34.4147531767425,8.1006,25.973252621977,0.834754874486309,5.99535617568078
Kenya,KE,KEN,2019,31.759461841481,7.4892,26.0674293528311,7.73708033046599,4.98578217433066
Kenya,KE,KEN,2020,30.3991387830411,6.0288,21.8128323436254,6.74832493327525,5.13265627350615
Kenya,KE,KEN,2021,35.0020477795269,5.9073,23.0254823086428,0.924149796237318,6.38746779763161
Kenya,KE,KEN,2022,40.2753238373561,6.1631,19.1775689415999,1.37369379382007,6.78261238103048
Kenya,KE,KEN,2023,40.9337677377556,6.5611,17.1096987463284,1.8648287478394,5.32428005533122
Kenya,KE,KEN,2024,40.0062529666939,4.6816,23.4728753335776,1.63087288958127,5.12139249435883
Kenya,KE,KEN,2025,37.5210445911226,,,,
Kiribati,KI,KIR,2002,125.625496108186,,,,
Kiribati,KI,KIR,2003,103.928965237073,,,,
Kiribati,KI,KIR,2004,101.359702114731,,,,
Kiribati,KI,KIR,2005,123.594268587865,,,0.0170988965474781,1.60919926231274
Kiribati,KI,KIR,2006,94.0468138646475,,,,
Kiribati,KI,KIR,2007,96.159058729974,,,2.46463252329078e-4,0.661359491299847
Kiribati,KI,KIR,2008,95.4419286649569,,,0.0629045096507676,1.12225156908775
Kiribati,KI,KIR,2009,97.6360608655351,,,,0.0372860176955616
Kiribati,KI,KIR,2010,85.6972657116246,,,,
Kiribati,KI,KIR,2011,93.4314038207066,,,1.16311163533845e-4,
Kiribati,KI,KIR,2012,96.1286959983954,,,1.71954230598533e-4,0.320316340758947
Kiribati,KI,KIR,2013,96.7814166724492,,,32.4586507967065,
Kiribati,KI,KIR,2014,104.187967755713,,,8.28238106938328,0.974363608585811
Kiribati,KI,KIR,2015,109.889098401931,,,9.66602186156077,0.510515392144981
Kiribati,KI,KIR,2016,111.269790749303,,,8.28238200390099,0.974359202207304
Kiribati,KI,KIR,2017,100.49175257732,,,7.23596248463997,0.488136500343848
Kiribati,KI,KIR,2018,83.2436102236422,,,15.1631521771927,0.942702357232301
Kiribati,KI,KIR,2019,98.3565819131955,,,,
Kiribati,KI,KIR,2020,78.4012076801363,,,3.39645842254512,0.451514991354771
Kiribati,KI,KIR,2021,74.450510015529,,,0.0166411164417841,0.602701750126473
Kiribati,KI,KIR,2022,107.219771673316,,,,
Kiribati,KI,KIR,2023,106.479772480068,,,,
Kiribati,KI,KIR,2024,102.110426164684,,,,
Kiribati,KI,KIR,2025,,,,,
"Korea, Dem. People's Rep.",KP,PRK,2002,,,,,
"Korea, Dem. People's Rep.",KP,PRK,2003,,,,,
"Korea, Dem. People's Rep.",KP,PRK,2004,,,,,
"Korea, Dem. People's Rep.",KP,PRK,2005,,,,,
"Korea, Dem. People's Rep.",KP,PRK,2006,,,,,
"Korea, Dem. People's Rep.",KP,PRK,2007,,,,,
"Korea, Dem. People's Rep.",KP,PRK,2008,,,,,
"Korea, Dem. People's Rep.",KP,PRK,2009,,,,,
"Korea, Dem. People's Rep.",KP,PRK,2010,,,,,
"Korea, Dem. People's Rep.",KP,PRK,2011,,,,,
"Korea, Dem. People's Rep.",KP,PRK,2012,,,,,
"Korea, Dem. People's Rep.",KP,PRK,2013,,,,,
"Korea, Dem. People's Rep.",KP,PRK,2014,,,,,
"Korea, Dem. People's Rep.",KP,PRK,2015,,,,,
"Korea, Dem. People's Rep.",KP,PRK,2016,,,,,
"Korea, Dem. People's Rep.",KP,PRK,2017,,,,,
"Korea, Dem. People's Rep.",KP,PRK,2018,,,,,
"Korea, Dem. People's Rep.",KP,PRK,2019,,,,,
"Korea, Dem. People's Rep.",KP,PRK,2020,,,,,
"Korea, Dem. People's Rep.",KP,PRK,2021,,,,,
"Korea, Dem. People's Rep.",KP,PRK,2022,,,,,
"Korea, Dem. People's Rep.",KP,PRK,2023,,,,,
"Korea, Dem. People's Rep.",KP,PRK,2024,,,,,
"Korea, Dem. People's Rep.",KP,PRK,2025,,,,,
"Korea, Rep.",KR,KOR,2002,56.6688767960273,,,4.03256692073535,1.33572532183322
"Korea, Rep.",KR,KOR,2003,59.4242945541732,,,3.56106107839375,1.45942304004666
"Korea, Rep.",KR,KOR,2004,67.9270638751076,,,4.14877491088135,1.6559362801057
"Korea, Rep.",KR,KOR,2005,66.1695148242697,,,5.52335288427246,1.69230693236814
"Korea, Rep.",KR,KOR,2006,68.3749509402263,,,6.42800081719723,2.47560427217358
"Korea, Rep.",KR,KOR,2007,71.3239614988013,,,6.63053786115898,2.47335926490762
"Korea, Rep.",KR,KOR,2008,92.0833544961819,,,9.11241113109065,2.21121549724015
"Korea, Rep.",KR,KOR,2009,83.1246099057162,,,6.54303370361556,1.9064887741861
"Korea, Rep.",KR,KOR,2010,88.0278677123124,,,6.98564233302644,2.06565902803235
"Korea, Rep.",KR,KOR,2011,101.68061646213,,,9.56161116916152,2.27200535172172
"Korea, Rep.",KR,KOR,2012,101.51727207905,,,10.4940639270131,2.10725658615463
"Korea, Rep.",KR,KOR,2013,94.1675235855873,,,9.66955779780818,1.97919763468727
"Korea, Rep.",KR,KOR,2014,86.9342577972039,,,9.19087254809735,2.00934289201238
"Korea, Rep.",KR,KOR,2015,75.3881774564907,,,6.28827621295043,2.02339834140321
"Korea, Rep.",KR,KOR,2016,69.8997221316919,,,5.5492872250197,2.06979592169607
"Korea, Rep.",KR,KOR,2017,73.1921408264016,,,6.34576276711752,2.04910486031759
"Korea, Rep.",KR,KOR,2018,74.7075162140824,,,7.93460902634461,2.16840811796804
"Korea, Rep.",KR,KOR,2019,71.4470632403511,,,7.7796164250441,2.26381495270832
"Korea, Rep.",KR,KOR,2020,65.544957860621,,,4.96538608506398,2.61255316161782
"Korea, Rep.",KR,KOR,2021,75.3063047610912,,,6.20942713728516,3.15233559798272
"Korea, Rep.",KR,KOR,2022,90.5851475278549,,,9.47277423929597,2.97096696912327
"Korea, Rep.",KR,KOR,2023,82.2580090716629,,,8.55361920375165,2.68899251710656
"Korea, Rep.",KR,KOR,2024,84.6424951192038,,,7.70232630112563,2.40115103484146
"Korea, Rep.",KR,KOR,2025,86.3616006442431,,,,
Kuwait,KW,KWT,2002,81.2251941328732,,,92.4986204166316,0.146239801825248
Kuwait,KW,KWT,2003,86.5551755074577,,,93.4376463361072,0.167306428093533
Kuwait,KW,KWT,2004,89.2976416790834,,,94.598596572397,0.116351416305104
Kuwait,KW,KWT,2005,92.2426800942645,,,,
Kuwait,KW,KWT,2006,89.7130931980522,,,96.4752875038565,0.185916868050557
Kuwait,KW,KWT,2007,91.7325033915889,,,96.3029607314663,0.204697302958067
Kuwait,KW,KWT,2008,92.6834562516721,,,96.4909871739516,0.133162279913271
Kuwait,KW,KWT,2009,88.8110649851457,,,93.2082155716075,0.222934071000115
Kuwait,KW,KWT,2010,97.0280216600064,,,92.7518711482029,0.236538127835728
Kuwait,KW,KWT,2011,99.1164927646913,,,94.8418724155951,0.178163576211141
Kuwait,KW,KWT,2012,101.011435104032,,,,
Kuwait,KW,KWT,2013,97.6054913328151,,,94.2171787337716,0.15535925893358
Kuwait,KW,KWT,2014,100.037189841844,,,95.2169457886681,0.155491386100118
Kuwait,KW,KWT,2015,98.6999884455485,,,92.4993007083526,0.161552848461689
Kuwait,KW,KWT,2016,96.1576723758617,,,92.7391106201563,0.185593259346522
Kuwait,KW,KWT,2017,97.840046457409,,,93.5741930367838,0.160652911913752
Kuwait,KW,KWT,2018,102.785630655,,,90.8951500827978,0.166819303869064
Kuwait,KW,KWT,2019,91.6857123895953,,,94.3677444960455,0.144591531581481
Kuwait,KW,KWT,2020,82.0125101293052,,,92.8791686402667,0.189371199096136
Kuwait,KW,KWT,2021,82.0003751775886,,,94.6305212160108,0.162222705074137
Kuwait,KW,KWT,2022,90.9188102023425,,,96.0382613795238,0.0733627337730976
Kuwait,KW,KWT,2023,96.0343509693162,,,95.5164366055485,0.137319652411819
Kuwait,KW,KWT,2024,93.9909162684119,,,90.7321487415169,0.129047853313013
Kuwait,KW,KWT,2025,,,,,
Kyrgyz Republic,KG,KGZ,2002,82.9207290212667,0.5237,16.2110259070364,12.6345861548401,3.99363816893904
Kyrgyz Republic,KG,KGZ,2003,83.9327828079655,1.7449,18.5846983257849,3.34268565099241,3.10243524678608
Kyrgyz Republic,KG,KGZ,2004,93.8157321567302,12.7896,22.0451134856598,3.13861104105455,4.38744236626253
Kyrgyz Republic,KG,KGZ,2005,95.0840046303638,5.862,27.136089935651,7.53021666575875,4.01191709879507
Kyrgyz Republic,KG,KGZ,2006,120.749981766273,7.9539,31.4761525257546,12.9258426825477,3.9013475501861
Kyrgyz Republic,KG,KGZ,2007,137.058387838563,11.0898,40.8685003939075,11.7161195680667,3.5670540289719
Kyrgyz Republic,KG,KGZ,2008,146.106082230139,10.7729,33.7679631813063,3.80008942757725,2.91474833895845
Kyrgyz Republic,KG,KGZ,2009,133.379153167955,10.2892,38.465761142092,3.40065461229958,1.62765199628751
Kyrgyz Republic,KG,KGZ,2010,133.232850492333,4.7332,41.7719968391651,7.42229646661121,2.06134394189887
Kyrgyz Republic,KG,KGZ,2011,136.179840420492,3.4237,33.3395575989894,10.0198366401676,3.09382338750327
Kyrgyz Republic,KG,KGZ,2012,139.675937840309,3.5379,34.240153786925,12.2201146937536,6.06023395382128
Kyrgyz Republic,KG,KGZ,2013,134.026785643922,4.5159,32.8441049632451,10.7827888923468,2.79732339723069
Kyrgyz Republic,KG,KGZ,2014,125.126181075833,4.2941,26.8695671101478,7.60556472633859,4.01043456712793
Kyrgyz Republic,KG,KGZ,2015,110.961570714633,4.5578,23.0299836610283,5.2179957360277,3.15939770942659
Kyrgyz Republic,KG,KGZ,2016,105.823574017406,4.5396,24.678973788035,3.43976515656774,6.63813457325965
Kyrgyz Republic,KG,KGZ,2017,100.617445813258,4.3784,26.7801371556518,4.95863467834871,12.3309597631682
Kyrgyz Republic,KG,KGZ,2018,98.8755599017608,5.6014,26.4214015567488,7.58951017001161,15.4276468814993
Kyrgyz Republic,KG,KGZ,2019,94.4302823542939,6.1119,28.7257424122295,6.0392466709208,13.9136412048231
Kyrgyz Republic,KG,KGZ,2020,78.9922784304738,6.0487,32.4083200734643,4.384725562171,10.2386431417202
Kyrgyz Republic,KG,KGZ,2021,100.261376861569,5.9446,32.9176143425875,3.63308306570475,12.6261137766156
Kyrgyz Republic,KG,KGZ,2022,133.786718048766,9.9778,28.7149081120481,8.81937517612303,11.6674586086112
Kyrgyz Republic,KG,KGZ,2023,132.373403912336,11.5842,31.8335843916949,5.93991117441845,10.0562615076351
Kyrgyz Republic,KG,KGZ,2024,130.100743509033,13.667,43.5308801163739,7.31721333967097,9.15208447252274
Kyrgyz Republic,KG,KGZ,2025,92.4074476416439,,,9.40463737109047,18.6199016432669
Lao PDR,LA,LAO,2002,67.2549028523532,0.2899,7.29484962548756,,
Lao PDR,LA,LAO,2003,60.572095882788,0,11.6023039766498,,
Lao PDR,LA,LAO,2004,66.0797516222837,0.1076,10.6295771157672,,
Lao PDR,LA,LAO,2005,71.7926462737852,1.8368,10.5394202955653,,
Lao PDR,LA,LAO,2006,81.9613754162421,2.8204,13.3557899605963,,
Lao PDR,LA,LAO,2007,79.2126289035269,3.5043,15.2454038318008,,
Lao PDR,LA,LAO,2008,81.8491820941317,2.7343,16.5472098643128,,
Lao PDR,LA,LAO,2009,76.930826218652,3.3013,16.5611001511002,,
Lao PDR,LA,LAO,2010,84.7203378916677,0.8821,19.0315234456725,0.870340616162543,50.2168628992353
Lao PDR,LA,LAO,2011,91.6986958680216,0.8293,17.3545104321508,0.770085009604707,62.5003690223523
Lao PDR,LA,LAO,2012,98.1851264313662,0.8198,17.925484647541,0.673677614506647,56.4399674429617
Lao PDR,LA,LAO,2013,98.1791466159604,10.0533,13.5829790332344,0.616634276575787,57.2548464474494
Lao PDR,LA,LAO,2014,99.0597382933399,8.7318,13.0803934625049,0.0421233410444505,46.8833424966076
Lao PDR,LA,LAO,2015,85.798321703681,6.0812,9.30391547896413,0.176088512136599,40.3151982457758
Lao PDR,LA,LAO,2016,75.0918909204124,5.3368,6.77131559228808,0.240806629071139,36.9265235809299
Lao PDR,LA,LAO,2017,,4.9413,7.46627034581468,26.3264153582686,24.5288042004796
Lao PDR,LA,LAO,2018,,2.5307,6.14479406486575,24.2519769448921,26.3496762535103
Lao PDR,LA,LAO,2019,,3.0722,5.83499208463094,27.0504530988954,22.4776810760171
Lao PDR,LA,LAO,2020,,4.8186,9.27134187223629,16.8657167141044,15.7371132898682
Lao PDR,LA,LAO,2021,,4.6018,10.4239251228343,27.4177584302158,12.0566454155105
Lao PDR,LA,LAO,2022,,4.057,8.52158143812842,24.9508670533214,16.1081894779321
Lao PDR,LA,LAO,2023,,0.7762,9.80115434721168,1.82681289929622,20.1790222280288
Lao PDR,LA,LAO,2024,,6.1502,12.4070223474476,,
Lao PDR,LA,LAO,2025,,,,,
Latvia,LV,LVA,2002,85.9772056778195,,,1.47360238005683,5.60555696488159
Latvia,LV,LVA,2003,88.5815580418672,,,1.37720878864708,3.95101708379676
Latvia,LV,LVA,2004,97.2352655771748,,,4.61661637596288,3.24040197402701
Latvia,LV,LVA,2005,104.517156602918,,,8.89393859080471,3.52246380055115
Latvia,LV,LVA,2006,105.695342080455,,,5.17629395531379,3.97173874478011
Latvia,LV,LVA,2007,100.880910871828,,,3.6584237794238,3.50414380735867
Latvia,LV,LVA,2008,95.7681628438571,,,3.43291102396638,4.18138197861875
Latvia,LV,LVA,2009,88.8320494963692,,,5.05888376986903,2.78955575667289
Latvia,LV,LVA,2010,110.86235386272,,,5.30562593988955,3.73214791947913
Latvia,LV,LVA,2011,129.734758014485,,,8.25566913336159,4.5552170741267
Latvia,LV,LVA,2012,133.211503650958,,,7.83977671803602,3.57382626439348
Latvia,LV,LVA,2013,129.677184929099,,,7.69649141673201,3.17966387249577
Latvia,LV,LVA,2014,130.042252244959,,,8.65082249449374,2.83228555629035
Latvia,LV,LVA,2015,126.380014406006,,,7.45689836614869,2.21080177918085
Latvia,LV,LVA,2016,123.330518429659,,,5.68606068331057,1.7324035353265
Latvia,LV,LVA,2017,128.714003328884,,,5.31242487702386,2.0850315423882
Latvia,LV,LVA,2018,128.234095559822,,,5.3963542900298,2.24600909807457
Latvia,LV,LVA,2019,125.29163170793,,,4.50961883437534,1.77168747370953
Latvia,LV,LVA,2020,123.88319804656,,,3.57235217180195,1.75418689739946
Latvia,LV,LVA,2021,136.796615414819,,,5.8995850568737,2.59066285295254
Latvia,LV,LVA,2022,159.892778190649,,,12.3436383153413,1.89303068075529
Latvia,LV,LVA,2023,135.642989154266,,,7.19706147644703,1.78596783445736
Latvia,LV,LVA,2024,131.309582395769,,,7.00435280229489,1.78688571916691
Latvia,LV,LVA,2025,129.724453873327,,,8.23196552918001,1.64692308335735
Lebanon,LB,LBN,2002,51.0425325574951,13.6785,59.4241703961966,0.44816388749621,5.6852442083825
Lebanon,LB,LBN,2003,54.0908340214699,13.7251,85.9390095245644,0.231199844950283,7.41199982338085
Lebanon,LB,LBN,2004,90.9727970270956,15.7296,69.1711333229182,0.26287180715628,10.4295979786321
Lebanon,LB,LBN,2005,92.762656272585,12.4544,72.9273699718163,0.34821472762562,11.3261589994321
Lebanon,LB,LBN,2006,91.0693970298409,13.2712,79.4165090546782,0.299487266437649,10.7073982921193
Lebanon,LB,LBN,2007,97.9677079660494,16.5197,79.4506594142924,0.217321452649323,14.0018864556331
Lebanon,LB,LBN,2008,106.625673176194,6.9912,64.2216446270783,0.33284833912779,11.0920416531535
Lebanon,LB,LBN,2009,90.3978388619092,6.4998,84.8115179380496,0.338561740289721,5.75747151447646
Lebanon,LB,LBN,2010,95.0966529416243,7.4578,92.9888597039508,0.132265054585668,8.61330220292034
Lebanon,LB,LBN,2011,102.139882412503,6.7848,96.3553812752871,0.098238163773614,9.91304966732045
Lebanon,LB,LBN,2012,88.5455019230591,7.405,94.2511400004259,2.01796275219873,8.28040319401358
Lebanon,LB,LBN,2013,86.1743285920565,11.526,77.0386555501103,8.55737748124045,10.8313325383782
Lebanon,LB,LBN,2014,79.8171565925627,12.4177,78.594332004519,0.975199707169866,8.30753174435821
Lebanon,LB,LBN,2015,71.8390426347811,12.2802,71.1268400005479,0.812714035495173,7.6287112013812
Lebanon,LB,LBN,2016,67.7236177908116,11.2973,77.5353368348257,0.476668921652208,6.14197008535402
Lebanon,LB,LBN,2017,68.4554292593276,11.8125,74.6897332712628,1.51877124152991,9.531113389086
Lebanon,LB,LBN,2018,68.2573073043718,6.9621,65.7453455499033,0.704025606732419,8.79160657959927
Lebanon,LB,LBN,2019,62.98091601016,6.7147,70.6403675506343,1.45409543694151,6.12915291617678
Lebanon,LB,LBN,2020,50.1298042879627,14.7373,61.5971535562138,0.340577463595891,6.98125587350249
Lebanon,LB,LBN,2021,78.8286204025241,19.211,52.6554891598088,0.241436727400156,10.4101088610053
Lebanon,LB,LBN,2022,114.888278265666,23.1281,48.4537196528351,0.433020096745865,11.0482493293111
Lebanon,LB,LBN,2023,104.206410069182,25.8651,41.4444327819085,9.88237160097366,8.60379953605471
Lebanon,LB,LBN,2024,82.2323604617121,28.2609,49.4164836919352,7.70940000965568,9.34050438527481
Lebanon,LB,LBN,2025,,,,,
Lesotho,LS,LSO,2002,,7.9991,57.0281785579949,0.00340130170595996,0.0657612002029595
Lesotho,LS,LSO,2003,,0.1416,65.2251160278052,0.0624084448535018,0.0974033934785549
Lesotho,LS,LSO,2004,,1.0343,64.8410361785327,0.0175765760189479,0.0475347806597082
Lesotho,LS,LSO,2005,,1.0505,77.9102167290937,,
Lesotho,LS,LSO,2006,,0.3042,100.146692595513,,
Lesotho,LS,LSO,2007,165.048948833372,0.2917,146.28490944054,0.122346649228984,0.483044966560215
Lesotho,LS,LSO,2008,161.126590593391,0.2856,138.780657968107,0.0417391701900564,0.255444865389448
Lesotho,LS,LSO,2009,158.894737585637,0.3915,195.980534397518,0.0168129994467445,0.104317436196333
Lesotho,LS,LSO,2010,150.102435487333,0,188.561318067165,0.0769376796124365,0.442932312242704
Lesotho,LS,LSO,2011,149.796606699153,0.4916,111.095076133596,0.14791613707775,0.192080755656678
Lesotho,LS,LSO,2012,150.208575358438,0,110.536017685705,0.12209171884117,0.176395233303756
Lesotho,LS,LSO,2013,133.36548975517,8e-4,114.611240913035,0.0815062744684557,4.11336141524726
Lesotho,LS,LSO,2014,126.292475360578,0.0237,118.549182314897,0.0376734422723571,46.9397510539114
Lesotho,LS,LSO,2015,129.722773082867,3.4715,104.707485463184,0.0530542243747911,31.4254236706505
Lesotho,LS,LSO,2016,136.31524774176,2.8257,68.1261134806299,0.080583696996223,0.257535354573301
Lesotho,LS,LSO,2017,146.366771329494,0.0257,43.7229136234102,0.07923485972243,0.329155539469625
Lesotho,LS,LSO,2018,144.434955465602,0.0347,49.7829198251556,0.0379892296059272,1.23558386743794
Lesotho,LS,LSO,2019,140.51663349168,0.0229,48.8856740378065,0.0343344578962748,0.223234842534879
Lesotho,LS,LSO,2020,141.096605062998,0.118,42.027661763103,0.014452161241193,0.179631190163663
Lesotho,LS,LSO,2021,139.186479465407,0.1411,43.5440399322074,0.033559777615051,0.192321778563757
Lesotho,LS,LSO,2022,142.373981074229,0.7984,42.6258608862953,0.0246048491285881,0.19064142421531
Lesotho,LS,LSO,2023,140.722487877528,0.1895,48.1010462114031,0.0242983712046877,0.178601333491684
Lesotho,LS,LSO,2024,152.474389103105,0.1825,56.8402880531113,0.0200440072118683,1.45669819893022
Lesotho,LS,LSO,2025,153.981493548807,,,,
Liberia,LR,LBR,2002,,55.6328,0.100140616605847,,
Liberia,LR,LBR,2003,,57.1949,0.203059338610841,,
Liberia,LR,LBR,2004,,58.0133,0.485249370159987,,
Liberia,LR,LBR,2005,,61.3035,0.642828612590293,,
Liberia,LR,LBR,2006,,62.5194,1.71739391211408,,
Liberia,LR,LBR,2007,,62.4505,3.15934884261262,,
Liberia,LR,LBR,2008,,44.4656,5.08917627929797,,
Liberia,LR,LBR,2009,,4.9508,20.1297743088381,,
Liberia,LR,LBR,2010,,0.1055,105.534579713814,,
Liberia,LR,LBR,2011,,2.7188,113.001053655512,,
Liberia,LR,LBR,2012,,2.4652,117.864747909303,,
Liberia,LR,LBR,2013,,2.1403,111.042808694313,,
Liberia,LR,LBR,2014,,0.0027,73.2010697993646,,
Liberia,LR,LBR,2015,,0,66.9645992181657,,
Liberia,LR,LBR,2016,,0,61.6879238834915,,
Liberia,LR,LBR,2017,,0,52.409280785769504,0.775447041377955,22.2746134221442
Liberia,LR,LBR,2018,,0,28.7001367269325,0.0234035467882422,9.40313760246578
Liberia,LR,LBR,2019,,0.0044,23.4577197505084,,29.3580325518457
Liberia,LR,LBR,2020,,0,23.3562082649845,8.44383013972209e-4,43.2333831498581
Liberia,LR,LBR,2021,,0,37.9204440557665,2.6015195105444,0.158186306044195
Liberia,LR,LBR,2022,,0,31.2008355579145,4.88453332769609,0.655892560057936
Liberia,LR,LBR,2023,,0.0037,20.9640422283664,1.8414552089698,0.060568928284225
Liberia,LR,LBR,2024,,0,16.4543194672274,,
Liberia,LR,LBR,2025,,,,,
Libya,LY,LBY,2002,78.8597570352145,,,,
Libya,LY,LBY,2003,90.6127305175491,,,,
Libya,LY,LBY,2004,96.1293320792401,,,,
Libya,LY,LBY,2005,90.8608896854615,,,,
Libya,LY,LBY,2006,97.7381011197381,,,,
Libya,LY,LBY,2007,102.732315500893,,,96.6247227091457,0.00719080698552263
Libya,LY,LBY,2008,103.242158045544,,,96.7377076938414,0.00717185363701543
Libya,LY,LBY,2009,107.620930501039,,,97.8939049801398,1.57557103320555e-4
Libya,LY,LBY,2010,98.077213074239,,,97.7181660474755,3.91595444128488e-4
Libya,LY,LBY,2011,63.0054352895288,,,,
Libya,LY,LBY,2012,98.2243189168448,,,,
Libya,LY,LBY,2013,106.334360918106,,,,
Libya,LY,LBY,2014,76.5248826381117,,,,
Libya,LY,LBY,2015,56.9049073326883,,,,
Libya,LY,LBY,2016,41.1101760615135,,,89.0527915280661,1.25265817119731
Libya,LY,LBY,2017,47.5489661921214,,,89.0527915280661,1.25265817119731
Libya,LY,LBY,2018,63.7811335968183,,,95.3967472853869,0.664788411642842
Libya,LY,LBY,2019,78.9939691850138,,,94.4050188673453,0.710524366427344
Libya,LY,LBY,2020,50.9757934373319,,,,
Libya,LY,LBY,2021,164.284069967105,,,,
Libya,LY,LBY,2022,156.321684682347,,,,
Libya,LY,LBY,2023,161.070232609722,,,,
Libya,LY,LBY,2024,137.511130687153,,,,
Libya,LY,LBY,2025,137.658573201308,,,,
Liechtenstein,LI,LIE,2002,,,,,
Liechtenstein,LI,LIE,2003,,,,,
Liechtenstein,LI,LIE,2004,,,,,
Liechtenstein,LI,LIE,2005,,,,,
Liechtenstein,LI,LIE,2006,,,,,
Liechtenstein,LI,LIE,2007,,,,,
Liechtenstein,LI,LIE,2008,,,,,
Liechtenstein,LI,LIE,2009,,,,,
Liechtenstein,LI,LIE,2010,,,,,
Liechtenstein,LI,LIE,2011,,,,,
Liechtenstein,LI,LIE,2012,,,,,
Liechtenstein,LI,LIE,2013,,,,,
Liechtenstein,LI,LIE,2014,,,,,
Liechtenstein,LI,LIE,2015,,,,,
Liechtenstein,LI,LIE,2016,,,,,
Liechtenstein,LI,LIE,2017,,,,,
Liechtenstein,LI,LIE,2018,,,,,
Liechtenstein,LI,LIE,2019,,,,,
Liechtenstein,LI,LIE,2020,,,,,
Liechtenstein,LI,LIE,2021,,,,,
Liechtenstein,LI,LIE,2022,,,,,
Liechtenstein,LI,LIE,2023,,,,,
Liechtenstein,LI,LIE,2024,,,,,
Liechtenstein,LI,LIE,2025,,,,,
Lithuania,LT,LTU,2002,100.332229474818,,,18.617772431732,1.84617028631996
Lithuania,LT,LTU,2003,98.0914043206711,,,19.4332920697522,1.57872741824083
Lithuania,LT,LTU,2004,104.072070698543,,,25.0656944009742,1.89642449160213
Lithuania,LT,LTU,2005,117.449691165186,,,26.630710134146,1.49856400555868
Lithuania,LT,LTU,2006,124.613633047292,,,23.5040961235158,1.70876014224856
Lithuania,LT,LTU,2007,116.295810328172,,,13.32657182512,2.04846144785701
Lithuania,LT,LTU,2008,126.759707831841,,,24.8328249799445,1.73357011313373
Lithuania,LT,LTU,2009,105.040251236614,,,21.3157018262962,1.07189998735884
Lithuania,LT,LTU,2010,131.626507396009,,,23.3502789739783,1.43948232775385
Lithuania,LT,LTU,2011,149.645306927215,,,25.2868447389065,1.77618677176912
Lithuania,LT,LTU,2012,156.638925650513,,,24.5019872706115,1.50992417836651
Lithuania,LT,LTU,2013,156.626637927418,,,23.0352983143341,1.344888559106
Lithuania,LT,LTU,2014,143.290115780694,,,17.549203568535,1.35881273697137
Lithuania,LT,LTU,2015,138.195575009601,,,16.3053888986238,1.29746135292864
Lithuania,LT,LTU,2016,134.690449650877,,,13.7741952160399,1.26489658252207
Lithuania,LT,LTU,2017,144.918393101325,,,14.5163890708749,1.70950127378266
Lithuania,LT,LTU,2018,147.202132525221,,,14.6035767557735,1.89636990440123
Lithuania,LT,LTU,2019,148.374996011818,,,13.1348449849943,1.89532194590274
Lithuania,LT,LTU,2020,135.796565563519,,,6.90948542694294,2.18434852775421
Lithuania,LT,LTU,2021,154.726303914099,,,9.86311783561991,2.94343073725516
Lithuania,LT,LTU,2022,176.631817072239,,,16.6723674962133,2.10566830666842
Lithuania,LT,LTU,2023,147.990751776428,,,14.3006675662309,1.79129603184735
Lithuania,LT,LTU,2024,142.41991022479,,,14.0701332953485,1.85501572595526
Lithuania,LT,LTU,2025,142.106304695382,,,13.5992487753918,1.83506115336091
Luxembourg,LU,LUX,2002,250.689192191641,,,0.564341586554429,4.63525235552184
Luxembourg,LU,LUX,2003,244.977946060528,,,0.479403294690643,4.48418168653265
Luxembourg,LU,LUX,2004,265.226884855637,,,0.56940493730028,4.96726016697274
Luxembourg,LU,LUX,2005,284.077242335139,,,0.484746205652523,5.73763427230509
Luxembourg,LU,LUX,2006,305.879493786271,,,0.755468291334598,6.98490411811247
Luxembourg,LU,LUX,2007,307.485020085196,,,0.772267080770856,6.76715018214194
Luxembourg,LU,LUX,2008,292.21348078343,,,0.866779918350193,6.14523127870348
Luxembourg,LU,LUX,2009,263.532701541684,,,1.24434505311501,4.87700606297509
Luxembourg,LU,LUX,2010,293.671876906939,,,0.950253839201478,5.54609346818979
Luxembourg,LU,LUX,2011,308.714453874162,,,0.823809485060464,5.41454927226148
Luxembourg,LU,LUX,2012,311.786835204686,,,0.906015716616703,5.29168706624439
Luxembourg,LU,LUX,2013,320.533506316768,,,0.9124571972713,4.94103541308824
Luxembourg,LU,LUX,2014,333.428836459172,,,0.792755481602913,4.72256737546925
Luxembourg,LU,LUX,2015,351.13195404466,,,0.482115060084286,4.80090229210457
Luxembourg,LU,LUX,2016,348.437409376889,,,0.0630612554097925,4.25377629362931
Luxembourg,LU,LUX,2017,353.793991980303,,,0.0944590084151069,5.01406241825481
Luxembourg,LU,LUX,2018,361.865445198667,,,0.0980118110705392,4.59205275755081
Luxembourg,LU,LUX,2019,382.66078058442,,,0.0974079283313646,4.47027456687779
Luxembourg,LU,LUX,2020,375.581394826026,,,0.0826630989449791,4.41434886286635
Luxembourg,LU,LUX,2021,397.506180867971,,,0.159643807540975,5.01803676746935
Luxembourg,LU,LUX,2022,412.177169924175,,,0.226212692957831,5.3449508908293
Luxembourg,LU,LUX,2023,402.566968197345,,,0.153930719722596,4.33708298279887
Luxembourg,LU,LUX,2024,351.267921153192,,,0.123247093741778,4.29982018624819
Luxembourg,LU,LUX,2025,349.886879178876,,,,
"Macao SAR, China",MO,MAC,2002,152.382640999662,,,3.48400332375004e-5,0.00565120557847524
"Macao SAR, China",MO,MAC,2003,150.78839554326,,,0,0.310894097207751
"Macao SAR, China",MO,MAC,2004,148.903750204961,,,0,1.13780725729118
"Macao SAR, China",MO,MAC,2005,136.372221937073,,,0,2.06201141324786
"Macao SAR, China",MO,MAC,2006,128.785689078596,,,0,2.65374780351676
"Macao SAR, China",MO,MAC,2007,130.670598794717,,,0,0
"Macao SAR, China",MO,MAC,2008,126.607131209269,,,0,0
"Macao SAR, China",MO,MAC,2009,113.55459255005,,,0,0
"Macao SAR, China",MO,MAC,2010,119.938411439898,,,0,0
"Macao SAR, China",MO,MAC,2011,122.886868700544,,,0,0
"Macao SAR, China",MO,MAC,2012,123.711349167944,,,0,0
"Macao SAR, China",MO,MAC,2013,121.375076167887,,,0,0
"Macao SAR, China",MO,MAC,2014,118.580835443557,,,0,10.4037261799776
"Macao SAR, China",MO,MAC,2015,119.250436813256,,,0,2.11555351510338
"Macao SAR, China",MO,MAC,2016,112.890232741859,,,,1.04409684118757
"Macao SAR, China",MO,MAC,2017,115.454662557842,,,0,18.3860611104044
"Macao SAR, China",MO,MAC,2018,116.568676845013,,,0,22.6052016974852
"Macao SAR, China",MO,MAC,2019,115.23129893555,,,0,19.277132468758
"Macao SAR, China",MO,MAC,2020,123.43437444297,,,0,17.9232048667689
"Macao SAR, China",MO,MAC,2021,171.31597082054,,,,24.0730271281974
"Macao SAR, China",MO,MAC,2022,170.368049338506,,,0,21.6225375889091
"Macao SAR, China",MO,MAC,2023,145.874467252327,,,0,19.8622104081638
"Macao SAR, China",MO,MAC,2024,142.07943455076,,,,32.8331615369533
"Macao SAR, China",MO,MAC,2025,139.140512869582,,,,
Madagascar,MG,MDG,2002,50.1816919379298,5.0934,7.99474632940757,1.95967332286693,1.37329736562457
Madagascar,MG,MDG,2003,34.030602917475,3.1405,8.31942526816063,4.28006818205514,1.41185429792336
Madagascar,MG,MDG,2004,48.7753818852156,1.9812,13.1649585735225,1.78555239202322,2.49119521107705
Madagascar,MG,MDG,2005,59.1300849357677,2.8036,13.6518178836977,1.05388767197136,3.93978695499798
Madagascar,MG,MDG,2006,62.1028389370244,14.4483,38.1916091358978,5.51020605465603,3.60694833869441
Madagascar,MG,MDG,2007,66.7027353570049,34.2661,36.3027137951431,7.22250240687378,3.31374246344962
Madagascar,MG,MDG,2008,74.357353960806,24.1949,38.7795962824066,5.84769983081265,2.99429861711979
Madagascar,MG,MDG,2009,62.4116975958196,22.7852,34.4966645421389,4.51286687984066,2.82139609258415
Madagascar,MG,MDG,2010,57.8748945101807,15.4032,37.118325144629,5.90511790300301,8.407930499621
Madagascar,MG,MDG,2011,56.4830925951893,15.0095,39.5676987497473,6.39082701978839,9.62871472992812
Madagascar,MG,MDG,2012,52.6517140811255,15.6446,35.1702533621386,6.85539091439205,19.1029482349438
Madagascar,MG,MDG,2013,56.3675817900932,11.7338,26.3943251001083,4.4367725808305,29.9469137490599
Madagascar,MG,MDG,2014,61.9694322111234,9.6406,26.111352617511,3.75711607521926,35.8201508250248
Madagascar,MG,MDG,2015,61.2203788365078,6.7809,27.6611796721879,2.97134413180539,33.9889516567676
Madagascar,MG,MDG,2016,60.8346984831423,6.8678,39.7637876951396,2.55520071174556,24.9275155512368
Madagascar,MG,MDG,2017,65.3434015072915,5.2318,47.3017813033826,1.83435774159362,23.3050125115698
Madagascar,MG,MDG,2018,67.8415046683582,7.2756,46.7616236484279,2.32534103909142,25.0397521272223
Madagascar,MG,MDG,2019,62.6013230457128,6.9544,41.8599371205685,2.9314013074363,27.0785964227918
Madagascar,MG,MDG,2020,49.0107073650291,5.6392,40.9127962327259,1.7001839819329,17.5126752610862
Madagascar,MG,MDG,2021,55.2158585927485,4.3029,43.6790686321069,1.17584586276708,31.3612347027315
Madagascar,MG,MDG,2022,70.4708546790091,3.0262,36.3904955127937,2.24692128137179,38.6910739823686
Madagascar,MG,MDG,2023,62.7622147594312,1.9979,40.9361875163185,2.33410330754239,39.3062064198727
Madagascar,MG,MDG,2024,57.5370213293734,1.5271,41.85063947352,2.55012561538512,32.8646357716195
Madagascar,MG,MDG,2025,54.2413796011714,,,,
Malawi,MW,MWI,2002,,4.1673,5.71799987396084,0.0177546819487274,0.269744707847486
Malawi,MW,MWI,2003,,1.8535,4.0946585892019,0.113642390702768,0.103044705457276
Malawi,MW,MWI,2004,,1.1124,3.88178487672658,0.299259342979992,0.321710246678735
Malawi,MW,MWI,2005,,1.3504,5.16994161628928,0.0204440152807278,0.195519483895518
Malawi,MW,MWI,2006,,8.0404,16.3029193416539,0.147388673915268,0.103519814903851
Malawi,MW,MWI,2007,,7.0199,26.1597608648988,0.0380878763509734,0.0158415905432311
Malawi,MW,MWI,2008,,8.4441,25.5243434483876,0.0272527561129214,0.0211694043715299
Malawi,MW,MWI,2009,,5.8543,14.2668194014776,0.113743766090584,0.787664435165699
Malawi,MW,MWI,2010,,4.2124,31.8727218660653,0.194092632314477,9.78759288872105
Malawi,MW,MWI,2011,,3.1313,17.8835794565902,0.0985652602278643,8.81717154535936
Malawi,MW,MWI,2012,,1.6135,18.3682388432475,0.0920461716617677,10.9638195846174
Malawi,MW,MWI,2013,,1.3437,27.4207310045394,0.0365527439299261,11.3740204477911
Malawi,MW,MWI,2014,,1.2954,37.0956260203114,0.042371121340196,3.01877107061923
Malawi,MW,MWI,2015,,0.7356,39.5689224395441,0.104381619365554,0.177886221046924
Malawi,MW,MWI,2016,,2.3821,33.0491029747068,0.0979420401476056,1.03700262392103
Malawi,MW,MWI,2017,45.3003137160008,2.4829,35.5346706983706,0.186801735338877,0.229142663268431
Malawi,MW,MWI,2018,43.578773489,1.1211,33.8151640446414,0.0658028178635877,0.520621161876729
Malawi,MW,MWI,2019,44.1954524635798,2.8133,34.8864598143722,0.151161717691401,0.352027471896745
Malawi,MW,MWI,2020,41.0323429397328,6.0251,20.0728170102111,0.155298013539324,0.553708230618883
Malawi,MW,MWI,2021,44.5957618170542,4.5344,,0.0231170831782384,1.01525000176507
Malawi,MW,MWI,2022,43.616624856781,2.7166,,0.00474239695206218,1.27210127418756
Malawi,MW,MWI,2023,42.4376683990967,0.3818,,1.45544242795096e-4,1.20089218272746
Malawi,MW,MWI,2024,41.9038196485235,2.0144,,0.00487544410740339,0.849897159593092
Malawi,MW,MWI,2025,39.3994694717291,,,,
Malaysia,MY,MYS,2002,199.356232695655,,,8.39065728551289,0.934102942850581
Malaysia,MY,MYS,2003,194.195129056831,,,10.0750778982487,0.87114324922253
Malaysia,MY,MYS,2004,210.374265897124,,,11.5989903056011,1.10960259462128
Malaysia,MY,MYS,2005,203.854644595624,,,13.4060044181637,1.12341466163758
Malaysia,MY,MYS,2006,202.577146840398,,,13.7316107502249,1.33413613927732
Malaysia,MY,MYS,2007,192.465506357652,,,14.3947328217767,1.58482886498104
Malaysia,MY,MYS,2008,176.668324785148,,,18.3497201239377,1.78781000240496
Malaysia,MY,MYS,2009,162.558970452699,,,14.7636800620585,1.53300434287036
Malaysia,MY,MYS,2010,157.944764886771,,,15.8464170995942,1.95008385089786
Malaysia,MY,MYS,2011,154.937684607226,,,17.7387093045849,2.47740028216928
Malaysia,MY,MYS,2012,147.841754766013,,,20.4071462425974,2.32139853223928
Malaysia,MY,MYS,2013,142.720991464873,,,22.272387421079,3.29270010178921
Malaysia,MY,MYS,2014,138.312231176843,,,22.0894873095308,2.8776981536232
Malaysia,MY,MYS,2015,131.37007244526,,,16.4637462888258,3.92523548375553
Malaysia,MY,MYS,2016,126.8990100257,,,14.0025952445656,3.8542428518838
Malaysia,MY,MYS,2017,133.155173371956,,,15.4036825994082,3.94778108538485
Malaysia,MY,MYS,2018,130.402625502126,,,15.6707664196549,4.26651904642306
Malaysia,MY,MYS,2019,123.028562027943,,,14.4392776477319,3.86055942973732
Malaysia,MY,MYS,2020,116.788182437638,,,11.3856806445869,3.50293974590154
Malaysia,MY,MYS,2021,134.035994690727,,,12.447410329578,4.71802600814694
Malaysia,MY,MYS,2022,146.424604753908,,,17.0810793062688,3.94576691783134
Malaysia,MY,MYS,2023,132.593461641599,,,16.512163379367,3.79046184791075
Malaysia,MY,MYS,2024,137.362571161559,,,14.4033158188559,3.6968299912749
Malaysia,MY,MYS,2025,136.39642032295,,,11.1592255377572,3.78593904372909
Maldives,MV,MDV,2002,,17.4172,49.3415964295099,,0.103885651496678
Maldives,MV,MDV,2003,,11.6072,54.4489978869429,,0.29104663725494
Maldives,MV,MDV,2004,,9.5454,59.9409567967105,0,0.438255966467697
Maldives,MV,MDV,2005,,15.5215,51.4426586870194,0,1.0353240813359
Maldives,MV,MDV,2006,,17.7092,41.831553356693,,0.986242901979943
Maldives,MV,MDV,2007,,16.8426,39.9564775832348,,1.97342939951438
Maldives,MV,MDV,2008,,40.4624,20.9778520543893,0.0127117497924993,1.55282376608304
Maldives,MV,MDV,2009,,43.6324,18.8737224967609,0.0723389608650904,2.26226896637579
Maldives,MV,MDV,2010,,15.6508,38.317699161806,0.0232160593731683,3.77091092852297
Maldives,MV,MDV,2011,,15.4425,38.028843929504,0.0454484866151526,2.83649657745698
Maldives,MV,MDV,2012,,10.4361,32.4272488516392,0.0343073532681685,1.70076183820882
Maldives,MV,MDV,2013,,8.101,35.9487175225745,0.0463037212773749,1.52378449038064
Maldives,MV,MDV,2014,165.97925116043,12.9869,55.8245020179631,0.0466777384759983,2.02877491193347
Maldives,MV,MDV,2015,143.720506661302,15.4344,56.1626103398814,0.0254986476186502,2.03404186677901
Maldives,MV,MDV,2016,144.380212278942,11.3124,41.0825994060119,0.00895963179760215,1.09072108953478
Maldives,MV,MDV,2017,141.912110574952,7.5817,40.0778695306657,0.0014758312886858,1.32164504382369
Maldives,MV,MDV,2018,142.491128546618,10.2142,30.6805999070867,0.0144801040854888,1.4349776544841
Maldives,MV,MDV,2019,137.125230875185,12.4793,28.1700675725117,0.0463733052783601,2.12940975313823
Maldives,MV,MDV,2020,114.361902904327,11.1709,26.9009352448481,0.0176015951474777,2.13595952883617
Maldives,MV,MDV,2021,142.607296696261,11.8376,19.6563989089578,0.0597032520931897,4.14323926353735
Maldives,MV,MDV,2022,162.243432933656,11.2987,20.8398612839181,0.143887093054331,3.72371466010848
Maldives,MV,MDV,2023,149.349976177434,2.462,14.763911806180401,0.158725024282173,3.07190390093365
Maldives,MV,MDV,2024,156.473955741011,3.4057,14.3610285027953,0.10188003814864,4.2867360199549696
Maldives,MV,MDV,2025,,,,,
Mali,ML,MLI,2002,46.3529227420157,5.1818,,1.017796835267,0.0251505306969446
Mali,ML,MLI,2003,46.8915346664544,1.1581,,0.572565493254135,0.0325521722557949
Mali,ML,MLI,2004,44.0120986426998,1.542,,0.372089212769545,0.0545558717550678
Mali,ML,MLI,2005,44.9124085072514,0.8607,,0.558612748270356,0.0401062590165369
Mali,ML,MLI,2006,49.0190773451934,1.9095,,0.581808556013265,0.044677138936644
Mali,ML,MLI,2007,46.8977916237168,0.3463,,0.471951893295053,0.19335825731546
Mali,ML,MLI,2008,53.6430193085481,0.3174,,1.49126725513355,0.195917061532098
Mali,ML,MLI,2009,40.5413815808137,1.101,,,
Mali,ML,MLI,2010,48.8166953656891,0.2498,,0.00864582465838409,0.121403497186661
Mali,ML,MLI,2011,43.1814699134793,6.6456,,0.0326582678800252,0.756622607919208
Mali,ML,MLI,2012,49.4252356224725,1.2642,,0.086795332522121793,1.01744530332626
Mali,ML,MLI,2013,54.603243985999,2.0097,,,
Mali,ML,MLI,2014,51.0786821873053,1.6267,,,
Mali,ML,MLI,2015,53.5751760102265,2.1805,,,
Mali,ML,MLI,2016,53.6126193604252,2.0782,,0.0140747275186598,0.13851630766098
Mali,ML,MLI,2017,49.4919984941972,2.1191,,0.0217351376250624,0.355270255929781
Mali,ML,MLI,2018,50.6998462523276,2.3695,,1.22657222099501,0.190304416010658
Mali,ML,MLI,2019,53.9987132798636,1.9935,,0.731289909733974,0.15758018951255
Mali,ML,MLI,2020,56.0415474422019,1.2465,,0.470219345881592,0.273248645586813
Mali,ML,MLI,2021,56.7150525565465,1.3345,,0.626444628424313,0.735906326423798
Mali,ML,MLI,2022,61.5613274861987,0.8433,,0.442931031853676,0.465542416344314
Mali,ML,MLI,2023,57.6291572269296,1.0104,,1.57868932302188,0.734126231592023
Mali,ML,MLI,2024,49.7664846904175,0.649,,,
Mali,ML,MLI,2025,48.7722026619492,,,,
Malta,MT,MLT,2002,162.524076304792,,,0.0291609209400477,0.265965988689458
Malta,MT,MLT,2003,154.574162373723,,,0.0267497578529142,0.270556652480089
Malta,MT,MLT,2004,155.889918180937,,,3.20639228107414,0.327695056521099
Malta,MT,MLT,2005,157.548497906438,,,1.07958812749337,0.294107978510011
Malta,MT,MLT,2006,182.434054006847,,,1.33168820016767,0.382928925211947
Malta,MT,MLT,2007,184.831332722969,,,2.27499371281887,0.488217525161742
Malta,MT,MLT,2008,185.749523071551,,,2.12654589178083,0.513446403588841
Malta,MT,MLT,2009,163.556849698349,,,1.53748328082834,0.515916800611779
Malta,MT,MLT,2010,178.232954637612,,,25.5753710573871,0.477892592123463
Malta,MT,MLT,2011,192.02734125861,,,42.4802360914303,0.434535962441697
Malta,MT,MLT,2012,199.213864790311,,,45.0780056700361,0.374505775644427
Malta,MT,MLT,2013,187.432252396507,,,42.4419896280075,0.302521482475789
Malta,MT,MLT,2014,181.301126701735,,,43.0419496539175,0.309689181938792
Malta,MT,MLT,2015,207.196020605057,,,38.4493264489492,0.340715419409411
Malta,MT,MLT,2016,213.35947198583,,,25.3681683821948,0.243055106955339
Malta,MT,MLT,2017,213.047591305197,,,37.7911895860483,0.244516225241973
Malta,MT,MLT,2018,228.098551105175,,,31.0009793297692,0.318104826522463
Malta,MT,MLT,2019,233.070440941958,,,28.8435966465491,0.200423414426542
Malta,MT,MLT,2020,242.361190373928,,,3.15924987147968,0.350022332274339
Malta,MT,MLT,2021,220.072294790099,,,7.27457607208956,0.838589400866917
Malta,MT,MLT,2022,244.581535518883,,,4.92130098012205,1.17818066286719
Malta,MT,MLT,2023,221.133296375593,,,5.37807454562032,0.79359587623627
Malta,MT,MLT,2024,217.730272683658,,,10.0847170807725,0.677896282605602
Malta,MT,MLT,2025,219.014371043081,,,,
Marshall Islands,MH,MHL,2002,102.320551682328,,,,
Marshall Islands,MH,MHL,2003,117.024674269896,,,,
Marshall Islands,MH,MHL,2004,114.023100075245,,,,
Marshall Islands,MH,MHL,2005,124.701014492754,,,,
Marshall Islands,MH,MHL,2006,112.408519553073,,,,
Marshall Islands,MH,MHL,2007,114.527707641196,,,,
Marshall Islands,MH,MHL,2008,122.046793997271,,,,
Marshall Islands,MH,MHL,2009,128.862235449735,,,,
Marshall Islands,MH,MHL,2010,144.804965859714,,,,
Marshall Islands,MH,MHL,2011,153.240162507255,,,,
Marshall Islands,MH,MHL,2012,157.517100166021,,,,
Marshall Islands,MH,MHL,2013,161.91974248927,,,,
Marshall Islands,MH,MHL,2014,149.853494623656,,,,
Marshall Islands,MH,MHL,2015,138.489820359281,,,,
Marshall Islands,MH,MHL,2016,116.326362735382,,,,
Marshall Islands,MH,MHL,2017,125.145250350959,,,,
Marshall Islands,MH,MHL,2018,128.482272727273,,,,
Marshall Islands,MH,MHL,2019,153.007728638901,,,,
Marshall Islands,MH,MHL,2020,107.825971877585,,,,
Marshall Islands,MH,MHL,2021,120.056192355466,,,,
Marshall Islands,MH,MHL,2022,128.337974710453,,,,
Marshall Islands,MH,MHL,2023,118.181818181818,,,,
Marshall Islands,MH,MHL,2024,118.245614035088,,,,
Marshall Islands,MH,MHL,2025,115.909090909091,,,,
Mauritania,MR,MRT,2002,56.7855296001806,9.6859,3.31090398343602,,61.9119267419632
Mauritania,MR,MRT,2003,55.3180243332438,7.5768,1.37239206300779,,57.9052255149375
Mauritania,MR,MRT,2004,75.2188046787959,7.0569,1.68571591695,,59.8267494727192
Mauritania,MR,MRT,2005,88.2350995596491,7.37,3.0843377309456,,68.5813777817114
Mauritania,MR,MRT,2006,82.7885012130323,14.7261,12.4666201243683,,
Mauritania,MR,MRT,2007,86.0640556779132,42.9232,8.07507589707441,25.0244060870066,53.8583464092032
Mauritania,MR,MRT,2008,94.1202110004251,40.3153,6.96726413345285,20.0629304074443,55.4904530517892
Mauritania,MR,MRT,2009,82.0086176018151,33.1049,7.57039415358967,15.7158937808407,11.3512173171589
Mauritania,MR,MRT,2010,93.4207451334608,30.5273,8.09372148959162,14.4296063553899,35.3547808620966
Mauritania,MR,MRT,2011,98.485329604158,26.6945,13.4204849202352,4.38706517156351,7.61434261921362
Mauritania,MR,MRT,2012,110.788122743421,24.4202,22.6454432152982,13.153296159352,51.2249230139277
Mauritania,MR,MRT,2013,102.398824183169,23.2118,22.0654365717909,2.54249598571643,64.2633912019786
Mauritania,MR,MRT,2014,91.610371363604,22.6291,14.0213256637451,2.78774056131248,50.5502707437565
Mauritania,MR,MRT,2015,77.3467864944966,21.7451,16.466813550226,4.36087402426154,40.9750242282128
Mauritania,MR,MRT,2016,73.1532616736712,20.373,16.7013559813337,,42.4373225770653
Mauritania,MR,MRT,2017,78.8149801833884,19.8348,16.6726937282476,,41.0389802400417
Mauritania,MR,MRT,2018,89.1467294935148,20.1453,17.8853496133464,,35.9743053189711
Mauritania,MR,MRT,2019,93.4866941351317,20.1221,19.1163335771422,,48.4936351346802
Mauritania,MR,MRT,2020,86.7761681322741,18.9128,26.2651150319926,0.336546338455087,42.4009407093743
Mauritania,MR,MRT,2021,88.3068737571235,3.7678,42.5960674302831,0.314621738979646,62.9785687040529
Mauritania,MR,MRT,2022,102.025899125696,4.5272,,0.623249770541956,39.470645411406
Mauritania,MR,MRT,2023,92.1654445146742,5.6284,,0.479637265150761,38.0527188819004
Mauritania,MR,MRT,2024,93.5988355881472,4.7834,,0.520317315307166,33.7483319050619
Mauritania,MR,MRT,2025,94.0242632380265,,,,
Mauritius,MU,MUS,2002,118.230470380251,0,61.1258052137645,0.0401835330744191,0.215656410297194
Mauritius,MU,MUS,2003,108.655579313428,0,49.6988327819496,0.0401834991377736,0.215656475142303
Mauritius,MU,MUS,2004,107.027698267505,0,49.0463624917208,0.0849911900389667,0.362424391879673
Mauritius,MU,MUS,2005,121.608743996836,0,37.7679699086529,6.52755918896807e-4,0.462901773398235
Mauritius,MU,MUS,2006,124.782280192468,0,37.3511008874173,0.0939486512849547,0.781936099464793
Mauritius,MU,MUS,2007,118.623600490745,0,32.2876988689189,0.131813370424682,0.727020678284967
Mauritius,MU,MUS,2008,113.493057748566,0,27.569686844102,0.028596488416849,0.849435362047844
Mauritius,MU,MUS,2009,102.458365840232,17.7927,31.6379932748081,0.0257222239793185,0.651406016254335
Mauritius,MU,MUS,2010,111.508202075575,18.7344,33.0271895992792,4.90474417017497e-4,0.355998519905526
Mauritius,MU,MUS,2011,115.552473002804,17.476,28.2006042253307,1.41832407252276e-4,0.725063019175926
Mauritius,MU,MUS,2012,117.447639083027,27.2953,28.5464486480285,1.61439325038509e-4,0.866348554664539
Mauritius,MU,MUS,2013,136.552117959236,23.4222,28.1702464906786,5.38922695063748e-4,0.655070066127879
Mauritius,MU,MUS,2014,135.099064765426,41.887,30.7301788329138,8.9030997636197e-4,0.598448366342473
Mauritius,MU,MUS,2015,133.135069083677,46.1233,41.3470989977923,5.07291574020001e-4,0.444337519393904
Mauritius,MU,MUS,2016,126.310008998042,44.3005,47.5093918036789,3.69375190893628e-4,0.324032041173332
Mauritius,MU,MUS,2017,126.964059884888,49.3019,56.2989175390223,1.55680273942026,0.373356537430083
Mauritius,MU,MUS,2018,123.538984386544,43.2178,56.5518328954857,1.10012600197178,0.665568678139165
Mauritius,MU,MUS,2019,127.940899064133,46.2098,59.5616412953229,0.934537095576486,1.02397400870357
Mauritius,MU,MUS,2020,121.12522550435,50.5306,58.7881955183512,0.290320929028787,2.1325117880145
Mauritius,MU,MUS,2021,135.19300461461,50.4005,58.2482275375778,2.86817521553408e-4,3.60745133316616
Mauritius,MU,MUS,2022,147.663795034012,47.2364,44.1449408264985,0.00265203187452514,3.71676048721141
Mauritius,MU,MUS,2023,147.321392128852,49.4989,37.9882130463143,0.0019451184109659,2.71357901381266
Mauritius,MU,MUS,2024,145.419812647383,54.7797,41.769963787588,6.27714235244367e-4,2.28264807314074
Mauritius,MU,MUS,2025,139.942681072644,,,,
Mexico,MX,MEX,2002,45.209829259652,12.3595,26.1919940934678,8.89924432899715,1.15409992527956
Mexico,MX,MEX,2003,48.7004168690455,11.4844,29.622851273624,11.2326729646685,1.2113452610816
Mexico,MX,MEX,2004,52.0406200335632,9.6705,30.566387526659,12.3851888996988,1.63807528761798
Mexico,MX,MEX,2005,52.5626446570451,10.173400000000001,33.960146246773,14.8856175708843,1.82472689148914
Mexico,MX,MEX,2006,54.4821160886169,11.837,34.4090920413741,15.4567464150127,2.37000075410409
Mexico,MX,MEX,2007,55.2585243990368,10.9163,34.7927248996609,15.6710828967322,2.73047590101559
Mexico,MX,MEX,2008,56.3652818731773,9.7398,38.3901856152129,17.2231627311777,2.6338838036573
Mexico,MX,MEX,2009,54.5917421356323,10.1996,39.8684748231228,13.2781279220113,2.48075392025362
Mexico,MX,MEX,2010,59.2733845336286,13.7866,38.6068497465963,13.768244466265,2.92419977770177
Mexico,MX,MEX,2011,62.1623872764498,14.9088,42.425464739971,15.9452394736811,3.89167761244504
Mexico,MX,MEX,2012,64.2579318938989,17.5352,38.5867404753934,14.0716102135622,3.71577528064262
Mexico,MX,MEX,2013,62.6916747661852,18.3505,35.7443636882873,12.8121829522689,3.04389770048601
Mexico,MX,MEX,2014,64.0984090315875,14.9737,35.95984773988,10.4122287602677,2.28162965878083
Mexico,MX,MEX,2015,70.4129746799259,12.0355,33.0095938802976,5.89078579129835,1.99392018198418
Mexico,MX,MEX,2016,75.6903034088551,8.6253,32.6681539321188,4.82276713809655,2.16352470294929
Mexico,MX,MEX,2017,76.95212604414,7.5851,30.3245792441935,5.50774530391262,2.23108008587638
Mexico,MX,MEX,2018,80.212661650262,9.3248,29.3006765593397,6.5678211804808,2.31464690168355
Mexico,MX,MEX,2019,77.4619722509459,8.9816,29.6471125817889,5.32160515060597,2.22337036962658
Mexico,MX,MEX,2020,76.8545557151738,7.5204,32.2804579375209,3.84267437174223,2.85135208518446
Mexico,MX,MEX,2021,83.0692976264524,7.821,34.5485089715367,5.5701378045074,2.49514955203276
Mexico,MX,MEX,2022,88.7984855897261,9.348,34.3287067517141,6.4977788316006,2.12395342069418
Mexico,MX,MEX,2023,73.7390758255664,10.1036,35.9603364379935,5.44687500653683,2.05900174904773
Mexico,MX,MEX,2024,75.4259015415068,10.3465,39.2445530230964,4.49492353677104,2.07437256506146
Mexico,MX,MEX,2025,79.9239525815655,,,2.99248712882047,2.35532371656973
"Micronesia, Fed. Sts.",FM,FSM,2002,91.7298782306905,,,,0.0865723285421946
"Micronesia, Fed. Sts.",FM,FSM,2003,96.7006004152731,,,,0.00933739176658454
"Micronesia, Fed. Sts.",FM,FSM,2004,95.5259467576583,,,,0.00881978809084367
"Micronesia, Fed. Sts.",FM,FSM,2005,93.9271255060729,,,,0.00610731233203447
"Micronesia, Fed. Sts.",FM,FSM,2006,96.8,,,,0.0994806183713445
"Micronesia, Fed. Sts.",FM,FSM,2007,100.395256916996,,,,0.104159203045898
"Micronesia, Fed. Sts.",FM,FSM,2008,109.961685823755,,,,0.0745408223063434
"Micronesia, Fed. Sts.",FM,FSM,2009,110.108303249097,,,,0.0699183579798093
"Micronesia, Fed. Sts.",FM,FSM,2010,107.534246575342,,,,0.0461107059779969
"Micronesia, Fed. Sts.",FM,FSM,2011,108.116883116883,,,,0.0403610067217837
"Micronesia, Fed. Sts.",FM,FSM,2012,112.654320987654,,,,0.0174361883631739
"Micronesia, Fed. Sts.",FM,FSM,2013,114.331210191083,,,,0.0500191137746941
"Micronesia, Fed. Sts.",FM,FSM,2014,106.645569620253,,,,
"Micronesia, Fed. Sts.",FM,FSM,2015,106.410256410256,,,,
"Micronesia, Fed. Sts.",FM,FSM,2016,100.611620795107,,,,
"Micronesia, Fed. Sts.",FM,FSM,2017,102.216066481994,,,,
"Micronesia, Fed. Sts.",FM,FSM,2018,105.837563451777,,,,
"Micronesia, Fed. Sts.",FM,FSM,2019,106.582278481013,,,,
"Micronesia, Fed. Sts.",FM,FSM,2020,93.858263831289,,,,
"Micronesia, Fed. Sts.",FM,FSM,2021,90.3979270784948,,,,
"Micronesia, Fed. Sts.",FM,FSM,2022,104.760485019371,,,,
"Micronesia, Fed. Sts.",FM,FSM,2023,95.2648407722683,,,,
"Micronesia, Fed. Sts.",FM,FSM,2024,96.4413755948864,,,,
"Micronesia, Fed. Sts.",FM,FSM,2025,93.0654112335332,,,,
Moldova,MD,MDA,2002,129.839525501535,24.8674,13.6836236163033,0.0237840533804297,2.24992159753649
Moldova,MD,MDA,2003,140.056529925052,25.553,14.2813883606869,0.595899462731542,2.80388501473551
Moldova,MD,MDA,2004,132.69906968032,28.0113,22.2441494709056,1.60356015061864,2.33510790735056
Moldova,MD,MDA,2005,143.023568469138,32.3335,26.9205541502462,0.193435475448262,3.01805200925169
Moldova,MD,MDA,2006,137.154763819994,32.1168,29.5746666710747,0.324050217151906,4.98885136775403
Moldova,MD,MDA,2007,142.720539023021,32.0616,39.6307300108626,0.238023798249035,8.85054915139805
Moldova,MD,MDA,2008,134.4216013477,36.4597,44.9034124114453,0.284927103422403,8.0099261849396
Moldova,MD,MDA,2009,110.363326850495,36.7577,39.8443359380021,0.353821508158087,2.08751047533606
Moldova,MD,MDA,2010,87.9378518951573,31.1305,36.3551689883271,0.335665843311511,4.08749205259118
Moldova,MD,MDA,2011,98.6175965326556,31.7317,37.6720491660886,0.68502128700707,5.95287591100589
Moldova,MD,MDA,2012,96.3064098336294,24.4223,47.2735860175264,0.310258427322649,3.34348156038613
Moldova,MD,MDA,2013,95.6872968332383,29.4724,45.4642129520283,0.19312870034219,4.10880002281716
Moldova,MD,MDA,2014,94.2282919690928,25.215,36.8591289307132,0.253826139073276,2.31089245704511
Moldova,MD,MDA,2015,88.9664154565323,19.8843,28.8248424830368,0.132510817158309,1.72711456511776
Moldova,MD,MDA,2016,89.0046837188671,21.4053,35.4765241499818,0.0593215893309068,1.26264239762192
Moldova,MD,MDA,2017,88.6233902754378,23.6711,40.2312797550398,0.0589373532158867,1.42442037974781
Moldova,MD,MDA,2018,87.4467874275648,25.5969,41.1105192282937,0.0472646433145928,1.35269523704838
Moldova,MD,MDA,2019,87.6322371148906,24.1772,41.8481850835131,0.0159962974276266,1.16483916128771
Moldova,MD,MDA,2020,79.265722119158,25.1139,47.6019385247358,0.0658157051824005,1.75455207746927
Moldova,MD,MDA,2021,88.4708865399267,25.919,43.0316046101033,0.084563556459401,3.80559688805376
Moldova,MD,MDA,2022,112.117671579766,25.102,45.8795086384143,0.838479793482883,2.49722737438562
Moldova,MD,MDA,2023,93.9946211488052,26.4749,51.1420167690404,1.63810410209545,1.90626156763818
Moldova,MD,MDA,2024,88.8924378793564,21.2992,52.2681609243914,2.38321762869108,2.30971292114317
Moldova,MD,MDA,2025,92.6661727857921,,,,
Monaco,MC,MCO,2002,,,,,
Monaco,MC,MCO,2003,,,,,
Monaco,MC,MCO,2004,,,,,
Monaco,MC,MCO,2005,,,,,
Monaco,MC,MCO,2006,,,,,
Monaco,MC,MCO,2007,,,,,
Monaco,MC,MCO,2008,,,,,
Monaco,MC,MCO,2009,,,,,
Monaco,MC,MCO,2010,,,,,
Monaco,MC,MCO,2011,,,,,
Monaco,MC,MCO,2012,,,,,
Monaco,MC,MCO,2013,,,,,
Monaco,MC,MCO,2014,,,,,
Monaco,MC,MCO,2015,,,,,
Monaco,MC,MCO,2016,,,,,
Monaco,MC,MCO,2017,,,,,
Monaco,MC,MCO,2018,,,,,
Monaco,MC,MCO,2019,,,,,
Monaco,MC,MCO,2020,,,,,
Monaco,MC,MCO,2021,,,,,
Monaco,MC,MCO,2022,,,,,
Monaco,MC,MCO,2023,,,,,
Monaco,MC,MCO,2024,,,,,
Monaco,MC,MCO,2025,,,,,
Mongolia,MN,MNG,2002,118.517253113943,4.0135,24.2564176295945,0.714758877370137,35.968627173726
Mongolia,MN,MNG,2003,120.299393514881,18.4624,13.1777657052566,2.25359678877231,33.2836542198608
Mongolia,MN,MNG,2004,131.329318233554,10.4793,13.0416712736563,2.99444650595482,39.8719187634697
Mongolia,MN,MNG,2005,122.381459889773,1.7903,23.8583455811971,3.77821429287134,39.8484073517289
Mongolia,MN,MNG,2006,112.929983096983,1.7928,48.154587470225,4.56321775978835,54.7060161699379
Mongolia,MN,MNG,2007,117.880426425377,3.3319,57.4528702188576,9.01491232499679,61.1985671211292
Mongolia,MN,MNG,2008,121.198013401183,3.1855,30.0459787524801,,
Mongolia,MN,MNG,2009,107.813757166177,8.3064,44.4148375951545,,
Mongolia,MN,MNG,2010,103.350031656557,6.1652,38.5903351383647,,
Mongolia,MN,MNG,2011,126.999228633482,6.0571,25.4201516388397,,
Mongolia,MN,MNG,2012,109.588564338415,5.6821,25.97521080138,,
Mongolia,MN,MNG,2013,100.311989662943,7.7526,11.1480106309764,38.6504020917416,43.6262686220198
Mongolia,MN,MNG,2014,109.322311877187,10.4755,7.28897122523014,25.9095084252338,57.8127429502267
Mongolia,MN,MNG,2015,89.653663477814,10.0974,5.4837163323089,20.6125684700568,61.0710138062835
Mongolia,MN,MNG,2016,101.055237224997,9.7993,4.93598409437114,26.7728424510213,45.8214514736479
Mongolia,MN,MNG,2017,115.932901867963,10.6355,10.1448658964212,42.8047609310714,38.5693760214141
Mongolia,MN,MNG,2018,126.355873241513,9.861,11.2276379251802,45.785866315202,42.0160927024391
Mongolia,MN,MNG,2019,124.396514621165,8.6739,13.1013054821677,45.7377501391482,38.882707655427
Mongolia,MN,MNG,2020,112.838647629317,3.9256,13.927791197072,30.1134721065071,40.085425006193
Mongolia,MN,MNG,2021,119.098078437771,4.0517,12.5280221521305,33.0756927527797,49.359351617341
Mongolia,MN,MNG,2022,136.327929944516,5.6888,10.0840987929418,53.8808530762002,30.9025030911564
Mongolia,MN,MNG,2023,142.864246599181,5.46,14.0285814424811,61.1123302589933,26.2663019687269
Mongolia,MN,MNG,2024,138.448379141249,6.1765,14.4882675141026,,
Mongolia,MN,MNG,2025,130.707440813275,,,,
Montenegro,ME,MNE,2002,95.2294000160253,,,,
Montenegro,ME,MNE,2003,77.5983890107329,,,,
Montenegro,ME,MNE,2004,100.109654967142,,,,
Montenegro,ME,MNE,2005,104.625139256659,,,,
Montenegro,ME,MNE,2006,118.177129375183,0,,0.92548123185062,67.5652170808233
Montenegro,ME,MNE,2007,128.844214152476,31.1696,53.0144515300064,1.99543215701857,68.3021237581418
Montenegro,ME,MNE,2008,132.48054069386,40.0772,29.0040951447286,3.96298508922763,62.1106195693911
Montenegro,ME,MNE,2009,99.8255760432413,51.2157,24.2972719474735,3.56507572855157,52.2114432308468
Montenegro,ME,MNE,2010,98.8684992495822,4.1306,12.3508342181353,10.7555335190838,49.9867649311587
Montenegro,ME,MNE,2011,106.752728264703,8.2358,7.10804362612921,14.982587258449,52.9193977737204
Montenegro,ME,MNE,2012,108.779987603414,8.7112,7.42666092962055,13.8295391998569,44.1278838060498
Montenegro,ME,MNE,2013,103.785966371179,6.9847,7.90758663665168,29.0084899472738,30.8965152222355
Montenegro,ME,MNE,2014,100.438431458711,4.1894,9.80209911394032,14.5401879138033,31.9676096020072
Montenegro,ME,MNE,2015,104.12510886943,3.6489,10.2161076267572,14.8138663452101,31.3732474514126
Montenegro,ME,MNE,2016,104.135954584294,2.7756,12.64351489312,16.0949312242881,31.9442552043276
Montenegro,ME,MNE,2017,106.711366689116,3.3927,13.931828199496,12.379382961741,37.7613784966757
Montenegro,ME,MNE,2018,111.098935509174,2.6596,14.831006033554,20.8065874914252,31.2139381270913
Montenegro,ME,MNE,2019,110.0161238696,3.3588,18.1208751010932,21.409146823304,27.9162126056811
Montenegro,ME,MNE,2020,87.8612027134909,3.9065,20.2861971926128,16.6484633068611,29.1019535342757
Montenegro,ME,MNE,2021,105.719249175045,4.8114,20.5612705844941,18.5244981131668,32.6450902392881
Montenegro,ME,MNE,2022,125.455937754994,2.4023,23.1743550725943,29.9739700654918,30.7491925119269
Montenegro,ME,MNE,2023,116.806669538329,1.9705,18.1611252446352,36.6525202900443,16.4553023665982
Montenegro,ME,MNE,2024,109.944104480975,2.6907,19.9224930270522,25.2784229867546,16.4157801794885
Montenegro,ME,MNE,2025,105.773801433894,,,,
Morocco,MA,MAR,2002,54.31012791421,9.3863,57.1942536380491,3.66191427532414,8.16544858736886
Morocco,MA,MAR,2003,52.3318582669923,6.8153,76.9464895823585,2.61513516503521,7.06029662997887
Morocco,MA,MAR,2004,55.5516384744536,1.0434,97.1617457277258,4.49350581169632,8.19270869376801
Morocco,MA,MAR,2005,61.4938276863235,4.171,101.221382258645,5.0537343655877,8.73465911920544
Morocco,MA,MAR,2006,64.6721977787154,9.5948,115.175922516079,3.76178277627632,9.30186827180076
Morocco,MA,MAR,2007,71.3496467796657,9.228,118.842275088955,3.71752760896919,10.2574168739394
Morocco,MA,MAR,2008,77.8344716425602,7.7431,107.861032429655,4.18663978615364,15.4520646395586
Morocco,MA,MAR,2009,62.3709560152269,8.9184,95.0953027848137,3.58160008168939,8.36651286024193
Morocco,MA,MAR,2010,69.541979610144,10.045,86.6955009988499,3.31051983251718,11.5598510305131
Morocco,MA,MAR,2011,76.8258714906247,12.7825,67.1875150880496,4.34145432822333,13.1676881924562
Morocco,MA,MAR,2012,78.2221018956072,12.284,50.517667221372,5.76450248609948,12.0817038190653
Morocco,MA,MAR,2013,73.8577565315318,13.5702,47.6728162152023,7.21783053567622,9.08869186543583
Morocco,MA,MAR,2014,71.8935667539398,17.5521,46.775568114858,5.06512046366423,7.83879227001786
Morocco,MA,MAR,2015,67.2886759253849,15.3886,50.9789823769765,1.93131182632741,8.16155226057383
Morocco,MA,MAR,2016,71.1226603816864,18.6544,52.4681200089982,0.851631730088442,6.41215376931413
Morocco,MA,MAR,2017,74.1733578786573,14.4241,50.9940765996368,0.915717103285065,7.03658640570464
Morocco,MA,MAR,2018,77.2548875243989,14.6896,48.259788061806,1.16507270206512,6.17363219492484
Morocco,MA,MAR,2019,75.9981158798422,15.7299,47.7805660826586,1.5096725010458,5.43234682174159
Morocco,MA,MAR,2020,68.8438033904364,12.341,54.5337471997537,0.515055497762877,5.49442002494985
Morocco,MA,MAR,2021,75.5234171756506,13.8209,54.2696049329314,0.690786590320233,5.89803620420549
Morocco,MA,MAR,2022,100.906310201651,15.3153,49.7357998964729,1.00965161630831,5.85006591806819
Morocco,MA,MAR,2023,93.1178844179777,14.5906,52.1708206825416,1.21428847268287,4.40788917871175
Morocco,MA,MAR,2024,92.1872446062404,11.0366,54.6135499359302,0.759031246462188,3.15160489702946
Morocco,MA,MAR,2025,93.1016567989424,,,,
Mozambique,MZ,MOZ,2002,73.309162757423,8.4913,16.190952764269,13.3385853092917,45.0710523770754
Mozambique,MZ,MOZ,2003,70.1683599479183,7.8717,17.5365301195872,13.0197593239368,54.8763997123292
Mozambique,MZ,MOZ,2004,72.0520001612374,13.0988,19.3590661440903,12.4214437884527,61.5258863677345
Mozambique,MZ,MOZ,2005,72.0092609780982,11.6705,18.0229920753126,14.9128661991674,59.4119247777805
Mozambique,MZ,MOZ,2006,67.3498976872689,11.7377,24.7199686932108,14.6620455439789,59.89562468604
Mozambique,MZ,MOZ,2007,66.1203821840516,9.0782,26.8270251264371,15.4818802550736,63.9600174907897
Mozambique,MZ,MOZ,2008,64.981416499828,9.1148,26.0797841137184,10.8435592127921,57.1767016900715
Mozambique,MZ,MOZ,2009,67.898572768141,8.0381,27.5710997852061,17.4275034733367,3.89577007455685
Mozambique,MZ,MOZ,2010,73.8373532681892,5.4328,20.1684538808784,19.6535941900502,54.4350322992141
Mozambique,MZ,MOZ,2011,84.4062119333019,2.2489,19.2434110128692,16.2781018823468,50.6164892492421
Mozambique,MZ,MOZ,2012,105.934588060511,1.8988,14.9669235857298,27.8069556417501,38.9540091086089
Mozambique,MZ,MOZ,2013,109.38537659913,2.5889,11.5721008393731,33.4629142605243,31.0274419767266
Mozambique,MZ,MOZ,2014,116.356855242217,1.6105,9.31635080828559,30.0376104079026,34.424834860925
Mozambique,MZ,MOZ,2015,98.7612036510901,2.6217,6.715252281864,31.0071856421793,38.1666974909423
Mozambique,MZ,MOZ,2016,110.394358201481,2.0167,4.71570646184642,27.8780163383368,32.537015600755
Mozambique,MZ,MOZ,2017,105.745640702087,3.1808,7.18728867176433,51.1579324800007,30.2596151140669
Mozambique,MZ,MOZ,2018,124.607457525372,3.4122,6.10974752335492,39.4919610313499,27.2619529507557
Mozambique,MZ,MOZ,2019,105.591171401921,3.8448,7.00398240753184,41.7750444782821,30.5783345210747
Mozambique,MZ,MOZ,2020,99.906146051979,4.006,6.75971794054006,36.8617331036982,34.9241235099286
Mozambique,MZ,MOZ,2021,112.078964458333,3.9977,5.86850349468397,41.1381955498654,34.7879108669746
Mozambique,MZ,MOZ,2022,135.274535098995,2.3487,4.43318049163302,50.7186898345651,30.4675661590987
Mozambique,MZ,MOZ,2023,106.026083626657,2.0913,5.35358010362426,57.6135156555006,23.2868932752681
Mozambique,MZ,MOZ,2024,95.6303976635291,1.7369,5.50818681520143,58.9003236000415,23.2777710502032
Mozambique,MZ,MOZ,2025,97.1038097628682,,,,
Myanmar,MM,MMR,2002,,9.5981,8.19032369701652,,
Myanmar,MM,MMR,2003,,10.4243,8.6974599853422,,
Myanmar,MM,MMR,2004,,11.0055,10.0371351182624,,
Myanmar,MM,MMR,2005,,10.9805,12.3912988271313,,
Myanmar,MM,MMR,2006,,11.2223,18.3896744294142,,
Myanmar,MM,MMR,2007,,11.464,40.7046251663598,,
Myanmar,MM,MMR,2008,,11.807,43.7712357097494,,
Myanmar,MM,MMR,2009,,11.4454,57.9845052751335,,
Myanmar,MM,MMR,2010,,11.7974,60.5126321400695,35.1816309091515,0.714114529020115
Myanmar,MM,MMR,2011,,11.2966,68.0019478102691,35.9097187513172,0.772259417745363
Myanmar,MM,MMR,2012,,8.926,66.6414330206222,24.3583262702265,1.24709767158348
Myanmar,MM,MMR,2013,,0.3167,89.0987580630489,33.6174411817329,1.13070721638158
Myanmar,MM,MMR,2014,,0.8915,44.8737590215783,42.7838695243051,1.72778717166188
Myanmar,MM,MMR,2015,,0.9691,44.9968316203117,44.5178108638091,2.24793834601003
Myanmar,MM,MMR,2016,,0.9006,48.320425649148,28.1623538928698,2.53534311966461
Myanmar,MM,MMR,2017,,0.8978,48.3492389706595,26.6678823089386,4.0196903922581
Myanmar,MM,MMR,2018,,0.9758,52.6151536984721,21.6446810949072,5.56324179550988
Myanmar,MM,MMR,2019,,0.5895,52.0856293069647,24.6715993904913,5.16875976838706
Myanmar,MM,MMR,2020,,0.5073,57.2167625702112,20.299108694666,6.3905243432933
Myanmar,MM,MMR,2021,,0.2316,66.1744535029455,21.220208753714,3.10175654811143
Myanmar,MM,MMR,2022,,0.2533,65.2708824322035,23.4942446170029,1.2515222317234
Myanmar,MM,MMR,2023,,0.3662,76.7910189495269,24.2241759769846,1.40135875616036
Myanmar,MM,MMR,2024,,0.5723,,21.9570193842403,2.43179309201462
Myanmar,MM,MMR,2025,,,,,
Namibia,NA,NAM,2002,94.4152228948906,,,0.664641934763584,10.6573429449743
Namibia,NA,NAM,2003,95.9524743817213,,,0.993442611073116,7.20776304354371
Namibia,NA,NAM,2004,81.8622605916543,,,0.50311393659037,19.466650862059
Namibia,NA,NAM,2005,80.6803802939816,,,0.413471474512171,14.5929364315082
Namibia,NA,NAM,2006,86.8339693259998,,,0.458348069521536,25.6759432318379
Namibia,NA,NAM,2007,104.979303758915,,,0.410976169146749,34.5158930034676
Namibia,NA,NAM,2008,119.644498184785,,,0.444634545115881,30.9247117272254
Namibia,NA,NAM,2009,123.762844292976,,,0.817470145591871,26.3993027720677
Namibia,NA,NAM,2010,108.072477173606,,,1.27056274952211,27.2440537959122
Namibia,NA,NAM,2011,102.189147754138,,,1.29061847758195,27.0724156333109
Namibia,NA,NAM,2012,100.2134087743,,,0.953398782486897,28.525800951560502
Namibia,NA,NAM,2013,97.7249042303832,,,1.23502010241051,27.0692376564231
Namibia,NA,NAM,2014,103.080137009254,,,1.45563559780561,24.4448866918562
Namibia,NA,NAM,2015,97.2390317873478,,,2.64040078009281,26.2402867219328
Namibia,NA,NAM,2016,93.966187960162,,,1.32229917356492,20.6938330168728
Namibia,NA,NAM,2017,81.2196661011436,,,0.438934632215075,19.8156734654732
Namibia,NA,NAM,2018,81.7138652963804,,,0.578722935645166,28.2843145094375
Namibia,NA,NAM,2019,82.9011507426355,,,1.31156036060222,32.4864115651513
Namibia,NA,NAM,2020,76.9252424036465,,,1.14674893543043,31.1750030209145
Namibia,NA,NAM,2021,83.5443030923624,,,1.45482887043634,27.4732735217223
Namibia,NA,NAM,2022,99.2625547814064,,,3.60034377014636,26.518437687903
Namibia,NA,NAM,2023,109.8175996703,,,1.6576098963801,24.9383252013053
Namibia,NA,NAM,2024,108.00119146619,,,1.28285602218848,32.2873344750115
Namibia,NA,NAM,2025,108.580501173828,,,,
Naoero,NR,NRU,2002,,,,,
Naoero,NR,NRU,2003,,,,,
Naoero,NR,NRU,2004,,,,,
Naoero,NR,NRU,2005,,,,,
Naoero,NR,NRU,2006,,,,,
Naoero,NR,NRU,2007,,,,,
Naoero,NR,NRU,2008,164.285714285714,,,,
Naoero,NR,NRU,2009,145,,,,
Naoero,NR,NRU,2010,100,,,,
Naoero,NR,NRU,2011,130.30303030303,,,,
Naoero,NR,NRU,2012,120.408163265306,,,,
Naoero,NR,NRU,2013,179.347826086957,,,,
Naoero,NR,NRU,2014,197.222222222222,,,,
Naoero,NR,NRU,2015,200,,,,
Naoero,NR,NRU,2016,170.149253731343,,,,
Naoero,NR,NRU,2017,142.068965517241,,,,
Naoero,NR,NRU,2018,140.640059171598,,,,
Naoero,NR,NRU,2019,155.906685714286,,,,
Naoero,NR,NRU,2020,134.980107526882,,,,
Naoero,NR,NRU,2021,130.1856,,,,
Naoero,NR,NRU,2022,141.129076305221,,,,
Naoero,NR,NRU,2023,135,,,,
Naoero,NR,NRU,2024,160.546875,,,,
Naoero,NR,NRU,2025,165.441176470588,,,,
Nepal,NP,NPL,2002,46.2307185004451,1.3344,35.6954968672065,,
Nepal,NP,NPL,2003,44.2478836156195,1.7116,40.0291042230548,0.00357579146798016,4.29431059801483
Nepal,NP,NPL,2004,46.1472867206087,1.0693,45.4225204131188,,
Nepal,NP,NPL,2005,44.0629474798613,1.4738,49.0810742991261,,
Nepal,NP,NPL,2006,44.7619877569242,2.3804,56.8804017500475,,
Nepal,NP,NPL,2007,44.5792750200254,1.5221,55.7410427925805,,
Nepal,NP,NPL,2008,46.036206351191296,1.5419,66.4894548256061,,
Nepal,NP,NPL,2009,47.0794477633688,1.1649,74.6475656142649,0.00168747349552898,5.46515419094088
Nepal,NP,NPL,2010,45.9849057742707,1.6105,79.2802138789552,4.5184108995034e-5,3.96000669177798
Nepal,NP,NPL,2011,36.2967588899367,2.1953,96.7661443796271,5.17830048737702e-6,4.28805048306195
Nepal,NP,NPL,2012,37.921906058758,2.9659,115.953735647863,0.0127445401569673,4.12327922492228
Nepal,NP,NPL,2013,41.8653757376722,6.22,135.417164189566,0.00317309696043804,3.21910941485056
Nepal,NP,NPL,2014,45.9826416115927,8.362,156.149152937093,0.00427691971404587,3.8595362414148
Nepal,NP,NPL,2015,46.6657303895158,8.4344,196.611833763337,0.00156426563766798,2.00684420671161
Nepal,NP,NPL,2016,42.1154861221646,8.8077,203.251599899123,,1.57482692787798
Nepal,NP,NPL,2017,44.6424106217427,8.4863,190.09651408018,0.00266232718899826,1.74772512234926
Nepal,NP,NPL,2018,48.4473869463778,4.5658,151.253248276102,0.015293107300744,2.34037873822339
Nepal,NP,NPL,2019,49.2495265869012,6.1827,133.723910065145,,1.5495550282837
Nepal,NP,NPL,2020,40.9188741248444,4.5599,145.055330795772,,0.895210140513274
Nepal,NP,NPL,2021,43.0538047912219,3.7983,109.272984641301,6.66375384580768e-6,0.96321770268593
Nepal,NP,NPL,2022,48.9734014800201,3.5048,101.474078693782,4.22001355639369e-4,1.44460468329415
Nepal,NP,NPL,2023,41.5701502932467,4.1825,124.775737093425,,
Nepal,NP,NPL,2024,40.1700101626853,4.1654,156.092747485642,,
Nepal,NP,NPL,2025,42.5520448428369,,,,
Netherlands,NL,NLD,2002,112.750024358671,,,5.58955834121391,1.72917054238921
Netherlands,NL,NLD,2003,111.30450319576,,,5.65504410523909,1.98321794163608
Netherlands,NL,NLD,2004,116.958160026939,,,5.86902375832662,2.21740941107599
Netherlands,NL,NLD,2005,122.255849523252,,,7.50882922214862,2.25393522835657
Netherlands,NL,NLD,2006,127.195613539333,,,8.62717139534594,2.86762998131529
Netherlands,NL,NLD,2007,129.798241740597,,,8.87017479681396,2.92189856920429
Netherlands,NL,NLD,2008,130.152049980117,,,10.7064144762756,2.34974708894427
Netherlands,NL,NLD,2009,115.109660363107,,,8.24328756332864,1.90001527292617
Netherlands,NL,NLD,2010,130.081707935343,,,10.1638647320306,2.3695600729325
Netherlands,NL,NLD,2011,141.757099325776,,,12.7907635823148,2.83195484176319
Netherlands,NL,NLD,2012,149.393223058131,,,14.4575331430104,2.55236345901496
Netherlands,NL,NLD,2013,150.651850226949,,,14.4300357273789,2.28351003564609
Netherlands,NL,NLD,2014,151.715891056501,,,12.5669371261896,2.48091417395346
Netherlands,NL,NLD,2015,160.325812564809,,,10.2507452834652,2.46167603215343
Netherlands,NL,NLD,2016,150.96552921165,,,9.14899567222457,2.27817186258673
Netherlands,NL,NLD,2017,159.646059656847,,,10.2776722948672,2.39672769835099
Netherlands,NL,NLD,2018,163.559146573044,,,10.7424825487341,2.47908378428291
Netherlands,NL,NLD,2019,160.676671884999,,,10.6520866544886,2.33062444278619
Netherlands,NL,NLD,2020,152.233230409706,,,7.458285978711,2.20823001994933
Netherlands,NL,NLD,2021,163.154842689698,,,9.01362412065194,2.81345984335787
Netherlands,NL,NLD,2022,184.107484252682,,,13.6080383440618,2.62242932433025
Netherlands,NL,NLD,2023,165.030429478933,,,14.5347760829432,2.38352350050341
Netherlands,NL,NLD,2024,153.956290574682,,,12.6812336694305,2.34432343327845
Netherlands,NL,NLD,2025,150.119970359267,,,,
New Caledonia,NC,NCL,2002,56.1330040352377,,,1.21515188304097,22.6116024589446
New Caledonia,NC,NCL,2003,61.8880338996498,,,1.20968299198208,24.6814049197605
New Caledonia,NC,NCL,2004,58.5813378645702,,,1.06246162894908,30.2459246145513
New Caledonia,NC,NCL,2005,61.9103270015257,,,1.36678618953362,27.6457095821681
New Caledonia,NC,NCL,2006,68.0205144787445,,,0.442806999361754,35.3409467820001
New Caledonia,NC,NCL,2007,72.1743887166465,,,0.00500788056337396,38.6088457472696
New Caledonia,NC,NCL,2008,67.9174783843244,,,0.0108140183008771,45.891599590392
New Caledonia,NC,NCL,2009,56.0771570332275,,,0.0040061643914139,16.765402455695
New Caledonia,NC,NCL,2010,68.1684823937939,,,0.07563388867766,40.5339269449874
New Caledonia,NC,NCL,2011,66.8445220722878,,,0.0102142658700865,35.0389377394198
New Caledonia,NC,NCL,2012,63.7533913097757,,,0.016512784417616,35.0286470528162
New Caledonia,NC,NCL,2013,58.8723435046881,,,0.0140711061210529,39.0209778509536
New Caledonia,NC,NCL,2014,58.9577979346478,,,0.00205288658451224,32.1609542193376
New Caledonia,NC,NCL,2015,60.0467960954308,,,0.0110083934387515,37.7519607832418
New Caledonia,NC,NCL,2016,58.0296161468389,,,,
New Caledonia,NC,NCL,2017,58.9281826221283,,,,
New Caledonia,NC,NCL,2018,59.0970833,,,,
New Caledonia,NC,NCL,2019,58.2103670990099,,,,
New Caledonia,NC,NCL,2020,54.5818048383838,,,,
New Caledonia,NC,NCL,2021,49.0442343110236,,,,
New Caledonia,NC,NCL,2022,50.4727487454212,,,,
New Caledonia,NC,NCL,2023,51.6307347217069,,,,
New Caledonia,NC,NCL,2024,40.3689577306469,,,,
New Caledonia,NC,NCL,2025,,,,,
New Zealand,NZ,NZL,2002,62.6559945554479,,,2.36516692704215,4.1279493752451
New Zealand,NZ,NZL,2003,57.914769345753,,,1.916169844061,3.79453628959584
New Zealand,NZ,NZL,2004,58.7995522745359,,,1.94341918955725,3.99377919212926
New Zealand,NZ,NZL,2005,58.0187434407163,,,2.51999137539208,4.3204880053099
New Zealand,NZ,NZL,2006,59.6032650403479,,,2.81028262416811,5.38990879263595
New Zealand,NZ,NZL,2007,58.4251605749091,,,4.55786219081734,5.25124018277207
New Zealand,NZ,NZL,2008,64.2611448527979,,,7.11229653620869,4.45123051001771
New Zealand,NZ,NZL,2009,55.0143501856026,,,5.00698247660389,3.32761532379507
New Zealand,NZ,NZL,2010,58.1047406012087,,,4.94449168586533,4.1672433557808
New Zealand,NZ,NZL,2011,59.1815679267669,,,5.48842765692453,3.96696454417491
New Zealand,NZ,NZL,2012,56.9257462326897,,,4.93027343608697,3.55947089616401
New Zealand,NZ,NZL,2013,56.0063219921147,,,3.7199909439371,3.26836249350515
New Zealand,NZ,NZL,2014,55.1213465284556,,,3.22930808775386,3.04246436425911
New Zealand,NZ,NZL,2015,54.8749505791536,,,1.89509750758523,3.13507882686078
New Zealand,NZ,NZL,2016,52.4796021733125,,,1.4594492857246,3.14488195666464
New Zealand,NZ,NZL,2017,54.2775276299632,,,1.67396977687253,3.0287743551194
New Zealand,NZ,NZL,2018,55.9063918509538,,,1.8139755676727,3.0180641997771
New Zealand,NZ,NZL,2019,54.4612464097007,,,1.45188930086342,2.68523234719206
New Zealand,NZ,NZL,2020,43.8262466218168,,,1.09750251450979,2.46221492728178
New Zealand,NZ,NZL,2021,48.4315370741539,,,1.18782807702254,3.23397796677983
New Zealand,NZ,NZL,2022,53.2091433736439,,,1.6450179073457,3.17983764822286
New Zealand,NZ,NZL,2023,49.8655041498497,,,1.37017086236698,3.2657826564058
New Zealand,NZ,NZL,2024,50.6607664427853,,,1.11148609161885,3.30880641293208
New Zealand,NZ,NZL,2025,,,,0.920901173181989,3.24759379421406
Nicaragua,NI,NIC,2002,58.0912844080785,8.635,7.0369086044675,1.64675180288481,0.551183282742895
Nicaragua,NI,NIC,2003,62.1750658877514,8.714,7.41496406536697,1.27347438687548,0.65376741232376
Nicaragua,NI,NIC,2004,67.195316780004,9.7515,13.1102885602159,1.05198721073589,0.883286074457994
Nicaragua,NI,NIC,2005,71.6457237072991,10.7798,14.5233492151021,1.43527628331175,0.999479447891217
Nicaragua,NI,NIC,2006,87.309670832079,14.7325,22.000597712718,0.538810471712675,2.06013627773525
Nicaragua,NI,NIC,2007,93.025730229333,28.114,26.8200832502841,0.846082875283833,2.18604355854271
Nicaragua,NI,NIC,2008,96.7939847302055,24.3714,24.1804212956541,0.388425165510719,1.23420751891551
Nicaragua,NI,NIC,2009,86.9936104453444,16.9162,26.5571929898809,0.816210626975069,1.18197532820163
Nicaragua,NI,NIC,2010,100.364058423919,19.9812,25.635762572288,1.22921221370131,1.75670058622749
Nicaragua,NI,NIC,2011,111.827453935999,18.3065,23.8373897420033,0.681368284394506,1.73255084269771
Nicaragua,NI,NIC,2012,115.177288474198,18.6248,20.6149592072575,1.10190700694356,0.882055499437503
Nicaragua,NI,NIC,2013,110.984207880382,16.583,19.4332141706496,0.431637900273764,0.869107131459725
Nicaragua,NI,NIC,2014,106.698200190796,13.7929,20.7584671806504,0.314075268911258,0.811310553411476
Nicaragua,NI,NIC,2015,98.194164594236,11.1242,21.6469512556608,0.279987065397259,0.77721391549123
Nicaragua,NI,NIC,2016,93.8137278130087,11.6134,20.0330225893227,0.163477050427033,0.734210848308071
Nicaragua,NI,NIC,2017,96.3805864351182,11.3368,21.6441496926903,0.234758388546043,0.730802106374299
Nicaragua,NI,NIC,2018,93.9847404925404,10.5685,17.370963941316,0.258275782295684,0.948880495617114
Nicaragua,NI,NIC,2019,94.0422159246213,8.8098,17.5216516145734,0.302230563340018,0.697279499253811
Nicaragua,NI,NIC,2020,88.6381231228968,7.5255,23.2068208405372,0.437239912588308,0.766253218196019
Nicaragua,NI,NIC,2021,106.20739806697,7.2838,27.2960657039049,0.599657917570942,1.1082286483178
Nicaragua,NI,NIC,2022,115.454670931919,7.556,29.10784345983,0.8168503728216,0.862075378592764
Nicaragua,NI,NIC,2023,105.019535579852,6.7046,35.4611939828309,0.63621248699764,0.934234123515587
Nicaragua,NI,NIC,2024,99.146065089948,8.6903,39.4103176280348,0.738619250103537,1.12278358190894
Nicaragua,NI,NIC,2025,96.449694730522907,,,,
Niger,NE,NER,2002,30.8343857497549,1.8429,,1.38278877027936,45.4245387152518
Niger,NE,NER,2003,33.3827931416238,1.7917,,1.45476090691616,50.2575182155316
Niger,NE,NER,2004,36.9641044464896,0.4859,,2.26423521417612,33.9798709322618
Niger,NE,NER,2005,38.3477418070736,2.0391,,2.12115926909511,31.3150221527887
Niger,NE,NER,2006,36.5313731842429,5.0336,,1.990173881654,32.9194044453079
Niger,NE,NER,2007,35.5028028471007,23.9613,,2.33481800303613,47.9146894604503
Niger,NE,NER,2008,39.7112440540383,9.7971,,1.52450199726818,43.11064435735
Niger,NE,NER,2009,49.5122567031625,10.4542,,1.15100863832224,55.5650183630841
Niger,NE,NER,2010,51.9459863027627,11.1113,,1.56427774932404,50.3002984500295
Niger,NE,NER,2011,50.2463951569345,6.9687,,1.1073911463664,68.904579045996
Niger,NE,NER,2012,45.08596447308,5.323,,18.2797186370485,0.0709574206197524
Niger,NE,NER,2013,46.2951491493291,3.4898,,30.2015688488722,49.345601083404
Niger,NE,NER,2014,45.7416008365932,3.2026,,27.0318711888367,45.9055426510308
Niger,NE,NER,2015,44.727430371186,0.8677,,18.7837682118598,50.9043365371471
Niger,NE,NER,2016,36.6748378115692,1.4304,,23.1922765559026,45.1943907569733
Niger,NE,NER,2017,39.0298956366247,2.1261,,30.1595141410696,33.6473206443165
Niger,NE,NER,2018,38.2929695977016,1.9103,,26.184088451235,23.3315968860907
Niger,NE,NER,2019,39.289303673296,2.3423,,31.4828722853421,31.695630837349
Niger,NE,NER,2020,36.3388196908038,1.0616,,25.9228946625832,36.0483403516329
Niger,NE,NER,2021,38.0460948786617,0.8447,,32.8874566845561,25.9041815242586
Niger,NE,NER,2022,37.1460454100715,0.7831,,28.80943031356,32.2263338332376
Niger,NE,NER,2023,30.7176535069056,0.7738,,18.4030980615375,43.9810702361495
Niger,NE,NER,2024,24.388946208843,0.5587,,87.9926998279359,0.0225744207288111
Niger,NE,NER,2025,33.9056863589743,,,,
Nigeria,NG,NGA,2002,,6.1723,20.5733613074252,94.0374634853667,0.0285256210881831
Nigeria,NG,NGA,2003,,8.0034,17.715346029234,97.8966781049368,0.00284400377525826
Nigeria,NG,NGA,2004,,11.4259,37.5872542261299,,
Nigeria,NG,NGA,2005,,16.3784,85.0760686893569,,
Nigeria,NG,NGA,2006,,32.0965,244.316342018669,98.238856362994,0.00574614302506904
Nigeria,NG,NGA,2007,,33.1765,266.399526098613,93.6663052169763,0.404775616248185
Nigeria,NG,NGA,2008,,30.3176,262.491816860539,91.7432857907592,0.331171706573541
Nigeria,NG,NGA,2009,,25.3952,189.590858075899,90.3621937439891,0.198132507701918
Nigeria,NG,NGA,2010,,32.3875,114.258413283819,87.1326358652018,1.08132645763685
Nigeria,NG,NGA,2011,,33.3263,98.7182609078603,89.1265273360995,0.316956342414508
Nigeria,NG,NGA,2012,,39.4958,114.487430842219,84.0389730913749,0.43351869808324
Nigeria,NG,NGA,2013,,36.0106,102.513890894791,87.6233751860233,0.628497950155988
Nigeria,NG,NGA,2014,,27.0868,75.1412023681776,90.854209832539,0.369046050502819
Nigeria,NG,NGA,2015,,19.646,64.4343302342419,87.8732996915055,0.336962635009992
Nigeria,NG,NGA,2016,,14.9247,64.0667559603912,96.4782414446309,0.171031713155767
Nigeria,NG,NGA,2017,,26.8208,62.1698908169799,96.031736150959,0.137564074740535
Nigeria,NG,NGA,2018,,19.8706,62.9596498516965,94.1137913236198,0.309226565700945
Nigeria,NG,NGA,2019,,25.6426,48.4151194229568,87.0392917835315,0.300890835359539
Nigeria,NG,NGA,2020,,21.0337,43.4161554728028,88.7002181697857,0.301988963774128
Nigeria,NG,NGA,2021,,19.2968,43.3511307176981,89.147069602161,0.896061886697277
Nigeria,NG,NGA,2022,,20.8627,35.7153640411969,90.7270761068365,1.01390050979922
Nigeria,NG,NGA,2023,,17.8523,32.6452593366926,91.6092141524306,1.17584162239168
Nigeria,NG,NGA,2024,,20.4372,37.1523303374647,88.6153186443478,1.22423135300286
Nigeria,NG,NGA,2025,,,,,
North Macedonia,MK,MKD,2002,71.5334846721143,4.7152,47.6950964779552,2.24805571882993,7.4574831438003
North Macedonia,MK,MKD,2003,71.0693204909674,2.707,50.0721997872396,5.41118476069355,4.67499102445679
North Macedonia,MK,MKD,2004,80.8704849956907,29.558,35.1362511456766,4.68116805411458,2.21075293876976
North Macedonia,MK,MKD,2005,85.8410034787176,26.8573,45.0117519839887,8.01509431727616,3.02525615728899
North Macedonia,MK,MKD,2006,92.5516664675666,26.3312,57.3735425182299,9.37664642247707,4.25909536308086
North Macedonia,MK,MKD,2007,106.092966003288,38.3836,54.4147524204191,4.86411659943398,4.559949390431
North Macedonia,MK,MKD,2008,111.570054713298,30.5416,49.1375348679382,7.8765298629422,6.4364821701674
North Macedonia,MK,MKD,2009,87.1767537660809,27.1086,43.9104425617022,7.49274471536935,6.10919773664511
North Macedonia,MK,MKD,2010,97.8810691156562,23.8116,44.4921365187013,7.67955676929367,7.38164592345343
North Macedonia,MK,MKD,2011,113.19191013947,26.4767,44.585201630204,8.7114019281988,5.90499182810197
North Macedonia,MK,MKD,2012,112.214834702155,27.5796,44.8923020074581,6.43808603826413,6.23227824787938
North Macedonia,MK,MKD,2013,104.857229956305,23.6732,43.2781339773431,2.47587519177111,6.27022767607195
North Macedonia,MK,MKD,2014,112.537928969299,23.5152,44.3071009405791,1.75457940767403,5.11846217600112
North Macedonia,MK,MKD,2015,113.698443879103,24.2055,37.4777325322215,1.359114992885,4.59806222249091
North Macedonia,MK,MKD,2016,116.185408418026,24.7285,37.3650954616682,1.18237950206005,3.85954518179231
North Macedonia,MK,MKD,2017,124.13728389629,26.7342,33.2406648409559,1.50422782175584,5.32347724684427
North Macedonia,MK,MKD,2018,133.215207648008,28.5917,38.1370622391128,1.6979899541839,5.11231941639777
North Macedonia,MK,MKD,2019,138.576231840539,28.037,41.0923088212821,2.03944820565787,4.80139295051173
North Macedonia,MK,MKD,2020,128.241244322257,20.9136,40.5439344958366,1.41186953928734,4.46183356922234
North Macedonia,MK,MKD,2021,146.721411484074,22.4401,37.9838272331065,1.83319937769536,5.15801329013125
North Macedonia,MK,MKD,2022,166.147357379878,26.7452,35.3972281471178,4.38877249744942,4.62489506666878
North Macedonia,MK,MKD,2023,147.79425348309,25.0815,40.0570034861825,4.11524026538845,3.99367795124718
North Macedonia,MK,MKD,2024,136.324876175556,24.7676,40.9118025444744,3.46090673198231,4.69084691478699
North Macedonia,MK,MKD,2025,133.043033840548,,,,
Northern Mariana Islands,MP,MNP,2002,151.947040498442,,,,
Northern Mariana Islands,MP,MNP,2003,152.703793381759,,,,
Northern Mariana Islands,MP,MNP,2004,178.099173553719,,,,
Northern Mariana Islands,MP,MNP,2005,174.552309142319,,,,
Northern Mariana Islands,MP,MNP,2006,159.69696969697,,,,
Northern Mariana Islands,MP,MNP,2007,128.571428571429,,,,
Northern Mariana Islands,MP,MNP,2008,100.851970181044,,,,
Northern Mariana Islands,MP,MNP,2009,84.5283018867925,,,,
Northern Mariana Islands,MP,MNP,2010,92.6157697121402,,,,
Northern Mariana Islands,MP,MNP,2011,105.075445816187,,,,
Northern Mariana Islands,MP,MNP,2012,114.879356568365,,,,
Northern Mariana Islands,MP,MNP,2013,120.077720207254,,,,
Northern Mariana Islands,MP,MNP,2014,119.831730769231,,,,
Northern Mariana Islands,MP,MNP,2015,122.747252747253,,,,
Northern Mariana Islands,MP,MNP,2016,152.845528455285,,,,
Northern Mariana Islands,MP,MNP,2017,131.410256410256,,,,
Northern Mariana Islands,MP,MNP,2018,108.762490392006,,,,
Northern Mariana Islands,MP,MNP,2019,104.749787955895,,,,
Northern Mariana Islands,MP,MNP,2020,78.9838337182448,,,,
Northern Mariana Islands,MP,MNP,2021,78.8840262582057,,,,
Northern Mariana Islands,MP,MNP,2022,93.1569343065693,,,,
Northern Mariana Islands,MP,MNP,2023,,,,,
Northern Mariana Islands,MP,MNP,2024,,,,,
Northern Mariana Islands,MP,MNP,2025,,,,,
Norway,NO,NOR,2002,67.8482927970815,,,60.6325152586474,6.08305758284393
Norway,NO,NOR,2003,66.5085380808884,,,61.1728639129257,6.64523026280214
Norway,NO,NOR,2004,68.7028173740954,,,63.6222202285939,6.92259885660009
Norway,NO,NOR,2005,70.2469613309236,,,67.6843283288731,6.00833281346051
Norway,NO,NOR,2006,71.1687450210659,,,67.8034646421845,7.13924598873227
Norway,NO,NOR,2007,71.1714206590972,,,64.2968133456296,8.32264604171929
Norway,NO,NOR,2008,73.8668579713193,,,68.6853998054327,5.55182990833102
Norway,NO,NOR,2009,66.3869035154741,,,63.662873718534,5.13787441249515
Norway,NO,NOR,2010,67.1044480331039,,,63.6983768325339,6.32366583035729
Norway,NO,NOR,2011,68.3082228214528,,,68.0283731997345,5.9434314323853
Norway,NO,NOR,2012,67.2907057063447,,,69.815656349232,5.15669141196318
Norway,NO,NOR,2013,66.6575278489713,,,67.6247146158353,4.75795522817943
Norway,NO,NOR,2014,67.7741797940433,,,64.878121273836,5.32706000780678
Norway,NO,NOR,2015,68.8351790107466,,,57.6867194348074,6.07882831005954
Norway,NO,NOR,2016,67.3341230829057,,,52.9734980784027,6.23890729160383
Norway,NO,NOR,2017,67.1957153368952,,,57.1858991050078,6.54067659978779
Norway,NO,NOR,2018,68.1761206012317,,,62.1231169933481,6.18246132107391
Norway,NO,NOR,2019,68.880243105732,,,55.9876673683571,6.69954220330805
Norway,NO,NOR,2020,63.3673184179043,,,49.3175349328281,8.19836589342756
Norway,NO,NOR,2021,69.1060572345311,,,68.9331407034111,5.60665182188866
Norway,NO,NOR,2022,79.9216011363033,,,79.2652360834588,4.01517083066805
Norway,NO,NOR,2023,77.401189583706,,,68.3629762990575,5.18768066986379
Norway,NO,NOR,2024,79.5796368227724,,,65.5240372734242,5.22612607802498
Norway,NO,NOR,2025,79.0528319312867,,,62.3076651968246,5.40227874514336
Oman,OM,OMN,2002,83.6537485764543,,,77.4715518284881,0.600794858361952
Oman,OM,OMN,2003,84.846636733578,,,76.8245303964233,0.0526365665882346
Oman,OM,OMN,2004,88.611307129045,,,91.0888368510134,0.889688757838642
Oman,OM,OMN,2005,86.7613020421318,,,91.8263316844317,0.813042854041652
Oman,OM,OMN,2006,86.1457079854133,,,91.390046872855,0.900665298143283
Oman,OM,OMN,2007,94.8657889777347,,,89.0570672014474,1.13049594089986
Oman,OM,OMN,2008,94.7619029877161,,,86.3796075991984,1.31577074731665
Oman,OM,OMN,2009,91.6279353346997,,,74.9705083996091,3.82754180988086
Oman,OM,OMN,2010,96.3865546218487,,,77.7587802690782,2.67017753168595
Oman,OM,OMN,2011,101.641731939942,,,74.3678691335376,2.5091411334202
Oman,OM,OMN,2012,102.0747604043,,,83.5370778993057,3.53034182525696
Oman,OM,OMN,2013,112.543521763774,,,82.6128731508305,4.84529095012406
Oman,OM,OMN,2014,102.27872108813,,,81.6727512854849,3.94979866045857
Oman,OM,OMN,2015,96.3775801852347,,,76.1568860871844,4.79658796032046
Oman,OM,OMN,2016,82.8642642018901,,,76.052172528574,3.98223122115235
Oman,OM,OMN,2017,88.9531480182956,,,73.6831825643426,6.23374311419373
Oman,OM,OMN,2018,89.2792178262847,,,75.1858802471844,5.42181854803066
Oman,OM,OMN,2019,86.4782010313236,,,76.3087021288282,5.05770874145454
Oman,OM,OMN,2020,91.8758908014472,,,63.6348897569431,6.18457048755305
Oman,OM,OMN,2021,95.9494877293305,,,65.2855836380628,6.14989195067512
Oman,OM,OMN,2022,105.745009280655,,,74.0383980013691,6.45247223821924
Oman,OM,OMN,2023,106.446731102604,,,74.1913838927866,5.94084621917315
Oman,OM,OMN,2024,114.852671596819,,,77.1995042110729,5.47963321487277
Oman,OM,OMN,2025,,,,,
Pakistan,PK,PAK,2002,23.1290159545291,4.4895,25.6424358798132,1.93553718386706,0.202718457365695
Pakistan,PK,PAK,2003,24.6501585248398,3.366,31.9451966675429,2.30724345077015,0.205644528839039
Pakistan,PK,PAK,2004,24.8083348519064,3.3758,29.0622855478601,2.41400103063988,0.268714071505803
Pakistan,PK,PAK,2005,29.8784940550747,3.563,32.1810936581436,4.23292058651293,0.410622606618719
Pakistan,PK,PAK,2006,33.0497193672284,3.5104,34.1961889589579,5.00286798660188,0.57339350213325
Pakistan,PK,PAK,2007,30.7878814312746,5.2382,37.1431471891843,5.77365206239681,1.11610039326653
Pakistan,PK,PAK,2008,34.3489608135242,2.7338,18.0076134712079,6.18163514554564,1.28884444252292
Pakistan,PK,PAK,2009,33.3268872863988,2.5752,23.9012740164053,4.11602958270657,1.05318875353553
Pakistan,PK,PAK,2010,31.9890020462315,7.3602,27.2136059898191,5.71119451483388,1.57026675868481
Pakistan,PK,PAK,2011,32.3626382751438,5.5667,27.2230056202501,5.21587114782379,1.49042000633085
Pakistan,PK,PAK,2012,31.3189732760076,6.3043,21.4295428744028,1.35053487428845,2.0221530747153
Pakistan,PK,PAK,2013,30.8902743401844,7.725,12.7056244123229,2.10463441086617,2.09188614611273
Pakistan,PK,PAK,2014,29.4698256903998,8.5358,22.2564493620379,2.64194644110697,1.8033611683323
Pakistan,PK,PAK,2015,26.6881860172247,9.4272,29.1639450458718,1.21065579156664,1.56689191421064
Pakistan,PK,PAK,2016,24.7015780480573,9.4778,29.3182704832787,0.761514396551207,1.49009381168309
Pakistan,PK,PAK,2017,25.472035002344,9.3568,19.8278934956955,1.2032443709099,1.9663813915249
Pakistan,PK,PAK,2018,27.6260570796337,8.0781,11.8229329162621,2.13426606062679,2.11969841349404
Pakistan,PK,PAK,2019,28.9055769867032,8.4068,15.0648827255287,1.59922046539897,2.7507753083849
Pakistan,PK,PAK,2020,26.7162807328814,6.1294,15.7032382071599,0.873349137853699,3.32696265002863
Pakistan,PK,PAK,2021,27.0304204125548,6.9395,17.4463442234472,0.708780532335282,4.61896170905835
Pakistan,PK,PAK,2022,33.031353478032,6.8716,7.77936658299889,1.19408655456312,4.40534065808737
Pakistan,PK,PAK,2023,28.4676925469837,6.8238,10.4795057107162,0.583319121620756,4.50449223225348
Pakistan,PK,PAK,2024,27.5653309105795,7.4077,14.1906403607238,1.71807476906982,4.33562939812151
Pakistan,PK,PAK,2025,27.1935373787664,,,,
Palau,PW,PLW,2002,,,,,
Palau,PW,PLW,2003,,,,,
Palau,PW,PLW,2004,,,,,
Palau,PW,PLW,2005,122.074561928033,,,,
Palau,PW,PLW,2006,128.141473764216,,,,
Palau,PW,PLW,2007,117.584002441168,,,,
Palau,PW,PLW,2008,127.565668476156,,,,
Palau,PW,PLW,2009,115.261869136107,,,,
Palau,PW,PLW,2010,123.113914891838,,,,
Palau,PW,PLW,2011,138.086472173303,,,,
Palau,PW,PLW,2012,144.101360548224,,,0.114750596836599,2.6679764068768
Palau,PW,PLW,2013,140.845204181817,,,,
Palau,PW,PLW,2014,145.793812924789,,,,2.19362120870957
Palau,PW,PLW,2015,128.207298267542,,,,1.90977734013233
Palau,PW,PLW,2016,118.759866134181,,,0.0519903035025715,1.65555475871071
Palau,PW,PLW,2017,122.650636452895,,,0.45891123655713,3.44206013931985
Palau,PW,PLW,2018,117.771970509059,,,,2.11141332212338
Palau,PW,PLW,2019,115.497705299446,,,,
Palau,PW,PLW,2020,104.430720909895,,,,
Palau,PW,PLW,2021,79.5791429216543,,,,
Palau,PW,PLW,2022,103.651854764975,,,,
Palau,PW,PLW,2023,106.757623549153,,,,
Palau,PW,PLW,2024,105.811955583144,,,,
Palau,PW,PLW,2025,,,,,
Panama,PA,PAN,2002,126.024482449851,,,6.14508383119904,1.42615727487893
Panama,PA,PAN,2003,117.267478940646,,,0.48738090896957,1.97118764042385
Panama,PA,PAN,2004,124.761756520445,,,0.542242410267676,3.90700674466538
Panama,PA,PAN,2005,139.211165086724,,,0.733227944121935,3.972499789476
Panama,PA,PAN,2006,141.47257128141,,,0.765380955226691,3.83653112428466
Panama,PA,PAN,2007,148.665601089573,,,0.674192440397585,3.90298304261797
Panama,PA,PAN,2008,164.58628613577,,,0.64056451768571,5.06174588859461
Panama,PA,PAN,2009,137.046021610678,,,0.875574400423514,4.67619406187405
Panama,PA,PAN,2010,145.44871880643,,,0.281711491723828,10.3195283017929
Panama,PA,PAN,2011,158.208395346813,,,0.0983907574718079,12.7472710837079
Panama,PA,PAN,2012,153.208620367102,,,0.0753639120297613,12.130833082517
Panama,PA,PAN,2013,133.071568935782,,,0.426786972917861,11.133092124339
Panama,PA,PAN,2014,114.970604927053,,,0.162765893534913,11.3451433207884
Panama,PA,PAN,2015,96.5791573428957,,,0.0973531063398489,9.45423282530129
Panama,PA,PAN,2016,84.3959718738111,,,0.0986954470520712,10.0045045186238
Panama,PA,PAN,2017,84.0475372402933,,,0.0902071411253174,12.5124276504847
Panama,PA,PAN,2018,86.1309615112445,,,0.117134615486909,12.563211703042
Panama,PA,PAN,2019,80.4286505649569,,,0.16669467833959,8.52379811614123
Panama,PA,PAN,2020,68.700423510603,,,0.376491754246236,32.3038837448821
Panama,PA,PAN,2021,80.1334635232887,,,0.183026429643391,79.9718329828951
Panama,PA,PAN,2022,93.4752688552496,,,0.234048810950767,78.9089923340266
Panama,PA,PAN,2023,88.3489105169795,,,0.299834578646736,76.4718000052085
Panama,PA,PAN,2024,83.6737788620216,,,1.00720752711517,9.59331459466598
Panama,PA,PAN,2025,,,,,
Papua New Guinea,PG,PNG,2002,118.919110291279,2.6929,18.4788597993757,22.6338959885869,29.6189622824883
Papua New Guinea,PG,PNG,2003,123.449069006746,5.0446,27.9314888765355,20.3214983745957,46.2571238045423
Papua New Guinea,PG,PNG,2004,131.082911016249,4.5204,37.3022709459499,19.9507275539953,21.1045623398456
Papua New Guinea,PG,PNG,2005,,11.0641,40.1098773983306,,
Papua New Guinea,PG,PNG,2006,,4.5025,82.112867989361,,
Papua New Guinea,PG,PNG,2007,,11.366,137.583628607674,,
Papua New Guinea,PG,PNG,2008,,0.6961,139.809482607134,,
Papua New Guinea,PG,PNG,2009,,6.3313,148.623354234064,,
Papua New Guinea,PG,PNG,2010,,6.9149,52.1325830839478,,
Papua New Guinea,PG,PNG,2011,,0.9774,34.5897597573681,3.80250711386152,56.649862225745
Papua New Guinea,PG,PNG,2012,,1.7499,27.0409147916685,2.92438620097063,54.4459467483598
Papua New Guinea,PG,PNG,2013,,1.4529,13.1913138277104,,
Papua New Guinea,PG,PNG,2014,,3.956,11.4031192391049,,
Papua New Guinea,PG,PNG,2015,,1.526,8.62607134813486,,
Papua New Guinea,PG,PNG,2016,,3.442,8.60806052435871,,
Papua New Guinea,PG,PNG,2017,,0.4455,10.0779448362851,,
Papua New Guinea,PG,PNG,2018,,2.6171,12.4892582068368,,
Papua New Guinea,PG,PNG,2019,,3.5045,12.3140649189532,42.0580648896277,41.467532578577
Papua New Guinea,PG,PNG,2020,,2.2101,14.8844937032197,42.416684834596,36.0411087665842
Papua New Guinea,PG,PNG,2021,,14.7619,16.4375417442916,45.4766421102089,27.3902084177837
Papua New Guinea,PG,PNG,2022,,15.5422,20.3123331090874,42.5611072343605,30.9204399891275
Papua New Guinea,PG,PNG,2023,,0.1205,25.1964937715463,42.6494855424319,29.8008015088604
Papua New Guinea,PG,PNG,2024,,0.9424,28.8537471425317,,
Papua New Guinea,PG,PNG,2025,,,,,
Paraguay,PY,PRY,2002,79.4415656482927,13.1388,19.0085273568195,59.3070147771271,0.208514130939562
Paraguay,PY,PRY,2003,81.1273637701163,49.2746,14.4647397807226,49.5247503484133,0.16678446090689
Paraguay,PY,PRY,2004,80.1044466155542,44.7054,15.8338568414631,45.9700928635756,0.405642122783139
Paraguay,PY,PRY,2005,85.0219636540457,40.6969,15.6234013780331,47.5006800377429,0.66027654931864
Paraguay,PY,PRY,2006,84.7335313048126,37.4264,17.7950494409416,46.917218626047,0.571097196782024
Paraguay,PY,PRY,2007,79.0011374202968,33.5001,22.9741892990222,40.3640612058908,0.479965820376082
Paraguay,PY,PRY,2008,80.777574657268,5.7903,22.8262944183612,30.3488335905218,0.475038193415667
Paraguay,PY,PRY,2009,70.8419818624432,5.4539,27.4826560400241,37.7862941235128,0.360957490933964
Paraguay,PY,PRY,2010,81.2575233746727,6.36,25.8421096371526,30.4900254347954,0.561772567696444
Paraguay,PY,PRY,2011,78.4921238489348,7.7426,31.0418483902734,29.3273063330687,1.00217743381306
Paraguay,PY,PRY,2012,74.7649574560794,9.6527,30.0743921603153,31.0190031322725,0.878036670471362
Paraguay,PY,PRY,2013,73.3698713841075,9.6208,35.5820671216415,23.9672247141492,0.829578837918687
Paraguay,PY,PRY,2014,69.0837249631346,10.1387,40.4192952400124,22.6879704306262,0.813048734524132
Paraguay,PY,PRY,2015,66.9150655259573,10.8209,34.2963855958218,25.0543143453299,0.675987440151955
Paraguay,PY,PRY,2016,67.7593152322047,10.38,39.8902569177504,25.3997644221531,0.52742858306544
Paraguay,PY,PRY,2017,71.0801344038377,11.5264,46.1590805035902,24.7742524407046,0.730905901888808
Paraguay,PY,PRY,2018,72.069223625915,13.3151,44.7524466275545,23.3215570806625,0.90508901482829
Paraguay,PY,PRY,2019,71.2221617342433,12.6901,43.1766991274223,23.6534512064987,0.879827565258584
Paraguay,PY,PRY,2020,62.7602174748561,9.0798,43.5692866682639,20.3980852968341,0.633689883641747
Paraguay,PY,PRY,2021,69.7320126827159,8.2629,42.6387784786753,15.4139049713163,1.09645716000824
Paraguay,PY,PRY,2022,73.8736311444119,9.176,37.713592650342,16.7893199279441,1.48242293802149
Paraguay,PY,PRY,2023,82.5777252296516,10.386,37.1567268711603,13.0535954016273,1.10475195932188
Paraguay,PY,PRY,2024,77.0944384539197,11.8786,31.9312805676475,10.8893279718454,1.49687210638199
Paraguay,PY,PRY,2025,76.4780703309698,,,11.0219071227801,1.71796064330273
Peru,PE,PER,2002,35.2491813317695,9.1017,34.1748359828558,6.25870095624976,31.9798239013752
Peru,PE,PER,2003,37.6246103251002,8.3547,33.8892945335937,7.37984678551164,30.6922278826042
Peru,PE,PER,2004,41.9360782679273,8.7331,39.8982104894219,5.45456110464244,39.0245043877429
Peru,PE,PER,2005,47.3573174768394,10.8822,48.0161916087675,9.32481163862732,39.9606879450802
Peru,PE,PER,2006,51.7850560338442,10.2814,59.5374925006574,8.00259770587774,47.4525510268847
Peru,PE,PER,2007,55.6881132836815,16.5452,86.1875113414646,8.57977598074378,49.5566787105114
Peru,PE,PER,2008,58.4337673899053,15.6118,89.9812588999722,9.14246326039836,43.0583368488927
Peru,PE,PER,2009,48.1119296153519,12.796,88.8611684255871,7.73522159130539,36.6022097950135
Peru,PE,PER,2010,51.6728089370033,15.1655,104.889048873868,10.4702501879076,39.9270984898696
Peru,PE,PER,2011,55.9882802838607,14.0517,108.666597038112,10.5341949963562,39.9040907481187
Peru,PE,PER,2012,52.6198952632294,14.5077,104.099597607514,13.3370389113402,36.903977189865
Peru,PE,PER,2013,49.7871424471444,10.1497,103.490689965387,14.5603158131284,36.4157818681371
Peru,PE,PER,2014,46.8531210912899,10.2757,92.0808439954729,12.2992414025362,38.9398253275215
Peru,PE,PER,2015,45.1627686891148,10.43,90.8078314143264,7.824398915481,36.8868771785759
Peru,PE,PER,2016,45.3888411964154,11.0511,87.9603924113684,6.41464787287933,42.8065553842375
Peru,PE,PER,2017,47.5135503619971,12.7382,93.4977737099187,7.9436016945509,46.3213014126421
Peru,PE,PER,2018,48.631470171736,14.5456,87.7731203519341,8.8875264253518,45.6280434226608
Peru,PE,PER,2019,46.9435053754409,13.1926,105.397019539887,6.86905379549647,45.4968752494035
Peru,PE,PER,2020,44.245967197744,13.7394,100.150380965382,3.77608731917897,43.5085907829651
Peru,PE,PER,2021,55.4083231938774,11.5587,88.3263250279221,6.99027941163955,47.8118088684
Peru,PE,PER,2022,57.2727003111939,11.481,78.8839144851551,10.6830217836129,43.071188539675
Peru,PE,PER,2023,50.9070307213493,13.5353,75.9581760839055,6.83058695991324,51.3043308679882
Peru,PE,PER,2024,51.6811479870417,11.2304,84.9652732439322,5.71895551475461,47.7744538607891
Peru,PE,PER,2025,51.8154829678647,,,,
Philippines,PH,PHL,2002,83.8448040937789,9.2574,27.1794876595095,1.18455225576668,1.44923205289897
Philippines,PH,PHL,2003,87.5746443636636,9.8491,27.2308890226373,1.55885386665635,1.72482301745632
Philippines,PH,PHL,2004,87.1252848232048,8.2554,26.5599574955485,1.26222116928397,2.39356179458319
Philippines,PH,PHL,2005,83.8456745708051,10.9001,31.4893575289314,1.87758618141393,2.27096876092626
Philippines,PH,PHL,2006,80.8505386728775,8.6984,39.8766225397361,2.30498008929838,4.44204904598112
Philippines,PH,PHL,2007,73.6449799920629,11.9735,57.0282909358082,2.80484257220501,5.42409367069035
Philippines,PH,PHL,2008,67.6810707730401,12.0172,64.3674051990795,3.27690782996833,5.189114885564
Philippines,PH,PHL,2009,60.8865907869758,7.1508,78.9815950764493,1.90873424213089,3.91237655213636
Philippines,PH,PHL,2010,66.1042785137797,16.0866,95.3818566120814,2.0532774893495,3.9111085891633
Philippines,PH,PHL,2011,60.7958366999075,18.3225,114.224722339527,2.92009931957312,5.59382537456056
Philippines,PH,PHL,2012,57.8420055133082,24.1708,123.099709617415,2.4289829487911,5.04619608005299
Philippines,PH,PHL,2013,55.8247812320298,22.0377,108.414688991777,3.76691271607425,6.11404772690842
Philippines,PH,PHL,2014,57.4681720875945,20.6462,101.184242466707,2.97281997503875,6.58834024151498
Philippines,PH,PHL,2015,59.1415921053094,18.9451,101.181945778322,1.32069608642356,5.0613767306783
Philippines,PH,PHL,2016,61.7760657653871,19.297,107.159366229349,1.3324937999703,4.00252116995127
Philippines,PH,PHL,2017,68.1683697426727,19.3953,110.618647926075,1.50884665872113,5.58406561295369
Philippines,PH,PHL,2018,72.1633982990273,20.2828,99.9694752396332,1.69571571942116,4.9082068510258
Philippines,PH,PHL,2019,68.8418422595678,20.3964,106.100539394278,1.47588152909606,5.11553589688116
Philippines,PH,PHL,2020,58.1695603022281,14.4244,111.660447068071,1.08970257001447,6.59574178209328
Philippines,PH,PHL,2021,63.4846098136712,14.1501,101.983932580629,1.18141567992806,7.4874740704197
Philippines,PH,PHL,2022,72.4296836107599,15.0025,86.6980306243405,1.56831669342497,6.93456443095209
Philippines,PH,PHL,2023,67.4199693171606,13.7345,83.3455313514581,1.13912732345338,7.87761742498115
Philippines,PH,PHL,2024,65.8637883882752,15.2865,77.5043160947368,1.25811696364744,7.50901105484672
Philippines,PH,PHL,2025,66.7936053314343,,,,
Poland,PL,POL,2002,60.7967990573911,,,5.05911451764353,4.02227590259449
Poland,PL,POL,2003,69.2134479841788,,,4.37491050696475,3.75466809130164
Poland,PL,POL,2004,70.9815765694162,,,5.46211818637387,4.08914996089988
Poland,PL,POL,2005,70.3114790902584,,,5.11885167926726,4.02274429487668
Poland,PL,POL,2006,77.7008035402352,,,4.48052463399187,5.22903327226686
Poland,PL,POL,2007,80.745399056691,,,3.80069037569469,4.53281165240271
Poland,PL,POL,2008,80.5746815569207,,,4.25109702767544,3.96214660186794
Poland,PL,POL,2009,74.9685965264269,,,3.08375092897727,3.68530049292514
Poland,PL,POL,2010,82.2258523219922,,,4.15472424869973,4.69486882284057
Poland,PL,POL,2011,86.9236892837618,,,4.90163237623958,5.02501418840566
Poland,PL,POL,2012,88.8299033066583,,,4.99907074685297,4.82897688239305
Poland,PL,POL,2013,90.4175072415629,,,4.69900703686589,4.18057255756479
Poland,PL,POL,2014,92.0340197113178,,,4.1379157284687,4.00955235840735
Poland,PL,POL,2015,92.2554272741942,,,3.30871603888815,3.60543706487631
Poland,PL,POL,2016,96.8659028060623,,,2.55309338877162,3.02516272847308
Poland,PL,POL,2017,100.56589524628,,,2.54767073398979,3.1899653859486
Poland,PL,POL,2018,102.442462168005,,,2.59802361348933,3.04370184401185
Poland,PL,POL,2019,101.581033817373,,,2.23921588032246,3.23396660447958
Poland,PL,POL,2020,99.2590912303436,,,1.58025447472635,3.22051878025648
Poland,PL,POL,2021,110.874283021945,,,2.21476888193242,3.97229976431864
Poland,PL,POL,2022,123.021332860345,,,3.73795572839486,3.45108388683856
Poland,PL,POL,2023,110.024935041815,,,3.05116286755385,3.04634974229626
Poland,PL,POL,2024,100.359442847164,,,2.58269731161847,3.20228542082086
Poland,PL,POL,2025,97.0301822542829,,,,
Portugal,PT,PRT,2002,62.3082594169772,,,1.96287146335663,1.64152232751203
Portugal,PT,PRT,2003,61.1389474883653,,,2.43742039737605,1.57531572685566
Portugal,PT,PRT,2004,63.2045936670279,,,2.39441970699357,1.85965386303846
Portugal,PT,PRT,2005,62.944504560452,,,4.06601200793367,2.82012959705461
Portugal,PT,PRT,2006,68.5470531182009,,,5.29460541224119,3.82483146719832
Portugal,PT,PRT,2007,69.9461175817991,,,4.50288798565585,3.72775210015921
Portugal,PT,PRT,2008,72.0757429221604,,,5.55294244731062,3.20474396609653
Portugal,PT,PRT,2009,61.4926935267759,,,4.85933046059872,2.89606706746845
Portugal,PT,PRT,2010,67.6892401927983,,,6.40958476127026,3.50667270247104
Portugal,PT,PRT,2011,73.0075756700531,,,7.17046947947273,3.20271416306362
Portugal,PT,PRT,2012,75.9411067187813,,,8.31755836830232,2.83058672331513
Portugal,PT,PRT,2013,78.0305056874282,,,10.406916246067,2.32362938767847
Portugal,PT,PRT,2014,80.220669072079,,,8.35936140737731,2.25220653101037
Portugal,PT,PRT,2015,80.6346756266443,,,7.65643933312187,2.15813994544385
Portugal,PT,PRT,2016,79.5223464844001,,,6.2474425889393,2.00764618663799
Portugal,PT,PRT,2017,84.8077923069539,,,7.16639153411767,2.25281965305294
Portugal,PT,PRT,2018,86.7356954918399,,,6.89396581089387,2.4348516745380002
Portugal,PT,PRT,2019,86.7709889083586,,,6.09256453662211,2.16706704875644
Portugal,PT,PRT,2020,76.5086407209215,,,4.60416397341643,2.17126177491599
Portugal,PT,PRT,2021,85.8735452148975,,,5.7682700665625,2.93086469176063
Portugal,PT,PRT,2022,101.36414647943499,,,8.42233208891241,2.73426069633125
Portugal,PT,PRT,2023,93.1358537072038,,,6.4728964004123,2.52971110792555
Portugal,PT,PRT,2024,89.6615637070518,,,6.97069976539579,2.58903250022659
Portugal,PT,PRT,2025,86.3988769792664,,,5.07554801427069,2.70852169351224
Puerto Rico (US),PR,PRI,2002,106.32948683044,,,,
Puerto Rico (US),PR,PRI,2003,118.84015748242,,,,
Puerto Rico (US),PR,PRI,2004,117.000863757497,,,,
Puerto Rico (US),PR,PRI,2005,113.744794728395,,,,
Puerto Rico (US),PR,PRI,2006,117.728477994388,,,,
Puerto Rico (US),PR,PRI,2007,117.595779058079,,,,
Puerto Rico (US),PR,PRI,2008,116.277994389108,,,,
Puerto Rico (US),PR,PRI,2009,105.262196842682,,,,
Puerto Rico (US),PR,PRI,2010,104.153228306599,,,,
Puerto Rico (US),PR,PRI,2011,108.558400106824,,,,
Puerto Rico (US),PR,PRI,2012,103.311186552821,,,,
Puerto Rico (US),PR,PRI,2013,104.89224011713,,,,
Puerto Rico (US),PR,PRI,2014,102.385456504805,,,,
Puerto Rico (US),PR,PRI,2015,108.880634192821,,,,
Puerto Rico (US),PR,PRI,2016,110.274045470098,,,,
Puerto Rico (US),PR,PRI,2017,113.131649032582,,,,
Puerto Rico (US),PR,PRI,2018,106.001202479048,,,,
Puerto Rico (US),PR,PRI,2019,107.571456836722,,,,
Puerto Rico (US),PR,PRI,2020,103.509811317462,,,,
Puerto Rico (US),PR,PRI,2021,96.7453625315476,,,,
Puerto Rico (US),PR,PRI,2022,98.2564691765992,,,,
Puerto Rico (US),PR,PRI,2023,101.657550951677,,,,
Puerto Rico (US),PR,PRI,2024,94.6225085555605,,,,
Puerto Rico (US),PR,PRI,2025,90.4580438617492,,,,
Qatar,QA,QAT,2002,88.4697236252199,,,89.3048817670036,0.110910327832227
Qatar,QA,QAT,2003,90.1649486943021,,,92.3240924687122,0.11476394159958
Qatar,QA,QAT,2004,90.3724288385622,,,87.601550193793,0.127990870115735
Qatar,QA,QAT,2005,94.7455441696331,,,85.0601617861359,0.138772232521004
Qatar,QA,QAT,2006,98.570919313572,,,90.8536097539166,0.0895118209197128
Qatar,QA,QAT,2007,96.11443696558,,,90.657961505625,0.129421353793938
Qatar,QA,QAT,2008,89.4332931345959,,,92.0990432261148,0.408873281859897
Qatar,QA,QAT,2009,80.1441629727012,,,73.9077903042904,0.133761828512641
Qatar,QA,QAT,2010,86.0703268232169,,,92.5548513080755,0.265173247119746
Qatar,QA,QAT,2011,98.7216351018991,,,92.9962018469401,0.345141436873865
Qatar,QA,QAT,2012,105.746343435217,,,88.0489136744168,2.33134786640568
Qatar,QA,QAT,2013,102.383208106327,,,89.9813548660954,1.4549996311141
Qatar,QA,QAT,2014,99.0343747414317,,,87.8136789876161,0.250470194595494
Qatar,QA,QAT,2015,93.7076041736357,,,83.6583736058125,2.36949271094662
Qatar,QA,QAT,2016,89.5476001199351,,,85.0429975482696,2.54574439613324
Qatar,QA,QAT,2017,91.4945879195194,,,87.5565130224043,2.53602637474615
Qatar,QA,QAT,2018,91.838448978201,,,86.1296391093726,1.81446564020088
Qatar,QA,QAT,2019,90.0463755485388,,,88.8105651715138,2.24477154291504
Qatar,QA,QAT,2020,90.0190948833102,,,81.8145904890777,2.59716473860935
Qatar,QA,QAT,2021,92.7791585715125,,,84.4038969131069,2.79751145368207
Qatar,QA,QAT,2022,100.213647199618,,,87.2912521641352,2.46572186451205
Qatar,QA,QAT,2023,,,,86.5414333242433,2.33291761974842
Qatar,QA,QAT,2024,,,,83.7597865976017,2.49497468125356
Qatar,QA,QAT,2025,,,,,
Romania,RO,ROU,2002,53.7102478139376,,,7.90898665930851,4.2419741366313
Romania,RO,ROU,2003,56.1795270470243,,,6.47394621001543,4.14660575863074
Romania,RO,ROU,2004,60.6264786669408,,,6.72753084722976,4.67662140096493
Romania,RO,ROU,2005,59.3605494490555,,,10.6421419156508,3.92891510818202
Romania,RO,ROU,2006,61.6836259265159,,,9.98308648469886,5.25412030982878
Romania,RO,ROU,2007,63.5051566734658,,,7.53962745671053,5.20227714691062
Romania,RO,ROU,2008,65.1752009979412,,,8.93544041712786,4.72324875734715
Romania,RO,ROU,2009,58.4700583666529,,,5.89456207294194,3.60848133654177
Romania,RO,ROU,2010,69.9549354932718,,,5.30027024365568,4.23715422099536
Romania,RO,ROU,2011,76.271356441629,,,5.49644320283291,4.14141567149189
Romania,RO,ROU,2012,76.5943239913672,,,5.52974013515212,3.79071454336541
Romania,RO,ROU,2013,81.3976131747183,,,5.21153593145803,3.23653895835825
Romania,RO,ROU,2014,83.3751429575201,,,5.99419923728229,2.69272331387427
Romania,RO,ROU,2015,83.5205767017155,,,4.46156773088773,2.35870523830703
Romania,RO,ROU,2016,85.8925282906884,,,3.59956212321768,2.00820906359327
Romania,RO,ROU,2017,87.1560645667801,,,3.76905997733512,2.10951156385024
Romania,RO,ROU,2018,87.0911701095809,,,4.09581018076912,2.22792611963379
Romania,RO,ROU,2019,84.9063630584793,,,3.78369321514142,2.1926188654676
Romania,RO,ROU,2020,78.3616463562709,,,2.41690733716218,2.2989315798619
Romania,RO,ROU,2021,87.0711965460145,,,3.52321676540238,2.80466122236143
Romania,RO,ROU,2022,93.9496509383447,,,7.6342305168134,2.78929714304173
Romania,RO,ROU,2023,83.3753324062231,,,5.30806019443117,2.47796891956889
Romania,RO,ROU,2024,77.2149837939003,,,4.87639833165149,2.68710025626505
Romania,RO,ROU,2025,76.214786342907,,,,
Russian Federation,RU,RUS,2002,59.6454457319607,11.7868,34.9055498254565,52.4883815852667,7.23812309172877
Russian Federation,RU,RUS,2003,59.1282690076014,16.3833,42.1770938387787,54.5075199017182,6.79267321171407
Russian Federation,RU,RUS,2004,56.5818523984055,12.3471,58.9420488445259,54.6966789645053,7.54616354995644
Russian Federation,RU,RUS,2005,56.7132484905422,10.8595,72.9578588645724,61.7805796867657,6.51179321692703
Russian Federation,RU,RUS,2006,54.733401867266,13.0433,97.5894160897908,62.8821173688846,8.00467825169443
Russian Federation,RU,RUS,2007,51.7061227454606,24.0825,115.010744311107,61.4635425789649,8.13641951091464
Russian Federation,RU,RUS,2008,53.3824660408908,17.6974,101.661631517098,65.6784005422627,5.4575239167651
Russian Federation,RU,RUS,2009,48.4350610278181,13.063,108.089195665117,63.0130269894952,5.25762018292406
Russian Federation,RU,RUS,2010,50.3555054872589,14.409,114.677654856468,65.6482925992393,5.46295347541622
Russian Federation,RU,RUS,2011,48.0353994077919,12.8382,91.3759872475585,67.028076569532,4.79733097260547
Russian Federation,RU,RUS,2012,47.1513903857957,13.8385,90.872478673186,70.2890584289155,5.13944663103542
Russian Federation,RU,RUS,2013,46.287149400499,12.5651,76.2426429441506,70.5594810320243,4.57539836873419
Russian Federation,RU,RUS,2014,47.8013412628116,11.3656,69.6618630046609,69.5250946236846,4.62236197775783
Russian Federation,RU,RUS,2015,49.3593493116887,9.8715,74.7764277021239,62.8369478990481,5.90115777218879
Russian Federation,RU,RUS,2016,46.5181198396096,9.538,70.4473973376854,48.291548108568,6.04896824432423
Russian Federation,RU,RUS,2017,46.8765243371311,10.7776,83.3452221158102,49.1248783758441,6.02759162477638
Russian Federation,RU,RUS,2018,51.5809003703964,11.3442,98.0869709869488,52.6808355618333,5.65644967703026
Russian Federation,RU,RUS,2019,49.2287536619033,14.0607,114.283061409625,51.9517105308961,6.17355170558279
Russian Federation,RU,RUS,2020,45.9669082029127,13.4192,129.469715841732,42.0988979009334,8.63720072203089
Russian Federation,RU,RUS,2021,50.5861954621752,16.2992,133.904694210687,43.1468587746174,7.40377266771173
Russian Federation,RU,RUS,2022,42.7663082313349,17.4323,154.661968396813,,
Russian Federation,RU,RUS,2023,41.3395116492933,,,,
Russian Federation,RU,RUS,2024,39.4184058815423,,,,
Russian Federation,RU,RUS,2025,33.7100508676248,,,,
Rwanda,RW,RWA,2002,31.3172752974708,3.0151,16.7853483670789,0,35.088175963992
Rwanda,RW,RWA,2003,32.8189983492155,1.74,13.806516965337,0,26.6428584667642
Rwanda,RW,RWA,2004,37.0316755294291,0.917,18.8326436671246,0.0207021893929761,34.1911048887464
Rwanda,RW,RWA,2005,38.0262688816851,1.0065,16.8285512616186,0.0126880307428849,35.1376159794075
Rwanda,RW,RWA,2006,33.6578390444203,4.4204,88.0507090626504,0.00416015534860654,31.4407560198606
Rwanda,RW,RWA,2007,36.4479761431748,3.805,126.59960589429,0.0107732293468366,46.3016117072326
Rwanda,RW,RWA,2008,37.9969638376772,0.7233,82.8189965337812,0.239934257663276,27.933112466431
Rwanda,RW,RWA,2009,37.2137499920385,0.9214,91.693878487992,0.0536388840609877,25.0637471463376
Rwanda,RW,RWA,2010,37.7415245466166,1.1454,65.3844606154367,0.0684734450545245,35.8800089645487
Rwanda,RW,RWA,2011,40.1597511764349,7.6707,49.1248511140552,0.0358053478768208,45.1668198317922
Rwanda,RW,RWA,2012,41.081185425557,4.7422,26.1516254006042,0.0183622895975197,39.8735818164701
Rwanda,RW,RWA,2013,43.260980041775,0.4791,28.2738613218304,0.106275401403098,47.728426891862
Rwanda,RW,RWA,2014,44.4828257252622,0.8586,32.4805009618856,0.200175871031657,45.3122231010092
Rwanda,RW,RWA,2015,45.7348675761767,0.3264,26.5930545228427,0.134400288536825,29.177973798398
Rwanda,RW,RWA,2016,50.08973657056,5.2473,23.4745205794815,0.0716792615878137,22.4094104292018
Rwanda,RW,RWA,2017,54.2079656602139,6.0397,23.2270191273317,0.0762331071262711,29.4136298769588
Rwanda,RW,RWA,2018,47.9830578657248,6.236,23.8454566844657,0.315761583690096,30.314438220422
Rwanda,RW,RWA,2019,48.892715033759,5.2709,22.4796314887124,1.91424345145403,14.8783110729202
Rwanda,RW,RWA,2020,44.3511840604967,4.6156,20.987784946524,0.0438835362111073,8.24267617414299
Rwanda,RW,RWA,2021,59.8007993935018,4.4379,20.0398240385867,0.0491650847321846,14.4742019090766
Rwanda,RW,RWA,2022,60.9591709408266,3.8842,17.8077969358787,0.06254493579927,20.9179316429293
Rwanda,RW,RWA,2023,66.8925839339472,3.893,16.110817991216,,
Rwanda,RW,RWA,2024,71.6868069548772,3.8377,18.4397799720568,,
Rwanda,RW,RWA,2025,56.673349749538,,,,
Samoa,WS,WSM,2002,87.9199711386734,0.0063,42.1414060783037,0.730761730849719,0.00950478235098901
Samoa,WS,WSM,2003,76.272148769255,0,49.7652628226449,0.486557905447871,0.0248203386022644
Samoa,WS,WSM,2004,72.5293703149674,0,48.8020067299891,0.28703178042822,0.00111426930334486
Samoa,WS,WSM,2005,76.2247442670718,0,45.6876409461555,0.488165345312677,0.0719685217589917
Samoa,WS,WSM,2006,82.4691938417408,0,45.8816042102801,0.772258106267942,0.002053820788203
Samoa,WS,WSM,2007,83.2022041824641,0,48.0913781171394,0.33309207155733,0.147258431580946
Samoa,WS,WSM,2008,73.8864270586579,0,39.5177604873679,0.15989845885989,0.130417124077179
Samoa,WS,WSM,2009,75.9793921615973,0.0037,57.1312909298461,0.0711542909915566,0.183255903686575
Samoa,WS,WSM,2010,78.5698016774915,0,53.2269208145038,0.0035772967375037,0.318967504451416
Samoa,WS,WSM,2011,81.600955014363,0,34.7590259780425,0.00393270330163956,0.720787846781144
Samoa,WS,WSM,2012,82.7339794775292,0,30.3498472001905,0.0127897540235653,0.576139172223999
Samoa,WS,WSM,2013,77.877751737476,4.4122,27.5565542890559,0.517216883804058,1.0185790785436
Samoa,WS,WSM,2014,80.5007740440855,6.9219,21.0217535836956,0.0182051517534925,1.28420364195849
Samoa,WS,WSM,2015,74.6343550051873,6.1933,24.0711620472113,25.2875140647282,0.582488137297813
Samoa,WS,WSM,2016,75.2118174672901,5.995,20.0117855068155,21.4866855365958,0.573306948123184
Samoa,WS,WSM,2017,74.0110807608335,6.3747,26.1294771448222,29.0627630663918,1.53685838150667
Samoa,WS,WSM,2018,78.9349684295151,3.6443,36.4054515581672,25.7175192762981,1.29034091334291
Samoa,WS,WSM,2019,83.3310795816457,5.5896,40.7593206054742,24.7229883812226,0.638829194762302
Samoa,WS,WSM,2020,77.4847998856019,7.9335,58.0510017086331,,
Samoa,WS,WSM,2021,59.7697795919357,9.6264,58.2815144257053,10.8841841015502,1.34446918731882
Samoa,WS,WSM,2022,60.8477789845035,15.1473,68.2305504830073,27.8451229232458,1.23892376594614
Samoa,WS,WSM,2023,80.8405125709078,15.3574,103.374591782603,41.6559873310463,1.52450671582897
Samoa,WS,WSM,2024,79.5241475635456,17.3538,128.561899744944,33.2644249125196,1.31501150839331
Samoa,WS,WSM,2025,70.6296323498584,,,,
San Marino,SM,SMR,2002,,,,,
San Marino,SM,SMR,2003,,,,,
San Marino,SM,SMR,2004,,,,,
San Marino,SM,SMR,2005,,,,,
San Marino,SM,SMR,2006,,,,,
San Marino,SM,SMR,2007,,,,,
San Marino,SM,SMR,2008,,,,,
San Marino,SM,SMR,2009,,,,,
San Marino,SM,SMR,2010,,,,,
San Marino,SM,SMR,2011,,,,,
San Marino,SM,SMR,2012,,,,,
San Marino,SM,SMR,2013,,,,,
San Marino,SM,SMR,2014,,,,,
San Marino,SM,SMR,2015,321.364011035718,,,,
San Marino,SM,SMR,2016,320.146095231777,,,,
San Marino,SM,SMR,2017,313.850322940524,,,,
San Marino,SM,SMR,2018,309.487954987512,,,,
San Marino,SM,SMR,2019,307.264770546858,,,,
San Marino,SM,SMR,2020,304.903169667588,,,,
San Marino,SM,SMR,2021,342.470171021559,,,,
San Marino,SM,SMR,2022,370.43607698812,,,,
San Marino,SM,SMR,2023,340.983400117352,,,,
San Marino,SM,SMR,2024,,,,,
San Marino,SM,SMR,2025,,,,,
Sao Tome and Principe,ST,STP,2002,,8.6482,5.20393919080919,,
Sao Tome and Principe,ST,STP,2003,,4.5259,7.49208187050176,0.0053100808112838,3.16794593854999e-4
Sao Tome and Principe,ST,STP,2004,,4.6982,5.47760552713535,,0.0895842480326928
Sao Tome and Principe,ST,STP,2005,,4.2285,8.03675933705943,,0.0863198165301424
Sao Tome and Principe,ST,STP,2006,,4.2458,9.81653809828562,,
Sao Tome and Principe,ST,STP,2007,,11.5588,24.1546859199113,0,0.0198462515743544
Sao Tome and Principe,ST,STP,2008,72.8032735325871,13.9193,47.7449860180678,0,0.0168895633675306
Sao Tome and Principe,ST,STP,2009,71.0282157639862,10.473,43.3848825747486,0,0.0217502397087677
Sao Tome and Principe,ST,STP,2010,84.6502605115304,11.0047,27.1021521209009,,0.0146365688247039
Sao Tome and Principe,ST,STP,2011,86.1122609020117,11.6963,24.0918880313309,0,0.179058445587164
Sao Tome and Principe,ST,STP,2012,83.2030197079574,6.9918,26.6823474796312,0.746417733973855,0.120436900027286
Sao Tome and Principe,ST,STP,2013,83.4581625069125,5.6965,30.9241489996214,,1.13803781871473
Sao Tome and Principe,ST,STP,2014,114.769955102294,4.9298,30.7887982873868,,0.133214471679445
Sao Tome and Principe,ST,STP,2015,112.659579338965,3.0576,31.0929678560395,,1.31007931969682
Sao Tome and Principe,ST,STP,2016,100.395470605091,3.2891,26.2344330635456,,1.10064661472948
Sao Tome and Principe,ST,STP,2017,92.8973617603292,2.5578,21.6323267398246,7.57389924498639e-4,3.15685800955466
Sao Tome and Principe,ST,STP,2018,79.2002901440524,3.6445,17.0888821412951,0.003813919764725,1.69042686283506
Sao Tome and Principe,ST,STP,2019,67.5747989988655,7.2858,17.1099187455302,,0.625425440939643
Sao Tome and Principe,ST,STP,2020,48.6640079711896,7.4465,24.0645781122403,,0.144772036496155
Sao Tome and Principe,ST,STP,2021,57.9403473155232,6.5305,22.9070412085927,0.0213091672287746,0.111260345976181
Sao Tome and Principe,ST,STP,2022,64.9920379103896,2.3251,22.4753075070518,0.00914873174701748,0.256021001906655
Sao Tome and Principe,ST,STP,2023,46.9745787336632,2.5902,14.5212415133563,,0.181792712332166
Sao Tome and Principe,ST,STP,2024,44.2789124818003,2.435,18.0105142266124,,
Sao Tome and Principe,ST,STP,2025,46.5686308941032,,,,
Saudi Arabia,SA,SAU,2002,64.5927974099254,,,89.632681945671,0.223014841432731
Saudi Arabia,SA,SAU,2003,69.831170708742,,,89.6778492659469,0.182297848800483
Saudi Arabia,SA,SAU,2004,75.0828366569341,,,89.8201774712183,0.172369585319018
Saudi Arabia,SA,SAU,2005,81.9540759410158,,,91.041350268177,0.136856334587532
Saudi Arabia,SA,SAU,2006,89.9446046768984,,,90.9813789166803,0.218876090049362
Saudi Arabia,SA,SAU,2007,94.8633170967657,,,90.171950238549,0.283339865220026
Saudi Arabia,SA,SAU,2008,96.1026308742185,,,91.3714832745092,0.221472078668656
Saudi Arabia,SA,SAU,2009,84.8583415624843,,,87.8041747949147,0.231975459893341
Saudi Arabia,SA,SAU,2010,82.5496850227537,,,87.6208624921467,0.154478800944879
Saudi Arabia,SA,SAU,2011,84.3594342438995,,,88.7250786188123,0.122149631834301
Saudi Arabia,SA,SAU,2012,81.74067854616,,,88.6274591343223,0.13826943855079
Saudi Arabia,SA,SAU,2013,80.2515014286783,,,87.5705430575713,0.402796097147209
Saudi Arabia,SA,SAU,2014,78.000111117736,,,85.1657914409074,0.768227403977672
Saudi Arabia,SA,SAU,2015,67.105269230059207,,,78.4307733758804,1.31618970402186
Saudi Arabia,SA,SAU,2016,57.9216635110364,,,77.5498175972453,1.42046701416935
Saudi Arabia,SA,SAU,2017,59.5319791578229,,,79.8468152028451,1.41508824303705
Saudi Arabia,SA,SAU,2018,59.1029104697141,,,80.9954096508223,1.23841153981194
Saudi Arabia,SA,SAU,2019,56.7938204886513,,,80.0531128894226,1.28729151886568
Saudi Arabia,SA,SAU,2020,47.533159225048,,,72.5938015741335,2.00497032043963
Saudi Arabia,SA,SAU,2021,50.8839263398787,,,76.6076971781348,1.63492146185275
Saudi Arabia,SA,SAU,2022,56.8241647749332,,,82.1937028956426,1.53347926710053
Saudi Arabia,SA,SAU,2023,55.7974682325487,,,81.3099851483006,1.5019514801573
Saudi Arabia,SA,SAU,2024,56.4049374147889,,,79.3976376511523,1.88115150595924
Saudi Arabia,SA,SAU,2025,57.9182238579808,,,,
Senegal,SN,SEN,2002,53.1442994641329,7.1272,,22.9536344852393,5.91623145355821
Senegal,SN,SEN,2003,50.8212198933376,3.5365,,20.1132767842961,3.36692256599382
Senegal,SN,SEN,2004,53.6592031275529,0.9074,,19.4159848839727,3.85826880765766
Senegal,SN,SEN,2005,54.9032435689485,0.9247,,21.0595789242314,2.80799127270505
Senegal,SN,SEN,2006,54.1362378092613,4.3468,,0.0256212638117457,6.80535867111246
Senegal,SN,SEN,2007,59.2713043549794,12.8453,,19.2664367194943,4.09941776123282
Senegal,SN,SEN,2008,62.7617698176319,6.9127,,33.9702380175562,4.20945765759815
Senegal,SN,SEN,2009,52.3072908773365,2e-4,,21.8492344378644,3.07138060847192
Senegal,SN,SEN,2010,52.4578551962948,0,,20.9065266421233,3.52640976199386
Senegal,SN,SEN,2011,57.5768785989578,0,,14.7310775200693,3.70911760141206
Senegal,SN,SEN,2012,61.9753040040375,0,,14.2516041589205,4.10510228785388
Senegal,SN,SEN,2013,60.6267663596737,0,,16.5051008208846,4.11404798239952
Senegal,SN,SEN,2014,58.4425289760992,12.5049,,16.7618632956865,4.62550762872484
Senegal,SN,SEN,2015,58.1103376742017,13.0454,,13.8780481897626,8.13298380367881
Senegal,SN,SEN,2016,54.1081692072139,13.2678,,10.6879023669804,6.69316539977657
Senegal,SN,SEN,2017,57.8165678119905,11.7525,,14.7788676948201,7.51256460856649
Senegal,SN,SEN,2018,61.7898394793183,10.9369,,15.7717618687425,6.89623747146186
Senegal,SN,SEN,2019,64.2362506061005,8.346,,19.9087625078162,6.62308019774993
Senegal,SN,SEN,2020,60.0468716137065,6.7004,,15.9872308197167,6.7523481096606
Senegal,SN,SEN,2021,69.3759939883832,9.4341,,15.5262597724139,7.26296018851439
Senegal,SN,SEN,2022,79.3974220189679,10.1619,,18.2530882668501,8.67310693880965
Senegal,SN,SEN,2023,71.5942815846823,10.6871,,21.4769186750925,7.91160881238856
Senegal,SN,SEN,2024,68.2363510312865,9.6932,,32.7114577390774,7.85005360318967
Senegal,SN,SEN,2025,71.0687063150657,,,,
Serbia,RS,SRB,2002,54.302882889577,19.9269,,3.40802673811775,12.147882359447
Serbia,RS,SRB,2003,58.2946720222191,19.6696,,,
Serbia,RS,SRB,2004,72.2876162455649,11.5963,,2.40451085264827,10.8968524632872
Serbia,RS,SRB,2005,71.9925488520017,13.874,,3.65981095135982,9.20219714313351
Serbia,RS,SRB,2006,75.529235364472,11.2685,59.7859916996022,3.50689025126194,11.2944829162076
Serbia,RS,SRB,2007,72.7165875771534,8.5793,54.2288736398521,2.62105665377349,10.2945597528689
Serbia,RS,SRB,2008,75.7432462868839,12.092,37.6409506004129,,
Serbia,RS,SRB,2009,63.5017226157541,10.6486,45.0408447418424,,
Serbia,RS,SRB,2010,73.7088615865295,8.5033,40.4395759359077,,
Serbia,RS,SRB,2011,75.7493613069523,3.6703,49.2244413973521,,
Serbia,RS,SRB,2012,82.0766814348254,2.9631,41.9164215212257,,
Serbia,RS,SRB,2013,84.3322563766638,1.5419,43.3027902677064,,
Serbia,RS,SRB,2014,88.3815023270446,1.6588,37.537141167856,,
Serbia,RS,SRB,2015,93.5281477663237,2.9352,37.507543239069,,
Serbia,RS,SRB,2016,97.6906940431804,2.5394,38.5186945139272,,
Serbia,RS,SRB,2017,102.740445166934,3.2618,38.4931543272487,,
Serbia,RS,SRB,2018,105.563713028559,5.2605,41.4660899525128,,
Serbia,RS,SRB,2019,107.577309546092,6.6732,46.2822748679475,,
Serbia,RS,SRB,2020,100.324460810129,4.8876,42.6186791411736,,
Serbia,RS,SRB,2021,112.342298324945,4.7449,44.3160477563841,,
Serbia,RS,SRB,2022,131.913292283516,5.7092,46.1082013765065,,
Serbia,RS,SRB,2023,114.49206464322,1.9293,54.8545280307152,,
Serbia,RS,SRB,2024,111.725028388916,1.9249,58.6418653874566,,
Serbia,RS,SRB,2025,112.923490609083,,,,
Seychelles,SC,SYC,2002,156.9298895573,,,5.11482906087217e-4,0.00759101136635465
Seychelles,SC,SYC,2003,168.844235034216,,,0,4.87825584131394e-4
Seychelles,SC,SYC,2004,149.54093675029,,,0,0.00199689155454377
Seychelles,SC,SYC,2005,171.101735954764,,,0,0.0121100850364656
Seychelles,SC,SYC,2006,177.56693551462,,,0,0.0170288977704726
Seychelles,SC,SYC,2007,174.928462798259,,,0,0.0105438213706045
Seychelles,SC,SYC,2008,208.842968505327,,,0.00387831635301445,0.00644599682818596
Seychelles,SC,SYC,2009,221.933825358009,,,0.0564994412706798,0.00399654587486714
Seychelles,SC,SYC,2010,198.162692424328,,,0.00559864131435949,0.0538854067505307
Seychelles,SC,SYC,2011,210.075382747992,,,2.17181210393764,0.0181881223731395
Seychelles,SC,SYC,2012,222.178254853141,,,0.00150958117338773,0.117272480478865
Seychelles,SC,SYC,2013,196.517733268793,,,0.00216450373450432,0.0246570604130509
Seychelles,SC,SYC,2014,213.354469426486,,,0.00217217284401373,0.0111489055716854
Seychelles,SC,SYC,2015,187.475012467679,,,0.00220439189802751,0.00898335667236647
Seychelles,SC,SYC,2016,180.866188390939,,,0.00188380561331842,0.0220737111352172
Seychelles,SC,SYC,2017,197.442236417869,,,0.00647778733484981,0.265276042802722
Seychelles,SC,SYC,2018,185.7075372109,,,0.00456395366876338,0.208781439922779
Seychelles,SC,SYC,2019,173.407846880196,,,0.00303471337037221,0.209249092826996
Seychelles,SC,SYC,2020,153.48333156592,,,11.4058627211284,0.335907813524439
Seychelles,SC,SYC,2021,183.77081501466,,,0.00229167892575641,0.623680740993814
Seychelles,SC,SYC,2022,191.578843890135,,,0.022545363592114,0.708125394858405
Seychelles,SC,SYC,2023,183.842116553333,,,0,11.6900044741911
Seychelles,SC,SYC,2024,175.872982613261,,,0,13.7185316539041
Seychelles,SC,SYC,2025,172.28733997155,,,,
Sierra Leone,SL,SLE,2002,38.9169111968846,0.7369,6.01314458652017,,0.115001778766282
Sierra Leone,SL,SLE,2003,46.4464363702625,1.0657,4.22758436435162,,
Sierra Leone,SL,SLE,2004,46.1719991766037,1.2772,7.43188784149614,,
Sierra Leone,SL,SLE,2005,47.547983989225,1.1737,9.44834774834428,,
Sierra Leone,SL,SLE,2006,22.0888664739674,0.7824,12.0321489096854,,
Sierra Leone,SL,SLE,2007,21.8067992689239,0.9187,39.2974352008599,,
Sierra Leone,SL,SLE,2008,21.2566155636984,1.4204,34.7371543465592,,
Sierra Leone,SL,SLE,2009,23.0753395976546,2.6842,47.2618797563693,,
Sierra Leone,SL,SLE,2010,27.9541259241389,0.4421,43.9222249095519,,
Sierra Leone,SL,SLE,2011,43.7807969332619,3.3319,41.8049738887713,,
Sierra Leone,SL,SLE,2012,53.3813447139398,16.5514,35.798069933052,,
Sierra Leone,SL,SLE,2013,53.3627646114117,15.2673,38.046017909709,,
Sierra Leone,SL,SLE,2014,51.1187772788807,14.907,41.9182090026415,0.0128489031725622,86.4196189147314
Sierra Leone,SL,SLE,2015,36.4823958242319,13.7305,37.1624174752316,0,0.988737482926271
Sierra Leone,SL,SLE,2016,43.0672126969961,12.3704,30.6093262483035,,0.52250323873849
Sierra Leone,SL,SLE,2017,41.5213782343591,10.8705,30.6035747879682,0.0564669332343084,9.23607569467904
Sierra Leone,SL,SLE,2018,37.3774603119412,10.282,27.3394520213469,0.143317650742994,19.708507181177
Sierra Leone,SL,SLE,2019,37.5619529967261,9.6608,27.4615188594842,,
Sierra Leone,SL,SLE,2020,30.613100943757,8.3777,32.2333678847423,,
Sierra Leone,SL,SLE,2021,42.1435161621354,7.3504,37.3594175115486,,
Sierra Leone,SL,SLE,2022,45.054212809586,6.7306,26.0053283667759,,
Sierra Leone,SL,SLE,2023,55.286796968766,6.5992,20.6274409723263,,
Sierra Leone,SL,SLE,2024,40.5454450723139,7.4641,18.597327427108,,
Sierra Leone,SL,SLE,2025,49.0960746822456,,,,
Singapore,SG,SGP,2002,349.746013985676,,,7.78467758368727,1.08067169213012
Singapore,SG,SGP,2003,377.218564301581,,,8.48131703942424,1.07415745191144
Singapore,SG,SGP,2004,401.523712538509,,,10.0011141121373,1.1723248694138
Singapore,SG,SGP,2005,420.430512920559,,,12.1549708258777,1.04800700996418
Singapore,SG,SGP,2006,425.363399543019,,,13.0404528247468,1.35240730496431
Singapore,SG,SGP,2007,394.288471919078,,,13.704672783184,1.67461991104337
Singapore,SG,SGP,2008,437.326714891057,,,18.3182362913508,1.35326163797883
Singapore,SG,SGP,2009,358.192811828842,,,15.1717738189152,1.19344097453952
Singapore,SG,SGP,2010,369.685555787646,,,16.058408945022,1.17367084813641
Singapore,SG,SGP,2011,379.098631377539,,,19.4524947487215,1.18276920275837
Singapore,SG,SGP,2012,369.212965787665,,,18.1822013277449,1.04030328151159
Singapore,SG,SGP,2013,367.041780049019,,,16.9980670047224,1.18662500123941
Singapore,SG,SGP,2014,360.467319166237,,,16.5313373923587,1.15860012116163
Singapore,SG,SGP,2015,329.471398940262,,,12.1908650025812,1.23964372978781
Singapore,SG,SGP,2016,301.338866227561,,,11.0718628236027,1.09646722509989
Singapore,SG,SGP,2017,315.401433455385,,,12.8070800638533,1.0282289180264
Singapore,SG,SGP,2018,325.725809994853,,,13.1200446541319,0.872884059699682
Singapore,SG,SGP,2019,324.270088576625,,,12.2634428523157,0.723461507461781
Singapore,SG,SGP,2020,331.080556828077,,,8.08880118903498,0.715717514808364
Singapore,SG,SGP,2021,326.53325458764,,,10.0411260925957,1.19554185193546
Singapore,SG,SGP,2022,330.246917062891,,,12.7477293277122,0.955098805547699
Singapore,SG,SGP,2023,323.7012199919,,,12.3816136808707,0.809638959840998
Singapore,SG,SGP,2024,313.299377202408,,,11.1356295723316,0.731093287901306
Singapore,SG,SGP,2025,320.306025413626,,,,
Sint Maarten (Dutch part),SX,SXM,2002,,,,,
Sint Maarten (Dutch part),SX,SXM,2003,,,,,
Sint Maarten (Dutch part),SX,SXM,2004,,,,,
Sint Maarten (Dutch part),SX,SXM,2005,,,,,
Sint Maarten (Dutch part),SX,SXM,2006,,,,,
Sint Maarten (Dutch part),SX,SXM,2007,,,,,
Sint Maarten (Dutch part),SX,SXM,2008,,,,,
Sint Maarten (Dutch part),SX,SXM,2009,,,,,
Sint Maarten (Dutch part),SX,SXM,2010,,,,,
Sint Maarten (Dutch part),SX,SXM,2011,,,,,
Sint Maarten (Dutch part),SX,SXM,2012,,,,,
Sint Maarten (Dutch part),SX,SXM,2013,,,,,
Sint Maarten (Dutch part),SX,SXM,2014,,,,,
Sint Maarten (Dutch part),SX,SXM,2015,,,,,
Sint Maarten (Dutch part),SX,SXM,2016,,,,,
Sint Maarten (Dutch part),SX,SXM,2017,,,,,
Sint Maarten (Dutch part),SX,SXM,2018,,,,,
Sint Maarten (Dutch part),SX,SXM,2019,,,,,
Sint Maarten (Dutch part),SX,SXM,2020,,,,,
Sint Maarten (Dutch part),SX,SXM,2021,,,,,
Sint Maarten (Dutch part),SX,SXM,2022,,,,,
Sint Maarten (Dutch part),SX,SXM,2023,,,,,
Sint Maarten (Dutch part),SX,SXM,2024,,,,,
Sint Maarten (Dutch part),SX,SXM,2025,,,,,
Slovak Republic,SK,SVK,2002,120.599168045888,,,6.05883962338184,3.08982972415369
Slovak Republic,SK,SVK,2003,125.998506220804,,,5.19410482746844,2.42643979216738
Slovak Republic,SK,SVK,2004,140.222460021585,,,6.40910906998355,2.87450444611421
Slovak Republic,SK,SVK,2005,148.705461161746,,,5.87429697719751,2.544834523225
Slovak Republic,SK,SVK,2006,164.992205726236,,,5.45263721046917,3.62702670437243
Slovak Republic,SK,SVK,2007,166.580025216882,,,4.46472981907327,2.78073501654963
Slovak Republic,SK,SVK,2008,162.464472991641,,,5.03913291432862,2.44430465149053
Slovak Republic,SK,SVK,2009,136.714352092364,,,4.59005046152452,2.34997546535549
Slovak Republic,SK,SVK,2010,155.108497681586,,,5.32107029549182,3.06339387755563
Slovak Republic,SK,SVK,2011,169.178076311066,,,6.3427617336085,3.09128794797588
Slovak Republic,SK,SVK,2012,176.968958181431,,,5.93405507461835,3.09189867854254
Slovak Republic,SK,SVK,2013,180.903136491458,,,5.49862698466683,2.21886544374219
Slovak Republic,SK,SVK,2014,176.756316098132,,,4.49660509450053,2.25569773540476
Slovak Republic,SK,SVK,2015,179.42602289503,,,3.56775283331613,2.07702257913598
Slovak Republic,SK,SVK,2016,182.757379596201,,,2.73717751869443,1.73795322119081
Slovak Republic,SK,SVK,2017,186.644687399549,,,3.34003905555557,2.0947752210728
Slovak Republic,SK,SVK,2018,188.732964699496,,,3.01754578371017,2.058891979144
Slovak Republic,SK,SVK,2019,183.722608631236,,,2.91237113875992,2.02562522713495
Slovak Republic,SK,SVK,2020,167.534173320366,,,2.40048974080195,1.82530337418008
Slovak Republic,SK,SVK,2021,181.97948448512,,,3.20008877955479,2.33537749533956
Slovak Republic,SK,SVK,2022,204.056318531151,,,5.17128070125546,2.14228590243134
Slovak Republic,SK,SVK,2023,181.39087235645,,,3.49514675824369,1.48495237277126
Slovak Republic,SK,SVK,2024,171.212800151635,,,3.9692718459897,1.74565593994345
Slovak Republic,SK,SVK,2025,170.342496403331,,,,
Slovenia,SI,SVN,2002,104.880458289416,,,1.08354752383758,3.77904706345591
Slovenia,SI,SVN,2003,103.280027127626,,,1.35327299535994,3.78112943777451
Slovenia,SI,SVN,2004,112.399933466762,,,1.59552100048804,4.22241608055866
Slovenia,SI,SVN,2005,121.127284217914,,,2.08257850226108,4.7822162511827
Slovenia,SI,SVN,2006,130.517913086158,,,2.68558003854683,5.92423324066306
Slovenia,SI,SVN,2007,137.66309435102,,,1.93255674677519,5.53923909402388
Slovenia,SI,SVN,2008,135.387093664802,,,3.00499594144832,4.52088443668789
Slovenia,SI,SVN,2009,114.482301023638,,,3.24574769598826,3.61372711076552
Slovenia,SI,SVN,2010,128.606575425363,,,4.23077929584745,4.75514904527604
Slovenia,SI,SVN,2011,140.332355750319,,,5.73633703059595,4.85705661189599
Slovenia,SI,SVN,2012,143.656448572975,,,6.44555755032785,4.71471141059676
Slovenia,SI,SVN,2013,145.168789432403,,,6.64007469250151,4.47652028853792
Slovenia,SI,SVN,2014,146.471705096746,,,6.13707236135344,4.29552333310219
Slovenia,SI,SVN,2015,147.218367714503,,,5.30512694060918,4.4784313285968
Slovenia,SI,SVN,2016,148.238448080388,,,4.51020963826692,4.06286659046935
Slovenia,SI,SVN,2017,158.70213584467,,,4.90399470047748,4.09263687333458
Slovenia,SI,SVN,2018,162.613493975851,,,5.20932753188527,4.2822692607303
Slovenia,SI,SVN,2019,160.044275685249,,,5.29699863123313,4.02979133902762
Slovenia,SI,SVN,2020,147.549008584942,,,3.055900555541,3.63692852871633
Slovenia,SI,SVN,2021,161.788727511439,,,4.10788382179874,4.34050714716847
Slovenia,SI,SVN,2022,186.647076274632,,,7.89672737373254,3.90301974294686
Slovenia,SI,SVN,2023,160.1596693009,,,5.56004798300167,3.13835009485939
Slovenia,SI,SVN,2024,155.657928684474,,,4.65788147025927,3.02692030138335
Slovenia,SI,SVN,2025,151.915368839135,,,,
Solomon Islands,SB,SLB,2002,45.1275100252581,2.4064,10.3394631967694,,0.0355635138303772
Solomon Islands,SB,SLB,2003,55.9586076145116,4.4521,20.4180704849402,3.83394351125216e-4,0.0410792651000092
Solomon Islands,SB,SLB,2004,62.8118968234281,6.7184,44.4292402215672,0,0.0284651218928002
Solomon Islands,SB,SLB,2005,66.5710774479487,9.1335,56.6497546149963,0.0190138586134433,0.0445471208959641
Solomon Islands,SB,SLB,2006,69.7893995920413,8.9125,59.6679275138549,0,0.0315310922323191
Solomon Islands,SB,SLB,2007,83.7476122894046,1.8872,67.5880637339156,,0.0543463882801275
Solomon Islands,SB,SLB,2008,87.3526147171949,1.831,53.2218081550163,,0.199009675367661
Solomon Islands,SB,SLB,2009,71.8849537891287,1.4631,84.6565303578218,1.2908280404646e-4,0.0455196295381308
Solomon Islands,SB,SLB,2010,96.1485545423385,1.738,115.20147215912,0.00230553770936948,0.145449273451894
Solomon Islands,SB,SLB,2011,107.24751599476,4.9906,160.103309366144,0.00377501229815091,0.231026951563001
Solomon Islands,SB,SLB,2012,104.823434628967,0.877,218.681024610626,0.00286407112644014,0.481516704333512
Solomon Islands,SB,SLB,2013,99.6074605551315,1.4707,255.170886976345,0.00744121369103079,0.286397571590278
Solomon Islands,SB,SLB,2014,93.4534073008692,7.9848,264.457838260241,7.58573980473933e-4,0.382901213722633
Solomon Islands,SB,SLB,2015,88.1884859107326,10.4717,250.436733369586,4.61049174268891e-4,0.709884794452891
Solomon Islands,SB,SLB,2016,85.54984577725,13.155,194.801297935845,4.37407361149661e-5,0.162552546552045
Solomon Islands,SB,SLB,2017,82.1974922027324,8.6362,177.984434508135,5.00466251375634e-6,4.22408530148576
Solomon Islands,SB,SLB,2018,88.4949614655388,13.5887,194.820406462572,,3.77957939916417
Solomon Islands,SB,SLB,2019,82.9985659020552,11.8559,187.444511569621,,
Solomon Islands,SB,SLB,2020,60.2204367377792,8.3013,204.898314366007,,
Solomon Islands,SB,SLB,2021,67.4200567620007,11.5204,154.8146346359,,
Solomon Islands,SB,SLB,2022,74.8355405899571,12.432,138.593720942502,,
Solomon Islands,SB,SLB,2023,101.134531825762,7.7335,130.389746099371,,
Solomon Islands,SB,SLB,2024,111.352972154204,4.8969,115.040439297163,,
Solomon Islands,SB,SLB,2025,,,,,
"Somalia, Fed. Rep.",SO,SOM,2002,,25.7141,,,
"Somalia, Fed. Rep.",SO,SOM,2003,,26.5166,,,
"Somalia, Fed. Rep.",SO,SOM,2004,,26.1183,,,
"Somalia, Fed. Rep.",SO,SOM,2005,,26.3796,,,
"Somalia, Fed. Rep.",SO,SOM,2006,,26.9727,,,
"Somalia, Fed. Rep.",SO,SOM,2007,,27.4876,,,
"Somalia, Fed. Rep.",SO,SOM,2008,,27.6827,,,
"Somalia, Fed. Rep.",SO,SOM,2009,,27.5371,,,
"Somalia, Fed. Rep.",SO,SOM,2010,,27.6534,,,
"Somalia, Fed. Rep.",SO,SOM,2011,,27.8359,,,
"Somalia, Fed. Rep.",SO,SOM,2012,88.5736460782288,28.116,,,
"Somalia, Fed. Rep.",SO,SOM,2013,83.3409991258378,28.4219,,,
"Somalia, Fed. Rep.",SO,SOM,2014,81.7010414559322,28.5123,,,
"Somalia, Fed. Rep.",SO,SOM,2015,76.4793322385239,28.6149,,,
"Somalia, Fed. Rep.",SO,SOM,2016,74.3615625516249,28.7232,,,
"Somalia, Fed. Rep.",SO,SOM,2017,68.6756490932841,29.1673,,,
"Somalia, Fed. Rep.",SO,SOM,2018,73.8219230280706,57.2715,,,
"Somalia, Fed. Rep.",SO,SOM,2019,70.2980591497227,57.8008,,,
"Somalia, Fed. Rep.",SO,SOM,2020,75.6954102920723,33.5294,,,
"Somalia, Fed. Rep.",SO,SOM,2021,79.0994411051355,28.4631,,,
"Somalia, Fed. Rep.",SO,SOM,2022,90.7576203077526,27.7776,,,
"Somalia, Fed. Rep.",SO,SOM,2023,103.121007483117,22.6262,,,
"Somalia, Fed. Rep.",SO,SOM,2024,130.325060583271,41.7909,,,
"Somalia, Fed. Rep.",SO,SOM,2025,128.063438809135,,,,
South Africa,ZA,ZAF,2002,53.4655016294369,22.9458,22.2700386591269,12.0727131541814,11.2346894321467
South Africa,ZA,ZAF,2003,45.723862568979,27.9084,20.3276472343496,9.8173484464874,19.0277419846124
South Africa,ZA,ZAF,2004,45.6435752240041,30.7792,33.8219233498875,9.10044404774694,21.9852655048325
South Africa,ZA,ZAF,2005,47.4277813970329,38.9445,45.7355548037697,10.3556169994696,22.2629845616509
South Africa,ZA,ZAF,2006,53.7681412741145,42.1022,44.1668314033607,9.50001852429468,28.4686593780611
South Africa,ZA,ZAF,2007,57.125139137747,40.1348,45.2114739567134,10.5565719826577,29.3348942321308
South Africa,ZA,ZAF,2008,65.9745237996233,42.2761,45.8671013222691,9.62652463034354,29.0413837735149
South Africa,ZA,ZAF,2009,49.5875353278801,34.5844,46.9310779206797,11.1812947177261,29.2198675573527
South Africa,ZA,ZAF,2010,50.4060871625999,27.8096,37.9948038167468,10.7102338605923,28.2409908532572
South Africa,ZA,ZAF,2011,54.6363504358971,23.6172,39.2667554741774,10.535512006307,28.0454412835201
South Africa,ZA,ZAF,2012,55.5826171933345,24.6549,34.2555684661855,11.4220012610139,25.2999847349273
South Africa,ZA,ZAF,2013,58.875027630051,25.5854,35.0919859143031,10.704185952183,27.8724763359246
South Africa,ZA,ZAF,2014,59.4995740550593,28.4264,32.8947931862437,10.1834786043196,24.2293790861848
South Africa,ZA,ZAF,2015,56.7266761447156,28.981,35.9187018068811,9.75395048126192,23.2733809317436
South Africa,ZA,ZAF,2016,55.8612575048782,25.8228,32.7506619677507,9.83410485960525,22.069403504453
South Africa,ZA,ZAF,2017,53.5359318293741,23.36,28.9803615189887,12.0071561154403,24.185244340361
South Africa,ZA,ZAF,2018,54.4855451276341,26.5647,28.6590572828737,10.9922042428029,25.6101432342632
South Africa,ZA,ZAF,2019,53.8979964081406,23.3271,28.8631719153705,10.050875262098,28.4545998457312
South Africa,ZA,ZAF,2020,50.7596590804177,21.1352,31.3568350032757,8.10609432073402,31.4389170033873
South Africa,ZA,ZAF,2021,56.1647136277546,21.4178,33.991161210797,8.68304384294431,37.7780356859312
South Africa,ZA,ZAF,2022,64.94713440234,25.0093,35.260316224232,14.3272920099043,31.5450035556722
South Africa,ZA,ZAF,2023,65.6798759740707,25.4577,37.6820466410088,10.7279305896972,29.1169283744823
South Africa,ZA,ZAF,2024,61.646770473025,26.6228,37.2010311106082,9.60851603889865,29.1712554651673
South Africa,ZA,ZAF,2025,60.9110971393628,,,8.21099773633968,30.3392517456071
South Sudan,SS,SSD,2002,,,,,
South Sudan,SS,SSD,2003,,,,,
South Sudan,SS,SSD,2004,,,,,
South Sudan,SS,SSD,2005,,,,,
South Sudan,SS,SSD,2006,,,,,
South Sudan,SS,SSD,2007,,,,,
South Sudan,SS,SSD,2008,97.2662973183488,,,,
South Sudan,SS,SSD,2009,94.8357640879963,,,,
South Sudan,SS,SSD,2010,90.9434483661131,,,,
South Sudan,SS,SSD,2011,93.226859754919,,,,
South Sudan,SS,SSD,2012,71.6198113947489,,,,
South Sudan,SS,SSD,2013,50.8112465907463,,,,
South Sudan,SS,SSD,2014,64.6345178070809,,,,
South Sudan,SS,SSD,2015,65.5513491845003,,,,
South Sudan,SS,SSD,2016,,,,,
South Sudan,SS,SSD,2017,,,,,
South Sudan,SS,SSD,2018,,,,,
South Sudan,SS,SSD,2019,,,,,
South Sudan,SS,SSD,2020,,,,,
South Sudan,SS,SSD,2021,,,,,
South Sudan,SS,SSD,2022,,,,,
South Sudan,SS,SSD,2023,,,,,
South Sudan,SS,SSD,2024,,,,,
South Sudan,SS,SSD,2025,,,,,
Spain,ES,ESP,2002,55.1021415309759,,,2.60672035617192,2.02416535084025
Spain,ES,ESP,2003,53.4357897202258,,,3.05533457844303,1.98483622334095
Spain,ES,ESP,2004,54.4795182656074,,,3.78571549652604,2.00605504938666
Spain,ES,ESP,2005,54.6991667043772,,,4.34620832186207,2.46943236876249
Spain,ES,ESP,2006,56.0839263823216,,,4.60264900576493,3.19753365298321
Spain,ES,ESP,2007,57.6269487657546,,,4.8114865843448,2.95925759273902
Spain,ES,ESP,2008,55.8281315172523,,,6.61111921226571,2.70479062059669
Spain,ES,ESP,2009,46.8366899971109,,,4.60706504658886,2.49931426717884
Spain,ES,ESP,2010,52.6933699734019,,,5.21853657306203,3.38387629327614
Spain,ES,ESP,2011,58.5118228859632,,,6.34959376901464,3.83147061891332
Spain,ES,ESP,2012,60.5540346961864,,,7.66160598985677,3.746022846104
Spain,ES,ESP,2013,61.6687726441327,,,7.07385916029595,3.41226150663797
Spain,ES,ESP,2014,63.39926213895,,,7.49300278485712,3.37388702291901
Spain,ES,ESP,2015,63.5820412248232,,,5.17263082839127,3.431949189632
Spain,ES,ESP,2016,63.1886778507294,,,4.06976370711053,3.12394579217233
Spain,ES,ESP,2017,66.167446137857,,,5.82886221239074,3.72813715185895
Spain,ES,ESP,2018,67.0094103982921,,,6.55643130447885,3.78115212635428
Spain,ES,ESP,2019,66.3662250440692,,,6.17053042090891,3.47791209244656
Spain,ES,ESP,2020,59.4461280147076,,,4.04918305116398,3.20291695687462
Spain,ES,ESP,2021,66.524588943191,,,6.00550281136412,3.88819800713491
Spain,ES,ESP,2022,78.4657338703054,,,8.748152923734,3.70351654042085
Spain,ES,ESP,2023,71.7976366055733,,,6.80944454760639,3.20080590303441
Spain,ES,ESP,2024,69.9502612382631,,,5.79530570621524,3.42743394375482
Spain,ES,ESP,2025,69.4508260073781,,,,
Sri Lanka,LK,LKA,2002,76.3351317826517,9.3255,16.8444680512211,0.304586211573665,1.86793085461174
Sri Lanka,LK,LKA,2003,75.336247330543,7.0669,21.7581848372383,0.0186247651649952,2.85516105965057
Sri Lanka,LK,LKA,2004,79.4829449011187,8.8876,19.0068005430546,0.150369711535244,3.12078954906743
Sri Lanka,LK,LKA,2005,73.6039729580533,6.8329,24.2029671201775,0.00821077727954495,3.6175738210404
Sri Lanka,LK,LKA,2006,71.2611784883009,5.834,23.8926075524645,0.11625628378638,1.82413360827755
Sri Lanka,LK,LKA,2007,68.6065116601391,9.4441,24.8452675211771,0.0283395744133274,2.1019368588222
Sri Lanka,LK,LKA,2008,63.369043608222,16.6966,16.0320332012605,0.0214090522245665,1.65493324221432
Sri Lanka,LK,LKA,2009,49.1491415308235,18.2192,27.4484977933376,0.0294628619921436,1.41195321485931
Sri Lanka,LK,LKA,2010,,11.1399,33.1824783035151,0.15783503417986,0.875207413596527
Sri Lanka,LK,LKA,2011,,13.862,26.1255953673826,0.440288017795888,0.611659075040682
Sri Lanka,LK,LKA,2012,,17.9623,19.8860491688514,0.359491962840932,0.757834426205087
Sri Lanka,LK,LKA,2013,,17.234,19.0761089701795,0.316453474817973,0.621745135398051
Sri Lanka,LK,LKA,2014,,17.3318,19.427124467104,2.6384817081413,0.555241520911473
Sri Lanka,LK,LKA,2015,46.9179708088698,17.2733,16.6233164182209,1.80834526900714,0.537232352990438
Sri Lanka,LK,LKA,2016,46.4715370250761,15.886,12.8757962849015,1.60024589595184,0.597589673351454
Sri Lanka,LK,LKA,2017,47.1404098001494,15.7797,15.6777039844927,2.5584319412636,0.778839492862646
Sri Lanka,LK,LKA,2018,49.8093967520437,15.4592,13.0777403866814,,
Sri Lanka,LK,LKA,2019,49.4255238852768,15.0426,13.6287911430045,2.85971752760838,0.73801712721378
Sri Lanka,LK,LKA,2020,37.0891188568192,14.7622,9.95865627802019,2.73757863569001,0.552811053515783
Sri Lanka,LK,LKA,2021,41.2288463294978,14.6851,5.34029778106969,1.92719188762874,0.681639263401587
Sri Lanka,LK,LKA,2022,46.6826080179359,14.6283,3.22934612583032,2.25446590051031,0.67746966890084
Sri Lanka,LK,LKA,2023,43.3476681195134,12.0528,7.27580860908277,3.22549312462179,0.599148181330232
Sri Lanka,LK,LKA,2024,42.1196098331113,10.2379,10.723581895283,3.43981418083681,0.566958693554718
Sri Lanka,LK,LKA,2025,41.8090026525048,,,,
St. Kitts and Nevis,KN,KNA,2002,,,,0.0137734167481874,0.0425300579747911
St. Kitts and Nevis,KN,KNA,2003,,,,0.00599353607026028,0.00931644656773286
St. Kitts and Nevis,KN,KNA,2004,,,,0,0.0211463460843657
St. Kitts and Nevis,KN,KNA,2005,,,,0,0.00253207213112203
St. Kitts and Nevis,KN,KNA,2006,,,,0.110972709836761,0.0117410235455413
St. Kitts and Nevis,KN,KNA,2007,,,,0,0.0794212512445077
St. Kitts and Nevis,KN,KNA,2008,,,,6.97416001647576e-6,1.42210561839958
St. Kitts and Nevis,KN,KNA,2009,,,,1.06885636857759e-4,5.4969756098276e-5
St. Kitts and Nevis,KN,KNA,2010,,,,0.00330405564570371,0.125152371407093
St. Kitts and Nevis,KN,KNA,2011,,,,0.00659375773280658,0.0966496001817182
St. Kitts and Nevis,KN,KNA,2012,,,,0.00891954955625865,0.663710320981995
St. Kitts and Nevis,KN,KNA,2013,,,,5.74331406451465e-4,0.25645333126574
St. Kitts and Nevis,KN,KNA,2014,,,,0.00157014128585019,0.0467042406053462
St. Kitts and Nevis,KN,KNA,2015,,,,6.55443099748196e-4,
St. Kitts and Nevis,KN,KNA,2016,,,,3.82770768561946e-4,0
St. Kitts and Nevis,KN,KNA,2017,,,,0.0268583062948506,0.00218395725279318
St. Kitts and Nevis,KN,KNA,2018,,,,,
St. Kitts and Nevis,KN,KNA,2019,,,,,
St. Kitts and Nevis,KN,KNA,2020,,,,,
St. Kitts and Nevis,KN,KNA,2021,,,,,
St. Kitts and Nevis,KN,KNA,2022,,,,,
St. Kitts and Nevis,KN,KNA,2023,,,,,
St. Kitts and Nevis,KN,KNA,2024,,,,,
St. Kitts and Nevis,KN,KNA,2025,,,,,
St. Lucia,LC,LCA,2002,,30.3505,32.0188627337819,4.65779722708289e-6,0.20453086293705
St. Lucia,LC,LCA,2003,,31.9054,31.5554491624967,0,0.787650852471263
St. Lucia,LC,LCA,2004,,30.0515,36.5410973523452,0,1.94223944219887
St. Lucia,LC,LCA,2005,,41.6285,27.5287248480789,0.00100535863731771,1.11631436129806
St. Lucia,LC,LCA,2006,,31.1421,35.8105232551518,0.00131823671963586,1.19845807486672
St. Lucia,LC,LCA,2007,,36.0325,31.9572681510315,0.00988460952761213,3.16042707918615
St. Lucia,LC,LCA,2008,,61.4521,17.0401286002143,0.0244756326544062,5.30678657115583
St. Lucia,LC,LCA,2009,,19.275,39.8342056668462,0.043728191256287,1.08884936114442
St. Lucia,LC,LCA,2010,,38.5279,35.2705343424899,0.0148817020539109,2.19040487440918
St. Lucia,LC,LCA,2011,,21.9242,46.8227490348595,0.0119591230817601,2.78501702156017
St. Lucia,LC,LCA,2012,,10.2201,53.6088875220746,0.00748242101936943,4.96253255078906
St. Lucia,LC,LCA,2013,,15.0825,40.1018533203627,0.015304192223615,4.18877073461455
St. Lucia,LC,LCA,2014,,21.9074,47.9713474492124,0.217435779830686,9.40543475850765
St. Lucia,LC,LCA,2015,,14.482,59.9154310937296,0.333602934278503,5.63058112994969
St. Lucia,LC,LCA,2016,,14.9927,56.1965316647223,2.23779823283694,1.58011911213473
St. Lucia,LC,LCA,2017,,16.6978,51.7397390953929,5.61684465419438,2.91551437375661
St. Lucia,LC,LCA,2018,,14.803,46.4380805084844,3.45461978250823,4.69292529223214
St. Lucia,LC,LCA,2019,,11.7327,40.8294471387308,3.50822670156863,4.92284119131449
St. Lucia,LC,LCA,2020,,10.6091,31.5275873719674,3.40129879745195,5.53904086850376
St. Lucia,LC,LCA,2021,,10.3095,48.5156355794644,,
St. Lucia,LC,LCA,2022,,10.7227,42.7885229519338,,
St. Lucia,LC,LCA,2023,,7.3989,39.0626557868205,,
St. Lucia,LC,LCA,2024,,6.6623,34.0170687735681,,
St. Lucia,LC,LCA,2025,,,,,
St. Martin (French part),MF,MAF,2002,,,,,
St. Martin (French part),MF,MAF,2003,,,,,
St. Martin (French part),MF,MAF,2004,,,,,
St. Martin (French part),MF,MAF,2005,,,,,
St. Martin (French part),MF,MAF,2006,,,,,
St. Martin (French part),MF,MAF,2007,,,,,
St. Martin (French part),MF,MAF,2008,,,,,
St. Martin (French part),MF,MAF,2009,,,,,
St. Martin (French part),MF,MAF,2010,,,,,
St. Martin (French part),MF,MAF,2011,,,,,
St. Martin (French part),MF,MAF,2012,,,,,
St. Martin (French part),MF,MAF,2013,,,,,
St. Martin (French part),MF,MAF,2014,,,,,
St. Martin (French part),MF,MAF,2015,,,,,
St. Martin (French part),MF,MAF,2016,,,,,
St. Martin (French part),MF,MAF,2017,,,,,
St. Martin (French part),MF,MAF,2018,,,,,
St. Martin (French part),MF,MAF,2019,,,,,
St. Martin (French part),MF,MAF,2020,,,,,
St. Martin (French part),MF,MAF,2021,,,,,
St. Martin (French part),MF,MAF,2022,,,,,
St. Martin (French part),MF,MAF,2023,,,,,
St. Martin (French part),MF,MAF,2024,,,,,
St. Martin (French part),MF,MAF,2025,,,,,
St. Vincent and the Grenadines,VC,VCT,2002,,1.3454,30.2912709575176,0.00178779058218407,0.0534957706613413
St. Vincent and the Grenadines,VC,VCT,2003,,1.615,25.6892570126793,0,0.001395085630749
St. Vincent and the Grenadines,VC,VCT,2004,,1.5553,32.7956746108389,0,0.133162897071613
St. Vincent and the Grenadines,VC,VCT,2005,,1.6947,27.5303907327682,3.30114442424327e-4,0.00309777034810686
St. Vincent and the Grenadines,VC,VCT,2006,,0.2,31.9764610993267,0,0.0427757262012383
St. Vincent and the Grenadines,VC,VCT,2007,,0.7621,42.3979628011596,0,0.265095739534328
St. Vincent and the Grenadines,VC,VCT,2008,,0.0752,36.2405035854215,0.00922107011131294,1.14826437926426
St. Vincent and the Grenadines,VC,VCT,2009,,0.2084,35.7282461205811,0,1.69667310572261
St. Vincent and the Grenadines,VC,VCT,2010,,4e-4,37.9365095044543,9.84389652510453e-4,1.92629512001782
St. Vincent and the Grenadines,VC,VCT,2011,,0.0048,29.3392187381065,4.06347277908394e-4,1.36661867422287
St. Vincent and the Grenadines,VC,VCT,2012,,0.0051,38.0432987867203,0.00213569092699155,2.45168953411327
St. Vincent and the Grenadines,VC,VCT,2013,,0,42.2228154924916,0.00117666872751556,0.721602537320296
St. Vincent and the Grenadines,VC,VCT,2014,,0,44.0287156478163,4.81629370627451e-4,0.135554960686441
St. Vincent and the Grenadines,VC,VCT,2015,,0.0315,44.7018757640879,8.85660871928843e-4,0.296389267761542
St. Vincent and the Grenadines,VC,VCT,2016,,1.1327,53.2075835511006,0.0075001228049118,0.107003458529325
St. Vincent and the Grenadines,VC,VCT,2017,,0.0965,51.2328914454022,4.936099721061e-5,0.189189733197777
St. Vincent and the Grenadines,VC,VCT,2018,,0,51.3623393439773,1.56746171494033e-4,0.4323342066836
St. Vincent and the Grenadines,VC,VCT,2019,,0,56.7825068681889,0.0355111551676567,0.561131287387612
St. Vincent and the Grenadines,VC,VCT,2020,,11.9557,45.4291950086721,5.66106728655353e-4,0.50565329870237
St. Vincent and the Grenadines,VC,VCT,2021,,10.9339,54.5828306113621,0.00896749106470206,0.29005424716515
St. Vincent and the Grenadines,VC,VCT,2022,,10.6786,51.2735246474554,0.127187932824762,0.20767748079
St. Vincent and the Grenadines,VC,VCT,2023,,9.492,40.1692458115115,0.0296524826098655,0.575679248473049
St. Vincent and the Grenadines,VC,VCT,2024,,8.06,39.2863723509811,,
St. Vincent and the Grenadines,VC,VCT,2025,,,,,
Sudan,SD,SDN,2002,25.6255617213052,29.9448,1.54094033528764,69.154548147896,0.330233190585116
Sudan,SD,SDN,2003,26.4402280670553,31.346,3.05170063464863,79.3941833513699,0.41099560051547
Sudan,SD,SDN,2004,30.4323376195052,32.6525,7.26989488808125,82.4299602575403,0.59751495834652
Sudan,SD,SDN,2005,35.8715914021946,32.6521,10.5743666457027,85.9564188906075,0.402155047754506
Sudan,SD,SDN,2006,36.2025936172703,32.118,8.93430969007924,89.8084265113846,0.349035372679534
Sudan,SD,SDN,2007,34.4033361615632,32.6324,6.887327581023,94.5522940026881,0.335207865383974
Sudan,SD,SDN,2008,36.7410978273835,32.9842,6.79679533174035,94.4501109296076,0.545178576144779
Sudan,SD,SDN,2009,32.7808783344833,31.7519,5.1227563272712,91.2006730418623,0.249499824867255
Sudan,SD,SDN,2010,32.728309950035,32.2735,4.58658478176806,84.9525613268194,0.214431109195651
Sudan,SD,SDN,2011,27.512339023518,25.7268,0.897121953232508,82.485132408608,0.400279894271093
Sudan,SD,SDN,2012,21.8561745247301,25.1792,0.872499230027041,0.00542955620642858,1.04079144900625
Sudan,SD,SDN,2013,26.8585245020134,24.3009,0.849223562469715,5.0106381194167,0.0836333261397869
Sudan,SD,SDN,2014,20.8451090041313,24.2576,0.825859013638499,50.1544816247277,0.558258819063773
Sudan,SD,SDN,2015,18.3782728546541,23.8005,0.801179172293315,53.7125503293282,0.421694483467272
Sudan,SD,SDN,2016,15.2816698903461,24.0608,0.78780750521544,10.625447909553,2.23902261626485
Sudan,SD,SDN,2017,17.8313898297102,24.7118,0.809900680014072,12.9417898676253,0.818729040062267
Sudan,SD,SDN,2018,21.8679187274323,25.225,,14.3046984999341,0.686044401891745
Sudan,SD,SDN,2019,26.1196204552625,24.1711,,,
Sudan,SD,SDN,2020,9.95514507626151,25.9514,,,
Sudan,SD,SDN,2021,4.12754863828426,21.1527,,,
Sudan,SD,SDN,2022,2.69883443585856,21.4153,,,
Sudan,SD,SDN,2023,2.47372878267665,21.3231,,,
Sudan,SD,SDN,2024,1.99541210225008,21.5066,,,
Sudan,SD,SDN,2025,2.38193028387697,,,,
Suriname,SR,SUR,2002,,,,2.3515328254537,0.186358015395229
Suriname,SR,SUR,2003,,,,1.47668364193191,0.101216137699506
Suriname,SR,SUR,2004,,,,2.11062852087501,0.181339482302297
Suriname,SR,SUR,2005,,,,2.87744571746287,0.146094386423322
Suriname,SR,SUR,2006,98.1681931723564,,,4.73431803965722,0.227621018985144
Suriname,SR,SUR,2007,101.377000372162,,,4.50358008606127,0.350272925378514
Suriname,SR,SUR,2008,109.166838523407,,,10.9907802662005,0.302921501407796
Suriname,SR,SUR,2009,87.9206617785298,,,4.49743857000698,0.264139279409153
Suriname,SR,SUR,2010,90.9613941465855,,,13.0155883378502,0.256200614780289
Suriname,SR,SUR,2011,,,,8.96836701330816,0.360168963523823
Suriname,SR,SUR,2012,,,,5.31565595692279,0.430536274855499
Suriname,SR,SUR,2013,,,,8.01445757640754,0.369679086339385
Suriname,SR,SUR,2014,,,,10.6347481949111,0.348019789328195
Suriname,SR,SUR,2015,,16.3148,12.8873554300331,7.86774138635102e-4,0.20871706618307
Suriname,SR,SUR,2016,,10.9068,12.863981294657,,0.125610426672316
Suriname,SR,SUR,2017,,10.193,13.5745027863987,6.82415992288861,0.329613334121727
Suriname,SR,SUR,2018,,9.0775,16.4054337631284,0.0125714234070272,0.316538273973665
Suriname,SR,SUR,2019,,9.1502,16.4972333965209,0.00152713645779294,0.32483152120101
Suriname,SR,SUR,2020,,9.0898,15.0529871757294,9.14915962686836e-4,0.237126388461746
Suriname,SR,SUR,2021,,12.2623,23.9708210484945,3.32497522013282,0.760178456916599
Suriname,SR,SUR,2022,,9.8281,28.4776315782815,7.16006554262453,0.549141405957667
Suriname,SR,SUR,2023,,5.0821,33.2576107703889,0.0169201822896738,1.10150303041812
Suriname,SR,SUR,2024,,,,3.1404327843252,3.9843319988084
Suriname,SR,SUR,2025,,,,,
Sweden,SE,SWE,2002,77.0853186972402,,,2.89073046611425,2.4167864230731
Sweden,SE,SWE,2003,75.3282174864238,,,3.12791621451129,2.33474581873445
Sweden,SE,SWE,2004,78.7358819187356,,,3.84503652460961,2.65485241504412
Sweden,SE,SWE,2005,84.167923018031,,,4.97850612726257,3.08552531635167
Sweden,SE,SWE,2006,88.3302608918239,,,5.57557405608037,3.8634693315986
Sweden,SE,SWE,2007,89.5469236610223,,,4.97189729555259,3.88152149242944
Sweden,SE,SWE,2008,92.8083687095596,,,7.36848254501507,3.99775423131116
Sweden,SE,SWE,2009,81.958313967393,,,6.14691587571342,3.70919048007781
Sweden,SE,SWE,2010,85.0914849272733,,,6.98170290674573,4.81890262733144
Sweden,SE,SWE,2011,86.3907448060188,,,7.30520174490473,5.21123306380418
Sweden,SE,SWE,2012,85.2980605424359,,,9.38407844374559,5.2789312392961
Sweden,SE,SWE,2013,81.6402521329964,,,7.84874568644373,4.66026191009486
Sweden,SE,SWE,2014,83.8229810483527,,,8.08175321120022,4.67743376747936
Sweden,SE,SWE,2015,84.1730765958171,,,6.17712163770696,4.00896573366298
Sweden,SE,SWE,2016,83.4519478574149,,,5.64525345959308,3.99595434992421
Sweden,SE,SWE,2017,86.0693088740521,,,6.43406589912351,4.76473096014425
Sweden,SE,SWE,2018,90.4087142361701,,,7.4346745116462,4.56420997427681
Sweden,SE,SWE,2019,92.7511390290561,,,6.36260198244691,4.37747790322695
Sweden,SE,SWE,2020,84.4745958141618,,,4.5414669608976,4.98753114074155
Sweden,SE,SWE,2021,91.110237441304207,,,6.95473124929989,6.00596153517669
Sweden,SE,SWE,2022,107.111751826512,,,10.1622003847406,5.48872826646114
Sweden,SE,SWE,2023,107.619709443974,,,7.47686102725083,5.1056533111485
Sweden,SE,SWE,2024,105.967492313344,,,7.12163407305459,5.53625805390112
Sweden,SE,SWE,2025,104.335210186728,,,,
Switzerland,CH,CHE,2002,90.8996540981166,,,2.01166143611286,3.64695686219904
Switzerland,CH,CHE,2003,89.7492121342442,,,2.01154346324827,3.06662604068372
Switzerland,CH,CHE,2004,95.0327601603667,,,1.85628442811306,3.12039211621662
Switzerland,CH,CHE,2005,101.668892487876,,,2.13026998220451,2.72136103638806
Switzerland,CH,CHE,2006,105.761916866753,,,2.53655172319853,3.5014418517828
Switzerland,CH,CHE,2007,112.709971761703,,,2.10764465051033,3.05194762079875
Switzerland,CH,CHE,2008,116.342641744869,,,2.55296088355365,3.05437539041993
Switzerland,CH,CHE,2009,109.062731270231,,,2.39168704251515,2.39258904866423
Switzerland,CH,CHE,2010,119.202460523177,,,2.81909988892528,4.0129442729803
Switzerland,CH,CHE,2011,125.047367558638,,,3.11448555253805,3.71805123531328
Switzerland,CH,CHE,2012,125.865940588688,,,2.34454491424553,2.92128708262365
Switzerland,CH,CHE,2013,132.800535321539,,,1.01914238115344,2.40172909909558
Switzerland,CH,CHE,2014,119.230530793932,,,1.11392904766745,2.20032513980616
Switzerland,CH,CHE,2015,116.370019931647,,,0.949399913937568,1.63770810947011
Switzerland,CH,CHE,2016,122.941735178779,,,0.61728947027059,1.47295448047255
Switzerland,CH,CHE,2017,122.948395589146,,,0.691126392932899,1.63892100363295
Switzerland,CH,CHE,2018,123.499829706856,,,0.936365801100422,1.69967135131589
Switzerland,CH,CHE,2019,123.022509832864,,,0.812850763704472,1.88762308659221
Switzerland,CH,CHE,2020,121.451100609762,,,0.610244776322465,1.99548928724067
Switzerland,CH,CHE,2021,128.004119652561,,,1.12619429120116,2.17657553050765
Switzerland,CH,CHE,2022,136.235871048363,,,2.46227430117859,1.92124997304165
Switzerland,CH,CHE,2023,129.7371945484,,,1.46216131906984,1.56807129365079
Switzerland,CH,CHE,2024,130.354516041578,,,1.20770479250597,1.49057879417026
Switzerland,CH,CHE,2025,147.162051317959,,,,
Syrian Arab Republic,SY,SYR,2002,71.2388878454941,,,72.166474936787,0.827703116152759
Syrian Arab Republic,SY,SYR,2003,61.5469905405418,,,71.3450037704146,0.869046643727821
Syrian Arab Republic,SY,SYR,2004,78.1150532903158,,,67.6287275526281,1.06286010191439
Syrian Arab Republic,SY,SYR,2005,80.1330802847908,,,67.8265560151955,1.25954881691309
Syrian Arab Republic,SY,SYR,2006,74.2051735962788,,,40.3468565868188,1.15322881237854
Syrian Arab Republic,SY,SYR,2007,76.3793296606986,,,41.1071680586458,1.16946728726448
Syrian Arab Republic,SY,SYR,2008,74.2279603412154,10.86,330.019615312397,38.5735492232992,4.09131667695063
Syrian Arab Republic,SY,SYR,2009,59.9438413962102,13.3652,321.700833818135,37.8241187413365,2.20676154252829
Syrian Arab Republic,SY,SYR,2010,64.0101621944449,10.655,391.009144584658,49.8858724288123,2.663429877637
Syrian Arab Republic,SY,SYR,2011,50.6960903036998,10.9666,,,
Syrian Arab Republic,SY,SYR,2012,35.3686903315942,7.6586,,,
Syrian Arab Republic,SY,SYR,2013,44.705254783599,9.0121,,,
Syrian Arab Republic,SY,SYR,2014,54.2644225207985,11.5516,,,
Syrian Arab Republic,SY,SYR,2015,51.0862130409438,11.4056,,,
Syrian Arab Republic,SY,SYR,2016,67.1119407366416,11.3422,,,
Syrian Arab Republic,SY,SYR,2017,61.0508545098696,12.0037,,,
Syrian Arab Republic,SY,SYR,2018,50.6591076441391,11.9602,,,
Syrian Arab Republic,SY,SYR,2019,41.9994681765976,12.4027,,,
Syrian Arab Republic,SY,SYR,2020,43.1916195452227,12.8056,,,
Syrian Arab Republic,SY,SYR,2021,59.002012246256,12.1663,,,
Syrian Arab Republic,SY,SYR,2022,35.4372421451582,12.7108,,,
Syrian Arab Republic,SY,SYR,2023,,12.7553,,,
Syrian Arab Republic,SY,SYR,2024,,12.9511,,,
Syrian Arab Republic,SY,SYR,2025,,,,,
Tajikistan,TJ,TJK,2002,138.6839688324,4.7784,7.13613284841378,,
Tajikistan,TJ,TJK,2003,137.669592976856,6.3742,9.24037313332099,,
Tajikistan,TJ,TJK,2004,128.338170674363,7.1445,14.7497311449004,,
Tajikistan,TJ,TJK,2005,126.994699303416,2.4392,16.9140058046321,,
Tajikistan,TJ,TJK,2006,141.153912074728,2.7604,19.2142766757993,,
Tajikistan,TJ,TJK,2007,145.528099715723,5.3689,6.31949326326157,,
Tajikistan,TJ,TJK,2008,114.480149093579,3.6082,6.54831388180749,,
Tajikistan,TJ,TJK,2009,85.9781370434108,2.7867,9.5618304896345,,
Tajikistan,TJ,TJK,2010,73.493044509473,16.8787,11.3194567984442,,
Tajikistan,TJ,TJK,2011,79.7842446734572,18.6379,13.2312185332706,,
Tajikistan,TJ,TJK,2012,83.1759445401528,21.5127,13.6531941535913,,
Tajikistan,TJ,TJK,2013,71.7437428882341,23.2317,13.6008240465304,,
Tajikistan,TJ,TJK,2014,54.6071596053705,22.7272,10.0052716247837,5.51644345733579,51.6850011417489
Tajikistan,TJ,TJK,2015,49.9378160689555,18.6719,9.59135028684938,5.49192101578871,42.6690219316894
Tajikistan,TJ,TJK,2016,55.7246446907573,15.7104,12.4459793126469,5.81923896321381,51.5458244203429
Tajikistan,TJ,TJK,2017,53.7861046057767,16.9016,22.0246508212244,5.25467690168705,62.2793348129521
Tajikistan,TJ,TJK,2018,55.8461114113303,14.4913,21.0964455514831,7.36617456242305,58.7751933427573
Tajikistan,TJ,TJK,2019,56.0450159145896,20.5635,22.1069491176953,3.98604005919133,56.9267333181742
Tajikistan,TJ,TJK,2020,55.7491040194954,16.2562,32.4220210889045,7.8481141362019,48.1251680938906
Tajikistan,TJ,TJK,2021,71.825937435383,7.7035,37.9141586656127,6.50457125272094,40.4377820028109
Tajikistan,TJ,TJK,2022,65.4355115893577,9.3024,57.2221942548859,7.0095165575397,62.3955743796389
Tajikistan,TJ,TJK,2023,65.6347010367354,6.1138,50.141132083886,8.01704211635926,52.7838225011079
Tajikistan,TJ,TJK,2024,59.0899316296485,12.4853,52.0350541720444,,
Tajikistan,TJ,TJK,2025,,,,,
Tanzania,TZ,TZA,2002,27.4992172734904,9.9449,21.7087584987869,0.0812585603414405,8.74938757282012
Tanzania,TZ,TZA,2003,30.4488358249326,11.2623,27.8299260045952,0.0582492548746596,6.17005787028101
Tanzania,TZ,TZA,2004,33.609786736665,13.0828,26.5896754698464,0.12217167726015,8.33073598329359
Tanzania,TZ,TZA,2005,36.9592732894013,11.9028,24.3086988515947,0.129026854555102,7.65185121660297
Tanzania,TZ,TZA,2006,42.7681664691467,24.3555,54.9922000710872,0.145882226834011,11.1375397749838
Tanzania,TZ,TZA,2007,48.0583947796554,20.5594,57.2468510771602,0.644600677919283,12.6269052492145
Tanzania,TZ,TZA,2008,49.0265445510865,22.2735,47.4419338334306,2.21753896919901,12.7364924429117
Tanzania,TZ,TZA,2009,43.5326006456317,18.0612,44.7215566059687,0.710369569143214,17.8323997537099
Tanzania,TZ,TZA,2010,47.6404394295683,15.5367,43.6750348214826,1.90135698578723,25.4274314948111
Tanzania,TZ,TZA,2011,56.1661241821809,16.2561,36.7844529619566,0.757162545025763,22.5778719904617
Tanzania,TZ,TZA,2012,54.3689490815138,17.2574,33.6235105791728,1.25025665065363,16.2993206590418
Tanzania,TZ,TZA,2013,48.6316275295495,11.2296,33.4539175706276,2.25065372364093,10.0805702581627
Tanzania,TZ,TZA,2014,45.3560223433065,11.593,26.7848466467843,1.67367486325445,13.3403283009553
Tanzania,TZ,TZA,2015,40.7576808778314,12.1677,22.2483682552389,2.19577000835359,9.71497005387568
Tanzania,TZ,TZA,2016,35.4204704002636,13.2222,22.276090326466,0.872530009193527,7.39038816130408
Tanzania,TZ,TZA,2017,33.1125919853124,12.8783,27.2376304885537,1.13284838395326,2.37246365533661
Tanzania,TZ,TZA,2018,32.6426099043737,12.5099,22.3144990122985,0.886836468069654,1.33472814164304
Tanzania,TZ,TZA,2019,33.0185892502311,12.4604,,0.824331183688424,1.19349009849919
Tanzania,TZ,TZA,2020,27.9630151969884,13.3569,,0.824710521238149,7.16842722557704
Tanzania,TZ,TZA,2021,29.9151840074048,13.4357,,0.912020513109267,3.952845900026
Tanzania,TZ,TZA,2022,35.0034517101994,14.6731,,3.08582937747335,5.47998490709586
Tanzania,TZ,TZA,2023,38.212034806339,13.1664,,3.5711825305577,4.97181072389695
Tanzania,TZ,TZA,2024,41.3081068648568,9.3084,,2.24873032924646,5.64619619149418
Tanzania,TZ,TZA,2025,38.9715711395739,,,,
Thailand,TH,THA,2002,114.969743021067,18.9424,61.8277187702912,2.6712090250728,1.11668522195147
Thailand,TH,THA,2003,116.692819704865,18.7432,72.1293890627082,2.64684449404633,0.989806399078282
Thailand,TH,THA,2004,127.411873720393,19.6656,85.3293688916739,3.54811625679733,1.1496641197681
Thailand,TH,THA,2005,137.853866832247,27.3627,88.9808326110292,4.3299915080277,1.24270806747185
Thailand,TH,THA,2006,134.086946191268,28.4008,106.842438623616,4.98295530009268,1.50426840498653
Thailand,TH,THA,2007,129.873226989717,28.9679,138.502212070852,4.45405635204966,1.78117708143106
Thailand,TH,THA,2008,140.437011540931,30.6637,166.408794884002,6.42325899751744,1.2994420060433
Thailand,TH,THA,2009,119.269418854589,41.1268,171.03335253961,5.10728746220298,1.06440966686133
Thailand,TH,THA,2010,127.250522638251,47.2697,160.524914767394,4.9376917798405,1.27347411007709
Thailand,TH,THA,2011,139.675407224576,40.1835,148.614328620024,5.62505333864812,1.38498108484036
Thailand,TH,THA,2012,137.67493851024,38.493,120.070545144059,6.50877994657611,1.31509391319902
Thailand,TH,THA,2013,132.462274174269,40.236,108.708853318396,6.26560639926067,1.28548754173568
Thailand,TH,THA,2014,130.905495444398,38.1476,106.968034122092,5.26621612167818,1.3163815435656
Thailand,TH,THA,2015,124.839662152526,35.1282,127.215088660496,3.93607403286042,1.13618740026878
Thailand,TH,THA,2016,120.57522728913,35.0876,131.052514009653,2.90326663511656,1.19789494768318
Thailand,TH,THA,2017,120.891427433638,38.6481,131.88535442564,3.48826255211954,1.48384617050478
Thailand,TH,THA,2018,120.841864730984,31.3347,119.488644090048,4.22547410116581,1.61255552650403
Thailand,TH,THA,2019,109.689514715166,30.139,133.069785385635,3.44094593348334,1.64938216526872
Thailand,TH,THA,2020,97.6624419371158,34.65,138.122709930963,2.65541449875509,1.85814213636656
Thailand,TH,THA,2021,117.131472183199,31.9144,125.091815262929,3.58403042035946,2.56033524529213
Thailand,TH,THA,2022,132.813458288082,33.9776,107.684258951183,3.88472768383787,2.64263355598009
Thailand,TH,THA,2023,128.792359690165,35.3588,115.294555805185,3.86700213725135,2.33563248838574
Thailand,TH,THA,2024,135.724935837766,36.1742,123.514160762489,3.42247697644995,2.78898927714551
Thailand,TH,THA,2025,138.413686011523,,,,
Timor-Leste,TL,TLS,2002,180.403744337855,0,,,
Timor-Leste,TL,TLS,2003,122.311964931018,0,,,
Timor-Leste,TL,TLS,2004,107.330819562041,0,,0,1.43426258249878e-4
Timor-Leste,TL,TLS,2005,74.6712513087646,0,,0,0
Timor-Leste,TL,TLS,2006,98.8757193818142,0,,,
Timor-Leste,TL,TLS,2007,128.760892225689,0,,,
Timor-Leste,TL,TLS,2008,135.250760342415,0,,,
Timor-Leste,TL,TLS,2009,157.686448551719,0,,,
Timor-Leste,TL,TLS,2010,134.4005216863,0,,,
Timor-Leste,TL,TLS,2011,140.766349625231,0,,,
Timor-Leste,TL,TLS,2012,128.500493298465,84.366,1162.02765610153,,
Timor-Leste,TL,TLS,2013,79.6341248298199,78.5286,767.641276349735,,0.0410380731730713
Timor-Leste,TL,TLS,2014,82.7357773406823,68.3262,298.614364399292,,
Timor-Leste,TL,TLS,2015,60.0769209292639,51.6611,375.000751158576,,
Timor-Leste,TL,TLS,2016,60.310621759226,0,347.252694529527,,
Timor-Leste,TL,TLS,2017,58.6347507796182,2.3915,437.218013480747,2.00942216935424,0.259350202320542
Timor-Leste,TL,TLS,2018,64.8191831225499,1.6386,426.368892149188,0.00850496745962208,0.319096505701208
Timor-Leste,TL,TLS,2019,70.6142440551536,0.7359,322.624814377322,83.1835532250999,0.0441639666989068
Timor-Leste,TL,TLS,2020,84.7503111042388,0.1867,288.043220159994,93.5117422163185,0.0206415451127129
Timor-Leste,TL,TLS,2021,99.8600009384765,0.3768,351.72646035033,93.1332287570022,0.0174046353746236
Timor-Leste,TL,TLS,2022,97.621108820704,0.1173,303.457313947374,68.6133661101721,0.018868788949626
Timor-Leste,TL,TLS,2023,89.3046490972644,3.0548,269.934648635984,67.3710544691603,0.063626117225633
Timor-Leste,TL,TLS,2024,95.4485030105899,0.426,263.061650913029,,
Timor-Leste,TL,TLS,2025,,,,,
Togo,TG,TGO,2002,51.609565282441,12.4503,,0.533479697726589,16.7416940474733
Togo,TG,TGO,2003,55.389978417259,10.1581,,0.346442128078205,9.24136066925989
Togo,TG,TGO,2004,57.8710938708872,10.6497,,0.366559632933694,12.6916701690283
Togo,TG,TGO,2005,61.4542800128481,12.9052,,1.24822513505645,10.2685491438283
Togo,TG,TGO,2006,61.6128604620733,12.9062,,,
Togo,TG,TGO,2007,61.7740721086659,15.7748,,0.00463204022037913,12.7952856450931
Togo,TG,TGO,2008,62.3076674472105,6.5845,,7.3944656246369,18.3558829810484
Togo,TG,TGO,2009,62.210419994299,2.7158,,0.0360564758677565,19.4071524468103
Togo,TG,TGO,2010,66.7974885937104,3.0123,,0.0996200817549501,13.0495189234842
Togo,TG,TGO,2011,77.732312664143,0.9077,,0.717613946994863,14.2058822449102
Togo,TG,TGO,2012,75.7132085684163,6.5173,,1.8449525964001,17.9715547687622
Togo,TG,TGO,2013,82.1477877564195,9.3485,,0.995085721621672,19.0603278855612
Togo,TG,TGO,2014,70.9156517502517,8.5968,,1.39324210617526,19.9518236467291
Togo,TG,TGO,2015,69.1281378813376,5.7343,,4.63562887731634,12.9963915509866
Togo,TG,TGO,2016,66.4450409805081,4.7845,,1.90111905444501,14.8244197612232
Togo,TG,TGO,2017,58.2088602526732,16.3859,,8.28761016730883,8.63388209198161
Togo,TG,TGO,2018,57.5737388499452,16.312,,13.029113502464,11.7056150408771
Togo,TG,TGO,2019,56.3398500747576,16.1384,,15.2883516784544,8.53426798670881
Togo,TG,TGO,2020,55.0659513954403,12.4695,,2.34573498901327,12.3894738229348
Togo,TG,TGO,2021,56.3775580757321,11.3468,,2.54671881262005,14.7940324439184
Togo,TG,TGO,2022,61.575092396894,5.179,,1.70661010633555,28.4433162164688
Togo,TG,TGO,2023,59.9291777017427,2.9182,,1.94652343603962,26.975189515959
Togo,TG,TGO,2024,,3.402,,1.82642001645616,20.7477406306692
Togo,TG,TGO,2025,,,,,
Tonga,TO,TON,2002,73.8374093817514,0.9442,30.8242540822525,,
Tonga,TO,TON,2003,73.2160568173731,0.827,42.5740979723071,,0.123631680776923
Tonga,TO,TON,2004,73.9737151214869,0.7919,58.5676964391732,,0.584910097593016
Tonga,TO,TON,2005,76.2080494394572,0.1325,52.6385730540236,1.5220791276173e-4,0.469642588423411
Tonga,TO,TON,2006,66.3549884749532,0.1633,52.3608964038726,,0.154851855104225
Tonga,TO,TON,2007,68.2299182500325,0,67.3480859964007,,1.44573070639178
Tonga,TO,TON,2008,72.6563791156237,0,70.487284982891,0,19.7321675028637
Tonga,TO,TON,2009,74.3406648891028,0,83.2975667750447,0.0577899536538936,1.54885027361735
Tonga,TO,TON,2010,70.7976681214649,0.0072,68.028582023331,,1.50404279880703
Tonga,TO,TON,2011,78.8578648859134,0.0188,74.9441640344807,,2.17875312872624
Tonga,TO,TON,2012,77.9722872799652,0.0186,76.972910754275,6.27710156638937e-4,2.49705986334678
Tonga,TO,TON,2013,82.731581196292,0.0018,77.9307486054123,0.163251711013709,3.31934538079337
Tonga,TO,TON,2014,74.7304254735603,8e-4,81.0439296475114,1.36818670385216e-4,5.82776390132419
Tonga,TO,TON,2015,81.3902291563255,0,84.6851840466356,,
Tonga,TO,TON,2016,87.7771750789587,0,101.195817918522,,
Tonga,TO,TON,2017,88.0434925855836,0,102.822812046139,0.00224189500111809,0.0508092745092541
Tonga,TO,TON,2018,86.1039702691392,0,115.052852468173,0.00438876910332535,0.108257657853997
Tonga,TO,TON,2019,88.045385533046,0,117.03806363227,0.00463581123447533,0.346181381753334
Tonga,TO,TON,2020,81.849496682175,0,153.637884841325,0.00308319758126392,0.225097004293308
Tonga,TO,TON,2021,68.5461517477239,0,161.79275250979,0.00110217653287937,0.57061476983779
Tonga,TO,TON,2022,70.1272718284375,0,178.90199638291,0.00819857054237116,0.160033769317215
Tonga,TO,TON,2023,79.6239257000079,0,201.844268106099,0.00849687157590321,0.95672762850806
Tonga,TO,TON,2024,77.5794710114187,0,217.869973041409,,
Tonga,TO,TON,2025,,,,,
Trinidad and Tobago,TT,TTO,2002,,,,60.0829711319212,0.206390272379381
Trinidad and Tobago,TT,TTO,2003,,,,68.2654581398313,0.1909207079365
Trinidad and Tobago,TT,TTO,2004,,,,60.2063701255845,0.228356130176136
Trinidad and Tobago,TT,TTO,2005,,,,70.197056162298,0.418130554026797
Trinidad and Tobago,TT,TTO,2006,,,,76.4552383952739,0.318617090225899
Trinidad and Tobago,TT,TTO,2007,,,,66.0755016748446,2.84379093378492
Trinidad and Tobago,TT,TTO,2008,,,,69.9704650947023,2.92849978893305
Trinidad and Tobago,TT,TTO,2009,,,,78.9953016332006,2.47563274602388
Trinidad and Tobago,TT,TTO,2010,,,,66.1219789511805,0.308859878720351
Trinidad and Tobago,TT,TTO,2011,,,,59.0819297966593,0.419406020175253
Trinidad and Tobago,TT,TTO,2012,,,,57.7826792923969,0.3619512574049
Trinidad and Tobago,TT,TTO,2013,,,,63.7733597433398,0.716669840864406
Trinidad and Tobago,TT,TTO,2014,,,,59.6473978210789,0.513719638878181
Trinidad and Tobago,TT,TTO,2015,,,,49.3249076151988,3.43591047689388
Trinidad and Tobago,TT,TTO,2016,,,,37.9854222651475,3.69452325219084
Trinidad and Tobago,TT,TTO,2017,,,,52.8728277639535,0.38432209586331
Trinidad and Tobago,TT,TTO,2018,,,,54.8147436915782,0.549153041636741
Trinidad and Tobago,TT,TTO,2019,,,,43.1589413099804,0.777561785050153
Trinidad and Tobago,TT,TTO,2020,,,,29.2295729004686,2.57243662842193
Trinidad and Tobago,TT,TTO,2021,,,,23.7683810299102,0.770894440188744
Trinidad and Tobago,TT,TTO,2022,,,,28.8193289128539,0.464563420310877
Trinidad and Tobago,TT,TTO,2023,,,,27.8972629571135,2.67042704744757
Trinidad and Tobago,TT,TTO,2024,,,,31.3102540191418,0.773937569548522
Trinidad and Tobago,TT,TTO,2025,,,,,
Tunisia,TN,TUN,2002,85.3421759692656,19.8638,15.2472645032712,9.35398364910013,1.38670442651623
Tunisia,TN,TUN,2003,82.390340709916,18.0065,16.7471029161295,10.0082146574565,1.33578364625531
Tunisia,TN,TUN,2004,86.9253446966283,16.9923,20.4778197956476,9.57818211201145,1.06995980926129
Tunisia,TN,TUN,2005,90.2512478803945,17.3723,25.2044569663475,12.9344851365638,1.1528723753659
Tunisia,TN,TUN,2006,93.9409304094309,17.712,36.7007879804757,12.9823968293614,1.24100072200247
Tunisia,TN,TUN,2007,104.059400976647,19.2428,38.7850810751737,16.1951851598677,1.36955082361609
Tunisia,TN,TUN,2008,114.343660218696,20.0699,41.8949853999067,17.3145503371259,1.71851769670089
Tunisia,TN,TUN,2009,93.0168787876722,21.1103,49.3103450630527,13.6321769184984,1.24526974063459
Tunisia,TN,TUN,2010,100.151009836799,21.9725,43.0914221352426,14.1724455435595,1.56058678205267
Tunisia,TN,TUN,2011,100.106379304237,21.6446,34.0467256491033,14.5522463732087,1.65292293453506
Tunisia,TN,TUN,2012,101.550723929668,24.51,34.2998702702523,16.7803635249074,1.69041089721155
Tunisia,TN,TUN,2013,98.9549566862038,25.0238,28.7486211611694,15.2132858501248,1.49740188611581
Tunisia,TN,TUN,2014,96.1071038558701,24.8068,27.1706668988314,13.186068132323,1.59015720781767
Tunisia,TN,TUN,2015,87.2485306596052,23.317,26.8084735294719,7.20969744410097,1.39887400159344
Tunisia,TN,TUN,2016,87.0926643641466,22.6706,20.7845127192957,5.6449759317471,1.62468650036307
Tunisia,TN,TUN,2017,95.8091979825804,22.1223,18.2237137103293,5.96058193974094,1.82183831733188
Tunisia,TN,TUN,2018,103.871824260635,22.9621,16.0628575336662,5.68962559679174,1.83645151845132
Tunisia,TN,TUN,2019,102.332614725789,28.417,19.6894396307859,5.52195852371031,1.75045612626091
Tunisia,TN,TUN,2020,84.3333297071767,25.3276,23.3712354296899,5.66992261834971,1.83166986977073
Tunisia,TN,TUN,2021,93.6334140664079,31.3537,20.5605276137182,6.55409542266409,2.02720053386233
Tunisia,TN,TUN,2022,116.095794384146,33.44,19.7224385892283,8.02677004326783,1.77628583182134
Tunisia,TN,TUN,2023,112.128858013354,36.7974,21.7880502711453,6.20798342748048,1.42589803126179
Tunisia,TN,TUN,2024,106.298549204247,39.3722,23.0935009843821,6.23208030817829,1.52690825348576
Tunisia,TN,TUN,2025,101.446205451707,,,,
Turkiye,TR,TUR,2002,48.1026101234402,14.1767,21.5151993528374,1.91007933015807,2.00856035026057
Turkiye,TR,TUR,2003,46.3681553387846,18.3946,23.9611819149047,2.07422147897293,2.00613415868092
Turkiye,TR,TUR,2004,48.9934575435266,22.1817,22.5438188172843,2.26412471797319,2.17626873029513
Turkiye,TR,TUR,2005,46.3088308846211,24.4383,29.4484928983493,3.59438376037657,2.46801961858388
Turkiye,TR,TUR,2006,48.9456766641314,22.6842,29.0815131333338,4.16931750474639,3.30022892926736
Turkiye,TR,TUR,2007,48.027468179713,19.2761,28.4695884698068,4.79888088392976,3.46792498148786
Turkiye,TR,TUR,2008,50.7612500066681,19.1447,25.0214065406285,5.70452546862763,3.30885763140431
Turkiye,TR,TUR,2009,47.0391385732199,19.6258,26.2004078392768,3.83892447047593,3.06416488010223
Turkiye,TR,TUR,2010,46.9433366709891,29.3706,27.1468046836052,3.83635976512141,4.33438550944431
Turkiye,TR,TUR,2011,53.651583897618,30.2016,27.3961891155252,4.75328243521876,4.16567762541554
Turkiye,TR,TUR,2012,53.3277612968607,32.4404,33.7250894743512,4.90475359189769,3.9116817174711
Turkiye,TR,TUR,2013,53.0683530043043,35.2839,32.5860251423829,6.11133521147795,4.12529656355575
Turkiye,TR,TUR,2014,54.30677404128,34.4374,30.7927967420351,4.36813821626103,3.77275740316469
Turkiye,TR,TUR,2015,51.8749252596832,26.1153,27.6598187081739,3.26418101924191,3.54672011566835
Turkiye,TR,TUR,2016,48.870183807987,22.5437,26.2721321765686,2.13742856858285,3.44890074870409
Turkiye,TR,TUR,2017,56.1356585158689,24.4369,24.0879605881316,2.75372472293348,3.91929179921383
Turkiye,TR,TUR,2018,62.8251323851165,21.6172,21.8424438542459,3.12270042185464,4.06888580471921
Turkiye,TR,TUR,2019,62.5784589326239,23.035,25.4910219179445,4.49416367984142,3.71998956366181
Turkiye,TR,TUR,2020,60.389853117297,25.9085,21.8001905455945,2.69239035084596,4.03207772591812
Turkiye,TR,TUR,2021,69.6088976086437,27.1422,25.5672197790192,3.69000155336288,4.95569588303999
Turkiye,TR,TUR,2022,79.8982722314341,32.4127,28.2336360803374,6.32564856668837,5.23576905684485
Turkiye,TR,TUR,2023,65.6832084738667,34.9844,28.1841674626791,6.36477511937887,4.3728944868115
Turkiye,TR,TUR,2024,54.5988061195916,34.5898,30.2042600908787,6.16442555598186,4.29374178896157
Turkiye,TR,TUR,2025,49.9346783626928,,,,
Turkmenistan,TM,TKM,2002,63.7046861184792,19.0831,,,
Turkmenistan,TM,TKM,2003,63.201750694386,16.8437,,,
Turkmenistan,TM,TKM,2004,59.3199674884855,24.2249,,,
Turkmenistan,TM,TKM,2005,53.9723419741336,12.3214,,,
Turkmenistan,TM,TKM,2006,52.4473010022922,15.3056,,,
Turkmenistan,TM,TKM,2007,56.2777777777778,10.4209,,,
Turkmenistan,TM,TKM,2008,94.7240751970891,5.3161,,,
Turkmenistan,TM,TKM,2009,104.95217927132,10.5086,,,
Turkmenistan,TM,TKM,2010,97.2464440197632,3.2104,,,
Turkmenistan,TM,TKM,2011,118.095536458021,1.0938,,,
Turkmenistan,TM,TKM,2012,119.176960326488,1.3134,,,
Turkmenistan,TM,TKM,2013,109.48116584462,0.8455,,,
Turkmenistan,TM,TKM,2014,102.760907500564,0,,,
Turkmenistan,TM,TKM,2015,73.2280034158293,0,,,
Turkmenistan,TM,TKM,2016,58.2932324852085,1.8749,,,
Turkmenistan,TM,TKM,2017,47.3983995269018,4.8111,,,
Turkmenistan,TM,TKM,2018,41.6378669600992,3.7485,,,
Turkmenistan,TM,TKM,2019,37.6560517756178,0,,,
Turkmenistan,TM,TKM,2020,29.9541700399769,2.4583,,,
Turkmenistan,TM,TKM,2021,33.4124528498008,0,,,
Turkmenistan,TM,TKM,2022,37.8107225896924,2.1589,,,
Turkmenistan,TM,TKM,2023,34.1794035540188,0,,,
Turkmenistan,TM,TKM,2024,28.7345237411748,0.9307,,,
Turkmenistan,TM,TKM,2025,28.1660712907997,,,,
Turks and Caicos Islands,TC,TCA,2002,,,,,0.0733157012957708
Turks and Caicos Islands,TC,TCA,2003,,,,,0.0796844665119655
Turks and Caicos Islands,TC,TCA,2004,,,,,9.26143483890614e-4
Turks and Caicos Islands,TC,TCA,2005,,,,0.0717247314212899,
Turks and Caicos Islands,TC,TCA,2006,,,,0.00156157219542911,0.392181758826588
Turks and Caicos Islands,TC,TCA,2007,,,,0.0189464937483337,0.0235785423822608
Turks and Caicos Islands,TC,TCA,2008,,,,1.93235129326059,0.0248897282090127
Turks and Caicos Islands,TC,TCA,2009,,,,0.171452697169157,0.245626824123737
Turks and Caicos Islands,TC,TCA,2010,,,,,
Turks and Caicos Islands,TC,TCA,2011,,,,0.0217987202276068,1.70739062169833
Turks and Caicos Islands,TC,TCA,2012,,,,0.0104815937297078,0.831080495089627
Turks and Caicos Islands,TC,TCA,2013,,,,,
Turks and Caicos Islands,TC,TCA,2014,,,,,
Turks and Caicos Islands,TC,TCA,2015,,,,,
Turks and Caicos Islands,TC,TCA,2016,,,,,
Turks and Caicos Islands,TC,TCA,2017,,,,,
Turks and Caicos Islands,TC,TCA,2018,,,,,
Turks and Caicos Islands,TC,TCA,2019,,,,,
Turks and Caicos Islands,TC,TCA,2020,,,,,
Turks and Caicos Islands,TC,TCA,2021,,,,,
Turks and Caicos Islands,TC,TCA,2022,,,,,
Turks and Caicos Islands,TC,TCA,2023,,,,,
Turks and Caicos Islands,TC,TCA,2024,,,,,
Turks and Caicos Islands,TC,TCA,2025,,,,,
Tuvalu,TV,TUV,2002,,,,0.138592595817551,
Tuvalu,TV,TUV,2003,,,,0.172228202368138,
Tuvalu,TV,TUV,2004,,,,3.09877920075449,
Tuvalu,TV,TUV,2005,,,,7.16310807131073,
Tuvalu,TV,TUV,2006,,,,,
Tuvalu,TV,TUV,2007,,,,,
Tuvalu,TV,TUV,2008,,,,,
Tuvalu,TV,TUV,2009,,,,,
Tuvalu,TV,TUV,2010,,,,,
Tuvalu,TV,TUV,2011,,,,,
Tuvalu,TV,TUV,2012,,,,,
Tuvalu,TV,TUV,2013,,,,,
Tuvalu,TV,TUV,2014,,,,,
Tuvalu,TV,TUV,2015,,,,,
Tuvalu,TV,TUV,2016,,,,,
Tuvalu,TV,TUV,2017,,,,,
Tuvalu,TV,TUV,2018,,,,,
Tuvalu,TV,TUV,2019,,,,,
Tuvalu,TV,TUV,2020,,,,,
Tuvalu,TV,TUV,2021,,,,,
Tuvalu,TV,TUV,2022,,,,,
Tuvalu,TV,TUV,2023,,,,,
Tuvalu,TV,TUV,2024,,,,,
Tuvalu,TV,TUV,2025,,,,,
Uganda,UG,UGA,2002,36.2777941561831,3.9426,23.2351513193553,3.63329549166036,1.81303780824033
Uganda,UG,UGA,2003,36.5857264641268,3.2294,23.5981743892541,2.9815736307981,0.34518152165646
Uganda,UG,UGA,2004,35.4600862456436,2.8128,27.3122128379488,2.15744861584744,0.371713098517081
Uganda,UG,UGA,2005,38.9942854839061,1.7642,30.1356662379808,1.66663556012777,2.41799274891198
Uganda,UG,UGA,2006,43.6332857896204,11.3837,139.223757346745,4.38781819523582,2.11282581613079
Uganda,UG,UGA,2007,46.7774166522822,1.6004,154.850976180176,1.29891752827692,2.17189206117311
Uganda,UG,UGA,2008,56.2582682050634,19.9851,100.33486567302,1.2724566456655,2.23975133840974
Uganda,UG,UGA,2009,47.0638780748379,8.5127,108.370183190604,1.37508672939007,2.46285043236365
Uganda,UG,UGA,2010,38.2692490371291,0.8815,90.970314265413,1.20826334740248,1.90384686894177
Uganda,UG,UGA,2011,39.7552255606122,0.8037,80.2263479594075,5.74523774419087,1.12817381744177
Uganda,UG,UGA,2012,43.5021371397314,0.6944,83.8730895359693,6.61880937018064,1.10642751669081
Uganda,UG,UGA,2013,43.1091548734687,5.4841,38.9903234021534,1.07267010214049,0.886734970078216
Uganda,UG,UGA,2014,36.0144010819085,6.16,38.3332006206083,2.11407660369841,0.604683661904989
Uganda,UG,UGA,2015,37.6892983324358,5.792,30.3935449340986,1.05985415174367,0.48170424939709
Uganda,UG,UGA,2016,31.2093620232119,4.9752,30.7077183687882,1.14300324387532,0.459348713405027
Uganda,UG,UGA,2017,36.8370529334101,4.0504,31.8562056100853,2.45925296695196,0.374878241048121
Uganda,UG,UGA,2018,36.6384055999567,4.1272,26.2243710321097,5.40337893135784,0.350411758566397
Uganda,UG,UGA,2019,39.3610539647435,6.7997,23.2022296078196,4.97635328996552,0.266865230610442
Uganda,UG,UGA,2020,37.0006923916369,6.7293,22.1033563422171,2.37578872053309,0.252231889793945
Uganda,UG,UGA,2021,41.7136307424781,8.572,23.6012010395494,3.44411222230529,0.744614230461867
Uganda,UG,UGA,2022,34.5053019270937,8.1911,19.3925808858776,4.24312411159032,1.37573978710851
Uganda,UG,UGA,2023,33.3416963302219,2.393,19.4190099538259,2.96068890680383,1.45187874568621
Uganda,UG,UGA,2024,42.6527889088562,2.5276,16.96135260843,2.32497095855221,0.711051042553324
Uganda,UG,UGA,2025,50.1990176084385,,,,
Ukraine,UA,UKR,2002,95.994669810112,37.5301,19.0002228872985,9.17967636907921,8.62422286786132
Ukraine,UA,UKR,2003,102.590182257396,34.8526,26.8540701522434,11.9347721509607,6.51814296015948
Ukraine,UA,UKR,2004,109.981708544962,32.5137,30.2665466409778,10.4198172781886,6.20671410904734
Ukraine,UA,UKR,2005,94.6475701087848,34.3673,55.2367261899151,9.76678612675717,7.04988734349557
Ukraine,UA,UKR,2006,89.181052639031,28.3043,41.2011686103508,6.65543968377137,6.92489059011881
Ukraine,UA,UKR,2007,88.0465606718626,28.3544,40.1970526958696,5.33567920429434,6.40853145429686
Ukraine,UA,UKR,2008,94.1718921417534,20.7346,31.6946136764801,6.13750401903014,6.82167565134447
Ukraine,UA,UKR,2009,87.4761626200316,18.872,25.1656725710659,5.36779503400886,6.89443871110542
Ukraine,UA,UKR,2010,95.72973045329,21.8939,27.7621136781293,7.11920021246899,8.12828542400859
Ukraine,UA,UKR,2011,104.805073904259,23.8646,23.1807986949788,8.32111642019338,8.74589706978953
Ukraine,UA,UKR,2012,102.622788356626,25.9822,18.357625569266,5.29842708103909,7.57914598549043
Ukraine,UA,UKR,2013,94.0016694501782,23.6995,13.8928429120288,4.52519470348902,8.98527430630586
Ukraine,UA,UKR,2014,100.691782483624,17.7736,5.90549930427595,3.73321431712067,9.69361702554444
Ukraine,UA,UKR,2015,107.806616298156,16.8792,11.2181022873202,1.27997250942501,9.38171392918825
Ukraine,UA,UKR,2016,105.521204913122,17.5112,13.3548586780728,1.22784536008362,7.97283522075588
Ukraine,UA,UKR,2017,104.034982911399,18.132,15.1194480360037,1.81994769039643,9.41641241262383
Ukraine,UA,UKR,2018,99.1998150718675,17.2478,16.9850637975905,1.81962240086264,9.38430227414885
Ukraine,UA,UKR,2019,90.5112342910763,17.9959,20.1368616665293,1.72417464016213,9.55193134628034
Ukraine,UA,UKR,2020,79.1564523761815,18.1068,21.8413289152456,1.12836959729539,11.0877422634527
Ukraine,UA,UKR,2021,82.69796136345,16.9773,22.6186688767971,1.12823233886,13.3174565858135
Ukraine,UA,UKR,2022,87.3965139907244,11.3441,19.8799193322257,2.35030271456421,8.08380904386312
Ukraine,UA,UKR,2023,77.5096141935657,11.7976,22.6327453767898,1.08400725933861,5.9822247200703504
Ukraine,UA,UKR,2024,79.6884673892276,9.4709,22.6264886435346,0.482782438375426,8.18038486628225
Ukraine,UA,UKR,2025,77.180273992480707,,,,
United Arab Emirates,AE,ARE,2002,93.0717523974279,,,55.7261089954946,2.058972392629
United Arab Emirates,AE,ARE,2003,102.300072318295,,,48.2728267331956,1.70610997692075
United Arab Emirates,AE,ARE,2004,116.622707480689,,,54.0586347867889,1.07668388293058
United Arab Emirates,AE,ARE,2005,119.55287164912,,,57.7303108639363,0.968747921724651
United Arab Emirates,AE,ARE,2006,119.47067436604,,,62.2532759092846,1.37797638535551
United Arab Emirates,AE,ARE,2007,136.798144727699,,,63.7197610075105,1.21861594925912
United Arab Emirates,AE,ARE,2008,148.513544024487,,,62.304908634584,0.91452342479419
United Arab Emirates,AE,ARE,2009,153.461944358762,,,43.5246022231876,0.862793085303155
United Arab Emirates,AE,ARE,2010,135.485740301669,,,49.9895856498744,1.02364676133139
United Arab Emirates,AE,ARE,2011,144.176829734392,,,53.5351069475687,1.13331007043112
United Arab Emirates,AE,ARE,2012,156.637656972961,,,47.2314196497577,1.61864434587426
United Arab Emirates,AE,ARE,2013,157.398122639247,,,55.8450474819963,1.98932139408331
United Arab Emirates,AE,ARE,2014,159.515630313713,,,50.7904126785472,3.27214956130429
United Arab Emirates,AE,ARE,2015,164.286142899252,,,37.6515533891839,4.52368131648225
United Arab Emirates,AE,ARE,2016,165.394966240337,,,31.5589751074458,4.88854854395622
United Arab Emirates,AE,ARE,2017,165.476523652994,,,35.9982377334342,5.35466404065746
United Arab Emirates,AE,ARE,2018,154.747042166299,,,68.5381737167988,6.00505065769388
United Arab Emirates,AE,ARE,2019,163.822149025614,,,77.8387271988389,3.77275733996035
United Arab Emirates,AE,ARE,2020,181.291940227998,,,71.434331985329,3.41081233456813
United Arab Emirates,AE,ARE,2021,182.909401076776,,,70.3219846270872,4.79280902285031
United Arab Emirates,AE,ARE,2022,185.741660631894,,,73.1440771980313,4.52970103395539
United Arab Emirates,AE,ARE,2023,199.044950127107,,,68.202872587783,3.4327739631214
United Arab Emirates,AE,ARE,2024,,,,,
United Arab Emirates,AE,ARE,2025,,,,,
United Kingdom,GB,GBR,2002,51.2361820991323,,,8.09048122385878,2.04908353235747
United Kingdom,GB,GBR,2003,50.0681187039704,,,8.18486315684614,2.22918404628181
United Kingdom,GB,GBR,2004,50.2885521756133,,,8.74180115519692,2.74305822475285
United Kingdom,GB,GBR,2005,52.5442740383211,,,9.34667587729113,2.83972495612444
United Kingdom,GB,GBR,2006,56.7047791729812,,,9.51966616894902,3.0910735549954
United Kingdom,GB,GBR,2007,52.7493524964733,,,10.283154066959,4.01010128832781
United Kingdom,GB,GBR,2008,56.4365501052604,,,12.907975568673,4.27586499165398
United Kingdom,GB,GBR,2009,54.6537301085991,,,11.0096977437667,3.02029693245409
United Kingdom,GB,GBR,2010,59.0511802227821,,,12.3740599458975,3.77754807011745
United Kingdom,GB,GBR,2011,63.3240615708901,,,12.6153872741119,4.37928098239928
United Kingdom,GB,GBR,2012,61.9688704472535,,,13.8690044776246,3.71702985858318
United Kingdom,GB,GBR,2013,61.7195395154583,,,11.4223263327095,3.25105027960383
United Kingdom,GB,GBR,2014,58.8210228333296,,,10.8953001970876,3.51067472962863
United Kingdom,GB,GBR,2015,57.125044605439,,,7.02213106641059,3.3447181856556
United Kingdom,GB,GBR,2016,59.8395315138259,,,6.25609635660007,3.30367400940286
United Kingdom,GB,GBR,2017,63.1899245764158,,,7.96909103032825,3.76091537779836
United Kingdom,GB,GBR,2018,64.9097721959201,,,9.45873392804059,3.80493061222039
United Kingdom,GB,GBR,2019,65.0035664177054,,,8.59897730540144,3.87668770218372
United Kingdom,GB,GBR,2020,59.1598893030611,,,7.06424366401815,6.60053768600958
United Kingdom,GB,GBR,2021,58.53838629291,,,8.32935578799489,6.9118678026751
United Kingdom,GB,GBR,2022,69.1989264413981,,,12.3109041508633,6.3443561242002
United Kingdom,GB,GBR,2023,64.9923841747803,,,8.96373321933615,4.52329389386415
United Kingdom,GB,GBR,2024,62.839052044584,,,8.57390412775903,4.54180165284014
United Kingdom,GB,GBR,2025,62.4573294634195,,,7.10156229531189,5.70704171115552
United States,US,USA,2002,22.2863842136065,,,1.83394389932985,1.91170026820431
United States,US,USA,2003,22.6272972866813,,,2.10931027144065,2.01323529883149
United States,US,USA,2004,24.4480566571904,,,2.5706533002655,2.39014858804396
United States,US,USA,2005,25.6385573436769,,,3.31136445717427,2.7857976488932
United States,US,USA,2006,26.9752858058903,,,3.7372185207955,3.52056099629305
United States,US,USA,2007,28.0120155631098,,,3.96254132636237,3.73864793129764
United States,US,USA,2008,29.8677875257061,,,6.48428941235738,3.96871886047058
United States,US,USA,2009,24.759527635837,,,5.80419155097004,3.39369213730218
United States,US,USA,2010,28.2198829408336,,,7.18456843300661,3.95873998985648
United States,US,USA,2011,30.842478575914,,,9.92432604469065,4.02265717679681
United States,US,USA,2012,30.681839575193,,,10.0636570136531,3.50844555096218
United States,US,USA,2013,29.9413062848227,,,10.7639934435291,3.21071352130306
United States,US,USA,2014,29.906569337428,,,10.9856792186563,3.06248036458276
United States,US,USA,2015,27.6882139340768,,,8.0034184342575,2.8088360190064
United States,US,USA,2016,26.4525977865465,,,7.57865354567164,2.60130444554912
United States,US,USA,2017,27.1253382222874,,,10.510450824598,2.74624450462334
United States,US,USA,2018,27.4453591302618,,,13.5299938279588,2.95741195061027
United States,US,USA,2019,26.2584806245428,,,14.1993655796366,2.8211533321336
United States,US,USA,2020,23.1399437509149,,,12.7159907896534,3.21390841591217
United States,US,USA,2021,25.2327260228331,,,15.9220948098952,3.65231110135565
United States,US,USA,2022,26.9078981557739,,,21.4101656084375,3.07529985951185
United States,US,USA,2023,24.9292981752847,,,18.6774872527635,2.8511687408118
United States,US,USA,2024,25.0160172978284,,,18.3113039630256,2.87778686360623
United States,US,USA,2025,,,,,
Uruguay,UY,URY,2002,40.02906730756,,,0.792127333951963,0.451206613411574
Uruguay,UY,URY,2003,51.7591995826472,,,1.55435490637551,0.53713700071276
Uruguay,UY,URY,2004,61.4766880860242,,,4.36951736745661,0.509229360763127
Uruguay,UY,URY,2005,58.8776963255774,,,4.73090812106706,0.515169701998772
Uruguay,UY,URY,2006,61.9715745165876,,,3.49958264014888,0.809930898532225
Uruguay,UY,URY,2007,59.2104478374095,,,4.25463973756081,0.84826239615519
Uruguay,UY,URY,2008,65.2080950071821,,,3.29761276550623,0.376570033697427
Uruguay,UY,URY,2009,53.3944192683736,,,1.46614251404475,0.268695472370516
Uruguay,UY,URY,2010,51.6990372012256,,,3.09950322555501,0.258529609451583
Uruguay,UY,URY,2011,53.2470340109018,,,0.739500301482631,0.340161334055212
Uruguay,UY,URY,2012,55.0611541633768,,,1.09385511085502,0.326605593663299
Uruguay,UY,URY,2013,49.7178464746233,,,0.491961483180946,0.301652164047018
Uruguay,UY,URY,2014,49.0876240632174,,,1.11127050427265,0.286186993540697
Uruguay,UY,URY,2015,45.3282408087534,,,0.285686399278086,0.236525973692642
Uruguay,UY,URY,2016,48.4705353074514,,,0.4822512401636,0.312914284574473
Uruguay,UY,URY,2017,46.3779636198842,,,1.99960987465139,0.319545647864705
Uruguay,UY,URY,2018,47.7913453459107,,,1.19423274285302,0.35941392233575
Uruguay,UY,URY,2019,49.7448660724665,,,1.08564402005782,0.331000567556373
Uruguay,UY,URY,2020,47.7318331202564,,,1.24084050774374,0.385873674975743
Uruguay,UY,URY,2021,58.3150555063308,,,5.65375733833479,0.340811844644457
Uruguay,UY,URY,2022,60.2026828336525,,,1.47390184229824,0.304286345769239
Uruguay,UY,URY,2023,52.3273108387018,,,0.248858467560678,0.355278930515298
Uruguay,UY,URY,2024,51.4582237554765,,,1.30632945581964,0.331132184653809
Uruguay,UY,URY,2025,49.7171497188849,,,,
Uzbekistan,UZ,UZB,2002,58.954524710746,6.2007,,,
Uzbekistan,UZ,UZB,2003,70.4592746850874,4.6352,,,
Uzbekistan,UZ,UZB,2004,76.5956691950086,3.2026,,,
Uzbekistan,UZ,UZB,2005,69.5252584247083,1.9081,,,
Uzbekistan,UZ,UZB,2006,67.4712921717973,4.0484,,,
Uzbekistan,UZ,UZB,2007,74.4141929762327,4.2512,,,
Uzbekistan,UZ,UZB,2008,79.7479920348578,3.3637,,,
Uzbekistan,UZ,UZB,2009,68.673142199791,6.7471,,,
Uzbekistan,UZ,UZB,2010,44.1432918113775,5.2957,,,
Uzbekistan,UZ,UZB,2011,44.3313973754476,1.7386,,,
Uzbekistan,UZ,UZB,2012,39.6570271654711,0.8748,,,
Uzbekistan,UZ,UZB,2013,37.5113183619111,1.0764,218.111679668703,,
Uzbekistan,UZ,UZB,2014,32.1925400076306,1.2517,198.019669926544,,
Uzbekistan,UZ,UZB,2015,27.1724545801626,1.1839,178.960947026614,,
Uzbekistan,UZ,UZB,2016,25.6926479568511,2.5415,171.405647857004,,
Uzbekistan,UZ,UZB,2017,41.0443062055515,4.4273,168.074995775128,16.1883074086756,8.2035402837155509
Uzbekistan,UZ,UZB,2018,61.395110017578,4.9115,148.298501563733,24.9394912096299,7.6354853444308
Uzbekistan,UZ,UZB,2019,62.3003782302878,2.6953,117.344302596316,16.5598854216671,8.37864671560409
Uzbekistan,UZ,UZB,2020,53.1070769988551,6.3953,93.9414997605802,5.95874581011308,8.33762446780379
Uzbekistan,UZ,UZB,2021,54.7477822134912,7.938,78.835846636581,6.53139390408132,13.9619291123545
Uzbekistan,UZ,UZB,2022,60.0483582576289,11.7134,66.7513951897263,7.46412599396005,11.2856964615134
Uzbekistan,UZ,UZB,2023,63.102194304905,11.261,56.1272983802572,4.46396721405799,8.39123120304255
Uzbekistan,UZ,UZB,2024,57.5295432552977,8.1121,58.6948512837511,6.52845706509898,8.10048140248817
Uzbekistan,UZ,UZB,2025,57.4005392040216,,,,
Vanuatu,VU,VUT,2002,91.6997236888901,38.609,22.7431913598618,,
Vanuatu,VU,VUT,2003,91.5679895901106,34.1304,27.1905194353147,,
Vanuatu,VU,VUT,2004,98.7059775016543,29.3053,40.1565244808481,,
Vanuatu,VU,VUT,2005,100.173820339297,5.1919,66.964872756946,,
Vanuatu,VU,VUT,2006,89.5414618090556,12.7565,94.6445004870713,0.00186384167853004,0.43031580998799
Vanuatu,VU,VUT,2007,90.1716511021211,18.858,93.5294522867491,0.4619863953749,0.00287569067987648
Vanuatu,VU,VUT,2008,105.774852580058,22.9127,77.3974976985332,,
Vanuatu,VU,VUT,2009,108.489179063187,18.916,96.9369143517913,4.13564904274566,0.712175516247439
Vanuatu,VU,VUT,2010,103.823312203828,28.1442,90.8395777227986,0.222817847925324,0.149579723792411
Vanuatu,VU,VUT,2011,96.9987664175314,26.3387,97.3912287068787,0.068762290574745,1.56923807506826
Vanuatu,VU,VUT,2012,104.451629665983,28.5381,100.009083165493,,
Vanuatu,VU,VUT,2013,93.4638521005109,14.9458,113.079759755077,,
Vanuatu,VU,VUT,2014,91.3913104611923,39.7351,90.51769288783,,
Vanuatu,VU,VUT,2015,92.5427728613569,15.0763,104.818664569725,,
Vanuatu,VU,VUT,2016,93.2943778278248,12.8961,91.1134739539714,,
Vanuatu,VU,VUT,2017,90.0680828139658,16.5527,98.4259472102241,,
Vanuatu,VU,VUT,2018,89.6801368961432,11.2172,107.393491194101,,
Vanuatu,VU,VUT,2019,85.2923789349229,9.9048,120.442468501352,,
Vanuatu,VU,VUT,2020,65.4819913449416,8.7292,139.480260609577,,
Vanuatu,VU,VUT,2021,60.1426638378911,8.3629,139.435470768913,,
Vanuatu,VU,VUT,2022,70.4738394846168,6.8551,137.783950308738,,
Vanuatu,VU,VUT,2023,78.0648945040347,11.1591,136.778840740426,,
Vanuatu,VU,VUT,2024,73.3835043414732,22.1033,118.229950148357,,
Vanuatu,VU,VUT,2025,,,,,
"Venezuela, RB",VE,VEN,2002,0,,,80.1191539247763,4.35033958431729
"Venezuela, RB",VE,VEN,2003,0,,,82.2427109948815,4.08245262236796
"Venezuela, RB",VE,VEN,2004,0,,,83.4198338154401,3.21971376759069
"Venezuela, RB",VE,VEN,2005,0,,,87.8247886816393,2.32505838590638
"Venezuela, RB",VE,VEN,2006,0,,,92.5603892681709,2.08818528782387
"Venezuela, RB",VE,VEN,2007,0,,,,
"Venezuela, RB",VE,VEN,2008,0,,,93.7428917187714,1.88460854572586
"Venezuela, RB",VE,VEN,2009,0,,,95.8996773647734,1.20638690168558
"Venezuela, RB",VE,VEN,2010,0,,,93.3969113313162,2.3573078829314
"Venezuela, RB",VE,VEN,2011,0,,,67.1966073193092,0.891443496040358
"Venezuela, RB",VE,VEN,2012,50.7514450867052,,,98.7637309978349,0.0460182045396548
"Venezuela, RB",VE,VEN,2013,62.5819672131148,,,97.6778068113493,0.441779842959862
"Venezuela, RB",VE,VEN,2014,64.0956340956341,,,,
"Venezuela, RB",VE,VEN,2015,60.377358490566,,,,
"Venezuela, RB",VE,VEN,2016,41.3927576601671,,,,
"Venezuela, RB",VE,VEN,2017,42.6149425287356,,,,
"Venezuela, RB",VE,VEN,2018,54.6332963725646,,,,
"Venezuela, RB",VE,VEN,2019,58.1288399985284,,,,
"Venezuela, RB",VE,VEN,2020,26.0905679013051,,,,
"Venezuela, RB",VE,VEN,2021,29.2263872682484,,,,
"Venezuela, RB",VE,VEN,2022,27.8980542310307,,,,
"Venezuela, RB",VE,VEN,2023,28.0944323171165,,,,
"Venezuela, RB",VE,VEN,2024,26.2373885733766,,,,
"Venezuela, RB",VE,VEN,2025,25.0115313779011,,,,
Viet Nam,VN,VNM,2002,116.696868652499,5.0874,30.8855726914985,21.2354911123902,0.508523786701465
Viet Nam,VN,VNM,2003,124.327954439125,5.2741,39.9165137945255,20.6017912786283,0.517852054592614
Viet Nam,VN,VNM,2004,133.016497868747,9.574,39.9374215518423,23.5351549250109,0.69603534994892
Viet Nam,VN,VNM,2005,130.714846045026,10.9738,48.6758314018645,25.7588869664945,0.574678638101654
Viet Nam,VN,VNM,2006,138.313621869598,13.0281,71.3723838920517,24.3794368857707,0.687448177953374
Viet Nam,VN,VNM,2007,154.605383996554,18.9951,101.48691478675,20.7181172099468,0.771353509653311
Viet Nam,VN,VNM,2008,154.317479627758,15.8672,90.1599996877708,20.1729533963251,0.901530699131761
Viet Nam,VN,VNM,2009,134.706317721758,14.5938,50.1844246408646,14.8994835142997,0.722575399049385
Viet Nam,VN,VNM,2010,113.977687539714,15.3981,27.6902522996565,11.0465855531952,1.01634485063783
Viet Nam,VN,VNM,2011,125.260577940829,19.8481,24.924943377544,11.3593523993831,0.833895040389376
Viet Nam,VN,VNM,2012,123.224116745985,19.8385,41.0786470734172,9.91288499039707,0.636657416395891
Viet Nam,VN,VNM,2013,130.846354866743,18.3688,39.0848161421557,7.33546515638199,0.710582349461454
Viet Nam,VN,VNM,2014,135.410521454361,18.2035,45.7481856044771,6.14993473897265,0.786280339122938
Viet Nam,VN,VNM,2015,144.914228195237,14.654,34.5252654584712,3.08352977817506,0.797117049899595
Viet Nam,VN,VNM,2016,145.409507973118,14.0577,40.368745096667,2.02635621812933,0.824603887403562
Viet Nam,VN,VNM,2017,160.98008365887,19.9267,44.6575253784881,2.25277351299626,1.01499869930366
Viet Nam,VN,VNM,2018,164.663936775893,17.3899,49.2378307464508,1.6139127032886,1.12953315423142
Viet Nam,VN,VNM,2019,164.704215031408,19.9167,63.9489068711246,1.37705086993892,1.09068113673607
Viet Nam,VN,VNM,2020,163.245862814935,20.5466,73.2423459967853,0.94849894404578,1.05424438145282
Viet Nam,VN,VNM,2021,186.675832836814,23.7629,78.2047885092921,0.979644882422729,1.15683907100239
Viet Nam,VN,VNM,2022,183.153619147836,26.022,59.0222854150328,1.16704384704007,1.17550554672327
Viet Nam,VN,VNM,2023,164.995585455876,24.7562,65.0269572141595,0.952923330798285,1.11053745518843
Viet Nam,VN,VNM,2024,173.885260216071,27.9046,62.5111108952954,,
Viet Nam,VN,VNM,2025,190.336808817292,,,,
Virgin Islands (U.S.),VI,VIR,2002,283.169834457388,,,,
Virgin Islands (U.S.),VI,VIR,2003,362.968341562591,,,,
Virgin Islands (U.S.),VI,VIR,2004,435.159336318146,,,,
Virgin Islands (U.S.),VI,VIR,2005,503.206865401987,,,,
Virgin Islands (U.S.),VI,VIR,2006,552.118644067797,,,,
Virgin Islands (U.S.),VI,VIR,2007,560.367892976589,,,,
Virgin Islands (U.S.),VI,VIR,2008,863.195098963242,,,,
Virgin Islands (U.S.),VI,VIR,2009,508.402761247322,,,,
Virgin Islands (U.S.),VI,VIR,2010,586.401480111008,,,,
Virgin Islands (U.S.),VI,VIR,2011,679.232772910253,,,,
Virgin Islands (U.S.),VI,VIR,2012,157.177794081683,,,,
Virgin Islands (U.S.),VI,VIR,2013,142.241840556447,,,,
Virgin Islands (U.S.),VI,VIR,2014,164.291725105189,,,,
Virgin Islands (U.S.),VI,VIR,2015,84.7665847665848,,,,
Virgin Islands (U.S.),VI,VIR,2016,113.296471827278,,,,
Virgin Islands (U.S.),VI,VIR,2017,157.696362677913,,,,
Virgin Islands (U.S.),VI,VIR,2018,159.240377262299,,,,
Virgin Islands (U.S.),VI,VIR,2019,155.4234409124,,,,
Virgin Islands (U.S.),VI,VIR,2020,113.596594939702,,,,
Virgin Islands (U.S.),VI,VIR,2021,180.297315287331,,,,
Virgin Islands (U.S.),VI,VIR,2022,205.629280821918,,,,
Virgin Islands (U.S.),VI,VIR,2023,,,,,
Virgin Islands (U.S.),VI,VIR,2024,,,,,
Virgin Islands (U.S.),VI,VIR,2025,,,,,
West Bank and Gaza,PS,PSE,2002,76.2528826143203,,,1.29639661721514,3.66298814551812
West Bank and Gaza,PS,PSE,2003,76.398689516129,,,1.35597857111999,2.9462773249326
West Bank and Gaza,PS,PSE,2004,81.1235906237101,,,1.12385659559811,1.80513207458653
West Bank and Gaza,PS,PSE,2005,83.8363540589578,,,0.849675033573036,1.51249511215203
West Bank and Gaza,PS,PSE,2006,82.6374735897388,,,0.666981017605001,5.28348189080114
West Bank and Gaza,PS,PSE,2007,91.9992434272745,,,0.232426668538088,9.38177917614561
West Bank and Gaza,PS,PSE,2008,79.4799190194791,,,0.494543763671543,12.5281920933068
West Bank and Gaza,PS,PSE,2009,75.1511928466305,,,0.471025789209267,7.21551064834692
West Bank and Gaza,PS,PSE,2010,68.4976501575169,,,0.265654761783648,12.448180568576
West Bank and Gaza,PS,PSE,2011,67.2495329024414,,,0.0865829589723565,16.9055645568475
West Bank and Gaza,PS,PSE,2012,66.9293273483831,,,0.239558505403332,14.2316179441057
West Bank and Gaza,PS,PSE,2013,66.2713181162369,,,0.232120460276173,12.663643453478
West Bank and Gaza,PS,PSE,2014,67.7398371659149,,,0.191229879607219,9.95820596917778
West Bank and Gaza,PS,PSE,2015,70.7809681944405,,,0.164371699319662,8.35860478041684
West Bank and Gaza,PS,PSE,2016,65.4225141833383,,,0.163523332201154,6.16683821767458
West Bank and Gaza,PS,PSE,2017,68.4486607142857,,,0.0951480976091428,8.66561737755397
West Bank and Gaza,PS,PSE,2018,71.4012754506469,,,0.0718070742204247,12.0538532072502
West Bank and Gaza,PS,PSE,2019,68.9934922812035,,,0.0862921552942219,10.2211723475195
West Bank and Gaza,PS,PSE,2020,67.2881912475775,,,0.107838092378914,10.9690039465975
West Bank and Gaza,PS,PSE,2021,73.0835496162129,,,0.0685655976632964,13.6197714453218
West Bank and Gaza,PS,PSE,2022,82.3949283869453,,,0.0524805007753271,15.9148878581792
West Bank and Gaza,PS,PSE,2023,76.173457614931,,,0.0859853021575194,14.4323282782474
West Bank and Gaza,PS,PSE,2024,74.5880913285342,,,,
West Bank and Gaza,PS,PSE,2025,74.7604429402753,,,,
"Yemen, Rep.",YE,YEM,2002,74.7304558609206,6.1404,83.1730144831637,93.2586484850577,0.137683661484795
"Yemen, Rep.",YE,YEM,2003,74.3826165968098,4.0184,91.3728764300961,93.7927848102152,0.212879113589276
"Yemen, Rep.",YE,YEM,2004,71.8466740069203,5.3514,101.486965596109,94.0273532608415,0.166094467737126
"Yemen, Rep.",YE,YEM,2005,76.773285677642,6.028,112.112853067049,94.897638723333,0.0939407080170517
"Yemen, Rep.",YE,YEM,2006,82.0761626564135,5.6978,132.019608006385,94.9954827270536,0.0860938345770529
"Yemen, Rep.",YE,YEM,2007,79.1234205876059,6.7653,126.020977272905,93.3320541179736,0.248243460178679
"Yemen, Rep.",YE,YEM,2008,81.244718850294,6.3175,130.925306040162,93.7148311827874,0.133969875350638
"Yemen, Rep.",YE,YEM,2009,68.0713910145084,7.4597,102.805237148818,92.6942841646448,0.145151267429537
"Yemen, Rep.",YE,YEM,2010,64.3856367797178,1.9093,91.3010827173345,91.4220414145968,0.163699927451738
"Yemen, Rep.",YE,YEM,2011,63.0594579549043,2.042,70.3906263973257,90.737252598481,0.15816867036602
"Yemen, Rep.",YE,YEM,2012,61.3616371825683,1.8422,81.0823451920363,92.1393209494491,0.103141289981742
"Yemen, Rep.",YE,YEM,2013,52.5118781367089,3.3739,69.5067516236701,84.9361805839103,0.47522815709816
"Yemen, Rep.",YE,YEM,2014,48.2430405122774,4.0861,56.4213885288526,69.6394754134209,0.66927520794855
"Yemen, Rep.",YE,YEM,2015,30.3676590844637,4.1138,19.7668103769227,0.191164987703412,0.47428150513596
"Yemen, Rep.",YE,YEM,2016,31.0815442908559,3.4468,12.4233064525218,,
"Yemen, Rep.",YE,YEM,2017,42.9699046721967,5.1198,12.7978058348164,,
"Yemen, Rep.",YE,YEM,2018,56.0778227215077,5.1437,42.3961362491038,,2.82180020176709
"Yemen, Rep.",YE,YEM,2019,,6.0508,23.438583984237,0.145219187999619,0
"Yemen, Rep.",YE,YEM,2020,,6.4538,13.6165610087426,,
"Yemen, Rep.",YE,YEM,2021,,6.2223,22.205757963494,,
"Yemen, Rep.",YE,YEM,2022,,6.7898,17.0155735036302,,
"Yemen, Rep.",YE,YEM,2023,,7.105,,,
"Yemen, Rep.",YE,YEM,2024,,7.2054,,,
"Yemen, Rep.",YE,YEM,2025,,,,,
Zambia,ZM,ZMB,2002,64.9164969990648,1.3728,8.00962727486297,1.79506605084816,59.3239690503369
Zambia,ZM,ZMB,2003,62.3128446757629,1.2953,3.59953974676757,2.52218765663852,60.0262278586003
Zambia,ZM,ZMB,2004,70.8130749317722,1.8132,4.46591430694416,1.98338581633262,46.5515777026805
Zambia,ZM,ZMB,2005,62.200282191364,4.364,10.4243305129052,0.844028120274815,67.4376806672762
Zambia,ZM,ZMB,2006,57.8568188739027,18.8145,31.9785926444574,0.838501559249603,80.8375615687607
Zambia,ZM,ZMB,2007,65.7714586909068,20.1526,39.7786520071578,0.475593312463412,78.115678057786
Zambia,ZM,ZMB,2008,59.4548891205874,22.0685,37.3035683405447,0.421744083665289,79.7857145794274
Zambia,ZM,ZMB,2009,56.1213809555165,12.2543,51.9674899389065,0.486768260911491,78.5949410783729
Zambia,ZM,ZMB,2010,67.9009190299719,26.6185,48.4586286539631,0.473192561204892,82.3283419185778
Zambia,ZM,ZMB,2011,72.7954324384283,10.1419,44.6960083441316,0.562369702840533,78.5928539303859
Zambia,ZM,ZMB,2012,75.367709855907,13.2862,49.2118641035973,1.31390015743446,69.6772640831742
Zambia,ZM,ZMB,2013,80.4562410213373,11.2304,40.2456079103037,2.05442423414307,70.5950312224802
Zambia,ZM,ZMB,2014,76.1934997276313,8.48,31.8981483317815,1.19101690281408,73.0113024824784
Zambia,ZM,ZMB,2015,79.8652687573958,6.0028,24.1059303154785,1.55535306091139,74.7917338140349
Zambia,ZM,ZMB,2016,73.958561254616,4.8332,14.932427982912,0.87637995732854,73.2307379852017
Zambia,ZM,ZMB,2017,71.5856946542566,3.7924,8.77064357310276,0.918961664308822,79.5303550713286
Zambia,ZM,ZMB,2018,74.8883695274665,2.5258,6.3748426196843,1.01571316093364,77.4606084696989
Zambia,ZM,ZMB,2019,68.791204936096,2.855,4.92786160325023,1.36783558895875,74.58257510545
Zambia,ZM,ZMB,2020,79.2068494095955,2.4711,4.07514672518242,1.73850401929445,78.8010057390337
Zambia,ZM,ZMB,2021,86.2085111934645,5.2557,10.2209380297614,1.67696240024655,79.2520502689073
Zambia,ZM,ZMB,2022,69.2973154193203,9.5849,10.4405689268511,2.81611636018103,75.6024881567735
Zambia,ZM,ZMB,2023,78.2418870451485,11.725,10.9131995443089,4.09782634161287,71.3565858556083
Zambia,ZM,ZMB,2024,62.5348874064443,9.9308,14.5453908868032,2.72110717813148,72.9899534292382
Zambia,ZM,ZMB,2025,,,,,
Zimbabwe,ZW,ZWE,2002,66.8098183680706,14.0691,3.16888496676858,1.19632577514898,30.7167475850409
Zimbabwe,ZW,ZWE,2003,70.4519675420993,17.9623,2.82779111193693,1.55282575675323,23.151671399918
Zimbabwe,ZW,ZWE,2004,76.0394249806318,20.4484,4.51650180143968,1.04965693349096,21.5271344085408
Zimbabwe,ZW,ZWE,2005,76.043068640646,23.6738,2.06402382490317,1.12418120251908,16.8277188038139
Zimbabwe,ZW,ZWE,2006,82.8200302932942,26.7406,2.96997392878426,42.4295272236349,7.03409299664565
Zimbabwe,ZW,ZWE,2007,84.1682798999008,30.5982,2.75092933085961,0.664027620284846,22.4291920831063
Zimbabwe,ZW,ZWE,2008,109.523540063377,30.4778,1.34915469198015,1.14466784020454,18.2334506305702
Zimbabwe,ZW,ZWE,2009,61.7764909650234,25.6184,12.7887710572212,1.96805479388772,25.7209447212092
Zimbabwe,ZW,ZWE,2010,83.1234047851259,25.9536,10.3793430394429,1.78082009073593,38.1334746504532
Zimbabwe,ZW,ZWE,2011,89.4659437238642,26.9216,8.5786286051237,0.95621448571552,40.6435201173897
Zimbabwe,ZW,ZWE,2012,74.1627003825153,26.5073,6.25667584403974,0.950966638573246,40.2623830727427
Zimbabwe,ZW,ZWE,2013,58.6560737143829,31.5024,5.44088553805777,1.50053655263801,32.9939638207084
Zimbabwe,ZW,ZWE,2014,54.6717592473918,30.5067,4.20193013847825,1.20678646794349,29.9527518117793
Zimbabwe,ZW,ZWE,2015,56.7496526604333,30.7489,4.3480091254433,1.91889022375092,31.1220181748029
Zimbabwe,ZW,ZWE,2016,51.2190376594477,26.5915,3.44628589358108,0.584993179560043,31.1529142671985
Zimbabwe,ZW,ZWE,2017,55.028317831061,28.9805,2.27465749560838,0.729202885483256,31.2086640347963
Zimbabwe,ZW,ZWE,2018,54.55031658746,26.1418,0.669665808320237,1.01057156468968,30.0734594454263
Zimbabwe,ZW,ZWE,2019,36.5178684980287,28.1086,1.2059841673826,1.12609686820738,35.1674796763683
Zimbabwe,ZW,ZWE,2020,31.8225698755474,29.5755,0.256288140954146,1.10293713757941,44.7588118464982
Zimbabwe,ZW,ZWE,2021,34.9401169482991,26.4874,5.9441344520479404,1.56615109785809,46.030100180394
Zimbabwe,ZW,ZWE,2022,43.6150764298492,28.151,4.23929456642145,2.8942495074987,40.1848643345893
Zimbabwe,ZW,ZWE,2023,40.2912612046942,27.0548,0.794098628981107,2.83650249873133,42.9777779829568
Zimbabwe,ZW,ZWE,2024,41.5039527238816,27.5425,3.36699213971911,2.9112150677223,33.8441587265371
Zimbabwe,ZW,ZWE,2025,,,,,
