"country","year","unsc","unsc_t1","unsc3","ISO3"
"",1946,0,0,0,NA
"Albania",1946,0,0,0,"ALB"
"Algeria",1946,0,0,0,"DZA"
"Angola",1946,0,0,0,"AGO"
"Argentina",1946,0,0,0,"ARG"
"Australia",1946,1,0,1,"AUS"
"Austria",1946,0,0,0,"AUT"
"Azerbaijan",1946,0,0,0,"AZE"
"Bahrain",1946,0,0,0,"BHR"
"Bangladesh",1946,0,0,0,"BGD"
"Belarus",1946,0,0,0,"BLR"
"Belgium",1946,0,0,0,"BEL"
"Benin",1946,0,0,0,"BEN"
"Bolivia (Plurinational State of)",1946,0,0,0,NA
"Bosnia and Herzegovina",1946,0,0,0,"BIH"
"Botswana",1946,0,0,0,"BWA"
"Brazil",1946,1,0,1,"BRA"
"Bulgaria",1946,0,0,0,"BGR"
"Burkina Faso",1946,0,0,0,"BFA"
"Burundi",1946,0,0,0,"BDI"
"Cabo Verde",1946,0,0,0,"CPV"
"Cameroon",1946,0,0,0,"CMR"
"Canada",1946,0,0,0,"CAN"
"Chad",1946,0,0,0,"TCD"
"Chile",1946,0,0,0,"CHL"
"China",1946,1,0,1,"CHN"
"Colombia",1946,0,0,0,"COL"
"Congo",1946,0,0,0,NA
"Costa Rica",1946,0,0,0,"CRI"
"Croatia",1946,0,0,0,"HRV"
"Cuba",1946,0,0,0,"CUB"
"Czechia",1946,0,0,0,"CZE"
"Czechoslovakia",1946,0,0,0,NA
"Democratic Republic of the Congo",1946,0,0,0,NA
"Denmark",1946,0,0,0,"DNK"
"Djibouti",1946,0,0,0,"DJI"
"Dominican Republic",1946,0,0,0,"DOM"
"Ecuador",1946,0,0,0,"ECU"
"Egypt",1946,1,0,1,NA
"Equatorial Guinea",1946,0,0,0,"GNQ"
"Estonia",1946,0,0,0,"EST"
"Ethiopia",1946,0,0,0,"ETH"
"Finland",1946,0,0,0,"FIN"
"France",1946,1,0,1,"FRA"
"Gabon",1946,0,0,0,"GAB"
"Gambia",1946,0,0,0,NA
"German DR (German Democratic Republic)",1946,0,0,0,NA
"German FR (German Federal Republic)",1946,0,0,0,NA
"Germany",1946,0,0,0,"DEU"
"Ghana",1946,0,0,0,"GHA"
"Greece",1946,0,0,0,"GRC"
"Guatemala",1946,0,0,0,"GTM"
"Guinea",1946,0,0,0,"GIN"
"Guinea-Bissau",1946,0,0,0,"GNB"
"Guyana",1946,0,0,0,"GUY"
"Honduras",1946,0,0,0,"HND"
"Hungary",1946,0,0,0,"HUN"
"India",1946,0,0,0,"IND"
"Indonesia",1946,0,0,0,"IDN"
"Iran (Islamic Republic of)",1946,0,0,0,NA
"Iraq",1946,0,0,0,"IRQ"
"Ireland",1946,0,0,0,"IRL"
"Italy",1946,0,0,0,"ITA"
"Jamaica",1946,0,0,0,"JAM"
"Japan",1946,0,0,0,"JPN"
"Jordan",1946,0,0,0,"JOR"
"Kazakhstan",1946,0,0,0,"KAZ"
"Kenya",1946,0,0,0,"KEN"
"Kuwait",1946,0,0,0,"KWT"
"Kyrgyzstan",1946,0,0,0,NA
"Latvia",1946,0,0,0,"LVA"
"Lebanon",1946,0,0,0,"LBN"
"Liberia",1946,0,0,0,"LBR"
"Libya",1946,0,0,0,"LBY"
"Lithuania",1946,0,0,0,"LTU"
"Luxembourg",1946,0,0,0,"LUX"
"Madagascar",1946,0,0,0,"MDG"
"Malaysia",1946,0,0,0,"MYS"
"Mali",1946,0,0,0,"MLI"
"Malta",1946,0,0,0,"MLT"
"Mauritania",1946,0,0,0,"MRT"
"Mauritius",1946,0,0,0,"MUS"
"Mexico",1946,1,0,1,"MEX"
"Morocco",1946,0,0,0,"MAR"
"Mozambique",1946,0,0,0,"MOZ"
"Namibia",1946,0,0,0,"NAM"
"Nepal",1946,0,0,0,"NPL"
"Netherlands",1946,1,0,1,"NLD"
"New Zealand",1946,0,0,0,"NZL"
"Nicaragua",1946,0,0,0,"NIC"
"Niger",1946,0,0,0,"NER"
"Nigeria",1946,0,0,0,"NGA"
"Norway",1946,0,0,0,"NOR"
"Oman",1946,0,0,0,"OMN"
"Pakistan",1946,0,0,0,"PAK"
"Panama",1946,0,0,0,"PAN"
"Paraguay",1946,0,0,0,"PRY"
"Peru",1946,0,0,0,"PER"
"Philippines",1946,0,0,0,"PHL"
"Poland",1946,1,0,1,"POL"
"Portugal",1946,0,0,0,"PRT"
"Qatar",1946,0,0,0,"QAT"
"Republic of Korea",1946,0,0,0,NA
"Romania",1946,0,0,0,"ROU"
"Russian Federation",1946,0,0,0,"RUS"
"Rwanda",1946,0,0,0,"RWA"
"Saint Vincent and the Grenadines",1946,0,0,0,NA
"Senegal",1946,0,0,0,"SEN"
"Sierra Leone",1946,0,0,0,"SLE"
"Singapore",1946,0,0,0,"SGP"
"Slovakia",1946,0,0,0,NA
"Slovenia",1946,0,0,0,"SVN"
"Somalia",1946,0,0,0,NA
"South Africa",1946,0,0,0,"ZAF"
"Spain",1946,0,0,0,"ESP"
"Sri Lanka",1946,0,0,0,"LKA"
"Sudan",1946,0,0,0,"SDN"
"Sweden",1946,0,0,0,"SWE"
"Switzerland",1946,0,0,0,"CHE"
"Syrian Arab Republic",1946,0,0,0,"SYR"
"Thailand",1946,0,0,0,"THA"
"Togo",1946,0,0,0,"TGO"
"Trinidad and Tobago",1946,0,0,0,"TTO"
"Tunisia",1946,0,0,0,"TUN"
"Türkiye",1946,0,0,0,NA
"Uganda",1946,0,0,0,"UGA"
"Ukraine",1946,0,0,0,"UKR"
"Ukrainian SSR (Ukrainian Soviet Socialist Republic)",1946,0,0,0,NA
"United Arab Emirates",1946,0,0,0,"ARE"
"United Arab Republic",1946,0,0,0,NA
"United Kingdom of Great Britain and Northern Ireland",1946,1,0,1,NA
"United Republic of Tanzania",1946,0,0,0,NA
"United States of America",1946,1,0,1,NA
"Uruguay",1946,0,0,0,"URY"
"USSR (Union of Soviet Socialist Republics)",1946,1,0,1,NA
"Venezuela (Bolivarian Republic of)",1946,0,0,0,NA
"Viet Nam",1946,0,0,0,"VNM"
"Yemen",1946,0,0,0,NA
"Yugoslavia",1946,0,0,0,NA
"Zambia",1946,0,0,0,"ZMB"
"Zimbabwe",1946,0,0,0,"ZWE"
"",1947,0,0,0,NA
"Albania",1947,0,0,0,"ALB"
"Algeria",1947,0,0,0,"DZA"
"Angola",1947,0,0,0,"AGO"
"Argentina",1947,0,0,0,"ARG"
"Australia",1947,1,1,1,"AUS"
"Austria",1947,0,0,0,"AUT"
"Azerbaijan",1947,0,0,0,"AZE"
"Bahrain",1947,0,0,0,"BHR"
"Bangladesh",1947,0,0,0,"BGD"
"Belarus",1947,0,0,0,"BLR"
"Belgium",1947,1,0,1,"BEL"
"Benin",1947,0,0,0,"BEN"
"Bolivia (Plurinational State of)",1947,0,0,0,NA
"Bosnia and Herzegovina",1947,0,0,0,"BIH"
"Botswana",1947,0,0,0,"BWA"
"Brazil",1947,1,1,1,"BRA"
"Bulgaria",1947,0,0,0,"BGR"
"Burkina Faso",1947,0,0,0,"BFA"
"Burundi",1947,0,0,0,"BDI"
"Cabo Verde",1947,0,0,0,"CPV"
"Cameroon",1947,0,0,0,"CMR"
"Canada",1947,0,0,0,"CAN"
"Chad",1947,0,0,0,"TCD"
"Chile",1947,0,0,0,"CHL"
"China",1947,1,1,1,"CHN"
"Colombia",1947,1,0,1,"COL"
"Congo",1947,0,0,0,NA
"Costa Rica",1947,0,0,0,"CRI"
"Croatia",1947,0,0,0,"HRV"
"Cuba",1947,0,0,0,"CUB"
"Czechia",1947,0,0,0,"CZE"
"Czechoslovakia",1947,0,0,0,NA
"Democratic Republic of the Congo",1947,0,0,0,NA
"Denmark",1947,0,0,0,"DNK"
"Djibouti",1947,0,0,0,"DJI"
"Dominican Republic",1947,0,0,0,"DOM"
"Ecuador",1947,0,0,0,"ECU"
"Egypt",1947,0,1,1,NA
"Equatorial Guinea",1947,0,0,0,"GNQ"
"Estonia",1947,0,0,0,"EST"
"Ethiopia",1947,0,0,0,"ETH"
"Finland",1947,0,0,0,"FIN"
"France",1947,1,1,1,"FRA"
"Gabon",1947,0,0,0,"GAB"
"Gambia",1947,0,0,0,NA
"German DR (German Democratic Republic)",1947,0,0,0,NA
"German FR (German Federal Republic)",1947,0,0,0,NA
"Germany",1947,0,0,0,"DEU"
"Ghana",1947,0,0,0,"GHA"
"Greece",1947,0,0,0,"GRC"
"Guatemala",1947,0,0,0,"GTM"
"Guinea",1947,0,0,0,"GIN"
"Guinea-Bissau",1947,0,0,0,"GNB"
"Guyana",1947,0,0,0,"GUY"
"Honduras",1947,0,0,0,"HND"
"Hungary",1947,0,0,0,"HUN"
"India",1947,0,0,0,"IND"
"Indonesia",1947,0,0,0,"IDN"
"Iran (Islamic Republic of)",1947,0,0,0,NA
"Iraq",1947,0,0,0,"IRQ"
"Ireland",1947,0,0,0,"IRL"
"Italy",1947,0,0,0,"ITA"
"Jamaica",1947,0,0,0,"JAM"
"Japan",1947,0,0,0,"JPN"
"Jordan",1947,0,0,0,"JOR"
"Kazakhstan",1947,0,0,0,"KAZ"
"Kenya",1947,0,0,0,"KEN"
"Kuwait",1947,0,0,0,"KWT"
"Kyrgyzstan",1947,0,0,0,NA
"Latvia",1947,0,0,0,"LVA"
"Lebanon",1947,0,0,0,"LBN"
"Liberia",1947,0,0,0,"LBR"
"Libya",1947,0,0,0,"LBY"
"Lithuania",1947,0,0,0,"LTU"
"Luxembourg",1947,0,0,0,"LUX"
"Madagascar",1947,0,0,0,"MDG"
"Malaysia",1947,0,0,0,"MYS"
"Mali",1947,0,0,0,"MLI"
"Malta",1947,0,0,0,"MLT"
"Mauritania",1947,0,0,0,"MRT"
"Mauritius",1947,0,0,0,"MUS"
"Mexico",1947,0,1,1,"MEX"
"Morocco",1947,0,0,0,"MAR"
"Mozambique",1947,0,0,0,"MOZ"
"Namibia",1947,0,0,0,"NAM"
"Nepal",1947,0,0,0,"NPL"
"Netherlands",1947,0,1,1,"NLD"
"New Zealand",1947,0,0,0,"NZL"
"Nicaragua",1947,0,0,0,"NIC"
"Niger",1947,0,0,0,"NER"
"Nigeria",1947,0,0,0,"NGA"
"Norway",1947,0,0,0,"NOR"
"Oman",1947,0,0,0,"OMN"
"Pakistan",1947,0,0,0,"PAK"
"Panama",1947,0,0,0,"PAN"
"Paraguay",1947,0,0,0,"PRY"
"Peru",1947,0,0,0,"PER"
"Philippines",1947,0,0,0,"PHL"
"Poland",1947,1,1,1,"POL"
"Portugal",1947,0,0,0,"PRT"
"Qatar",1947,0,0,0,"QAT"
"Republic of Korea",1947,0,0,0,NA
"Romania",1947,0,0,0,"ROU"
"Russian Federation",1947,0,0,0,"RUS"
"Rwanda",1947,0,0,0,"RWA"
"Saint Vincent and the Grenadines",1947,0,0,0,NA
"Senegal",1947,0,0,0,"SEN"
"Sierra Leone",1947,0,0,0,"SLE"
"Singapore",1947,0,0,0,"SGP"
"Slovakia",1947,0,0,0,NA
"Slovenia",1947,0,0,0,"SVN"
"Somalia",1947,0,0,0,NA
"South Africa",1947,0,0,0,"ZAF"
"Spain",1947,0,0,0,"ESP"
"Sri Lanka",1947,0,0,0,"LKA"
"Sudan",1947,0,0,0,"SDN"
"Sweden",1947,0,0,0,"SWE"
"Switzerland",1947,0,0,0,"CHE"
"Syrian Arab Republic",1947,1,0,1,"SYR"
"Thailand",1947,0,0,0,"THA"
"Togo",1947,0,0,0,"TGO"
"Trinidad and Tobago",1947,0,0,0,"TTO"
"Tunisia",1947,0,0,0,"TUN"
"Türkiye",1947,0,0,0,NA
"Uganda",1947,0,0,0,"UGA"
"Ukraine",1947,0,0,0,"UKR"
"Ukrainian SSR (Ukrainian Soviet Socialist Republic)",1947,0,0,0,NA
"United Arab Emirates",1947,0,0,0,"ARE"
"United Arab Republic",1947,0,0,0,NA
"United Kingdom of Great Britain and Northern Ireland",1947,1,1,1,NA
"United Republic of Tanzania",1947,0,0,0,NA
"United States of America",1947,1,1,1,NA
"Uruguay",1947,0,0,0,"URY"
"USSR (Union of Soviet Socialist Republics)",1947,1,1,1,NA
"Venezuela (Bolivarian Republic of)",1947,0,0,0,NA
"Viet Nam",1947,0,0,0,"VNM"
"Yemen",1947,0,0,0,NA
"Yugoslavia",1947,0,0,0,NA
"Zambia",1947,0,0,0,"ZMB"
"Zimbabwe",1947,0,0,0,"ZWE"
"",1948,0,0,0,NA
"Albania",1948,0,0,0,"ALB"
"Algeria",1948,0,0,0,"DZA"
"Angola",1948,0,0,0,"AGO"
"Argentina",1948,1,0,1,"ARG"
"Australia",1948,0,1,1,"AUS"
"Austria",1948,0,0,0,"AUT"
"Azerbaijan",1948,0,0,0,"AZE"
"Bahrain",1948,0,0,0,"BHR"
"Bangladesh",1948,0,0,0,"BGD"
"Belarus",1948,0,0,0,"BLR"
"Belgium",1948,1,1,1,"BEL"
"Benin",1948,0,0,0,"BEN"
"Bolivia (Plurinational State of)",1948,0,0,0,NA
"Bosnia and Herzegovina",1948,0,0,0,"BIH"
"Botswana",1948,0,0,0,"BWA"
"Brazil",1948,0,1,1,"BRA"
"Bulgaria",1948,0,0,0,"BGR"
"Burkina Faso",1948,0,0,0,"BFA"
"Burundi",1948,0,0,0,"BDI"
"Cabo Verde",1948,0,0,0,"CPV"
"Cameroon",1948,0,0,0,"CMR"
"Canada",1948,1,0,1,"CAN"
"Chad",1948,0,0,0,"TCD"
"Chile",1948,0,0,0,"CHL"
"China",1948,1,1,1,"CHN"
"Colombia",1948,1,1,1,"COL"
"Congo",1948,0,0,0,NA
"Costa Rica",1948,0,0,0,"CRI"
"Croatia",1948,0,0,0,"HRV"
"Cuba",1948,0,0,0,"CUB"
"Czechia",1948,0,0,0,"CZE"
"Czechoslovakia",1948,0,0,0,NA
"Democratic Republic of the Congo",1948,0,0,0,NA
"Denmark",1948,0,0,0,"DNK"
"Djibouti",1948,0,0,0,"DJI"
"Dominican Republic",1948,0,0,0,"DOM"
"Ecuador",1948,0,0,0,"ECU"
"Egypt",1948,0,0,0,NA
"Equatorial Guinea",1948,0,0,0,"GNQ"
"Estonia",1948,0,0,0,"EST"
"Ethiopia",1948,0,0,0,"ETH"
"Finland",1948,0,0,0,"FIN"
"France",1948,1,1,1,"FRA"
"Gabon",1948,0,0,0,"GAB"
"Gambia",1948,0,0,0,NA
"German DR (German Democratic Republic)",1948,0,0,0,NA
"German FR (German Federal Republic)",1948,0,0,0,NA
"Germany",1948,0,0,0,"DEU"
"Ghana",1948,0,0,0,"GHA"
"Greece",1948,0,0,0,"GRC"
"Guatemala",1948,0,0,0,"GTM"
"Guinea",1948,0,0,0,"GIN"
"Guinea-Bissau",1948,0,0,0,"GNB"
"Guyana",1948,0,0,0,"GUY"
"Honduras",1948,0,0,0,"HND"
"Hungary",1948,0,0,0,"HUN"
"India",1948,0,0,0,"IND"
"Indonesia",1948,0,0,0,"IDN"
"Iran (Islamic Republic of)",1948,0,0,0,NA
"Iraq",1948,0,0,0,"IRQ"
"Ireland",1948,0,0,0,"IRL"
"Italy",1948,0,0,0,"ITA"
"Jamaica",1948,0,0,0,"JAM"
"Japan",1948,0,0,0,"JPN"
"Jordan",1948,0,0,0,"JOR"
"Kazakhstan",1948,0,0,0,"KAZ"
"Kenya",1948,0,0,0,"KEN"
"Kuwait",1948,0,0,0,"KWT"
"Kyrgyzstan",1948,0,0,0,NA
"Latvia",1948,0,0,0,"LVA"
"Lebanon",1948,0,0,0,"LBN"
"Liberia",1948,0,0,0,"LBR"
"Libya",1948,0,0,0,"LBY"
"Lithuania",1948,0,0,0,"LTU"
"Luxembourg",1948,0,0,0,"LUX"
"Madagascar",1948,0,0,0,"MDG"
"Malaysia",1948,0,0,0,"MYS"
"Mali",1948,0,0,0,"MLI"
"Malta",1948,0,0,0,"MLT"
"Mauritania",1948,0,0,0,"MRT"
"Mauritius",1948,0,0,0,"MUS"
"Mexico",1948,0,0,0,"MEX"
"Morocco",1948,0,0,0,"MAR"
"Mozambique",1948,0,0,0,"MOZ"
"Namibia",1948,0,0,0,"NAM"
"Nepal",1948,0,0,0,"NPL"
"Netherlands",1948,0,0,0,"NLD"
"New Zealand",1948,0,0,0,"NZL"
"Nicaragua",1948,0,0,0,"NIC"
"Niger",1948,0,0,0,"NER"
"Nigeria",1948,0,0,0,"NGA"
"Norway",1948,0,0,0,"NOR"
"Oman",1948,0,0,0,"OMN"
"Pakistan",1948,0,0,0,"PAK"
"Panama",1948,0,0,0,"PAN"
"Paraguay",1948,0,0,0,"PRY"
"Peru",1948,0,0,0,"PER"
"Philippines",1948,0,0,0,"PHL"
"Poland",1948,0,1,1,"POL"
"Portugal",1948,0,0,0,"PRT"
"Qatar",1948,0,0,0,"QAT"
"Republic of Korea",1948,0,0,0,NA
"Romania",1948,0,0,0,"ROU"
"Russian Federation",1948,0,0,0,"RUS"
"Rwanda",1948,0,0,0,"RWA"
"Saint Vincent and the Grenadines",1948,0,0,0,NA
"Senegal",1948,0,0,0,"SEN"
"Sierra Leone",1948,0,0,0,"SLE"
"Singapore",1948,0,0,0,"SGP"
"Slovakia",1948,0,0,0,NA
"Slovenia",1948,0,0,0,"SVN"
"Somalia",1948,0,0,0,NA
"South Africa",1948,0,0,0,"ZAF"
"Spain",1948,0,0,0,"ESP"
"Sri Lanka",1948,0,0,0,"LKA"
"Sudan",1948,0,0,0,"SDN"
"Sweden",1948,0,0,0,"SWE"
"Switzerland",1948,0,0,0,"CHE"
"Syrian Arab Republic",1948,1,1,1,"SYR"
"Thailand",1948,0,0,0,"THA"
"Togo",1948,0,0,0,"TGO"
"Trinidad and Tobago",1948,0,0,0,"TTO"
"Tunisia",1948,0,0,0,"TUN"
"Türkiye",1948,0,0,0,NA
"Uganda",1948,0,0,0,"UGA"
"Ukraine",1948,0,0,0,"UKR"
"Ukrainian SSR (Ukrainian Soviet Socialist Republic)",1948,1,0,1,NA
"United Arab Emirates",1948,0,0,0,"ARE"
"United Arab Republic",1948,0,0,0,NA
"United Kingdom of Great Britain and Northern Ireland",1948,1,1,1,NA
"United Republic of Tanzania",1948,0,0,0,NA
"United States of America",1948,1,1,1,NA
"Uruguay",1948,0,0,0,"URY"
"USSR (Union of Soviet Socialist Republics)",1948,1,1,1,NA
"Venezuela (Bolivarian Republic of)",1948,0,0,0,NA
"Viet Nam",1948,0,0,0,"VNM"
"Yemen",1948,0,0,0,NA
"Yugoslavia",1948,0,0,0,NA
"Zambia",1948,0,0,0,"ZMB"
"Zimbabwe",1948,0,0,0,"ZWE"
"",1949,0,0,0,NA
"Albania",1949,0,0,0,"ALB"
"Algeria",1949,0,0,0,"DZA"
"Angola",1949,0,0,0,"AGO"
"Argentina",1949,1,1,1,"ARG"
"Australia",1949,0,0,0,"AUS"
"Austria",1949,0,0,0,"AUT"
"Azerbaijan",1949,0,0,0,"AZE"
"Bahrain",1949,0,0,0,"BHR"
"Bangladesh",1949,0,0,0,"BGD"
"Belarus",1949,0,0,0,"BLR"
"Belgium",1949,0,1,1,"BEL"
"Benin",1949,0,0,0,"BEN"
"Bolivia (Plurinational State of)",1949,0,0,0,NA
"Bosnia and Herzegovina",1949,0,0,0,"BIH"
"Botswana",1949,0,0,0,"BWA"
"Brazil",1949,0,0,0,"BRA"
"Bulgaria",1949,0,0,0,"BGR"
"Burkina Faso",1949,0,0,0,"BFA"
"Burundi",1949,0,0,0,"BDI"
"Cabo Verde",1949,0,0,0,"CPV"
"Cameroon",1949,0,0,0,"CMR"
"Canada",1949,1,1,1,"CAN"
"Chad",1949,0,0,0,"TCD"
"Chile",1949,0,0,0,"CHL"
"China",1949,1,1,1,"CHN"
"Colombia",1949,0,1,1,"COL"
"Congo",1949,0,0,0,NA
"Costa Rica",1949,0,0,0,"CRI"
"Croatia",1949,0,0,0,"HRV"
"Cuba",1949,1,0,1,"CUB"
"Czechia",1949,0,0,0,"CZE"
"Czechoslovakia",1949,0,0,0,NA
"Democratic Republic of the Congo",1949,0,0,0,NA
"Denmark",1949,0,0,0,"DNK"
"Djibouti",1949,0,0,0,"DJI"
"Dominican Republic",1949,0,0,0,"DOM"
"Ecuador",1949,0,0,0,"ECU"
"Egypt",1949,1,0,1,NA
"Equatorial Guinea",1949,0,0,0,"GNQ"
"Estonia",1949,0,0,0,"EST"
"Ethiopia",1949,0,0,0,"ETH"
"Finland",1949,0,0,0,"FIN"
"France",1949,1,1,1,"FRA"
"Gabon",1949,0,0,0,"GAB"
"Gambia",1949,0,0,0,NA
"German DR (German Democratic Republic)",1949,0,0,0,NA
"German FR (German Federal Republic)",1949,0,0,0,NA
"Germany",1949,0,0,0,"DEU"
"Ghana",1949,0,0,0,"GHA"
"Greece",1949,0,0,0,"GRC"
"Guatemala",1949,0,0,0,"GTM"
"Guinea",1949,0,0,0,"GIN"
"Guinea-Bissau",1949,0,0,0,"GNB"
"Guyana",1949,0,0,0,"GUY"
"Honduras",1949,0,0,0,"HND"
"Hungary",1949,0,0,0,"HUN"
"India",1949,0,0,0,"IND"
"Indonesia",1949,0,0,0,"IDN"
"Iran (Islamic Republic of)",1949,0,0,0,NA
"Iraq",1949,0,0,0,"IRQ"
"Ireland",1949,0,0,0,"IRL"
"Italy",1949,0,0,0,"ITA"
"Jamaica",1949,0,0,0,"JAM"
"Japan",1949,0,0,0,"JPN"
"Jordan",1949,0,0,0,"JOR"
"Kazakhstan",1949,0,0,0,"KAZ"
"Kenya",1949,0,0,0,"KEN"
"Kuwait",1949,0,0,0,"KWT"
"Kyrgyzstan",1949,0,0,0,NA
"Latvia",1949,0,0,0,"LVA"
"Lebanon",1949,0,0,0,"LBN"
"Liberia",1949,0,0,0,"LBR"
"Libya",1949,0,0,0,"LBY"
"Lithuania",1949,0,0,0,"LTU"
"Luxembourg",1949,0,0,0,"LUX"
"Madagascar",1949,0,0,0,"MDG"
"Malaysia",1949,0,0,0,"MYS"
"Mali",1949,0,0,0,"MLI"
"Malta",1949,0,0,0,"MLT"
"Mauritania",1949,0,0,0,"MRT"
"Mauritius",1949,0,0,0,"MUS"
"Mexico",1949,0,0,0,"MEX"
"Morocco",1949,0,0,0,"MAR"
"Mozambique",1949,0,0,0,"MOZ"
"Namibia",1949,0,0,0,"NAM"
"Nepal",1949,0,0,0,"NPL"
"Netherlands",1949,0,0,0,"NLD"
"New Zealand",1949,0,0,0,"NZL"
"Nicaragua",1949,0,0,0,"NIC"
"Niger",1949,0,0,0,"NER"
"Nigeria",1949,0,0,0,"NGA"
"Norway",1949,1,0,1,"NOR"
"Oman",1949,0,0,0,"OMN"
"Pakistan",1949,0,0,0,"PAK"
"Panama",1949,0,0,0,"PAN"
"Paraguay",1949,0,0,0,"PRY"
"Peru",1949,0,0,0,"PER"
"Philippines",1949,0,0,0,"PHL"
"Poland",1949,0,0,0,"POL"
"Portugal",1949,0,0,0,"PRT"
"Qatar",1949,0,0,0,"QAT"
"Republic of Korea",1949,0,0,0,NA
"Romania",1949,0,0,0,"ROU"
"Russian Federation",1949,0,0,0,"RUS"
"Rwanda",1949,0,0,0,"RWA"
"Saint Vincent and the Grenadines",1949,0,0,0,NA
"Senegal",1949,0,0,0,"SEN"
"Sierra Leone",1949,0,0,0,"SLE"
"Singapore",1949,0,0,0,"SGP"
"Slovakia",1949,0,0,0,NA
"Slovenia",1949,0,0,0,"SVN"
"Somalia",1949,0,0,0,NA
"South Africa",1949,0,0,0,"ZAF"
"Spain",1949,0,0,0,"ESP"
"Sri Lanka",1949,0,0,0,"LKA"
"Sudan",1949,0,0,0,"SDN"
"Sweden",1949,0,0,0,"SWE"
"Switzerland",1949,0,0,0,"CHE"
"Syrian Arab Republic",1949,0,1,1,"SYR"
"Thailand",1949,0,0,0,"THA"
"Togo",1949,0,0,0,"TGO"
"Trinidad and Tobago",1949,0,0,0,"TTO"
"Tunisia",1949,0,0,0,"TUN"
"Türkiye",1949,0,0,0,NA
"Uganda",1949,0,0,0,"UGA"
"Ukraine",1949,0,0,0,"UKR"
"Ukrainian SSR (Ukrainian Soviet Socialist Republic)",1949,1,1,1,NA
"United Arab Emirates",1949,0,0,0,"ARE"
"United Arab Republic",1949,0,0,0,NA
"United Kingdom of Great Britain and Northern Ireland",1949,1,1,1,NA
"United Republic of Tanzania",1949,0,0,0,NA
"United States of America",1949,1,1,1,NA
"Uruguay",1949,0,0,0,"URY"
"USSR (Union of Soviet Socialist Republics)",1949,1,1,1,NA
"Venezuela (Bolivarian Republic of)",1949,0,0,0,NA
"Viet Nam",1949,0,0,0,"VNM"
"Yemen",1949,0,0,0,NA
"Yugoslavia",1949,0,0,0,NA
"Zambia",1949,0,0,0,"ZMB"
"Zimbabwe",1949,0,0,0,"ZWE"
"",1950,0,0,0,NA
"Albania",1950,0,0,0,"ALB"
"Algeria",1950,0,0,0,"DZA"
"Angola",1950,0,0,0,"AGO"
"Argentina",1950,0,1,1,"ARG"
"Australia",1950,0,0,0,"AUS"
"Austria",1950,0,0,0,"AUT"
"Azerbaijan",1950,0,0,0,"AZE"
"Bahrain",1950,0,0,0,"BHR"
"Bangladesh",1950,0,0,0,"BGD"
"Belarus",1950,0,0,0,"BLR"
"Belgium",1950,0,0,0,"BEL"
"Benin",1950,0,0,0,"BEN"
"Bolivia (Plurinational State of)",1950,0,0,0,NA
"Bosnia and Herzegovina",1950,0,0,0,"BIH"
"Botswana",1950,0,0,0,"BWA"
"Brazil",1950,0,0,0,"BRA"
"Bulgaria",1950,0,0,0,"BGR"
"Burkina Faso",1950,0,0,0,"BFA"
"Burundi",1950,0,0,0,"BDI"
"Cabo Verde",1950,0,0,0,"CPV"
"Cameroon",1950,0,0,0,"CMR"
"Canada",1950,0,1,1,"CAN"
"Chad",1950,0,0,0,"TCD"
"Chile",1950,0,0,0,"CHL"
"China",1950,1,1,1,"CHN"
"Colombia",1950,0,0,0,"COL"
"Congo",1950,0,0,0,NA
"Costa Rica",1950,0,0,0,"CRI"
"Croatia",1950,0,0,0,"HRV"
"Cuba",1950,1,1,1,"CUB"
"Czechia",1950,0,0,0,"CZE"
"Czechoslovakia",1950,0,0,0,NA
"Democratic Republic of the Congo",1950,0,0,0,NA
"Denmark",1950,0,0,0,"DNK"
"Djibouti",1950,0,0,0,"DJI"
"Dominican Republic",1950,0,0,0,"DOM"
"Ecuador",1950,1,0,1,"ECU"
"Egypt",1950,1,1,1,NA
"Equatorial Guinea",1950,0,0,0,"GNQ"
"Estonia",1950,0,0,0,"EST"
"Ethiopia",1950,0,0,0,"ETH"
"Finland",1950,0,0,0,"FIN"
"France",1950,1,1,1,"FRA"
"Gabon",1950,0,0,0,"GAB"
"Gambia",1950,0,0,0,NA
"German DR (German Democratic Republic)",1950,0,0,0,NA
"German FR (German Federal Republic)",1950,0,0,0,NA
"Germany",1950,0,0,0,"DEU"
"Ghana",1950,0,0,0,"GHA"
"Greece",1950,0,0,0,"GRC"
"Guatemala",1950,0,0,0,"GTM"
"Guinea",1950,0,0,0,"GIN"
"Guinea-Bissau",1950,0,0,0,"GNB"
"Guyana",1950,0,0,0,"GUY"
"Honduras",1950,0,0,0,"HND"
"Hungary",1950,0,0,0,"HUN"
"India",1950,1,0,1,"IND"
"Indonesia",1950,0,0,0,"IDN"
"Iran (Islamic Republic of)",1950,0,0,0,NA
"Iraq",1950,0,0,0,"IRQ"
"Ireland",1950,0,0,0,"IRL"
"Italy",1950,0,0,0,"ITA"
"Jamaica",1950,0,0,0,"JAM"
"Japan",1950,0,0,0,"JPN"
"Jordan",1950,0,0,0,"JOR"
"Kazakhstan",1950,0,0,0,"KAZ"
"Kenya",1950,0,0,0,"KEN"
"Kuwait",1950,0,0,0,"KWT"
"Kyrgyzstan",1950,0,0,0,NA
"Latvia",1950,0,0,0,"LVA"
"Lebanon",1950,0,0,0,"LBN"
"Liberia",1950,0,0,0,"LBR"
"Libya",1950,0,0,0,"LBY"
"Lithuania",1950,0,0,0,"LTU"
"Luxembourg",1950,0,0,0,"LUX"
"Madagascar",1950,0,0,0,"MDG"
"Malaysia",1950,0,0,0,"MYS"
"Mali",1950,0,0,0,"MLI"
"Malta",1950,0,0,0,"MLT"
"Mauritania",1950,0,0,0,"MRT"
"Mauritius",1950,0,0,0,"MUS"
"Mexico",1950,0,0,0,"MEX"
"Morocco",1950,0,0,0,"MAR"
"Mozambique",1950,0,0,0,"MOZ"
"Namibia",1950,0,0,0,"NAM"
"Nepal",1950,0,0,0,"NPL"
"Netherlands",1950,0,0,0,"NLD"
"New Zealand",1950,0,0,0,"NZL"
"Nicaragua",1950,0,0,0,"NIC"
"Niger",1950,0,0,0,"NER"
"Nigeria",1950,0,0,0,"NGA"
"Norway",1950,1,1,1,"NOR"
"Oman",1950,0,0,0,"OMN"
"Pakistan",1950,0,0,0,"PAK"
"Panama",1950,0,0,0,"PAN"
"Paraguay",1950,0,0,0,"PRY"
"Peru",1950,0,0,0,"PER"
"Philippines",1950,0,0,0,"PHL"
"Poland",1950,0,0,0,"POL"
"Portugal",1950,0,0,0,"PRT"
"Qatar",1950,0,0,0,"QAT"
"Republic of Korea",1950,0,0,0,NA
"Romania",1950,0,0,0,"ROU"
"Russian Federation",1950,0,0,0,"RUS"
"Rwanda",1950,0,0,0,"RWA"
"Saint Vincent and the Grenadines",1950,0,0,0,NA
"Senegal",1950,0,0,0,"SEN"
"Sierra Leone",1950,0,0,0,"SLE"
"Singapore",1950,0,0,0,"SGP"
"Slovakia",1950,0,0,0,NA
"Slovenia",1950,0,0,0,"SVN"
"Somalia",1950,0,0,0,NA
"South Africa",1950,0,0,0,"ZAF"
"Spain",1950,0,0,0,"ESP"
"Sri Lanka",1950,0,0,0,"LKA"
"Sudan",1950,0,0,0,"SDN"
"Sweden",1950,0,0,0,"SWE"
"Switzerland",1950,0,0,0,"CHE"
"Syrian Arab Republic",1950,0,0,0,"SYR"
"Thailand",1950,0,0,0,"THA"
"Togo",1950,0,0,0,"TGO"
"Trinidad and Tobago",1950,0,0,0,"TTO"
"Tunisia",1950,0,0,0,"TUN"
"Türkiye",1950,0,0,0,NA
"Uganda",1950,0,0,0,"UGA"
"Ukraine",1950,0,0,0,"UKR"
"Ukrainian SSR (Ukrainian Soviet Socialist Republic)",1950,0,1,1,NA
"United Arab Emirates",1950,0,0,0,"ARE"
"United Arab Republic",1950,0,0,0,NA
"United Kingdom of Great Britain and Northern Ireland",1950,1,1,1,NA
"United Republic of Tanzania",1950,0,0,0,NA
"United States of America",1950,1,1,1,NA
"Uruguay",1950,0,0,0,"URY"
"USSR (Union of Soviet Socialist Republics)",1950,1,1,1,NA
"Venezuela (Bolivarian Republic of)",1950,0,0,0,NA
"Viet Nam",1950,0,0,0,"VNM"
"Yemen",1950,0,0,0,NA
"Yugoslavia",1950,1,0,1,NA
"Zambia",1950,0,0,0,"ZMB"
"Zimbabwe",1950,0,0,0,"ZWE"
"",1951,0,0,0,NA
"Albania",1951,0,0,0,"ALB"
"Algeria",1951,0,0,0,"DZA"
"Angola",1951,0,0,0,"AGO"
"Argentina",1951,0,0,0,"ARG"
"Australia",1951,0,0,0,"AUS"
"Austria",1951,0,0,0,"AUT"
"Azerbaijan",1951,0,0,0,"AZE"
"Bahrain",1951,0,0,0,"BHR"
"Bangladesh",1951,0,0,0,"BGD"
"Belarus",1951,0,0,0,"BLR"
"Belgium",1951,0,0,0,"BEL"
"Benin",1951,0,0,0,"BEN"
"Bolivia (Plurinational State of)",1951,0,0,0,NA
"Bosnia and Herzegovina",1951,0,0,0,"BIH"
"Botswana",1951,0,0,0,"BWA"
"Brazil",1951,1,0,1,"BRA"
"Bulgaria",1951,0,0,0,"BGR"
"Burkina Faso",1951,0,0,0,"BFA"
"Burundi",1951,0,0,0,"BDI"
"Cabo Verde",1951,0,0,0,"CPV"
"Cameroon",1951,0,0,0,"CMR"
"Canada",1951,0,0,0,"CAN"
"Chad",1951,0,0,0,"TCD"
"Chile",1951,0,0,0,"CHL"
"China",1951,1,1,1,"CHN"
"Colombia",1951,0,0,0,"COL"
"Congo",1951,0,0,0,NA
"Costa Rica",1951,0,0,0,"CRI"
"Croatia",1951,0,0,0,"HRV"
"Cuba",1951,0,1,1,"CUB"
"Czechia",1951,0,0,0,"CZE"
"Czechoslovakia",1951,0,0,0,NA
"Democratic Republic of the Congo",1951,0,0,0,NA
"Denmark",1951,0,0,0,"DNK"
"Djibouti",1951,0,0,0,"DJI"
"Dominican Republic",1951,0,0,0,"DOM"
"Ecuador",1951,1,1,1,"ECU"
"Egypt",1951,0,1,1,NA
"Equatorial Guinea",1951,0,0,0,"GNQ"
"Estonia",1951,0,0,0,"EST"
"Ethiopia",1951,0,0,0,"ETH"
"Finland",1951,0,0,0,"FIN"
"France",1951,1,1,1,"FRA"
"Gabon",1951,0,0,0,"GAB"
"Gambia",1951,0,0,0,NA
"German DR (German Democratic Republic)",1951,0,0,0,NA
"German FR (German Federal Republic)",1951,0,0,0,NA
"Germany",1951,0,0,0,"DEU"
"Ghana",1951,0,0,0,"GHA"
"Greece",1951,0,0,0,"GRC"
"Guatemala",1951,0,0,0,"GTM"
"Guinea",1951,0,0,0,"GIN"
"Guinea-Bissau",1951,0,0,0,"GNB"
"Guyana",1951,0,0,0,"GUY"
"Honduras",1951,0,0,0,"HND"
"Hungary",1951,0,0,0,"HUN"
"India",1951,1,1,1,"IND"
"Indonesia",1951,0,0,0,"IDN"
"Iran (Islamic Republic of)",1951,0,0,0,NA
"Iraq",1951,0,0,0,"IRQ"
"Ireland",1951,0,0,0,"IRL"
"Italy",1951,0,0,0,"ITA"
"Jamaica",1951,0,0,0,"JAM"
"Japan",1951,0,0,0,"JPN"
"Jordan",1951,0,0,0,"JOR"
"Kazakhstan",1951,0,0,0,"KAZ"
"Kenya",1951,0,0,0,"KEN"
"Kuwait",1951,0,0,0,"KWT"
"Kyrgyzstan",1951,0,0,0,NA
"Latvia",1951,0,0,0,"LVA"
"Lebanon",1951,0,0,0,"LBN"
"Liberia",1951,0,0,0,"LBR"
"Libya",1951,0,0,0,"LBY"
"Lithuania",1951,0,0,0,"LTU"
"Luxembourg",1951,0,0,0,"LUX"
"Madagascar",1951,0,0,0,"MDG"
"Malaysia",1951,0,0,0,"MYS"
"Mali",1951,0,0,0,"MLI"
"Malta",1951,0,0,0,"MLT"
"Mauritania",1951,0,0,0,"MRT"
"Mauritius",1951,0,0,0,"MUS"
"Mexico",1951,0,0,0,"MEX"
"Morocco",1951,0,0,0,"MAR"
"Mozambique",1951,0,0,0,"MOZ"
"Namibia",1951,0,0,0,"NAM"
"Nepal",1951,0,0,0,"NPL"
"Netherlands",1951,1,0,1,"NLD"
"New Zealand",1951,0,0,0,"NZL"
"Nicaragua",1951,0,0,0,"NIC"
"Niger",1951,0,0,0,"NER"
"Nigeria",1951,0,0,0,"NGA"
"Norway",1951,0,1,1,"NOR"
"Oman",1951,0,0,0,"OMN"
"Pakistan",1951,0,0,0,"PAK"
"Panama",1951,0,0,0,"PAN"
"Paraguay",1951,0,0,0,"PRY"
"Peru",1951,0,0,0,"PER"
"Philippines",1951,0,0,0,"PHL"
"Poland",1951,0,0,0,"POL"
"Portugal",1951,0,0,0,"PRT"
"Qatar",1951,0,0,0,"QAT"
"Republic of Korea",1951,0,0,0,NA
"Romania",1951,0,0,0,"ROU"
"Russian Federation",1951,0,0,0,"RUS"
"Rwanda",1951,0,0,0,"RWA"
"Saint Vincent and the Grenadines",1951,0,0,0,NA
"Senegal",1951,0,0,0,"SEN"
"Sierra Leone",1951,0,0,0,"SLE"
"Singapore",1951,0,0,0,"SGP"
"Slovakia",1951,0,0,0,NA
"Slovenia",1951,0,0,0,"SVN"
"Somalia",1951,0,0,0,NA
"South Africa",1951,0,0,0,"ZAF"
"Spain",1951,0,0,0,"ESP"
"Sri Lanka",1951,0,0,0,"LKA"
"Sudan",1951,0,0,0,"SDN"
"Sweden",1951,0,0,0,"SWE"
"Switzerland",1951,0,0,0,"CHE"
"Syrian Arab Republic",1951,0,0,0,"SYR"
"Thailand",1951,0,0,0,"THA"
"Togo",1951,0,0,0,"TGO"
"Trinidad and Tobago",1951,0,0,0,"TTO"
"Tunisia",1951,0,0,0,"TUN"
"Türkiye",1951,1,0,1,NA
"Uganda",1951,0,0,0,"UGA"
"Ukraine",1951,0,0,0,"UKR"
"Ukrainian SSR (Ukrainian Soviet Socialist Republic)",1951,0,0,0,NA
"United Arab Emirates",1951,0,0,0,"ARE"
"United Arab Republic",1951,0,0,0,NA
"United Kingdom of Great Britain and Northern Ireland",1951,1,1,1,NA
"United Republic of Tanzania",1951,0,0,0,NA
"United States of America",1951,1,1,1,NA
"Uruguay",1951,0,0,0,"URY"
"USSR (Union of Soviet Socialist Republics)",1951,1,1,1,NA
"Venezuela (Bolivarian Republic of)",1951,0,0,0,NA
"Viet Nam",1951,0,0,0,"VNM"
"Yemen",1951,0,0,0,NA
"Yugoslavia",1951,1,1,1,NA
"Zambia",1951,0,0,0,"ZMB"
"Zimbabwe",1951,0,0,0,"ZWE"
"",1952,0,0,0,NA
"Albania",1952,0,0,0,"ALB"
"Algeria",1952,0,0,0,"DZA"
"Angola",1952,0,0,0,"AGO"
"Argentina",1952,0,0,0,"ARG"
"Australia",1952,0,0,0,"AUS"
"Austria",1952,0,0,0,"AUT"
"Azerbaijan",1952,0,0,0,"AZE"
"Bahrain",1952,0,0,0,"BHR"
"Bangladesh",1952,0,0,0,"BGD"
"Belarus",1952,0,0,0,"BLR"
"Belgium",1952,0,0,0,"BEL"
"Benin",1952,0,0,0,"BEN"
"Bolivia (Plurinational State of)",1952,0,0,0,NA
"Bosnia and Herzegovina",1952,0,0,0,"BIH"
"Botswana",1952,0,0,0,"BWA"
"Brazil",1952,1,1,1,"BRA"
"Bulgaria",1952,0,0,0,"BGR"
"Burkina Faso",1952,0,0,0,"BFA"
"Burundi",1952,0,0,0,"BDI"
"Cabo Verde",1952,0,0,0,"CPV"
"Cameroon",1952,0,0,0,"CMR"
"Canada",1952,0,0,0,"CAN"
"Chad",1952,0,0,0,"TCD"
"Chile",1952,1,0,1,"CHL"
"China",1952,1,1,1,"CHN"
"Colombia",1952,0,0,0,"COL"
"Congo",1952,0,0,0,NA
"Costa Rica",1952,0,0,0,"CRI"
"Croatia",1952,0,0,0,"HRV"
"Cuba",1952,0,0,0,"CUB"
"Czechia",1952,0,0,0,"CZE"
"Czechoslovakia",1952,0,0,0,NA
"Democratic Republic of the Congo",1952,0,0,0,NA
"Denmark",1952,0,0,0,"DNK"
"Djibouti",1952,0,0,0,"DJI"
"Dominican Republic",1952,0,0,0,"DOM"
"Ecuador",1952,0,1,1,"ECU"
"Egypt",1952,0,0,0,NA
"Equatorial Guinea",1952,0,0,0,"GNQ"
"Estonia",1952,0,0,0,"EST"
"Ethiopia",1952,0,0,0,"ETH"
"Finland",1952,0,0,0,"FIN"
"France",1952,1,1,1,"FRA"
"Gabon",1952,0,0,0,"GAB"
"Gambia",1952,0,0,0,NA
"German DR (German Democratic Republic)",1952,0,0,0,NA
"German FR (German Federal Republic)",1952,0,0,0,NA
"Germany",1952,0,0,0,"DEU"
"Ghana",1952,0,0,0,"GHA"
"Greece",1952,1,0,1,"GRC"
"Guatemala",1952,0,0,0,"GTM"
"Guinea",1952,0,0,0,"GIN"
"Guinea-Bissau",1952,0,0,0,"GNB"
"Guyana",1952,0,0,0,"GUY"
"Honduras",1952,0,0,0,"HND"
"Hungary",1952,0,0,0,"HUN"
"India",1952,0,1,1,"IND"
"Indonesia",1952,0,0,0,"IDN"
"Iran (Islamic Republic of)",1952,0,0,0,NA
"Iraq",1952,0,0,0,"IRQ"
"Ireland",1952,0,0,0,"IRL"
"Italy",1952,0,0,0,"ITA"
"Jamaica",1952,0,0,0,"JAM"
"Japan",1952,0,0,0,"JPN"
"Jordan",1952,0,0,0,"JOR"
"Kazakhstan",1952,0,0,0,"KAZ"
"Kenya",1952,0,0,0,"KEN"
"Kuwait",1952,0,0,0,"KWT"
"Kyrgyzstan",1952,0,0,0,NA
"Latvia",1952,0,0,0,"LVA"
"Lebanon",1952,0,0,0,"LBN"
"Liberia",1952,0,0,0,"LBR"
"Libya",1952,0,0,0,"LBY"
"Lithuania",1952,0,0,0,"LTU"
"Luxembourg",1952,0,0,0,"LUX"
"Madagascar",1952,0,0,0,"MDG"
"Malaysia",1952,0,0,0,"MYS"
"Mali",1952,0,0,0,"MLI"
"Malta",1952,0,0,0,"MLT"
"Mauritania",1952,0,0,0,"MRT"
"Mauritius",1952,0,0,0,"MUS"
"Mexico",1952,0,0,0,"MEX"
"Morocco",1952,0,0,0,"MAR"
"Mozambique",1952,0,0,0,"MOZ"
"Namibia",1952,0,0,0,"NAM"
"Nepal",1952,0,0,0,"NPL"
"Netherlands",1952,1,1,1,"NLD"
"New Zealand",1952,0,0,0,"NZL"
"Nicaragua",1952,0,0,0,"NIC"
"Niger",1952,0,0,0,"NER"
"Nigeria",1952,0,0,0,"NGA"
"Norway",1952,0,0,0,"NOR"
"Oman",1952,0,0,0,"OMN"
"Pakistan",1952,1,0,1,"PAK"
"Panama",1952,0,0,0,"PAN"
"Paraguay",1952,0,0,0,"PRY"
"Peru",1952,0,0,0,"PER"
"Philippines",1952,0,0,0,"PHL"
"Poland",1952,0,0,0,"POL"
"Portugal",1952,0,0,0,"PRT"
"Qatar",1952,0,0,0,"QAT"
"Republic of Korea",1952,0,0,0,NA
"Romania",1952,0,0,0,"ROU"
"Russian Federation",1952,0,0,0,"RUS"
"Rwanda",1952,0,0,0,"RWA"
"Saint Vincent and the Grenadines",1952,0,0,0,NA
"Senegal",1952,0,0,0,"SEN"
"Sierra Leone",1952,0,0,0,"SLE"
"Singapore",1952,0,0,0,"SGP"
"Slovakia",1952,0,0,0,NA
"Slovenia",1952,0,0,0,"SVN"
"Somalia",1952,0,0,0,NA
"South Africa",1952,0,0,0,"ZAF"
"Spain",1952,0,0,0,"ESP"
"Sri Lanka",1952,0,0,0,"LKA"
"Sudan",1952,0,0,0,"SDN"
"Sweden",1952,0,0,0,"SWE"
"Switzerland",1952,0,0,0,"CHE"
"Syrian Arab Republic",1952,0,0,0,"SYR"
"Thailand",1952,0,0,0,"THA"
"Togo",1952,0,0,0,"TGO"
"Trinidad and Tobago",1952,0,0,0,"TTO"
"Tunisia",1952,0,0,0,"TUN"
"Türkiye",1952,1,1,1,NA
"Uganda",1952,0,0,0,"UGA"
"Ukraine",1952,0,0,0,"UKR"
"Ukrainian SSR (Ukrainian Soviet Socialist Republic)",1952,0,0,0,NA
"United Arab Emirates",1952,0,0,0,"ARE"
"United Arab Republic",1952,0,0,0,NA
"United Kingdom of Great Britain and Northern Ireland",1952,1,1,1,NA
"United Republic of Tanzania",1952,0,0,0,NA
"United States of America",1952,1,1,1,NA
"Uruguay",1952,0,0,0,"URY"
"USSR (Union of Soviet Socialist Republics)",1952,1,1,1,NA
"Venezuela (Bolivarian Republic of)",1952,0,0,0,NA
"Viet Nam",1952,0,0,0,"VNM"
"Yemen",1952,0,0,0,NA
"Yugoslavia",1952,0,1,1,NA
"Zambia",1952,0,0,0,"ZMB"
"Zimbabwe",1952,0,0,0,"ZWE"
"",1953,0,0,0,NA
"Albania",1953,0,0,0,"ALB"
"Algeria",1953,0,0,0,"DZA"
"Angola",1953,0,0,0,"AGO"
"Argentina",1953,0,0,0,"ARG"
"Australia",1953,0,0,0,"AUS"
"Austria",1953,0,0,0,"AUT"
"Azerbaijan",1953,0,0,0,"AZE"
"Bahrain",1953,0,0,0,"BHR"
"Bangladesh",1953,0,0,0,"BGD"
"Belarus",1953,0,0,0,"BLR"
"Belgium",1953,0,0,0,"BEL"
"Benin",1953,0,0,0,"BEN"
"Bolivia (Plurinational State of)",1953,0,0,0,NA
"Bosnia and Herzegovina",1953,0,0,0,"BIH"
"Botswana",1953,0,0,0,"BWA"
"Brazil",1953,0,1,1,"BRA"
"Bulgaria",1953,0,0,0,"BGR"
"Burkina Faso",1953,0,0,0,"BFA"
"Burundi",1953,0,0,0,"BDI"
"Cabo Verde",1953,0,0,0,"CPV"
"Cameroon",1953,0,0,0,"CMR"
"Canada",1953,0,0,0,"CAN"
"Chad",1953,0,0,0,"TCD"
"Chile",1953,1,1,1,"CHL"
"China",1953,1,1,1,"CHN"
"Colombia",1953,1,0,1,"COL"
"Congo",1953,0,0,0,NA
"Costa Rica",1953,0,0,0,"CRI"
"Croatia",1953,0,0,0,"HRV"
"Cuba",1953,0,0,0,"CUB"
"Czechia",1953,0,0,0,"CZE"
"Czechoslovakia",1953,0,0,0,NA
"Democratic Republic of the Congo",1953,0,0,0,NA
"Denmark",1953,1,0,1,"DNK"
"Djibouti",1953,0,0,0,"DJI"
"Dominican Republic",1953,0,0,0,"DOM"
"Ecuador",1953,0,0,0,"ECU"
"Egypt",1953,0,0,0,NA
"Equatorial Guinea",1953,0,0,0,"GNQ"
"Estonia",1953,0,0,0,"EST"
"Ethiopia",1953,0,0,0,"ETH"
"Finland",1953,0,0,0,"FIN"
"France",1953,1,1,1,"FRA"
"Gabon",1953,0,0,0,"GAB"
"Gambia",1953,0,0,0,NA
"German DR (German Democratic Republic)",1953,0,0,0,NA
"German FR (German Federal Republic)",1953,0,0,0,NA
"Germany",1953,0,0,0,"DEU"
"Ghana",1953,0,0,0,"GHA"
"Greece",1953,1,1,1,"GRC"
"Guatemala",1953,0,0,0,"GTM"
"Guinea",1953,0,0,0,"GIN"
"Guinea-Bissau",1953,0,0,0,"GNB"
"Guyana",1953,0,0,0,"GUY"
"Honduras",1953,0,0,0,"HND"
"Hungary",1953,0,0,0,"HUN"
"India",1953,0,0,0,"IND"
"Indonesia",1953,0,0,0,"IDN"
"Iran (Islamic Republic of)",1953,0,0,0,NA
"Iraq",1953,0,0,0,"IRQ"
"Ireland",1953,0,0,0,"IRL"
"Italy",1953,0,0,0,"ITA"
"Jamaica",1953,0,0,0,"JAM"
"Japan",1953,0,0,0,"JPN"
"Jordan",1953,0,0,0,"JOR"
"Kazakhstan",1953,0,0,0,"KAZ"
"Kenya",1953,0,0,0,"KEN"
"Kuwait",1953,0,0,0,"KWT"
"Kyrgyzstan",1953,0,0,0,NA
"Latvia",1953,0,0,0,"LVA"
"Lebanon",1953,1,0,1,"LBN"
"Liberia",1953,0,0,0,"LBR"
"Libya",1953,0,0,0,"LBY"
"Lithuania",1953,0,0,0,"LTU"
"Luxembourg",1953,0,0,0,"LUX"
"Madagascar",1953,0,0,0,"MDG"
"Malaysia",1953,0,0,0,"MYS"
"Mali",1953,0,0,0,"MLI"
"Malta",1953,0,0,0,"MLT"
"Mauritania",1953,0,0,0,"MRT"
"Mauritius",1953,0,0,0,"MUS"
"Mexico",1953,0,0,0,"MEX"
"Morocco",1953,0,0,0,"MAR"
"Mozambique",1953,0,0,0,"MOZ"
"Namibia",1953,0,0,0,"NAM"
"Nepal",1953,0,0,0,"NPL"
"Netherlands",1953,0,1,1,"NLD"
"New Zealand",1953,0,0,0,"NZL"
"Nicaragua",1953,0,0,0,"NIC"
"Niger",1953,0,0,0,"NER"
"Nigeria",1953,0,0,0,"NGA"
"Norway",1953,0,0,0,"NOR"
"Oman",1953,0,0,0,"OMN"
"Pakistan",1953,1,1,1,"PAK"
"Panama",1953,0,0,0,"PAN"
"Paraguay",1953,0,0,0,"PRY"
"Peru",1953,0,0,0,"PER"
"Philippines",1953,0,0,0,"PHL"
"Poland",1953,0,0,0,"POL"
"Portugal",1953,0,0,0,"PRT"
"Qatar",1953,0,0,0,"QAT"
"Republic of Korea",1953,0,0,0,NA
"Romania",1953,0,0,0,"ROU"
"Russian Federation",1953,0,0,0,"RUS"
"Rwanda",1953,0,0,0,"RWA"
"Saint Vincent and the Grenadines",1953,0,0,0,NA
"Senegal",1953,0,0,0,"SEN"
"Sierra Leone",1953,0,0,0,"SLE"
"Singapore",1953,0,0,0,"SGP"
"Slovakia",1953,0,0,0,NA
"Slovenia",1953,0,0,0,"SVN"
"Somalia",1953,0,0,0,NA
"South Africa",1953,0,0,0,"ZAF"
"Spain",1953,0,0,0,"ESP"
"Sri Lanka",1953,0,0,0,"LKA"
"Sudan",1953,0,0,0,"SDN"
"Sweden",1953,0,0,0,"SWE"
"Switzerland",1953,0,0,0,"CHE"
"Syrian Arab Republic",1953,0,0,0,"SYR"
"Thailand",1953,0,0,0,"THA"
"Togo",1953,0,0,0,"TGO"
"Trinidad and Tobago",1953,0,0,0,"TTO"
"Tunisia",1953,0,0,0,"TUN"
"Türkiye",1953,0,1,1,NA
"Uganda",1953,0,0,0,"UGA"
"Ukraine",1953,0,0,0,"UKR"
"Ukrainian SSR (Ukrainian Soviet Socialist Republic)",1953,0,0,0,NA
"United Arab Emirates",1953,0,0,0,"ARE"
"United Arab Republic",1953,0,0,0,NA
"United Kingdom of Great Britain and Northern Ireland",1953,1,1,1,NA
"United Republic of Tanzania",1953,0,0,0,NA
"United States of America",1953,1,1,1,NA
"Uruguay",1953,0,0,0,"URY"
"USSR (Union of Soviet Socialist Republics)",1953,1,1,1,NA
"Venezuela (Bolivarian Republic of)",1953,0,0,0,NA
"Viet Nam",1953,0,0,0,"VNM"
"Yemen",1953,0,0,0,NA
"Yugoslavia",1953,0,0,0,NA
"Zambia",1953,0,0,0,"ZMB"
"Zimbabwe",1953,0,0,0,"ZWE"
"",1954,0,0,0,NA
"Albania",1954,0,0,0,"ALB"
"Algeria",1954,0,0,0,"DZA"
"Angola",1954,0,0,0,"AGO"
"Argentina",1954,0,0,0,"ARG"
"Australia",1954,0,0,0,"AUS"
"Austria",1954,0,0,0,"AUT"
"Azerbaijan",1954,0,0,0,"AZE"
"Bahrain",1954,0,0,0,"BHR"
"Bangladesh",1954,0,0,0,"BGD"
"Belarus",1954,0,0,0,"BLR"
"Belgium",1954,0,0,0,"BEL"
"Benin",1954,0,0,0,"BEN"
"Bolivia (Plurinational State of)",1954,0,0,0,NA
"Bosnia and Herzegovina",1954,0,0,0,"BIH"
"Botswana",1954,0,0,0,"BWA"
"Brazil",1954,1,0,1,"BRA"
"Bulgaria",1954,0,0,0,"BGR"
"Burkina Faso",1954,0,0,0,"BFA"
"Burundi",1954,0,0,0,"BDI"
"Cabo Verde",1954,0,0,0,"CPV"
"Cameroon",1954,0,0,0,"CMR"
"Canada",1954,0,0,0,"CAN"
"Chad",1954,0,0,0,"TCD"
"Chile",1954,0,1,1,"CHL"
"China",1954,1,1,1,"CHN"
"Colombia",1954,1,1,1,"COL"
"Congo",1954,0,0,0,NA
"Costa Rica",1954,0,0,0,"CRI"
"Croatia",1954,0,0,0,"HRV"
"Cuba",1954,0,0,0,"CUB"
"Czechia",1954,0,0,0,"CZE"
"Czechoslovakia",1954,0,0,0,NA
"Democratic Republic of the Congo",1954,0,0,0,NA
"Denmark",1954,1,1,1,"DNK"
"Djibouti",1954,0,0,0,"DJI"
"Dominican Republic",1954,0,0,0,"DOM"
"Ecuador",1954,0,0,0,"ECU"
"Egypt",1954,0,0,0,NA
"Equatorial Guinea",1954,0,0,0,"GNQ"
"Estonia",1954,0,0,0,"EST"
"Ethiopia",1954,0,0,0,"ETH"
"Finland",1954,0,0,0,"FIN"
"France",1954,1,1,1,"FRA"
"Gabon",1954,0,0,0,"GAB"
"Gambia",1954,0,0,0,NA
"German DR (German Democratic Republic)",1954,0,0,0,NA
"German FR (German Federal Republic)",1954,0,0,0,NA
"Germany",1954,0,0,0,"DEU"
"Ghana",1954,0,0,0,"GHA"
"Greece",1954,0,1,1,"GRC"
"Guatemala",1954,0,0,0,"GTM"
"Guinea",1954,0,0,0,"GIN"
"Guinea-Bissau",1954,0,0,0,"GNB"
"Guyana",1954,0,0,0,"GUY"
"Honduras",1954,0,0,0,"HND"
"Hungary",1954,0,0,0,"HUN"
"India",1954,0,0,0,"IND"
"Indonesia",1954,0,0,0,"IDN"
"Iran (Islamic Republic of)",1954,0,0,0,NA
"Iraq",1954,0,0,0,"IRQ"
"Ireland",1954,0,0,0,"IRL"
"Italy",1954,0,0,0,"ITA"
"Jamaica",1954,0,0,0,"JAM"
"Japan",1954,0,0,0,"JPN"
"Jordan",1954,0,0,0,"JOR"
"Kazakhstan",1954,0,0,0,"KAZ"
"Kenya",1954,0,0,0,"KEN"
"Kuwait",1954,0,0,0,"KWT"
"Kyrgyzstan",1954,0,0,0,NA
"Latvia",1954,0,0,0,"LVA"
"Lebanon",1954,1,1,1,"LBN"
"Liberia",1954,0,0,0,"LBR"
"Libya",1954,0,0,0,"LBY"
"Lithuania",1954,0,0,0,"LTU"
"Luxembourg",1954,0,0,0,"LUX"
"Madagascar",1954,0,0,0,"MDG"
"Malaysia",1954,0,0,0,"MYS"
"Mali",1954,0,0,0,"MLI"
"Malta",1954,0,0,0,"MLT"
"Mauritania",1954,0,0,0,"MRT"
"Mauritius",1954,0,0,0,"MUS"
"Mexico",1954,0,0,0,"MEX"
"Morocco",1954,0,0,0,"MAR"
"Mozambique",1954,0,0,0,"MOZ"
"Namibia",1954,0,0,0,"NAM"
"Nepal",1954,0,0,0,"NPL"
"Netherlands",1954,0,0,0,"NLD"
"New Zealand",1954,1,0,1,"NZL"
"Nicaragua",1954,0,0,0,"NIC"
"Niger",1954,0,0,0,"NER"
"Nigeria",1954,0,0,0,"NGA"
"Norway",1954,0,0,0,"NOR"
"Oman",1954,0,0,0,"OMN"
"Pakistan",1954,0,1,1,"PAK"
"Panama",1954,0,0,0,"PAN"
"Paraguay",1954,0,0,0,"PRY"
"Peru",1954,0,0,0,"PER"
"Philippines",1954,0,0,0,"PHL"
"Poland",1954,0,0,0,"POL"
"Portugal",1954,0,0,0,"PRT"
"Qatar",1954,0,0,0,"QAT"
"Republic of Korea",1954,0,0,0,NA
"Romania",1954,0,0,0,"ROU"
"Russian Federation",1954,0,0,0,"RUS"
"Rwanda",1954,0,0,0,"RWA"
"Saint Vincent and the Grenadines",1954,0,0,0,NA
"Senegal",1954,0,0,0,"SEN"
"Sierra Leone",1954,0,0,0,"SLE"
"Singapore",1954,0,0,0,"SGP"
"Slovakia",1954,0,0,0,NA
"Slovenia",1954,0,0,0,"SVN"
"Somalia",1954,0,0,0,NA
"South Africa",1954,0,0,0,"ZAF"
"Spain",1954,0,0,0,"ESP"
"Sri Lanka",1954,0,0,0,"LKA"
"Sudan",1954,0,0,0,"SDN"
"Sweden",1954,0,0,0,"SWE"
"Switzerland",1954,0,0,0,"CHE"
"Syrian Arab Republic",1954,0,0,0,"SYR"
"Thailand",1954,0,0,0,"THA"
"Togo",1954,0,0,0,"TGO"
"Trinidad and Tobago",1954,0,0,0,"TTO"
"Tunisia",1954,0,0,0,"TUN"
"Türkiye",1954,1,0,1,NA
"Uganda",1954,0,0,0,"UGA"
"Ukraine",1954,0,0,0,"UKR"
"Ukrainian SSR (Ukrainian Soviet Socialist Republic)",1954,0,0,0,NA
"United Arab Emirates",1954,0,0,0,"ARE"
"United Arab Republic",1954,0,0,0,NA
"United Kingdom of Great Britain and Northern Ireland",1954,1,1,1,NA
"United Republic of Tanzania",1954,0,0,0,NA
"United States of America",1954,1,1,1,NA
"Uruguay",1954,0,0,0,"URY"
"USSR (Union of Soviet Socialist Republics)",1954,1,1,1,NA
"Venezuela (Bolivarian Republic of)",1954,0,0,0,NA
"Viet Nam",1954,0,0,0,"VNM"
"Yemen",1954,0,0,0,NA
"Yugoslavia",1954,0,0,0,NA
"Zambia",1954,0,0,0,"ZMB"
"Zimbabwe",1954,0,0,0,"ZWE"
"",1955,0,0,0,NA
"Albania",1955,0,0,0,"ALB"
"Algeria",1955,0,0,0,"DZA"
"Angola",1955,0,0,0,"AGO"
"Argentina",1955,0,0,0,"ARG"
"Australia",1955,0,0,0,"AUS"
"Austria",1955,0,0,0,"AUT"
"Azerbaijan",1955,0,0,0,"AZE"
"Bahrain",1955,0,0,0,"BHR"
"Bangladesh",1955,0,0,0,"BGD"
"Belarus",1955,0,0,0,"BLR"
"Belgium",1955,1,0,1,"BEL"
"Benin",1955,0,0,0,"BEN"
"Bolivia (Plurinational State of)",1955,0,0,0,NA
"Bosnia and Herzegovina",1955,0,0,0,"BIH"
"Botswana",1955,0,0,0,"BWA"
"Brazil",1955,1,1,1,"BRA"
"Bulgaria",1955,0,0,0,"BGR"
"Burkina Faso",1955,0,0,0,"BFA"
"Burundi",1955,0,0,0,"BDI"
"Cabo Verde",1955,0,0,0,"CPV"
"Cameroon",1955,0,0,0,"CMR"
"Canada",1955,0,0,0,"CAN"
"Chad",1955,0,0,0,"TCD"
"Chile",1955,0,0,0,"CHL"
"China",1955,1,1,1,"CHN"
"Colombia",1955,0,1,1,"COL"
"Congo",1955,0,0,0,NA
"Costa Rica",1955,0,0,0,"CRI"
"Croatia",1955,0,0,0,"HRV"
"Cuba",1955,0,0,0,"CUB"
"Czechia",1955,0,0,0,"CZE"
"Czechoslovakia",1955,0,0,0,NA
"Democratic Republic of the Congo",1955,0,0,0,NA
"Denmark",1955,0,1,1,"DNK"
"Djibouti",1955,0,0,0,"DJI"
"Dominican Republic",1955,0,0,0,"DOM"
"Ecuador",1955,0,0,0,"ECU"
"Egypt",1955,0,0,0,NA
"Equatorial Guinea",1955,0,0,0,"GNQ"
"Estonia",1955,0,0,0,"EST"
"Ethiopia",1955,0,0,0,"ETH"
"Finland",1955,0,0,0,"FIN"
"France",1955,1,1,1,"FRA"
"Gabon",1955,0,0,0,"GAB"
"Gambia",1955,0,0,0,NA
"German DR (German Democratic Republic)",1955,0,0,0,NA
"German FR (German Federal Republic)",1955,0,0,0,NA
"Germany",1955,0,0,0,"DEU"
"Ghana",1955,0,0,0,"GHA"
"Greece",1955,0,0,0,"GRC"
"Guatemala",1955,0,0,0,"GTM"
"Guinea",1955,0,0,0,"GIN"
"Guinea-Bissau",1955,0,0,0,"GNB"
"Guyana",1955,0,0,0,"GUY"
"Honduras",1955,0,0,0,"HND"
"Hungary",1955,0,0,0,"HUN"
"India",1955,0,0,0,"IND"
"Indonesia",1955,0,0,0,"IDN"
"Iran (Islamic Republic of)",1955,1,0,1,NA
"Iraq",1955,0,0,0,"IRQ"
"Ireland",1955,0,0,0,"IRL"
"Italy",1955,0,0,0,"ITA"
"Jamaica",1955,0,0,0,"JAM"
"Japan",1955,0,0,0,"JPN"
"Jordan",1955,0,0,0,"JOR"
"Kazakhstan",1955,0,0,0,"KAZ"
"Kenya",1955,0,0,0,"KEN"
"Kuwait",1955,0,0,0,"KWT"
"Kyrgyzstan",1955,0,0,0,NA
"Latvia",1955,0,0,0,"LVA"
"Lebanon",1955,0,1,1,"LBN"
"Liberia",1955,0,0,0,"LBR"
"Libya",1955,0,0,0,"LBY"
"Lithuania",1955,0,0,0,"LTU"
"Luxembourg",1955,0,0,0,"LUX"
"Madagascar",1955,0,0,0,"MDG"
"Malaysia",1955,0,0,0,"MYS"
"Mali",1955,0,0,0,"MLI"
"Malta",1955,0,0,0,"MLT"
"Mauritania",1955,0,0,0,"MRT"
"Mauritius",1955,0,0,0,"MUS"
"Mexico",1955,0,0,0,"MEX"
"Morocco",1955,0,0,0,"MAR"
"Mozambique",1955,0,0,0,"MOZ"
"Namibia",1955,0,0,0,"NAM"
"Nepal",1955,0,0,0,"NPL"
"Netherlands",1955,0,0,0,"NLD"
"New Zealand",1955,1,1,1,"NZL"
"Nicaragua",1955,0,0,0,"NIC"
"Niger",1955,0,0,0,"NER"
"Nigeria",1955,0,0,0,"NGA"
"Norway",1955,0,0,0,"NOR"
"Oman",1955,0,0,0,"OMN"
"Pakistan",1955,0,0,0,"PAK"
"Panama",1955,0,0,0,"PAN"
"Paraguay",1955,0,0,0,"PRY"
"Peru",1955,1,0,1,"PER"
"Philippines",1955,0,0,0,"PHL"
"Poland",1955,0,0,0,"POL"
"Portugal",1955,0,0,0,"PRT"
"Qatar",1955,0,0,0,"QAT"
"Republic of Korea",1955,0,0,0,NA
"Romania",1955,0,0,0,"ROU"
"Russian Federation",1955,0,0,0,"RUS"
"Rwanda",1955,0,0,0,"RWA"
"Saint Vincent and the Grenadines",1955,0,0,0,NA
"Senegal",1955,0,0,0,"SEN"
"Sierra Leone",1955,0,0,0,"SLE"
"Singapore",1955,0,0,0,"SGP"
"Slovakia",1955,0,0,0,NA
"Slovenia",1955,0,0,0,"SVN"
"Somalia",1955,0,0,0,NA
"South Africa",1955,0,0,0,"ZAF"
"Spain",1955,0,0,0,"ESP"
"Sri Lanka",1955,0,0,0,"LKA"
"Sudan",1955,0,0,0,"SDN"
"Sweden",1955,0,0,0,"SWE"
"Switzerland",1955,0,0,0,"CHE"
"Syrian Arab Republic",1955,0,0,0,"SYR"
"Thailand",1955,0,0,0,"THA"
"Togo",1955,0,0,0,"TGO"
"Trinidad and Tobago",1955,0,0,0,"TTO"
"Tunisia",1955,0,0,0,"TUN"
"Türkiye",1955,1,1,1,NA
"Uganda",1955,0,0,0,"UGA"
"Ukraine",1955,0,0,0,"UKR"
"Ukrainian SSR (Ukrainian Soviet Socialist Republic)",1955,0,0,0,NA
"United Arab Emirates",1955,0,0,0,"ARE"
"United Arab Republic",1955,0,0,0,NA
"United Kingdom of Great Britain and Northern Ireland",1955,1,1,1,NA
"United Republic of Tanzania",1955,0,0,0,NA
"United States of America",1955,1,1,1,NA
"Uruguay",1955,0,0,0,"URY"
"USSR (Union of Soviet Socialist Republics)",1955,1,1,1,NA
"Venezuela (Bolivarian Republic of)",1955,0,0,0,NA
"Viet Nam",1955,0,0,0,"VNM"
"Yemen",1955,0,0,0,NA
"Yugoslavia",1955,0,0,0,NA
"Zambia",1955,0,0,0,"ZMB"
"Zimbabwe",1955,0,0,0,"ZWE"
"",1956,0,0,0,NA
"Albania",1956,0,0,0,"ALB"
"Algeria",1956,0,0,0,"DZA"
"Angola",1956,0,0,0,"AGO"
"Argentina",1956,0,0,0,"ARG"
"Australia",1956,1,0,1,"AUS"
"Austria",1956,0,0,0,"AUT"
"Azerbaijan",1956,0,0,0,"AZE"
"Bahrain",1956,0,0,0,"BHR"
"Bangladesh",1956,0,0,0,"BGD"
"Belarus",1956,0,0,0,"BLR"
"Belgium",1956,1,1,1,"BEL"
"Benin",1956,0,0,0,"BEN"
"Bolivia (Plurinational State of)",1956,0,0,0,NA
"Bosnia and Herzegovina",1956,0,0,0,"BIH"
"Botswana",1956,0,0,0,"BWA"
"Brazil",1956,0,1,1,"BRA"
"Bulgaria",1956,0,0,0,"BGR"
"Burkina Faso",1956,0,0,0,"BFA"
"Burundi",1956,0,0,0,"BDI"
"Cabo Verde",1956,0,0,0,"CPV"
"Cameroon",1956,0,0,0,"CMR"
"Canada",1956,0,0,0,"CAN"
"Chad",1956,0,0,0,"TCD"
"Chile",1956,0,0,0,"CHL"
"China",1956,1,1,1,"CHN"
"Colombia",1956,0,0,0,"COL"
"Congo",1956,0,0,0,NA
"Costa Rica",1956,0,0,0,"CRI"
"Croatia",1956,0,0,0,"HRV"
"Cuba",1956,1,0,1,"CUB"
"Czechia",1956,0,0,0,"CZE"
"Czechoslovakia",1956,0,0,0,NA
"Democratic Republic of the Congo",1956,0,0,0,NA
"Denmark",1956,0,0,0,"DNK"
"Djibouti",1956,0,0,0,"DJI"
"Dominican Republic",1956,0,0,0,"DOM"
"Ecuador",1956,0,0,0,"ECU"
"Egypt",1956,0,0,0,NA
"Equatorial Guinea",1956,0,0,0,"GNQ"
"Estonia",1956,0,0,0,"EST"
"Ethiopia",1956,0,0,0,"ETH"
"Finland",1956,0,0,0,"FIN"
"France",1956,1,1,1,"FRA"
"Gabon",1956,0,0,0,"GAB"
"Gambia",1956,0,0,0,NA
"German DR (German Democratic Republic)",1956,0,0,0,NA
"German FR (German Federal Republic)",1956,0,0,0,NA
"Germany",1956,0,0,0,"DEU"
"Ghana",1956,0,0,0,"GHA"
"Greece",1956,0,0,0,"GRC"
"Guatemala",1956,0,0,0,"GTM"
"Guinea",1956,0,0,0,"GIN"
"Guinea-Bissau",1956,0,0,0,"GNB"
"Guyana",1956,0,0,0,"GUY"
"Honduras",1956,0,0,0,"HND"
"Hungary",1956,0,0,0,"HUN"
"India",1956,0,0,0,"IND"
"Indonesia",1956,0,0,0,"IDN"
"Iran (Islamic Republic of)",1956,1,1,1,NA
"Iraq",1956,0,0,0,"IRQ"
"Ireland",1956,0,0,0,"IRL"
"Italy",1956,0,0,0,"ITA"
"Jamaica",1956,0,0,0,"JAM"
"Japan",1956,0,0,0,"JPN"
"Jordan",1956,0,0,0,"JOR"
"Kazakhstan",1956,0,0,0,"KAZ"
"Kenya",1956,0,0,0,"KEN"
"Kuwait",1956,0,0,0,"KWT"
"Kyrgyzstan",1956,0,0,0,NA
"Latvia",1956,0,0,0,"LVA"
"Lebanon",1956,0,0,0,"LBN"
"Liberia",1956,0,0,0,"LBR"
"Libya",1956,0,0,0,"LBY"
"Lithuania",1956,0,0,0,"LTU"
"Luxembourg",1956,0,0,0,"LUX"
"Madagascar",1956,0,0,0,"MDG"
"Malaysia",1956,0,0,0,"MYS"
"Mali",1956,0,0,0,"MLI"
"Malta",1956,0,0,0,"MLT"
"Mauritania",1956,0,0,0,"MRT"
"Mauritius",1956,0,0,0,"MUS"
"Mexico",1956,0,0,0,"MEX"
"Morocco",1956,0,0,0,"MAR"
"Mozambique",1956,0,0,0,"MOZ"
"Namibia",1956,0,0,0,"NAM"
"Nepal",1956,0,0,0,"NPL"
"Netherlands",1956,0,0,0,"NLD"
"New Zealand",1956,0,1,1,"NZL"
"Nicaragua",1956,0,0,0,"NIC"
"Niger",1956,0,0,0,"NER"
"Nigeria",1956,0,0,0,"NGA"
"Norway",1956,0,0,0,"NOR"
"Oman",1956,0,0,0,"OMN"
"Pakistan",1956,0,0,0,"PAK"
"Panama",1956,0,0,0,"PAN"
"Paraguay",1956,0,0,0,"PRY"
"Peru",1956,1,1,1,"PER"
"Philippines",1956,0,0,0,"PHL"
"Poland",1956,0,0,0,"POL"
"Portugal",1956,0,0,0,"PRT"
"Qatar",1956,0,0,0,"QAT"
"Republic of Korea",1956,0,0,0,NA
"Romania",1956,0,0,0,"ROU"
"Russian Federation",1956,0,0,0,"RUS"
"Rwanda",1956,0,0,0,"RWA"
"Saint Vincent and the Grenadines",1956,0,0,0,NA
"Senegal",1956,0,0,0,"SEN"
"Sierra Leone",1956,0,0,0,"SLE"
"Singapore",1956,0,0,0,"SGP"
"Slovakia",1956,0,0,0,NA
"Slovenia",1956,0,0,0,"SVN"
"Somalia",1956,0,0,0,NA
"South Africa",1956,0,0,0,"ZAF"
"Spain",1956,0,0,0,"ESP"
"Sri Lanka",1956,0,0,0,"LKA"
"Sudan",1956,0,0,0,"SDN"
"Sweden",1956,0,0,0,"SWE"
"Switzerland",1956,0,0,0,"CHE"
"Syrian Arab Republic",1956,0,0,0,"SYR"
"Thailand",1956,0,0,0,"THA"
"Togo",1956,0,0,0,"TGO"
"Trinidad and Tobago",1956,0,0,0,"TTO"
"Tunisia",1956,0,0,0,"TUN"
"Türkiye",1956,0,1,1,NA
"Uganda",1956,0,0,0,"UGA"
"Ukraine",1956,0,0,0,"UKR"
"Ukrainian SSR (Ukrainian Soviet Socialist Republic)",1956,0,0,0,NA
"United Arab Emirates",1956,0,0,0,"ARE"
"United Arab Republic",1956,0,0,0,NA
"United Kingdom of Great Britain and Northern Ireland",1956,1,1,1,NA
"United Republic of Tanzania",1956,0,0,0,NA
"United States of America",1956,1,1,1,NA
"Uruguay",1956,0,0,0,"URY"
"USSR (Union of Soviet Socialist Republics)",1956,1,1,1,NA
"Venezuela (Bolivarian Republic of)",1956,0,0,0,NA
"Viet Nam",1956,0,0,0,"VNM"
"Yemen",1956,0,0,0,NA
"Yugoslavia",1956,1,0,1,NA
"Zambia",1956,0,0,0,"ZMB"
"Zimbabwe",1956,0,0,0,"ZWE"
"",1957,0,0,0,NA
"Albania",1957,0,0,0,"ALB"
"Algeria",1957,0,0,0,"DZA"
"Angola",1957,0,0,0,"AGO"
"Argentina",1957,0,0,0,"ARG"
"Australia",1957,1,1,1,"AUS"
"Austria",1957,0,0,0,"AUT"
"Azerbaijan",1957,0,0,0,"AZE"
"Bahrain",1957,0,0,0,"BHR"
"Bangladesh",1957,0,0,0,"BGD"
"Belarus",1957,0,0,0,"BLR"
"Belgium",1957,0,1,1,"BEL"
"Benin",1957,0,0,0,"BEN"
"Bolivia (Plurinational State of)",1957,0,0,0,NA
"Bosnia and Herzegovina",1957,0,0,0,"BIH"
"Botswana",1957,0,0,0,"BWA"
"Brazil",1957,0,0,0,"BRA"
"Bulgaria",1957,0,0,0,"BGR"
"Burkina Faso",1957,0,0,0,"BFA"
"Burundi",1957,0,0,0,"BDI"
"Cabo Verde",1957,0,0,0,"CPV"
"Cameroon",1957,0,0,0,"CMR"
"Canada",1957,0,0,0,"CAN"
"Chad",1957,0,0,0,"TCD"
"Chile",1957,0,0,0,"CHL"
"China",1957,1,1,1,"CHN"
"Colombia",1957,1,0,1,"COL"
"Congo",1957,0,0,0,NA
"Costa Rica",1957,0,0,0,"CRI"
"Croatia",1957,0,0,0,"HRV"
"Cuba",1957,1,1,1,"CUB"
"Czechia",1957,0,0,0,"CZE"
"Czechoslovakia",1957,0,0,0,NA
"Democratic Republic of the Congo",1957,0,0,0,NA
"Denmark",1957,0,0,0,"DNK"
"Djibouti",1957,0,0,0,"DJI"
"Dominican Republic",1957,0,0,0,"DOM"
"Ecuador",1957,0,0,0,"ECU"
"Egypt",1957,0,0,0,NA
"Equatorial Guinea",1957,0,0,0,"GNQ"
"Estonia",1957,0,0,0,"EST"
"Ethiopia",1957,0,0,0,"ETH"
"Finland",1957,0,0,0,"FIN"
"France",1957,1,1,1,"FRA"
"Gabon",1957,0,0,0,"GAB"
"Gambia",1957,0,0,0,NA
"German DR (German Democratic Republic)",1957,0,0,0,NA
"German FR (German Federal Republic)",1957,0,0,0,NA
"Germany",1957,0,0,0,"DEU"
"Ghana",1957,0,0,0,"GHA"
"Greece",1957,0,0,0,"GRC"
"Guatemala",1957,0,0,0,"GTM"
"Guinea",1957,0,0,0,"GIN"
"Guinea-Bissau",1957,0,0,0,"GNB"
"Guyana",1957,0,0,0,"GUY"
"Honduras",1957,0,0,0,"HND"
"Hungary",1957,0,0,0,"HUN"
"India",1957,0,0,0,"IND"
"Indonesia",1957,0,0,0,"IDN"
"Iran (Islamic Republic of)",1957,0,1,1,NA
"Iraq",1957,1,0,1,"IRQ"
"Ireland",1957,0,0,0,"IRL"
"Italy",1957,0,0,0,"ITA"
"Jamaica",1957,0,0,0,"JAM"
"Japan",1957,0,0,0,"JPN"
"Jordan",1957,0,0,0,"JOR"
"Kazakhstan",1957,0,0,0,"KAZ"
"Kenya",1957,0,0,0,"KEN"
"Kuwait",1957,0,0,0,"KWT"
"Kyrgyzstan",1957,0,0,0,NA
"Latvia",1957,0,0,0,"LVA"
"Lebanon",1957,0,0,0,"LBN"
"Liberia",1957,0,0,0,"LBR"
"Libya",1957,0,0,0,"LBY"
"Lithuania",1957,0,0,0,"LTU"
"Luxembourg",1957,0,0,0,"LUX"
"Madagascar",1957,0,0,0,"MDG"
"Malaysia",1957,0,0,0,"MYS"
"Mali",1957,0,0,0,"MLI"
"Malta",1957,0,0,0,"MLT"
"Mauritania",1957,0,0,0,"MRT"
"Mauritius",1957,0,0,0,"MUS"
"Mexico",1957,0,0,0,"MEX"
"Morocco",1957,0,0,0,"MAR"
"Mozambique",1957,0,0,0,"MOZ"
"Namibia",1957,0,0,0,"NAM"
"Nepal",1957,0,0,0,"NPL"
"Netherlands",1957,0,0,0,"NLD"
"New Zealand",1957,0,0,0,"NZL"
"Nicaragua",1957,0,0,0,"NIC"
"Niger",1957,0,0,0,"NER"
"Nigeria",1957,0,0,0,"NGA"
"Norway",1957,0,0,0,"NOR"
"Oman",1957,0,0,0,"OMN"
"Pakistan",1957,0,0,0,"PAK"
"Panama",1957,0,0,0,"PAN"
"Paraguay",1957,0,0,0,"PRY"
"Peru",1957,0,1,1,"PER"
"Philippines",1957,1,0,1,"PHL"
"Poland",1957,0,0,0,"POL"
"Portugal",1957,0,0,0,"PRT"
"Qatar",1957,0,0,0,"QAT"
"Republic of Korea",1957,0,0,0,NA
"Romania",1957,0,0,0,"ROU"
"Russian Federation",1957,0,0,0,"RUS"
"Rwanda",1957,0,0,0,"RWA"
"Saint Vincent and the Grenadines",1957,0,0,0,NA
"Senegal",1957,0,0,0,"SEN"
"Sierra Leone",1957,0,0,0,"SLE"
"Singapore",1957,0,0,0,"SGP"
"Slovakia",1957,0,0,0,NA
"Slovenia",1957,0,0,0,"SVN"
"Somalia",1957,0,0,0,NA
"South Africa",1957,0,0,0,"ZAF"
"Spain",1957,0,0,0,"ESP"
"Sri Lanka",1957,0,0,0,"LKA"
"Sudan",1957,0,0,0,"SDN"
"Sweden",1957,1,0,1,"SWE"
"Switzerland",1957,0,0,0,"CHE"
"Syrian Arab Republic",1957,0,0,0,"SYR"
"Thailand",1957,0,0,0,"THA"
"Togo",1957,0,0,0,"TGO"
"Trinidad and Tobago",1957,0,0,0,"TTO"
"Tunisia",1957,0,0,0,"TUN"
"Türkiye",1957,0,0,0,NA
"Uganda",1957,0,0,0,"UGA"
"Ukraine",1957,0,0,0,"UKR"
"Ukrainian SSR (Ukrainian Soviet Socialist Republic)",1957,0,0,0,NA
"United Arab Emirates",1957,0,0,0,"ARE"
"United Arab Republic",1957,0,0,0,NA
"United Kingdom of Great Britain and Northern Ireland",1957,1,1,1,NA
"United Republic of Tanzania",1957,0,0,0,NA
"United States of America",1957,1,1,1,NA
"Uruguay",1957,0,0,0,"URY"
"USSR (Union of Soviet Socialist Republics)",1957,1,1,1,NA
"Venezuela (Bolivarian Republic of)",1957,0,0,0,NA
"Viet Nam",1957,0,0,0,"VNM"
"Yemen",1957,0,0,0,NA
"Yugoslavia",1957,0,1,1,NA
"Zambia",1957,0,0,0,"ZMB"
"Zimbabwe",1957,0,0,0,"ZWE"
"",1958,0,0,0,NA
"Albania",1958,0,0,0,"ALB"
"Algeria",1958,0,0,0,"DZA"
"Angola",1958,0,0,0,"AGO"
"Argentina",1958,0,0,0,"ARG"
"Australia",1958,0,1,1,"AUS"
"Austria",1958,0,0,0,"AUT"
"Azerbaijan",1958,0,0,0,"AZE"
"Bahrain",1958,0,0,0,"BHR"
"Bangladesh",1958,0,0,0,"BGD"
"Belarus",1958,0,0,0,"BLR"
"Belgium",1958,0,0,0,"BEL"
"Benin",1958,0,0,0,"BEN"
"Bolivia (Plurinational State of)",1958,0,0,0,NA
"Bosnia and Herzegovina",1958,0,0,0,"BIH"
"Botswana",1958,0,0,0,"BWA"
"Brazil",1958,0,0,0,"BRA"
"Bulgaria",1958,0,0,0,"BGR"
"Burkina Faso",1958,0,0,0,"BFA"
"Burundi",1958,0,0,0,"BDI"
"Cabo Verde",1958,0,0,0,"CPV"
"Cameroon",1958,0,0,0,"CMR"
"Canada",1958,1,0,1,"CAN"
"Chad",1958,0,0,0,"TCD"
"Chile",1958,0,0,0,"CHL"
"China",1958,1,1,1,"CHN"
"Colombia",1958,1,1,1,"COL"
"Congo",1958,0,0,0,NA
"Costa Rica",1958,0,0,0,"CRI"
"Croatia",1958,0,0,0,"HRV"
"Cuba",1958,0,1,1,"CUB"
"Czechia",1958,0,0,0,"CZE"
"Czechoslovakia",1958,0,0,0,NA
"Democratic Republic of the Congo",1958,0,0,0,NA
"Denmark",1958,0,0,0,"DNK"
"Djibouti",1958,0,0,0,"DJI"
"Dominican Republic",1958,0,0,0,"DOM"
"Ecuador",1958,0,0,0,"ECU"
"Egypt",1958,0,0,0,NA
"Equatorial Guinea",1958,0,0,0,"GNQ"
"Estonia",1958,0,0,0,"EST"
"Ethiopia",1958,0,0,0,"ETH"
"Finland",1958,0,0,0,"FIN"
"France",1958,1,1,1,"FRA"
"Gabon",1958,0,0,0,"GAB"
"Gambia",1958,0,0,0,NA
"German DR (German Democratic Republic)",1958,0,0,0,NA
"German FR (German Federal Republic)",1958,0,0,0,NA
"Germany",1958,0,0,0,"DEU"
"Ghana",1958,0,0,0,"GHA"
"Greece",1958,0,0,0,"GRC"
"Guatemala",1958,0,0,0,"GTM"
"Guinea",1958,0,0,0,"GIN"
"Guinea-Bissau",1958,0,0,0,"GNB"
"Guyana",1958,0,0,0,"GUY"
"Honduras",1958,0,0,0,"HND"
"Hungary",1958,0,0,0,"HUN"
"India",1958,0,0,0,"IND"
"Indonesia",1958,0,0,0,"IDN"
"Iran (Islamic Republic of)",1958,0,0,0,NA
"Iraq",1958,1,1,1,"IRQ"
"Ireland",1958,0,0,0,"IRL"
"Italy",1958,0,0,0,"ITA"
"Jamaica",1958,0,0,0,"JAM"
"Japan",1958,1,0,1,"JPN"
"Jordan",1958,0,0,0,"JOR"
"Kazakhstan",1958,0,0,0,"KAZ"
"Kenya",1958,0,0,0,"KEN"
"Kuwait",1958,0,0,0,"KWT"
"Kyrgyzstan",1958,0,0,0,NA
"Latvia",1958,0,0,0,"LVA"
"Lebanon",1958,0,0,0,"LBN"
"Liberia",1958,0,0,0,"LBR"
"Libya",1958,0,0,0,"LBY"
"Lithuania",1958,0,0,0,"LTU"
"Luxembourg",1958,0,0,0,"LUX"
"Madagascar",1958,0,0,0,"MDG"
"Malaysia",1958,0,0,0,"MYS"
"Mali",1958,0,0,0,"MLI"
"Malta",1958,0,0,0,"MLT"
"Mauritania",1958,0,0,0,"MRT"
"Mauritius",1958,0,0,0,"MUS"
"Mexico",1958,0,0,0,"MEX"
"Morocco",1958,0,0,0,"MAR"
"Mozambique",1958,0,0,0,"MOZ"
"Namibia",1958,0,0,0,"NAM"
"Nepal",1958,0,0,0,"NPL"
"Netherlands",1958,0,0,0,"NLD"
"New Zealand",1958,0,0,0,"NZL"
"Nicaragua",1958,0,0,0,"NIC"
"Niger",1958,0,0,0,"NER"
"Nigeria",1958,0,0,0,"NGA"
"Norway",1958,0,0,0,"NOR"
"Oman",1958,0,0,0,"OMN"
"Pakistan",1958,0,0,0,"PAK"
"Panama",1958,1,0,1,"PAN"
"Paraguay",1958,0,0,0,"PRY"
"Peru",1958,0,0,0,"PER"
"Philippines",1958,0,1,1,"PHL"
"Poland",1958,0,0,0,"POL"
"Portugal",1958,0,0,0,"PRT"
"Qatar",1958,0,0,0,"QAT"
"Republic of Korea",1958,0,0,0,NA
"Romania",1958,0,0,0,"ROU"
"Russian Federation",1958,0,0,0,"RUS"
"Rwanda",1958,0,0,0,"RWA"
"Saint Vincent and the Grenadines",1958,0,0,0,NA
"Senegal",1958,0,0,0,"SEN"
"Sierra Leone",1958,0,0,0,"SLE"
"Singapore",1958,0,0,0,"SGP"
"Slovakia",1958,0,0,0,NA
"Slovenia",1958,0,0,0,"SVN"
"Somalia",1958,0,0,0,NA
"South Africa",1958,0,0,0,"ZAF"
"Spain",1958,0,0,0,"ESP"
"Sri Lanka",1958,0,0,0,"LKA"
"Sudan",1958,0,0,0,"SDN"
"Sweden",1958,1,1,1,"SWE"
"Switzerland",1958,0,0,0,"CHE"
"Syrian Arab Republic",1958,0,0,0,"SYR"
"Thailand",1958,0,0,0,"THA"
"Togo",1958,0,0,0,"TGO"
"Trinidad and Tobago",1958,0,0,0,"TTO"
"Tunisia",1958,0,0,0,"TUN"
"Türkiye",1958,0,0,0,NA
"Uganda",1958,0,0,0,"UGA"
"Ukraine",1958,0,0,0,"UKR"
"Ukrainian SSR (Ukrainian Soviet Socialist Republic)",1958,0,0,0,NA
"United Arab Emirates",1958,0,0,0,"ARE"
"United Arab Republic",1958,0,0,0,NA
"United Kingdom of Great Britain and Northern Ireland",1958,1,1,1,NA
"United Republic of Tanzania",1958,0,0,0,NA
"United States of America",1958,1,1,1,NA
"Uruguay",1958,0,0,0,"URY"
"USSR (Union of Soviet Socialist Republics)",1958,1,1,1,NA
"Venezuela (Bolivarian Republic of)",1958,0,0,0,NA
"Viet Nam",1958,0,0,0,"VNM"
"Yemen",1958,0,0,0,NA
"Yugoslavia",1958,0,0,0,NA
"Zambia",1958,0,0,0,"ZMB"
"Zimbabwe",1958,0,0,0,"ZWE"
"",1959,0,0,0,NA
"Albania",1959,0,0,0,"ALB"
"Algeria",1959,0,0,0,"DZA"
"Angola",1959,0,0,0,"AGO"
"Argentina",1959,1,0,1,"ARG"
"Australia",1959,0,0,0,"AUS"
"Austria",1959,0,0,0,"AUT"
"Azerbaijan",1959,0,0,0,"AZE"
"Bahrain",1959,0,0,0,"BHR"
"Bangladesh",1959,0,0,0,"BGD"
"Belarus",1959,0,0,0,"BLR"
"Belgium",1959,0,0,0,"BEL"
"Benin",1959,0,0,0,"BEN"
"Bolivia (Plurinational State of)",1959,0,0,0,NA
"Bosnia and Herzegovina",1959,0,0,0,"BIH"
"Botswana",1959,0,0,0,"BWA"
"Brazil",1959,0,0,0,"BRA"
"Bulgaria",1959,0,0,0,"BGR"
"Burkina Faso",1959,0,0,0,"BFA"
"Burundi",1959,0,0,0,"BDI"
"Cabo Verde",1959,0,0,0,"CPV"
"Cameroon",1959,0,0,0,"CMR"
"Canada",1959,1,1,1,"CAN"
"Chad",1959,0,0,0,"TCD"
"Chile",1959,0,0,0,"CHL"
"China",1959,1,1,1,"CHN"
"Colombia",1959,0,1,1,"COL"
"Congo",1959,0,0,0,NA
"Costa Rica",1959,0,0,0,"CRI"
"Croatia",1959,0,0,0,"HRV"
"Cuba",1959,0,0,0,"CUB"
"Czechia",1959,0,0,0,"CZE"
"Czechoslovakia",1959,0,0,0,NA
"Democratic Republic of the Congo",1959,0,0,0,NA
"Denmark",1959,0,0,0,"DNK"
"Djibouti",1959,0,0,0,"DJI"
"Dominican Republic",1959,0,0,0,"DOM"
"Ecuador",1959,0,0,0,"ECU"
"Egypt",1959,0,0,0,NA
"Equatorial Guinea",1959,0,0,0,"GNQ"
"Estonia",1959,0,0,0,"EST"
"Ethiopia",1959,0,0,0,"ETH"
"Finland",1959,0,0,0,"FIN"
"France",1959,1,1,1,"FRA"
"Gabon",1959,0,0,0,"GAB"
"Gambia",1959,0,0,0,NA
"German DR (German Democratic Republic)",1959,0,0,0,NA
"German FR (German Federal Republic)",1959,0,0,0,NA
"Germany",1959,0,0,0,"DEU"
"Ghana",1959,0,0,0,"GHA"
"Greece",1959,0,0,0,"GRC"
"Guatemala",1959,0,0,0,"GTM"
"Guinea",1959,0,0,0,"GIN"
"Guinea-Bissau",1959,0,0,0,"GNB"
"Guyana",1959,0,0,0,"GUY"
"Honduras",1959,0,0,0,"HND"
"Hungary",1959,0,0,0,"HUN"
"India",1959,0,0,0,"IND"
"Indonesia",1959,0,0,0,"IDN"
"Iran (Islamic Republic of)",1959,0,0,0,NA
"Iraq",1959,0,1,1,"IRQ"
"Ireland",1959,0,0,0,"IRL"
"Italy",1959,1,0,1,"ITA"
"Jamaica",1959,0,0,0,"JAM"
"Japan",1959,1,1,1,"JPN"
"Jordan",1959,0,0,0,"JOR"
"Kazakhstan",1959,0,0,0,"KAZ"
"Kenya",1959,0,0,0,"KEN"
"Kuwait",1959,0,0,0,"KWT"
"Kyrgyzstan",1959,0,0,0,NA
"Latvia",1959,0,0,0,"LVA"
"Lebanon",1959,0,0,0,"LBN"
"Liberia",1959,0,0,0,"LBR"
"Libya",1959,0,0,0,"LBY"
"Lithuania",1959,0,0,0,"LTU"
"Luxembourg",1959,0,0,0,"LUX"
"Madagascar",1959,0,0,0,"MDG"
"Malaysia",1959,0,0,0,"MYS"
"Mali",1959,0,0,0,"MLI"
"Malta",1959,0,0,0,"MLT"
"Mauritania",1959,0,0,0,"MRT"
"Mauritius",1959,0,0,0,"MUS"
"Mexico",1959,0,0,0,"MEX"
"Morocco",1959,0,0,0,"MAR"
"Mozambique",1959,0,0,0,"MOZ"
"Namibia",1959,0,0,0,"NAM"
"Nepal",1959,0,0,0,"NPL"
"Netherlands",1959,0,0,0,"NLD"
"New Zealand",1959,0,0,0,"NZL"
"Nicaragua",1959,0,0,0,"NIC"
"Niger",1959,0,0,0,"NER"
"Nigeria",1959,0,0,0,"NGA"
"Norway",1959,0,0,0,"NOR"
"Oman",1959,0,0,0,"OMN"
"Pakistan",1959,0,0,0,"PAK"
"Panama",1959,1,1,1,"PAN"
"Paraguay",1959,0,0,0,"PRY"
"Peru",1959,0,0,0,"PER"
"Philippines",1959,0,0,0,"PHL"
"Poland",1959,0,0,0,"POL"
"Portugal",1959,0,0,0,"PRT"
"Qatar",1959,0,0,0,"QAT"
"Republic of Korea",1959,0,0,0,NA
"Romania",1959,0,0,0,"ROU"
"Russian Federation",1959,0,0,0,"RUS"
"Rwanda",1959,0,0,0,"RWA"
"Saint Vincent and the Grenadines",1959,0,0,0,NA
"Senegal",1959,0,0,0,"SEN"
"Sierra Leone",1959,0,0,0,"SLE"
"Singapore",1959,0,0,0,"SGP"
"Slovakia",1959,0,0,0,NA
"Slovenia",1959,0,0,0,"SVN"
"Somalia",1959,0,0,0,NA
"South Africa",1959,0,0,0,"ZAF"
"Spain",1959,0,0,0,"ESP"
"Sri Lanka",1959,0,0,0,"LKA"
"Sudan",1959,0,0,0,"SDN"
"Sweden",1959,0,1,1,"SWE"
"Switzerland",1959,0,0,0,"CHE"
"Syrian Arab Republic",1959,0,0,0,"SYR"
"Thailand",1959,0,0,0,"THA"
"Togo",1959,0,0,0,"TGO"
"Trinidad and Tobago",1959,0,0,0,"TTO"
"Tunisia",1959,1,0,1,"TUN"
"Türkiye",1959,0,0,0,NA
"Uganda",1959,0,0,0,"UGA"
"Ukraine",1959,0,0,0,"UKR"
"Ukrainian SSR (Ukrainian Soviet Socialist Republic)",1959,0,0,0,NA
"United Arab Emirates",1959,0,0,0,"ARE"
"United Arab Republic",1959,0,0,0,NA
"United Kingdom of Great Britain and Northern Ireland",1959,1,1,1,NA
"United Republic of Tanzania",1959,0,0,0,NA
"United States of America",1959,1,1,1,NA
"Uruguay",1959,0,0,0,"URY"
"USSR (Union of Soviet Socialist Republics)",1959,1,1,1,NA
"Venezuela (Bolivarian Republic of)",1959,0,0,0,NA
"Viet Nam",1959,0,0,0,"VNM"
"Yemen",1959,0,0,0,NA
"Yugoslavia",1959,0,0,0,NA
"Zambia",1959,0,0,0,"ZMB"
"Zimbabwe",1959,0,0,0,"ZWE"
"",1960,0,0,0,NA
"Albania",1960,0,0,0,"ALB"
"Algeria",1960,0,0,0,"DZA"
"Angola",1960,0,0,0,"AGO"
"Argentina",1960,1,1,1,"ARG"
"Australia",1960,0,0,0,"AUS"
"Austria",1960,0,0,0,"AUT"
"Azerbaijan",1960,0,0,0,"AZE"
"Bahrain",1960,0,0,0,"BHR"
"Bangladesh",1960,0,0,0,"BGD"
"Belarus",1960,0,0,0,"BLR"
"Belgium",1960,0,0,0,"BEL"
"Benin",1960,0,0,0,"BEN"
"Bolivia (Plurinational State of)",1960,0,0,0,NA
"Bosnia and Herzegovina",1960,0,0,0,"BIH"
"Botswana",1960,0,0,0,"BWA"
"Brazil",1960,0,0,0,"BRA"
"Bulgaria",1960,0,0,0,"BGR"
"Burkina Faso",1960,0,0,0,"BFA"
"Burundi",1960,0,0,0,"BDI"
"Cabo Verde",1960,0,0,0,"CPV"
"Cameroon",1960,0,0,0,"CMR"
"Canada",1960,0,1,1,"CAN"
"Chad",1960,0,0,0,"TCD"
"Chile",1960,0,0,0,"CHL"
"China",1960,1,1,1,"CHN"
"Colombia",1960,0,0,0,"COL"
"Congo",1960,0,0,0,NA
"Costa Rica",1960,0,0,0,"CRI"
"Croatia",1960,0,0,0,"HRV"
"Cuba",1960,0,0,0,"CUB"
"Czechia",1960,0,0,0,"CZE"
"Czechoslovakia",1960,0,0,0,NA
"Democratic Republic of the Congo",1960,0,0,0,NA
"Denmark",1960,0,0,0,"DNK"
"Djibouti",1960,0,0,0,"DJI"
"Dominican Republic",1960,0,0,0,"DOM"
"Ecuador",1960,1,0,1,"ECU"
"Egypt",1960,0,0,0,NA
"Equatorial Guinea",1960,0,0,0,"GNQ"
"Estonia",1960,0,0,0,"EST"
"Ethiopia",1960,0,0,0,"ETH"
"Finland",1960,0,0,0,"FIN"
"France",1960,1,1,1,"FRA"
"Gabon",1960,0,0,0,"GAB"
"Gambia",1960,0,0,0,NA
"German DR (German Democratic Republic)",1960,0,0,0,NA
"German FR (German Federal Republic)",1960,0,0,0,NA
"Germany",1960,0,0,0,"DEU"
"Ghana",1960,0,0,0,"GHA"
"Greece",1960,0,0,0,"GRC"
"Guatemala",1960,0,0,0,"GTM"
"Guinea",1960,0,0,0,"GIN"
"Guinea-Bissau",1960,0,0,0,"GNB"
"Guyana",1960,0,0,0,"GUY"
"Honduras",1960,0,0,0,"HND"
"Hungary",1960,0,0,0,"HUN"
"India",1960,0,0,0,"IND"
"Indonesia",1960,0,0,0,"IDN"
"Iran (Islamic Republic of)",1960,0,0,0,NA
"Iraq",1960,0,0,0,"IRQ"
"Ireland",1960,0,0,0,"IRL"
"Italy",1960,1,1,1,"ITA"
"Jamaica",1960,0,0,0,"JAM"
"Japan",1960,0,1,1,"JPN"
"Jordan",1960,0,0,0,"JOR"
"Kazakhstan",1960,0,0,0,"KAZ"
"Kenya",1960,0,0,0,"KEN"
"Kuwait",1960,0,0,0,"KWT"
"Kyrgyzstan",1960,0,0,0,NA
"Latvia",1960,0,0,0,"LVA"
"Lebanon",1960,0,0,0,"LBN"
"Liberia",1960,0,0,0,"LBR"
"Libya",1960,0,0,0,"LBY"
"Lithuania",1960,0,0,0,"LTU"
"Luxembourg",1960,0,0,0,"LUX"
"Madagascar",1960,0,0,0,"MDG"
"Malaysia",1960,0,0,0,"MYS"
"Mali",1960,0,0,0,"MLI"
"Malta",1960,0,0,0,"MLT"
"Mauritania",1960,0,0,0,"MRT"
"Mauritius",1960,0,0,0,"MUS"
"Mexico",1960,0,0,0,"MEX"
"Morocco",1960,0,0,0,"MAR"
"Mozambique",1960,0,0,0,"MOZ"
"Namibia",1960,0,0,0,"NAM"
"Nepal",1960,0,0,0,"NPL"
"Netherlands",1960,0,0,0,"NLD"
"New Zealand",1960,0,0,0,"NZL"
"Nicaragua",1960,0,0,0,"NIC"
"Niger",1960,0,0,0,"NER"
"Nigeria",1960,0,0,0,"NGA"
"Norway",1960,0,0,0,"NOR"
"Oman",1960,0,0,0,"OMN"
"Pakistan",1960,0,0,0,"PAK"
"Panama",1960,0,1,1,"PAN"
"Paraguay",1960,0,0,0,"PRY"
"Peru",1960,0,0,0,"PER"
"Philippines",1960,0,0,0,"PHL"
"Poland",1960,1,0,1,"POL"
"Portugal",1960,0,0,0,"PRT"
"Qatar",1960,0,0,0,"QAT"
"Republic of Korea",1960,0,0,0,NA
"Romania",1960,0,0,0,"ROU"
"Russian Federation",1960,0,0,0,"RUS"
"Rwanda",1960,0,0,0,"RWA"
"Saint Vincent and the Grenadines",1960,0,0,0,NA
"Senegal",1960,0,0,0,"SEN"
"Sierra Leone",1960,0,0,0,"SLE"
"Singapore",1960,0,0,0,"SGP"
"Slovakia",1960,0,0,0,NA
"Slovenia",1960,0,0,0,"SVN"
"Somalia",1960,0,0,0,NA
"South Africa",1960,0,0,0,"ZAF"
"Spain",1960,0,0,0,"ESP"
"Sri Lanka",1960,1,0,1,"LKA"
"Sudan",1960,0,0,0,"SDN"
"Sweden",1960,0,0,0,"SWE"
"Switzerland",1960,0,0,0,"CHE"
"Syrian Arab Republic",1960,0,0,0,"SYR"
"Thailand",1960,0,0,0,"THA"
"Togo",1960,0,0,0,"TGO"
"Trinidad and Tobago",1960,0,0,0,"TTO"
"Tunisia",1960,1,1,1,"TUN"
"Türkiye",1960,0,0,0,NA
"Uganda",1960,0,0,0,"UGA"
"Ukraine",1960,0,0,0,"UKR"
"Ukrainian SSR (Ukrainian Soviet Socialist Republic)",1960,0,0,0,NA
"United Arab Emirates",1960,0,0,0,"ARE"
"United Arab Republic",1960,0,0,0,NA
"United Kingdom of Great Britain and Northern Ireland",1960,1,1,1,NA
"United Republic of Tanzania",1960,0,0,0,NA
"United States of America",1960,1,1,1,NA
"Uruguay",1960,0,0,0,"URY"
"USSR (Union of Soviet Socialist Republics)",1960,1,1,1,NA
"Venezuela (Bolivarian Republic of)",1960,0,0,0,NA
"Viet Nam",1960,0,0,0,"VNM"
"Yemen",1960,0,0,0,NA
"Yugoslavia",1960,0,0,0,NA
"Zambia",1960,0,0,0,"ZMB"
"Zimbabwe",1960,0,0,0,"ZWE"
"",1961,0,0,0,NA
"Albania",1961,0,0,0,"ALB"
"Algeria",1961,0,0,0,"DZA"
"Angola",1961,0,0,0,"AGO"
"Argentina",1961,0,1,1,"ARG"
"Australia",1961,0,0,0,"AUS"
"Austria",1961,0,0,0,"AUT"
"Azerbaijan",1961,0,0,0,"AZE"
"Bahrain",1961,0,0,0,"BHR"
"Bangladesh",1961,0,0,0,"BGD"
"Belarus",1961,0,0,0,"BLR"
"Belgium",1961,0,0,0,"BEL"
"Benin",1961,0,0,0,"BEN"
"Bolivia (Plurinational State of)",1961,0,0,0,NA
"Bosnia and Herzegovina",1961,0,0,0,"BIH"
"Botswana",1961,0,0,0,"BWA"
"Brazil",1961,0,0,0,"BRA"
"Bulgaria",1961,0,0,0,"BGR"
"Burkina Faso",1961,0,0,0,"BFA"
"Burundi",1961,0,0,0,"BDI"
"Cabo Verde",1961,0,0,0,"CPV"
"Cameroon",1961,0,0,0,"CMR"
"Canada",1961,0,0,0,"CAN"
"Chad",1961,0,0,0,"TCD"
"Chile",1961,1,0,1,"CHL"
"China",1961,1,1,1,"CHN"
"Colombia",1961,0,0,0,"COL"
"Congo",1961,0,0,0,NA
"Costa Rica",1961,0,0,0,"CRI"
"Croatia",1961,0,0,0,"HRV"
"Cuba",1961,0,0,0,"CUB"
"Czechia",1961,0,0,0,"CZE"
"Czechoslovakia",1961,0,0,0,NA
"Democratic Republic of the Congo",1961,0,0,0,NA
"Denmark",1961,0,0,0,"DNK"
"Djibouti",1961,0,0,0,"DJI"
"Dominican Republic",1961,0,0,0,"DOM"
"Ecuador",1961,1,1,1,"ECU"
"Egypt",1961,0,0,0,NA
"Equatorial Guinea",1961,0,0,0,"GNQ"
"Estonia",1961,0,0,0,"EST"
"Ethiopia",1961,0,0,0,"ETH"
"Finland",1961,0,0,0,"FIN"
"France",1961,1,1,1,"FRA"
"Gabon",1961,0,0,0,"GAB"
"Gambia",1961,0,0,0,NA
"German DR (German Democratic Republic)",1961,0,0,0,NA
"German FR (German Federal Republic)",1961,0,0,0,NA
"Germany",1961,0,0,0,"DEU"
"Ghana",1961,0,0,0,"GHA"
"Greece",1961,0,0,0,"GRC"
"Guatemala",1961,0,0,0,"GTM"
"Guinea",1961,0,0,0,"GIN"
"Guinea-Bissau",1961,0,0,0,"GNB"
"Guyana",1961,0,0,0,"GUY"
"Honduras",1961,0,0,0,"HND"
"Hungary",1961,0,0,0,"HUN"
"India",1961,0,0,0,"IND"
"Indonesia",1961,0,0,0,"IDN"
"Iran (Islamic Republic of)",1961,0,0,0,NA
"Iraq",1961,0,0,0,"IRQ"
"Ireland",1961,0,0,0,"IRL"
"Italy",1961,0,1,1,"ITA"
"Jamaica",1961,0,0,0,"JAM"
"Japan",1961,0,0,0,"JPN"
"Jordan",1961,0,0,0,"JOR"
"Kazakhstan",1961,0,0,0,"KAZ"
"Kenya",1961,0,0,0,"KEN"
"Kuwait",1961,0,0,0,"KWT"
"Kyrgyzstan",1961,0,0,0,NA
"Latvia",1961,0,0,0,"LVA"
"Lebanon",1961,0,0,0,"LBN"
"Liberia",1961,1,0,1,"LBR"
"Libya",1961,0,0,0,"LBY"
"Lithuania",1961,0,0,0,"LTU"
"Luxembourg",1961,0,0,0,"LUX"
"Madagascar",1961,0,0,0,"MDG"
"Malaysia",1961,0,0,0,"MYS"
"Mali",1961,0,0,0,"MLI"
"Malta",1961,0,0,0,"MLT"
"Mauritania",1961,0,0,0,"MRT"
"Mauritius",1961,0,0,0,"MUS"
"Mexico",1961,0,0,0,"MEX"
"Morocco",1961,0,0,0,"MAR"
"Mozambique",1961,0,0,0,"MOZ"
"Namibia",1961,0,0,0,"NAM"
"Nepal",1961,0,0,0,"NPL"
"Netherlands",1961,0,0,0,"NLD"
"New Zealand",1961,0,0,0,"NZL"
"Nicaragua",1961,0,0,0,"NIC"
"Niger",1961,0,0,0,"NER"
"Nigeria",1961,0,0,0,"NGA"
"Norway",1961,0,0,0,"NOR"
"Oman",1961,0,0,0,"OMN"
"Pakistan",1961,0,0,0,"PAK"
"Panama",1961,0,0,0,"PAN"
"Paraguay",1961,0,0,0,"PRY"
"Peru",1961,0,0,0,"PER"
"Philippines",1961,0,0,0,"PHL"
"Poland",1961,0,1,1,"POL"
"Portugal",1961,0,0,0,"PRT"
"Qatar",1961,0,0,0,"QAT"
"Republic of Korea",1961,0,0,0,NA
"Romania",1961,0,0,0,"ROU"
"Russian Federation",1961,0,0,0,"RUS"
"Rwanda",1961,0,0,0,"RWA"
"Saint Vincent and the Grenadines",1961,0,0,0,NA
"Senegal",1961,0,0,0,"SEN"
"Sierra Leone",1961,0,0,0,"SLE"
"Singapore",1961,0,0,0,"SGP"
"Slovakia",1961,0,0,0,NA
"Slovenia",1961,0,0,0,"SVN"
"Somalia",1961,0,0,0,NA
"South Africa",1961,0,0,0,"ZAF"
"Spain",1961,0,0,0,"ESP"
"Sri Lanka",1961,1,1,1,"LKA"
"Sudan",1961,0,0,0,"SDN"
"Sweden",1961,0,0,0,"SWE"
"Switzerland",1961,0,0,0,"CHE"
"Syrian Arab Republic",1961,0,0,0,"SYR"
"Thailand",1961,0,0,0,"THA"
"Togo",1961,0,0,0,"TGO"
"Trinidad and Tobago",1961,0,0,0,"TTO"
"Tunisia",1961,0,1,1,"TUN"
"Türkiye",1961,1,0,1,NA
"Uganda",1961,0,0,0,"UGA"
"Ukraine",1961,0,0,0,"UKR"
"Ukrainian SSR (Ukrainian Soviet Socialist Republic)",1961,0,0,0,NA
"United Arab Emirates",1961,0,0,0,"ARE"
"United Arab Republic",1961,1,0,1,NA
"United Kingdom of Great Britain and Northern Ireland",1961,1,1,1,NA
"United Republic of Tanzania",1961,0,0,0,NA
"United States of America",1961,1,1,1,NA
"Uruguay",1961,0,0,0,"URY"
"USSR (Union of Soviet Socialist Republics)",1961,1,1,1,NA
"Venezuela (Bolivarian Republic of)",1961,0,0,0,NA
"Viet Nam",1961,0,0,0,"VNM"
"Yemen",1961,0,0,0,NA
"Yugoslavia",1961,0,0,0,NA
"Zambia",1961,0,0,0,"ZMB"
"Zimbabwe",1961,0,0,0,"ZWE"
"",1962,0,0,0,NA
"Albania",1962,0,0,0,"ALB"
"Algeria",1962,0,0,0,"DZA"
"Angola",1962,0,0,0,"AGO"
"Argentina",1962,0,0,0,"ARG"
"Australia",1962,0,0,0,"AUS"
"Austria",1962,0,0,0,"AUT"
"Azerbaijan",1962,0,0,0,"AZE"
"Bahrain",1962,0,0,0,"BHR"
"Bangladesh",1962,0,0,0,"BGD"
"Belarus",1962,0,0,0,"BLR"
"Belgium",1962,0,0,0,"BEL"
"Benin",1962,0,0,0,"BEN"
"Bolivia (Plurinational State of)",1962,0,0,0,NA
"Bosnia and Herzegovina",1962,0,0,0,"BIH"
"Botswana",1962,0,0,0,"BWA"
"Brazil",1962,0,0,0,"BRA"
"Bulgaria",1962,0,0,0,"BGR"
"Burkina Faso",1962,0,0,0,"BFA"
"Burundi",1962,0,0,0,"BDI"
"Cabo Verde",1962,0,0,0,"CPV"
"Cameroon",1962,0,0,0,"CMR"
"Canada",1962,0,0,0,"CAN"
"Chad",1962,0,0,0,"TCD"
"Chile",1962,1,1,1,"CHL"
"China",1962,1,1,1,"CHN"
"Colombia",1962,0,0,0,"COL"
"Congo",1962,0,0,0,NA
"Costa Rica",1962,0,0,0,"CRI"
"Croatia",1962,0,0,0,"HRV"
"Cuba",1962,0,0,0,"CUB"
"Czechia",1962,0,0,0,"CZE"
"Czechoslovakia",1962,0,0,0,NA
"Democratic Republic of the Congo",1962,0,0,0,NA
"Denmark",1962,0,0,0,"DNK"
"Djibouti",1962,0,0,0,"DJI"
"Dominican Republic",1962,0,0,0,"DOM"
"Ecuador",1962,0,1,1,"ECU"
"Egypt",1962,0,0,0,NA
"Equatorial Guinea",1962,0,0,0,"GNQ"
"Estonia",1962,0,0,0,"EST"
"Ethiopia",1962,0,0,0,"ETH"
"Finland",1962,0,0,0,"FIN"
"France",1962,1,1,1,"FRA"
"Gabon",1962,0,0,0,"GAB"
"Gambia",1962,0,0,0,NA
"German DR (German Democratic Republic)",1962,0,0,0,NA
"German FR (German Federal Republic)",1962,0,0,0,NA
"Germany",1962,0,0,0,"DEU"
"Ghana",1962,1,0,1,"GHA"
"Greece",1962,0,0,0,"GRC"
"Guatemala",1962,0,0,0,"GTM"
"Guinea",1962,0,0,0,"GIN"
"Guinea-Bissau",1962,0,0,0,"GNB"
"Guyana",1962,0,0,0,"GUY"
"Honduras",1962,0,0,0,"HND"
"Hungary",1962,0,0,0,"HUN"
"India",1962,0,0,0,"IND"
"Indonesia",1962,0,0,0,"IDN"
"Iran (Islamic Republic of)",1962,0,0,0,NA
"Iraq",1962,0,0,0,"IRQ"
"Ireland",1962,1,0,1,"IRL"
"Italy",1962,0,0,0,"ITA"
"Jamaica",1962,0,0,0,"JAM"
"Japan",1962,0,0,0,"JPN"
"Jordan",1962,0,0,0,"JOR"
"Kazakhstan",1962,0,0,0,"KAZ"
"Kenya",1962,0,0,0,"KEN"
"Kuwait",1962,0,0,0,"KWT"
"Kyrgyzstan",1962,0,0,0,NA
"Latvia",1962,0,0,0,"LVA"
"Lebanon",1962,0,0,0,"LBN"
"Liberia",1962,0,1,1,"LBR"
"Libya",1962,0,0,0,"LBY"
"Lithuania",1962,0,0,0,"LTU"
"Luxembourg",1962,0,0,0,"LUX"
"Madagascar",1962,0,0,0,"MDG"
"Malaysia",1962,0,0,0,"MYS"
"Mali",1962,0,0,0,"MLI"
"Malta",1962,0,0,0,"MLT"
"Mauritania",1962,0,0,0,"MRT"
"Mauritius",1962,0,0,0,"MUS"
"Mexico",1962,0,0,0,"MEX"
"Morocco",1962,0,0,0,"MAR"
"Mozambique",1962,0,0,0,"MOZ"
"Namibia",1962,0,0,0,"NAM"
"Nepal",1962,0,0,0,"NPL"
"Netherlands",1962,0,0,0,"NLD"
"New Zealand",1962,0,0,0,"NZL"
"Nicaragua",1962,0,0,0,"NIC"
"Niger",1962,0,0,0,"NER"
"Nigeria",1962,0,0,0,"NGA"
"Norway",1962,0,0,0,"NOR"
"Oman",1962,0,0,0,"OMN"
"Pakistan",1962,0,0,0,"PAK"
"Panama",1962,0,0,0,"PAN"
"Paraguay",1962,0,0,0,"PRY"
"Peru",1962,0,0,0,"PER"
"Philippines",1962,0,0,0,"PHL"
"Poland",1962,0,0,0,"POL"
"Portugal",1962,0,0,0,"PRT"
"Qatar",1962,0,0,0,"QAT"
"Republic of Korea",1962,0,0,0,NA
"Romania",1962,1,0,1,"ROU"
"Russian Federation",1962,0,0,0,"RUS"
"Rwanda",1962,0,0,0,"RWA"
"Saint Vincent and the Grenadines",1962,0,0,0,NA
"Senegal",1962,0,0,0,"SEN"
"Sierra Leone",1962,0,0,0,"SLE"
"Singapore",1962,0,0,0,"SGP"
"Slovakia",1962,0,0,0,NA
"Slovenia",1962,0,0,0,"SVN"
"Somalia",1962,0,0,0,NA
"South Africa",1962,0,0,0,"ZAF"
"Spain",1962,0,0,0,"ESP"
"Sri Lanka",1962,0,1,1,"LKA"
"Sudan",1962,0,0,0,"SDN"
"Sweden",1962,0,0,0,"SWE"
"Switzerland",1962,0,0,0,"CHE"
"Syrian Arab Republic",1962,0,0,0,"SYR"
"Thailand",1962,0,0,0,"THA"
"Togo",1962,0,0,0,"TGO"
"Trinidad and Tobago",1962,0,0,0,"TTO"
"Tunisia",1962,0,0,0,"TUN"
"Türkiye",1962,0,1,1,NA
"Uganda",1962,0,0,0,"UGA"
"Ukraine",1962,0,0,0,"UKR"
"Ukrainian SSR (Ukrainian Soviet Socialist Republic)",1962,0,0,0,NA
"United Arab Emirates",1962,0,0,0,"ARE"
"United Arab Republic",1962,1,1,1,NA
"United Kingdom of Great Britain and Northern Ireland",1962,1,1,1,NA
"United Republic of Tanzania",1962,0,0,0,NA
"United States of America",1962,1,1,1,NA
"Uruguay",1962,0,0,0,"URY"
"USSR (Union of Soviet Socialist Republics)",1962,1,1,1,NA
"Venezuela (Bolivarian Republic of)",1962,1,0,1,NA
"Viet Nam",1962,0,0,0,"VNM"
"Yemen",1962,0,0,0,NA
"Yugoslavia",1962,0,0,0,NA
"Zambia",1962,0,0,0,"ZMB"
"Zimbabwe",1962,0,0,0,"ZWE"
"",1963,0,0,0,NA
"Albania",1963,0,0,0,"ALB"
"Algeria",1963,0,0,0,"DZA"
"Angola",1963,0,0,0,"AGO"
"Argentina",1963,0,0,0,"ARG"
"Australia",1963,0,0,0,"AUS"
"Austria",1963,0,0,0,"AUT"
"Azerbaijan",1963,0,0,0,"AZE"
"Bahrain",1963,0,0,0,"BHR"
"Bangladesh",1963,0,0,0,"BGD"
"Belarus",1963,0,0,0,"BLR"
"Belgium",1963,0,0,0,"BEL"
"Benin",1963,0,0,0,"BEN"
"Bolivia (Plurinational State of)",1963,0,0,0,NA
"Bosnia and Herzegovina",1963,0,0,0,"BIH"
"Botswana",1963,0,0,0,"BWA"
"Brazil",1963,1,0,1,"BRA"
"Bulgaria",1963,0,0,0,"BGR"
"Burkina Faso",1963,0,0,0,"BFA"
"Burundi",1963,0,0,0,"BDI"
"Cabo Verde",1963,0,0,0,"CPV"
"Cameroon",1963,0,0,0,"CMR"
"Canada",1963,0,0,0,"CAN"
"Chad",1963,0,0,0,"TCD"
"Chile",1963,0,1,1,"CHL"
"China",1963,1,1,1,"CHN"
"Colombia",1963,0,0,0,"COL"
"Congo",1963,0,0,0,NA
"Costa Rica",1963,0,0,0,"CRI"
"Croatia",1963,0,0,0,"HRV"
"Cuba",1963,0,0,0,"CUB"
"Czechia",1963,0,0,0,"CZE"
"Czechoslovakia",1963,0,0,0,NA
"Democratic Republic of the Congo",1963,0,0,0,NA
"Denmark",1963,0,0,0,"DNK"
"Djibouti",1963,0,0,0,"DJI"
"Dominican Republic",1963,0,0,0,"DOM"
"Ecuador",1963,0,0,0,"ECU"
"Egypt",1963,0,0,0,NA
"Equatorial Guinea",1963,0,0,0,"GNQ"
"Estonia",1963,0,0,0,"EST"
"Ethiopia",1963,0,0,0,"ETH"
"Finland",1963,0,0,0,"FIN"
"France",1963,1,1,1,"FRA"
"Gabon",1963,0,0,0,"GAB"
"Gambia",1963,0,0,0,NA
"German DR (German Democratic Republic)",1963,0,0,0,NA
"German FR (German Federal Republic)",1963,0,0,0,NA
"Germany",1963,0,0,0,"DEU"
"Ghana",1963,1,1,1,"GHA"
"Greece",1963,0,0,0,"GRC"
"Guatemala",1963,0,0,0,"GTM"
"Guinea",1963,0,0,0,"GIN"
"Guinea-Bissau",1963,0,0,0,"GNB"
"Guyana",1963,0,0,0,"GUY"
"Honduras",1963,0,0,0,"HND"
"Hungary",1963,0,0,0,"HUN"
"India",1963,0,0,0,"IND"
"Indonesia",1963,0,0,0,"IDN"
"Iran (Islamic Republic of)",1963,0,0,0,NA
"Iraq",1963,0,0,0,"IRQ"
"Ireland",1963,0,1,1,"IRL"
"Italy",1963,0,0,0,"ITA"
"Jamaica",1963,0,0,0,"JAM"
"Japan",1963,0,0,0,"JPN"
"Jordan",1963,0,0,0,"JOR"
"Kazakhstan",1963,0,0,0,"KAZ"
"Kenya",1963,0,0,0,"KEN"
"Kuwait",1963,0,0,0,"KWT"
"Kyrgyzstan",1963,0,0,0,NA
"Latvia",1963,0,0,0,"LVA"
"Lebanon",1963,0,0,0,"LBN"
"Liberia",1963,0,0,0,"LBR"
"Libya",1963,0,0,0,"LBY"
"Lithuania",1963,0,0,0,"LTU"
"Luxembourg",1963,0,0,0,"LUX"
"Madagascar",1963,0,0,0,"MDG"
"Malaysia",1963,0,0,0,"MYS"
"Mali",1963,0,0,0,"MLI"
"Malta",1963,0,0,0,"MLT"
"Mauritania",1963,0,0,0,"MRT"
"Mauritius",1963,0,0,0,"MUS"
"Mexico",1963,0,0,0,"MEX"
"Morocco",1963,1,0,1,"MAR"
"Mozambique",1963,0,0,0,"MOZ"
"Namibia",1963,0,0,0,"NAM"
"Nepal",1963,0,0,0,"NPL"
"Netherlands",1963,0,0,0,"NLD"
"New Zealand",1963,0,0,0,"NZL"
"Nicaragua",1963,0,0,0,"NIC"
"Niger",1963,0,0,0,"NER"
"Nigeria",1963,0,0,0,"NGA"
"Norway",1963,1,0,1,"NOR"
"Oman",1963,0,0,0,"OMN"
"Pakistan",1963,0,0,0,"PAK"
"Panama",1963,0,0,0,"PAN"
"Paraguay",1963,0,0,0,"PRY"
"Peru",1963,0,0,0,"PER"
"Philippines",1963,1,0,1,"PHL"
"Poland",1963,0,0,0,"POL"
"Portugal",1963,0,0,0,"PRT"
"Qatar",1963,0,0,0,"QAT"
"Republic of Korea",1963,0,0,0,NA
"Romania",1963,0,1,1,"ROU"
"Russian Federation",1963,0,0,0,"RUS"
"Rwanda",1963,0,0,0,"RWA"
"Saint Vincent and the Grenadines",1963,0,0,0,NA
"Senegal",1963,0,0,0,"SEN"
"Sierra Leone",1963,0,0,0,"SLE"
"Singapore",1963,0,0,0,"SGP"
"Slovakia",1963,0,0,0,NA
"Slovenia",1963,0,0,0,"SVN"
"Somalia",1963,0,0,0,NA
"South Africa",1963,0,0,0,"ZAF"
"Spain",1963,0,0,0,"ESP"
"Sri Lanka",1963,0,0,0,"LKA"
"Sudan",1963,0,0,0,"SDN"
"Sweden",1963,0,0,0,"SWE"
"Switzerland",1963,0,0,0,"CHE"
"Syrian Arab Republic",1963,0,0,0,"SYR"
"Thailand",1963,0,0,0,"THA"
"Togo",1963,0,0,0,"TGO"
"Trinidad and Tobago",1963,0,0,0,"TTO"
"Tunisia",1963,0,0,0,"TUN"
"Türkiye",1963,0,0,0,NA
"Uganda",1963,0,0,0,"UGA"
"Ukraine",1963,0,0,0,"UKR"
"Ukrainian SSR (Ukrainian Soviet Socialist Republic)",1963,0,0,0,NA
"United Arab Emirates",1963,0,0,0,"ARE"
"United Arab Republic",1963,0,1,1,NA
"United Kingdom of Great Britain and Northern Ireland",1963,1,1,1,NA
"United Republic of Tanzania",1963,0,0,0,NA
"United States of America",1963,1,1,1,NA
"Uruguay",1963,0,0,0,"URY"
"USSR (Union of Soviet Socialist Republics)",1963,1,1,1,NA
"Venezuela (Bolivarian Republic of)",1963,1,1,1,NA
"Viet Nam",1963,0,0,0,"VNM"
"Yemen",1963,0,0,0,NA
"Yugoslavia",1963,0,0,0,NA
"Zambia",1963,0,0,0,"ZMB"
"Zimbabwe",1963,0,0,0,"ZWE"
"",1964,1,0,1,NA
"Albania",1964,0,0,0,"ALB"
"Algeria",1964,0,0,0,"DZA"
"Angola",1964,0,0,0,"AGO"
"Argentina",1964,0,0,0,"ARG"
"Australia",1964,0,0,0,"AUS"
"Austria",1964,0,0,0,"AUT"
"Azerbaijan",1964,0,0,0,"AZE"
"Bahrain",1964,0,0,0,"BHR"
"Bangladesh",1964,0,0,0,"BGD"
"Belarus",1964,0,0,0,"BLR"
"Belgium",1964,0,0,0,"BEL"
"Benin",1964,0,0,0,"BEN"
"Bolivia (Plurinational State of)",1964,1,0,1,NA
"Bosnia and Herzegovina",1964,0,0,0,"BIH"
"Botswana",1964,0,0,0,"BWA"
"Brazil",1964,1,1,1,"BRA"
"Bulgaria",1964,0,0,0,"BGR"
"Burkina Faso",1964,0,0,0,"BFA"
"Burundi",1964,0,0,0,"BDI"
"Cabo Verde",1964,0,0,0,"CPV"
"Cameroon",1964,0,0,0,"CMR"
"Canada",1964,0,0,0,"CAN"
"Chad",1964,0,0,0,"TCD"
"Chile",1964,0,0,0,"CHL"
"China",1964,1,1,1,"CHN"
"Colombia",1964,0,0,0,"COL"
"Congo",1964,0,0,0,NA
"Costa Rica",1964,0,0,0,"CRI"
"Croatia",1964,0,0,0,"HRV"
"Cuba",1964,0,0,0,"CUB"
"Czechia",1964,0,0,0,"CZE"
"Czechoslovakia",1964,1,0,1,NA
"Democratic Republic of the Congo",1964,0,0,0,NA
"Denmark",1964,0,0,0,"DNK"
"Djibouti",1964,0,0,0,"DJI"
"Dominican Republic",1964,0,0,0,"DOM"
"Ecuador",1964,0,0,0,"ECU"
"Egypt",1964,0,0,0,NA
"Equatorial Guinea",1964,0,0,0,"GNQ"
"Estonia",1964,0,0,0,"EST"
"Ethiopia",1964,0,0,0,"ETH"
"Finland",1964,0,0,0,"FIN"
"France",1964,1,1,1,"FRA"
"Gabon",1964,0,0,0,"GAB"
"Gambia",1964,0,0,0,NA
"German DR (German Democratic Republic)",1964,0,0,0,NA
"German FR (German Federal Republic)",1964,0,0,0,NA
"Germany",1964,0,0,0,"DEU"
"Ghana",1964,0,1,1,"GHA"
"Greece",1964,0,0,0,"GRC"
"Guatemala",1964,0,0,0,"GTM"
"Guinea",1964,0,0,0,"GIN"
"Guinea-Bissau",1964,0,0,0,"GNB"
"Guyana",1964,0,0,0,"GUY"
"Honduras",1964,0,0,0,"HND"
"Hungary",1964,0,0,0,"HUN"
"India",1964,0,0,0,"IND"
"Indonesia",1964,0,0,0,"IDN"
"Iran (Islamic Republic of)",1964,0,0,0,NA
"Iraq",1964,0,0,0,"IRQ"
"Ireland",1964,0,0,0,"IRL"
"Italy",1964,0,0,0,"ITA"
"Jamaica",1964,0,0,0,"JAM"
"Japan",1964,0,0,0,"JPN"
"Jordan",1964,0,0,0,"JOR"
"Kazakhstan",1964,0,0,0,"KAZ"
"Kenya",1964,0,0,0,"KEN"
"Kuwait",1964,0,0,0,"KWT"
"Kyrgyzstan",1964,0,0,0,NA
"Latvia",1964,0,0,0,"LVA"
"Lebanon",1964,0,0,0,"LBN"
"Liberia",1964,0,0,0,"LBR"
"Libya",1964,0,0,0,"LBY"
"Lithuania",1964,0,0,0,"LTU"
"Luxembourg",1964,0,0,0,"LUX"
"Madagascar",1964,0,0,0,"MDG"
"Malaysia",1964,0,0,0,"MYS"
"Mali",1964,0,0,0,"MLI"
"Malta",1964,0,0,0,"MLT"
"Mauritania",1964,0,0,0,"MRT"
"Mauritius",1964,0,0,0,"MUS"
"Mexico",1964,0,0,0,"MEX"
"Morocco",1964,1,1,1,"MAR"
"Mozambique",1964,0,0,0,"MOZ"
"Namibia",1964,0,0,0,"NAM"
"Nepal",1964,0,0,0,"NPL"
"Netherlands",1964,0,0,0,"NLD"
"New Zealand",1964,0,0,0,"NZL"
"Nicaragua",1964,0,0,0,"NIC"
"Niger",1964,0,0,0,"NER"
"Nigeria",1964,0,0,0,"NGA"
"Norway",1964,1,1,1,"NOR"
"Oman",1964,0,0,0,"OMN"
"Pakistan",1964,0,0,0,"PAK"
"Panama",1964,0,0,0,"PAN"
"Paraguay",1964,0,0,0,"PRY"
"Peru",1964,0,0,0,"PER"
"Philippines",1964,0,1,1,"PHL"
"Poland",1964,0,0,0,"POL"
"Portugal",1964,0,0,0,"PRT"
"Qatar",1964,0,0,0,"QAT"
"Republic of Korea",1964,0,0,0,NA
"Romania",1964,0,0,0,"ROU"
"Russian Federation",1964,0,0,0,"RUS"
"Rwanda",1964,0,0,0,"RWA"
"Saint Vincent and the Grenadines",1964,0,0,0,NA
"Senegal",1964,0,0,0,"SEN"
"Sierra Leone",1964,0,0,0,"SLE"
"Singapore",1964,0,0,0,"SGP"
"Slovakia",1964,0,0,0,NA
"Slovenia",1964,0,0,0,"SVN"
"Somalia",1964,0,0,0,NA
"South Africa",1964,0,0,0,"ZAF"
"Spain",1964,0,0,0,"ESP"
"Sri Lanka",1964,0,0,0,"LKA"
"Sudan",1964,0,0,0,"SDN"
"Sweden",1964,0,0,0,"SWE"
"Switzerland",1964,0,0,0,"CHE"
"Syrian Arab Republic",1964,0,0,0,"SYR"
"Thailand",1964,0,0,0,"THA"
"Togo",1964,0,0,0,"TGO"
"Trinidad and Tobago",1964,0,0,0,"TTO"
"Tunisia",1964,0,0,0,"TUN"
"Türkiye",1964,0,0,0,NA
"Uganda",1964,0,0,0,"UGA"
"Ukraine",1964,0,0,0,"UKR"
"Ukrainian SSR (Ukrainian Soviet Socialist Republic)",1964,0,0,0,NA
"United Arab Emirates",1964,0,0,0,"ARE"
"United Arab Republic",1964,0,0,0,NA
"United Kingdom of Great Britain and Northern Ireland",1964,1,1,1,NA
"United Republic of Tanzania",1964,0,0,0,NA
"United States of America",1964,1,1,1,NA
"Uruguay",1964,0,0,0,"URY"
"USSR (Union of Soviet Socialist Republics)",1964,1,1,1,NA
"Venezuela (Bolivarian Republic of)",1964,0,1,1,NA
"Viet Nam",1964,0,0,0,"VNM"
"Yemen",1964,0,0,0,NA
"Yugoslavia",1964,0,0,0,NA
"Zambia",1964,0,0,0,"ZMB"
"Zimbabwe",1964,0,0,0,"ZWE"
"",1965,1,1,1,NA
"Albania",1965,0,0,0,"ALB"
"Algeria",1965,0,0,0,"DZA"
"Angola",1965,0,0,0,"AGO"
"Argentina",1965,0,0,0,"ARG"
"Australia",1965,0,0,0,"AUS"
"Austria",1965,0,0,0,"AUT"
"Azerbaijan",1965,0,0,0,"AZE"
"Bahrain",1965,0,0,0,"BHR"
"Bangladesh",1965,0,0,0,"BGD"
"Belarus",1965,0,0,0,"BLR"
"Belgium",1965,0,0,0,"BEL"
"Benin",1965,0,0,0,"BEN"
"Bolivia (Plurinational State of)",1965,1,1,1,NA
"Bosnia and Herzegovina",1965,0,0,0,"BIH"
"Botswana",1965,0,0,0,"BWA"
"Brazil",1965,0,1,1,"BRA"
"Bulgaria",1965,0,0,0,"BGR"
"Burkina Faso",1965,0,0,0,"BFA"
"Burundi",1965,0,0,0,"BDI"
"Cabo Verde",1965,0,0,0,"CPV"
"Cameroon",1965,0,0,0,"CMR"
"Canada",1965,0,0,0,"CAN"
"Chad",1965,0,0,0,"TCD"
"Chile",1965,0,0,0,"CHL"
"China",1965,1,1,1,"CHN"
"Colombia",1965,0,0,0,"COL"
"Congo",1965,0,0,0,NA
"Costa Rica",1965,0,0,0,"CRI"
"Croatia",1965,0,0,0,"HRV"
"Cuba",1965,0,0,0,"CUB"
"Czechia",1965,0,0,0,"CZE"
"Czechoslovakia",1965,0,1,1,NA
"Democratic Republic of the Congo",1965,0,0,0,NA
"Denmark",1965,0,0,0,"DNK"
"Djibouti",1965,0,0,0,"DJI"
"Dominican Republic",1965,0,0,0,"DOM"
"Ecuador",1965,0,0,0,"ECU"
"Egypt",1965,0,0,0,NA
"Equatorial Guinea",1965,0,0,0,"GNQ"
"Estonia",1965,0,0,0,"EST"
"Ethiopia",1965,0,0,0,"ETH"
"Finland",1965,0,0,0,"FIN"
"France",1965,1,1,1,"FRA"
"Gabon",1965,0,0,0,"GAB"
"Gambia",1965,0,0,0,NA
"German DR (German Democratic Republic)",1965,0,0,0,NA
"German FR (German Federal Republic)",1965,0,0,0,NA
"Germany",1965,0,0,0,"DEU"
"Ghana",1965,0,0,0,"GHA"
"Greece",1965,0,0,0,"GRC"
"Guatemala",1965,0,0,0,"GTM"
"Guinea",1965,0,0,0,"GIN"
"Guinea-Bissau",1965,0,0,0,"GNB"
"Guyana",1965,0,0,0,"GUY"
"Honduras",1965,0,0,0,"HND"
"Hungary",1965,0,0,0,"HUN"
"India",1965,0,0,0,"IND"
"Indonesia",1965,0,0,0,"IDN"
"Iran (Islamic Republic of)",1965,0,0,0,NA
"Iraq",1965,0,0,0,"IRQ"
"Ireland",1965,0,0,0,"IRL"
"Italy",1965,0,0,0,"ITA"
"Jamaica",1965,0,0,0,"JAM"
"Japan",1965,0,0,0,"JPN"
"Jordan",1965,1,0,1,"JOR"
"Kazakhstan",1965,0,0,0,"KAZ"
"Kenya",1965,0,0,0,"KEN"
"Kuwait",1965,0,0,0,"KWT"
"Kyrgyzstan",1965,0,0,0,NA
"Latvia",1965,0,0,0,"LVA"
"Lebanon",1965,0,0,0,"LBN"
"Liberia",1965,0,0,0,"LBR"
"Libya",1965,0,0,0,"LBY"
"Lithuania",1965,0,0,0,"LTU"
"Luxembourg",1965,0,0,0,"LUX"
"Madagascar",1965,0,0,0,"MDG"
"Malaysia",1965,1,0,1,"MYS"
"Mali",1965,0,0,0,"MLI"
"Malta",1965,0,0,0,"MLT"
"Mauritania",1965,0,0,0,"MRT"
"Mauritius",1965,0,0,0,"MUS"
"Mexico",1965,0,0,0,"MEX"
"Morocco",1965,0,1,1,"MAR"
"Mozambique",1965,0,0,0,"MOZ"
"Namibia",1965,0,0,0,"NAM"
"Nepal",1965,0,0,0,"NPL"
"Netherlands",1965,1,0,1,"NLD"
"New Zealand",1965,0,0,0,"NZL"
"Nicaragua",1965,0,0,0,"NIC"
"Niger",1965,0,0,0,"NER"
"Nigeria",1965,0,0,0,"NGA"
"Norway",1965,0,1,1,"NOR"
"Oman",1965,0,0,0,"OMN"
"Pakistan",1965,0,0,0,"PAK"
"Panama",1965,0,0,0,"PAN"
"Paraguay",1965,0,0,0,"PRY"
"Peru",1965,0,0,0,"PER"
"Philippines",1965,0,0,0,"PHL"
"Poland",1965,0,0,0,"POL"
"Portugal",1965,0,0,0,"PRT"
"Qatar",1965,0,0,0,"QAT"
"Republic of Korea",1965,0,0,0,NA
"Romania",1965,0,0,0,"ROU"
"Russian Federation",1965,0,0,0,"RUS"
"Rwanda",1965,0,0,0,"RWA"
"Saint Vincent and the Grenadines",1965,0,0,0,NA
"Senegal",1965,0,0,0,"SEN"
"Sierra Leone",1965,0,0,0,"SLE"
"Singapore",1965,0,0,0,"SGP"
"Slovakia",1965,0,0,0,NA
"Slovenia",1965,0,0,0,"SVN"
"Somalia",1965,0,0,0,NA
"South Africa",1965,0,0,0,"ZAF"
"Spain",1965,0,0,0,"ESP"
"Sri Lanka",1965,0,0,0,"LKA"
"Sudan",1965,0,0,0,"SDN"
"Sweden",1965,0,0,0,"SWE"
"Switzerland",1965,0,0,0,"CHE"
"Syrian Arab Republic",1965,0,0,0,"SYR"
"Thailand",1965,0,0,0,"THA"
"Togo",1965,0,0,0,"TGO"
"Trinidad and Tobago",1965,0,0,0,"TTO"
"Tunisia",1965,0,0,0,"TUN"
"Türkiye",1965,0,0,0,NA
"Uganda",1965,0,0,0,"UGA"
"Ukraine",1965,0,0,0,"UKR"
"Ukrainian SSR (Ukrainian Soviet Socialist Republic)",1965,0,0,0,NA
"United Arab Emirates",1965,0,0,0,"ARE"
"United Arab Republic",1965,0,0,0,NA
"United Kingdom of Great Britain and Northern Ireland",1965,1,1,1,NA
"United Republic of Tanzania",1965,0,0,0,NA
"United States of America",1965,1,1,1,NA
"Uruguay",1965,1,0,1,"URY"
"USSR (Union of Soviet Socialist Republics)",1965,1,1,1,NA
"Venezuela (Bolivarian Republic of)",1965,0,0,0,NA
"Viet Nam",1965,0,0,0,"VNM"
"Yemen",1965,0,0,0,NA
"Yugoslavia",1965,0,0,0,NA
"Zambia",1965,0,0,0,"ZMB"
"Zimbabwe",1965,0,0,0,"ZWE"
"",1966,0,1,1,NA
"Albania",1966,0,0,0,"ALB"
"Algeria",1966,0,0,0,"DZA"
"Angola",1966,0,0,0,"AGO"
"Argentina",1966,1,0,1,"ARG"
"Australia",1966,0,0,0,"AUS"
"Austria",1966,0,0,0,"AUT"
"Azerbaijan",1966,0,0,0,"AZE"
"Bahrain",1966,0,0,0,"BHR"
"Bangladesh",1966,0,0,0,"BGD"
"Belarus",1966,0,0,0,"BLR"
"Belgium",1966,0,0,0,"BEL"
"Benin",1966,0,0,0,"BEN"
"Bolivia (Plurinational State of)",1966,0,1,1,NA
"Bosnia and Herzegovina",1966,0,0,0,"BIH"
"Botswana",1966,0,0,0,"BWA"
"Brazil",1966,0,0,0,"BRA"
"Bulgaria",1966,1,0,1,"BGR"
"Burkina Faso",1966,0,0,0,"BFA"
"Burundi",1966,0,0,0,"BDI"
"Cabo Verde",1966,0,0,0,"CPV"
"Cameroon",1966,0,0,0,"CMR"
"Canada",1966,0,0,0,"CAN"
"Chad",1966,0,0,0,"TCD"
"Chile",1966,0,0,0,"CHL"
"China",1966,1,1,1,"CHN"
"Colombia",1966,0,0,0,"COL"
"Congo",1966,0,0,0,NA
"Costa Rica",1966,0,0,0,"CRI"
"Croatia",1966,0,0,0,"HRV"
"Cuba",1966,0,0,0,"CUB"
"Czechia",1966,0,0,0,"CZE"
"Czechoslovakia",1966,0,0,0,NA
"Democratic Republic of the Congo",1966,0,0,0,NA
"Denmark",1966,0,0,0,"DNK"
"Djibouti",1966,0,0,0,"DJI"
"Dominican Republic",1966,0,0,0,"DOM"
"Ecuador",1966,0,0,0,"ECU"
"Egypt",1966,0,0,0,NA
"Equatorial Guinea",1966,0,0,0,"GNQ"
"Estonia",1966,0,0,0,"EST"
"Ethiopia",1966,0,0,0,"ETH"
"Finland",1966,0,0,0,"FIN"
"France",1966,1,1,1,"FRA"
"Gabon",1966,0,0,0,"GAB"
"Gambia",1966,0,0,0,NA
"German DR (German Democratic Republic)",1966,0,0,0,NA
"German FR (German Federal Republic)",1966,0,0,0,NA
"Germany",1966,0,0,0,"DEU"
"Ghana",1966,0,0,0,"GHA"
"Greece",1966,0,0,0,"GRC"
"Guatemala",1966,0,0,0,"GTM"
"Guinea",1966,0,0,0,"GIN"
"Guinea-Bissau",1966,0,0,0,"GNB"
"Guyana",1966,0,0,0,"GUY"
"Honduras",1966,0,0,0,"HND"
"Hungary",1966,0,0,0,"HUN"
"India",1966,0,0,0,"IND"
"Indonesia",1966,0,0,0,"IDN"
"Iran (Islamic Republic of)",1966,0,0,0,NA
"Iraq",1966,0,0,0,"IRQ"
"Ireland",1966,0,0,0,"IRL"
"Italy",1966,0,0,0,"ITA"
"Jamaica",1966,0,0,0,"JAM"
"Japan",1966,1,0,1,"JPN"
"Jordan",1966,1,1,1,"JOR"
"Kazakhstan",1966,0,0,0,"KAZ"
"Kenya",1966,0,0,0,"KEN"
"Kuwait",1966,0,0,0,"KWT"
"Kyrgyzstan",1966,0,0,0,NA
"Latvia",1966,0,0,0,"LVA"
"Lebanon",1966,0,0,0,"LBN"
"Liberia",1966,0,0,0,"LBR"
"Libya",1966,0,0,0,"LBY"
"Lithuania",1966,0,0,0,"LTU"
"Luxembourg",1966,0,0,0,"LUX"
"Madagascar",1966,0,0,0,"MDG"
"Malaysia",1966,0,1,1,"MYS"
"Mali",1966,1,0,1,"MLI"
"Malta",1966,0,0,0,"MLT"
"Mauritania",1966,0,0,0,"MRT"
"Mauritius",1966,0,0,0,"MUS"
"Mexico",1966,0,0,0,"MEX"
"Morocco",1966,0,0,0,"MAR"
"Mozambique",1966,0,0,0,"MOZ"
"Namibia",1966,0,0,0,"NAM"
"Nepal",1966,0,0,0,"NPL"
"Netherlands",1966,1,1,1,"NLD"
"New Zealand",1966,1,0,1,"NZL"
"Nicaragua",1966,0,0,0,"NIC"
"Niger",1966,0,0,0,"NER"
"Nigeria",1966,1,0,1,"NGA"
"Norway",1966,0,0,0,"NOR"
"Oman",1966,0,0,0,"OMN"
"Pakistan",1966,0,0,0,"PAK"
"Panama",1966,0,0,0,"PAN"
"Paraguay",1966,0,0,0,"PRY"
"Peru",1966,0,0,0,"PER"
"Philippines",1966,0,0,0,"PHL"
"Poland",1966,0,0,0,"POL"
"Portugal",1966,0,0,0,"PRT"
"Qatar",1966,0,0,0,"QAT"
"Republic of Korea",1966,0,0,0,NA
"Romania",1966,0,0,0,"ROU"
"Russian Federation",1966,0,0,0,"RUS"
"Rwanda",1966,0,0,0,"RWA"
"Saint Vincent and the Grenadines",1966,0,0,0,NA
"Senegal",1966,0,0,0,"SEN"
"Sierra Leone",1966,0,0,0,"SLE"
"Singapore",1966,0,0,0,"SGP"
"Slovakia",1966,0,0,0,NA
"Slovenia",1966,0,0,0,"SVN"
"Somalia",1966,0,0,0,NA
"South Africa",1966,0,0,0,"ZAF"
"Spain",1966,0,0,0,"ESP"
"Sri Lanka",1966,0,0,0,"LKA"
"Sudan",1966,0,0,0,"SDN"
"Sweden",1966,0,0,0,"SWE"
"Switzerland",1966,0,0,0,"CHE"
"Syrian Arab Republic",1966,0,0,0,"SYR"
"Thailand",1966,0,0,0,"THA"
"Togo",1966,0,0,0,"TGO"
"Trinidad and Tobago",1966,0,0,0,"TTO"
"Tunisia",1966,0,0,0,"TUN"
"Türkiye",1966,0,0,0,NA
"Uganda",1966,1,0,1,"UGA"
"Ukraine",1966,0,0,0,"UKR"
"Ukrainian SSR (Ukrainian Soviet Socialist Republic)",1966,0,0,0,NA
"United Arab Emirates",1966,0,0,0,"ARE"
"United Arab Republic",1966,0,0,0,NA
"United Kingdom of Great Britain and Northern Ireland",1966,1,1,1,NA
"United Republic of Tanzania",1966,0,0,0,NA
"United States of America",1966,1,1,1,NA
"Uruguay",1966,1,1,1,"URY"
"USSR (Union of Soviet Socialist Republics)",1966,1,1,1,NA
"Venezuela (Bolivarian Republic of)",1966,0,0,0,NA
"Viet Nam",1966,0,0,0,"VNM"
"Yemen",1966,0,0,0,NA
"Yugoslavia",1966,0,0,0,NA
"Zambia",1966,0,0,0,"ZMB"
"Zimbabwe",1966,0,0,0,"ZWE"
"",1967,0,0,0,NA
"Albania",1967,0,0,0,"ALB"
"Algeria",1967,0,0,0,"DZA"
"Angola",1967,0,0,0,"AGO"
"Argentina",1967,1,1,1,"ARG"
"Australia",1967,0,0,0,"AUS"
"Austria",1967,0,0,0,"AUT"
"Azerbaijan",1967,0,0,0,"AZE"
"Bahrain",1967,0,0,0,"BHR"
"Bangladesh",1967,0,0,0,"BGD"
"Belarus",1967,0,0,0,"BLR"
"Belgium",1967,0,0,0,"BEL"
"Benin",1967,0,0,0,"BEN"
"Bolivia (Plurinational State of)",1967,0,0,0,NA
"Bosnia and Herzegovina",1967,0,0,0,"BIH"
"Botswana",1967,0,0,0,"BWA"
"Brazil",1967,1,0,1,"BRA"
"Bulgaria",1967,1,1,1,"BGR"
"Burkina Faso",1967,0,0,0,"BFA"
"Burundi",1967,0,0,0,"BDI"
"Cabo Verde",1967,0,0,0,"CPV"
"Cameroon",1967,0,0,0,"CMR"
"Canada",1967,1,0,1,"CAN"
"Chad",1967,0,0,0,"TCD"
"Chile",1967,0,0,0,"CHL"
"China",1967,1,1,1,"CHN"
"Colombia",1967,0,0,0,"COL"
"Congo",1967,0,0,0,NA
"Costa Rica",1967,0,0,0,"CRI"
"Croatia",1967,0,0,0,"HRV"
"Cuba",1967,0,0,0,"CUB"
"Czechia",1967,0,0,0,"CZE"
"Czechoslovakia",1967,0,0,0,NA
"Democratic Republic of the Congo",1967,0,0,0,NA
"Denmark",1967,1,0,1,"DNK"
"Djibouti",1967,0,0,0,"DJI"
"Dominican Republic",1967,0,0,0,"DOM"
"Ecuador",1967,0,0,0,"ECU"
"Egypt",1967,0,0,0,NA
"Equatorial Guinea",1967,0,0,0,"GNQ"
"Estonia",1967,0,0,0,"EST"
"Ethiopia",1967,1,0,1,"ETH"
"Finland",1967,0,0,0,"FIN"
"France",1967,1,1,1,"FRA"
"Gabon",1967,0,0,0,"GAB"
"Gambia",1967,0,0,0,NA
"German DR (German Democratic Republic)",1967,0,0,0,NA
"German FR (German Federal Republic)",1967,0,0,0,NA
"Germany",1967,0,0,0,"DEU"
"Ghana",1967,0,0,0,"GHA"
"Greece",1967,0,0,0,"GRC"
"Guatemala",1967,0,0,0,"GTM"
"Guinea",1967,0,0,0,"GIN"
"Guinea-Bissau",1967,0,0,0,"GNB"
"Guyana",1967,0,0,0,"GUY"
"Honduras",1967,0,0,0,"HND"
"Hungary",1967,0,0,0,"HUN"
"India",1967,1,0,1,"IND"
"Indonesia",1967,0,0,0,"IDN"
"Iran (Islamic Republic of)",1967,0,0,0,NA
"Iraq",1967,0,0,0,"IRQ"
"Ireland",1967,0,0,0,"IRL"
"Italy",1967,0,0,0,"ITA"
"Jamaica",1967,0,0,0,"JAM"
"Japan",1967,1,1,1,"JPN"
"Jordan",1967,0,1,1,"JOR"
"Kazakhstan",1967,0,0,0,"KAZ"
"Kenya",1967,0,0,0,"KEN"
"Kuwait",1967,0,0,0,"KWT"
"Kyrgyzstan",1967,0,0,0,NA
"Latvia",1967,0,0,0,"LVA"
"Lebanon",1967,0,0,0,"LBN"
"Liberia",1967,0,0,0,"LBR"
"Libya",1967,0,0,0,"LBY"
"Lithuania",1967,0,0,0,"LTU"
"Luxembourg",1967,0,0,0,"LUX"
"Madagascar",1967,0,0,0,"MDG"
"Malaysia",1967,0,0,0,"MYS"
"Mali",1967,1,1,1,"MLI"
"Malta",1967,0,0,0,"MLT"
"Mauritania",1967,0,0,0,"MRT"
"Mauritius",1967,0,0,0,"MUS"
"Mexico",1967,0,0,0,"MEX"
"Morocco",1967,0,0,0,"MAR"
"Mozambique",1967,0,0,0,"MOZ"
"Namibia",1967,0,0,0,"NAM"
"Nepal",1967,0,0,0,"NPL"
"Netherlands",1967,0,1,1,"NLD"
"New Zealand",1967,0,1,1,"NZL"
"Nicaragua",1967,0,0,0,"NIC"
"Niger",1967,0,0,0,"NER"
"Nigeria",1967,1,1,1,"NGA"
"Norway",1967,0,0,0,"NOR"
"Oman",1967,0,0,0,"OMN"
"Pakistan",1967,0,0,0,"PAK"
"Panama",1967,0,0,0,"PAN"
"Paraguay",1967,0,0,0,"PRY"
"Peru",1967,0,0,0,"PER"
"Philippines",1967,0,0,0,"PHL"
"Poland",1967,0,0,0,"POL"
"Portugal",1967,0,0,0,"PRT"
"Qatar",1967,0,0,0,"QAT"
"Republic of Korea",1967,0,0,0,NA
"Romania",1967,0,0,0,"ROU"
"Russian Federation",1967,0,0,0,"RUS"
"Rwanda",1967,0,0,0,"RWA"
"Saint Vincent and the Grenadines",1967,0,0,0,NA
"Senegal",1967,0,0,0,"SEN"
"Sierra Leone",1967,0,0,0,"SLE"
"Singapore",1967,0,0,0,"SGP"
"Slovakia",1967,0,0,0,NA
"Slovenia",1967,0,0,0,"SVN"
"Somalia",1967,0,0,0,NA
"South Africa",1967,0,0,0,"ZAF"
"Spain",1967,0,0,0,"ESP"
"Sri Lanka",1967,0,0,0,"LKA"
"Sudan",1967,0,0,0,"SDN"
"Sweden",1967,0,0,0,"SWE"
"Switzerland",1967,0,0,0,"CHE"
"Syrian Arab Republic",1967,0,0,0,"SYR"
"Thailand",1967,0,0,0,"THA"
"Togo",1967,0,0,0,"TGO"
"Trinidad and Tobago",1967,0,0,0,"TTO"
"Tunisia",1967,0,0,0,"TUN"
"Türkiye",1967,0,0,0,NA
"Uganda",1967,0,1,1,"UGA"
"Ukraine",1967,0,0,0,"UKR"
"Ukrainian SSR (Ukrainian Soviet Socialist Republic)",1967,0,0,0,NA
"United Arab Emirates",1967,0,0,0,"ARE"
"United Arab Republic",1967,0,0,0,NA
"United Kingdom of Great Britain and Northern Ireland",1967,1,1,1,NA
"United Republic of Tanzania",1967,0,0,0,NA
"United States of America",1967,1,1,1,NA
"Uruguay",1967,0,1,1,"URY"
"USSR (Union of Soviet Socialist Republics)",1967,1,1,1,NA
"Venezuela (Bolivarian Republic of)",1967,0,0,0,NA
"Viet Nam",1967,0,0,0,"VNM"
"Yemen",1967,0,0,0,NA
"Yugoslavia",1967,0,0,0,NA
"Zambia",1967,0,0,0,"ZMB"
"Zimbabwe",1967,0,0,0,"ZWE"
"",1968,0,0,0,NA
"Albania",1968,0,0,0,"ALB"
"Algeria",1968,1,0,1,"DZA"
"Angola",1968,0,0,0,"AGO"
"Argentina",1968,0,1,1,"ARG"
"Australia",1968,0,0,0,"AUS"
"Austria",1968,0,0,0,"AUT"
"Azerbaijan",1968,0,0,0,"AZE"
"Bahrain",1968,0,0,0,"BHR"
"Bangladesh",1968,0,0,0,"BGD"
"Belarus",1968,0,0,0,"BLR"
"Belgium",1968,0,0,0,"BEL"
"Benin",1968,0,0,0,"BEN"
"Bolivia (Plurinational State of)",1968,0,0,0,NA
"Bosnia and Herzegovina",1968,0,0,0,"BIH"
"Botswana",1968,0,0,0,"BWA"
"Brazil",1968,1,1,1,"BRA"
"Bulgaria",1968,0,1,1,"BGR"
"Burkina Faso",1968,0,0,0,"BFA"
"Burundi",1968,0,0,0,"BDI"
"Cabo Verde",1968,0,0,0,"CPV"
"Cameroon",1968,0,0,0,"CMR"
"Canada",1968,1,1,1,"CAN"
"Chad",1968,0,0,0,"TCD"
"Chile",1968,0,0,0,"CHL"
"China",1968,1,1,1,"CHN"
"Colombia",1968,0,0,0,"COL"
"Congo",1968,0,0,0,NA
"Costa Rica",1968,0,0,0,"CRI"
"Croatia",1968,0,0,0,"HRV"
"Cuba",1968,0,0,0,"CUB"
"Czechia",1968,0,0,0,"CZE"
"Czechoslovakia",1968,0,0,0,NA
"Democratic Republic of the Congo",1968,0,0,0,NA
"Denmark",1968,1,1,1,"DNK"
"Djibouti",1968,0,0,0,"DJI"
"Dominican Republic",1968,0,0,0,"DOM"
"Ecuador",1968,0,0,0,"ECU"
"Egypt",1968,0,0,0,NA
"Equatorial Guinea",1968,0,0,0,"GNQ"
"Estonia",1968,0,0,0,"EST"
"Ethiopia",1968,1,1,1,"ETH"
"Finland",1968,0,0,0,"FIN"
"France",1968,1,1,1,"FRA"
"Gabon",1968,0,0,0,"GAB"
"Gambia",1968,0,0,0,NA
"German DR (German Democratic Republic)",1968,0,0,0,NA
"German FR (German Federal Republic)",1968,0,0,0,NA
"Germany",1968,0,0,0,"DEU"
"Ghana",1968,0,0,0,"GHA"
"Greece",1968,0,0,0,"GRC"
"Guatemala",1968,0,0,0,"GTM"
"Guinea",1968,0,0,0,"GIN"
"Guinea-Bissau",1968,0,0,0,"GNB"
"Guyana",1968,0,0,0,"GUY"
"Honduras",1968,0,0,0,"HND"
"Hungary",1968,1,0,1,"HUN"
"India",1968,1,1,1,"IND"
"Indonesia",1968,0,0,0,"IDN"
"Iran (Islamic Republic of)",1968,0,0,0,NA
"Iraq",1968,0,0,0,"IRQ"
"Ireland",1968,0,0,0,"IRL"
"Italy",1968,0,0,0,"ITA"
"Jamaica",1968,0,0,0,"JAM"
"Japan",1968,0,1,1,"JPN"
"Jordan",1968,0,0,0,"JOR"
"Kazakhstan",1968,0,0,0,"KAZ"
"Kenya",1968,0,0,0,"KEN"
"Kuwait",1968,0,0,0,"KWT"
"Kyrgyzstan",1968,0,0,0,NA
"Latvia",1968,0,0,0,"LVA"
"Lebanon",1968,0,0,0,"LBN"
"Liberia",1968,0,0,0,"LBR"
"Libya",1968,0,0,0,"LBY"
"Lithuania",1968,0,0,0,"LTU"
"Luxembourg",1968,0,0,0,"LUX"
"Madagascar",1968,0,0,0,"MDG"
"Malaysia",1968,0,0,0,"MYS"
"Mali",1968,0,1,1,"MLI"
"Malta",1968,0,0,0,"MLT"
"Mauritania",1968,0,0,0,"MRT"
"Mauritius",1968,0,0,0,"MUS"
"Mexico",1968,0,0,0,"MEX"
"Morocco",1968,0,0,0,"MAR"
"Mozambique",1968,0,0,0,"MOZ"
"Namibia",1968,0,0,0,"NAM"
"Nepal",1968,0,0,0,"NPL"
"Netherlands",1968,0,0,0,"NLD"
"New Zealand",1968,0,0,0,"NZL"
"Nicaragua",1968,0,0,0,"NIC"
"Niger",1968,0,0,0,"NER"
"Nigeria",1968,0,1,1,"NGA"
"Norway",1968,0,0,0,"NOR"
"Oman",1968,0,0,0,"OMN"
"Pakistan",1968,1,0,1,"PAK"
"Panama",1968,0,0,0,"PAN"
"Paraguay",1968,1,0,1,"PRY"
"Peru",1968,0,0,0,"PER"
"Philippines",1968,0,0,0,"PHL"
"Poland",1968,0,0,0,"POL"
"Portugal",1968,0,0,0,"PRT"
"Qatar",1968,0,0,0,"QAT"
"Republic of Korea",1968,0,0,0,NA
"Romania",1968,0,0,0,"ROU"
"Russian Federation",1968,0,0,0,"RUS"
"Rwanda",1968,0,0,0,"RWA"
"Saint Vincent and the Grenadines",1968,0,0,0,NA
"Senegal",1968,1,0,1,"SEN"
"Sierra Leone",1968,0,0,0,"SLE"
"Singapore",1968,0,0,0,"SGP"
"Slovakia",1968,0,0,0,NA
"Slovenia",1968,0,0,0,"SVN"
"Somalia",1968,0,0,0,NA
"South Africa",1968,0,0,0,"ZAF"
"Spain",1968,0,0,0,"ESP"
"Sri Lanka",1968,0,0,0,"LKA"
"Sudan",1968,0,0,0,"SDN"
"Sweden",1968,0,0,0,"SWE"
"Switzerland",1968,0,0,0,"CHE"
"Syrian Arab Republic",1968,0,0,0,"SYR"
"Thailand",1968,0,0,0,"THA"
"Togo",1968,0,0,0,"TGO"
"Trinidad and Tobago",1968,0,0,0,"TTO"
"Tunisia",1968,0,0,0,"TUN"
"Türkiye",1968,0,0,0,NA
"Uganda",1968,0,0,0,"UGA"
"Ukraine",1968,0,0,0,"UKR"
"Ukrainian SSR (Ukrainian Soviet Socialist Republic)",1968,0,0,0,NA
"United Arab Emirates",1968,0,0,0,"ARE"
"United Arab Republic",1968,0,0,0,NA
"United Kingdom of Great Britain and Northern Ireland",1968,1,1,1,NA
"United Republic of Tanzania",1968,0,0,0,NA
"United States of America",1968,1,1,1,NA
"Uruguay",1968,0,0,0,"URY"
"USSR (Union of Soviet Socialist Republics)",1968,1,1,1,NA
"Venezuela (Bolivarian Republic of)",1968,0,0,0,NA
"Viet Nam",1968,0,0,0,"VNM"
"Yemen",1968,0,0,0,NA
"Yugoslavia",1968,0,0,0,NA
"Zambia",1968,0,0,0,"ZMB"
"Zimbabwe",1968,0,0,0,"ZWE"
"",1969,0,0,0,NA
"Albania",1969,0,0,0,"ALB"
"Algeria",1969,1,1,1,"DZA"
"Angola",1969,0,0,0,"AGO"
"Argentina",1969,0,0,0,"ARG"
"Australia",1969,0,0,0,"AUS"
"Austria",1969,0,0,0,"AUT"
"Azerbaijan",1969,0,0,0,"AZE"
"Bahrain",1969,0,0,0,"BHR"
"Bangladesh",1969,0,0,0,"BGD"
"Belarus",1969,0,0,0,"BLR"
"Belgium",1969,0,0,0,"BEL"
"Benin",1969,0,0,0,"BEN"
"Bolivia (Plurinational State of)",1969,0,0,0,NA
"Bosnia and Herzegovina",1969,0,0,0,"BIH"
"Botswana",1969,0,0,0,"BWA"
"Brazil",1969,0,1,1,"BRA"
"Bulgaria",1969,0,0,0,"BGR"
"Burkina Faso",1969,0,0,0,"BFA"
"Burundi",1969,0,0,0,"BDI"
"Cabo Verde",1969,0,0,0,"CPV"
"Cameroon",1969,0,0,0,"CMR"
"Canada",1969,0,1,1,"CAN"
"Chad",1969,0,0,0,"TCD"
"Chile",1969,0,0,0,"CHL"
"China",1969,1,1,1,"CHN"
"Colombia",1969,1,0,1,"COL"
"Congo",1969,0,0,0,NA
"Costa Rica",1969,0,0,0,"CRI"
"Croatia",1969,0,0,0,"HRV"
"Cuba",1969,0,0,0,"CUB"
"Czechia",1969,0,0,0,"CZE"
"Czechoslovakia",1969,0,0,0,NA
"Democratic Republic of the Congo",1969,0,0,0,NA
"Denmark",1969,0,1,1,"DNK"
"Djibouti",1969,0,0,0,"DJI"
"Dominican Republic",1969,0,0,0,"DOM"
"Ecuador",1969,0,0,0,"ECU"
"Egypt",1969,0,0,0,NA
"Equatorial Guinea",1969,0,0,0,"GNQ"
"Estonia",1969,0,0,0,"EST"
"Ethiopia",1969,0,1,1,"ETH"
"Finland",1969,1,0,1,"FIN"
"France",1969,1,1,1,"FRA"
"Gabon",1969,0,0,0,"GAB"
"Gambia",1969,0,0,0,NA
"German DR (German Democratic Republic)",1969,0,0,0,NA
"German FR (German Federal Republic)",1969,0,0,0,NA
"Germany",1969,0,0,0,"DEU"
"Ghana",1969,0,0,0,"GHA"
"Greece",1969,0,0,0,"GRC"
"Guatemala",1969,0,0,0,"GTM"
"Guinea",1969,0,0,0,"GIN"
"Guinea-Bissau",1969,0,0,0,"GNB"
"Guyana",1969,0,0,0,"GUY"
"Honduras",1969,0,0,0,"HND"
"Hungary",1969,1,1,1,"HUN"
"India",1969,0,1,1,"IND"
"Indonesia",1969,0,0,0,"IDN"
"Iran (Islamic Republic of)",1969,0,0,0,NA
"Iraq",1969,0,0,0,"IRQ"
"Ireland",1969,0,0,0,"IRL"
"Italy",1969,0,0,0,"ITA"
"Jamaica",1969,0,0,0,"JAM"
"Japan",1969,0,0,0,"JPN"
"Jordan",1969,0,0,0,"JOR"
"Kazakhstan",1969,0,0,0,"KAZ"
"Kenya",1969,0,0,0,"KEN"
"Kuwait",1969,0,0,0,"KWT"
"Kyrgyzstan",1969,0,0,0,NA
"Latvia",1969,0,0,0,"LVA"
"Lebanon",1969,0,0,0,"LBN"
"Liberia",1969,0,0,0,"LBR"
"Libya",1969,0,0,0,"LBY"
"Lithuania",1969,0,0,0,"LTU"
"Luxembourg",1969,0,0,0,"LUX"
"Madagascar",1969,0,0,0,"MDG"
"Malaysia",1969,0,0,0,"MYS"
"Mali",1969,0,0,0,"MLI"
"Malta",1969,0,0,0,"MLT"
"Mauritania",1969,0,0,0,"MRT"
"Mauritius",1969,0,0,0,"MUS"
"Mexico",1969,0,0,0,"MEX"
"Morocco",1969,0,0,0,"MAR"
"Mozambique",1969,0,0,0,"MOZ"
"Namibia",1969,0,0,0,"NAM"
"Nepal",1969,1,0,1,"NPL"
"Netherlands",1969,0,0,0,"NLD"
"New Zealand",1969,0,0,0,"NZL"
"Nicaragua",1969,0,0,0,"NIC"
"Niger",1969,0,0,0,"NER"
"Nigeria",1969,0,0,0,"NGA"
"Norway",1969,0,0,0,"NOR"
"Oman",1969,0,0,0,"OMN"
"Pakistan",1969,1,1,1,"PAK"
"Panama",1969,0,0,0,"PAN"
"Paraguay",1969,1,1,1,"PRY"
"Peru",1969,0,0,0,"PER"
"Philippines",1969,0,0,0,"PHL"
"Poland",1969,0,0,0,"POL"
"Portugal",1969,0,0,0,"PRT"
"Qatar",1969,0,0,0,"QAT"
"Republic of Korea",1969,0,0,0,NA
"Romania",1969,0,0,0,"ROU"
"Russian Federation",1969,0,0,0,"RUS"
"Rwanda",1969,0,0,0,"RWA"
"Saint Vincent and the Grenadines",1969,0,0,0,NA
"Senegal",1969,1,1,1,"SEN"
"Sierra Leone",1969,0,0,0,"SLE"
"Singapore",1969,0,0,0,"SGP"
"Slovakia",1969,0,0,0,NA
"Slovenia",1969,0,0,0,"SVN"
"Somalia",1969,0,0,0,NA
"South Africa",1969,0,0,0,"ZAF"
"Spain",1969,1,0,1,"ESP"
"Sri Lanka",1969,0,0,0,"LKA"
"Sudan",1969,0,0,0,"SDN"
"Sweden",1969,0,0,0,"SWE"
"Switzerland",1969,0,0,0,"CHE"
"Syrian Arab Republic",1969,0,0,0,"SYR"
"Thailand",1969,0,0,0,"THA"
"Togo",1969,0,0,0,"TGO"
"Trinidad and Tobago",1969,0,0,0,"TTO"
"Tunisia",1969,0,0,0,"TUN"
"Türkiye",1969,0,0,0,NA
"Uganda",1969,0,0,0,"UGA"
"Ukraine",1969,0,0,0,"UKR"
"Ukrainian SSR (Ukrainian Soviet Socialist Republic)",1969,0,0,0,NA
"United Arab Emirates",1969,0,0,0,"ARE"
"United Arab Republic",1969,0,0,0,NA
"United Kingdom of Great Britain and Northern Ireland",1969,1,1,1,NA
"United Republic of Tanzania",1969,0,0,0,NA
"United States of America",1969,1,1,1,NA
"Uruguay",1969,0,0,0,"URY"
"USSR (Union of Soviet Socialist Republics)",1969,1,1,1,NA
"Venezuela (Bolivarian Republic of)",1969,0,0,0,NA
"Viet Nam",1969,0,0,0,"VNM"
"Yemen",1969,0,0,0,NA
"Yugoslavia",1969,0,0,0,NA
"Zambia",1969,1,0,1,"ZMB"
"Zimbabwe",1969,0,0,0,"ZWE"
"",1970,0,0,0,NA
"Albania",1970,0,0,0,"ALB"
"Algeria",1970,0,1,1,"DZA"
"Angola",1970,0,0,0,"AGO"
"Argentina",1970,0,0,0,"ARG"
"Australia",1970,0,0,0,"AUS"
"Austria",1970,0,0,0,"AUT"
"Azerbaijan",1970,0,0,0,"AZE"
"Bahrain",1970,0,0,0,"BHR"
"Bangladesh",1970,0,0,0,"BGD"
"Belarus",1970,0,0,0,"BLR"
"Belgium",1970,0,0,0,"BEL"
"Benin",1970,0,0,0,"BEN"
"Bolivia (Plurinational State of)",1970,0,0,0,NA
"Bosnia and Herzegovina",1970,0,0,0,"BIH"
"Botswana",1970,0,0,0,"BWA"
"Brazil",1970,0,0,0,"BRA"
"Bulgaria",1970,0,0,0,"BGR"
"Burkina Faso",1970,0,0,0,"BFA"
"Burundi",1970,1,0,1,"BDI"
"Cabo Verde",1970,0,0,0,"CPV"
"Cameroon",1970,0,0,0,"CMR"
"Canada",1970,0,0,0,"CAN"
"Chad",1970,0,0,0,"TCD"
"Chile",1970,0,0,0,"CHL"
"China",1970,1,1,1,"CHN"
"Colombia",1970,1,1,1,"COL"
"Congo",1970,0,0,0,NA
"Costa Rica",1970,0,0,0,"CRI"
"Croatia",1970,0,0,0,"HRV"
"Cuba",1970,0,0,0,"CUB"
"Czechia",1970,0,0,0,"CZE"
"Czechoslovakia",1970,0,0,0,NA
"Democratic Republic of the Congo",1970,0,0,0,NA
"Denmark",1970,0,0,0,"DNK"
"Djibouti",1970,0,0,0,"DJI"
"Dominican Republic",1970,0,0,0,"DOM"
"Ecuador",1970,0,0,0,"ECU"
"Egypt",1970,0,0,0,NA
"Equatorial Guinea",1970,0,0,0,"GNQ"
"Estonia",1970,0,0,0,"EST"
"Ethiopia",1970,0,0,0,"ETH"
"Finland",1970,1,1,1,"FIN"
"France",1970,1,1,1,"FRA"
"Gabon",1970,0,0,0,"GAB"
"Gambia",1970,0,0,0,NA
"German DR (German Democratic Republic)",1970,0,0,0,NA
"German FR (German Federal Republic)",1970,0,0,0,NA
"Germany",1970,0,0,0,"DEU"
"Ghana",1970,0,0,0,"GHA"
"Greece",1970,0,0,0,"GRC"
"Guatemala",1970,0,0,0,"GTM"
"Guinea",1970,0,0,0,"GIN"
"Guinea-Bissau",1970,0,0,0,"GNB"
"Guyana",1970,0,0,0,"GUY"
"Honduras",1970,0,0,0,"HND"
"Hungary",1970,0,1,1,"HUN"
"India",1970,0,0,0,"IND"
"Indonesia",1970,0,0,0,"IDN"
"Iran (Islamic Republic of)",1970,0,0,0,NA
"Iraq",1970,0,0,0,"IRQ"
"Ireland",1970,0,0,0,"IRL"
"Italy",1970,0,0,0,"ITA"
"Jamaica",1970,0,0,0,"JAM"
"Japan",1970,0,0,0,"JPN"
"Jordan",1970,0,0,0,"JOR"
"Kazakhstan",1970,0,0,0,"KAZ"
"Kenya",1970,0,0,0,"KEN"
"Kuwait",1970,0,0,0,"KWT"
"Kyrgyzstan",1970,0,0,0,NA
"Latvia",1970,0,0,0,"LVA"
"Lebanon",1970,0,0,0,"LBN"
"Liberia",1970,0,0,0,"LBR"
"Libya",1970,0,0,0,"LBY"
"Lithuania",1970,0,0,0,"LTU"
"Luxembourg",1970,0,0,0,"LUX"
"Madagascar",1970,0,0,0,"MDG"
"Malaysia",1970,0,0,0,"MYS"
"Mali",1970,0,0,0,"MLI"
"Malta",1970,0,0,0,"MLT"
"Mauritania",1970,0,0,0,"MRT"
"Mauritius",1970,0,0,0,"MUS"
"Mexico",1970,0,0,0,"MEX"
"Morocco",1970,0,0,0,"MAR"
"Mozambique",1970,0,0,0,"MOZ"
"Namibia",1970,0,0,0,"NAM"
"Nepal",1970,1,1,1,"NPL"
"Netherlands",1970,0,0,0,"NLD"
"New Zealand",1970,0,0,0,"NZL"
"Nicaragua",1970,1,0,1,"NIC"
"Niger",1970,0,0,0,"NER"
"Nigeria",1970,0,0,0,"NGA"
"Norway",1970,0,0,0,"NOR"
"Oman",1970,0,0,0,"OMN"
"Pakistan",1970,0,1,1,"PAK"
"Panama",1970,0,0,0,"PAN"
"Paraguay",1970,0,1,1,"PRY"
"Peru",1970,0,0,0,"PER"
"Philippines",1970,0,0,0,"PHL"
"Poland",1970,1,0,1,"POL"
"Portugal",1970,0,0,0,"PRT"
"Qatar",1970,0,0,0,"QAT"
"Republic of Korea",1970,0,0,0,NA
"Romania",1970,0,0,0,"ROU"
"Russian Federation",1970,0,0,0,"RUS"
"Rwanda",1970,0,0,0,"RWA"
"Saint Vincent and the Grenadines",1970,0,0,0,NA
"Senegal",1970,0,1,1,"SEN"
"Sierra Leone",1970,1,0,1,"SLE"
"Singapore",1970,0,0,0,"SGP"
"Slovakia",1970,0,0,0,NA
"Slovenia",1970,0,0,0,"SVN"
"Somalia",1970,0,0,0,NA
"South Africa",1970,0,0,0,"ZAF"
"Spain",1970,1,1,1,"ESP"
"Sri Lanka",1970,0,0,0,"LKA"
"Sudan",1970,0,0,0,"SDN"
"Sweden",1970,0,0,0,"SWE"
"Switzerland",1970,0,0,0,"CHE"
"Syrian Arab Republic",1970,1,0,1,"SYR"
"Thailand",1970,0,0,0,"THA"
"Togo",1970,0,0,0,"TGO"
"Trinidad and Tobago",1970,0,0,0,"TTO"
"Tunisia",1970,0,0,0,"TUN"
"Türkiye",1970,0,0,0,NA
"Uganda",1970,0,0,0,"UGA"
"Ukraine",1970,0,0,0,"UKR"
"Ukrainian SSR (Ukrainian Soviet Socialist Republic)",1970,0,0,0,NA
"United Arab Emirates",1970,0,0,0,"ARE"
"United Arab Republic",1970,0,0,0,NA
"United Kingdom of Great Britain and Northern Ireland",1970,1,1,1,NA
"United Republic of Tanzania",1970,0,0,0,NA
"United States of America",1970,1,1,1,NA
"Uruguay",1970,0,0,0,"URY"
"USSR (Union of Soviet Socialist Republics)",1970,1,1,1,NA
"Venezuela (Bolivarian Republic of)",1970,0,0,0,NA
"Viet Nam",1970,0,0,0,"VNM"
"Yemen",1970,0,0,0,NA
"Yugoslavia",1970,0,0,0,NA
"Zambia",1970,1,1,1,"ZMB"
"Zimbabwe",1970,0,0,0,"ZWE"
"",1971,0,0,0,NA
"Albania",1971,0,0,0,"ALB"
"Algeria",1971,0,0,0,"DZA"
"Angola",1971,0,0,0,"AGO"
"Argentina",1971,1,0,1,"ARG"
"Australia",1971,0,0,0,"AUS"
"Austria",1971,0,0,0,"AUT"
"Azerbaijan",1971,0,0,0,"AZE"
"Bahrain",1971,0,0,0,"BHR"
"Bangladesh",1971,0,0,0,"BGD"
"Belarus",1971,0,0,0,"BLR"
"Belgium",1971,1,0,1,"BEL"
"Benin",1971,0,0,0,"BEN"
"Bolivia (Plurinational State of)",1971,0,0,0,NA
"Bosnia and Herzegovina",1971,0,0,0,"BIH"
"Botswana",1971,0,0,0,"BWA"
"Brazil",1971,0,0,0,"BRA"
"Bulgaria",1971,0,0,0,"BGR"
"Burkina Faso",1971,0,0,0,"BFA"
"Burundi",1971,1,1,1,"BDI"
"Cabo Verde",1971,0,0,0,"CPV"
"Cameroon",1971,0,0,0,"CMR"
"Canada",1971,0,0,0,"CAN"
"Chad",1971,0,0,0,"TCD"
"Chile",1971,0,0,0,"CHL"
"China",1971,1,1,1,"CHN"
"Colombia",1971,0,1,1,"COL"
"Congo",1971,0,0,0,NA
"Costa Rica",1971,0,0,0,"CRI"
"Croatia",1971,0,0,0,"HRV"
"Cuba",1971,0,0,0,"CUB"
"Czechia",1971,0,0,0,"CZE"
"Czechoslovakia",1971,0,0,0,NA
"Democratic Republic of the Congo",1971,0,0,0,NA
"Denmark",1971,0,0,0,"DNK"
"Djibouti",1971,0,0,0,"DJI"
"Dominican Republic",1971,0,0,0,"DOM"
"Ecuador",1971,0,0,0,"ECU"
"Egypt",1971,0,0,0,NA
"Equatorial Guinea",1971,0,0,0,"GNQ"
"Estonia",1971,0,0,0,"EST"
"Ethiopia",1971,0,0,0,"ETH"
"Finland",1971,0,1,1,"FIN"
"France",1971,1,1,1,"FRA"
"Gabon",1971,0,0,0,"GAB"
"Gambia",1971,0,0,0,NA
"German DR (German Democratic Republic)",1971,0,0,0,NA
"German FR (German Federal Republic)",1971,0,0,0,NA
"Germany",1971,0,0,0,"DEU"
"Ghana",1971,0,0,0,"GHA"
"Greece",1971,0,0,0,"GRC"
"Guatemala",1971,0,0,0,"GTM"
"Guinea",1971,0,0,0,"GIN"
"Guinea-Bissau",1971,0,0,0,"GNB"
"Guyana",1971,0,0,0,"GUY"
"Honduras",1971,0,0,0,"HND"
"Hungary",1971,0,0,0,"HUN"
"India",1971,0,0,0,"IND"
"Indonesia",1971,0,0,0,"IDN"
"Iran (Islamic Republic of)",1971,0,0,0,NA
"Iraq",1971,0,0,0,"IRQ"
"Ireland",1971,0,0,0,"IRL"
"Italy",1971,1,0,1,"ITA"
"Jamaica",1971,0,0,0,"JAM"
"Japan",1971,1,0,1,"JPN"
"Jordan",1971,0,0,0,"JOR"
"Kazakhstan",1971,0,0,0,"KAZ"
"Kenya",1971,0,0,0,"KEN"
"Kuwait",1971,0,0,0,"KWT"
"Kyrgyzstan",1971,0,0,0,NA
"Latvia",1971,0,0,0,"LVA"
"Lebanon",1971,0,0,0,"LBN"
"Liberia",1971,0,0,0,"LBR"
"Libya",1971,0,0,0,"LBY"
"Lithuania",1971,0,0,0,"LTU"
"Luxembourg",1971,0,0,0,"LUX"
"Madagascar",1971,0,0,0,"MDG"
"Malaysia",1971,0,0,0,"MYS"
"Mali",1971,0,0,0,"MLI"
"Malta",1971,0,0,0,"MLT"
"Mauritania",1971,0,0,0,"MRT"
"Mauritius",1971,0,0,0,"MUS"
"Mexico",1971,0,0,0,"MEX"
"Morocco",1971,0,0,0,"MAR"
"Mozambique",1971,0,0,0,"MOZ"
"Namibia",1971,0,0,0,"NAM"
"Nepal",1971,0,1,1,"NPL"
"Netherlands",1971,0,0,0,"NLD"
"New Zealand",1971,0,0,0,"NZL"
"Nicaragua",1971,1,1,1,"NIC"
"Niger",1971,0,0,0,"NER"
"Nigeria",1971,0,0,0,"NGA"
"Norway",1971,0,0,0,"NOR"
"Oman",1971,0,0,0,"OMN"
"Pakistan",1971,0,0,0,"PAK"
"Panama",1971,0,0,0,"PAN"
"Paraguay",1971,0,0,0,"PRY"
"Peru",1971,0,0,0,"PER"
"Philippines",1971,0,0,0,"PHL"
"Poland",1971,1,1,1,"POL"
"Portugal",1971,0,0,0,"PRT"
"Qatar",1971,0,0,0,"QAT"
"Republic of Korea",1971,0,0,0,NA
"Romania",1971,0,0,0,"ROU"
"Russian Federation",1971,0,0,0,"RUS"
"Rwanda",1971,0,0,0,"RWA"
"Saint Vincent and the Grenadines",1971,0,0,0,NA
"Senegal",1971,0,0,0,"SEN"
"Sierra Leone",1971,1,1,1,"SLE"
"Singapore",1971,0,0,0,"SGP"
"Slovakia",1971,0,0,0,NA
"Slovenia",1971,0,0,0,"SVN"
"Somalia",1971,1,0,1,NA
"South Africa",1971,0,0,0,"ZAF"
"Spain",1971,0,1,1,"ESP"
"Sri Lanka",1971,0,0,0,"LKA"
"Sudan",1971,0,0,0,"SDN"
"Sweden",1971,0,0,0,"SWE"
"Switzerland",1971,0,0,0,"CHE"
"Syrian Arab Republic",1971,1,1,1,"SYR"
"Thailand",1971,0,0,0,"THA"
"Togo",1971,0,0,0,"TGO"
"Trinidad and Tobago",1971,0,0,0,"TTO"
"Tunisia",1971,0,0,0,"TUN"
"Türkiye",1971,0,0,0,NA
"Uganda",1971,0,0,0,"UGA"
"Ukraine",1971,0,0,0,"UKR"
"Ukrainian SSR (Ukrainian Soviet Socialist Republic)",1971,0,0,0,NA
"United Arab Emirates",1971,0,0,0,"ARE"
"United Arab Republic",1971,0,0,0,NA
"United Kingdom of Great Britain and Northern Ireland",1971,1,1,1,NA
"United Republic of Tanzania",1971,0,0,0,NA
"United States of America",1971,1,1,1,NA
"Uruguay",1971,0,0,0,"URY"
"USSR (Union of Soviet Socialist Republics)",1971,1,1,1,NA
"Venezuela (Bolivarian Republic of)",1971,0,0,0,NA
"Viet Nam",1971,0,0,0,"VNM"
"Yemen",1971,0,0,0,NA
"Yugoslavia",1971,0,0,0,NA
"Zambia",1971,0,1,1,"ZMB"
"Zimbabwe",1971,0,0,0,"ZWE"
"",1972,0,0,0,NA
"Albania",1972,0,0,0,"ALB"
"Algeria",1972,0,0,0,"DZA"
"Angola",1972,0,0,0,"AGO"
"Argentina",1972,1,1,1,"ARG"
"Australia",1972,0,0,0,"AUS"
"Austria",1972,0,0,0,"AUT"
"Azerbaijan",1972,0,0,0,"AZE"
"Bahrain",1972,0,0,0,"BHR"
"Bangladesh",1972,0,0,0,"BGD"
"Belarus",1972,0,0,0,"BLR"
"Belgium",1972,1,1,1,"BEL"
"Benin",1972,0,0,0,"BEN"
"Bolivia (Plurinational State of)",1972,0,0,0,NA
"Bosnia and Herzegovina",1972,0,0,0,"BIH"
"Botswana",1972,0,0,0,"BWA"
"Brazil",1972,0,0,0,"BRA"
"Bulgaria",1972,0,0,0,"BGR"
"Burkina Faso",1972,0,0,0,"BFA"
"Burundi",1972,0,1,1,"BDI"
"Cabo Verde",1972,0,0,0,"CPV"
"Cameroon",1972,0,0,0,"CMR"
"Canada",1972,0,0,0,"CAN"
"Chad",1972,0,0,0,"TCD"
"Chile",1972,0,0,0,"CHL"
"China",1972,1,1,1,"CHN"
"Colombia",1972,0,0,0,"COL"
"Congo",1972,0,0,0,NA
"Costa Rica",1972,0,0,0,"CRI"
"Croatia",1972,0,0,0,"HRV"
"Cuba",1972,0,0,0,"CUB"
"Czechia",1972,0,0,0,"CZE"
"Czechoslovakia",1972,0,0,0,NA
"Democratic Republic of the Congo",1972,0,0,0,NA
"Denmark",1972,0,0,0,"DNK"
"Djibouti",1972,0,0,0,"DJI"
"Dominican Republic",1972,0,0,0,"DOM"
"Ecuador",1972,0,0,0,"ECU"
"Egypt",1972,0,0,0,NA
"Equatorial Guinea",1972,0,0,0,"GNQ"
"Estonia",1972,0,0,0,"EST"
"Ethiopia",1972,0,0,0,"ETH"
"Finland",1972,0,0,0,"FIN"
"France",1972,1,1,1,"FRA"
"Gabon",1972,0,0,0,"GAB"
"Gambia",1972,0,0,0,NA
"German DR (German Democratic Republic)",1972,0,0,0,NA
"German FR (German Federal Republic)",1972,0,0,0,NA
"Germany",1972,0,0,0,"DEU"
"Ghana",1972,0,0,0,"GHA"
"Greece",1972,0,0,0,"GRC"
"Guatemala",1972,0,0,0,"GTM"
"Guinea",1972,1,0,1,"GIN"
"Guinea-Bissau",1972,0,0,0,"GNB"
"Guyana",1972,0,0,0,"GUY"
"Honduras",1972,0,0,0,"HND"
"Hungary",1972,0,0,0,"HUN"
"India",1972,1,0,1,"IND"
"Indonesia",1972,0,0,0,"IDN"
"Iran (Islamic Republic of)",1972,0,0,0,NA
"Iraq",1972,0,0,0,"IRQ"
"Ireland",1972,0,0,0,"IRL"
"Italy",1972,1,1,1,"ITA"
"Jamaica",1972,0,0,0,"JAM"
"Japan",1972,1,1,1,"JPN"
"Jordan",1972,0,0,0,"JOR"
"Kazakhstan",1972,0,0,0,"KAZ"
"Kenya",1972,0,0,0,"KEN"
"Kuwait",1972,0,0,0,"KWT"
"Kyrgyzstan",1972,0,0,0,NA
"Latvia",1972,0,0,0,"LVA"
"Lebanon",1972,0,0,0,"LBN"
"Liberia",1972,0,0,0,"LBR"
"Libya",1972,0,0,0,"LBY"
"Lithuania",1972,0,0,0,"LTU"
"Luxembourg",1972,0,0,0,"LUX"
"Madagascar",1972,0,0,0,"MDG"
"Malaysia",1972,0,0,0,"MYS"
"Mali",1972,0,0,0,"MLI"
"Malta",1972,0,0,0,"MLT"
"Mauritania",1972,0,0,0,"MRT"
"Mauritius",1972,0,0,0,"MUS"
"Mexico",1972,0,0,0,"MEX"
"Morocco",1972,0,0,0,"MAR"
"Mozambique",1972,0,0,0,"MOZ"
"Namibia",1972,0,0,0,"NAM"
"Nepal",1972,0,0,0,"NPL"
"Netherlands",1972,0,0,0,"NLD"
"New Zealand",1972,0,0,0,"NZL"
"Nicaragua",1972,0,1,1,"NIC"
"Niger",1972,0,0,0,"NER"
"Nigeria",1972,0,0,0,"NGA"
"Norway",1972,0,0,0,"NOR"
"Oman",1972,0,0,0,"OMN"
"Pakistan",1972,0,0,0,"PAK"
"Panama",1972,1,0,1,"PAN"
"Paraguay",1972,0,0,0,"PRY"
"Peru",1972,0,0,0,"PER"
"Philippines",1972,0,0,0,"PHL"
"Poland",1972,0,1,1,"POL"
"Portugal",1972,0,0,0,"PRT"
"Qatar",1972,0,0,0,"QAT"
"Republic of Korea",1972,0,0,0,NA
"Romania",1972,0,0,0,"ROU"
"Russian Federation",1972,0,0,0,"RUS"
"Rwanda",1972,0,0,0,"RWA"
"Saint Vincent and the Grenadines",1972,0,0,0,NA
"Senegal",1972,0,0,0,"SEN"
"Sierra Leone",1972,0,1,1,"SLE"
"Singapore",1972,0,0,0,"SGP"
"Slovakia",1972,0,0,0,NA
"Slovenia",1972,0,0,0,"SVN"
"Somalia",1972,1,1,1,NA
"South Africa",1972,0,0,0,"ZAF"
"Spain",1972,0,0,0,"ESP"
"Sri Lanka",1972,0,0,0,"LKA"
"Sudan",1972,1,0,1,"SDN"
"Sweden",1972,0,0,0,"SWE"
"Switzerland",1972,0,0,0,"CHE"
"Syrian Arab Republic",1972,0,1,1,"SYR"
"Thailand",1972,0,0,0,"THA"
"Togo",1972,0,0,0,"TGO"
"Trinidad and Tobago",1972,0,0,0,"TTO"
"Tunisia",1972,0,0,0,"TUN"
"Türkiye",1972,0,0,0,NA
"Uganda",1972,0,0,0,"UGA"
"Ukraine",1972,0,0,0,"UKR"
"Ukrainian SSR (Ukrainian Soviet Socialist Republic)",1972,0,0,0,NA
"United Arab Emirates",1972,0,0,0,"ARE"
"United Arab Republic",1972,0,0,0,NA
"United Kingdom of Great Britain and Northern Ireland",1972,1,1,1,NA
"United Republic of Tanzania",1972,0,0,0,NA
"United States of America",1972,1,1,1,NA
"Uruguay",1972,0,0,0,"URY"
"USSR (Union of Soviet Socialist Republics)",1972,1,1,1,NA
"Venezuela (Bolivarian Republic of)",1972,0,0,0,NA
"Viet Nam",1972,0,0,0,"VNM"
"Yemen",1972,0,0,0,NA
"Yugoslavia",1972,1,0,1,NA
"Zambia",1972,0,0,0,"ZMB"
"Zimbabwe",1972,0,0,0,"ZWE"
"",1973,0,0,0,NA
"Albania",1973,0,0,0,"ALB"
"Algeria",1973,0,0,0,"DZA"
"Angola",1973,0,0,0,"AGO"
"Argentina",1973,0,1,1,"ARG"
"Australia",1973,1,0,1,"AUS"
"Austria",1973,1,0,1,"AUT"
"Azerbaijan",1973,0,0,0,"AZE"
"Bahrain",1973,0,0,0,"BHR"
"Bangladesh",1973,0,0,0,"BGD"
"Belarus",1973,0,0,0,"BLR"
"Belgium",1973,0,1,1,"BEL"
"Benin",1973,0,0,0,"BEN"
"Bolivia (Plurinational State of)",1973,0,0,0,NA
"Bosnia and Herzegovina",1973,0,0,0,"BIH"
"Botswana",1973,0,0,0,"BWA"
"Brazil",1973,0,0,0,"BRA"
"Bulgaria",1973,0,0,0,"BGR"
"Burkina Faso",1973,0,0,0,"BFA"
"Burundi",1973,0,0,0,"BDI"
"Cabo Verde",1973,0,0,0,"CPV"
"Cameroon",1973,0,0,0,"CMR"
"Canada",1973,0,0,0,"CAN"
"Chad",1973,0,0,0,"TCD"
"Chile",1973,0,0,0,"CHL"
"China",1973,1,1,1,"CHN"
"Colombia",1973,0,0,0,"COL"
"Congo",1973,0,0,0,NA
"Costa Rica",1973,0,0,0,"CRI"
"Croatia",1973,0,0,0,"HRV"
"Cuba",1973,0,0,0,"CUB"
"Czechia",1973,0,0,0,"CZE"
"Czechoslovakia",1973,0,0,0,NA
"Democratic Republic of the Congo",1973,0,0,0,NA
"Denmark",1973,0,0,0,"DNK"
"Djibouti",1973,0,0,0,"DJI"
"Dominican Republic",1973,0,0,0,"DOM"
"Ecuador",1973,0,0,0,"ECU"
"Egypt",1973,0,0,0,NA
"Equatorial Guinea",1973,0,0,0,"GNQ"
"Estonia",1973,0,0,0,"EST"
"Ethiopia",1973,0,0,0,"ETH"
"Finland",1973,0,0,0,"FIN"
"France",1973,1,1,1,"FRA"
"Gabon",1973,0,0,0,"GAB"
"Gambia",1973,0,0,0,NA
"German DR (German Democratic Republic)",1973,0,0,0,NA
"German FR (German Federal Republic)",1973,0,0,0,NA
"Germany",1973,0,0,0,"DEU"
"Ghana",1973,0,0,0,"GHA"
"Greece",1973,0,0,0,"GRC"
"Guatemala",1973,0,0,0,"GTM"
"Guinea",1973,1,1,1,"GIN"
"Guinea-Bissau",1973,0,0,0,"GNB"
"Guyana",1973,0,0,0,"GUY"
"Honduras",1973,0,0,0,"HND"
"Hungary",1973,0,0,0,"HUN"
"India",1973,1,1,1,"IND"
"Indonesia",1973,1,0,1,"IDN"
"Iran (Islamic Republic of)",1973,0,0,0,NA
"Iraq",1973,0,0,0,"IRQ"
"Ireland",1973,0,0,0,"IRL"
"Italy",1973,0,1,1,"ITA"
"Jamaica",1973,0,0,0,"JAM"
"Japan",1973,0,1,1,"JPN"
"Jordan",1973,0,0,0,"JOR"
"Kazakhstan",1973,0,0,0,"KAZ"
"Kenya",1973,1,0,1,"KEN"
"Kuwait",1973,0,0,0,"KWT"
"Kyrgyzstan",1973,0,0,0,NA
"Latvia",1973,0,0,0,"LVA"
"Lebanon",1973,0,0,0,"LBN"
"Liberia",1973,0,0,0,"LBR"
"Libya",1973,0,0,0,"LBY"
"Lithuania",1973,0,0,0,"LTU"
"Luxembourg",1973,0,0,0,"LUX"
"Madagascar",1973,0,0,0,"MDG"
"Malaysia",1973,0,0,0,"MYS"
"Mali",1973,0,0,0,"MLI"
"Malta",1973,0,0,0,"MLT"
"Mauritania",1973,0,0,0,"MRT"
"Mauritius",1973,0,0,0,"MUS"
"Mexico",1973,0,0,0,"MEX"
"Morocco",1973,0,0,0,"MAR"
"Mozambique",1973,0,0,0,"MOZ"
"Namibia",1973,0,0,0,"NAM"
"Nepal",1973,0,0,0,"NPL"
"Netherlands",1973,0,0,0,"NLD"
"New Zealand",1973,0,0,0,"NZL"
"Nicaragua",1973,0,0,0,"NIC"
"Niger",1973,0,0,0,"NER"
"Nigeria",1973,0,0,0,"NGA"
"Norway",1973,0,0,0,"NOR"
"Oman",1973,0,0,0,"OMN"
"Pakistan",1973,0,0,0,"PAK"
"Panama",1973,1,1,1,"PAN"
"Paraguay",1973,0,0,0,"PRY"
"Peru",1973,1,0,1,"PER"
"Philippines",1973,0,0,0,"PHL"
"Poland",1973,0,0,0,"POL"
"Portugal",1973,0,0,0,"PRT"
"Qatar",1973,0,0,0,"QAT"
"Republic of Korea",1973,0,0,0,NA
"Romania",1973,0,0,0,"ROU"
"Russian Federation",1973,0,0,0,"RUS"
"Rwanda",1973,0,0,0,"RWA"
"Saint Vincent and the Grenadines",1973,0,0,0,NA
"Senegal",1973,0,0,0,"SEN"
"Sierra Leone",1973,0,0,0,"SLE"
"Singapore",1973,0,0,0,"SGP"
"Slovakia",1973,0,0,0,NA
"Slovenia",1973,0,0,0,"SVN"
"Somalia",1973,0,1,1,NA
"South Africa",1973,0,0,0,"ZAF"
"Spain",1973,0,0,0,"ESP"
"Sri Lanka",1973,0,0,0,"LKA"
"Sudan",1973,1,1,1,"SDN"
"Sweden",1973,0,0,0,"SWE"
"Switzerland",1973,0,0,0,"CHE"
"Syrian Arab Republic",1973,0,0,0,"SYR"
"Thailand",1973,0,0,0,"THA"
"Togo",1973,0,0,0,"TGO"
"Trinidad and Tobago",1973,0,0,0,"TTO"
"Tunisia",1973,0,0,0,"TUN"
"Türkiye",1973,0,0,0,NA
"Uganda",1973,0,0,0,"UGA"
"Ukraine",1973,0,0,0,"UKR"
"Ukrainian SSR (Ukrainian Soviet Socialist Republic)",1973,0,0,0,NA
"United Arab Emirates",1973,0,0,0,"ARE"
"United Arab Republic",1973,0,0,0,NA
"United Kingdom of Great Britain and Northern Ireland",1973,1,1,1,NA
"United Republic of Tanzania",1973,0,0,0,NA
"United States of America",1973,1,1,1,NA
"Uruguay",1973,0,0,0,"URY"
"USSR (Union of Soviet Socialist Republics)",1973,1,1,1,NA
"Venezuela (Bolivarian Republic of)",1973,0,0,0,NA
"Viet Nam",1973,0,0,0,"VNM"
"Yemen",1973,0,0,0,NA
"Yugoslavia",1973,1,1,1,NA
"Zambia",1973,0,0,0,"ZMB"
"Zimbabwe",1973,0,0,0,"ZWE"
"",1974,0,0,0,NA
"Albania",1974,0,0,0,"ALB"
"Algeria",1974,0,0,0,"DZA"
"Angola",1974,0,0,0,"AGO"
"Argentina",1974,0,0,0,"ARG"
"Australia",1974,1,1,1,"AUS"
"Austria",1974,1,1,1,"AUT"
"Azerbaijan",1974,0,0,0,"AZE"
"Bahrain",1974,0,0,0,"BHR"
"Bangladesh",1974,0,0,0,"BGD"
"Belarus",1974,1,0,1,"BLR"
"Belgium",1974,0,0,0,"BEL"
"Benin",1974,0,0,0,"BEN"
"Bolivia (Plurinational State of)",1974,0,0,0,NA
"Bosnia and Herzegovina",1974,0,0,0,"BIH"
"Botswana",1974,0,0,0,"BWA"
"Brazil",1974,0,0,0,"BRA"
"Bulgaria",1974,0,0,0,"BGR"
"Burkina Faso",1974,0,0,0,"BFA"
"Burundi",1974,0,0,0,"BDI"
"Cabo Verde",1974,0,0,0,"CPV"
"Cameroon",1974,1,0,1,"CMR"
"Canada",1974,0,0,0,"CAN"
"Chad",1974,0,0,0,"TCD"
"Chile",1974,0,0,0,"CHL"
"China",1974,1,1,1,"CHN"
"Colombia",1974,0,0,0,"COL"
"Congo",1974,0,0,0,NA
"Costa Rica",1974,1,0,1,"CRI"
"Croatia",1974,0,0,0,"HRV"
"Cuba",1974,0,0,0,"CUB"
"Czechia",1974,0,0,0,"CZE"
"Czechoslovakia",1974,0,0,0,NA
"Democratic Republic of the Congo",1974,0,0,0,NA
"Denmark",1974,0,0,0,"DNK"
"Djibouti",1974,0,0,0,"DJI"
"Dominican Republic",1974,0,0,0,"DOM"
"Ecuador",1974,0,0,0,"ECU"
"Egypt",1974,0,0,0,NA
"Equatorial Guinea",1974,0,0,0,"GNQ"
"Estonia",1974,0,0,0,"EST"
"Ethiopia",1974,0,0,0,"ETH"
"Finland",1974,0,0,0,"FIN"
"France",1974,1,1,1,"FRA"
"Gabon",1974,0,0,0,"GAB"
"Gambia",1974,0,0,0,NA
"German DR (German Democratic Republic)",1974,0,0,0,NA
"German FR (German Federal Republic)",1974,0,0,0,NA
"Germany",1974,0,0,0,"DEU"
"Ghana",1974,0,0,0,"GHA"
"Greece",1974,0,0,0,"GRC"
"Guatemala",1974,0,0,0,"GTM"
"Guinea",1974,0,1,1,"GIN"
"Guinea-Bissau",1974,0,0,0,"GNB"
"Guyana",1974,0,0,0,"GUY"
"Honduras",1974,0,0,0,"HND"
"Hungary",1974,0,0,0,"HUN"
"India",1974,0,1,1,"IND"
"Indonesia",1974,1,1,1,"IDN"
"Iran (Islamic Republic of)",1974,0,0,0,NA
"Iraq",1974,1,0,1,"IRQ"
"Ireland",1974,0,0,0,"IRL"
"Italy",1974,0,0,0,"ITA"
"Jamaica",1974,0,0,0,"JAM"
"Japan",1974,0,0,0,"JPN"
"Jordan",1974,0,0,0,"JOR"
"Kazakhstan",1974,0,0,0,"KAZ"
"Kenya",1974,1,1,1,"KEN"
"Kuwait",1974,0,0,0,"KWT"
"Kyrgyzstan",1974,0,0,0,NA
"Latvia",1974,0,0,0,"LVA"
"Lebanon",1974,0,0,0,"LBN"
"Liberia",1974,0,0,0,"LBR"
"Libya",1974,0,0,0,"LBY"
"Lithuania",1974,0,0,0,"LTU"
"Luxembourg",1974,0,0,0,"LUX"
"Madagascar",1974,0,0,0,"MDG"
"Malaysia",1974,0,0,0,"MYS"
"Mali",1974,0,0,0,"MLI"
"Malta",1974,0,0,0,"MLT"
"Mauritania",1974,1,0,1,"MRT"
"Mauritius",1974,0,0,0,"MUS"
"Mexico",1974,0,0,0,"MEX"
"Morocco",1974,0,0,0,"MAR"
"Mozambique",1974,0,0,0,"MOZ"
"Namibia",1974,0,0,0,"NAM"
"Nepal",1974,0,0,0,"NPL"
"Netherlands",1974,0,0,0,"NLD"
"New Zealand",1974,0,0,0,"NZL"
"Nicaragua",1974,0,0,0,"NIC"
"Niger",1974,0,0,0,"NER"
"Nigeria",1974,0,0,0,"NGA"
"Norway",1974,0,0,0,"NOR"
"Oman",1974,0,0,0,"OMN"
"Pakistan",1974,0,0,0,"PAK"
"Panama",1974,0,1,1,"PAN"
"Paraguay",1974,0,0,0,"PRY"
"Peru",1974,1,1,1,"PER"
"Philippines",1974,0,0,0,"PHL"
"Poland",1974,0,0,0,"POL"
"Portugal",1974,0,0,0,"PRT"
"Qatar",1974,0,0,0,"QAT"
"Republic of Korea",1974,0,0,0,NA
"Romania",1974,0,0,0,"ROU"
"Russian Federation",1974,0,0,0,"RUS"
"Rwanda",1974,0,0,0,"RWA"
"Saint Vincent and the Grenadines",1974,0,0,0,NA
"Senegal",1974,0,0,0,"SEN"
"Sierra Leone",1974,0,0,0,"SLE"
"Singapore",1974,0,0,0,"SGP"
"Slovakia",1974,0,0,0,NA
"Slovenia",1974,0,0,0,"SVN"
"Somalia",1974,0,0,0,NA
"South Africa",1974,0,0,0,"ZAF"
"Spain",1974,0,0,0,"ESP"
"Sri Lanka",1974,0,0,0,"LKA"
"Sudan",1974,0,1,1,"SDN"
"Sweden",1974,0,0,0,"SWE"
"Switzerland",1974,0,0,0,"CHE"
"Syrian Arab Republic",1974,0,0,0,"SYR"
"Thailand",1974,0,0,0,"THA"
"Togo",1974,0,0,0,"TGO"
"Trinidad and Tobago",1974,0,0,0,"TTO"
"Tunisia",1974,0,0,0,"TUN"
"Türkiye",1974,0,0,0,NA
"Uganda",1974,0,0,0,"UGA"
"Ukraine",1974,0,0,0,"UKR"
"Ukrainian SSR (Ukrainian Soviet Socialist Republic)",1974,0,0,0,NA
"United Arab Emirates",1974,0,0,0,"ARE"
"United Arab Republic",1974,0,0,0,NA
"United Kingdom of Great Britain and Northern Ireland",1974,1,1,1,NA
"United Republic of Tanzania",1974,0,0,0,NA
"United States of America",1974,1,1,1,NA
"Uruguay",1974,0,0,0,"URY"
"USSR (Union of Soviet Socialist Republics)",1974,1,1,1,NA
"Venezuela (Bolivarian Republic of)",1974,0,0,0,NA
"Viet Nam",1974,0,0,0,"VNM"
"Yemen",1974,0,0,0,NA
"Yugoslavia",1974,0,1,1,NA
"Zambia",1974,0,0,0,"ZMB"
"Zimbabwe",1974,0,0,0,"ZWE"
"",1975,0,0,0,NA
"Albania",1975,0,0,0,"ALB"
"Algeria",1975,0,0,0,"DZA"
"Angola",1975,0,0,0,"AGO"
"Argentina",1975,0,0,0,"ARG"
"Australia",1975,0,1,1,"AUS"
"Austria",1975,0,1,1,"AUT"
"Azerbaijan",1975,0,0,0,"AZE"
"Bahrain",1975,0,0,0,"BHR"
"Bangladesh",1975,0,0,0,"BGD"
"Belarus",1975,1,1,1,"BLR"
"Belgium",1975,0,0,0,"BEL"
"Benin",1975,0,0,0,"BEN"
"Bolivia (Plurinational State of)",1975,0,0,0,NA
"Bosnia and Herzegovina",1975,0,0,0,"BIH"
"Botswana",1975,0,0,0,"BWA"
"Brazil",1975,0,0,0,"BRA"
"Bulgaria",1975,0,0,0,"BGR"
"Burkina Faso",1975,0,0,0,"BFA"
"Burundi",1975,0,0,0,"BDI"
"Cabo Verde",1975,0,0,0,"CPV"
"Cameroon",1975,1,1,1,"CMR"
"Canada",1975,0,0,0,"CAN"
"Chad",1975,0,0,0,"TCD"
"Chile",1975,0,0,0,"CHL"
"China",1975,1,1,1,"CHN"
"Colombia",1975,0,0,0,"COL"
"Congo",1975,0,0,0,NA
"Costa Rica",1975,1,1,1,"CRI"
"Croatia",1975,0,0,0,"HRV"
"Cuba",1975,0,0,0,"CUB"
"Czechia",1975,0,0,0,"CZE"
"Czechoslovakia",1975,0,0,0,NA
"Democratic Republic of the Congo",1975,0,0,0,NA
"Denmark",1975,0,0,0,"DNK"
"Djibouti",1975,0,0,0,"DJI"
"Dominican Republic",1975,0,0,0,"DOM"
"Ecuador",1975,0,0,0,"ECU"
"Egypt",1975,0,0,0,NA
"Equatorial Guinea",1975,0,0,0,"GNQ"
"Estonia",1975,0,0,0,"EST"
"Ethiopia",1975,0,0,0,"ETH"
"Finland",1975,0,0,0,"FIN"
"France",1975,1,1,1,"FRA"
"Gabon",1975,0,0,0,"GAB"
"Gambia",1975,0,0,0,NA
"German DR (German Democratic Republic)",1975,0,0,0,NA
"German FR (German Federal Republic)",1975,0,0,0,NA
"Germany",1975,0,0,0,"DEU"
"Ghana",1975,0,0,0,"GHA"
"Greece",1975,0,0,0,"GRC"
"Guatemala",1975,0,0,0,"GTM"
"Guinea",1975,0,0,0,"GIN"
"Guinea-Bissau",1975,0,0,0,"GNB"
"Guyana",1975,1,0,1,"GUY"
"Honduras",1975,0,0,0,"HND"
"Hungary",1975,0,0,0,"HUN"
"India",1975,0,0,0,"IND"
"Indonesia",1975,0,1,1,"IDN"
"Iran (Islamic Republic of)",1975,0,0,0,NA
"Iraq",1975,1,1,1,"IRQ"
"Ireland",1975,0,0,0,"IRL"
"Italy",1975,1,0,1,"ITA"
"Jamaica",1975,0,0,0,"JAM"
"Japan",1975,1,0,1,"JPN"
"Jordan",1975,0,0,0,"JOR"
"Kazakhstan",1975,0,0,0,"KAZ"
"Kenya",1975,0,1,1,"KEN"
"Kuwait",1975,0,0,0,"KWT"
"Kyrgyzstan",1975,0,0,0,NA
"Latvia",1975,0,0,0,"LVA"
"Lebanon",1975,0,0,0,"LBN"
"Liberia",1975,0,0,0,"LBR"
"Libya",1975,0,0,0,"LBY"
"Lithuania",1975,0,0,0,"LTU"
"Luxembourg",1975,0,0,0,"LUX"
"Madagascar",1975,0,0,0,"MDG"
"Malaysia",1975,0,0,0,"MYS"
"Mali",1975,0,0,0,"MLI"
"Malta",1975,0,0,0,"MLT"
"Mauritania",1975,1,1,1,"MRT"
"Mauritius",1975,0,0,0,"MUS"
"Mexico",1975,0,0,0,"MEX"
"Morocco",1975,0,0,0,"MAR"
"Mozambique",1975,0,0,0,"MOZ"
"Namibia",1975,0,0,0,"NAM"
"Nepal",1975,0,0,0,"NPL"
"Netherlands",1975,0,0,0,"NLD"
"New Zealand",1975,0,0,0,"NZL"
"Nicaragua",1975,0,0,0,"NIC"
"Niger",1975,0,0,0,"NER"
"Nigeria",1975,0,0,0,"NGA"
"Norway",1975,0,0,0,"NOR"
"Oman",1975,0,0,0,"OMN"
"Pakistan",1975,0,0,0,"PAK"
"Panama",1975,0,0,0,"PAN"
"Paraguay",1975,0,0,0,"PRY"
"Peru",1975,0,1,1,"PER"
"Philippines",1975,0,0,0,"PHL"
"Poland",1975,0,0,0,"POL"
"Portugal",1975,0,0,0,"PRT"
"Qatar",1975,0,0,0,"QAT"
"Republic of Korea",1975,0,0,0,NA
"Romania",1975,0,0,0,"ROU"
"Russian Federation",1975,0,0,0,"RUS"
"Rwanda",1975,0,0,0,"RWA"
"Saint Vincent and the Grenadines",1975,0,0,0,NA
"Senegal",1975,0,0,0,"SEN"
"Sierra Leone",1975,0,0,0,"SLE"
"Singapore",1975,0,0,0,"SGP"
"Slovakia",1975,0,0,0,NA
"Slovenia",1975,0,0,0,"SVN"
"Somalia",1975,0,0,0,NA
"South Africa",1975,0,0,0,"ZAF"
"Spain",1975,0,0,0,"ESP"
"Sri Lanka",1975,0,0,0,"LKA"
"Sudan",1975,0,0,0,"SDN"
"Sweden",1975,1,0,1,"SWE"
"Switzerland",1975,0,0,0,"CHE"
"Syrian Arab Republic",1975,0,0,0,"SYR"
"Thailand",1975,0,0,0,"THA"
"Togo",1975,0,0,0,"TGO"
"Trinidad and Tobago",1975,0,0,0,"TTO"
"Tunisia",1975,0,0,0,"TUN"
"Türkiye",1975,0,0,0,NA
"Uganda",1975,0,0,0,"UGA"
"Ukraine",1975,0,0,0,"UKR"
"Ukrainian SSR (Ukrainian Soviet Socialist Republic)",1975,0,0,0,NA
"United Arab Emirates",1975,0,0,0,"ARE"
"United Arab Republic",1975,0,0,0,NA
"United Kingdom of Great Britain and Northern Ireland",1975,1,1,1,NA
"United Republic of Tanzania",1975,1,0,1,NA
"United States of America",1975,1,1,1,NA
"Uruguay",1975,0,0,0,"URY"
"USSR (Union of Soviet Socialist Republics)",1975,1,1,1,NA
"Venezuela (Bolivarian Republic of)",1975,0,0,0,NA
"Viet Nam",1975,0,0,0,"VNM"
"Yemen",1975,0,0,0,NA
"Yugoslavia",1975,0,0,0,NA
"Zambia",1975,0,0,0,"ZMB"
"Zimbabwe",1975,0,0,0,"ZWE"
"",1976,0,0,0,NA
"Albania",1976,0,0,0,"ALB"
"Algeria",1976,0,0,0,"DZA"
"Angola",1976,0,0,0,"AGO"
"Argentina",1976,0,0,0,"ARG"
"Australia",1976,0,0,0,"AUS"
"Austria",1976,0,0,0,"AUT"
"Azerbaijan",1976,0,0,0,"AZE"
"Bahrain",1976,0,0,0,"BHR"
"Bangladesh",1976,0,0,0,"BGD"
"Belarus",1976,0,1,1,"BLR"
"Belgium",1976,0,0,0,"BEL"
"Benin",1976,1,0,1,"BEN"
"Bolivia (Plurinational State of)",1976,0,0,0,NA
"Bosnia and Herzegovina",1976,0,0,0,"BIH"
"Botswana",1976,0,0,0,"BWA"
"Brazil",1976,0,0,0,"BRA"
"Bulgaria",1976,0,0,0,"BGR"
"Burkina Faso",1976,0,0,0,"BFA"
"Burundi",1976,0,0,0,"BDI"
"Cabo Verde",1976,0,0,0,"CPV"
"Cameroon",1976,0,1,1,"CMR"
"Canada",1976,0,0,0,"CAN"
"Chad",1976,0,0,0,"TCD"
"Chile",1976,0,0,0,"CHL"
"China",1976,1,1,1,"CHN"
"Colombia",1976,0,0,0,"COL"
"Congo",1976,0,0,0,NA
"Costa Rica",1976,0,1,1,"CRI"
"Croatia",1976,0,0,0,"HRV"
"Cuba",1976,0,0,0,"CUB"
"Czechia",1976,0,0,0,"CZE"
"Czechoslovakia",1976,0,0,0,NA
"Democratic Republic of the Congo",1976,0,0,0,NA
"Denmark",1976,0,0,0,"DNK"
"Djibouti",1976,0,0,0,"DJI"
"Dominican Republic",1976,0,0,0,"DOM"
"Ecuador",1976,0,0,0,"ECU"
"Egypt",1976,0,0,0,NA
"Equatorial Guinea",1976,0,0,0,"GNQ"
"Estonia",1976,0,0,0,"EST"
"Ethiopia",1976,0,0,0,"ETH"
"Finland",1976,0,0,0,"FIN"
"France",1976,1,1,1,"FRA"
"Gabon",1976,0,0,0,"GAB"
"Gambia",1976,0,0,0,NA
"German DR (German Democratic Republic)",1976,0,0,0,NA
"German FR (German Federal Republic)",1976,0,0,0,NA
"Germany",1976,0,0,0,"DEU"
"Ghana",1976,0,0,0,"GHA"
"Greece",1976,0,0,0,"GRC"
"Guatemala",1976,0,0,0,"GTM"
"Guinea",1976,0,0,0,"GIN"
"Guinea-Bissau",1976,0,0,0,"GNB"
"Guyana",1976,1,1,1,"GUY"
"Honduras",1976,0,0,0,"HND"
"Hungary",1976,0,0,0,"HUN"
"India",1976,0,0,0,"IND"
"Indonesia",1976,0,0,0,"IDN"
"Iran (Islamic Republic of)",1976,0,0,0,NA
"Iraq",1976,0,1,1,"IRQ"
"Ireland",1976,0,0,0,"IRL"
"Italy",1976,1,1,1,"ITA"
"Jamaica",1976,0,0,0,"JAM"
"Japan",1976,1,1,1,"JPN"
"Jordan",1976,0,0,0,"JOR"
"Kazakhstan",1976,0,0,0,"KAZ"
"Kenya",1976,0,0,0,"KEN"
"Kuwait",1976,0,0,0,"KWT"
"Kyrgyzstan",1976,0,0,0,NA
"Latvia",1976,0,0,0,"LVA"
"Lebanon",1976,0,0,0,"LBN"
"Liberia",1976,0,0,0,"LBR"
"Libya",1976,1,0,1,"LBY"
"Lithuania",1976,0,0,0,"LTU"
"Luxembourg",1976,0,0,0,"LUX"
"Madagascar",1976,0,0,0,"MDG"
"Malaysia",1976,0,0,0,"MYS"
"Mali",1976,0,0,0,"MLI"
"Malta",1976,0,0,0,"MLT"
"Mauritania",1976,0,1,1,"MRT"
"Mauritius",1976,0,0,0,"MUS"
"Mexico",1976,0,0,0,"MEX"
"Morocco",1976,0,0,0,"MAR"
"Mozambique",1976,0,0,0,"MOZ"
"Namibia",1976,0,0,0,"NAM"
"Nepal",1976,0,0,0,"NPL"
"Netherlands",1976,0,0,0,"NLD"
"New Zealand",1976,0,0,0,"NZL"
"Nicaragua",1976,0,0,0,"NIC"
"Niger",1976,0,0,0,"NER"
"Nigeria",1976,0,0,0,"NGA"
"Norway",1976,0,0,0,"NOR"
"Oman",1976,0,0,0,"OMN"
"Pakistan",1976,1,0,1,"PAK"
"Panama",1976,1,0,1,"PAN"
"Paraguay",1976,0,0,0,"PRY"
"Peru",1976,0,0,0,"PER"
"Philippines",1976,0,0,0,"PHL"
"Poland",1976,0,0,0,"POL"
"Portugal",1976,0,0,0,"PRT"
"Qatar",1976,0,0,0,"QAT"
"Republic of Korea",1976,0,0,0,NA
"Romania",1976,1,0,1,"ROU"
"Russian Federation",1976,0,0,0,"RUS"
"Rwanda",1976,0,0,0,"RWA"
"Saint Vincent and the Grenadines",1976,0,0,0,NA
"Senegal",1976,0,0,0,"SEN"
"Sierra Leone",1976,0,0,0,"SLE"
"Singapore",1976,0,0,0,"SGP"
"Slovakia",1976,0,0,0,NA
"Slovenia",1976,0,0,0,"SVN"
"Somalia",1976,0,0,0,NA
"South Africa",1976,0,0,0,"ZAF"
"Spain",1976,0,0,0,"ESP"
"Sri Lanka",1976,0,0,0,"LKA"
"Sudan",1976,0,0,0,"SDN"
"Sweden",1976,1,1,1,"SWE"
"Switzerland",1976,0,0,0,"CHE"
"Syrian Arab Republic",1976,0,0,0,"SYR"
"Thailand",1976,0,0,0,"THA"
"Togo",1976,0,0,0,"TGO"
"Trinidad and Tobago",1976,0,0,0,"TTO"
"Tunisia",1976,0,0,0,"TUN"
"Türkiye",1976,0,0,0,NA
"Uganda",1976,0,0,0,"UGA"
"Ukraine",1976,0,0,0,"UKR"
"Ukrainian SSR (Ukrainian Soviet Socialist Republic)",1976,0,0,0,NA
"United Arab Emirates",1976,0,0,0,"ARE"
"United Arab Republic",1976,0,0,0,NA
"United Kingdom of Great Britain and Northern Ireland",1976,1,1,1,NA
"United Republic of Tanzania",1976,1,1,1,NA
"United States of America",1976,1,1,1,NA
"Uruguay",1976,0,0,0,"URY"
"USSR (Union of Soviet Socialist Republics)",1976,1,1,1,NA
"Venezuela (Bolivarian Republic of)",1976,0,0,0,NA
"Viet Nam",1976,0,0,0,"VNM"
"Yemen",1976,0,0,0,NA
"Yugoslavia",1976,0,0,0,NA
"Zambia",1976,0,0,0,"ZMB"
"Zimbabwe",1976,0,0,0,"ZWE"
"",1977,0,0,0,NA
"Albania",1977,0,0,0,"ALB"
"Algeria",1977,0,0,0,"DZA"
"Angola",1977,0,0,0,"AGO"
"Argentina",1977,0,0,0,"ARG"
"Australia",1977,0,0,0,"AUS"
"Austria",1977,0,0,0,"AUT"
"Azerbaijan",1977,0,0,0,"AZE"
"Bahrain",1977,0,0,0,"BHR"
"Bangladesh",1977,0,0,0,"BGD"
"Belarus",1977,0,0,0,"BLR"
"Belgium",1977,0,0,0,"BEL"
"Benin",1977,1,1,1,"BEN"
"Bolivia (Plurinational State of)",1977,0,0,0,NA
"Bosnia and Herzegovina",1977,0,0,0,"BIH"
"Botswana",1977,0,0,0,"BWA"
"Brazil",1977,0,0,0,"BRA"
"Bulgaria",1977,0,0,0,"BGR"
"Burkina Faso",1977,0,0,0,"BFA"
"Burundi",1977,0,0,0,"BDI"
"Cabo Verde",1977,0,0,0,"CPV"
"Cameroon",1977,0,0,0,"CMR"
"Canada",1977,1,0,1,"CAN"
"Chad",1977,0,0,0,"TCD"
"Chile",1977,0,0,0,"CHL"
"China",1977,1,1,1,"CHN"
"Colombia",1977,0,0,0,"COL"
"Congo",1977,0,0,0,NA
"Costa Rica",1977,0,0,0,"CRI"
"Croatia",1977,0,0,0,"HRV"
"Cuba",1977,0,0,0,"CUB"
"Czechia",1977,0,0,0,"CZE"
"Czechoslovakia",1977,0,0,0,NA
"Democratic Republic of the Congo",1977,0,0,0,NA
"Denmark",1977,0,0,0,"DNK"
"Djibouti",1977,0,0,0,"DJI"
"Dominican Republic",1977,0,0,0,"DOM"
"Ecuador",1977,0,0,0,"ECU"
"Egypt",1977,0,0,0,NA
"Equatorial Guinea",1977,0,0,0,"GNQ"
"Estonia",1977,0,0,0,"EST"
"Ethiopia",1977,0,0,0,"ETH"
"Finland",1977,0,0,0,"FIN"
"France",1977,1,1,1,"FRA"
"Gabon",1977,0,0,0,"GAB"
"Gambia",1977,0,0,0,NA
"German DR (German Democratic Republic)",1977,0,0,0,NA
"German FR (German Federal Republic)",1977,1,0,1,NA
"Germany",1977,0,0,0,"DEU"
"Ghana",1977,0,0,0,"GHA"
"Greece",1977,0,0,0,"GRC"
"Guatemala",1977,0,0,0,"GTM"
"Guinea",1977,0,0,0,"GIN"
"Guinea-Bissau",1977,0,0,0,"GNB"
"Guyana",1977,0,1,1,"GUY"
"Honduras",1977,0,0,0,"HND"
"Hungary",1977,0,0,0,"HUN"
"India",1977,1,0,1,"IND"
"Indonesia",1977,0,0,0,"IDN"
"Iran (Islamic Republic of)",1977,0,0,0,NA
"Iraq",1977,0,0,0,"IRQ"
"Ireland",1977,0,0,0,"IRL"
"Italy",1977,0,1,1,"ITA"
"Jamaica",1977,0,0,0,"JAM"
"Japan",1977,0,1,1,"JPN"
"Jordan",1977,0,0,0,"JOR"
"Kazakhstan",1977,0,0,0,"KAZ"
"Kenya",1977,0,0,0,"KEN"
"Kuwait",1977,0,0,0,"KWT"
"Kyrgyzstan",1977,0,0,0,NA
"Latvia",1977,0,0,0,"LVA"
"Lebanon",1977,0,0,0,"LBN"
"Liberia",1977,0,0,0,"LBR"
"Libya",1977,1,1,1,"LBY"
"Lithuania",1977,0,0,0,"LTU"
"Luxembourg",1977,0,0,0,"LUX"
"Madagascar",1977,0,0,0,"MDG"
"Malaysia",1977,0,0,0,"MYS"
"Mali",1977,0,0,0,"MLI"
"Malta",1977,0,0,0,"MLT"
"Mauritania",1977,0,0,0,"MRT"
"Mauritius",1977,1,0,1,"MUS"
"Mexico",1977,0,0,0,"MEX"
"Morocco",1977,0,0,0,"MAR"
"Mozambique",1977,0,0,0,"MOZ"
"Namibia",1977,0,0,0,"NAM"
"Nepal",1977,0,0,0,"NPL"
"Netherlands",1977,0,0,0,"NLD"
"New Zealand",1977,0,0,0,"NZL"
"Nicaragua",1977,0,0,0,"NIC"
"Niger",1977,0,0,0,"NER"
"Nigeria",1977,0,0,0,"NGA"
"Norway",1977,0,0,0,"NOR"
"Oman",1977,0,0,0,"OMN"
"Pakistan",1977,1,1,1,"PAK"
"Panama",1977,1,1,1,"PAN"
"Paraguay",1977,0,0,0,"PRY"
"Peru",1977,0,0,0,"PER"
"Philippines",1977,0,0,0,"PHL"
"Poland",1977,0,0,0,"POL"
"Portugal",1977,0,0,0,"PRT"
"Qatar",1977,0,0,0,"QAT"
"Republic of Korea",1977,0,0,0,NA
"Romania",1977,1,1,1,"ROU"
"Russian Federation",1977,0,0,0,"RUS"
"Rwanda",1977,0,0,0,"RWA"
"Saint Vincent and the Grenadines",1977,0,0,0,NA
"Senegal",1977,0,0,0,"SEN"
"Sierra Leone",1977,0,0,0,"SLE"
"Singapore",1977,0,0,0,"SGP"
"Slovakia",1977,0,0,0,NA
"Slovenia",1977,0,0,0,"SVN"
"Somalia",1977,0,0,0,NA
"South Africa",1977,0,0,0,"ZAF"
"Spain",1977,0,0,0,"ESP"
"Sri Lanka",1977,0,0,0,"LKA"
"Sudan",1977,0,0,0,"SDN"
"Sweden",1977,0,1,1,"SWE"
"Switzerland",1977,0,0,0,"CHE"
"Syrian Arab Republic",1977,0,0,0,"SYR"
"Thailand",1977,0,0,0,"THA"
"Togo",1977,0,0,0,"TGO"
"Trinidad and Tobago",1977,0,0,0,"TTO"
"Tunisia",1977,0,0,0,"TUN"
"Türkiye",1977,0,0,0,NA
"Uganda",1977,0,0,0,"UGA"
"Ukraine",1977,0,0,0,"UKR"
"Ukrainian SSR (Ukrainian Soviet Socialist Republic)",1977,0,0,0,NA
"United Arab Emirates",1977,0,0,0,"ARE"
"United Arab Republic",1977,0,0,0,NA
"United Kingdom of Great Britain and Northern Ireland",1977,1,1,1,NA
"United Republic of Tanzania",1977,0,1,1,NA
"United States of America",1977,1,1,1,NA
"Uruguay",1977,0,0,0,"URY"
"USSR (Union of Soviet Socialist Republics)",1977,1,1,1,NA
"Venezuela (Bolivarian Republic of)",1977,1,0,1,NA
"Viet Nam",1977,0,0,0,"VNM"
"Yemen",1977,0,0,0,NA
"Yugoslavia",1977,0,0,0,NA
"Zambia",1977,0,0,0,"ZMB"
"Zimbabwe",1977,0,0,0,"ZWE"
"",1978,0,0,0,NA
"Albania",1978,0,0,0,"ALB"
"Algeria",1978,0,0,0,"DZA"
"Angola",1978,0,0,0,"AGO"
"Argentina",1978,0,0,0,"ARG"
"Australia",1978,0,0,0,"AUS"
"Austria",1978,0,0,0,"AUT"
"Azerbaijan",1978,0,0,0,"AZE"
"Bahrain",1978,0,0,0,"BHR"
"Bangladesh",1978,0,0,0,"BGD"
"Belarus",1978,0,0,0,"BLR"
"Belgium",1978,0,0,0,"BEL"
"Benin",1978,0,1,1,"BEN"
"Bolivia (Plurinational State of)",1978,1,0,1,NA
"Bosnia and Herzegovina",1978,0,0,0,"BIH"
"Botswana",1978,0,0,0,"BWA"
"Brazil",1978,0,0,0,"BRA"
"Bulgaria",1978,0,0,0,"BGR"
"Burkina Faso",1978,0,0,0,"BFA"
"Burundi",1978,0,0,0,"BDI"
"Cabo Verde",1978,0,0,0,"CPV"
"Cameroon",1978,0,0,0,"CMR"
"Canada",1978,1,1,1,"CAN"
"Chad",1978,0,0,0,"TCD"
"Chile",1978,0,0,0,"CHL"
"China",1978,1,1,1,"CHN"
"Colombia",1978,0,0,0,"COL"
"Congo",1978,0,0,0,NA
"Costa Rica",1978,0,0,0,"CRI"
"Croatia",1978,0,0,0,"HRV"
"Cuba",1978,0,0,0,"CUB"
"Czechia",1978,0,0,0,"CZE"
"Czechoslovakia",1978,1,0,1,NA
"Democratic Republic of the Congo",1978,0,0,0,NA
"Denmark",1978,0,0,0,"DNK"
"Djibouti",1978,0,0,0,"DJI"
"Dominican Republic",1978,0,0,0,"DOM"
"Ecuador",1978,0,0,0,"ECU"
"Egypt",1978,0,0,0,NA
"Equatorial Guinea",1978,0,0,0,"GNQ"
"Estonia",1978,0,0,0,"EST"
"Ethiopia",1978,0,0,0,"ETH"
"Finland",1978,0,0,0,"FIN"
"France",1978,1,1,1,"FRA"
"Gabon",1978,1,0,1,"GAB"
"Gambia",1978,0,0,0,NA
"German DR (German Democratic Republic)",1978,0,0,0,NA
"German FR (German Federal Republic)",1978,1,1,1,NA
"Germany",1978,0,0,0,"DEU"
"Ghana",1978,0,0,0,"GHA"
"Greece",1978,0,0,0,"GRC"
"Guatemala",1978,0,0,0,"GTM"
"Guinea",1978,0,0,0,"GIN"
"Guinea-Bissau",1978,0,0,0,"GNB"
"Guyana",1978,0,0,0,"GUY"
"Honduras",1978,0,0,0,"HND"
"Hungary",1978,0,0,0,"HUN"
"India",1978,1,1,1,"IND"
"Indonesia",1978,0,0,0,"IDN"
"Iran (Islamic Republic of)",1978,0,0,0,NA
"Iraq",1978,0,0,0,"IRQ"
"Ireland",1978,0,0,0,"IRL"
"Italy",1978,0,0,0,"ITA"
"Jamaica",1978,0,0,0,"JAM"
"Japan",1978,0,0,0,"JPN"
"Jordan",1978,0,0,0,"JOR"
"Kazakhstan",1978,0,0,0,"KAZ"
"Kenya",1978,0,0,0,"KEN"
"Kuwait",1978,1,0,1,"KWT"
"Kyrgyzstan",1978,0,0,0,NA
"Latvia",1978,0,0,0,"LVA"
"Lebanon",1978,0,0,0,"LBN"
"Liberia",1978,0,0,0,"LBR"
"Libya",1978,0,1,1,"LBY"
"Lithuania",1978,0,0,0,"LTU"
"Luxembourg",1978,0,0,0,"LUX"
"Madagascar",1978,0,0,0,"MDG"
"Malaysia",1978,0,0,0,"MYS"
"Mali",1978,0,0,0,"MLI"
"Malta",1978,0,0,0,"MLT"
"Mauritania",1978,0,0,0,"MRT"
"Mauritius",1978,1,1,1,"MUS"
"Mexico",1978,0,0,0,"MEX"
"Morocco",1978,0,0,0,"MAR"
"Mozambique",1978,0,0,0,"MOZ"
"Namibia",1978,0,0,0,"NAM"
"Nepal",1978,0,0,0,"NPL"
"Netherlands",1978,0,0,0,"NLD"
"New Zealand",1978,0,0,0,"NZL"
"Nicaragua",1978,0,0,0,"NIC"
"Niger",1978,0,0,0,"NER"
"Nigeria",1978,1,0,1,"NGA"
"Norway",1978,0,0,0,"NOR"
"Oman",1978,0,0,0,"OMN"
"Pakistan",1978,0,1,1,"PAK"
"Panama",1978,0,1,1,"PAN"
"Paraguay",1978,0,0,0,"PRY"
"Peru",1978,0,0,0,"PER"
"Philippines",1978,0,0,0,"PHL"
"Poland",1978,0,0,0,"POL"
"Portugal",1978,0,0,0,"PRT"
"Qatar",1978,0,0,0,"QAT"
"Republic of Korea",1978,0,0,0,NA
"Romania",1978,0,1,1,"ROU"
"Russian Federation",1978,0,0,0,"RUS"
"Rwanda",1978,0,0,0,"RWA"
"Saint Vincent and the Grenadines",1978,0,0,0,NA
"Senegal",1978,0,0,0,"SEN"
"Sierra Leone",1978,0,0,0,"SLE"
"Singapore",1978,0,0,0,"SGP"
"Slovakia",1978,0,0,0,NA
"Slovenia",1978,0,0,0,"SVN"
"Somalia",1978,0,0,0,NA
"South Africa",1978,0,0,0,"ZAF"
"Spain",1978,0,0,0,"ESP"
"Sri Lanka",1978,0,0,0,"LKA"
"Sudan",1978,0,0,0,"SDN"
"Sweden",1978,0,0,0,"SWE"
"Switzerland",1978,0,0,0,"CHE"
"Syrian Arab Republic",1978,0,0,0,"SYR"
"Thailand",1978,0,0,0,"THA"
"Togo",1978,0,0,0,"TGO"
"Trinidad and Tobago",1978,0,0,0,"TTO"
"Tunisia",1978,0,0,0,"TUN"
"Türkiye",1978,0,0,0,NA
"Uganda",1978,0,0,0,"UGA"
"Ukraine",1978,0,0,0,"UKR"
"Ukrainian SSR (Ukrainian Soviet Socialist Republic)",1978,0,0,0,NA
"United Arab Emirates",1978,0,0,0,"ARE"
"United Arab Republic",1978,0,0,0,NA
"United Kingdom of Great Britain and Northern Ireland",1978,1,1,1,NA
"United Republic of Tanzania",1978,0,0,0,NA
"United States of America",1978,1,1,1,NA
"Uruguay",1978,0,0,0,"URY"
"USSR (Union of Soviet Socialist Republics)",1978,1,1,1,NA
"Venezuela (Bolivarian Republic of)",1978,1,1,1,NA
"Viet Nam",1978,0,0,0,"VNM"
"Yemen",1978,0,0,0,NA
"Yugoslavia",1978,0,0,0,NA
"Zambia",1978,0,0,0,"ZMB"
"Zimbabwe",1978,0,0,0,"ZWE"
"",1979,0,0,0,NA
"Albania",1979,0,0,0,"ALB"
"Algeria",1979,0,0,0,"DZA"
"Angola",1979,0,0,0,"AGO"
"Argentina",1979,0,0,0,"ARG"
"Australia",1979,0,0,0,"AUS"
"Austria",1979,0,0,0,"AUT"
"Azerbaijan",1979,0,0,0,"AZE"
"Bahrain",1979,0,0,0,"BHR"
"Bangladesh",1979,1,0,1,"BGD"
"Belarus",1979,0,0,0,"BLR"
"Belgium",1979,0,0,0,"BEL"
"Benin",1979,0,0,0,"BEN"
"Bolivia (Plurinational State of)",1979,1,1,1,NA
"Bosnia and Herzegovina",1979,0,0,0,"BIH"
"Botswana",1979,0,0,0,"BWA"
"Brazil",1979,0,0,0,"BRA"
"Bulgaria",1979,0,0,0,"BGR"
"Burkina Faso",1979,0,0,0,"BFA"
"Burundi",1979,0,0,0,"BDI"
"Cabo Verde",1979,0,0,0,"CPV"
"Cameroon",1979,0,0,0,"CMR"
"Canada",1979,0,1,1,"CAN"
"Chad",1979,0,0,0,"TCD"
"Chile",1979,0,0,0,"CHL"
"China",1979,1,1,1,"CHN"
"Colombia",1979,0,0,0,"COL"
"Congo",1979,0,0,0,NA
"Costa Rica",1979,0,0,0,"CRI"
"Croatia",1979,0,0,0,"HRV"
"Cuba",1979,0,0,0,"CUB"
"Czechia",1979,0,0,0,"CZE"
"Czechoslovakia",1979,1,1,1,NA
"Democratic Republic of the Congo",1979,0,0,0,NA
"Denmark",1979,0,0,0,"DNK"
"Djibouti",1979,0,0,0,"DJI"
"Dominican Republic",1979,0,0,0,"DOM"
"Ecuador",1979,0,0,0,"ECU"
"Egypt",1979,0,0,0,NA
"Equatorial Guinea",1979,0,0,0,"GNQ"
"Estonia",1979,0,0,0,"EST"
"Ethiopia",1979,0,0,0,"ETH"
"Finland",1979,0,0,0,"FIN"
"France",1979,1,1,1,"FRA"
"Gabon",1979,1,1,1,"GAB"
"Gambia",1979,0,0,0,NA
"German DR (German Democratic Republic)",1979,0,0,0,NA
"German FR (German Federal Republic)",1979,0,1,1,NA
"Germany",1979,0,0,0,"DEU"
"Ghana",1979,0,0,0,"GHA"
"Greece",1979,0,0,0,"GRC"
"Guatemala",1979,0,0,0,"GTM"
"Guinea",1979,0,0,0,"GIN"
"Guinea-Bissau",1979,0,0,0,"GNB"
"Guyana",1979,0,0,0,"GUY"
"Honduras",1979,0,0,0,"HND"
"Hungary",1979,0,0,0,"HUN"
"India",1979,0,1,1,"IND"
"Indonesia",1979,0,0,0,"IDN"
"Iran (Islamic Republic of)",1979,0,0,0,NA
"Iraq",1979,0,0,0,"IRQ"
"Ireland",1979,0,0,0,"IRL"
"Italy",1979,0,0,0,"ITA"
"Jamaica",1979,1,0,1,"JAM"
"Japan",1979,0,0,0,"JPN"
"Jordan",1979,0,0,0,"JOR"
"Kazakhstan",1979,0,0,0,"KAZ"
"Kenya",1979,0,0,0,"KEN"
"Kuwait",1979,1,1,1,"KWT"
"Kyrgyzstan",1979,0,0,0,NA
"Latvia",1979,0,0,0,"LVA"
"Lebanon",1979,0,0,0,"LBN"
"Liberia",1979,0,0,0,"LBR"
"Libya",1979,0,0,0,"LBY"
"Lithuania",1979,0,0,0,"LTU"
"Luxembourg",1979,0,0,0,"LUX"
"Madagascar",1979,0,0,0,"MDG"
"Malaysia",1979,0,0,0,"MYS"
"Mali",1979,0,0,0,"MLI"
"Malta",1979,0,0,0,"MLT"
"Mauritania",1979,0,0,0,"MRT"
"Mauritius",1979,0,1,1,"MUS"
"Mexico",1979,0,0,0,"MEX"
"Morocco",1979,0,0,0,"MAR"
"Mozambique",1979,0,0,0,"MOZ"
"Namibia",1979,0,0,0,"NAM"
"Nepal",1979,0,0,0,"NPL"
"Netherlands",1979,0,0,0,"NLD"
"New Zealand",1979,0,0,0,"NZL"
"Nicaragua",1979,0,0,0,"NIC"
"Niger",1979,0,0,0,"NER"
"Nigeria",1979,1,1,1,"NGA"
"Norway",1979,1,0,1,"NOR"
"Oman",1979,0,0,0,"OMN"
"Pakistan",1979,0,0,0,"PAK"
"Panama",1979,0,0,0,"PAN"
"Paraguay",1979,0,0,0,"PRY"
"Peru",1979,0,0,0,"PER"
"Philippines",1979,0,0,0,"PHL"
"Poland",1979,0,0,0,"POL"
"Portugal",1979,1,0,1,"PRT"
"Qatar",1979,0,0,0,"QAT"
"Republic of Korea",1979,0,0,0,NA
"Romania",1979,0,0,0,"ROU"
"Russian Federation",1979,0,0,0,"RUS"
"Rwanda",1979,0,0,0,"RWA"
"Saint Vincent and the Grenadines",1979,0,0,0,NA
"Senegal",1979,0,0,0,"SEN"
"Sierra Leone",1979,0,0,0,"SLE"
"Singapore",1979,0,0,0,"SGP"
"Slovakia",1979,0,0,0,NA
"Slovenia",1979,0,0,0,"SVN"
"Somalia",1979,0,0,0,NA
"South Africa",1979,0,0,0,"ZAF"
"Spain",1979,0,0,0,"ESP"
"Sri Lanka",1979,0,0,0,"LKA"
"Sudan",1979,0,0,0,"SDN"
"Sweden",1979,0,0,0,"SWE"
"Switzerland",1979,0,0,0,"CHE"
"Syrian Arab Republic",1979,0,0,0,"SYR"
"Thailand",1979,0,0,0,"THA"
"Togo",1979,0,0,0,"TGO"
"Trinidad and Tobago",1979,0,0,0,"TTO"
"Tunisia",1979,0,0,0,"TUN"
"Türkiye",1979,0,0,0,NA
"Uganda",1979,0,0,0,"UGA"
"Ukraine",1979,0,0,0,"UKR"
"Ukrainian SSR (Ukrainian Soviet Socialist Republic)",1979,0,0,0,NA
"United Arab Emirates",1979,0,0,0,"ARE"
"United Arab Republic",1979,0,0,0,NA
"United Kingdom of Great Britain and Northern Ireland",1979,1,1,1,NA
"United Republic of Tanzania",1979,0,0,0,NA
"United States of America",1979,1,1,1,NA
"Uruguay",1979,0,0,0,"URY"
"USSR (Union of Soviet Socialist Republics)",1979,1,1,1,NA
"Venezuela (Bolivarian Republic of)",1979,0,1,1,NA
"Viet Nam",1979,0,0,0,"VNM"
"Yemen",1979,0,0,0,NA
"Yugoslavia",1979,0,0,0,NA
"Zambia",1979,1,0,1,"ZMB"
"Zimbabwe",1979,0,0,0,"ZWE"
"",1980,0,0,0,NA
"Albania",1980,0,0,0,"ALB"
"Algeria",1980,0,0,0,"DZA"
"Angola",1980,0,0,0,"AGO"
"Argentina",1980,0,0,0,"ARG"
"Australia",1980,0,0,0,"AUS"
"Austria",1980,0,0,0,"AUT"
"Azerbaijan",1980,0,0,0,"AZE"
"Bahrain",1980,0,0,0,"BHR"
"Bangladesh",1980,1,1,1,"BGD"
"Belarus",1980,0,0,0,"BLR"
"Belgium",1980,0,0,0,"BEL"
"Benin",1980,0,0,0,"BEN"
"Bolivia (Plurinational State of)",1980,0,1,1,NA
"Bosnia and Herzegovina",1980,0,0,0,"BIH"
"Botswana",1980,0,0,0,"BWA"
"Brazil",1980,0,0,0,"BRA"
"Bulgaria",1980,0,0,0,"BGR"
"Burkina Faso",1980,0,0,0,"BFA"
"Burundi",1980,0,0,0,"BDI"
"Cabo Verde",1980,0,0,0,"CPV"
"Cameroon",1980,0,0,0,"CMR"
"Canada",1980,0,0,0,"CAN"
"Chad",1980,0,0,0,"TCD"
"Chile",1980,0,0,0,"CHL"
"China",1980,1,1,1,"CHN"
"Colombia",1980,0,0,0,"COL"
"Congo",1980,0,0,0,NA
"Costa Rica",1980,0,0,0,"CRI"
"Croatia",1980,0,0,0,"HRV"
"Cuba",1980,0,0,0,"CUB"
"Czechia",1980,0,0,0,"CZE"
"Czechoslovakia",1980,0,1,1,NA
"Democratic Republic of the Congo",1980,0,0,0,NA
"Denmark",1980,0,0,0,"DNK"
"Djibouti",1980,0,0,0,"DJI"
"Dominican Republic",1980,0,0,0,"DOM"
"Ecuador",1980,0,0,0,"ECU"
"Egypt",1980,0,0,0,NA
"Equatorial Guinea",1980,0,0,0,"GNQ"
"Estonia",1980,0,0,0,"EST"
"Ethiopia",1980,0,0,0,"ETH"
"Finland",1980,0,0,0,"FIN"
"France",1980,1,1,1,"FRA"
"Gabon",1980,0,1,1,"GAB"
"Gambia",1980,0,0,0,NA
"German DR (German Democratic Republic)",1980,1,0,1,NA
"German FR (German Federal Republic)",1980,0,0,0,NA
"Germany",1980,0,0,0,"DEU"
"Ghana",1980,0,0,0,"GHA"
"Greece",1980,0,0,0,"GRC"
"Guatemala",1980,0,0,0,"GTM"
"Guinea",1980,0,0,0,"GIN"
"Guinea-Bissau",1980,0,0,0,"GNB"
"Guyana",1980,0,0,0,"GUY"
"Honduras",1980,0,0,0,"HND"
"Hungary",1980,0,0,0,"HUN"
"India",1980,0,0,0,"IND"
"Indonesia",1980,0,0,0,"IDN"
"Iran (Islamic Republic of)",1980,0,0,0,NA
"Iraq",1980,0,0,0,"IRQ"
"Ireland",1980,0,0,0,"IRL"
"Italy",1980,0,0,0,"ITA"
"Jamaica",1980,1,1,1,"JAM"
"Japan",1980,0,0,0,"JPN"
"Jordan",1980,0,0,0,"JOR"
"Kazakhstan",1980,0,0,0,"KAZ"
"Kenya",1980,0,0,0,"KEN"
"Kuwait",1980,0,1,1,"KWT"
"Kyrgyzstan",1980,0,0,0,NA
"Latvia",1980,0,0,0,"LVA"
"Lebanon",1980,0,0,0,"LBN"
"Liberia",1980,0,0,0,"LBR"
"Libya",1980,0,0,0,"LBY"
"Lithuania",1980,0,0,0,"LTU"
"Luxembourg",1980,0,0,0,"LUX"
"Madagascar",1980,0,0,0,"MDG"
"Malaysia",1980,0,0,0,"MYS"
"Mali",1980,0,0,0,"MLI"
"Malta",1980,0,0,0,"MLT"
"Mauritania",1980,0,0,0,"MRT"
"Mauritius",1980,0,0,0,"MUS"
"Mexico",1980,1,0,1,"MEX"
"Morocco",1980,0,0,0,"MAR"
"Mozambique",1980,0,0,0,"MOZ"
"Namibia",1980,0,0,0,"NAM"
"Nepal",1980,0,0,0,"NPL"
"Netherlands",1980,0,0,0,"NLD"
"New Zealand",1980,0,0,0,"NZL"
"Nicaragua",1980,0,0,0,"NIC"
"Niger",1980,1,0,1,"NER"
"Nigeria",1980,0,1,1,"NGA"
"Norway",1980,1,1,1,"NOR"
"Oman",1980,0,0,0,"OMN"
"Pakistan",1980,0,0,0,"PAK"
"Panama",1980,0,0,0,"PAN"
"Paraguay",1980,0,0,0,"PRY"
"Peru",1980,0,0,0,"PER"
"Philippines",1980,1,0,1,"PHL"
"Poland",1980,0,0,0,"POL"
"Portugal",1980,1,1,1,"PRT"
"Qatar",1980,0,0,0,"QAT"
"Republic of Korea",1980,0,0,0,NA
"Romania",1980,0,0,0,"ROU"
"Russian Federation",1980,0,0,0,"RUS"
"Rwanda",1980,0,0,0,"RWA"
"Saint Vincent and the Grenadines",1980,0,0,0,NA
"Senegal",1980,0,0,0,"SEN"
"Sierra Leone",1980,0,0,0,"SLE"
"Singapore",1980,0,0,0,"SGP"
"Slovakia",1980,0,0,0,NA
"Slovenia",1980,0,0,0,"SVN"
"Somalia",1980,0,0,0,NA
"South Africa",1980,0,0,0,"ZAF"
"Spain",1980,0,0,0,"ESP"
"Sri Lanka",1980,0,0,0,"LKA"
"Sudan",1980,0,0,0,"SDN"
"Sweden",1980,0,0,0,"SWE"
"Switzerland",1980,0,0,0,"CHE"
"Syrian Arab Republic",1980,0,0,0,"SYR"
"Thailand",1980,0,0,0,"THA"
"Togo",1980,0,0,0,"TGO"
"Trinidad and Tobago",1980,0,0,0,"TTO"
"Tunisia",1980,1,0,1,"TUN"
"Türkiye",1980,0,0,0,NA
"Uganda",1980,0,0,0,"UGA"
"Ukraine",1980,0,0,0,"UKR"
"Ukrainian SSR (Ukrainian Soviet Socialist Republic)",1980,0,0,0,NA
"United Arab Emirates",1980,0,0,0,"ARE"
"United Arab Republic",1980,0,0,0,NA
"United Kingdom of Great Britain and Northern Ireland",1980,1,1,1,NA
"United Republic of Tanzania",1980,0,0,0,NA
"United States of America",1980,1,1,1,NA
"Uruguay",1980,0,0,0,"URY"
"USSR (Union of Soviet Socialist Republics)",1980,1,1,1,NA
"Venezuela (Bolivarian Republic of)",1980,0,0,0,NA
"Viet Nam",1980,0,0,0,"VNM"
"Yemen",1980,0,0,0,NA
"Yugoslavia",1980,0,0,0,NA
"Zambia",1980,1,1,1,"ZMB"
"Zimbabwe",1980,0,0,0,"ZWE"
"",1981,0,0,0,NA
"Albania",1981,0,0,0,"ALB"
"Algeria",1981,0,0,0,"DZA"
"Angola",1981,0,0,0,"AGO"
"Argentina",1981,0,0,0,"ARG"
"Australia",1981,0,0,0,"AUS"
"Austria",1981,0,0,0,"AUT"
"Azerbaijan",1981,0,0,0,"AZE"
"Bahrain",1981,0,0,0,"BHR"
"Bangladesh",1981,0,1,1,"BGD"
"Belarus",1981,0,0,0,"BLR"
"Belgium",1981,0,0,0,"BEL"
"Benin",1981,0,0,0,"BEN"
"Bolivia (Plurinational State of)",1981,0,0,0,NA
"Bosnia and Herzegovina",1981,0,0,0,"BIH"
"Botswana",1981,0,0,0,"BWA"
"Brazil",1981,0,0,0,"BRA"
"Bulgaria",1981,0,0,0,"BGR"
"Burkina Faso",1981,0,0,0,"BFA"
"Burundi",1981,0,0,0,"BDI"
"Cabo Verde",1981,0,0,0,"CPV"
"Cameroon",1981,0,0,0,"CMR"
"Canada",1981,0,0,0,"CAN"
"Chad",1981,0,0,0,"TCD"
"Chile",1981,0,0,0,"CHL"
"China",1981,1,1,1,"CHN"
"Colombia",1981,0,0,0,"COL"
"Congo",1981,0,0,0,NA
"Costa Rica",1981,0,0,0,"CRI"
"Croatia",1981,0,0,0,"HRV"
"Cuba",1981,0,0,0,"CUB"
"Czechia",1981,0,0,0,"CZE"
"Czechoslovakia",1981,0,0,0,NA
"Democratic Republic of the Congo",1981,0,0,0,NA
"Denmark",1981,0,0,0,"DNK"
"Djibouti",1981,0,0,0,"DJI"
"Dominican Republic",1981,0,0,0,"DOM"
"Ecuador",1981,0,0,0,"ECU"
"Egypt",1981,0,0,0,NA
"Equatorial Guinea",1981,0,0,0,"GNQ"
"Estonia",1981,0,0,0,"EST"
"Ethiopia",1981,0,0,0,"ETH"
"Finland",1981,0,0,0,"FIN"
"France",1981,1,1,1,"FRA"
"Gabon",1981,0,0,0,"GAB"
"Gambia",1981,0,0,0,NA
"German DR (German Democratic Republic)",1981,1,1,1,NA
"German FR (German Federal Republic)",1981,0,0,0,NA
"Germany",1981,0,0,0,"DEU"
"Ghana",1981,0,0,0,"GHA"
"Greece",1981,0,0,0,"GRC"
"Guatemala",1981,0,0,0,"GTM"
"Guinea",1981,0,0,0,"GIN"
"Guinea-Bissau",1981,0,0,0,"GNB"
"Guyana",1981,0,0,0,"GUY"
"Honduras",1981,0,0,0,"HND"
"Hungary",1981,0,0,0,"HUN"
"India",1981,0,0,0,"IND"
"Indonesia",1981,0,0,0,"IDN"
"Iran (Islamic Republic of)",1981,0,0,0,NA
"Iraq",1981,0,0,0,"IRQ"
"Ireland",1981,1,0,1,"IRL"
"Italy",1981,0,0,0,"ITA"
"Jamaica",1981,0,1,1,"JAM"
"Japan",1981,1,0,1,"JPN"
"Jordan",1981,0,0,0,"JOR"
"Kazakhstan",1981,0,0,0,"KAZ"
"Kenya",1981,0,0,0,"KEN"
"Kuwait",1981,0,0,0,"KWT"
"Kyrgyzstan",1981,0,0,0,NA
"Latvia",1981,0,0,0,"LVA"
"Lebanon",1981,0,0,0,"LBN"
"Liberia",1981,0,0,0,"LBR"
"Libya",1981,0,0,0,"LBY"
"Lithuania",1981,0,0,0,"LTU"
"Luxembourg",1981,0,0,0,"LUX"
"Madagascar",1981,0,0,0,"MDG"
"Malaysia",1981,0,0,0,"MYS"
"Mali",1981,0,0,0,"MLI"
"Malta",1981,0,0,0,"MLT"
"Mauritania",1981,0,0,0,"MRT"
"Mauritius",1981,0,0,0,"MUS"
"Mexico",1981,1,1,1,"MEX"
"Morocco",1981,0,0,0,"MAR"
"Mozambique",1981,0,0,0,"MOZ"
"Namibia",1981,0,0,0,"NAM"
"Nepal",1981,0,0,0,"NPL"
"Netherlands",1981,0,0,0,"NLD"
"New Zealand",1981,0,0,0,"NZL"
"Nicaragua",1981,0,0,0,"NIC"
"Niger",1981,1,1,1,"NER"
"Nigeria",1981,0,0,0,"NGA"
"Norway",1981,0,1,1,"NOR"
"Oman",1981,0,0,0,"OMN"
"Pakistan",1981,0,0,0,"PAK"
"Panama",1981,1,0,1,"PAN"
"Paraguay",1981,0,0,0,"PRY"
"Peru",1981,0,0,0,"PER"
"Philippines",1981,1,1,1,"PHL"
"Poland",1981,0,0,0,"POL"
"Portugal",1981,0,1,1,"PRT"
"Qatar",1981,0,0,0,"QAT"
"Republic of Korea",1981,0,0,0,NA
"Romania",1981,0,0,0,"ROU"
"Russian Federation",1981,0,0,0,"RUS"
"Rwanda",1981,0,0,0,"RWA"
"Saint Vincent and the Grenadines",1981,0,0,0,NA
"Senegal",1981,0,0,0,"SEN"
"Sierra Leone",1981,0,0,0,"SLE"
"Singapore",1981,0,0,0,"SGP"
"Slovakia",1981,0,0,0,NA
"Slovenia",1981,0,0,0,"SVN"
"Somalia",1981,0,0,0,NA
"South Africa",1981,0,0,0,"ZAF"
"Spain",1981,1,0,1,"ESP"
"Sri Lanka",1981,0,0,0,"LKA"
"Sudan",1981,0,0,0,"SDN"
"Sweden",1981,0,0,0,"SWE"
"Switzerland",1981,0,0,0,"CHE"
"Syrian Arab Republic",1981,0,0,0,"SYR"
"Thailand",1981,0,0,0,"THA"
"Togo",1981,0,0,0,"TGO"
"Trinidad and Tobago",1981,0,0,0,"TTO"
"Tunisia",1981,1,1,1,"TUN"
"Türkiye",1981,0,0,0,NA
"Uganda",1981,1,0,1,"UGA"
"Ukraine",1981,0,0,0,"UKR"
"Ukrainian SSR (Ukrainian Soviet Socialist Republic)",1981,0,0,0,NA
"United Arab Emirates",1981,0,0,0,"ARE"
"United Arab Republic",1981,0,0,0,NA
"United Kingdom of Great Britain and Northern Ireland",1981,1,1,1,NA
"United Republic of Tanzania",1981,0,0,0,NA
"United States of America",1981,1,1,1,NA
"Uruguay",1981,0,0,0,"URY"
"USSR (Union of Soviet Socialist Republics)",1981,1,1,1,NA
"Venezuela (Bolivarian Republic of)",1981,0,0,0,NA
"Viet Nam",1981,0,0,0,"VNM"
"Yemen",1981,0,0,0,NA
"Yugoslavia",1981,0,0,0,NA
"Zambia",1981,0,1,1,"ZMB"
"Zimbabwe",1981,0,0,0,"ZWE"
"",1982,0,0,0,NA
"Albania",1982,0,0,0,"ALB"
"Algeria",1982,0,0,0,"DZA"
"Angola",1982,0,0,0,"AGO"
"Argentina",1982,0,0,0,"ARG"
"Australia",1982,0,0,0,"AUS"
"Austria",1982,0,0,0,"AUT"
"Azerbaijan",1982,0,0,0,"AZE"
"Bahrain",1982,0,0,0,"BHR"
"Bangladesh",1982,0,0,0,"BGD"
"Belarus",1982,0,0,0,"BLR"
"Belgium",1982,0,0,0,"BEL"
"Benin",1982,0,0,0,"BEN"
"Bolivia (Plurinational State of)",1982,0,0,0,NA
"Bosnia and Herzegovina",1982,0,0,0,"BIH"
"Botswana",1982,0,0,0,"BWA"
"Brazil",1982,0,0,0,"BRA"
"Bulgaria",1982,0,0,0,"BGR"
"Burkina Faso",1982,0,0,0,"BFA"
"Burundi",1982,0,0,0,"BDI"
"Cabo Verde",1982,0,0,0,"CPV"
"Cameroon",1982,0,0,0,"CMR"
"Canada",1982,0,0,0,"CAN"
"Chad",1982,0,0,0,"TCD"
"Chile",1982,0,0,0,"CHL"
"China",1982,1,1,1,"CHN"
"Colombia",1982,0,0,0,"COL"
"Congo",1982,0,0,0,NA
"Costa Rica",1982,0,0,0,"CRI"
"Croatia",1982,0,0,0,"HRV"
"Cuba",1982,0,0,0,"CUB"
"Czechia",1982,0,0,0,"CZE"
"Czechoslovakia",1982,0,0,0,NA
"Democratic Republic of the Congo",1982,1,0,1,NA
"Denmark",1982,0,0,0,"DNK"
"Djibouti",1982,0,0,0,"DJI"
"Dominican Republic",1982,0,0,0,"DOM"
"Ecuador",1982,0,0,0,"ECU"
"Egypt",1982,0,0,0,NA
"Equatorial Guinea",1982,0,0,0,"GNQ"
"Estonia",1982,0,0,0,"EST"
"Ethiopia",1982,0,0,0,"ETH"
"Finland",1982,0,0,0,"FIN"
"France",1982,1,1,1,"FRA"
"Gabon",1982,0,0,0,"GAB"
"Gambia",1982,0,0,0,NA
"German DR (German Democratic Republic)",1982,0,1,1,NA
"German FR (German Federal Republic)",1982,0,0,0,NA
"Germany",1982,0,0,0,"DEU"
"Ghana",1982,0,0,0,"GHA"
"Greece",1982,0,0,0,"GRC"
"Guatemala",1982,0,0,0,"GTM"
"Guinea",1982,0,0,0,"GIN"
"Guinea-Bissau",1982,0,0,0,"GNB"
"Guyana",1982,1,0,1,"GUY"
"Honduras",1982,0,0,0,"HND"
"Hungary",1982,0,0,0,"HUN"
"India",1982,0,0,0,"IND"
"Indonesia",1982,0,0,0,"IDN"
"Iran (Islamic Republic of)",1982,0,0,0,NA
"Iraq",1982,0,0,0,"IRQ"
"Ireland",1982,1,1,1,"IRL"
"Italy",1982,0,0,0,"ITA"
"Jamaica",1982,0,0,0,"JAM"
"Japan",1982,1,1,1,"JPN"
"Jordan",1982,1,0,1,"JOR"
"Kazakhstan",1982,0,0,0,"KAZ"
"Kenya",1982,0,0,0,"KEN"
"Kuwait",1982,0,0,0,"KWT"
"Kyrgyzstan",1982,0,0,0,NA
"Latvia",1982,0,0,0,"LVA"
"Lebanon",1982,0,0,0,"LBN"
"Liberia",1982,0,0,0,"LBR"
"Libya",1982,0,0,0,"LBY"
"Lithuania",1982,0,0,0,"LTU"
"Luxembourg",1982,0,0,0,"LUX"
"Madagascar",1982,0,0,0,"MDG"
"Malaysia",1982,0,0,0,"MYS"
"Mali",1982,0,0,0,"MLI"
"Malta",1982,0,0,0,"MLT"
"Mauritania",1982,0,0,0,"MRT"
"Mauritius",1982,0,0,0,"MUS"
"Mexico",1982,0,1,1,"MEX"
"Morocco",1982,0,0,0,"MAR"
"Mozambique",1982,0,0,0,"MOZ"
"Namibia",1982,0,0,0,"NAM"
"Nepal",1982,0,0,0,"NPL"
"Netherlands",1982,0,0,0,"NLD"
"New Zealand",1982,0,0,0,"NZL"
"Nicaragua",1982,0,0,0,"NIC"
"Niger",1982,0,1,1,"NER"
"Nigeria",1982,0,0,0,"NGA"
"Norway",1982,0,0,0,"NOR"
"Oman",1982,0,0,0,"OMN"
"Pakistan",1982,0,0,0,"PAK"
"Panama",1982,1,1,1,"PAN"
"Paraguay",1982,0,0,0,"PRY"
"Peru",1982,0,0,0,"PER"
"Philippines",1982,0,1,1,"PHL"
"Poland",1982,1,0,1,"POL"
"Portugal",1982,0,0,0,"PRT"
"Qatar",1982,0,0,0,"QAT"
"Republic of Korea",1982,0,0,0,NA
"Romania",1982,0,0,0,"ROU"
"Russian Federation",1982,0,0,0,"RUS"
"Rwanda",1982,0,0,0,"RWA"
"Saint Vincent and the Grenadines",1982,0,0,0,NA
"Senegal",1982,0,0,0,"SEN"
"Sierra Leone",1982,0,0,0,"SLE"
"Singapore",1982,0,0,0,"SGP"
"Slovakia",1982,0,0,0,NA
"Slovenia",1982,0,0,0,"SVN"
"Somalia",1982,0,0,0,NA
"South Africa",1982,0,0,0,"ZAF"
"Spain",1982,1,1,1,"ESP"
"Sri Lanka",1982,0,0,0,"LKA"
"Sudan",1982,0,0,0,"SDN"
"Sweden",1982,0,0,0,"SWE"
"Switzerland",1982,0,0,0,"CHE"
"Syrian Arab Republic",1982,0,0,0,"SYR"
"Thailand",1982,0,0,0,"THA"
"Togo",1982,1,0,1,"TGO"
"Trinidad and Tobago",1982,0,0,0,"TTO"
"Tunisia",1982,0,1,1,"TUN"
"Türkiye",1982,0,0,0,NA
"Uganda",1982,1,1,1,"UGA"
"Ukraine",1982,0,0,0,"UKR"
"Ukrainian SSR (Ukrainian Soviet Socialist Republic)",1982,0,0,0,NA
"United Arab Emirates",1982,0,0,0,"ARE"
"United Arab Republic",1982,0,0,0,NA
"United Kingdom of Great Britain and Northern Ireland",1982,1,1,1,NA
"United Republic of Tanzania",1982,0,0,0,NA
"United States of America",1982,1,1,1,NA
"Uruguay",1982,0,0,0,"URY"
"USSR (Union of Soviet Socialist Republics)",1982,1,1,1,NA
"Venezuela (Bolivarian Republic of)",1982,0,0,0,NA
"Viet Nam",1982,0,0,0,"VNM"
"Yemen",1982,0,0,0,NA
"Yugoslavia",1982,0,0,0,NA
"Zambia",1982,0,0,0,"ZMB"
"Zimbabwe",1982,0,0,0,"ZWE"
"",1983,0,0,0,NA
"Albania",1983,0,0,0,"ALB"
"Algeria",1983,0,0,0,"DZA"
"Angola",1983,0,0,0,"AGO"
"Argentina",1983,0,0,0,"ARG"
"Australia",1983,0,0,0,"AUS"
"Austria",1983,0,0,0,"AUT"
"Azerbaijan",1983,0,0,0,"AZE"
"Bahrain",1983,0,0,0,"BHR"
"Bangladesh",1983,0,0,0,"BGD"
"Belarus",1983,0,0,0,"BLR"
"Belgium",1983,0,0,0,"BEL"
"Benin",1983,0,0,0,"BEN"
"Bolivia (Plurinational State of)",1983,0,0,0,NA
"Bosnia and Herzegovina",1983,0,0,0,"BIH"
"Botswana",1983,0,0,0,"BWA"
"Brazil",1983,0,0,0,"BRA"
"Bulgaria",1983,0,0,0,"BGR"
"Burkina Faso",1983,0,0,0,"BFA"
"Burundi",1983,0,0,0,"BDI"
"Cabo Verde",1983,0,0,0,"CPV"
"Cameroon",1983,0,0,0,"CMR"
"Canada",1983,0,0,0,"CAN"
"Chad",1983,0,0,0,"TCD"
"Chile",1983,0,0,0,"CHL"
"China",1983,1,1,1,"CHN"
"Colombia",1983,0,0,0,"COL"
"Congo",1983,0,0,0,NA
"Costa Rica",1983,0,0,0,"CRI"
"Croatia",1983,0,0,0,"HRV"
"Cuba",1983,0,0,0,"CUB"
"Czechia",1983,0,0,0,"CZE"
"Czechoslovakia",1983,0,0,0,NA
"Democratic Republic of the Congo",1983,1,1,1,NA
"Denmark",1983,0,0,0,"DNK"
"Djibouti",1983,0,0,0,"DJI"
"Dominican Republic",1983,0,0,0,"DOM"
"Ecuador",1983,0,0,0,"ECU"
"Egypt",1983,0,0,0,NA
"Equatorial Guinea",1983,0,0,0,"GNQ"
"Estonia",1983,0,0,0,"EST"
"Ethiopia",1983,0,0,0,"ETH"
"Finland",1983,0,0,0,"FIN"
"France",1983,1,1,1,"FRA"
"Gabon",1983,0,0,0,"GAB"
"Gambia",1983,0,0,0,NA
"German DR (German Democratic Republic)",1983,0,0,0,NA
"German FR (German Federal Republic)",1983,0,0,0,NA
"Germany",1983,0,0,0,"DEU"
"Ghana",1983,0,0,0,"GHA"
"Greece",1983,0,0,0,"GRC"
"Guatemala",1983,0,0,0,"GTM"
"Guinea",1983,0,0,0,"GIN"
"Guinea-Bissau",1983,0,0,0,"GNB"
"Guyana",1983,1,1,1,"GUY"
"Honduras",1983,0,0,0,"HND"
"Hungary",1983,0,0,0,"HUN"
"India",1983,0,0,0,"IND"
"Indonesia",1983,0,0,0,"IDN"
"Iran (Islamic Republic of)",1983,0,0,0,NA
"Iraq",1983,0,0,0,"IRQ"
"Ireland",1983,0,1,1,"IRL"
"Italy",1983,0,0,0,"ITA"
"Jamaica",1983,0,0,0,"JAM"
"Japan",1983,0,1,1,"JPN"
"Jordan",1983,1,1,1,"JOR"
"Kazakhstan",1983,0,0,0,"KAZ"
"Kenya",1983,0,0,0,"KEN"
"Kuwait",1983,0,0,0,"KWT"
"Kyrgyzstan",1983,0,0,0,NA
"Latvia",1983,0,0,0,"LVA"
"Lebanon",1983,0,0,0,"LBN"
"Liberia",1983,0,0,0,"LBR"
"Libya",1983,0,0,0,"LBY"
"Lithuania",1983,0,0,0,"LTU"
"Luxembourg",1983,0,0,0,"LUX"
"Madagascar",1983,0,0,0,"MDG"
"Malaysia",1983,0,0,0,"MYS"
"Mali",1983,0,0,0,"MLI"
"Malta",1983,1,0,1,"MLT"
"Mauritania",1983,0,0,0,"MRT"
"Mauritius",1983,0,0,0,"MUS"
"Mexico",1983,0,0,0,"MEX"
"Morocco",1983,0,0,0,"MAR"
"Mozambique",1983,0,0,0,"MOZ"
"Namibia",1983,0,0,0,"NAM"
"Nepal",1983,0,0,0,"NPL"
"Netherlands",1983,1,0,1,"NLD"
"New Zealand",1983,0,0,0,"NZL"
"Nicaragua",1983,1,0,1,"NIC"
"Niger",1983,0,0,0,"NER"
"Nigeria",1983,0,0,0,"NGA"
"Norway",1983,0,0,0,"NOR"
"Oman",1983,0,0,0,"OMN"
"Pakistan",1983,1,0,1,"PAK"
"Panama",1983,0,1,1,"PAN"
"Paraguay",1983,0,0,0,"PRY"
"Peru",1983,0,0,0,"PER"
"Philippines",1983,0,0,0,"PHL"
"Poland",1983,1,1,1,"POL"
"Portugal",1983,0,0,0,"PRT"
"Qatar",1983,0,0,0,"QAT"
"Republic of Korea",1983,0,0,0,NA
"Romania",1983,0,0,0,"ROU"
"Russian Federation",1983,0,0,0,"RUS"
"Rwanda",1983,0,0,0,"RWA"
"Saint Vincent and the Grenadines",1983,0,0,0,NA
"Senegal",1983,0,0,0,"SEN"
"Sierra Leone",1983,0,0,0,"SLE"
"Singapore",1983,0,0,0,"SGP"
"Slovakia",1983,0,0,0,NA
"Slovenia",1983,0,0,0,"SVN"
"Somalia",1983,0,0,0,NA
"South Africa",1983,0,0,0,"ZAF"
"Spain",1983,0,1,1,"ESP"
"Sri Lanka",1983,0,0,0,"LKA"
"Sudan",1983,0,0,0,"SDN"
"Sweden",1983,0,0,0,"SWE"
"Switzerland",1983,0,0,0,"CHE"
"Syrian Arab Republic",1983,0,0,0,"SYR"
"Thailand",1983,0,0,0,"THA"
"Togo",1983,1,1,1,"TGO"
"Trinidad and Tobago",1983,0,0,0,"TTO"
"Tunisia",1983,0,0,0,"TUN"
"Türkiye",1983,0,0,0,NA
"Uganda",1983,0,1,1,"UGA"
"Ukraine",1983,0,0,0,"UKR"
"Ukrainian SSR (Ukrainian Soviet Socialist Republic)",1983,0,0,0,NA
"United Arab Emirates",1983,0,0,0,"ARE"
"United Arab Republic",1983,0,0,0,NA
"United Kingdom of Great Britain and Northern Ireland",1983,1,1,1,NA
"United Republic of Tanzania",1983,0,0,0,NA
"United States of America",1983,1,1,1,NA
"Uruguay",1983,0,0,0,"URY"
"USSR (Union of Soviet Socialist Republics)",1983,1,1,1,NA
"Venezuela (Bolivarian Republic of)",1983,0,0,0,NA
"Viet Nam",1983,0,0,0,"VNM"
"Yemen",1983,0,0,0,NA
"Yugoslavia",1983,0,0,0,NA
"Zambia",1983,0,0,0,"ZMB"
"Zimbabwe",1983,1,0,1,"ZWE"
"",1984,0,0,0,NA
"Albania",1984,0,0,0,"ALB"
"Algeria",1984,0,0,0,"DZA"
"Angola",1984,0,0,0,"AGO"
"Argentina",1984,0,0,0,"ARG"
"Australia",1984,0,0,0,"AUS"
"Austria",1984,0,0,0,"AUT"
"Azerbaijan",1984,0,0,0,"AZE"
"Bahrain",1984,0,0,0,"BHR"
"Bangladesh",1984,0,0,0,"BGD"
"Belarus",1984,0,0,0,"BLR"
"Belgium",1984,0,0,0,"BEL"
"Benin",1984,0,0,0,"BEN"
"Bolivia (Plurinational State of)",1984,0,0,0,NA
"Bosnia and Herzegovina",1984,0,0,0,"BIH"
"Botswana",1984,0,0,0,"BWA"
"Brazil",1984,0,0,0,"BRA"
"Bulgaria",1984,0,0,0,"BGR"
"Burkina Faso",1984,1,0,1,"BFA"
"Burundi",1984,0,0,0,"BDI"
"Cabo Verde",1984,0,0,0,"CPV"
"Cameroon",1984,0,0,0,"CMR"
"Canada",1984,0,0,0,"CAN"
"Chad",1984,0,0,0,"TCD"
"Chile",1984,0,0,0,"CHL"
"China",1984,1,1,1,"CHN"
"Colombia",1984,0,0,0,"COL"
"Congo",1984,0,0,0,NA
"Costa Rica",1984,0,0,0,"CRI"
"Croatia",1984,0,0,0,"HRV"
"Cuba",1984,0,0,0,"CUB"
"Czechia",1984,0,0,0,"CZE"
"Czechoslovakia",1984,0,0,0,NA
"Democratic Republic of the Congo",1984,0,1,1,NA
"Denmark",1984,0,0,0,"DNK"
"Djibouti",1984,0,0,0,"DJI"
"Dominican Republic",1984,0,0,0,"DOM"
"Ecuador",1984,0,0,0,"ECU"
"Egypt",1984,1,0,1,NA
"Equatorial Guinea",1984,0,0,0,"GNQ"
"Estonia",1984,0,0,0,"EST"
"Ethiopia",1984,0,0,0,"ETH"
"Finland",1984,0,0,0,"FIN"
"France",1984,1,1,1,"FRA"
"Gabon",1984,0,0,0,"GAB"
"Gambia",1984,0,0,0,NA
"German DR (German Democratic Republic)",1984,0,0,0,NA
"German FR (German Federal Republic)",1984,0,0,0,NA
"Germany",1984,0,0,0,"DEU"
"Ghana",1984,0,0,0,"GHA"
"Greece",1984,0,0,0,"GRC"
"Guatemala",1984,0,0,0,"GTM"
"Guinea",1984,0,0,0,"GIN"
"Guinea-Bissau",1984,0,0,0,"GNB"
"Guyana",1984,0,1,1,"GUY"
"Honduras",1984,0,0,0,"HND"
"Hungary",1984,0,0,0,"HUN"
"India",1984,1,0,1,"IND"
"Indonesia",1984,0,0,0,"IDN"
"Iran (Islamic Republic of)",1984,0,0,0,NA
"Iraq",1984,0,0,0,"IRQ"
"Ireland",1984,0,0,0,"IRL"
"Italy",1984,0,0,0,"ITA"
"Jamaica",1984,0,0,0,"JAM"
"Japan",1984,0,0,0,"JPN"
"Jordan",1984,0,1,1,"JOR"
"Kazakhstan",1984,0,0,0,"KAZ"
"Kenya",1984,0,0,0,"KEN"
"Kuwait",1984,0,0,0,"KWT"
"Kyrgyzstan",1984,0,0,0,NA
"Latvia",1984,0,0,0,"LVA"
"Lebanon",1984,0,0,0,"LBN"
"Liberia",1984,0,0,0,"LBR"
"Libya",1984,0,0,0,"LBY"
"Lithuania",1984,0,0,0,"LTU"
"Luxembourg",1984,0,0,0,"LUX"
"Madagascar",1984,0,0,0,"MDG"
"Malaysia",1984,0,0,0,"MYS"
"Mali",1984,0,0,0,"MLI"
"Malta",1984,1,1,1,"MLT"
"Mauritania",1984,0,0,0,"MRT"
"Mauritius",1984,0,0,0,"MUS"
"Mexico",1984,0,0,0,"MEX"
"Morocco",1984,0,0,0,"MAR"
"Mozambique",1984,0,0,0,"MOZ"
"Namibia",1984,0,0,0,"NAM"
"Nepal",1984,0,0,0,"NPL"
"Netherlands",1984,1,1,1,"NLD"
"New Zealand",1984,0,0,0,"NZL"
"Nicaragua",1984,1,1,1,"NIC"
"Niger",1984,0,0,0,"NER"
"Nigeria",1984,0,0,0,"NGA"
"Norway",1984,0,0,0,"NOR"
"Oman",1984,0,0,0,"OMN"
"Pakistan",1984,1,1,1,"PAK"
"Panama",1984,0,0,0,"PAN"
"Paraguay",1984,0,0,0,"PRY"
"Peru",1984,1,0,1,"PER"
"Philippines",1984,0,0,0,"PHL"
"Poland",1984,0,1,1,"POL"
"Portugal",1984,0,0,0,"PRT"
"Qatar",1984,0,0,0,"QAT"
"Republic of Korea",1984,0,0,0,NA
"Romania",1984,0,0,0,"ROU"
"Russian Federation",1984,0,0,0,"RUS"
"Rwanda",1984,0,0,0,"RWA"
"Saint Vincent and the Grenadines",1984,0,0,0,NA
"Senegal",1984,0,0,0,"SEN"
"Sierra Leone",1984,0,0,0,"SLE"
"Singapore",1984,0,0,0,"SGP"
"Slovakia",1984,0,0,0,NA
"Slovenia",1984,0,0,0,"SVN"
"Somalia",1984,0,0,0,NA
"South Africa",1984,0,0,0,"ZAF"
"Spain",1984,0,0,0,"ESP"
"Sri Lanka",1984,0,0,0,"LKA"
"Sudan",1984,0,0,0,"SDN"
"Sweden",1984,0,0,0,"SWE"
"Switzerland",1984,0,0,0,"CHE"
"Syrian Arab Republic",1984,0,0,0,"SYR"
"Thailand",1984,0,0,0,"THA"
"Togo",1984,0,1,1,"TGO"
"Trinidad and Tobago",1984,0,0,0,"TTO"
"Tunisia",1984,0,0,0,"TUN"
"Türkiye",1984,0,0,0,NA
"Uganda",1984,0,0,0,"UGA"
"Ukraine",1984,0,0,0,"UKR"
"Ukrainian SSR (Ukrainian Soviet Socialist Republic)",1984,1,0,1,NA
"United Arab Emirates",1984,0,0,0,"ARE"
"United Arab Republic",1984,0,0,0,NA
"United Kingdom of Great Britain and Northern Ireland",1984,1,1,1,NA
"United Republic of Tanzania",1984,0,0,0,NA
"United States of America",1984,1,1,1,NA
"Uruguay",1984,0,0,0,"URY"
"USSR (Union of Soviet Socialist Republics)",1984,1,1,1,NA
"Venezuela (Bolivarian Republic of)",1984,0,0,0,NA
"Viet Nam",1984,0,0,0,"VNM"
"Yemen",1984,0,0,0,NA
"Yugoslavia",1984,0,0,0,NA
"Zambia",1984,0,0,0,"ZMB"
"Zimbabwe",1984,1,1,1,"ZWE"
"",1985,0,0,0,NA
"Albania",1985,0,0,0,"ALB"
"Algeria",1985,0,0,0,"DZA"
"Angola",1985,0,0,0,"AGO"
"Argentina",1985,0,0,0,"ARG"
"Australia",1985,1,0,1,"AUS"
"Austria",1985,0,0,0,"AUT"
"Azerbaijan",1985,0,0,0,"AZE"
"Bahrain",1985,0,0,0,"BHR"
"Bangladesh",1985,0,0,0,"BGD"
"Belarus",1985,0,0,0,"BLR"
"Belgium",1985,0,0,0,"BEL"
"Benin",1985,0,0,0,"BEN"
"Bolivia (Plurinational State of)",1985,0,0,0,NA
"Bosnia and Herzegovina",1985,0,0,0,"BIH"
"Botswana",1985,0,0,0,"BWA"
"Brazil",1985,0,0,0,"BRA"
"Bulgaria",1985,0,0,0,"BGR"
"Burkina Faso",1985,1,1,1,"BFA"
"Burundi",1985,0,0,0,"BDI"
"Cabo Verde",1985,0,0,0,"CPV"
"Cameroon",1985,0,0,0,"CMR"
"Canada",1985,0,0,0,"CAN"
"Chad",1985,0,0,0,"TCD"
"Chile",1985,0,0,0,"CHL"
"China",1985,1,1,1,"CHN"
"Colombia",1985,0,0,0,"COL"
"Congo",1985,0,0,0,NA
"Costa Rica",1985,0,0,0,"CRI"
"Croatia",1985,0,0,0,"HRV"
"Cuba",1985,0,0,0,"CUB"
"Czechia",1985,0,0,0,"CZE"
"Czechoslovakia",1985,0,0,0,NA
"Democratic Republic of the Congo",1985,0,0,0,NA
"Denmark",1985,1,0,1,"DNK"
"Djibouti",1985,0,0,0,"DJI"
"Dominican Republic",1985,0,0,0,"DOM"
"Ecuador",1985,0,0,0,"ECU"
"Egypt",1985,1,1,1,NA
"Equatorial Guinea",1985,0,0,0,"GNQ"
"Estonia",1985,0,0,0,"EST"
"Ethiopia",1985,0,0,0,"ETH"
"Finland",1985,0,0,0,"FIN"
"France",1985,1,1,1,"FRA"
"Gabon",1985,0,0,0,"GAB"
"Gambia",1985,0,0,0,NA
"German DR (German Democratic Republic)",1985,0,0,0,NA
"German FR (German Federal Republic)",1985,0,0,0,NA
"Germany",1985,0,0,0,"DEU"
"Ghana",1985,0,0,0,"GHA"
"Greece",1985,0,0,0,"GRC"
"Guatemala",1985,0,0,0,"GTM"
"Guinea",1985,0,0,0,"GIN"
"Guinea-Bissau",1985,0,0,0,"GNB"
"Guyana",1985,0,0,0,"GUY"
"Honduras",1985,0,0,0,"HND"
"Hungary",1985,0,0,0,"HUN"
"India",1985,1,1,1,"IND"
"Indonesia",1985,0,0,0,"IDN"
"Iran (Islamic Republic of)",1985,0,0,0,NA
"Iraq",1985,0,0,0,"IRQ"
"Ireland",1985,0,0,0,"IRL"
"Italy",1985,0,0,0,"ITA"
"Jamaica",1985,0,0,0,"JAM"
"Japan",1985,0,0,0,"JPN"
"Jordan",1985,0,0,0,"JOR"
"Kazakhstan",1985,0,0,0,"KAZ"
"Kenya",1985,0,0,0,"KEN"
"Kuwait",1985,0,0,0,"KWT"
"Kyrgyzstan",1985,0,0,0,NA
"Latvia",1985,0,0,0,"LVA"
"Lebanon",1985,0,0,0,"LBN"
"Liberia",1985,0,0,0,"LBR"
"Libya",1985,0,0,0,"LBY"
"Lithuania",1985,0,0,0,"LTU"
"Luxembourg",1985,0,0,0,"LUX"
"Madagascar",1985,1,0,1,"MDG"
"Malaysia",1985,0,0,0,"MYS"
"Mali",1985,0,0,0,"MLI"
"Malta",1985,0,1,1,"MLT"
"Mauritania",1985,0,0,0,"MRT"
"Mauritius",1985,0,0,0,"MUS"
"Mexico",1985,0,0,0,"MEX"
"Morocco",1985,0,0,0,"MAR"
"Mozambique",1985,0,0,0,"MOZ"
"Namibia",1985,0,0,0,"NAM"
"Nepal",1985,0,0,0,"NPL"
"Netherlands",1985,0,1,1,"NLD"
"New Zealand",1985,0,0,0,"NZL"
"Nicaragua",1985,0,1,1,"NIC"
"Niger",1985,0,0,0,"NER"
"Nigeria",1985,0,0,0,"NGA"
"Norway",1985,0,0,0,"NOR"
"Oman",1985,0,0,0,"OMN"
"Pakistan",1985,0,1,1,"PAK"
"Panama",1985,0,0,0,"PAN"
"Paraguay",1985,0,0,0,"PRY"
"Peru",1985,1,1,1,"PER"
"Philippines",1985,0,0,0,"PHL"
"Poland",1985,0,0,0,"POL"
"Portugal",1985,0,0,0,"PRT"
"Qatar",1985,0,0,0,"QAT"
"Republic of Korea",1985,0,0,0,NA
"Romania",1985,0,0,0,"ROU"
"Russian Federation",1985,0,0,0,"RUS"
"Rwanda",1985,0,0,0,"RWA"
"Saint Vincent and the Grenadines",1985,0,0,0,NA
"Senegal",1985,0,0,0,"SEN"
"Sierra Leone",1985,0,0,0,"SLE"
"Singapore",1985,0,0,0,"SGP"
"Slovakia",1985,0,0,0,NA
"Slovenia",1985,0,0,0,"SVN"
"Somalia",1985,0,0,0,NA
"South Africa",1985,0,0,0,"ZAF"
"Spain",1985,0,0,0,"ESP"
"Sri Lanka",1985,0,0,0,"LKA"
"Sudan",1985,0,0,0,"SDN"
"Sweden",1985,0,0,0,"SWE"
"Switzerland",1985,0,0,0,"CHE"
"Syrian Arab Republic",1985,0,0,0,"SYR"
"Thailand",1985,1,0,1,"THA"
"Togo",1985,0,0,0,"TGO"
"Trinidad and Tobago",1985,1,0,1,"TTO"
"Tunisia",1985,0,0,0,"TUN"
"Türkiye",1985,0,0,0,NA
"Uganda",1985,0,0,0,"UGA"
"Ukraine",1985,0,0,0,"UKR"
"Ukrainian SSR (Ukrainian Soviet Socialist Republic)",1985,1,1,1,NA
"United Arab Emirates",1985,0,0,0,"ARE"
"United Arab Republic",1985,0,0,0,NA
"United Kingdom of Great Britain and Northern Ireland",1985,1,1,1,NA
"United Republic of Tanzania",1985,0,0,0,NA
"United States of America",1985,1,1,1,NA
"Uruguay",1985,0,0,0,"URY"
"USSR (Union of Soviet Socialist Republics)",1985,1,1,1,NA
"Venezuela (Bolivarian Republic of)",1985,0,0,0,NA
"Viet Nam",1985,0,0,0,"VNM"
"Yemen",1985,0,0,0,NA
"Yugoslavia",1985,0,0,0,NA
"Zambia",1985,0,0,0,"ZMB"
"Zimbabwe",1985,0,1,1,"ZWE"
"",1986,0,0,0,NA
"Albania",1986,0,0,0,"ALB"
"Algeria",1986,0,0,0,"DZA"
"Angola",1986,0,0,0,"AGO"
"Argentina",1986,0,0,0,"ARG"
"Australia",1986,1,1,1,"AUS"
"Austria",1986,0,0,0,"AUT"
"Azerbaijan",1986,0,0,0,"AZE"
"Bahrain",1986,0,0,0,"BHR"
"Bangladesh",1986,0,0,0,"BGD"
"Belarus",1986,0,0,0,"BLR"
"Belgium",1986,0,0,0,"BEL"
"Benin",1986,0,0,0,"BEN"
"Bolivia (Plurinational State of)",1986,0,0,0,NA
"Bosnia and Herzegovina",1986,0,0,0,"BIH"
"Botswana",1986,0,0,0,"BWA"
"Brazil",1986,0,0,0,"BRA"
"Bulgaria",1986,1,0,1,"BGR"
"Burkina Faso",1986,0,1,1,"BFA"
"Burundi",1986,0,0,0,"BDI"
"Cabo Verde",1986,0,0,0,"CPV"
"Cameroon",1986,0,0,0,"CMR"
"Canada",1986,0,0,0,"CAN"
"Chad",1986,0,0,0,"TCD"
"Chile",1986,0,0,0,"CHL"
"China",1986,1,1,1,"CHN"
"Colombia",1986,0,0,0,"COL"
"Congo",1986,1,0,1,NA
"Costa Rica",1986,0,0,0,"CRI"
"Croatia",1986,0,0,0,"HRV"
"Cuba",1986,0,0,0,"CUB"
"Czechia",1986,0,0,0,"CZE"
"Czechoslovakia",1986,0,0,0,NA
"Democratic Republic of the Congo",1986,0,0,0,NA
"Denmark",1986,1,1,1,"DNK"
"Djibouti",1986,0,0,0,"DJI"
"Dominican Republic",1986,0,0,0,"DOM"
"Ecuador",1986,0,0,0,"ECU"
"Egypt",1986,0,1,1,NA
"Equatorial Guinea",1986,0,0,0,"GNQ"
"Estonia",1986,0,0,0,"EST"
"Ethiopia",1986,0,0,0,"ETH"
"Finland",1986,0,0,0,"FIN"
"France",1986,1,1,1,"FRA"
"Gabon",1986,0,0,0,"GAB"
"Gambia",1986,0,0,0,NA
"German DR (German Democratic Republic)",1986,0,0,0,NA
"German FR (German Federal Republic)",1986,0,0,0,NA
"Germany",1986,0,0,0,"DEU"
"Ghana",1986,1,0,1,"GHA"
"Greece",1986,0,0,0,"GRC"
"Guatemala",1986,0,0,0,"GTM"
"Guinea",1986,0,0,0,"GIN"
"Guinea-Bissau",1986,0,0,0,"GNB"
"Guyana",1986,0,0,0,"GUY"
"Honduras",1986,0,0,0,"HND"
"Hungary",1986,0,0,0,"HUN"
"India",1986,0,1,1,"IND"
"Indonesia",1986,0,0,0,"IDN"
"Iran (Islamic Republic of)",1986,0,0,0,NA
"Iraq",1986,0,0,0,"IRQ"
"Ireland",1986,0,0,0,"IRL"
"Italy",1986,0,0,0,"ITA"
"Jamaica",1986,0,0,0,"JAM"
"Japan",1986,0,0,0,"JPN"
"Jordan",1986,0,0,0,"JOR"
"Kazakhstan",1986,0,0,0,"KAZ"
"Kenya",1986,0,0,0,"KEN"
"Kuwait",1986,0,0,0,"KWT"
"Kyrgyzstan",1986,0,0,0,NA
"Latvia",1986,0,0,0,"LVA"
"Lebanon",1986,0,0,0,"LBN"
"Liberia",1986,0,0,0,"LBR"
"Libya",1986,0,0,0,"LBY"
"Lithuania",1986,0,0,0,"LTU"
"Luxembourg",1986,0,0,0,"LUX"
"Madagascar",1986,1,1,1,"MDG"
"Malaysia",1986,0,0,0,"MYS"
"Mali",1986,0,0,0,"MLI"
"Malta",1986,0,0,0,"MLT"
"Mauritania",1986,0,0,0,"MRT"
"Mauritius",1986,0,0,0,"MUS"
"Mexico",1986,0,0,0,"MEX"
"Morocco",1986,0,0,0,"MAR"
"Mozambique",1986,0,0,0,"MOZ"
"Namibia",1986,0,0,0,"NAM"
"Nepal",1986,0,0,0,"NPL"
"Netherlands",1986,0,0,0,"NLD"
"New Zealand",1986,0,0,0,"NZL"
"Nicaragua",1986,0,0,0,"NIC"
"Niger",1986,0,0,0,"NER"
"Nigeria",1986,0,0,0,"NGA"
"Norway",1986,0,0,0,"NOR"
"Oman",1986,0,0,0,"OMN"
"Pakistan",1986,0,0,0,"PAK"
"Panama",1986,0,0,0,"PAN"
"Paraguay",1986,0,0,0,"PRY"
"Peru",1986,0,1,1,"PER"
"Philippines",1986,0,0,0,"PHL"
"Poland",1986,0,0,0,"POL"
"Portugal",1986,0,0,0,"PRT"
"Qatar",1986,0,0,0,"QAT"
"Republic of Korea",1986,0,0,0,NA
"Romania",1986,0,0,0,"ROU"
"Russian Federation",1986,0,0,0,"RUS"
"Rwanda",1986,0,0,0,"RWA"
"Saint Vincent and the Grenadines",1986,0,0,0,NA
"Senegal",1986,0,0,0,"SEN"
"Sierra Leone",1986,0,0,0,"SLE"
"Singapore",1986,0,0,0,"SGP"
"Slovakia",1986,0,0,0,NA
"Slovenia",1986,0,0,0,"SVN"
"Somalia",1986,0,0,0,NA
"South Africa",1986,0,0,0,"ZAF"
"Spain",1986,0,0,0,"ESP"
"Sri Lanka",1986,0,0,0,"LKA"
"Sudan",1986,0,0,0,"SDN"
"Sweden",1986,0,0,0,"SWE"
"Switzerland",1986,0,0,0,"CHE"
"Syrian Arab Republic",1986,0,0,0,"SYR"
"Thailand",1986,1,1,1,"THA"
"Togo",1986,0,0,0,"TGO"
"Trinidad and Tobago",1986,1,1,1,"TTO"
"Tunisia",1986,0,0,0,"TUN"
"Türkiye",1986,0,0,0,NA
"Uganda",1986,0,0,0,"UGA"
"Ukraine",1986,0,0,0,"UKR"
"Ukrainian SSR (Ukrainian Soviet Socialist Republic)",1986,0,1,1,NA
"United Arab Emirates",1986,1,0,1,"ARE"
"United Arab Republic",1986,0,0,0,NA
"United Kingdom of Great Britain and Northern Ireland",1986,1,1,1,NA
"United Republic of Tanzania",1986,0,0,0,NA
"United States of America",1986,1,1,1,NA
"Uruguay",1986,0,0,0,"URY"
"USSR (Union of Soviet Socialist Republics)",1986,1,1,1,NA
"Venezuela (Bolivarian Republic of)",1986,1,0,1,NA
"Viet Nam",1986,0,0,0,"VNM"
"Yemen",1986,0,0,0,NA
"Yugoslavia",1986,0,0,0,NA
"Zambia",1986,0,0,0,"ZMB"
"Zimbabwe",1986,0,0,0,"ZWE"
"",1987,0,0,0,NA
"Albania",1987,0,0,0,"ALB"
"Algeria",1987,0,0,0,"DZA"
"Angola",1987,0,0,0,"AGO"
"Argentina",1987,1,0,1,"ARG"
"Australia",1987,0,1,1,"AUS"
"Austria",1987,0,0,0,"AUT"
"Azerbaijan",1987,0,0,0,"AZE"
"Bahrain",1987,0,0,0,"BHR"
"Bangladesh",1987,0,0,0,"BGD"
"Belarus",1987,0,0,0,"BLR"
"Belgium",1987,0,0,0,"BEL"
"Benin",1987,0,0,0,"BEN"
"Bolivia (Plurinational State of)",1987,0,0,0,NA
"Bosnia and Herzegovina",1987,0,0,0,"BIH"
"Botswana",1987,0,0,0,"BWA"
"Brazil",1987,0,0,0,"BRA"
"Bulgaria",1987,1,1,1,"BGR"
"Burkina Faso",1987,0,0,0,"BFA"
"Burundi",1987,0,0,0,"BDI"
"Cabo Verde",1987,0,0,0,"CPV"
"Cameroon",1987,0,0,0,"CMR"
"Canada",1987,0,0,0,"CAN"
"Chad",1987,0,0,0,"TCD"
"Chile",1987,0,0,0,"CHL"
"China",1987,1,1,1,"CHN"
"Colombia",1987,0,0,0,"COL"
"Congo",1987,1,1,1,NA
"Costa Rica",1987,0,0,0,"CRI"
"Croatia",1987,0,0,0,"HRV"
"Cuba",1987,0,0,0,"CUB"
"Czechia",1987,0,0,0,"CZE"
"Czechoslovakia",1987,0,0,0,NA
"Democratic Republic of the Congo",1987,0,0,0,NA
"Denmark",1987,0,1,1,"DNK"
"Djibouti",1987,0,0,0,"DJI"
"Dominican Republic",1987,0,0,0,"DOM"
"Ecuador",1987,0,0,0,"ECU"
"Egypt",1987,0,0,0,NA
"Equatorial Guinea",1987,0,0,0,"GNQ"
"Estonia",1987,0,0,0,"EST"
"Ethiopia",1987,0,0,0,"ETH"
"Finland",1987,0,0,0,"FIN"
"France",1987,1,1,1,"FRA"
"Gabon",1987,0,0,0,"GAB"
"Gambia",1987,0,0,0,NA
"German DR (German Democratic Republic)",1987,0,0,0,NA
"German FR (German Federal Republic)",1987,1,0,1,NA
"Germany",1987,0,0,0,"DEU"
"Ghana",1987,1,1,1,"GHA"
"Greece",1987,0,0,0,"GRC"
"Guatemala",1987,0,0,0,"GTM"
"Guinea",1987,0,0,0,"GIN"
"Guinea-Bissau",1987,0,0,0,"GNB"
"Guyana",1987,0,0,0,"GUY"
"Honduras",1987,0,0,0,"HND"
"Hungary",1987,0,0,0,"HUN"
"India",1987,0,0,0,"IND"
"Indonesia",1987,0,0,0,"IDN"
"Iran (Islamic Republic of)",1987,0,0,0,NA
"Iraq",1987,0,0,0,"IRQ"
"Ireland",1987,0,0,0,"IRL"
"Italy",1987,1,0,1,"ITA"
"Jamaica",1987,0,0,0,"JAM"
"Japan",1987,1,0,1,"JPN"
"Jordan",1987,0,0,0,"JOR"
"Kazakhstan",1987,0,0,0,"KAZ"
"Kenya",1987,0,0,0,"KEN"
"Kuwait",1987,0,0,0,"KWT"
"Kyrgyzstan",1987,0,0,0,NA
"Latvia",1987,0,0,0,"LVA"
"Lebanon",1987,0,0,0,"LBN"
"Liberia",1987,0,0,0,"LBR"
"Libya",1987,0,0,0,"LBY"
"Lithuania",1987,0,0,0,"LTU"
"Luxembourg",1987,0,0,0,"LUX"
"Madagascar",1987,0,1,1,"MDG"
"Malaysia",1987,0,0,0,"MYS"
"Mali",1987,0,0,0,"MLI"
"Malta",1987,0,0,0,"MLT"
"Mauritania",1987,0,0,0,"MRT"
"Mauritius",1987,0,0,0,"MUS"
"Mexico",1987,0,0,0,"MEX"
"Morocco",1987,0,0,0,"MAR"
"Mozambique",1987,0,0,0,"MOZ"
"Namibia",1987,0,0,0,"NAM"
"Nepal",1987,0,0,0,"NPL"
"Netherlands",1987,0,0,0,"NLD"
"New Zealand",1987,0,0,0,"NZL"
"Nicaragua",1987,0,0,0,"NIC"
"Niger",1987,0,0,0,"NER"
"Nigeria",1987,0,0,0,"NGA"
"Norway",1987,0,0,0,"NOR"
"Oman",1987,0,0,0,"OMN"
"Pakistan",1987,0,0,0,"PAK"
"Panama",1987,0,0,0,"PAN"
"Paraguay",1987,0,0,0,"PRY"
"Peru",1987,0,0,0,"PER"
"Philippines",1987,0,0,0,"PHL"
"Poland",1987,0,0,0,"POL"
"Portugal",1987,0,0,0,"PRT"
"Qatar",1987,0,0,0,"QAT"
"Republic of Korea",1987,0,0,0,NA
"Romania",1987,0,0,0,"ROU"
"Russian Federation",1987,0,0,0,"RUS"
"Rwanda",1987,0,0,0,"RWA"
"Saint Vincent and the Grenadines",1987,0,0,0,NA
"Senegal",1987,0,0,0,"SEN"
"Sierra Leone",1987,0,0,0,"SLE"
"Singapore",1987,0,0,0,"SGP"
"Slovakia",1987,0,0,0,NA
"Slovenia",1987,0,0,0,"SVN"
"Somalia",1987,0,0,0,NA
"South Africa",1987,0,0,0,"ZAF"
"Spain",1987,0,0,0,"ESP"
"Sri Lanka",1987,0,0,0,"LKA"
"Sudan",1987,0,0,0,"SDN"
"Sweden",1987,0,0,0,"SWE"
"Switzerland",1987,0,0,0,"CHE"
"Syrian Arab Republic",1987,0,0,0,"SYR"
"Thailand",1987,0,1,1,"THA"
"Togo",1987,0,0,0,"TGO"
"Trinidad and Tobago",1987,0,1,1,"TTO"
"Tunisia",1987,0,0,0,"TUN"
"Türkiye",1987,0,0,0,NA
"Uganda",1987,0,0,0,"UGA"
"Ukraine",1987,0,0,0,"UKR"
"Ukrainian SSR (Ukrainian Soviet Socialist Republic)",1987,0,0,0,NA
"United Arab Emirates",1987,1,1,1,"ARE"
"United Arab Republic",1987,0,0,0,NA
"United Kingdom of Great Britain and Northern Ireland",1987,1,1,1,NA
"United Republic of Tanzania",1987,0,0,0,NA
"United States of America",1987,1,1,1,NA
"Uruguay",1987,0,0,0,"URY"
"USSR (Union of Soviet Socialist Republics)",1987,1,1,1,NA
"Venezuela (Bolivarian Republic of)",1987,1,1,1,NA
"Viet Nam",1987,0,0,0,"VNM"
"Yemen",1987,0,0,0,NA
"Yugoslavia",1987,0,0,0,NA
"Zambia",1987,1,0,1,"ZMB"
"Zimbabwe",1987,0,0,0,"ZWE"
"",1988,0,0,0,NA
"Albania",1988,0,0,0,"ALB"
"Algeria",1988,1,0,1,"DZA"
"Angola",1988,0,0,0,"AGO"
"Argentina",1988,1,1,1,"ARG"
"Australia",1988,0,0,0,"AUS"
"Austria",1988,0,0,0,"AUT"
"Azerbaijan",1988,0,0,0,"AZE"
"Bahrain",1988,0,0,0,"BHR"
"Bangladesh",1988,0,0,0,"BGD"
"Belarus",1988,0,0,0,"BLR"
"Belgium",1988,0,0,0,"BEL"
"Benin",1988,0,0,0,"BEN"
"Bolivia (Plurinational State of)",1988,0,0,0,NA
"Bosnia and Herzegovina",1988,0,0,0,"BIH"
"Botswana",1988,0,0,0,"BWA"
"Brazil",1988,1,0,1,"BRA"
"Bulgaria",1988,0,1,1,"BGR"
"Burkina Faso",1988,0,0,0,"BFA"
"Burundi",1988,0,0,0,"BDI"
"Cabo Verde",1988,0,0,0,"CPV"
"Cameroon",1988,0,0,0,"CMR"
"Canada",1988,0,0,0,"CAN"
"Chad",1988,0,0,0,"TCD"
"Chile",1988,0,0,0,"CHL"
"China",1988,1,1,1,"CHN"
"Colombia",1988,0,0,0,"COL"
"Congo",1988,0,1,1,NA
"Costa Rica",1988,0,0,0,"CRI"
"Croatia",1988,0,0,0,"HRV"
"Cuba",1988,0,0,0,"CUB"
"Czechia",1988,0,0,0,"CZE"
"Czechoslovakia",1988,0,0,0,NA
"Democratic Republic of the Congo",1988,0,0,0,NA
"Denmark",1988,0,0,0,"DNK"
"Djibouti",1988,0,0,0,"DJI"
"Dominican Republic",1988,0,0,0,"DOM"
"Ecuador",1988,0,0,0,"ECU"
"Egypt",1988,0,0,0,NA
"Equatorial Guinea",1988,0,0,0,"GNQ"
"Estonia",1988,0,0,0,"EST"
"Ethiopia",1988,0,0,0,"ETH"
"Finland",1988,0,0,0,"FIN"
"France",1988,1,1,1,"FRA"
"Gabon",1988,0,0,0,"GAB"
"Gambia",1988,0,0,0,NA
"German DR (German Democratic Republic)",1988,0,0,0,NA
"German FR (German Federal Republic)",1988,1,1,1,NA
"Germany",1988,0,0,0,"DEU"
"Ghana",1988,0,1,1,"GHA"
"Greece",1988,0,0,0,"GRC"
"Guatemala",1988,0,0,0,"GTM"
"Guinea",1988,0,0,0,"GIN"
"Guinea-Bissau",1988,0,0,0,"GNB"
"Guyana",1988,0,0,0,"GUY"
"Honduras",1988,0,0,0,"HND"
"Hungary",1988,0,0,0,"HUN"
"India",1988,0,0,0,"IND"
"Indonesia",1988,0,0,0,"IDN"
"Iran (Islamic Republic of)",1988,0,0,0,NA
"Iraq",1988,0,0,0,"IRQ"
"Ireland",1988,0,0,0,"IRL"
"Italy",1988,1,1,1,"ITA"
"Jamaica",1988,0,0,0,"JAM"
"Japan",1988,1,1,1,"JPN"
"Jordan",1988,0,0,0,"JOR"
"Kazakhstan",1988,0,0,0,"KAZ"
"Kenya",1988,0,0,0,"KEN"
"Kuwait",1988,0,0,0,"KWT"
"Kyrgyzstan",1988,0,0,0,NA
"Latvia",1988,0,0,0,"LVA"
"Lebanon",1988,0,0,0,"LBN"
"Liberia",1988,0,0,0,"LBR"
"Libya",1988,0,0,0,"LBY"
"Lithuania",1988,0,0,0,"LTU"
"Luxembourg",1988,0,0,0,"LUX"
"Madagascar",1988,0,0,0,"MDG"
"Malaysia",1988,0,0,0,"MYS"
"Mali",1988,0,0,0,"MLI"
"Malta",1988,0,0,0,"MLT"
"Mauritania",1988,0,0,0,"MRT"
"Mauritius",1988,0,0,0,"MUS"
"Mexico",1988,0,0,0,"MEX"
"Morocco",1988,0,0,0,"MAR"
"Mozambique",1988,0,0,0,"MOZ"
"Namibia",1988,0,0,0,"NAM"
"Nepal",1988,1,0,1,"NPL"
"Netherlands",1988,0,0,0,"NLD"
"New Zealand",1988,0,0,0,"NZL"
"Nicaragua",1988,0,0,0,"NIC"
"Niger",1988,0,0,0,"NER"
"Nigeria",1988,0,0,0,"NGA"
"Norway",1988,0,0,0,"NOR"
"Oman",1988,0,0,0,"OMN"
"Pakistan",1988,0,0,0,"PAK"
"Panama",1988,0,0,0,"PAN"
"Paraguay",1988,0,0,0,"PRY"
"Peru",1988,0,0,0,"PER"
"Philippines",1988,0,0,0,"PHL"
"Poland",1988,0,0,0,"POL"
"Portugal",1988,0,0,0,"PRT"
"Qatar",1988,0,0,0,"QAT"
"Republic of Korea",1988,0,0,0,NA
"Romania",1988,0,0,0,"ROU"
"Russian Federation",1988,0,0,0,"RUS"
"Rwanda",1988,0,0,0,"RWA"
"Saint Vincent and the Grenadines",1988,0,0,0,NA
"Senegal",1988,1,0,1,"SEN"
"Sierra Leone",1988,0,0,0,"SLE"
"Singapore",1988,0,0,0,"SGP"
"Slovakia",1988,0,0,0,NA
"Slovenia",1988,0,0,0,"SVN"
"Somalia",1988,0,0,0,NA
"South Africa",1988,0,0,0,"ZAF"
"Spain",1988,0,0,0,"ESP"
"Sri Lanka",1988,0,0,0,"LKA"
"Sudan",1988,0,0,0,"SDN"
"Sweden",1988,0,0,0,"SWE"
"Switzerland",1988,0,0,0,"CHE"
"Syrian Arab Republic",1988,0,0,0,"SYR"
"Thailand",1988,0,0,0,"THA"
"Togo",1988,0,0,0,"TGO"
"Trinidad and Tobago",1988,0,0,0,"TTO"
"Tunisia",1988,0,0,0,"TUN"
"Türkiye",1988,0,0,0,NA
"Uganda",1988,0,0,0,"UGA"
"Ukraine",1988,0,0,0,"UKR"
"Ukrainian SSR (Ukrainian Soviet Socialist Republic)",1988,0,0,0,NA
"United Arab Emirates",1988,0,1,1,"ARE"
"United Arab Republic",1988,0,0,0,NA
"United Kingdom of Great Britain and Northern Ireland",1988,1,1,1,NA
"United Republic of Tanzania",1988,0,0,0,NA
"United States of America",1988,1,1,1,NA
"Uruguay",1988,0,0,0,"URY"
"USSR (Union of Soviet Socialist Republics)",1988,1,1,1,NA
"Venezuela (Bolivarian Republic of)",1988,0,1,1,NA
"Viet Nam",1988,0,0,0,"VNM"
"Yemen",1988,0,0,0,NA
"Yugoslavia",1988,1,0,1,NA
"Zambia",1988,1,1,1,"ZMB"
"Zimbabwe",1988,0,0,0,"ZWE"
"",1989,0,0,0,NA
"Albania",1989,0,0,0,"ALB"
"Algeria",1989,1,1,1,"DZA"
"Angola",1989,0,0,0,"AGO"
"Argentina",1989,0,1,1,"ARG"
"Australia",1989,0,0,0,"AUS"
"Austria",1989,0,0,0,"AUT"
"Azerbaijan",1989,0,0,0,"AZE"
"Bahrain",1989,0,0,0,"BHR"
"Bangladesh",1989,0,0,0,"BGD"
"Belarus",1989,0,0,0,"BLR"
"Belgium",1989,0,0,0,"BEL"
"Benin",1989,0,0,0,"BEN"
"Bolivia (Plurinational State of)",1989,0,0,0,NA
"Bosnia and Herzegovina",1989,0,0,0,"BIH"
"Botswana",1989,0,0,0,"BWA"
"Brazil",1989,1,1,1,"BRA"
"Bulgaria",1989,0,0,0,"BGR"
"Burkina Faso",1989,0,0,0,"BFA"
"Burundi",1989,0,0,0,"BDI"
"Cabo Verde",1989,0,0,0,"CPV"
"Cameroon",1989,0,0,0,"CMR"
"Canada",1989,1,0,1,"CAN"
"Chad",1989,0,0,0,"TCD"
"Chile",1989,0,0,0,"CHL"
"China",1989,1,1,1,"CHN"
"Colombia",1989,1,0,1,"COL"
"Congo",1989,0,0,0,NA
"Costa Rica",1989,0,0,0,"CRI"
"Croatia",1989,0,0,0,"HRV"
"Cuba",1989,0,0,0,"CUB"
"Czechia",1989,0,0,0,"CZE"
"Czechoslovakia",1989,0,0,0,NA
"Democratic Republic of the Congo",1989,0,0,0,NA
"Denmark",1989,0,0,0,"DNK"
"Djibouti",1989,0,0,0,"DJI"
"Dominican Republic",1989,0,0,0,"DOM"
"Ecuador",1989,0,0,0,"ECU"
"Egypt",1989,0,0,0,NA
"Equatorial Guinea",1989,0,0,0,"GNQ"
"Estonia",1989,0,0,0,"EST"
"Ethiopia",1989,1,0,1,"ETH"
"Finland",1989,1,0,1,"FIN"
"France",1989,1,1,1,"FRA"
"Gabon",1989,0,0,0,"GAB"
"Gambia",1989,0,0,0,NA
"German DR (German Democratic Republic)",1989,0,0,0,NA
"German FR (German Federal Republic)",1989,0,1,1,NA
"Germany",1989,0,0,0,"DEU"
"Ghana",1989,0,0,0,"GHA"
"Greece",1989,0,0,0,"GRC"
"Guatemala",1989,0,0,0,"GTM"
"Guinea",1989,0,0,0,"GIN"
"Guinea-Bissau",1989,0,0,0,"GNB"
"Guyana",1989,0,0,0,"GUY"
"Honduras",1989,0,0,0,"HND"
"Hungary",1989,0,0,0,"HUN"
"India",1989,0,0,0,"IND"
"Indonesia",1989,0,0,0,"IDN"
"Iran (Islamic Republic of)",1989,0,0,0,NA
"Iraq",1989,0,0,0,"IRQ"
"Ireland",1989,0,0,0,"IRL"
"Italy",1989,0,1,1,"ITA"
"Jamaica",1989,0,0,0,"JAM"
"Japan",1989,0,1,1,"JPN"
"Jordan",1989,0,0,0,"JOR"
"Kazakhstan",1989,0,0,0,"KAZ"
"Kenya",1989,0,0,0,"KEN"
"Kuwait",1989,0,0,0,"KWT"
"Kyrgyzstan",1989,0,0,0,NA
"Latvia",1989,0,0,0,"LVA"
"Lebanon",1989,0,0,0,"LBN"
"Liberia",1989,0,0,0,"LBR"
"Libya",1989,0,0,0,"LBY"
"Lithuania",1989,0,0,0,"LTU"
"Luxembourg",1989,0,0,0,"LUX"
"Madagascar",1989,0,0,0,"MDG"
"Malaysia",1989,1,0,1,"MYS"
"Mali",1989,0,0,0,"MLI"
"Malta",1989,0,0,0,"MLT"
"Mauritania",1989,0,0,0,"MRT"
"Mauritius",1989,0,0,0,"MUS"
"Mexico",1989,0,0,0,"MEX"
"Morocco",1989,0,0,0,"MAR"
"Mozambique",1989,0,0,0,"MOZ"
"Namibia",1989,0,0,0,"NAM"
"Nepal",1989,1,1,1,"NPL"
"Netherlands",1989,0,0,0,"NLD"
"New Zealand",1989,0,0,0,"NZL"
"Nicaragua",1989,0,0,0,"NIC"
"Niger",1989,0,0,0,"NER"
"Nigeria",1989,0,0,0,"NGA"
"Norway",1989,0,0,0,"NOR"
"Oman",1989,0,0,0,"OMN"
"Pakistan",1989,0,0,0,"PAK"
"Panama",1989,0,0,0,"PAN"
"Paraguay",1989,0,0,0,"PRY"
"Peru",1989,0,0,0,"PER"
"Philippines",1989,0,0,0,"PHL"
"Poland",1989,0,0,0,"POL"
"Portugal",1989,0,0,0,"PRT"
"Qatar",1989,0,0,0,"QAT"
"Republic of Korea",1989,0,0,0,NA
"Romania",1989,0,0,0,"ROU"
"Russian Federation",1989,0,0,0,"RUS"
"Rwanda",1989,0,0,0,"RWA"
"Saint Vincent and the Grenadines",1989,0,0,0,NA
"Senegal",1989,1,1,1,"SEN"
"Sierra Leone",1989,0,0,0,"SLE"
"Singapore",1989,0,0,0,"SGP"
"Slovakia",1989,0,0,0,NA
"Slovenia",1989,0,0,0,"SVN"
"Somalia",1989,0,0,0,NA
"South Africa",1989,0,0,0,"ZAF"
"Spain",1989,0,0,0,"ESP"
"Sri Lanka",1989,0,0,0,"LKA"
"Sudan",1989,0,0,0,"SDN"
"Sweden",1989,0,0,0,"SWE"
"Switzerland",1989,0,0,0,"CHE"
"Syrian Arab Republic",1989,0,0,0,"SYR"
"Thailand",1989,0,0,0,"THA"
"Togo",1989,0,0,0,"TGO"
"Trinidad and Tobago",1989,0,0,0,"TTO"
"Tunisia",1989,0,0,0,"TUN"
"Türkiye",1989,0,0,0,NA
"Uganda",1989,0,0,0,"UGA"
"Ukraine",1989,0,0,0,"UKR"
"Ukrainian SSR (Ukrainian Soviet Socialist Republic)",1989,0,0,0,NA
"United Arab Emirates",1989,0,0,0,"ARE"
"United Arab Republic",1989,0,0,0,NA
"United Kingdom of Great Britain and Northern Ireland",1989,1,1,1,NA
"United Republic of Tanzania",1989,0,0,0,NA
"United States of America",1989,1,1,1,NA
"Uruguay",1989,0,0,0,"URY"
"USSR (Union of Soviet Socialist Republics)",1989,1,1,1,NA
"Venezuela (Bolivarian Republic of)",1989,0,0,0,NA
"Viet Nam",1989,0,0,0,"VNM"
"Yemen",1989,0,0,0,NA
"Yugoslavia",1989,1,1,1,NA
"Zambia",1989,0,1,1,"ZMB"
"Zimbabwe",1989,0,0,0,"ZWE"
"",1990,1,0,1,NA
"Albania",1990,0,0,0,"ALB"
"Algeria",1990,0,1,1,"DZA"
"Angola",1990,0,0,0,"AGO"
"Argentina",1990,0,0,0,"ARG"
"Australia",1990,0,0,0,"AUS"
"Austria",1990,0,0,0,"AUT"
"Azerbaijan",1990,0,0,0,"AZE"
"Bahrain",1990,0,0,0,"BHR"
"Bangladesh",1990,0,0,0,"BGD"
"Belarus",1990,0,0,0,"BLR"
"Belgium",1990,0,0,0,"BEL"
"Benin",1990,0,0,0,"BEN"
"Bolivia (Plurinational State of)",1990,0,0,0,NA
"Bosnia and Herzegovina",1990,0,0,0,"BIH"
"Botswana",1990,0,0,0,"BWA"
"Brazil",1990,0,1,1,"BRA"
"Bulgaria",1990,0,0,0,"BGR"
"Burkina Faso",1990,0,0,0,"BFA"
"Burundi",1990,0,0,0,"BDI"
"Cabo Verde",1990,0,0,0,"CPV"
"Cameroon",1990,0,0,0,"CMR"
"Canada",1990,1,1,1,"CAN"
"Chad",1990,0,0,0,"TCD"
"Chile",1990,0,0,0,"CHL"
"China",1990,1,1,1,"CHN"
"Colombia",1990,1,1,1,"COL"
"Congo",1990,0,0,0,NA
"Costa Rica",1990,0,0,0,"CRI"
"Croatia",1990,0,0,0,"HRV"
"Cuba",1990,1,0,1,"CUB"
"Czechia",1990,0,0,0,"CZE"
"Czechoslovakia",1990,0,0,0,NA
"Democratic Republic of the Congo",1990,1,0,1,NA
"Denmark",1990,0,0,0,"DNK"
"Djibouti",1990,0,0,0,"DJI"
"Dominican Republic",1990,0,0,0,"DOM"
"Ecuador",1990,0,0,0,"ECU"
"Egypt",1990,0,0,0,NA
"Equatorial Guinea",1990,0,0,0,"GNQ"
"Estonia",1990,0,0,0,"EST"
"Ethiopia",1990,1,1,1,"ETH"
"Finland",1990,1,1,1,"FIN"
"France",1990,1,1,1,"FRA"
"Gabon",1990,0,0,0,"GAB"
"Gambia",1990,0,0,0,NA
"German DR (German Democratic Republic)",1990,0,0,0,NA
"German FR (German Federal Republic)",1990,0,0,0,NA
"Germany",1990,0,0,0,"DEU"
"Ghana",1990,0,0,0,"GHA"
"Greece",1990,0,0,0,"GRC"
"Guatemala",1990,0,0,0,"GTM"
"Guinea",1990,0,0,0,"GIN"
"Guinea-Bissau",1990,0,0,0,"GNB"
"Guyana",1990,0,0,0,"GUY"
"Honduras",1990,0,0,0,"HND"
"Hungary",1990,0,0,0,"HUN"
"India",1990,0,0,0,"IND"
"Indonesia",1990,0,0,0,"IDN"
"Iran (Islamic Republic of)",1990,0,0,0,NA
"Iraq",1990,0,0,0,"IRQ"
"Ireland",1990,0,0,0,"IRL"
"Italy",1990,0,0,0,"ITA"
"Jamaica",1990,0,0,0,"JAM"
"Japan",1990,0,0,0,"JPN"
"Jordan",1990,0,0,0,"JOR"
"Kazakhstan",1990,0,0,0,"KAZ"
"Kenya",1990,0,0,0,"KEN"
"Kuwait",1990,0,0,0,"KWT"
"Kyrgyzstan",1990,0,0,0,NA
"Latvia",1990,0,0,0,"LVA"
"Lebanon",1990,0,0,0,"LBN"
"Liberia",1990,0,0,0,"LBR"
"Libya",1990,0,0,0,"LBY"
"Lithuania",1990,0,0,0,"LTU"
"Luxembourg",1990,0,0,0,"LUX"
"Madagascar",1990,0,0,0,"MDG"
"Malaysia",1990,1,1,1,"MYS"
"Mali",1990,0,0,0,"MLI"
"Malta",1990,0,0,0,"MLT"
"Mauritania",1990,0,0,0,"MRT"
"Mauritius",1990,0,0,0,"MUS"
"Mexico",1990,0,0,0,"MEX"
"Morocco",1990,0,0,0,"MAR"
"Mozambique",1990,0,0,0,"MOZ"
"Namibia",1990,0,0,0,"NAM"
"Nepal",1990,0,1,1,"NPL"
"Netherlands",1990,0,0,0,"NLD"
"New Zealand",1990,0,0,0,"NZL"
"Nicaragua",1990,0,0,0,"NIC"
"Niger",1990,0,0,0,"NER"
"Nigeria",1990,0,0,0,"NGA"
"Norway",1990,0,0,0,"NOR"
"Oman",1990,0,0,0,"OMN"
"Pakistan",1990,0,0,0,"PAK"
"Panama",1990,0,0,0,"PAN"
"Paraguay",1990,0,0,0,"PRY"
"Peru",1990,0,0,0,"PER"
"Philippines",1990,0,0,0,"PHL"
"Poland",1990,0,0,0,"POL"
"Portugal",1990,0,0,0,"PRT"
"Qatar",1990,0,0,0,"QAT"
"Republic of Korea",1990,0,0,0,NA
"Romania",1990,1,0,1,"ROU"
"Russian Federation",1990,0,0,0,"RUS"
"Rwanda",1990,0,0,0,"RWA"
"Saint Vincent and the Grenadines",1990,0,0,0,NA
"Senegal",1990,0,1,1,"SEN"
"Sierra Leone",1990,0,0,0,"SLE"
"Singapore",1990,0,0,0,"SGP"
"Slovakia",1990,0,0,0,NA
"Slovenia",1990,0,0,0,"SVN"
"Somalia",1990,0,0,0,NA
"South Africa",1990,0,0,0,"ZAF"
"Spain",1990,0,0,0,"ESP"
"Sri Lanka",1990,0,0,0,"LKA"
"Sudan",1990,0,0,0,"SDN"
"Sweden",1990,0,0,0,"SWE"
"Switzerland",1990,0,0,0,"CHE"
"Syrian Arab Republic",1990,0,0,0,"SYR"
"Thailand",1990,0,0,0,"THA"
"Togo",1990,0,0,0,"TGO"
"Trinidad and Tobago",1990,0,0,0,"TTO"
"Tunisia",1990,0,0,0,"TUN"
"Türkiye",1990,0,0,0,NA
"Uganda",1990,0,0,0,"UGA"
"Ukraine",1990,0,0,0,"UKR"
"Ukrainian SSR (Ukrainian Soviet Socialist Republic)",1990,0,0,0,NA
"United Arab Emirates",1990,0,0,0,"ARE"
"United Arab Republic",1990,0,0,0,NA
"United Kingdom of Great Britain and Northern Ireland",1990,1,1,1,NA
"United Republic of Tanzania",1990,0,0,0,NA
"United States of America",1990,1,1,1,NA
"Uruguay",1990,0,0,0,"URY"
"USSR (Union of Soviet Socialist Republics)",1990,1,1,1,NA
"Venezuela (Bolivarian Republic of)",1990,0,0,0,NA
"Viet Nam",1990,0,0,0,"VNM"
"Yemen",1990,1,0,1,NA
"Yugoslavia",1990,0,1,1,NA
"Zambia",1990,0,0,0,"ZMB"
"Zimbabwe",1990,0,0,0,"ZWE"
"",1991,1,1,1,NA
"Albania",1991,0,0,0,"ALB"
"Algeria",1991,0,0,0,"DZA"
"Angola",1991,0,0,0,"AGO"
"Argentina",1991,0,0,0,"ARG"
"Australia",1991,0,0,0,"AUS"
"Austria",1991,1,0,1,"AUT"
"Azerbaijan",1991,0,0,0,"AZE"
"Bahrain",1991,0,0,0,"BHR"
"Bangladesh",1991,0,0,0,"BGD"
"Belarus",1991,0,0,0,"BLR"
"Belgium",1991,1,0,1,"BEL"
"Benin",1991,0,0,0,"BEN"
"Bolivia (Plurinational State of)",1991,0,0,0,NA
"Bosnia and Herzegovina",1991,0,0,0,"BIH"
"Botswana",1991,0,0,0,"BWA"
"Brazil",1991,0,0,0,"BRA"
"Bulgaria",1991,0,0,0,"BGR"
"Burkina Faso",1991,0,0,0,"BFA"
"Burundi",1991,0,0,0,"BDI"
"Cabo Verde",1991,0,0,0,"CPV"
"Cameroon",1991,0,0,0,"CMR"
"Canada",1991,0,1,1,"CAN"
"Chad",1991,0,0,0,"TCD"
"Chile",1991,0,0,0,"CHL"
"China",1991,1,1,1,"CHN"
"Colombia",1991,0,1,1,"COL"
"Congo",1991,0,0,0,NA
"Costa Rica",1991,0,0,0,"CRI"
"Croatia",1991,0,0,0,"HRV"
"Cuba",1991,1,1,1,"CUB"
"Czechia",1991,0,0,0,"CZE"
"Czechoslovakia",1991,0,0,0,NA
"Democratic Republic of the Congo",1991,1,1,1,NA
"Denmark",1991,0,0,0,"DNK"
"Djibouti",1991,0,0,0,"DJI"
"Dominican Republic",1991,0,0,0,"DOM"
"Ecuador",1991,1,0,1,"ECU"
"Egypt",1991,0,0,0,NA
"Equatorial Guinea",1991,0,0,0,"GNQ"
"Estonia",1991,0,0,0,"EST"
"Ethiopia",1991,0,1,1,"ETH"
"Finland",1991,0,1,1,"FIN"
"France",1991,1,1,1,"FRA"
"Gabon",1991,0,0,0,"GAB"
"Gambia",1991,0,0,0,NA
"German DR (German Democratic Republic)",1991,0,0,0,NA
"German FR (German Federal Republic)",1991,0,0,0,NA
"Germany",1991,0,0,0,"DEU"
"Ghana",1991,0,0,0,"GHA"
"Greece",1991,0,0,0,"GRC"
"Guatemala",1991,0,0,0,"GTM"
"Guinea",1991,0,0,0,"GIN"
"Guinea-Bissau",1991,0,0,0,"GNB"
"Guyana",1991,0,0,0,"GUY"
"Honduras",1991,0,0,0,"HND"
"Hungary",1991,0,0,0,"HUN"
"India",1991,1,0,1,"IND"
"Indonesia",1991,0,0,0,"IDN"
"Iran (Islamic Republic of)",1991,0,0,0,NA
"Iraq",1991,0,0,0,"IRQ"
"Ireland",1991,0,0,0,"IRL"
"Italy",1991,0,0,0,"ITA"
"Jamaica",1991,0,0,0,"JAM"
"Japan",1991,0,0,0,"JPN"
"Jordan",1991,0,0,0,"JOR"
"Kazakhstan",1991,0,0,0,"KAZ"
"Kenya",1991,0,0,0,"KEN"
"Kuwait",1991,0,0,0,"KWT"
"Kyrgyzstan",1991,0,0,0,NA
"Latvia",1991,0,0,0,"LVA"
"Lebanon",1991,0,0,0,"LBN"
"Liberia",1991,0,0,0,"LBR"
"Libya",1991,0,0,0,"LBY"
"Lithuania",1991,0,0,0,"LTU"
"Luxembourg",1991,0,0,0,"LUX"
"Madagascar",1991,0,0,0,"MDG"
"Malaysia",1991,0,1,1,"MYS"
"Mali",1991,0,0,0,"MLI"
"Malta",1991,0,0,0,"MLT"
"Mauritania",1991,0,0,0,"MRT"
"Mauritius",1991,0,0,0,"MUS"
"Mexico",1991,0,0,0,"MEX"
"Morocco",1991,0,0,0,"MAR"
"Mozambique",1991,0,0,0,"MOZ"
"Namibia",1991,0,0,0,"NAM"
"Nepal",1991,0,0,0,"NPL"
"Netherlands",1991,0,0,0,"NLD"
"New Zealand",1991,0,0,0,"NZL"
"Nicaragua",1991,0,0,0,"NIC"
"Niger",1991,0,0,0,"NER"
"Nigeria",1991,0,0,0,"NGA"
"Norway",1991,0,0,0,"NOR"
"Oman",1991,0,0,0,"OMN"
"Pakistan",1991,0,0,0,"PAK"
"Panama",1991,0,0,0,"PAN"
"Paraguay",1991,0,0,0,"PRY"
"Peru",1991,0,0,0,"PER"
"Philippines",1991,0,0,0,"PHL"
"Poland",1991,0,0,0,"POL"
"Portugal",1991,0,0,0,"PRT"
"Qatar",1991,0,0,0,"QAT"
"Republic of Korea",1991,0,0,0,NA
"Romania",1991,1,1,1,"ROU"
"Russian Federation",1991,0,0,0,"RUS"
"Rwanda",1991,0,0,0,"RWA"
"Saint Vincent and the Grenadines",1991,0,0,0,NA
"Senegal",1991,0,0,0,"SEN"
"Sierra Leone",1991,0,0,0,"SLE"
"Singapore",1991,0,0,0,"SGP"
"Slovakia",1991,0,0,0,NA
"Slovenia",1991,0,0,0,"SVN"
"Somalia",1991,0,0,0,NA
"South Africa",1991,0,0,0,"ZAF"
"Spain",1991,0,0,0,"ESP"
"Sri Lanka",1991,0,0,0,"LKA"
"Sudan",1991,0,0,0,"SDN"
"Sweden",1991,0,0,0,"SWE"
"Switzerland",1991,0,0,0,"CHE"
"Syrian Arab Republic",1991,0,0,0,"SYR"
"Thailand",1991,0,0,0,"THA"
"Togo",1991,0,0,0,"TGO"
"Trinidad and Tobago",1991,0,0,0,"TTO"
"Tunisia",1991,0,0,0,"TUN"
"Türkiye",1991,0,0,0,NA
"Uganda",1991,0,0,0,"UGA"
"Ukraine",1991,0,0,0,"UKR"
"Ukrainian SSR (Ukrainian Soviet Socialist Republic)",1991,0,0,0,NA
"United Arab Emirates",1991,0,0,0,"ARE"
"United Arab Republic",1991,0,0,0,NA
"United Kingdom of Great Britain and Northern Ireland",1991,1,1,1,NA
"United Republic of Tanzania",1991,0,0,0,NA
"United States of America",1991,1,1,1,NA
"Uruguay",1991,0,0,0,"URY"
"USSR (Union of Soviet Socialist Republics)",1991,1,1,1,NA
"Venezuela (Bolivarian Republic of)",1991,0,0,0,NA
"Viet Nam",1991,0,0,0,"VNM"
"Yemen",1991,1,1,1,NA
"Yugoslavia",1991,0,0,0,NA
"Zambia",1991,0,0,0,"ZMB"
"Zimbabwe",1991,1,0,1,"ZWE"
"",1992,0,1,1,NA
"Albania",1992,0,0,0,"ALB"
"Algeria",1992,0,0,0,"DZA"
"Angola",1992,0,0,0,"AGO"
"Argentina",1992,0,0,0,"ARG"
"Australia",1992,0,0,0,"AUS"
"Austria",1992,1,1,1,"AUT"
"Azerbaijan",1992,0,0,0,"AZE"
"Bahrain",1992,0,0,0,"BHR"
"Bangladesh",1992,0,0,0,"BGD"
"Belarus",1992,0,0,0,"BLR"
"Belgium",1992,1,1,1,"BEL"
"Benin",1992,0,0,0,"BEN"
"Bolivia (Plurinational State of)",1992,0,0,0,NA
"Bosnia and Herzegovina",1992,0,0,0,"BIH"
"Botswana",1992,0,0,0,"BWA"
"Brazil",1992,0,0,0,"BRA"
"Bulgaria",1992,0,0,0,"BGR"
"Burkina Faso",1992,0,0,0,"BFA"
"Burundi",1992,0,0,0,"BDI"
"Cabo Verde",1992,1,0,1,"CPV"
"Cameroon",1992,0,0,0,"CMR"
"Canada",1992,0,0,0,"CAN"
"Chad",1992,0,0,0,"TCD"
"Chile",1992,0,0,0,"CHL"
"China",1992,1,1,1,"CHN"
"Colombia",1992,0,0,0,"COL"
"Congo",1992,0,0,0,NA
"Costa Rica",1992,0,0,0,"CRI"
"Croatia",1992,0,0,0,"HRV"
"Cuba",1992,0,1,1,"CUB"
"Czechia",1992,0,0,0,"CZE"
"Czechoslovakia",1992,0,0,0,NA
"Democratic Republic of the Congo",1992,0,1,1,NA
"Denmark",1992,0,0,0,"DNK"
"Djibouti",1992,0,0,0,"DJI"
"Dominican Republic",1992,0,0,0,"DOM"
"Ecuador",1992,1,1,1,"ECU"
"Egypt",1992,0,0,0,NA
"Equatorial Guinea",1992,0,0,0,"GNQ"
"Estonia",1992,0,0,0,"EST"
"Ethiopia",1992,0,0,0,"ETH"
"Finland",1992,0,0,0,"FIN"
"France",1992,1,1,1,"FRA"
"Gabon",1992,0,0,0,"GAB"
"Gambia",1992,0,0,0,NA
"German DR (German Democratic Republic)",1992,0,0,0,NA
"German FR (German Federal Republic)",1992,0,0,0,NA
"Germany",1992,0,0,0,"DEU"
"Ghana",1992,0,0,0,"GHA"
"Greece",1992,0,0,0,"GRC"
"Guatemala",1992,0,0,0,"GTM"
"Guinea",1992,0,0,0,"GIN"
"Guinea-Bissau",1992,0,0,0,"GNB"
"Guyana",1992,0,0,0,"GUY"
"Honduras",1992,0,0,0,"HND"
"Hungary",1992,1,0,1,"HUN"
"India",1992,1,1,1,"IND"
"Indonesia",1992,0,0,0,"IDN"
"Iran (Islamic Republic of)",1992,0,0,0,NA
"Iraq",1992,0,0,0,"IRQ"
"Ireland",1992,0,0,0,"IRL"
"Italy",1992,0,0,0,"ITA"
"Jamaica",1992,0,0,0,"JAM"
"Japan",1992,1,0,1,"JPN"
"Jordan",1992,0,0,0,"JOR"
"Kazakhstan",1992,0,0,0,"KAZ"
"Kenya",1992,0,0,0,"KEN"
"Kuwait",1992,0,0,0,"KWT"
"Kyrgyzstan",1992,0,0,0,NA
"Latvia",1992,0,0,0,"LVA"
"Lebanon",1992,0,0,0,"LBN"
"Liberia",1992,0,0,0,"LBR"
"Libya",1992,0,0,0,"LBY"
"Lithuania",1992,0,0,0,"LTU"
"Luxembourg",1992,0,0,0,"LUX"
"Madagascar",1992,0,0,0,"MDG"
"Malaysia",1992,0,0,0,"MYS"
"Mali",1992,0,0,0,"MLI"
"Malta",1992,0,0,0,"MLT"
"Mauritania",1992,0,0,0,"MRT"
"Mauritius",1992,0,0,0,"MUS"
"Mexico",1992,0,0,0,"MEX"
"Morocco",1992,1,0,1,"MAR"
"Mozambique",1992,0,0,0,"MOZ"
"Namibia",1992,0,0,0,"NAM"
"Nepal",1992,0,0,0,"NPL"
"Netherlands",1992,0,0,0,"NLD"
"New Zealand",1992,0,0,0,"NZL"
"Nicaragua",1992,0,0,0,"NIC"
"Niger",1992,0,0,0,"NER"
"Nigeria",1992,0,0,0,"NGA"
"Norway",1992,0,0,0,"NOR"
"Oman",1992,0,0,0,"OMN"
"Pakistan",1992,0,0,0,"PAK"
"Panama",1992,0,0,0,"PAN"
"Paraguay",1992,0,0,0,"PRY"
"Peru",1992,0,0,0,"PER"
"Philippines",1992,0,0,0,"PHL"
"Poland",1992,0,0,0,"POL"
"Portugal",1992,0,0,0,"PRT"
"Qatar",1992,0,0,0,"QAT"
"Republic of Korea",1992,0,0,0,NA
"Romania",1992,0,1,1,"ROU"
"Russian Federation",1992,1,0,1,"RUS"
"Rwanda",1992,0,0,0,"RWA"
"Saint Vincent and the Grenadines",1992,0,0,0,NA
"Senegal",1992,0,0,0,"SEN"
"Sierra Leone",1992,0,0,0,"SLE"
"Singapore",1992,0,0,0,"SGP"
"Slovakia",1992,0,0,0,NA
"Slovenia",1992,0,0,0,"SVN"
"Somalia",1992,0,0,0,NA
"South Africa",1992,0,0,0,"ZAF"
"Spain",1992,0,0,0,"ESP"
"Sri Lanka",1992,0,0,0,"LKA"
"Sudan",1992,0,0,0,"SDN"
"Sweden",1992,0,0,0,"SWE"
"Switzerland",1992,0,0,0,"CHE"
"Syrian Arab Republic",1992,0,0,0,"SYR"
"Thailand",1992,0,0,0,"THA"
"Togo",1992,0,0,0,"TGO"
"Trinidad and Tobago",1992,0,0,0,"TTO"
"Tunisia",1992,0,0,0,"TUN"
"Türkiye",1992,0,0,0,NA
"Uganda",1992,0,0,0,"UGA"
"Ukraine",1992,0,0,0,"UKR"
"Ukrainian SSR (Ukrainian Soviet Socialist Republic)",1992,0,0,0,NA
"United Arab Emirates",1992,0,0,0,"ARE"
"United Arab Republic",1992,0,0,0,NA
"United Kingdom of Great Britain and Northern Ireland",1992,1,1,1,NA
"United Republic of Tanzania",1992,0,0,0,NA
"United States of America",1992,1,1,1,NA
"Uruguay",1992,0,0,0,"URY"
"USSR (Union of Soviet Socialist Republics)",1992,0,1,1,NA
"Venezuela (Bolivarian Republic of)",1992,1,0,1,NA
"Viet Nam",1992,0,0,0,"VNM"
"Yemen",1992,0,1,1,NA
"Yugoslavia",1992,0,0,0,NA
"Zambia",1992,0,0,0,"ZMB"
"Zimbabwe",1992,1,1,1,"ZWE"
"",1993,0,0,0,NA
"Albania",1993,0,0,0,"ALB"
"Algeria",1993,0,0,0,"DZA"
"Angola",1993,0,0,0,"AGO"
"Argentina",1993,0,0,0,"ARG"
"Australia",1993,0,0,0,"AUS"
"Austria",1993,0,1,1,"AUT"
"Azerbaijan",1993,0,0,0,"AZE"
"Bahrain",1993,0,0,0,"BHR"
"Bangladesh",1993,0,0,0,"BGD"
"Belarus",1993,0,0,0,"BLR"
"Belgium",1993,0,1,1,"BEL"
"Benin",1993,0,0,0,"BEN"
"Bolivia (Plurinational State of)",1993,0,0,0,NA
"Bosnia and Herzegovina",1993,0,0,0,"BIH"
"Botswana",1993,0,0,0,"BWA"
"Brazil",1993,1,0,1,"BRA"
"Bulgaria",1993,0,0,0,"BGR"
"Burkina Faso",1993,0,0,0,"BFA"
"Burundi",1993,0,0,0,"BDI"
"Cabo Verde",1993,1,1,1,"CPV"
"Cameroon",1993,0,0,0,"CMR"
"Canada",1993,0,0,0,"CAN"
"Chad",1993,0,0,0,"TCD"
"Chile",1993,0,0,0,"CHL"
"China",1993,1,1,1,"CHN"
"Colombia",1993,0,0,0,"COL"
"Congo",1993,0,0,0,NA
"Costa Rica",1993,0,0,0,"CRI"
"Croatia",1993,0,0,0,"HRV"
"Cuba",1993,0,0,0,"CUB"
"Czechia",1993,0,0,0,"CZE"
"Czechoslovakia",1993,0,0,0,NA
"Democratic Republic of the Congo",1993,0,0,0,NA
"Denmark",1993,0,0,0,"DNK"
"Djibouti",1993,1,0,1,"DJI"
"Dominican Republic",1993,0,0,0,"DOM"
"Ecuador",1993,0,1,1,"ECU"
"Egypt",1993,0,0,0,NA
"Equatorial Guinea",1993,0,0,0,"GNQ"
"Estonia",1993,0,0,0,"EST"
"Ethiopia",1993,0,0,0,"ETH"
"Finland",1993,0,0,0,"FIN"
"France",1993,1,1,1,"FRA"
"Gabon",1993,0,0,0,"GAB"
"Gambia",1993,0,0,0,NA
"German DR (German Democratic Republic)",1993,0,0,0,NA
"German FR (German Federal Republic)",1993,0,0,0,NA
"Germany",1993,0,0,0,"DEU"
"Ghana",1993,0,0,0,"GHA"
"Greece",1993,0,0,0,"GRC"
"Guatemala",1993,0,0,0,"GTM"
"Guinea",1993,0,0,0,"GIN"
"Guinea-Bissau",1993,0,0,0,"GNB"
"Guyana",1993,0,0,0,"GUY"
"Honduras",1993,0,0,0,"HND"
"Hungary",1993,1,1,1,"HUN"
"India",1993,0,1,1,"IND"
"Indonesia",1993,0,0,0,"IDN"
"Iran (Islamic Republic of)",1993,0,0,0,NA
"Iraq",1993,0,0,0,"IRQ"
"Ireland",1993,0,0,0,"IRL"
"Italy",1993,0,0,0,"ITA"
"Jamaica",1993,0,0,0,"JAM"
"Japan",1993,1,1,1,"JPN"
"Jordan",1993,0,0,0,"JOR"
"Kazakhstan",1993,0,0,0,"KAZ"
"Kenya",1993,0,0,0,"KEN"
"Kuwait",1993,0,0,0,"KWT"
"Kyrgyzstan",1993,0,0,0,NA
"Latvia",1993,0,0,0,"LVA"
"Lebanon",1993,0,0,0,"LBN"
"Liberia",1993,0,0,0,"LBR"
"Libya",1993,0,0,0,"LBY"
"Lithuania",1993,0,0,0,"LTU"
"Luxembourg",1993,0,0,0,"LUX"
"Madagascar",1993,0,0,0,"MDG"
"Malaysia",1993,0,0,0,"MYS"
"Mali",1993,0,0,0,"MLI"
"Malta",1993,0,0,0,"MLT"
"Mauritania",1993,0,0,0,"MRT"
"Mauritius",1993,0,0,0,"MUS"
"Mexico",1993,0,0,0,"MEX"
"Morocco",1993,1,1,1,"MAR"
"Mozambique",1993,0,0,0,"MOZ"
"Namibia",1993,0,0,0,"NAM"
"Nepal",1993,0,0,0,"NPL"
"Netherlands",1993,0,0,0,"NLD"
"New Zealand",1993,1,0,1,"NZL"
"Nicaragua",1993,0,0,0,"NIC"
"Niger",1993,0,0,0,"NER"
"Nigeria",1993,0,0,0,"NGA"
"Norway",1993,0,0,0,"NOR"
"Oman",1993,0,0,0,"OMN"
"Pakistan",1993,1,0,1,"PAK"
"Panama",1993,0,0,0,"PAN"
"Paraguay",1993,0,0,0,"PRY"
"Peru",1993,0,0,0,"PER"
"Philippines",1993,0,0,0,"PHL"
"Poland",1993,0,0,0,"POL"
"Portugal",1993,0,0,0,"PRT"
"Qatar",1993,0,0,0,"QAT"
"Republic of Korea",1993,0,0,0,NA
"Romania",1993,0,0,0,"ROU"
"Russian Federation",1993,1,1,1,"RUS"
"Rwanda",1993,0,0,0,"RWA"
"Saint Vincent and the Grenadines",1993,0,0,0,NA
"Senegal",1993,0,0,0,"SEN"
"Sierra Leone",1993,0,0,0,"SLE"
"Singapore",1993,0,0,0,"SGP"
"Slovakia",1993,0,0,0,NA
"Slovenia",1993,0,0,0,"SVN"
"Somalia",1993,0,0,0,NA
"South Africa",1993,0,0,0,"ZAF"
"Spain",1993,1,0,1,"ESP"
"Sri Lanka",1993,0,0,0,"LKA"
"Sudan",1993,0,0,0,"SDN"
"Sweden",1993,0,0,0,"SWE"
"Switzerland",1993,0,0,0,"CHE"
"Syrian Arab Republic",1993,0,0,0,"SYR"
"Thailand",1993,0,0,0,"THA"
"Togo",1993,0,0,0,"TGO"
"Trinidad and Tobago",1993,0,0,0,"TTO"
"Tunisia",1993,0,0,0,"TUN"
"Türkiye",1993,0,0,0,NA
"Uganda",1993,0,0,0,"UGA"
"Ukraine",1993,0,0,0,"UKR"
"Ukrainian SSR (Ukrainian Soviet Socialist Republic)",1993,0,0,0,NA
"United Arab Emirates",1993,0,0,0,"ARE"
"United Arab Republic",1993,0,0,0,NA
"United Kingdom of Great Britain and Northern Ireland",1993,1,1,1,NA
"United Republic of Tanzania",1993,0,0,0,NA
"United States of America",1993,1,1,1,NA
"Uruguay",1993,0,0,0,"URY"
"USSR (Union of Soviet Socialist Republics)",1993,0,0,0,NA
"Venezuela (Bolivarian Republic of)",1993,1,1,1,NA
"Viet Nam",1993,0,0,0,"VNM"
"Yemen",1993,0,0,0,NA
"Yugoslavia",1993,0,0,0,NA
"Zambia",1993,0,0,0,"ZMB"
"Zimbabwe",1993,0,1,1,"ZWE"
"",1994,0,0,0,NA
"Albania",1994,0,0,0,"ALB"
"Algeria",1994,0,0,0,"DZA"
"Angola",1994,0,0,0,"AGO"
"Argentina",1994,1,0,1,"ARG"
"Australia",1994,0,0,0,"AUS"
"Austria",1994,0,0,0,"AUT"
"Azerbaijan",1994,0,0,0,"AZE"
"Bahrain",1994,0,0,0,"BHR"
"Bangladesh",1994,0,0,0,"BGD"
"Belarus",1994,0,0,0,"BLR"
"Belgium",1994,0,0,0,"BEL"
"Benin",1994,0,0,0,"BEN"
"Bolivia (Plurinational State of)",1994,0,0,0,NA
"Bosnia and Herzegovina",1994,0,0,0,"BIH"
"Botswana",1994,0,0,0,"BWA"
"Brazil",1994,1,1,1,"BRA"
"Bulgaria",1994,0,0,0,"BGR"
"Burkina Faso",1994,0,0,0,"BFA"
"Burundi",1994,0,0,0,"BDI"
"Cabo Verde",1994,0,1,1,"CPV"
"Cameroon",1994,0,0,0,"CMR"
"Canada",1994,0,0,0,"CAN"
"Chad",1994,0,0,0,"TCD"
"Chile",1994,0,0,0,"CHL"
"China",1994,1,1,1,"CHN"
"Colombia",1994,0,0,0,"COL"
"Congo",1994,0,0,0,NA
"Costa Rica",1994,0,0,0,"CRI"
"Croatia",1994,0,0,0,"HRV"
"Cuba",1994,0,0,0,"CUB"
"Czechia",1994,1,0,1,"CZE"
"Czechoslovakia",1994,0,0,0,NA
"Democratic Republic of the Congo",1994,0,0,0,NA
"Denmark",1994,0,0,0,"DNK"
"Djibouti",1994,1,1,1,"DJI"
"Dominican Republic",1994,0,0,0,"DOM"
"Ecuador",1994,0,0,0,"ECU"
"Egypt",1994,0,0,0,NA
"Equatorial Guinea",1994,0,0,0,"GNQ"
"Estonia",1994,0,0,0,"EST"
"Ethiopia",1994,0,0,0,"ETH"
"Finland",1994,0,0,0,"FIN"
"France",1994,1,1,1,"FRA"
"Gabon",1994,0,0,0,"GAB"
"Gambia",1994,0,0,0,NA
"German DR (German Democratic Republic)",1994,0,0,0,NA
"German FR (German Federal Republic)",1994,0,0,0,NA
"Germany",1994,0,0,0,"DEU"
"Ghana",1994,0,0,0,"GHA"
"Greece",1994,0,0,0,"GRC"
"Guatemala",1994,0,0,0,"GTM"
"Guinea",1994,0,0,0,"GIN"
"Guinea-Bissau",1994,0,0,0,"GNB"
"Guyana",1994,0,0,0,"GUY"
"Honduras",1994,0,0,0,"HND"
"Hungary",1994,0,1,1,"HUN"
"India",1994,0,0,0,"IND"
"Indonesia",1994,0,0,0,"IDN"
"Iran (Islamic Republic of)",1994,0,0,0,NA
"Iraq",1994,0,0,0,"IRQ"
"Ireland",1994,0,0,0,"IRL"
"Italy",1994,0,0,0,"ITA"
"Jamaica",1994,0,0,0,"JAM"
"Japan",1994,0,1,1,"JPN"
"Jordan",1994,0,0,0,"JOR"
"Kazakhstan",1994,0,0,0,"KAZ"
"Kenya",1994,0,0,0,"KEN"
"Kuwait",1994,0,0,0,"KWT"
"Kyrgyzstan",1994,0,0,0,NA
"Latvia",1994,0,0,0,"LVA"
"Lebanon",1994,0,0,0,"LBN"
"Liberia",1994,0,0,0,"LBR"
"Libya",1994,0,0,0,"LBY"
"Lithuania",1994,0,0,0,"LTU"
"Luxembourg",1994,0,0,0,"LUX"
"Madagascar",1994,0,0,0,"MDG"
"Malaysia",1994,0,0,0,"MYS"
"Mali",1994,0,0,0,"MLI"
"Malta",1994,0,0,0,"MLT"
"Mauritania",1994,0,0,0,"MRT"
"Mauritius",1994,0,0,0,"MUS"
"Mexico",1994,0,0,0,"MEX"
"Morocco",1994,0,1,1,"MAR"
"Mozambique",1994,0,0,0,"MOZ"
"Namibia",1994,0,0,0,"NAM"
"Nepal",1994,0,0,0,"NPL"
"Netherlands",1994,0,0,0,"NLD"
"New Zealand",1994,1,1,1,"NZL"
"Nicaragua",1994,0,0,0,"NIC"
"Niger",1994,0,0,0,"NER"
"Nigeria",1994,1,0,1,"NGA"
"Norway",1994,0,0,0,"NOR"
"Oman",1994,1,0,1,"OMN"
"Pakistan",1994,1,1,1,"PAK"
"Panama",1994,0,0,0,"PAN"
"Paraguay",1994,0,0,0,"PRY"
"Peru",1994,0,0,0,"PER"
"Philippines",1994,0,0,0,"PHL"
"Poland",1994,0,0,0,"POL"
"Portugal",1994,0,0,0,"PRT"
"Qatar",1994,0,0,0,"QAT"
"Republic of Korea",1994,0,0,0,NA
"Romania",1994,0,0,0,"ROU"
"Russian Federation",1994,1,1,1,"RUS"
"Rwanda",1994,1,0,1,"RWA"
"Saint Vincent and the Grenadines",1994,0,0,0,NA
"Senegal",1994,0,0,0,"SEN"
"Sierra Leone",1994,0,0,0,"SLE"
"Singapore",1994,0,0,0,"SGP"
"Slovakia",1994,0,0,0,NA
"Slovenia",1994,0,0,0,"SVN"
"Somalia",1994,0,0,0,NA
"South Africa",1994,0,0,0,"ZAF"
"Spain",1994,1,1,1,"ESP"
"Sri Lanka",1994,0,0,0,"LKA"
"Sudan",1994,0,0,0,"SDN"
"Sweden",1994,0,0,0,"SWE"
"Switzerland",1994,0,0,0,"CHE"
"Syrian Arab Republic",1994,0,0,0,"SYR"
"Thailand",1994,0,0,0,"THA"
"Togo",1994,0,0,0,"TGO"
"Trinidad and Tobago",1994,0,0,0,"TTO"
"Tunisia",1994,0,0,0,"TUN"
"Türkiye",1994,0,0,0,NA
"Uganda",1994,0,0,0,"UGA"
"Ukraine",1994,0,0,0,"UKR"
"Ukrainian SSR (Ukrainian Soviet Socialist Republic)",1994,0,0,0,NA
"United Arab Emirates",1994,0,0,0,"ARE"
"United Arab Republic",1994,0,0,0,NA
"United Kingdom of Great Britain and Northern Ireland",1994,1,1,1,NA
"United Republic of Tanzania",1994,0,0,0,NA
"United States of America",1994,1,1,1,NA
"Uruguay",1994,0,0,0,"URY"
"USSR (Union of Soviet Socialist Republics)",1994,0,0,0,NA
"Venezuela (Bolivarian Republic of)",1994,0,1,1,NA
"Viet Nam",1994,0,0,0,"VNM"
"Yemen",1994,0,0,0,NA
"Yugoslavia",1994,0,0,0,NA
"Zambia",1994,0,0,0,"ZMB"
"Zimbabwe",1994,0,0,0,"ZWE"
"",1995,0,0,0,NA
"Albania",1995,0,0,0,"ALB"
"Algeria",1995,0,0,0,"DZA"
"Angola",1995,0,0,0,"AGO"
"Argentina",1995,1,1,1,"ARG"
"Australia",1995,0,0,0,"AUS"
"Austria",1995,0,0,0,"AUT"
"Azerbaijan",1995,0,0,0,"AZE"
"Bahrain",1995,0,0,0,"BHR"
"Bangladesh",1995,0,0,0,"BGD"
"Belarus",1995,0,0,0,"BLR"
"Belgium",1995,0,0,0,"BEL"
"Benin",1995,0,0,0,"BEN"
"Bolivia (Plurinational State of)",1995,0,0,0,NA
"Bosnia and Herzegovina",1995,0,0,0,"BIH"
"Botswana",1995,1,0,1,"BWA"
"Brazil",1995,0,1,1,"BRA"
"Bulgaria",1995,0,0,0,"BGR"
"Burkina Faso",1995,0,0,0,"BFA"
"Burundi",1995,0,0,0,"BDI"
"Cabo Verde",1995,0,0,0,"CPV"
"Cameroon",1995,0,0,0,"CMR"
"Canada",1995,0,0,0,"CAN"
"Chad",1995,0,0,0,"TCD"
"Chile",1995,0,0,0,"CHL"
"China",1995,1,1,1,"CHN"
"Colombia",1995,0,0,0,"COL"
"Congo",1995,0,0,0,NA
"Costa Rica",1995,0,0,0,"CRI"
"Croatia",1995,0,0,0,"HRV"
"Cuba",1995,0,0,0,"CUB"
"Czechia",1995,1,1,1,"CZE"
"Czechoslovakia",1995,0,0,0,NA
"Democratic Republic of the Congo",1995,0,0,0,NA
"Denmark",1995,0,0,0,"DNK"
"Djibouti",1995,0,1,1,"DJI"
"Dominican Republic",1995,0,0,0,"DOM"
"Ecuador",1995,0,0,0,"ECU"
"Egypt",1995,0,0,0,NA
"Equatorial Guinea",1995,0,0,0,"GNQ"
"Estonia",1995,0,0,0,"EST"
"Ethiopia",1995,0,0,0,"ETH"
"Finland",1995,0,0,0,"FIN"
"France",1995,1,1,1,"FRA"
"Gabon",1995,0,0,0,"GAB"
"Gambia",1995,0,0,0,NA
"German DR (German Democratic Republic)",1995,0,0,0,NA
"German FR (German Federal Republic)",1995,0,0,0,NA
"Germany",1995,1,0,1,"DEU"
"Ghana",1995,0,0,0,"GHA"
"Greece",1995,0,0,0,"GRC"
"Guatemala",1995,0,0,0,"GTM"
"Guinea",1995,0,0,0,"GIN"
"Guinea-Bissau",1995,0,0,0,"GNB"
"Guyana",1995,0,0,0,"GUY"
"Honduras",1995,1,0,1,"HND"
"Hungary",1995,0,0,0,"HUN"
"India",1995,0,0,0,"IND"
"Indonesia",1995,1,0,1,"IDN"
"Iran (Islamic Republic of)",1995,0,0,0,NA
"Iraq",1995,0,0,0,"IRQ"
"Ireland",1995,0,0,0,"IRL"
"Italy",1995,1,0,1,"ITA"
"Jamaica",1995,0,0,0,"JAM"
"Japan",1995,0,0,0,"JPN"
"Jordan",1995,0,0,0,"JOR"
"Kazakhstan",1995,0,0,0,"KAZ"
"Kenya",1995,0,0,0,"KEN"
"Kuwait",1995,0,0,0,"KWT"
"Kyrgyzstan",1995,0,0,0,NA
"Latvia",1995,0,0,0,"LVA"
"Lebanon",1995,0,0,0,"LBN"
"Liberia",1995,0,0,0,"LBR"
"Libya",1995,0,0,0,"LBY"
"Lithuania",1995,0,0,0,"LTU"
"Luxembourg",1995,0,0,0,"LUX"
"Madagascar",1995,0,0,0,"MDG"
"Malaysia",1995,0,0,0,"MYS"
"Mali",1995,0,0,0,"MLI"
"Malta",1995,0,0,0,"MLT"
"Mauritania",1995,0,0,0,"MRT"
"Mauritius",1995,0,0,0,"MUS"
"Mexico",1995,0,0,0,"MEX"
"Morocco",1995,0,0,0,"MAR"
"Mozambique",1995,0,0,0,"MOZ"
"Namibia",1995,0,0,0,"NAM"
"Nepal",1995,0,0,0,"NPL"
"Netherlands",1995,0,0,0,"NLD"
"New Zealand",1995,0,1,1,"NZL"
"Nicaragua",1995,0,0,0,"NIC"
"Niger",1995,0,0,0,"NER"
"Nigeria",1995,1,1,1,"NGA"
"Norway",1995,0,0,0,"NOR"
"Oman",1995,1,1,1,"OMN"
"Pakistan",1995,0,1,1,"PAK"
"Panama",1995,0,0,0,"PAN"
"Paraguay",1995,0,0,0,"PRY"
"Peru",1995,0,0,0,"PER"
"Philippines",1995,0,0,0,"PHL"
"Poland",1995,0,0,0,"POL"
"Portugal",1995,0,0,0,"PRT"
"Qatar",1995,0,0,0,"QAT"
"Republic of Korea",1995,0,0,0,NA
"Romania",1995,0,0,0,"ROU"
"Russian Federation",1995,1,1,1,"RUS"
"Rwanda",1995,1,1,1,"RWA"
"Saint Vincent and the Grenadines",1995,0,0,0,NA
"Senegal",1995,0,0,0,"SEN"
"Sierra Leone",1995,0,0,0,"SLE"
"Singapore",1995,0,0,0,"SGP"
"Slovakia",1995,0,0,0,NA
"Slovenia",1995,0,0,0,"SVN"
"Somalia",1995,0,0,0,NA
"South Africa",1995,0,0,0,"ZAF"
"Spain",1995,0,1,1,"ESP"
"Sri Lanka",1995,0,0,0,"LKA"
"Sudan",1995,0,0,0,"SDN"
"Sweden",1995,0,0,0,"SWE"
"Switzerland",1995,0,0,0,"CHE"
"Syrian Arab Republic",1995,0,0,0,"SYR"
"Thailand",1995,0,0,0,"THA"
"Togo",1995,0,0,0,"TGO"
"Trinidad and Tobago",1995,0,0,0,"TTO"
"Tunisia",1995,0,0,0,"TUN"
"Türkiye",1995,0,0,0,NA
"Uganda",1995,0,0,0,"UGA"
"Ukraine",1995,0,0,0,"UKR"
"Ukrainian SSR (Ukrainian Soviet Socialist Republic)",1995,0,0,0,NA
"United Arab Emirates",1995,0,0,0,"ARE"
"United Arab Republic",1995,0,0,0,NA
"United Kingdom of Great Britain and Northern Ireland",1995,1,1,1,NA
"United Republic of Tanzania",1995,0,0,0,NA
"United States of America",1995,1,1,1,NA
"Uruguay",1995,0,0,0,"URY"
"USSR (Union of Soviet Socialist Republics)",1995,0,0,0,NA
"Venezuela (Bolivarian Republic of)",1995,0,0,0,NA
"Viet Nam",1995,0,0,0,"VNM"
"Yemen",1995,0,0,0,NA
"Yugoslavia",1995,0,0,0,NA
"Zambia",1995,0,0,0,"ZMB"
"Zimbabwe",1995,0,0,0,"ZWE"
"",1996,0,0,0,NA
"Albania",1996,0,0,0,"ALB"
"Algeria",1996,0,0,0,"DZA"
"Angola",1996,0,0,0,"AGO"
"Argentina",1996,0,1,1,"ARG"
"Australia",1996,0,0,0,"AUS"
"Austria",1996,0,0,0,"AUT"
"Azerbaijan",1996,0,0,0,"AZE"
"Bahrain",1996,0,0,0,"BHR"
"Bangladesh",1996,0,0,0,"BGD"
"Belarus",1996,0,0,0,"BLR"
"Belgium",1996,0,0,0,"BEL"
"Benin",1996,0,0,0,"BEN"
"Bolivia (Plurinational State of)",1996,0,0,0,NA
"Bosnia and Herzegovina",1996,0,0,0,"BIH"
"Botswana",1996,1,1,1,"BWA"
"Brazil",1996,0,0,0,"BRA"
"Bulgaria",1996,0,0,0,"BGR"
"Burkina Faso",1996,0,0,0,"BFA"
"Burundi",1996,0,0,0,"BDI"
"Cabo Verde",1996,0,0,0,"CPV"
"Cameroon",1996,0,0,0,"CMR"
"Canada",1996,0,0,0,"CAN"
"Chad",1996,0,0,0,"TCD"
"Chile",1996,1,0,1,"CHL"
"China",1996,1,1,1,"CHN"
"Colombia",1996,0,0,0,"COL"
"Congo",1996,0,0,0,NA
"Costa Rica",1996,0,0,0,"CRI"
"Croatia",1996,0,0,0,"HRV"
"Cuba",1996,0,0,0,"CUB"
"Czechia",1996,0,1,1,"CZE"
"Czechoslovakia",1996,0,0,0,NA
"Democratic Republic of the Congo",1996,0,0,0,NA
"Denmark",1996,0,0,0,"DNK"
"Djibouti",1996,0,0,0,"DJI"
"Dominican Republic",1996,0,0,0,"DOM"
"Ecuador",1996,0,0,0,"ECU"
"Egypt",1996,1,0,1,NA
"Equatorial Guinea",1996,0,0,0,"GNQ"
"Estonia",1996,0,0,0,"EST"
"Ethiopia",1996,0,0,0,"ETH"
"Finland",1996,0,0,0,"FIN"
"France",1996,1,1,1,"FRA"
"Gabon",1996,0,0,0,"GAB"
"Gambia",1996,0,0,0,NA
"German DR (German Democratic Republic)",1996,0,0,0,NA
"German FR (German Federal Republic)",1996,0,0,0,NA
"Germany",1996,1,1,1,"DEU"
"Ghana",1996,0,0,0,"GHA"
"Greece",1996,0,0,0,"GRC"
"Guatemala",1996,0,0,0,"GTM"
"Guinea",1996,0,0,0,"GIN"
"Guinea-Bissau",1996,1,0,1,"GNB"
"Guyana",1996,0,0,0,"GUY"
"Honduras",1996,1,1,1,"HND"
"Hungary",1996,0,0,0,"HUN"
"India",1996,0,0,0,"IND"
"Indonesia",1996,1,1,1,"IDN"
"Iran (Islamic Republic of)",1996,0,0,0,NA
"Iraq",1996,0,0,0,"IRQ"
"Ireland",1996,0,0,0,"IRL"
"Italy",1996,1,1,1,"ITA"
"Jamaica",1996,0,0,0,"JAM"
"Japan",1996,0,0,0,"JPN"
"Jordan",1996,0,0,0,"JOR"
"Kazakhstan",1996,0,0,0,"KAZ"
"Kenya",1996,0,0,0,"KEN"
"Kuwait",1996,0,0,0,"KWT"
"Kyrgyzstan",1996,0,0,0,NA
"Latvia",1996,0,0,0,"LVA"
"Lebanon",1996,0,0,0,"LBN"
"Liberia",1996,0,0,0,"LBR"
"Libya",1996,0,0,0,"LBY"
"Lithuania",1996,0,0,0,"LTU"
"Luxembourg",1996,0,0,0,"LUX"
"Madagascar",1996,0,0,0,"MDG"
"Malaysia",1996,0,0,0,"MYS"
"Mali",1996,0,0,0,"MLI"
"Malta",1996,0,0,0,"MLT"
"Mauritania",1996,0,0,0,"MRT"
"Mauritius",1996,0,0,0,"MUS"
"Mexico",1996,0,0,0,"MEX"
"Morocco",1996,0,0,0,"MAR"
"Mozambique",1996,0,0,0,"MOZ"
"Namibia",1996,0,0,0,"NAM"
"Nepal",1996,0,0,0,"NPL"
"Netherlands",1996,0,0,0,"NLD"
"New Zealand",1996,0,0,0,"NZL"
"Nicaragua",1996,0,0,0,"NIC"
"Niger",1996,0,0,0,"NER"
"Nigeria",1996,0,1,1,"NGA"
"Norway",1996,0,0,0,"NOR"
"Oman",1996,0,1,1,"OMN"
"Pakistan",1996,0,0,0,"PAK"
"Panama",1996,0,0,0,"PAN"
"Paraguay",1996,0,0,0,"PRY"
"Peru",1996,0,0,0,"PER"
"Philippines",1996,0,0,0,"PHL"
"Poland",1996,1,0,1,"POL"
"Portugal",1996,0,0,0,"PRT"
"Qatar",1996,0,0,0,"QAT"
"Republic of Korea",1996,1,0,1,NA
"Romania",1996,0,0,0,"ROU"
"Russian Federation",1996,1,1,1,"RUS"
"Rwanda",1996,0,1,1,"RWA"
"Saint Vincent and the Grenadines",1996,0,0,0,NA
"Senegal",1996,0,0,0,"SEN"
"Sierra Leone",1996,0,0,0,"SLE"
"Singapore",1996,0,0,0,"SGP"
"Slovakia",1996,0,0,0,NA
"Slovenia",1996,0,0,0,"SVN"
"Somalia",1996,0,0,0,NA
"South Africa",1996,0,0,0,"ZAF"
"Spain",1996,0,0,0,"ESP"
"Sri Lanka",1996,0,0,0,"LKA"
"Sudan",1996,0,0,0,"SDN"
"Sweden",1996,0,0,0,"SWE"
"Switzerland",1996,0,0,0,"CHE"
"Syrian Arab Republic",1996,0,0,0,"SYR"
"Thailand",1996,0,0,0,"THA"
"Togo",1996,0,0,0,"TGO"
"Trinidad and Tobago",1996,0,0,0,"TTO"
"Tunisia",1996,0,0,0,"TUN"
"Türkiye",1996,0,0,0,NA
"Uganda",1996,0,0,0,"UGA"
"Ukraine",1996,0,0,0,"UKR"
"Ukrainian SSR (Ukrainian Soviet Socialist Republic)",1996,0,0,0,NA
"United Arab Emirates",1996,0,0,0,"ARE"
"United Arab Republic",1996,0,0,0,NA
"United Kingdom of Great Britain and Northern Ireland",1996,1,1,1,NA
"United Republic of Tanzania",1996,0,0,0,NA
"United States of America",1996,1,1,1,NA
"Uruguay",1996,0,0,0,"URY"
"USSR (Union of Soviet Socialist Republics)",1996,0,0,0,NA
"Venezuela (Bolivarian Republic of)",1996,0,0,0,NA
"Viet Nam",1996,0,0,0,"VNM"
"Yemen",1996,0,0,0,NA
"Yugoslavia",1996,0,0,0,NA
"Zambia",1996,0,0,0,"ZMB"
"Zimbabwe",1996,0,0,0,"ZWE"
"",1997,0,0,0,NA
"Albania",1997,0,0,0,"ALB"
"Algeria",1997,0,0,0,"DZA"
"Angola",1997,0,0,0,"AGO"
"Argentina",1997,0,0,0,"ARG"
"Australia",1997,0,0,0,"AUS"
"Austria",1997,0,0,0,"AUT"
"Azerbaijan",1997,0,0,0,"AZE"
"Bahrain",1997,0,0,0,"BHR"
"Bangladesh",1997,0,0,0,"BGD"
"Belarus",1997,0,0,0,"BLR"
"Belgium",1997,0,0,0,"BEL"
"Benin",1997,0,0,0,"BEN"
"Bolivia (Plurinational State of)",1997,0,0,0,NA
"Bosnia and Herzegovina",1997,0,0,0,"BIH"
"Botswana",1997,0,1,1,"BWA"
"Brazil",1997,0,0,0,"BRA"
"Bulgaria",1997,0,0,0,"BGR"
"Burkina Faso",1997,0,0,0,"BFA"
"Burundi",1997,0,0,0,"BDI"
"Cabo Verde",1997,0,0,0,"CPV"
"Cameroon",1997,0,0,0,"CMR"
"Canada",1997,0,0,0,"CAN"
"Chad",1997,0,0,0,"TCD"
"Chile",1997,1,1,1,"CHL"
"China",1997,1,1,1,"CHN"
"Colombia",1997,0,0,0,"COL"
"Congo",1997,0,0,0,NA
"Costa Rica",1997,1,0,1,"CRI"
"Croatia",1997,0,0,0,"HRV"
"Cuba",1997,0,0,0,"CUB"
"Czechia",1997,0,0,0,"CZE"
"Czechoslovakia",1997,0,0,0,NA
"Democratic Republic of the Congo",1997,0,0,0,NA
"Denmark",1997,0,0,0,"DNK"
"Djibouti",1997,0,0,0,"DJI"
"Dominican Republic",1997,0,0,0,"DOM"
"Ecuador",1997,0,0,0,"ECU"
"Egypt",1997,1,1,1,NA
"Equatorial Guinea",1997,0,0,0,"GNQ"
"Estonia",1997,0,0,0,"EST"
"Ethiopia",1997,0,0,0,"ETH"
"Finland",1997,0,0,0,"FIN"
"France",1997,1,1,1,"FRA"
"Gabon",1997,0,0,0,"GAB"
"Gambia",1997,0,0,0,NA
"German DR (German Democratic Republic)",1997,0,0,0,NA
"German FR (German Federal Republic)",1997,0,0,0,NA
"Germany",1997,0,1,1,"DEU"
"Ghana",1997,0,0,0,"GHA"
"Greece",1997,0,0,0,"GRC"
"Guatemala",1997,0,0,0,"GTM"
"Guinea",1997,0,0,0,"GIN"
"Guinea-Bissau",1997,1,1,1,"GNB"
"Guyana",1997,0,0,0,"GUY"
"Honduras",1997,0,1,1,"HND"
"Hungary",1997,0,0,0,"HUN"
"India",1997,0,0,0,"IND"
"Indonesia",1997,0,1,1,"IDN"
"Iran (Islamic Republic of)",1997,0,0,0,NA
"Iraq",1997,0,0,0,"IRQ"
"Ireland",1997,0,0,0,"IRL"
"Italy",1997,0,1,1,"ITA"
"Jamaica",1997,0,0,0,"JAM"
"Japan",1997,1,0,1,"JPN"
"Jordan",1997,0,0,0,"JOR"
"Kazakhstan",1997,0,0,0,"KAZ"
"Kenya",1997,1,0,1,"KEN"
"Kuwait",1997,0,0,0,"KWT"
"Kyrgyzstan",1997,0,0,0,NA
"Latvia",1997,0,0,0,"LVA"
"Lebanon",1997,0,0,0,"LBN"
"Liberia",1997,0,0,0,"LBR"
"Libya",1997,0,0,0,"LBY"
"Lithuania",1997,0,0,0,"LTU"
"Luxembourg",1997,0,0,0,"LUX"
"Madagascar",1997,0,0,0,"MDG"
"Malaysia",1997,0,0,0,"MYS"
"Mali",1997,0,0,0,"MLI"
"Malta",1997,0,0,0,"MLT"
"Mauritania",1997,0,0,0,"MRT"
"Mauritius",1997,0,0,0,"MUS"
"Mexico",1997,0,0,0,"MEX"
"Morocco",1997,0,0,0,"MAR"
"Mozambique",1997,0,0,0,"MOZ"
"Namibia",1997,0,0,0,"NAM"
"Nepal",1997,0,0,0,"NPL"
"Netherlands",1997,0,0,0,"NLD"
"New Zealand",1997,0,0,0,"NZL"
"Nicaragua",1997,0,0,0,"NIC"
"Niger",1997,0,0,0,"NER"
"Nigeria",1997,0,0,0,"NGA"
"Norway",1997,0,0,0,"NOR"
"Oman",1997,0,0,0,"OMN"
"Pakistan",1997,0,0,0,"PAK"
"Panama",1997,0,0,0,"PAN"
"Paraguay",1997,0,0,0,"PRY"
"Peru",1997,0,0,0,"PER"
"Philippines",1997,0,0,0,"PHL"
"Poland",1997,1,1,1,"POL"
"Portugal",1997,1,0,1,"PRT"
"Qatar",1997,0,0,0,"QAT"
"Republic of Korea",1997,1,1,1,NA
"Romania",1997,0,0,0,"ROU"
"Russian Federation",1997,1,1,1,"RUS"
"Rwanda",1997,0,0,0,"RWA"
"Saint Vincent and the Grenadines",1997,0,0,0,NA
"Senegal",1997,0,0,0,"SEN"
"Sierra Leone",1997,0,0,0,"SLE"
"Singapore",1997,0,0,0,"SGP"
"Slovakia",1997,0,0,0,NA
"Slovenia",1997,0,0,0,"SVN"
"Somalia",1997,0,0,0,NA
"South Africa",1997,0,0,0,"ZAF"
"Spain",1997,0,0,0,"ESP"
"Sri Lanka",1997,0,0,0,"LKA"
"Sudan",1997,0,0,0,"SDN"
"Sweden",1997,1,0,1,"SWE"
"Switzerland",1997,0,0,0,"CHE"
"Syrian Arab Republic",1997,0,0,0,"SYR"
"Thailand",1997,0,0,0,"THA"
"Togo",1997,0,0,0,"TGO"
"Trinidad and Tobago",1997,0,0,0,"TTO"
"Tunisia",1997,0,0,0,"TUN"
"Türkiye",1997,0,0,0,NA
"Uganda",1997,0,0,0,"UGA"
"Ukraine",1997,0,0,0,"UKR"
"Ukrainian SSR (Ukrainian Soviet Socialist Republic)",1997,0,0,0,NA
"United Arab Emirates",1997,0,0,0,"ARE"
"United Arab Republic",1997,0,0,0,NA
"United Kingdom of Great Britain and Northern Ireland",1997,1,1,1,NA
"United Republic of Tanzania",1997,0,0,0,NA
"United States of America",1997,1,1,1,NA
"Uruguay",1997,0,0,0,"URY"
"USSR (Union of Soviet Socialist Republics)",1997,0,0,0,NA
"Venezuela (Bolivarian Republic of)",1997,0,0,0,NA
"Viet Nam",1997,0,0,0,"VNM"
"Yemen",1997,0,0,0,NA
"Yugoslavia",1997,0,0,0,NA
"Zambia",1997,0,0,0,"ZMB"
"Zimbabwe",1997,0,0,0,"ZWE"
"",1998,0,0,0,NA
"Albania",1998,0,0,0,"ALB"
"Algeria",1998,0,0,0,"DZA"
"Angola",1998,0,0,0,"AGO"
"Argentina",1998,0,0,0,"ARG"
"Australia",1998,0,0,0,"AUS"
"Austria",1998,0,0,0,"AUT"
"Azerbaijan",1998,0,0,0,"AZE"
"Bahrain",1998,1,0,1,"BHR"
"Bangladesh",1998,0,0,0,"BGD"
"Belarus",1998,0,0,0,"BLR"
"Belgium",1998,0,0,0,"BEL"
"Benin",1998,0,0,0,"BEN"
"Bolivia (Plurinational State of)",1998,0,0,0,NA
"Bosnia and Herzegovina",1998,0,0,0,"BIH"
"Botswana",1998,0,0,0,"BWA"
"Brazil",1998,1,0,1,"BRA"
"Bulgaria",1998,0,0,0,"BGR"
"Burkina Faso",1998,0,0,0,"BFA"
"Burundi",1998,0,0,0,"BDI"
"Cabo Verde",1998,0,0,0,"CPV"
"Cameroon",1998,0,0,0,"CMR"
"Canada",1998,0,0,0,"CAN"
"Chad",1998,0,0,0,"TCD"
"Chile",1998,0,1,1,"CHL"
"China",1998,1,1,1,"CHN"
"Colombia",1998,0,0,0,"COL"
"Congo",1998,0,0,0,NA
"Costa Rica",1998,1,1,1,"CRI"
"Croatia",1998,0,0,0,"HRV"
"Cuba",1998,0,0,0,"CUB"
"Czechia",1998,0,0,0,"CZE"
"Czechoslovakia",1998,0,0,0,NA
"Democratic Republic of the Congo",1998,0,0,0,NA
"Denmark",1998,0,0,0,"DNK"
"Djibouti",1998,0,0,0,"DJI"
"Dominican Republic",1998,0,0,0,"DOM"
"Ecuador",1998,0,0,0,"ECU"
"Egypt",1998,0,1,1,NA
"Equatorial Guinea",1998,0,0,0,"GNQ"
"Estonia",1998,0,0,0,"EST"
"Ethiopia",1998,0,0,0,"ETH"
"Finland",1998,0,0,0,"FIN"
"France",1998,1,1,1,"FRA"
"Gabon",1998,1,0,1,"GAB"
"Gambia",1998,1,0,1,NA
"German DR (German Democratic Republic)",1998,0,0,0,NA
"German FR (German Federal Republic)",1998,0,0,0,NA
"Germany",1998,0,0,0,"DEU"
"Ghana",1998,0,0,0,"GHA"
"Greece",1998,0,0,0,"GRC"
"Guatemala",1998,0,0,0,"GTM"
"Guinea",1998,0,0,0,"GIN"
"Guinea-Bissau",1998,0,1,1,"GNB"
"Guyana",1998,0,0,0,"GUY"
"Honduras",1998,0,0,0,"HND"
"Hungary",1998,0,0,0,"HUN"
"India",1998,0,0,0,"IND"
"Indonesia",1998,0,0,0,"IDN"
"Iran (Islamic Republic of)",1998,0,0,0,NA
"Iraq",1998,0,0,0,"IRQ"
"Ireland",1998,0,0,0,"IRL"
"Italy",1998,0,0,0,"ITA"
"Jamaica",1998,0,0,0,"JAM"
"Japan",1998,1,1,1,"JPN"
"Jordan",1998,0,0,0,"JOR"
"Kazakhstan",1998,0,0,0,"KAZ"
"Kenya",1998,1,1,1,"KEN"
"Kuwait",1998,0,0,0,"KWT"
"Kyrgyzstan",1998,0,0,0,NA
"Latvia",1998,0,0,0,"LVA"
"Lebanon",1998,0,0,0,"LBN"
"Liberia",1998,0,0,0,"LBR"
"Libya",1998,0,0,0,"LBY"
"Lithuania",1998,0,0,0,"LTU"
"Luxembourg",1998,0,0,0,"LUX"
"Madagascar",1998,0,0,0,"MDG"
"Malaysia",1998,0,0,0,"MYS"
"Mali",1998,0,0,0,"MLI"
"Malta",1998,0,0,0,"MLT"
"Mauritania",1998,0,0,0,"MRT"
"Mauritius",1998,0,0,0,"MUS"
"Mexico",1998,0,0,0,"MEX"
"Morocco",1998,0,0,0,"MAR"
"Mozambique",1998,0,0,0,"MOZ"
"Namibia",1998,0,0,0,"NAM"
"Nepal",1998,0,0,0,"NPL"
"Netherlands",1998,0,0,0,"NLD"
"New Zealand",1998,0,0,0,"NZL"
"Nicaragua",1998,0,0,0,"NIC"
"Niger",1998,0,0,0,"NER"
"Nigeria",1998,0,0,0,"NGA"
"Norway",1998,0,0,0,"NOR"
"Oman",1998,0,0,0,"OMN"
"Pakistan",1998,0,0,0,"PAK"
"Panama",1998,0,0,0,"PAN"
"Paraguay",1998,0,0,0,"PRY"
"Peru",1998,0,0,0,"PER"
"Philippines",1998,0,0,0,"PHL"
"Poland",1998,0,1,1,"POL"
"Portugal",1998,1,1,1,"PRT"
"Qatar",1998,0,0,0,"QAT"
"Republic of Korea",1998,0,1,1,NA
"Romania",1998,0,0,0,"ROU"
"Russian Federation",1998,1,1,1,"RUS"
"Rwanda",1998,0,0,0,"RWA"
"Saint Vincent and the Grenadines",1998,0,0,0,NA
"Senegal",1998,0,0,0,"SEN"
"Sierra Leone",1998,0,0,0,"SLE"
"Singapore",1998,0,0,0,"SGP"
"Slovakia",1998,0,0,0,NA
"Slovenia",1998,1,0,1,"SVN"
"Somalia",1998,0,0,0,NA
"South Africa",1998,0,0,0,"ZAF"
"Spain",1998,0,0,0,"ESP"
"Sri Lanka",1998,0,0,0,"LKA"
"Sudan",1998,0,0,0,"SDN"
"Sweden",1998,1,1,1,"SWE"
"Switzerland",1998,0,0,0,"CHE"
"Syrian Arab Republic",1998,0,0,0,"SYR"
"Thailand",1998,0,0,0,"THA"
"Togo",1998,0,0,0,"TGO"
"Trinidad and Tobago",1998,0,0,0,"TTO"
"Tunisia",1998,0,0,0,"TUN"
"Türkiye",1998,0,0,0,NA
"Uganda",1998,0,0,0,"UGA"
"Ukraine",1998,0,0,0,"UKR"
"Ukrainian SSR (Ukrainian Soviet Socialist Republic)",1998,0,0,0,NA
"United Arab Emirates",1998,0,0,0,"ARE"
"United Arab Republic",1998,0,0,0,NA
"United Kingdom of Great Britain and Northern Ireland",1998,1,1,1,NA
"United Republic of Tanzania",1998,0,0,0,NA
"United States of America",1998,1,1,1,NA
"Uruguay",1998,0,0,0,"URY"
"USSR (Union of Soviet Socialist Republics)",1998,0,0,0,NA
"Venezuela (Bolivarian Republic of)",1998,0,0,0,NA
"Viet Nam",1998,0,0,0,"VNM"
"Yemen",1998,0,0,0,NA
"Yugoslavia",1998,0,0,0,NA
"Zambia",1998,0,0,0,"ZMB"
"Zimbabwe",1998,0,0,0,"ZWE"
"",1999,0,0,0,NA
"Albania",1999,0,0,0,"ALB"
"Algeria",1999,0,0,0,"DZA"
"Angola",1999,0,0,0,"AGO"
"Argentina",1999,1,0,1,"ARG"
"Australia",1999,0,0,0,"AUS"
"Austria",1999,0,0,0,"AUT"
"Azerbaijan",1999,0,0,0,"AZE"
"Bahrain",1999,1,1,1,"BHR"
"Bangladesh",1999,0,0,0,"BGD"
"Belarus",1999,0,0,0,"BLR"
"Belgium",1999,0,0,0,"BEL"
"Benin",1999,0,0,0,"BEN"
"Bolivia (Plurinational State of)",1999,0,0,0,NA
"Bosnia and Herzegovina",1999,0,0,0,"BIH"
"Botswana",1999,0,0,0,"BWA"
"Brazil",1999,1,1,1,"BRA"
"Bulgaria",1999,0,0,0,"BGR"
"Burkina Faso",1999,0,0,0,"BFA"
"Burundi",1999,0,0,0,"BDI"
"Cabo Verde",1999,0,0,0,"CPV"
"Cameroon",1999,0,0,0,"CMR"
"Canada",1999,1,0,1,"CAN"
"Chad",1999,0,0,0,"TCD"
"Chile",1999,0,0,0,"CHL"
"China",1999,1,1,1,"CHN"
"Colombia",1999,0,0,0,"COL"
"Congo",1999,0,0,0,NA
"Costa Rica",1999,0,1,1,"CRI"
"Croatia",1999,0,0,0,"HRV"
"Cuba",1999,0,0,0,"CUB"
"Czechia",1999,0,0,0,"CZE"
"Czechoslovakia",1999,0,0,0,NA
"Democratic Republic of the Congo",1999,0,0,0,NA
"Denmark",1999,0,0,0,"DNK"
"Djibouti",1999,0,0,0,"DJI"
"Dominican Republic",1999,0,0,0,"DOM"
"Ecuador",1999,0,0,0,"ECU"
"Egypt",1999,0,0,0,NA
"Equatorial Guinea",1999,0,0,0,"GNQ"
"Estonia",1999,0,0,0,"EST"
"Ethiopia",1999,0,0,0,"ETH"
"Finland",1999,0,0,0,"FIN"
"France",1999,1,1,1,"FRA"
"Gabon",1999,1,1,1,"GAB"
"Gambia",1999,1,1,1,NA
"German DR (German Democratic Republic)",1999,0,0,0,NA
"German FR (German Federal Republic)",1999,0,0,0,NA
"Germany",1999,0,0,0,"DEU"
"Ghana",1999,0,0,0,"GHA"
"Greece",1999,0,0,0,"GRC"
"Guatemala",1999,0,0,0,"GTM"
"Guinea",1999,0,0,0,"GIN"
"Guinea-Bissau",1999,0,0,0,"GNB"
"Guyana",1999,0,0,0,"GUY"
"Honduras",1999,0,0,0,"HND"
"Hungary",1999,0,0,0,"HUN"
"India",1999,0,0,0,"IND"
"Indonesia",1999,0,0,0,"IDN"
"Iran (Islamic Republic of)",1999,0,0,0,NA
"Iraq",1999,0,0,0,"IRQ"
"Ireland",1999,0,0,0,"IRL"
"Italy",1999,0,0,0,"ITA"
"Jamaica",1999,0,0,0,"JAM"
"Japan",1999,0,1,1,"JPN"
"Jordan",1999,0,0,0,"JOR"
"Kazakhstan",1999,0,0,0,"KAZ"
"Kenya",1999,0,1,1,"KEN"
"Kuwait",1999,0,0,0,"KWT"
"Kyrgyzstan",1999,0,0,0,NA
"Latvia",1999,0,0,0,"LVA"
"Lebanon",1999,0,0,0,"LBN"
"Liberia",1999,0,0,0,"LBR"
"Libya",1999,0,0,0,"LBY"
"Lithuania",1999,0,0,0,"LTU"
"Luxembourg",1999,0,0,0,"LUX"
"Madagascar",1999,0,0,0,"MDG"
"Malaysia",1999,1,0,1,"MYS"
"Mali",1999,0,0,0,"MLI"
"Malta",1999,0,0,0,"MLT"
"Mauritania",1999,0,0,0,"MRT"
"Mauritius",1999,0,0,0,"MUS"
"Mexico",1999,0,0,0,"MEX"
"Morocco",1999,0,0,0,"MAR"
"Mozambique",1999,0,0,0,"MOZ"
"Namibia",1999,1,0,1,"NAM"
"Nepal",1999,0,0,0,"NPL"
"Netherlands",1999,1,0,1,"NLD"
"New Zealand",1999,0,0,0,"NZL"
"Nicaragua",1999,0,0,0,"NIC"
"Niger",1999,0,0,0,"NER"
"Nigeria",1999,0,0,0,"NGA"
"Norway",1999,0,0,0,"NOR"
"Oman",1999,0,0,0,"OMN"
"Pakistan",1999,0,0,0,"PAK"
"Panama",1999,0,0,0,"PAN"
"Paraguay",1999,0,0,0,"PRY"
"Peru",1999,0,0,0,"PER"
"Philippines",1999,0,0,0,"PHL"
"Poland",1999,0,0,0,"POL"
"Portugal",1999,0,1,1,"PRT"
"Qatar",1999,0,0,0,"QAT"
"Republic of Korea",1999,0,0,0,NA
"Romania",1999,0,0,0,"ROU"
"Russian Federation",1999,1,1,1,"RUS"
"Rwanda",1999,0,0,0,"RWA"
"Saint Vincent and the Grenadines",1999,0,0,0,NA
"Senegal",1999,0,0,0,"SEN"
"Sierra Leone",1999,0,0,0,"SLE"
"Singapore",1999,0,0,0,"SGP"
"Slovakia",1999,0,0,0,NA
"Slovenia",1999,1,1,1,"SVN"
"Somalia",1999,0,0,0,NA
"South Africa",1999,0,0,0,"ZAF"
"Spain",1999,0,0,0,"ESP"
"Sri Lanka",1999,0,0,0,"LKA"
"Sudan",1999,0,0,0,"SDN"
"Sweden",1999,0,1,1,"SWE"
"Switzerland",1999,0,0,0,"CHE"
"Syrian Arab Republic",1999,0,0,0,"SYR"
"Thailand",1999,0,0,0,"THA"
"Togo",1999,0,0,0,"TGO"
"Trinidad and Tobago",1999,0,0,0,"TTO"
"Tunisia",1999,0,0,0,"TUN"
"Türkiye",1999,0,0,0,NA
"Uganda",1999,0,0,0,"UGA"
"Ukraine",1999,0,0,0,"UKR"
"Ukrainian SSR (Ukrainian Soviet Socialist Republic)",1999,0,0,0,NA
"United Arab Emirates",1999,0,0,0,"ARE"
"United Arab Republic",1999,0,0,0,NA
"United Kingdom of Great Britain and Northern Ireland",1999,1,1,1,NA
"United Republic of Tanzania",1999,0,0,0,NA
"United States of America",1999,1,1,1,NA
"Uruguay",1999,0,0,0,"URY"
"USSR (Union of Soviet Socialist Republics)",1999,0,0,0,NA
"Venezuela (Bolivarian Republic of)",1999,0,0,0,NA
"Viet Nam",1999,0,0,0,"VNM"
"Yemen",1999,0,0,0,NA
"Yugoslavia",1999,0,0,0,NA
"Zambia",1999,0,0,0,"ZMB"
"Zimbabwe",1999,0,0,0,"ZWE"
"",2000,0,0,0,NA
"Albania",2000,0,0,0,"ALB"
"Algeria",2000,0,0,0,"DZA"
"Angola",2000,0,0,0,"AGO"
"Argentina",2000,1,1,1,"ARG"
"Australia",2000,0,0,0,"AUS"
"Austria",2000,0,0,0,"AUT"
"Azerbaijan",2000,0,0,0,"AZE"
"Bahrain",2000,0,1,1,"BHR"
"Bangladesh",2000,1,0,1,"BGD"
"Belarus",2000,0,0,0,"BLR"
"Belgium",2000,0,0,0,"BEL"
"Benin",2000,0,0,0,"BEN"
"Bolivia (Plurinational State of)",2000,0,0,0,NA
"Bosnia and Herzegovina",2000,0,0,0,"BIH"
"Botswana",2000,0,0,0,"BWA"
"Brazil",2000,0,1,1,"BRA"
"Bulgaria",2000,0,0,0,"BGR"
"Burkina Faso",2000,0,0,0,"BFA"
"Burundi",2000,0,0,0,"BDI"
"Cabo Verde",2000,0,0,0,"CPV"
"Cameroon",2000,0,0,0,"CMR"
"Canada",2000,1,1,1,"CAN"
"Chad",2000,0,0,0,"TCD"
"Chile",2000,0,0,0,"CHL"
"China",2000,1,1,1,"CHN"
"Colombia",2000,0,0,0,"COL"
"Congo",2000,0,0,0,NA
"Costa Rica",2000,0,0,0,"CRI"
"Croatia",2000,0,0,0,"HRV"
"Cuba",2000,0,0,0,"CUB"
"Czechia",2000,0,0,0,"CZE"
"Czechoslovakia",2000,0,0,0,NA
"Democratic Republic of the Congo",2000,0,0,0,NA
"Denmark",2000,0,0,0,"DNK"
"Djibouti",2000,0,0,0,"DJI"
"Dominican Republic",2000,0,0,0,"DOM"
"Ecuador",2000,0,0,0,"ECU"
"Egypt",2000,0,0,0,NA
"Equatorial Guinea",2000,0,0,0,"GNQ"
"Estonia",2000,0,0,0,"EST"
"Ethiopia",2000,0,0,0,"ETH"
"Finland",2000,0,0,0,"FIN"
"France",2000,1,1,1,"FRA"
"Gabon",2000,0,1,1,"GAB"
"Gambia",2000,0,1,1,NA
"German DR (German Democratic Republic)",2000,0,0,0,NA
"German FR (German Federal Republic)",2000,0,0,0,NA
"Germany",2000,0,0,0,"DEU"
"Ghana",2000,0,0,0,"GHA"
"Greece",2000,0,0,0,"GRC"
"Guatemala",2000,0,0,0,"GTM"
"Guinea",2000,0,0,0,"GIN"
"Guinea-Bissau",2000,0,0,0,"GNB"
"Guyana",2000,0,0,0,"GUY"
"Honduras",2000,0,0,0,"HND"
"Hungary",2000,0,0,0,"HUN"
"India",2000,0,0,0,"IND"
"Indonesia",2000,0,0,0,"IDN"
"Iran (Islamic Republic of)",2000,0,0,0,NA
"Iraq",2000,0,0,0,"IRQ"
"Ireland",2000,0,0,0,"IRL"
"Italy",2000,0,0,0,"ITA"
"Jamaica",2000,1,0,1,"JAM"
"Japan",2000,0,0,0,"JPN"
"Jordan",2000,0,0,0,"JOR"
"Kazakhstan",2000,0,0,0,"KAZ"
"Kenya",2000,0,0,0,"KEN"
"Kuwait",2000,0,0,0,"KWT"
"Kyrgyzstan",2000,0,0,0,NA
"Latvia",2000,0,0,0,"LVA"
"Lebanon",2000,0,0,0,"LBN"
"Liberia",2000,0,0,0,"LBR"
"Libya",2000,0,0,0,"LBY"
"Lithuania",2000,0,0,0,"LTU"
"Luxembourg",2000,0,0,0,"LUX"
"Madagascar",2000,0,0,0,"MDG"
"Malaysia",2000,1,1,1,"MYS"
"Mali",2000,1,0,1,"MLI"
"Malta",2000,0,0,0,"MLT"
"Mauritania",2000,0,0,0,"MRT"
"Mauritius",2000,0,0,0,"MUS"
"Mexico",2000,0,0,0,"MEX"
"Morocco",2000,0,0,0,"MAR"
"Mozambique",2000,0,0,0,"MOZ"
"Namibia",2000,1,1,1,"NAM"
"Nepal",2000,0,0,0,"NPL"
"Netherlands",2000,1,1,1,"NLD"
"New Zealand",2000,0,0,0,"NZL"
"Nicaragua",2000,0,0,0,"NIC"
"Niger",2000,0,0,0,"NER"
"Nigeria",2000,0,0,0,"NGA"
"Norway",2000,0,0,0,"NOR"
"Oman",2000,0,0,0,"OMN"
"Pakistan",2000,0,0,0,"PAK"
"Panama",2000,0,0,0,"PAN"
"Paraguay",2000,0,0,0,"PRY"
"Peru",2000,0,0,0,"PER"
"Philippines",2000,0,0,0,"PHL"
"Poland",2000,0,0,0,"POL"
"Portugal",2000,0,0,0,"PRT"
"Qatar",2000,0,0,0,"QAT"
"Republic of Korea",2000,0,0,0,NA
"Romania",2000,0,0,0,"ROU"
"Russian Federation",2000,1,1,1,"RUS"
"Rwanda",2000,0,0,0,"RWA"
"Saint Vincent and the Grenadines",2000,0,0,0,NA
"Senegal",2000,0,0,0,"SEN"
"Sierra Leone",2000,0,0,0,"SLE"
"Singapore",2000,0,0,0,"SGP"
"Slovakia",2000,0,0,0,NA
"Slovenia",2000,0,1,1,"SVN"
"Somalia",2000,0,0,0,NA
"South Africa",2000,0,0,0,"ZAF"
"Spain",2000,0,0,0,"ESP"
"Sri Lanka",2000,0,0,0,"LKA"
"Sudan",2000,0,0,0,"SDN"
"Sweden",2000,0,0,0,"SWE"
"Switzerland",2000,0,0,0,"CHE"
"Syrian Arab Republic",2000,0,0,0,"SYR"
"Thailand",2000,0,0,0,"THA"
"Togo",2000,0,0,0,"TGO"
"Trinidad and Tobago",2000,0,0,0,"TTO"
"Tunisia",2000,1,0,1,"TUN"
"Türkiye",2000,0,0,0,NA
"Uganda",2000,0,0,0,"UGA"
"Ukraine",2000,1,0,1,"UKR"
"Ukrainian SSR (Ukrainian Soviet Socialist Republic)",2000,0,0,0,NA
"United Arab Emirates",2000,0,0,0,"ARE"
"United Arab Republic",2000,0,0,0,NA
"United Kingdom of Great Britain and Northern Ireland",2000,1,1,1,NA
"United Republic of Tanzania",2000,0,0,0,NA
"United States of America",2000,1,1,1,NA
"Uruguay",2000,0,0,0,"URY"
"USSR (Union of Soviet Socialist Republics)",2000,0,0,0,NA
"Venezuela (Bolivarian Republic of)",2000,0,0,0,NA
"Viet Nam",2000,0,0,0,"VNM"
"Yemen",2000,0,0,0,NA
"Yugoslavia",2000,0,0,0,NA
"Zambia",2000,0,0,0,"ZMB"
"Zimbabwe",2000,0,0,0,"ZWE"
"",2001,0,0,0,NA
"Albania",2001,0,0,0,"ALB"
"Algeria",2001,0,0,0,"DZA"
"Angola",2001,0,0,0,"AGO"
"Argentina",2001,0,1,1,"ARG"
"Australia",2001,0,0,0,"AUS"
"Austria",2001,0,0,0,"AUT"
"Azerbaijan",2001,0,0,0,"AZE"
"Bahrain",2001,0,0,0,"BHR"
"Bangladesh",2001,1,1,1,"BGD"
"Belarus",2001,0,0,0,"BLR"
"Belgium",2001,0,0,0,"BEL"
"Benin",2001,0,0,0,"BEN"
"Bolivia (Plurinational State of)",2001,0,0,0,NA
"Bosnia and Herzegovina",2001,0,0,0,"BIH"
"Botswana",2001,0,0,0,"BWA"
"Brazil",2001,0,0,0,"BRA"
"Bulgaria",2001,0,0,0,"BGR"
"Burkina Faso",2001,0,0,0,"BFA"
"Burundi",2001,0,0,0,"BDI"
"Cabo Verde",2001,0,0,0,"CPV"
"Cameroon",2001,0,0,0,"CMR"
"Canada",2001,0,1,1,"CAN"
"Chad",2001,0,0,0,"TCD"
"Chile",2001,0,0,0,"CHL"
"China",2001,1,1,1,"CHN"
"Colombia",2001,1,0,1,"COL"
"Congo",2001,0,0,0,NA
"Costa Rica",2001,0,0,0,"CRI"
"Croatia",2001,0,0,0,"HRV"
"Cuba",2001,0,0,0,"CUB"
"Czechia",2001,0,0,0,"CZE"
"Czechoslovakia",2001,0,0,0,NA
"Democratic Republic of the Congo",2001,0,0,0,NA
"Denmark",2001,0,0,0,"DNK"
"Djibouti",2001,0,0,0,"DJI"
"Dominican Republic",2001,0,0,0,"DOM"
"Ecuador",2001,0,0,0,"ECU"
"Egypt",2001,0,0,0,NA
"Equatorial Guinea",2001,0,0,0,"GNQ"
"Estonia",2001,0,0,0,"EST"
"Ethiopia",2001,0,0,0,"ETH"
"Finland",2001,0,0,0,"FIN"
"France",2001,1,1,1,"FRA"
"Gabon",2001,0,0,0,"GAB"
"Gambia",2001,0,0,0,NA
"German DR (German Democratic Republic)",2001,0,0,0,NA
"German FR (German Federal Republic)",2001,0,0,0,NA
"Germany",2001,0,0,0,"DEU"
"Ghana",2001,0,0,0,"GHA"
"Greece",2001,0,0,0,"GRC"
"Guatemala",2001,0,0,0,"GTM"
"Guinea",2001,0,0,0,"GIN"
"Guinea-Bissau",2001,0,0,0,"GNB"
"Guyana",2001,0,0,0,"GUY"
"Honduras",2001,0,0,0,"HND"
"Hungary",2001,0,0,0,"HUN"
"India",2001,0,0,0,"IND"
"Indonesia",2001,0,0,0,"IDN"
"Iran (Islamic Republic of)",2001,0,0,0,NA
"Iraq",2001,0,0,0,"IRQ"
"Ireland",2001,1,0,1,"IRL"
"Italy",2001,0,0,0,"ITA"
"Jamaica",2001,1,1,1,"JAM"
"Japan",2001,0,0,0,"JPN"
"Jordan",2001,0,0,0,"JOR"
"Kazakhstan",2001,0,0,0,"KAZ"
"Kenya",2001,0,0,0,"KEN"
"Kuwait",2001,0,0,0,"KWT"
"Kyrgyzstan",2001,0,0,0,NA
"Latvia",2001,0,0,0,"LVA"
"Lebanon",2001,0,0,0,"LBN"
"Liberia",2001,0,0,0,"LBR"
"Libya",2001,0,0,0,"LBY"
"Lithuania",2001,0,0,0,"LTU"
"Luxembourg",2001,0,0,0,"LUX"
"Madagascar",2001,0,0,0,"MDG"
"Malaysia",2001,0,1,1,"MYS"
"Mali",2001,1,1,1,"MLI"
"Malta",2001,0,0,0,"MLT"
"Mauritania",2001,0,0,0,"MRT"
"Mauritius",2001,1,0,1,"MUS"
"Mexico",2001,0,0,0,"MEX"
"Morocco",2001,0,0,0,"MAR"
"Mozambique",2001,0,0,0,"MOZ"
"Namibia",2001,0,1,1,"NAM"
"Nepal",2001,0,0,0,"NPL"
"Netherlands",2001,0,1,1,"NLD"
"New Zealand",2001,0,0,0,"NZL"
"Nicaragua",2001,0,0,0,"NIC"
"Niger",2001,0,0,0,"NER"
"Nigeria",2001,0,0,0,"NGA"
"Norway",2001,1,0,1,"NOR"
"Oman",2001,0,0,0,"OMN"
"Pakistan",2001,0,0,0,"PAK"
"Panama",2001,0,0,0,"PAN"
"Paraguay",2001,0,0,0,"PRY"
"Peru",2001,0,0,0,"PER"
"Philippines",2001,0,0,0,"PHL"
"Poland",2001,0,0,0,"POL"
"Portugal",2001,0,0,0,"PRT"
"Qatar",2001,0,0,0,"QAT"
"Republic of Korea",2001,0,0,0,NA
"Romania",2001,0,0,0,"ROU"
"Russian Federation",2001,1,1,1,"RUS"
"Rwanda",2001,0,0,0,"RWA"
"Saint Vincent and the Grenadines",2001,0,0,0,NA
"Senegal",2001,0,0,0,"SEN"
"Sierra Leone",2001,0,0,0,"SLE"
"Singapore",2001,1,0,1,"SGP"
"Slovakia",2001,0,0,0,NA
"Slovenia",2001,0,0,0,"SVN"
"Somalia",2001,0,0,0,NA
"South Africa",2001,0,0,0,"ZAF"
"Spain",2001,0,0,0,"ESP"
"Sri Lanka",2001,0,0,0,"LKA"
"Sudan",2001,0,0,0,"SDN"
"Sweden",2001,0,0,0,"SWE"
"Switzerland",2001,0,0,0,"CHE"
"Syrian Arab Republic",2001,0,0,0,"SYR"
"Thailand",2001,0,0,0,"THA"
"Togo",2001,0,0,0,"TGO"
"Trinidad and Tobago",2001,0,0,0,"TTO"
"Tunisia",2001,1,1,1,"TUN"
"Türkiye",2001,0,0,0,NA
"Uganda",2001,0,0,0,"UGA"
"Ukraine",2001,1,1,1,"UKR"
"Ukrainian SSR (Ukrainian Soviet Socialist Republic)",2001,0,0,0,NA
"United Arab Emirates",2001,0,0,0,"ARE"
"United Arab Republic",2001,0,0,0,NA
"United Kingdom of Great Britain and Northern Ireland",2001,1,1,1,NA
"United Republic of Tanzania",2001,0,0,0,NA
"United States of America",2001,1,1,1,NA
"Uruguay",2001,0,0,0,"URY"
"USSR (Union of Soviet Socialist Republics)",2001,0,0,0,NA
"Venezuela (Bolivarian Republic of)",2001,0,0,0,NA
"Viet Nam",2001,0,0,0,"VNM"
"Yemen",2001,0,0,0,NA
"Yugoslavia",2001,0,0,0,NA
"Zambia",2001,0,0,0,"ZMB"
"Zimbabwe",2001,0,0,0,"ZWE"
"",2002,0,0,0,NA
"Albania",2002,0,0,0,"ALB"
"Algeria",2002,0,0,0,"DZA"
"Angola",2002,0,0,0,"AGO"
"Argentina",2002,0,0,0,"ARG"
"Australia",2002,0,0,0,"AUS"
"Austria",2002,0,0,0,"AUT"
"Azerbaijan",2002,0,0,0,"AZE"
"Bahrain",2002,0,0,0,"BHR"
"Bangladesh",2002,0,1,1,"BGD"
"Belarus",2002,0,0,0,"BLR"
"Belgium",2002,0,0,0,"BEL"
"Benin",2002,0,0,0,"BEN"
"Bolivia (Plurinational State of)",2002,0,0,0,NA
"Bosnia and Herzegovina",2002,0,0,0,"BIH"
"Botswana",2002,0,0,0,"BWA"
"Brazil",2002,0,0,0,"BRA"
"Bulgaria",2002,1,0,1,"BGR"
"Burkina Faso",2002,0,0,0,"BFA"
"Burundi",2002,0,0,0,"BDI"
"Cabo Verde",2002,0,0,0,"CPV"
"Cameroon",2002,1,0,1,"CMR"
"Canada",2002,0,0,0,"CAN"
"Chad",2002,0,0,0,"TCD"
"Chile",2002,0,0,0,"CHL"
"China",2002,1,1,1,"CHN"
"Colombia",2002,1,1,1,"COL"
"Congo",2002,0,0,0,NA
"Costa Rica",2002,0,0,0,"CRI"
"Croatia",2002,0,0,0,"HRV"
"Cuba",2002,0,0,0,"CUB"
"Czechia",2002,0,0,0,"CZE"
"Czechoslovakia",2002,0,0,0,NA
"Democratic Republic of the Congo",2002,0,0,0,NA
"Denmark",2002,0,0,0,"DNK"
"Djibouti",2002,0,0,0,"DJI"
"Dominican Republic",2002,0,0,0,"DOM"
"Ecuador",2002,0,0,0,"ECU"
"Egypt",2002,0,0,0,NA
"Equatorial Guinea",2002,0,0,0,"GNQ"
"Estonia",2002,0,0,0,"EST"
"Ethiopia",2002,0,0,0,"ETH"
"Finland",2002,0,0,0,"FIN"
"France",2002,1,1,1,"FRA"
"Gabon",2002,0,0,0,"GAB"
"Gambia",2002,0,0,0,NA
"German DR (German Democratic Republic)",2002,0,0,0,NA
"German FR (German Federal Republic)",2002,0,0,0,NA
"Germany",2002,0,0,0,"DEU"
"Ghana",2002,0,0,0,"GHA"
"Greece",2002,0,0,0,"GRC"
"Guatemala",2002,0,0,0,"GTM"
"Guinea",2002,1,0,1,"GIN"
"Guinea-Bissau",2002,0,0,0,"GNB"
"Guyana",2002,0,0,0,"GUY"
"Honduras",2002,0,0,0,"HND"
"Hungary",2002,0,0,0,"HUN"
"India",2002,0,0,0,"IND"
"Indonesia",2002,0,0,0,"IDN"
"Iran (Islamic Republic of)",2002,0,0,0,NA
"Iraq",2002,0,0,0,"IRQ"
"Ireland",2002,1,1,1,"IRL"
"Italy",2002,0,0,0,"ITA"
"Jamaica",2002,0,1,1,"JAM"
"Japan",2002,0,0,0,"JPN"
"Jordan",2002,0,0,0,"JOR"
"Kazakhstan",2002,0,0,0,"KAZ"
"Kenya",2002,0,0,0,"KEN"
"Kuwait",2002,0,0,0,"KWT"
"Kyrgyzstan",2002,0,0,0,NA
"Latvia",2002,0,0,0,"LVA"
"Lebanon",2002,0,0,0,"LBN"
"Liberia",2002,0,0,0,"LBR"
"Libya",2002,0,0,0,"LBY"
"Lithuania",2002,0,0,0,"LTU"
"Luxembourg",2002,0,0,0,"LUX"
"Madagascar",2002,0,0,0,"MDG"
"Malaysia",2002,0,0,0,"MYS"
"Mali",2002,0,1,1,"MLI"
"Malta",2002,0,0,0,"MLT"
"Mauritania",2002,0,0,0,"MRT"
"Mauritius",2002,1,1,1,"MUS"
"Mexico",2002,1,0,1,"MEX"
"Morocco",2002,0,0,0,"MAR"
"Mozambique",2002,0,0,0,"MOZ"
"Namibia",2002,0,0,0,"NAM"
"Nepal",2002,0,0,0,"NPL"
"Netherlands",2002,0,0,0,"NLD"
"New Zealand",2002,0,0,0,"NZL"
"Nicaragua",2002,0,0,0,"NIC"
"Niger",2002,0,0,0,"NER"
"Nigeria",2002,0,0,0,"NGA"
"Norway",2002,1,1,1,"NOR"
"Oman",2002,0,0,0,"OMN"
"Pakistan",2002,0,0,0,"PAK"
"Panama",2002,0,0,0,"PAN"
"Paraguay",2002,0,0,0,"PRY"
"Peru",2002,0,0,0,"PER"
"Philippines",2002,0,0,0,"PHL"
"Poland",2002,0,0,0,"POL"
"Portugal",2002,0,0,0,"PRT"
"Qatar",2002,0,0,0,"QAT"
"Republic of Korea",2002,0,0,0,NA
"Romania",2002,0,0,0,"ROU"
"Russian Federation",2002,1,1,1,"RUS"
"Rwanda",2002,0,0,0,"RWA"
"Saint Vincent and the Grenadines",2002,0,0,0,NA
"Senegal",2002,0,0,0,"SEN"
"Sierra Leone",2002,0,0,0,"SLE"
"Singapore",2002,1,1,1,"SGP"
"Slovakia",2002,0,0,0,NA
"Slovenia",2002,0,0,0,"SVN"
"Somalia",2002,0,0,0,NA
"South Africa",2002,0,0,0,"ZAF"
"Spain",2002,0,0,0,"ESP"
"Sri Lanka",2002,0,0,0,"LKA"
"Sudan",2002,0,0,0,"SDN"
"Sweden",2002,0,0,0,"SWE"
"Switzerland",2002,0,0,0,"CHE"
"Syrian Arab Republic",2002,1,0,1,"SYR"
"Thailand",2002,0,0,0,"THA"
"Togo",2002,0,0,0,"TGO"
"Trinidad and Tobago",2002,0,0,0,"TTO"
"Tunisia",2002,0,1,1,"TUN"
"Türkiye",2002,0,0,0,NA
"Uganda",2002,0,0,0,"UGA"
"Ukraine",2002,0,1,1,"UKR"
"Ukrainian SSR (Ukrainian Soviet Socialist Republic)",2002,0,0,0,NA
"United Arab Emirates",2002,0,0,0,"ARE"
"United Arab Republic",2002,0,0,0,NA
"United Kingdom of Great Britain and Northern Ireland",2002,1,1,1,NA
"United Republic of Tanzania",2002,0,0,0,NA
"United States of America",2002,1,1,1,NA
"Uruguay",2002,0,0,0,"URY"
"USSR (Union of Soviet Socialist Republics)",2002,0,0,0,NA
"Venezuela (Bolivarian Republic of)",2002,0,0,0,NA
"Viet Nam",2002,0,0,0,"VNM"
"Yemen",2002,0,0,0,NA
"Yugoslavia",2002,0,0,0,NA
"Zambia",2002,0,0,0,"ZMB"
"Zimbabwe",2002,0,0,0,"ZWE"
"",2003,0,0,0,NA
"Albania",2003,0,0,0,"ALB"
"Algeria",2003,0,0,0,"DZA"
"Angola",2003,1,0,1,"AGO"
"Argentina",2003,0,0,0,"ARG"
"Australia",2003,0,0,0,"AUS"
"Austria",2003,0,0,0,"AUT"
"Azerbaijan",2003,0,0,0,"AZE"
"Bahrain",2003,0,0,0,"BHR"
"Bangladesh",2003,0,0,0,"BGD"
"Belarus",2003,0,0,0,"BLR"
"Belgium",2003,0,0,0,"BEL"
"Benin",2003,0,0,0,"BEN"
"Bolivia (Plurinational State of)",2003,0,0,0,NA
"Bosnia and Herzegovina",2003,0,0,0,"BIH"
"Botswana",2003,0,0,0,"BWA"
"Brazil",2003,0,0,0,"BRA"
"Bulgaria",2003,1,1,1,"BGR"
"Burkina Faso",2003,0,0,0,"BFA"
"Burundi",2003,0,0,0,"BDI"
"Cabo Verde",2003,0,0,0,"CPV"
"Cameroon",2003,1,1,1,"CMR"
"Canada",2003,0,0,0,"CAN"
"Chad",2003,0,0,0,"TCD"
"Chile",2003,1,0,1,"CHL"
"China",2003,1,1,1,"CHN"
"Colombia",2003,0,1,1,"COL"
"Congo",2003,0,0,0,NA
"Costa Rica",2003,0,0,0,"CRI"
"Croatia",2003,0,0,0,"HRV"
"Cuba",2003,0,0,0,"CUB"
"Czechia",2003,0,0,0,"CZE"
"Czechoslovakia",2003,0,0,0,NA
"Democratic Republic of the Congo",2003,0,0,0,NA
"Denmark",2003,0,0,0,"DNK"
"Djibouti",2003,0,0,0,"DJI"
"Dominican Republic",2003,0,0,0,"DOM"
"Ecuador",2003,0,0,0,"ECU"
"Egypt",2003,0,0,0,NA
"Equatorial Guinea",2003,0,0,0,"GNQ"
"Estonia",2003,0,0,0,"EST"
"Ethiopia",2003,0,0,0,"ETH"
"Finland",2003,0,0,0,"FIN"
"France",2003,1,1,1,"FRA"
"Gabon",2003,0,0,0,"GAB"
"Gambia",2003,0,0,0,NA
"German DR (German Democratic Republic)",2003,0,0,0,NA
"German FR (German Federal Republic)",2003,0,0,0,NA
"Germany",2003,1,0,1,"DEU"
"Ghana",2003,0,0,0,"GHA"
"Greece",2003,0,0,0,"GRC"
"Guatemala",2003,0,0,0,"GTM"
"Guinea",2003,1,1,1,"GIN"
"Guinea-Bissau",2003,0,0,0,"GNB"
"Guyana",2003,0,0,0,"GUY"
"Honduras",2003,0,0,0,"HND"
"Hungary",2003,0,0,0,"HUN"
"India",2003,0,0,0,"IND"
"Indonesia",2003,0,0,0,"IDN"
"Iran (Islamic Republic of)",2003,0,0,0,NA
"Iraq",2003,0,0,0,"IRQ"
"Ireland",2003,0,1,1,"IRL"
"Italy",2003,0,0,0,"ITA"
"Jamaica",2003,0,0,0,"JAM"
"Japan",2003,0,0,0,"JPN"
"Jordan",2003,0,0,0,"JOR"
"Kazakhstan",2003,0,0,0,"KAZ"
"Kenya",2003,0,0,0,"KEN"
"Kuwait",2003,0,0,0,"KWT"
"Kyrgyzstan",2003,0,0,0,NA
"Latvia",2003,0,0,0,"LVA"
"Lebanon",2003,0,0,0,"LBN"
"Liberia",2003,0,0,0,"LBR"
"Libya",2003,0,0,0,"LBY"
"Lithuania",2003,0,0,0,"LTU"
"Luxembourg",2003,0,0,0,"LUX"
"Madagascar",2003,0,0,0,"MDG"
"Malaysia",2003,0,0,0,"MYS"
"Mali",2003,0,0,0,"MLI"
"Malta",2003,0,0,0,"MLT"
"Mauritania",2003,0,0,0,"MRT"
"Mauritius",2003,0,1,1,"MUS"
"Mexico",2003,1,1,1,"MEX"
"Morocco",2003,0,0,0,"MAR"
"Mozambique",2003,0,0,0,"MOZ"
"Namibia",2003,0,0,0,"NAM"
"Nepal",2003,0,0,0,"NPL"
"Netherlands",2003,0,0,0,"NLD"
"New Zealand",2003,0,0,0,"NZL"
"Nicaragua",2003,0,0,0,"NIC"
"Niger",2003,0,0,0,"NER"
"Nigeria",2003,0,0,0,"NGA"
"Norway",2003,0,1,1,"NOR"
"Oman",2003,0,0,0,"OMN"
"Pakistan",2003,1,0,1,"PAK"
"Panama",2003,0,0,0,"PAN"
"Paraguay",2003,0,0,0,"PRY"
"Peru",2003,0,0,0,"PER"
"Philippines",2003,0,0,0,"PHL"
"Poland",2003,0,0,0,"POL"
"Portugal",2003,0,0,0,"PRT"
"Qatar",2003,0,0,0,"QAT"
"Republic of Korea",2003,0,0,0,NA
"Romania",2003,0,0,0,"ROU"
"Russian Federation",2003,1,1,1,"RUS"
"Rwanda",2003,0,0,0,"RWA"
"Saint Vincent and the Grenadines",2003,0,0,0,NA
"Senegal",2003,0,0,0,"SEN"
"Sierra Leone",2003,0,0,0,"SLE"
"Singapore",2003,0,1,1,"SGP"
"Slovakia",2003,0,0,0,NA
"Slovenia",2003,0,0,0,"SVN"
"Somalia",2003,0,0,0,NA
"South Africa",2003,0,0,0,"ZAF"
"Spain",2003,1,0,1,"ESP"
"Sri Lanka",2003,0,0,0,"LKA"
"Sudan",2003,0,0,0,"SDN"
"Sweden",2003,0,0,0,"SWE"
"Switzerland",2003,0,0,0,"CHE"
"Syrian Arab Republic",2003,1,1,1,"SYR"
"Thailand",2003,0,0,0,"THA"
"Togo",2003,0,0,0,"TGO"
"Trinidad and Tobago",2003,0,0,0,"TTO"
"Tunisia",2003,0,0,0,"TUN"
"Türkiye",2003,0,0,0,NA
"Uganda",2003,0,0,0,"UGA"
"Ukraine",2003,0,0,0,"UKR"
"Ukrainian SSR (Ukrainian Soviet Socialist Republic)",2003,0,0,0,NA
"United Arab Emirates",2003,0,0,0,"ARE"
"United Arab Republic",2003,0,0,0,NA
"United Kingdom of Great Britain and Northern Ireland",2003,1,1,1,NA
"United Republic of Tanzania",2003,0,0,0,NA
"United States of America",2003,1,1,1,NA
"Uruguay",2003,0,0,0,"URY"
"USSR (Union of Soviet Socialist Republics)",2003,0,0,0,NA
"Venezuela (Bolivarian Republic of)",2003,0,0,0,NA
"Viet Nam",2003,0,0,0,"VNM"
"Yemen",2003,0,0,0,NA
"Yugoslavia",2003,0,0,0,NA
"Zambia",2003,0,0,0,"ZMB"
"Zimbabwe",2003,0,0,0,"ZWE"
"",2004,0,0,0,NA
"Albania",2004,0,0,0,"ALB"
"Algeria",2004,1,0,1,"DZA"
"Angola",2004,1,1,1,"AGO"
"Argentina",2004,0,0,0,"ARG"
"Australia",2004,0,0,0,"AUS"
"Austria",2004,0,0,0,"AUT"
"Azerbaijan",2004,0,0,0,"AZE"
"Bahrain",2004,0,0,0,"BHR"
"Bangladesh",2004,0,0,0,"BGD"
"Belarus",2004,0,0,0,"BLR"
"Belgium",2004,0,0,0,"BEL"
"Benin",2004,1,0,1,"BEN"
"Bolivia (Plurinational State of)",2004,0,0,0,NA
"Bosnia and Herzegovina",2004,0,0,0,"BIH"
"Botswana",2004,0,0,0,"BWA"
"Brazil",2004,1,0,1,"BRA"
"Bulgaria",2004,0,1,1,"BGR"
"Burkina Faso",2004,0,0,0,"BFA"
"Burundi",2004,0,0,0,"BDI"
"Cabo Verde",2004,0,0,0,"CPV"
"Cameroon",2004,0,1,1,"CMR"
"Canada",2004,0,0,0,"CAN"
"Chad",2004,0,0,0,"TCD"
"Chile",2004,1,1,1,"CHL"
"China",2004,1,1,1,"CHN"
"Colombia",2004,0,0,0,"COL"
"Congo",2004,0,0,0,NA
"Costa Rica",2004,0,0,0,"CRI"
"Croatia",2004,0,0,0,"HRV"
"Cuba",2004,0,0,0,"CUB"
"Czechia",2004,0,0,0,"CZE"
"Czechoslovakia",2004,0,0,0,NA
"Democratic Republic of the Congo",2004,0,0,0,NA
"Denmark",2004,0,0,0,"DNK"
"Djibouti",2004,0,0,0,"DJI"
"Dominican Republic",2004,0,0,0,"DOM"
"Ecuador",2004,0,0,0,"ECU"
"Egypt",2004,0,0,0,NA
"Equatorial Guinea",2004,0,0,0,"GNQ"
"Estonia",2004,0,0,0,"EST"
"Ethiopia",2004,0,0,0,"ETH"
"Finland",2004,0,0,0,"FIN"
"France",2004,1,1,1,"FRA"
"Gabon",2004,0,0,0,"GAB"
"Gambia",2004,0,0,0,NA
"German DR (German Democratic Republic)",2004,0,0,0,NA
"German FR (German Federal Republic)",2004,0,0,0,NA
"Germany",2004,1,1,1,"DEU"
"Ghana",2004,0,0,0,"GHA"
"Greece",2004,0,0,0,"GRC"
"Guatemala",2004,0,0,0,"GTM"
"Guinea",2004,0,1,1,"GIN"
"Guinea-Bissau",2004,0,0,0,"GNB"
"Guyana",2004,0,0,0,"GUY"
"Honduras",2004,0,0,0,"HND"
"Hungary",2004,0,0,0,"HUN"
"India",2004,0,0,0,"IND"
"Indonesia",2004,0,0,0,"IDN"
"Iran (Islamic Republic of)",2004,0,0,0,NA
"Iraq",2004,0,0,0,"IRQ"
"Ireland",2004,0,0,0,"IRL"
"Italy",2004,0,0,0,"ITA"
"Jamaica",2004,0,0,0,"JAM"
"Japan",2004,0,0,0,"JPN"
"Jordan",2004,0,0,0,"JOR"
"Kazakhstan",2004,0,0,0,"KAZ"
"Kenya",2004,0,0,0,"KEN"
"Kuwait",2004,0,0,0,"KWT"
"Kyrgyzstan",2004,0,0,0,NA
"Latvia",2004,0,0,0,"LVA"
"Lebanon",2004,0,0,0,"LBN"
"Liberia",2004,0,0,0,"LBR"
"Libya",2004,0,0,0,"LBY"
"Lithuania",2004,0,0,0,"LTU"
"Luxembourg",2004,0,0,0,"LUX"
"Madagascar",2004,0,0,0,"MDG"
"Malaysia",2004,0,0,0,"MYS"
"Mali",2004,0,0,0,"MLI"
"Malta",2004,0,0,0,"MLT"
"Mauritania",2004,0,0,0,"MRT"
"Mauritius",2004,0,0,0,"MUS"
"Mexico",2004,0,1,1,"MEX"
"Morocco",2004,0,0,0,"MAR"
"Mozambique",2004,0,0,0,"MOZ"
"Namibia",2004,0,0,0,"NAM"
"Nepal",2004,0,0,0,"NPL"
"Netherlands",2004,0,0,0,"NLD"
"New Zealand",2004,0,0,0,"NZL"
"Nicaragua",2004,0,0,0,"NIC"
"Niger",2004,0,0,0,"NER"
"Nigeria",2004,0,0,0,"NGA"
"Norway",2004,0,0,0,"NOR"
"Oman",2004,0,0,0,"OMN"
"Pakistan",2004,1,1,1,"PAK"
"Panama",2004,0,0,0,"PAN"
"Paraguay",2004,0,0,0,"PRY"
"Peru",2004,0,0,0,"PER"
"Philippines",2004,1,0,1,"PHL"
"Poland",2004,0,0,0,"POL"
"Portugal",2004,0,0,0,"PRT"
"Qatar",2004,0,0,0,"QAT"
"Republic of Korea",2004,0,0,0,NA
"Romania",2004,1,0,1,"ROU"
"Russian Federation",2004,1,1,1,"RUS"
"Rwanda",2004,0,0,0,"RWA"
"Saint Vincent and the Grenadines",2004,0,0,0,NA
"Senegal",2004,0,0,0,"SEN"
"Sierra Leone",2004,0,0,0,"SLE"
"Singapore",2004,0,0,0,"SGP"
"Slovakia",2004,0,0,0,NA
"Slovenia",2004,0,0,0,"SVN"
"Somalia",2004,0,0,0,NA
"South Africa",2004,0,0,0,"ZAF"
"Spain",2004,1,1,1,"ESP"
"Sri Lanka",2004,0,0,0,"LKA"
"Sudan",2004,0,0,0,"SDN"
"Sweden",2004,0,0,0,"SWE"
"Switzerland",2004,0,0,0,"CHE"
"Syrian Arab Republic",2004,0,1,1,"SYR"
"Thailand",2004,0,0,0,"THA"
"Togo",2004,0,0,0,"TGO"
"Trinidad and Tobago",2004,0,0,0,"TTO"
"Tunisia",2004,0,0,0,"TUN"
"Türkiye",2004,0,0,0,NA
"Uganda",2004,0,0,0,"UGA"
"Ukraine",2004,0,0,0,"UKR"
"Ukrainian SSR (Ukrainian Soviet Socialist Republic)",2004,0,0,0,NA
"United Arab Emirates",2004,0,0,0,"ARE"
"United Arab Republic",2004,0,0,0,NA
"United Kingdom of Great Britain and Northern Ireland",2004,1,1,1,NA
"United Republic of Tanzania",2004,0,0,0,NA
"United States of America",2004,1,1,1,NA
"Uruguay",2004,0,0,0,"URY"
"USSR (Union of Soviet Socialist Republics)",2004,0,0,0,NA
"Venezuela (Bolivarian Republic of)",2004,0,0,0,NA
"Viet Nam",2004,0,0,0,"VNM"
"Yemen",2004,0,0,0,NA
"Yugoslavia",2004,0,0,0,NA
"Zambia",2004,0,0,0,"ZMB"
"Zimbabwe",2004,0,0,0,"ZWE"
"",2005,0,0,0,NA
"Albania",2005,0,0,0,"ALB"
"Algeria",2005,1,1,1,"DZA"
"Angola",2005,0,1,1,"AGO"
"Argentina",2005,1,0,1,"ARG"
"Australia",2005,0,0,0,"AUS"
"Austria",2005,0,0,0,"AUT"
"Azerbaijan",2005,0,0,0,"AZE"
"Bahrain",2005,0,0,0,"BHR"
"Bangladesh",2005,0,0,0,"BGD"
"Belarus",2005,0,0,0,"BLR"
"Belgium",2005,0,0,0,"BEL"
"Benin",2005,1,1,1,"BEN"
"Bolivia (Plurinational State of)",2005,0,0,0,NA
"Bosnia and Herzegovina",2005,0,0,0,"BIH"
"Botswana",2005,0,0,0,"BWA"
"Brazil",2005,1,1,1,"BRA"
"Bulgaria",2005,0,0,0,"BGR"
"Burkina Faso",2005,0,0,0,"BFA"
"Burundi",2005,0,0,0,"BDI"
"Cabo Verde",2005,0,0,0,"CPV"
"Cameroon",2005,0,0,0,"CMR"
"Canada",2005,0,0,0,"CAN"
"Chad",2005,0,0,0,"TCD"
"Chile",2005,0,1,1,"CHL"
"China",2005,1,1,1,"CHN"
"Colombia",2005,0,0,0,"COL"
"Congo",2005,0,0,0,NA
"Costa Rica",2005,0,0,0,"CRI"
"Croatia",2005,0,0,0,"HRV"
"Cuba",2005,0,0,0,"CUB"
"Czechia",2005,0,0,0,"CZE"
"Czechoslovakia",2005,0,0,0,NA
"Democratic Republic of the Congo",2005,0,0,0,NA
"Denmark",2005,1,0,1,"DNK"
"Djibouti",2005,0,0,0,"DJI"
"Dominican Republic",2005,0,0,0,"DOM"
"Ecuador",2005,0,0,0,"ECU"
"Egypt",2005,0,0,0,NA
"Equatorial Guinea",2005,0,0,0,"GNQ"
"Estonia",2005,0,0,0,"EST"
"Ethiopia",2005,0,0,0,"ETH"
"Finland",2005,0,0,0,"FIN"
"France",2005,1,1,1,"FRA"
"Gabon",2005,0,0,0,"GAB"
"Gambia",2005,0,0,0,NA
"German DR (German Democratic Republic)",2005,0,0,0,NA
"German FR (German Federal Republic)",2005,0,0,0,NA
"Germany",2005,0,1,1,"DEU"
"Ghana",2005,0,0,0,"GHA"
"Greece",2005,1,0,1,"GRC"
"Guatemala",2005,0,0,0,"GTM"
"Guinea",2005,0,0,0,"GIN"
"Guinea-Bissau",2005,0,0,0,"GNB"
"Guyana",2005,0,0,0,"GUY"
"Honduras",2005,0,0,0,"HND"
"Hungary",2005,0,0,0,"HUN"
"India",2005,0,0,0,"IND"
"Indonesia",2005,0,0,0,"IDN"
"Iran (Islamic Republic of)",2005,0,0,0,NA
"Iraq",2005,0,0,0,"IRQ"
"Ireland",2005,0,0,0,"IRL"
"Italy",2005,0,0,0,"ITA"
"Jamaica",2005,0,0,0,"JAM"
"Japan",2005,1,0,1,"JPN"
"Jordan",2005,0,0,0,"JOR"
"Kazakhstan",2005,0,0,0,"KAZ"
"Kenya",2005,0,0,0,"KEN"
"Kuwait",2005,0,0,0,"KWT"
"Kyrgyzstan",2005,0,0,0,NA
"Latvia",2005,0,0,0,"LVA"
"Lebanon",2005,0,0,0,"LBN"
"Liberia",2005,0,0,0,"LBR"
"Libya",2005,0,0,0,"LBY"
"Lithuania",2005,0,0,0,"LTU"
"Luxembourg",2005,0,0,0,"LUX"
"Madagascar",2005,0,0,0,"MDG"
"Malaysia",2005,0,0,0,"MYS"
"Mali",2005,0,0,0,"MLI"
"Malta",2005,0,0,0,"MLT"
"Mauritania",2005,0,0,0,"MRT"
"Mauritius",2005,0,0,0,"MUS"
"Mexico",2005,0,0,0,"MEX"
"Morocco",2005,0,0,0,"MAR"
"Mozambique",2005,0,0,0,"MOZ"
"Namibia",2005,0,0,0,"NAM"
"Nepal",2005,0,0,0,"NPL"
"Netherlands",2005,0,0,0,"NLD"
"New Zealand",2005,0,0,0,"NZL"
"Nicaragua",2005,0,0,0,"NIC"
"Niger",2005,0,0,0,"NER"
"Nigeria",2005,0,0,0,"NGA"
"Norway",2005,0,0,0,"NOR"
"Oman",2005,0,0,0,"OMN"
"Pakistan",2005,0,1,1,"PAK"
"Panama",2005,0,0,0,"PAN"
"Paraguay",2005,0,0,0,"PRY"
"Peru",2005,0,0,0,"PER"
"Philippines",2005,1,1,1,"PHL"
"Poland",2005,0,0,0,"POL"
"Portugal",2005,0,0,0,"PRT"
"Qatar",2005,0,0,0,"QAT"
"Republic of Korea",2005,0,0,0,NA
"Romania",2005,1,1,1,"ROU"
"Russian Federation",2005,1,1,1,"RUS"
"Rwanda",2005,0,0,0,"RWA"
"Saint Vincent and the Grenadines",2005,0,0,0,NA
"Senegal",2005,0,0,0,"SEN"
"Sierra Leone",2005,0,0,0,"SLE"
"Singapore",2005,0,0,0,"SGP"
"Slovakia",2005,0,0,0,NA
"Slovenia",2005,0,0,0,"SVN"
"Somalia",2005,0,0,0,NA
"South Africa",2005,0,0,0,"ZAF"
"Spain",2005,0,1,1,"ESP"
"Sri Lanka",2005,0,0,0,"LKA"
"Sudan",2005,0,0,0,"SDN"
"Sweden",2005,0,0,0,"SWE"
"Switzerland",2005,0,0,0,"CHE"
"Syrian Arab Republic",2005,0,0,0,"SYR"
"Thailand",2005,0,0,0,"THA"
"Togo",2005,0,0,0,"TGO"
"Trinidad and Tobago",2005,0,0,0,"TTO"
"Tunisia",2005,0,0,0,"TUN"
"Türkiye",2005,0,0,0,NA
"Uganda",2005,0,0,0,"UGA"
"Ukraine",2005,0,0,0,"UKR"
"Ukrainian SSR (Ukrainian Soviet Socialist Republic)",2005,0,0,0,NA
"United Arab Emirates",2005,0,0,0,"ARE"
"United Arab Republic",2005,0,0,0,NA
"United Kingdom of Great Britain and Northern Ireland",2005,1,1,1,NA
"United Republic of Tanzania",2005,1,0,1,NA
"United States of America",2005,1,1,1,NA
"Uruguay",2005,0,0,0,"URY"
"USSR (Union of Soviet Socialist Republics)",2005,0,0,0,NA
"Venezuela (Bolivarian Republic of)",2005,0,0,0,NA
"Viet Nam",2005,0,0,0,"VNM"
"Yemen",2005,0,0,0,NA
"Yugoslavia",2005,0,0,0,NA
"Zambia",2005,0,0,0,"ZMB"
"Zimbabwe",2005,0,0,0,"ZWE"
"",2006,0,0,0,NA
"Albania",2006,0,0,0,"ALB"
"Algeria",2006,0,1,1,"DZA"
"Angola",2006,0,0,0,"AGO"
"Argentina",2006,1,1,1,"ARG"
"Australia",2006,0,0,0,"AUS"
"Austria",2006,0,0,0,"AUT"
"Azerbaijan",2006,0,0,0,"AZE"
"Bahrain",2006,0,0,0,"BHR"
"Bangladesh",2006,0,0,0,"BGD"
"Belarus",2006,0,0,0,"BLR"
"Belgium",2006,0,0,0,"BEL"
"Benin",2006,0,1,1,"BEN"
"Bolivia (Plurinational State of)",2006,0,0,0,NA
"Bosnia and Herzegovina",2006,0,0,0,"BIH"
"Botswana",2006,0,0,0,"BWA"
"Brazil",2006,0,1,1,"BRA"
"Bulgaria",2006,0,0,0,"BGR"
"Burkina Faso",2006,0,0,0,"BFA"
"Burundi",2006,0,0,0,"BDI"
"Cabo Verde",2006,0,0,0,"CPV"
"Cameroon",2006,0,0,0,"CMR"
"Canada",2006,0,0,0,"CAN"
"Chad",2006,0,0,0,"TCD"
"Chile",2006,0,0,0,"CHL"
"China",2006,1,1,1,"CHN"
"Colombia",2006,0,0,0,"COL"
"Congo",2006,1,0,1,NA
"Costa Rica",2006,0,0,0,"CRI"
"Croatia",2006,0,0,0,"HRV"
"Cuba",2006,0,0,0,"CUB"
"Czechia",2006,0,0,0,"CZE"
"Czechoslovakia",2006,0,0,0,NA
"Democratic Republic of the Congo",2006,0,0,0,NA
"Denmark",2006,1,1,1,"DNK"
"Djibouti",2006,0,0,0,"DJI"
"Dominican Republic",2006,0,0,0,"DOM"
"Ecuador",2006,0,0,0,"ECU"
"Egypt",2006,0,0,0,NA
"Equatorial Guinea",2006,0,0,0,"GNQ"
"Estonia",2006,0,0,0,"EST"
"Ethiopia",2006,0,0,0,"ETH"
"Finland",2006,0,0,0,"FIN"
"France",2006,1,1,1,"FRA"
"Gabon",2006,0,0,0,"GAB"
"Gambia",2006,0,0,0,NA
"German DR (German Democratic Republic)",2006,0,0,0,NA
"German FR (German Federal Republic)",2006,0,0,0,NA
"Germany",2006,0,0,0,"DEU"
"Ghana",2006,1,0,1,"GHA"
"Greece",2006,1,1,1,"GRC"
"Guatemala",2006,0,0,0,"GTM"
"Guinea",2006,0,0,0,"GIN"
"Guinea-Bissau",2006,0,0,0,"GNB"
"Guyana",2006,0,0,0,"GUY"
"Honduras",2006,0,0,0,"HND"
"Hungary",2006,0,0,0,"HUN"
"India",2006,0,0,0,"IND"
"Indonesia",2006,0,0,0,"IDN"
"Iran (Islamic Republic of)",2006,0,0,0,NA
"Iraq",2006,0,0,0,"IRQ"
"Ireland",2006,0,0,0,"IRL"
"Italy",2006,0,0,0,"ITA"
"Jamaica",2006,0,0,0,"JAM"
"Japan",2006,1,1,1,"JPN"
"Jordan",2006,0,0,0,"JOR"
"Kazakhstan",2006,0,0,0,"KAZ"
"Kenya",2006,0,0,0,"KEN"
"Kuwait",2006,0,0,0,"KWT"
"Kyrgyzstan",2006,0,0,0,NA
"Latvia",2006,0,0,0,"LVA"
"Lebanon",2006,0,0,0,"LBN"
"Liberia",2006,0,0,0,"LBR"
"Libya",2006,0,0,0,"LBY"
"Lithuania",2006,0,0,0,"LTU"
"Luxembourg",2006,0,0,0,"LUX"
"Madagascar",2006,0,0,0,"MDG"
"Malaysia",2006,0,0,0,"MYS"
"Mali",2006,0,0,0,"MLI"
"Malta",2006,0,0,0,"MLT"
"Mauritania",2006,0,0,0,"MRT"
"Mauritius",2006,0,0,0,"MUS"
"Mexico",2006,0,0,0,"MEX"
"Morocco",2006,0,0,0,"MAR"
"Mozambique",2006,0,0,0,"MOZ"
"Namibia",2006,0,0,0,"NAM"
"Nepal",2006,0,0,0,"NPL"
"Netherlands",2006,0,0,0,"NLD"
"New Zealand",2006,0,0,0,"NZL"
"Nicaragua",2006,0,0,0,"NIC"
"Niger",2006,0,0,0,"NER"
"Nigeria",2006,0,0,0,"NGA"
"Norway",2006,0,0,0,"NOR"
"Oman",2006,0,0,0,"OMN"
"Pakistan",2006,0,0,0,"PAK"
"Panama",2006,0,0,0,"PAN"
"Paraguay",2006,0,0,0,"PRY"
"Peru",2006,1,0,1,"PER"
"Philippines",2006,0,1,1,"PHL"
"Poland",2006,0,0,0,"POL"
"Portugal",2006,0,0,0,"PRT"
"Qatar",2006,1,0,1,"QAT"
"Republic of Korea",2006,0,0,0,NA
"Romania",2006,0,1,1,"ROU"
"Russian Federation",2006,1,1,1,"RUS"
"Rwanda",2006,0,0,0,"RWA"
"Saint Vincent and the Grenadines",2006,0,0,0,NA
"Senegal",2006,0,0,0,"SEN"
"Sierra Leone",2006,0,0,0,"SLE"
"Singapore",2006,0,0,0,"SGP"
"Slovakia",2006,1,0,1,NA
"Slovenia",2006,0,0,0,"SVN"
"Somalia",2006,0,0,0,NA
"South Africa",2006,0,0,0,"ZAF"
"Spain",2006,0,0,0,"ESP"
"Sri Lanka",2006,0,0,0,"LKA"
"Sudan",2006,0,0,0,"SDN"
"Sweden",2006,0,0,0,"SWE"
"Switzerland",2006,0,0,0,"CHE"
"Syrian Arab Republic",2006,0,0,0,"SYR"
"Thailand",2006,0,0,0,"THA"
"Togo",2006,0,0,0,"TGO"
"Trinidad and Tobago",2006,0,0,0,"TTO"
"Tunisia",2006,0,0,0,"TUN"
"Türkiye",2006,0,0,0,NA
"Uganda",2006,0,0,0,"UGA"
"Ukraine",2006,0,0,0,"UKR"
"Ukrainian SSR (Ukrainian Soviet Socialist Republic)",2006,0,0,0,NA
"United Arab Emirates",2006,0,0,0,"ARE"
"United Arab Republic",2006,0,0,0,NA
"United Kingdom of Great Britain and Northern Ireland",2006,1,1,1,NA
"United Republic of Tanzania",2006,1,1,1,NA
"United States of America",2006,1,1,1,NA
"Uruguay",2006,0,0,0,"URY"
"USSR (Union of Soviet Socialist Republics)",2006,0,0,0,NA
"Venezuela (Bolivarian Republic of)",2006,0,0,0,NA
"Viet Nam",2006,0,0,0,"VNM"
"Yemen",2006,0,0,0,NA
"Yugoslavia",2006,0,0,0,NA
"Zambia",2006,0,0,0,"ZMB"
"Zimbabwe",2006,0,0,0,"ZWE"
"",2007,0,0,0,NA
"Albania",2007,0,0,0,"ALB"
"Algeria",2007,0,0,0,"DZA"
"Angola",2007,0,0,0,"AGO"
"Argentina",2007,0,1,1,"ARG"
"Australia",2007,0,0,0,"AUS"
"Austria",2007,0,0,0,"AUT"
"Azerbaijan",2007,0,0,0,"AZE"
"Bahrain",2007,0,0,0,"BHR"
"Bangladesh",2007,0,0,0,"BGD"
"Belarus",2007,0,0,0,"BLR"
"Belgium",2007,1,0,1,"BEL"
"Benin",2007,0,0,0,"BEN"
"Bolivia (Plurinational State of)",2007,0,0,0,NA
"Bosnia and Herzegovina",2007,0,0,0,"BIH"
"Botswana",2007,0,0,0,"BWA"
"Brazil",2007,0,0,0,"BRA"
"Bulgaria",2007,0,0,0,"BGR"
"Burkina Faso",2007,0,0,0,"BFA"
"Burundi",2007,0,0,0,"BDI"
"Cabo Verde",2007,0,0,0,"CPV"
"Cameroon",2007,0,0,0,"CMR"
"Canada",2007,0,0,0,"CAN"
"Chad",2007,0,0,0,"TCD"
"Chile",2007,0,0,0,"CHL"
"China",2007,1,1,1,"CHN"
"Colombia",2007,0,0,0,"COL"
"Congo",2007,1,1,1,NA
"Costa Rica",2007,0,0,0,"CRI"
"Croatia",2007,0,0,0,"HRV"
"Cuba",2007,0,0,0,"CUB"
"Czechia",2007,0,0,0,"CZE"
"Czechoslovakia",2007,0,0,0,NA
"Democratic Republic of the Congo",2007,0,0,0,NA
"Denmark",2007,0,1,1,"DNK"
"Djibouti",2007,0,0,0,"DJI"
"Dominican Republic",2007,0,0,0,"DOM"
"Ecuador",2007,0,0,0,"ECU"
"Egypt",2007,0,0,0,NA
"Equatorial Guinea",2007,0,0,0,"GNQ"
"Estonia",2007,0,0,0,"EST"
"Ethiopia",2007,0,0,0,"ETH"
"Finland",2007,0,0,0,"FIN"
"France",2007,1,1,1,"FRA"
"Gabon",2007,0,0,0,"GAB"
"Gambia",2007,0,0,0,NA
"German DR (German Democratic Republic)",2007,0,0,0,NA
"German FR (German Federal Republic)",2007,0,0,0,NA
"Germany",2007,0,0,0,"DEU"
"Ghana",2007,1,1,1,"GHA"
"Greece",2007,0,1,1,"GRC"
"Guatemala",2007,0,0,0,"GTM"
"Guinea",2007,0,0,0,"GIN"
"Guinea-Bissau",2007,0,0,0,"GNB"
"Guyana",2007,0,0,0,"GUY"
"Honduras",2007,0,0,0,"HND"
"Hungary",2007,0,0,0,"HUN"
"India",2007,0,0,0,"IND"
"Indonesia",2007,1,0,1,"IDN"
"Iran (Islamic Republic of)",2007,0,0,0,NA
"Iraq",2007,0,0,0,"IRQ"
"Ireland",2007,0,0,0,"IRL"
"Italy",2007,1,0,1,"ITA"
"Jamaica",2007,0,0,0,"JAM"
"Japan",2007,0,1,1,"JPN"
"Jordan",2007,0,0,0,"JOR"
"Kazakhstan",2007,0,0,0,"KAZ"
"Kenya",2007,0,0,0,"KEN"
"Kuwait",2007,0,0,0,"KWT"
"Kyrgyzstan",2007,0,0,0,NA
"Latvia",2007,0,0,0,"LVA"
"Lebanon",2007,0,0,0,"LBN"
"Liberia",2007,0,0,0,"LBR"
"Libya",2007,0,0,0,"LBY"
"Lithuania",2007,0,0,0,"LTU"
"Luxembourg",2007,0,0,0,"LUX"
"Madagascar",2007,0,0,0,"MDG"
"Malaysia",2007,0,0,0,"MYS"
"Mali",2007,0,0,0,"MLI"
"Malta",2007,0,0,0,"MLT"
"Mauritania",2007,0,0,0,"MRT"
"Mauritius",2007,0,0,0,"MUS"
"Mexico",2007,0,0,0,"MEX"
"Morocco",2007,0,0,0,"MAR"
"Mozambique",2007,0,0,0,"MOZ"
"Namibia",2007,0,0,0,"NAM"
"Nepal",2007,0,0,0,"NPL"
"Netherlands",2007,0,0,0,"NLD"
"New Zealand",2007,0,0,0,"NZL"
"Nicaragua",2007,0,0,0,"NIC"
"Niger",2007,0,0,0,"NER"
"Nigeria",2007,0,0,0,"NGA"
"Norway",2007,0,0,0,"NOR"
"Oman",2007,0,0,0,"OMN"
"Pakistan",2007,0,0,0,"PAK"
"Panama",2007,1,0,1,"PAN"
"Paraguay",2007,0,0,0,"PRY"
"Peru",2007,1,1,1,"PER"
"Philippines",2007,0,0,0,"PHL"
"Poland",2007,0,0,0,"POL"
"Portugal",2007,0,0,0,"PRT"
"Qatar",2007,1,1,1,"QAT"
"Republic of Korea",2007,0,0,0,NA
"Romania",2007,0,0,0,"ROU"
"Russian Federation",2007,1,1,1,"RUS"
"Rwanda",2007,0,0,0,"RWA"
"Saint Vincent and the Grenadines",2007,0,0,0,NA
"Senegal",2007,0,0,0,"SEN"
"Sierra Leone",2007,0,0,0,"SLE"
"Singapore",2007,0,0,0,"SGP"
"Slovakia",2007,1,1,1,NA
"Slovenia",2007,0,0,0,"SVN"
"Somalia",2007,0,0,0,NA
"South Africa",2007,1,0,1,"ZAF"
"Spain",2007,0,0,0,"ESP"
"Sri Lanka",2007,0,0,0,"LKA"
"Sudan",2007,0,0,0,"SDN"
"Sweden",2007,0,0,0,"SWE"
"Switzerland",2007,0,0,0,"CHE"
"Syrian Arab Republic",2007,0,0,0,"SYR"
"Thailand",2007,0,0,0,"THA"
"Togo",2007,0,0,0,"TGO"
"Trinidad and Tobago",2007,0,0,0,"TTO"
"Tunisia",2007,0,0,0,"TUN"
"Türkiye",2007,0,0,0,NA
"Uganda",2007,0,0,0,"UGA"
"Ukraine",2007,0,0,0,"UKR"
"Ukrainian SSR (Ukrainian Soviet Socialist Republic)",2007,0,0,0,NA
"United Arab Emirates",2007,0,0,0,"ARE"
"United Arab Republic",2007,0,0,0,NA
"United Kingdom of Great Britain and Northern Ireland",2007,1,1,1,NA
"United Republic of Tanzania",2007,0,1,1,NA
"United States of America",2007,1,1,1,NA
"Uruguay",2007,0,0,0,"URY"
"USSR (Union of Soviet Socialist Republics)",2007,0,0,0,NA
"Venezuela (Bolivarian Republic of)",2007,0,0,0,NA
"Viet Nam",2007,0,0,0,"VNM"
"Yemen",2007,0,0,0,NA
"Yugoslavia",2007,0,0,0,NA
"Zambia",2007,0,0,0,"ZMB"
"Zimbabwe",2007,0,0,0,"ZWE"
"",2008,0,0,0,NA
"Albania",2008,0,0,0,"ALB"
"Algeria",2008,0,0,0,"DZA"
"Angola",2008,0,0,0,"AGO"
"Argentina",2008,0,0,0,"ARG"
"Australia",2008,0,0,0,"AUS"
"Austria",2008,0,0,0,"AUT"
"Azerbaijan",2008,0,0,0,"AZE"
"Bahrain",2008,0,0,0,"BHR"
"Bangladesh",2008,0,0,0,"BGD"
"Belarus",2008,0,0,0,"BLR"
"Belgium",2008,1,1,1,"BEL"
"Benin",2008,0,0,0,"BEN"
"Bolivia (Plurinational State of)",2008,0,0,0,NA
"Bosnia and Herzegovina",2008,0,0,0,"BIH"
"Botswana",2008,0,0,0,"BWA"
"Brazil",2008,0,0,0,"BRA"
"Bulgaria",2008,0,0,0,"BGR"
"Burkina Faso",2008,1,0,1,"BFA"
"Burundi",2008,0,0,0,"BDI"
"Cabo Verde",2008,0,0,0,"CPV"
"Cameroon",2008,0,0,0,"CMR"
"Canada",2008,0,0,0,"CAN"
"Chad",2008,0,0,0,"TCD"
"Chile",2008,0,0,0,"CHL"
"China",2008,1,1,1,"CHN"
"Colombia",2008,0,0,0,"COL"
"Congo",2008,0,1,1,NA
"Costa Rica",2008,1,0,1,"CRI"
"Croatia",2008,1,0,1,"HRV"
"Cuba",2008,0,0,0,"CUB"
"Czechia",2008,0,0,0,"CZE"
"Czechoslovakia",2008,0,0,0,NA
"Democratic Republic of the Congo",2008,0,0,0,NA
"Denmark",2008,0,0,0,"DNK"
"Djibouti",2008,0,0,0,"DJI"
"Dominican Republic",2008,0,0,0,"DOM"
"Ecuador",2008,0,0,0,"ECU"
"Egypt",2008,0,0,0,NA
"Equatorial Guinea",2008,0,0,0,"GNQ"
"Estonia",2008,0,0,0,"EST"
"Ethiopia",2008,0,0,0,"ETH"
"Finland",2008,0,0,0,"FIN"
"France",2008,1,1,1,"FRA"
"Gabon",2008,0,0,0,"GAB"
"Gambia",2008,0,0,0,NA
"German DR (German Democratic Republic)",2008,0,0,0,NA
"German FR (German Federal Republic)",2008,0,0,0,NA
"Germany",2008,0,0,0,"DEU"
"Ghana",2008,0,1,1,"GHA"
"Greece",2008,0,0,0,"GRC"
"Guatemala",2008,0,0,0,"GTM"
"Guinea",2008,0,0,0,"GIN"
"Guinea-Bissau",2008,0,0,0,"GNB"
"Guyana",2008,0,0,0,"GUY"
"Honduras",2008,0,0,0,"HND"
"Hungary",2008,0,0,0,"HUN"
"India",2008,0,0,0,"IND"
"Indonesia",2008,1,1,1,"IDN"
"Iran (Islamic Republic of)",2008,0,0,0,NA
"Iraq",2008,0,0,0,"IRQ"
"Ireland",2008,0,0,0,"IRL"
"Italy",2008,1,1,1,"ITA"
"Jamaica",2008,0,0,0,"JAM"
"Japan",2008,0,0,0,"JPN"
"Jordan",2008,0,0,0,"JOR"
"Kazakhstan",2008,0,0,0,"KAZ"
"Kenya",2008,0,0,0,"KEN"
"Kuwait",2008,0,0,0,"KWT"
"Kyrgyzstan",2008,0,0,0,NA
"Latvia",2008,0,0,0,"LVA"
"Lebanon",2008,0,0,0,"LBN"
"Liberia",2008,0,0,0,"LBR"
"Libya",2008,1,0,1,"LBY"
"Lithuania",2008,0,0,0,"LTU"
"Luxembourg",2008,0,0,0,"LUX"
"Madagascar",2008,0,0,0,"MDG"
"Malaysia",2008,0,0,0,"MYS"
"Mali",2008,0,0,0,"MLI"
"Malta",2008,0,0,0,"MLT"
"Mauritania",2008,0,0,0,"MRT"
"Mauritius",2008,0,0,0,"MUS"
"Mexico",2008,0,0,0,"MEX"
"Morocco",2008,0,0,0,"MAR"
"Mozambique",2008,0,0,0,"MOZ"
"Namibia",2008,0,0,0,"NAM"
"Nepal",2008,0,0,0,"NPL"
"Netherlands",2008,0,0,0,"NLD"
"New Zealand",2008,0,0,0,"NZL"
"Nicaragua",2008,0,0,0,"NIC"
"Niger",2008,0,0,0,"NER"
"Nigeria",2008,0,0,0,"NGA"
"Norway",2008,0,0,0,"NOR"
"Oman",2008,0,0,0,"OMN"
"Pakistan",2008,0,0,0,"PAK"
"Panama",2008,1,1,1,"PAN"
"Paraguay",2008,0,0,0,"PRY"
"Peru",2008,0,1,1,"PER"
"Philippines",2008,0,0,0,"PHL"
"Poland",2008,0,0,0,"POL"
"Portugal",2008,0,0,0,"PRT"
"Qatar",2008,0,1,1,"QAT"
"Republic of Korea",2008,0,0,0,NA
"Romania",2008,0,0,0,"ROU"
"Russian Federation",2008,1,1,1,"RUS"
"Rwanda",2008,0,0,0,"RWA"
"Saint Vincent and the Grenadines",2008,0,0,0,NA
"Senegal",2008,0,0,0,"SEN"
"Sierra Leone",2008,0,0,0,"SLE"
"Singapore",2008,0,0,0,"SGP"
"Slovakia",2008,0,1,1,NA
"Slovenia",2008,0,0,0,"SVN"
"Somalia",2008,0,0,0,NA
"South Africa",2008,1,1,1,"ZAF"
"Spain",2008,0,0,0,"ESP"
"Sri Lanka",2008,0,0,0,"LKA"
"Sudan",2008,0,0,0,"SDN"
"Sweden",2008,0,0,0,"SWE"
"Switzerland",2008,0,0,0,"CHE"
"Syrian Arab Republic",2008,0,0,0,"SYR"
"Thailand",2008,0,0,0,"THA"
"Togo",2008,0,0,0,"TGO"
"Trinidad and Tobago",2008,0,0,0,"TTO"
"Tunisia",2008,0,0,0,"TUN"
"Türkiye",2008,0,0,0,NA
"Uganda",2008,0,0,0,"UGA"
"Ukraine",2008,0,0,0,"UKR"
"Ukrainian SSR (Ukrainian Soviet Socialist Republic)",2008,0,0,0,NA
"United Arab Emirates",2008,0,0,0,"ARE"
"United Arab Republic",2008,0,0,0,NA
"United Kingdom of Great Britain and Northern Ireland",2008,1,1,1,NA
"United Republic of Tanzania",2008,0,0,0,NA
"United States of America",2008,1,1,1,NA
"Uruguay",2008,0,0,0,"URY"
"USSR (Union of Soviet Socialist Republics)",2008,0,0,0,NA
"Venezuela (Bolivarian Republic of)",2008,0,0,0,NA
"Viet Nam",2008,1,0,1,"VNM"
"Yemen",2008,0,0,0,NA
"Yugoslavia",2008,0,0,0,NA
"Zambia",2008,0,0,0,"ZMB"
"Zimbabwe",2008,0,0,0,"ZWE"
"",2009,0,0,0,NA
"Albania",2009,0,0,0,"ALB"
"Algeria",2009,0,0,0,"DZA"
"Angola",2009,0,0,0,"AGO"
"Argentina",2009,0,0,0,"ARG"
"Australia",2009,0,0,0,"AUS"
"Austria",2009,1,0,1,"AUT"
"Azerbaijan",2009,0,0,0,"AZE"
"Bahrain",2009,0,0,0,"BHR"
"Bangladesh",2009,0,0,0,"BGD"
"Belarus",2009,0,0,0,"BLR"
"Belgium",2009,0,1,1,"BEL"
"Benin",2009,0,0,0,"BEN"
"Bolivia (Plurinational State of)",2009,0,0,0,NA
"Bosnia and Herzegovina",2009,0,0,0,"BIH"
"Botswana",2009,0,0,0,"BWA"
"Brazil",2009,0,0,0,"BRA"
"Bulgaria",2009,0,0,0,"BGR"
"Burkina Faso",2009,1,1,1,"BFA"
"Burundi",2009,0,0,0,"BDI"
"Cabo Verde",2009,0,0,0,"CPV"
"Cameroon",2009,0,0,0,"CMR"
"Canada",2009,0,0,0,"CAN"
"Chad",2009,0,0,0,"TCD"
"Chile",2009,0,0,0,"CHL"
"China",2009,1,1,1,"CHN"
"Colombia",2009,0,0,0,"COL"
"Congo",2009,0,0,0,NA
"Costa Rica",2009,1,1,1,"CRI"
"Croatia",2009,1,1,1,"HRV"
"Cuba",2009,0,0,0,"CUB"
"Czechia",2009,0,0,0,"CZE"
"Czechoslovakia",2009,0,0,0,NA
"Democratic Republic of the Congo",2009,0,0,0,NA
"Denmark",2009,0,0,0,"DNK"
"Djibouti",2009,0,0,0,"DJI"
"Dominican Republic",2009,0,0,0,"DOM"
"Ecuador",2009,0,0,0,"ECU"
"Egypt",2009,0,0,0,NA
"Equatorial Guinea",2009,0,0,0,"GNQ"
"Estonia",2009,0,0,0,"EST"
"Ethiopia",2009,0,0,0,"ETH"
"Finland",2009,0,0,0,"FIN"
"France",2009,1,1,1,"FRA"
"Gabon",2009,0,0,0,"GAB"
"Gambia",2009,0,0,0,NA
"German DR (German Democratic Republic)",2009,0,0,0,NA
"German FR (German Federal Republic)",2009,0,0,0,NA
"Germany",2009,0,0,0,"DEU"
"Ghana",2009,0,0,0,"GHA"
"Greece",2009,0,0,0,"GRC"
"Guatemala",2009,0,0,0,"GTM"
"Guinea",2009,0,0,0,"GIN"
"Guinea-Bissau",2009,0,0,0,"GNB"
"Guyana",2009,0,0,0,"GUY"
"Honduras",2009,0,0,0,"HND"
"Hungary",2009,0,0,0,"HUN"
"India",2009,0,0,0,"IND"
"Indonesia",2009,0,1,1,"IDN"
"Iran (Islamic Republic of)",2009,0,0,0,NA
"Iraq",2009,0,0,0,"IRQ"
"Ireland",2009,0,0,0,"IRL"
"Italy",2009,0,1,1,"ITA"
"Jamaica",2009,0,0,0,"JAM"
"Japan",2009,1,0,1,"JPN"
"Jordan",2009,0,0,0,"JOR"
"Kazakhstan",2009,0,0,0,"KAZ"
"Kenya",2009,0,0,0,"KEN"
"Kuwait",2009,0,0,0,"KWT"
"Kyrgyzstan",2009,0,0,0,NA
"Latvia",2009,0,0,0,"LVA"
"Lebanon",2009,0,0,0,"LBN"
"Liberia",2009,0,0,0,"LBR"
"Libya",2009,1,1,1,"LBY"
"Lithuania",2009,0,0,0,"LTU"
"Luxembourg",2009,0,0,0,"LUX"
"Madagascar",2009,0,0,0,"MDG"
"Malaysia",2009,0,0,0,"MYS"
"Mali",2009,0,0,0,"MLI"
"Malta",2009,0,0,0,"MLT"
"Mauritania",2009,0,0,0,"MRT"
"Mauritius",2009,0,0,0,"MUS"
"Mexico",2009,1,0,1,"MEX"
"Morocco",2009,0,0,0,"MAR"
"Mozambique",2009,0,0,0,"MOZ"
"Namibia",2009,0,0,0,"NAM"
"Nepal",2009,0,0,0,"NPL"
"Netherlands",2009,0,0,0,"NLD"
"New Zealand",2009,0,0,0,"NZL"
"Nicaragua",2009,0,0,0,"NIC"
"Niger",2009,0,0,0,"NER"
"Nigeria",2009,0,0,0,"NGA"
"Norway",2009,0,0,0,"NOR"
"Oman",2009,0,0,0,"OMN"
"Pakistan",2009,0,0,0,"PAK"
"Panama",2009,0,1,1,"PAN"
"Paraguay",2009,0,0,0,"PRY"
"Peru",2009,0,0,0,"PER"
"Philippines",2009,0,0,0,"PHL"
"Poland",2009,0,0,0,"POL"
"Portugal",2009,0,0,0,"PRT"
"Qatar",2009,0,0,0,"QAT"
"Republic of Korea",2009,0,0,0,NA
"Romania",2009,0,0,0,"ROU"
"Russian Federation",2009,1,1,1,"RUS"
"Rwanda",2009,0,0,0,"RWA"
"Saint Vincent and the Grenadines",2009,0,0,0,NA
"Senegal",2009,0,0,0,"SEN"
"Sierra Leone",2009,0,0,0,"SLE"
"Singapore",2009,0,0,0,"SGP"
"Slovakia",2009,0,0,0,NA
"Slovenia",2009,0,0,0,"SVN"
"Somalia",2009,0,0,0,NA
"South Africa",2009,0,1,1,"ZAF"
"Spain",2009,0,0,0,"ESP"
"Sri Lanka",2009,0,0,0,"LKA"
"Sudan",2009,0,0,0,"SDN"
"Sweden",2009,0,0,0,"SWE"
"Switzerland",2009,0,0,0,"CHE"
"Syrian Arab Republic",2009,0,0,0,"SYR"
"Thailand",2009,0,0,0,"THA"
"Togo",2009,0,0,0,"TGO"
"Trinidad and Tobago",2009,0,0,0,"TTO"
"Tunisia",2009,0,0,0,"TUN"
"Türkiye",2009,1,0,1,NA
"Uganda",2009,1,0,1,"UGA"
"Ukraine",2009,0,0,0,"UKR"
"Ukrainian SSR (Ukrainian Soviet Socialist Republic)",2009,0,0,0,NA
"United Arab Emirates",2009,0,0,0,"ARE"
"United Arab Republic",2009,0,0,0,NA
"United Kingdom of Great Britain and Northern Ireland",2009,1,1,1,NA
"United Republic of Tanzania",2009,0,0,0,NA
"United States of America",2009,1,1,1,NA
"Uruguay",2009,0,0,0,"URY"
"USSR (Union of Soviet Socialist Republics)",2009,0,0,0,NA
"Venezuela (Bolivarian Republic of)",2009,0,0,0,NA
"Viet Nam",2009,1,1,1,"VNM"
"Yemen",2009,0,0,0,NA
"Yugoslavia",2009,0,0,0,NA
"Zambia",2009,0,0,0,"ZMB"
"Zimbabwe",2009,0,0,0,"ZWE"
"",2010,0,0,0,NA
"Albania",2010,0,0,0,"ALB"
"Algeria",2010,0,0,0,"DZA"
"Angola",2010,0,0,0,"AGO"
"Argentina",2010,0,0,0,"ARG"
"Australia",2010,0,0,0,"AUS"
"Austria",2010,1,1,1,"AUT"
"Azerbaijan",2010,0,0,0,"AZE"
"Bahrain",2010,0,0,0,"BHR"
"Bangladesh",2010,0,0,0,"BGD"
"Belarus",2010,0,0,0,"BLR"
"Belgium",2010,0,0,0,"BEL"
"Benin",2010,0,0,0,"BEN"
"Bolivia (Plurinational State of)",2010,0,0,0,NA
"Bosnia and Herzegovina",2010,1,0,1,"BIH"
"Botswana",2010,0,0,0,"BWA"
"Brazil",2010,1,0,1,"BRA"
"Bulgaria",2010,0,0,0,"BGR"
"Burkina Faso",2010,0,1,1,"BFA"
"Burundi",2010,0,0,0,"BDI"
"Cabo Verde",2010,0,0,0,"CPV"
"Cameroon",2010,0,0,0,"CMR"
"Canada",2010,0,0,0,"CAN"
"Chad",2010,0,0,0,"TCD"
"Chile",2010,0,0,0,"CHL"
"China",2010,1,1,1,"CHN"
"Colombia",2010,0,0,0,"COL"
"Congo",2010,0,0,0,NA
"Costa Rica",2010,0,1,1,"CRI"
"Croatia",2010,0,1,1,"HRV"
"Cuba",2010,0,0,0,"CUB"
"Czechia",2010,0,0,0,"CZE"
"Czechoslovakia",2010,0,0,0,NA
"Democratic Republic of the Congo",2010,0,0,0,NA
"Denmark",2010,0,0,0,"DNK"
"Djibouti",2010,0,0,0,"DJI"
"Dominican Republic",2010,0,0,0,"DOM"
"Ecuador",2010,0,0,0,"ECU"
"Egypt",2010,0,0,0,NA
"Equatorial Guinea",2010,0,0,0,"GNQ"
"Estonia",2010,0,0,0,"EST"
"Ethiopia",2010,0,0,0,"ETH"
"Finland",2010,0,0,0,"FIN"
"France",2010,1,1,1,"FRA"
"Gabon",2010,1,0,1,"GAB"
"Gambia",2010,0,0,0,NA
"German DR (German Democratic Republic)",2010,0,0,0,NA
"German FR (German Federal Republic)",2010,0,0,0,NA
"Germany",2010,0,0,0,"DEU"
"Ghana",2010,0,0,0,"GHA"
"Greece",2010,0,0,0,"GRC"
"Guatemala",2010,0,0,0,"GTM"
"Guinea",2010,0,0,0,"GIN"
"Guinea-Bissau",2010,0,0,0,"GNB"
"Guyana",2010,0,0,0,"GUY"
"Honduras",2010,0,0,0,"HND"
"Hungary",2010,0,0,0,"HUN"
"India",2010,0,0,0,"IND"
"Indonesia",2010,0,0,0,"IDN"
"Iran (Islamic Republic of)",2010,0,0,0,NA
"Iraq",2010,0,0,0,"IRQ"
"Ireland",2010,0,0,0,"IRL"
"Italy",2010,0,0,0,"ITA"
"Jamaica",2010,0,0,0,"JAM"
"Japan",2010,1,1,1,"JPN"
"Jordan",2010,0,0,0,"JOR"
"Kazakhstan",2010,0,0,0,"KAZ"
"Kenya",2010,0,0,0,"KEN"
"Kuwait",2010,0,0,0,"KWT"
"Kyrgyzstan",2010,0,0,0,NA
"Latvia",2010,0,0,0,"LVA"
"Lebanon",2010,1,0,1,"LBN"
"Liberia",2010,0,0,0,"LBR"
"Libya",2010,0,1,1,"LBY"
"Lithuania",2010,0,0,0,"LTU"
"Luxembourg",2010,0,0,0,"LUX"
"Madagascar",2010,0,0,0,"MDG"
"Malaysia",2010,0,0,0,"MYS"
"Mali",2010,0,0,0,"MLI"
"Malta",2010,0,0,0,"MLT"
"Mauritania",2010,0,0,0,"MRT"
"Mauritius",2010,0,0,0,"MUS"
"Mexico",2010,1,1,1,"MEX"
"Morocco",2010,0,0,0,"MAR"
"Mozambique",2010,0,0,0,"MOZ"
"Namibia",2010,0,0,0,"NAM"
"Nepal",2010,0,0,0,"NPL"
"Netherlands",2010,0,0,0,"NLD"
"New Zealand",2010,0,0,0,"NZL"
"Nicaragua",2010,0,0,0,"NIC"
"Niger",2010,0,0,0,"NER"
"Nigeria",2010,1,0,1,"NGA"
"Norway",2010,0,0,0,"NOR"
"Oman",2010,0,0,0,"OMN"
"Pakistan",2010,0,0,0,"PAK"
"Panama",2010,0,0,0,"PAN"
"Paraguay",2010,0,0,0,"PRY"
"Peru",2010,0,0,0,"PER"
"Philippines",2010,0,0,0,"PHL"
"Poland",2010,0,0,0,"POL"
"Portugal",2010,0,0,0,"PRT"
"Qatar",2010,0,0,0,"QAT"
"Republic of Korea",2010,0,0,0,NA
"Romania",2010,0,0,0,"ROU"
"Russian Federation",2010,1,1,1,"RUS"
"Rwanda",2010,0,0,0,"RWA"
"Saint Vincent and the Grenadines",2010,0,0,0,NA
"Senegal",2010,0,0,0,"SEN"
"Sierra Leone",2010,0,0,0,"SLE"
"Singapore",2010,0,0,0,"SGP"
"Slovakia",2010,0,0,0,NA
"Slovenia",2010,0,0,0,"SVN"
"Somalia",2010,0,0,0,NA
"South Africa",2010,0,0,0,"ZAF"
"Spain",2010,0,0,0,"ESP"
"Sri Lanka",2010,0,0,0,"LKA"
"Sudan",2010,0,0,0,"SDN"
"Sweden",2010,0,0,0,"SWE"
"Switzerland",2010,0,0,0,"CHE"
"Syrian Arab Republic",2010,0,0,0,"SYR"
"Thailand",2010,0,0,0,"THA"
"Togo",2010,0,0,0,"TGO"
"Trinidad and Tobago",2010,0,0,0,"TTO"
"Tunisia",2010,0,0,0,"TUN"
"Türkiye",2010,1,1,1,NA
"Uganda",2010,1,1,1,"UGA"
"Ukraine",2010,0,0,0,"UKR"
"Ukrainian SSR (Ukrainian Soviet Socialist Republic)",2010,0,0,0,NA
"United Arab Emirates",2010,0,0,0,"ARE"
"United Arab Republic",2010,0,0,0,NA
"United Kingdom of Great Britain and Northern Ireland",2010,1,1,1,NA
"United Republic of Tanzania",2010,0,0,0,NA
"United States of America",2010,1,1,1,NA
"Uruguay",2010,0,0,0,"URY"
"USSR (Union of Soviet Socialist Republics)",2010,0,0,0,NA
"Venezuela (Bolivarian Republic of)",2010,0,0,0,NA
"Viet Nam",2010,0,1,1,"VNM"
"Yemen",2010,0,0,0,NA
"Yugoslavia",2010,0,0,0,NA
"Zambia",2010,0,0,0,"ZMB"
"Zimbabwe",2010,0,0,0,"ZWE"
"",2011,0,0,0,NA
"Albania",2011,0,0,0,"ALB"
"Algeria",2011,0,0,0,"DZA"
"Angola",2011,0,0,0,"AGO"
"Argentina",2011,0,0,0,"ARG"
"Australia",2011,0,0,0,"AUS"
"Austria",2011,0,1,1,"AUT"
"Azerbaijan",2011,0,0,0,"AZE"
"Bahrain",2011,0,0,0,"BHR"
"Bangladesh",2011,0,0,0,"BGD"
"Belarus",2011,0,0,0,"BLR"
"Belgium",2011,0,0,0,"BEL"
"Benin",2011,0,0,0,"BEN"
"Bolivia (Plurinational State of)",2011,0,0,0,NA
"Bosnia and Herzegovina",2011,1,1,1,"BIH"
"Botswana",2011,0,0,0,"BWA"
"Brazil",2011,1,1,1,"BRA"
"Bulgaria",2011,0,0,0,"BGR"
"Burkina Faso",2011,0,0,0,"BFA"
"Burundi",2011,0,0,0,"BDI"
"Cabo Verde",2011,0,0,0,"CPV"
"Cameroon",2011,0,0,0,"CMR"
"Canada",2011,0,0,0,"CAN"
"Chad",2011,0,0,0,"TCD"
"Chile",2011,0,0,0,"CHL"
"China",2011,1,1,1,"CHN"
"Colombia",2011,1,0,1,"COL"
"Congo",2011,0,0,0,NA
"Costa Rica",2011,0,0,0,"CRI"
"Croatia",2011,0,0,0,"HRV"
"Cuba",2011,0,0,0,"CUB"
"Czechia",2011,0,0,0,"CZE"
"Czechoslovakia",2011,0,0,0,NA
"Democratic Republic of the Congo",2011,0,0,0,NA
"Denmark",2011,0,0,0,"DNK"
"Djibouti",2011,0,0,0,"DJI"
"Dominican Republic",2011,0,0,0,"DOM"
"Ecuador",2011,0,0,0,"ECU"
"Egypt",2011,0,0,0,NA
"Equatorial Guinea",2011,0,0,0,"GNQ"
"Estonia",2011,0,0,0,"EST"
"Ethiopia",2011,0,0,0,"ETH"
"Finland",2011,0,0,0,"FIN"
"France",2011,1,1,1,"FRA"
"Gabon",2011,1,1,1,"GAB"
"Gambia",2011,0,0,0,NA
"German DR (German Democratic Republic)",2011,0,0,0,NA
"German FR (German Federal Republic)",2011,0,0,0,NA
"Germany",2011,1,0,1,"DEU"
"Ghana",2011,0,0,0,"GHA"
"Greece",2011,0,0,0,"GRC"
"Guatemala",2011,0,0,0,"GTM"
"Guinea",2011,0,0,0,"GIN"
"Guinea-Bissau",2011,0,0,0,"GNB"
"Guyana",2011,0,0,0,"GUY"
"Honduras",2011,0,0,0,"HND"
"Hungary",2011,0,0,0,"HUN"
"India",2011,1,0,1,"IND"
"Indonesia",2011,0,0,0,"IDN"
"Iran (Islamic Republic of)",2011,0,0,0,NA
"Iraq",2011,0,0,0,"IRQ"
"Ireland",2011,0,0,0,"IRL"
"Italy",2011,0,0,0,"ITA"
"Jamaica",2011,0,0,0,"JAM"
"Japan",2011,0,1,1,"JPN"
"Jordan",2011,0,0,0,"JOR"
"Kazakhstan",2011,0,0,0,"KAZ"
"Kenya",2011,0,0,0,"KEN"
"Kuwait",2011,0,0,0,"KWT"
"Kyrgyzstan",2011,0,0,0,NA
"Latvia",2011,0,0,0,"LVA"
"Lebanon",2011,1,1,1,"LBN"
"Liberia",2011,0,0,0,"LBR"
"Libya",2011,0,0,0,"LBY"
"Lithuania",2011,0,0,0,"LTU"
"Luxembourg",2011,0,0,0,"LUX"
"Madagascar",2011,0,0,0,"MDG"
"Malaysia",2011,0,0,0,"MYS"
"Mali",2011,0,0,0,"MLI"
"Malta",2011,0,0,0,"MLT"
"Mauritania",2011,0,0,0,"MRT"
"Mauritius",2011,0,0,0,"MUS"
"Mexico",2011,0,1,1,"MEX"
"Morocco",2011,0,0,0,"MAR"
"Mozambique",2011,0,0,0,"MOZ"
"Namibia",2011,0,0,0,"NAM"
"Nepal",2011,0,0,0,"NPL"
"Netherlands",2011,0,0,0,"NLD"
"New Zealand",2011,0,0,0,"NZL"
"Nicaragua",2011,0,0,0,"NIC"
"Niger",2011,0,0,0,"NER"
"Nigeria",2011,1,1,1,"NGA"
"Norway",2011,0,0,0,"NOR"
"Oman",2011,0,0,0,"OMN"
"Pakistan",2011,0,0,0,"PAK"
"Panama",2011,0,0,0,"PAN"
"Paraguay",2011,0,0,0,"PRY"
"Peru",2011,0,0,0,"PER"
"Philippines",2011,0,0,0,"PHL"
"Poland",2011,0,0,0,"POL"
"Portugal",2011,1,0,1,"PRT"
"Qatar",2011,0,0,0,"QAT"
"Republic of Korea",2011,0,0,0,NA
"Romania",2011,0,0,0,"ROU"
"Russian Federation",2011,1,1,1,"RUS"
"Rwanda",2011,0,0,0,"RWA"
"Saint Vincent and the Grenadines",2011,0,0,0,NA
"Senegal",2011,0,0,0,"SEN"
"Sierra Leone",2011,0,0,0,"SLE"
"Singapore",2011,0,0,0,"SGP"
"Slovakia",2011,0,0,0,NA
"Slovenia",2011,0,0,0,"SVN"
"Somalia",2011,0,0,0,NA
"South Africa",2011,1,0,1,"ZAF"
"Spain",2011,0,0,0,"ESP"
"Sri Lanka",2011,0,0,0,"LKA"
"Sudan",2011,0,0,0,"SDN"
"Sweden",2011,0,0,0,"SWE"
"Switzerland",2011,0,0,0,"CHE"
"Syrian Arab Republic",2011,0,0,0,"SYR"
"Thailand",2011,0,0,0,"THA"
"Togo",2011,0,0,0,"TGO"
"Trinidad and Tobago",2011,0,0,0,"TTO"
"Tunisia",2011,0,0,0,"TUN"
"Türkiye",2011,0,1,1,NA
"Uganda",2011,0,1,1,"UGA"
"Ukraine",2011,0,0,0,"UKR"
"Ukrainian SSR (Ukrainian Soviet Socialist Republic)",2011,0,0,0,NA
"United Arab Emirates",2011,0,0,0,"ARE"
"United Arab Republic",2011,0,0,0,NA
"United Kingdom of Great Britain and Northern Ireland",2011,1,1,1,NA
"United Republic of Tanzania",2011,0,0,0,NA
"United States of America",2011,1,1,1,NA
"Uruguay",2011,0,0,0,"URY"
"USSR (Union of Soviet Socialist Republics)",2011,0,0,0,NA
"Venezuela (Bolivarian Republic of)",2011,0,0,0,NA
"Viet Nam",2011,0,0,0,"VNM"
"Yemen",2011,0,0,0,NA
"Yugoslavia",2011,0,0,0,NA
"Zambia",2011,0,0,0,"ZMB"
"Zimbabwe",2011,0,0,0,"ZWE"
"",2012,0,0,0,NA
"Albania",2012,0,0,0,"ALB"
"Algeria",2012,0,0,0,"DZA"
"Angola",2012,0,0,0,"AGO"
"Argentina",2012,0,0,0,"ARG"
"Australia",2012,0,0,0,"AUS"
"Austria",2012,0,0,0,"AUT"
"Azerbaijan",2012,1,0,1,"AZE"
"Bahrain",2012,0,0,0,"BHR"
"Bangladesh",2012,0,0,0,"BGD"
"Belarus",2012,0,0,0,"BLR"
"Belgium",2012,0,0,0,"BEL"
"Benin",2012,0,0,0,"BEN"
"Bolivia (Plurinational State of)",2012,0,0,0,NA
"Bosnia and Herzegovina",2012,0,1,1,"BIH"
"Botswana",2012,0,0,0,"BWA"
"Brazil",2012,0,1,1,"BRA"
"Bulgaria",2012,0,0,0,"BGR"
"Burkina Faso",2012,0,0,0,"BFA"
"Burundi",2012,0,0,0,"BDI"
"Cabo Verde",2012,0,0,0,"CPV"
"Cameroon",2012,0,0,0,"CMR"
"Canada",2012,0,0,0,"CAN"
"Chad",2012,0,0,0,"TCD"
"Chile",2012,0,0,0,"CHL"
"China",2012,1,1,1,"CHN"
"Colombia",2012,1,1,1,"COL"
"Congo",2012,0,0,0,NA
"Costa Rica",2012,0,0,0,"CRI"
"Croatia",2012,0,0,0,"HRV"
"Cuba",2012,0,0,0,"CUB"
"Czechia",2012,0,0,0,"CZE"
"Czechoslovakia",2012,0,0,0,NA
"Democratic Republic of the Congo",2012,0,0,0,NA
"Denmark",2012,0,0,0,"DNK"
"Djibouti",2012,0,0,0,"DJI"
"Dominican Republic",2012,0,0,0,"DOM"
"Ecuador",2012,0,0,0,"ECU"
"Egypt",2012,0,0,0,NA
"Equatorial Guinea",2012,0,0,0,"GNQ"
"Estonia",2012,0,0,0,"EST"
"Ethiopia",2012,0,0,0,"ETH"
"Finland",2012,0,0,0,"FIN"
"France",2012,1,1,1,"FRA"
"Gabon",2012,0,1,1,"GAB"
"Gambia",2012,0,0,0,NA
"German DR (German Democratic Republic)",2012,0,0,0,NA
"German FR (German Federal Republic)",2012,0,0,0,NA
"Germany",2012,1,1,1,"DEU"
"Ghana",2012,0,0,0,"GHA"
"Greece",2012,0,0,0,"GRC"
"Guatemala",2012,1,0,1,"GTM"
"Guinea",2012,0,0,0,"GIN"
"Guinea-Bissau",2012,0,0,0,"GNB"
"Guyana",2012,0,0,0,"GUY"
"Honduras",2012,0,0,0,"HND"
"Hungary",2012,0,0,0,"HUN"
"India",2012,1,1,1,"IND"
"Indonesia",2012,0,0,0,"IDN"
"Iran (Islamic Republic of)",2012,0,0,0,NA
"Iraq",2012,0,0,0,"IRQ"
"Ireland",2012,0,0,0,"IRL"
"Italy",2012,0,0,0,"ITA"
"Jamaica",2012,0,0,0,"JAM"
"Japan",2012,0,0,0,"JPN"
"Jordan",2012,0,0,0,"JOR"
"Kazakhstan",2012,0,0,0,"KAZ"
"Kenya",2012,0,0,0,"KEN"
"Kuwait",2012,0,0,0,"KWT"
"Kyrgyzstan",2012,0,0,0,NA
"Latvia",2012,0,0,0,"LVA"
"Lebanon",2012,0,1,1,"LBN"
"Liberia",2012,0,0,0,"LBR"
"Libya",2012,0,0,0,"LBY"
"Lithuania",2012,0,0,0,"LTU"
"Luxembourg",2012,0,0,0,"LUX"
"Madagascar",2012,0,0,0,"MDG"
"Malaysia",2012,0,0,0,"MYS"
"Mali",2012,0,0,0,"MLI"
"Malta",2012,0,0,0,"MLT"
"Mauritania",2012,0,0,0,"MRT"
"Mauritius",2012,0,0,0,"MUS"
"Mexico",2012,0,0,0,"MEX"
"Morocco",2012,1,0,1,"MAR"
"Mozambique",2012,0,0,0,"MOZ"
"Namibia",2012,0,0,0,"NAM"
"Nepal",2012,0,0,0,"NPL"
"Netherlands",2012,0,0,0,"NLD"
"New Zealand",2012,0,0,0,"NZL"
"Nicaragua",2012,0,0,0,"NIC"
"Niger",2012,0,0,0,"NER"
"Nigeria",2012,0,1,1,"NGA"
"Norway",2012,0,0,0,"NOR"
"Oman",2012,0,0,0,"OMN"
"Pakistan",2012,1,0,1,"PAK"
"Panama",2012,0,0,0,"PAN"
"Paraguay",2012,0,0,0,"PRY"
"Peru",2012,0,0,0,"PER"
"Philippines",2012,0,0,0,"PHL"
"Poland",2012,0,0,0,"POL"
"Portugal",2012,1,1,1,"PRT"
"Qatar",2012,0,0,0,"QAT"
"Republic of Korea",2012,0,0,0,NA
"Romania",2012,0,0,0,"ROU"
"Russian Federation",2012,1,1,1,"RUS"
"Rwanda",2012,0,0,0,"RWA"
"Saint Vincent and the Grenadines",2012,0,0,0,NA
"Senegal",2012,0,0,0,"SEN"
"Sierra Leone",2012,0,0,0,"SLE"
"Singapore",2012,0,0,0,"SGP"
"Slovakia",2012,0,0,0,NA
"Slovenia",2012,0,0,0,"SVN"
"Somalia",2012,0,0,0,NA
"South Africa",2012,1,1,1,"ZAF"
"Spain",2012,0,0,0,"ESP"
"Sri Lanka",2012,0,0,0,"LKA"
"Sudan",2012,0,0,0,"SDN"
"Sweden",2012,0,0,0,"SWE"
"Switzerland",2012,0,0,0,"CHE"
"Syrian Arab Republic",2012,0,0,0,"SYR"
"Thailand",2012,0,0,0,"THA"
"Togo",2012,1,0,1,"TGO"
"Trinidad and Tobago",2012,0,0,0,"TTO"
"Tunisia",2012,0,0,0,"TUN"
"Türkiye",2012,0,0,0,NA
"Uganda",2012,0,0,0,"UGA"
"Ukraine",2012,0,0,0,"UKR"
"Ukrainian SSR (Ukrainian Soviet Socialist Republic)",2012,0,0,0,NA
"United Arab Emirates",2012,0,0,0,"ARE"
"United Arab Republic",2012,0,0,0,NA
"United Kingdom of Great Britain and Northern Ireland",2012,1,1,1,NA
"United Republic of Tanzania",2012,0,0,0,NA
"United States of America",2012,1,1,1,NA
"Uruguay",2012,0,0,0,"URY"
"USSR (Union of Soviet Socialist Republics)",2012,0,0,0,NA
"Venezuela (Bolivarian Republic of)",2012,0,0,0,NA
"Viet Nam",2012,0,0,0,"VNM"
"Yemen",2012,0,0,0,NA
"Yugoslavia",2012,0,0,0,NA
"Zambia",2012,0,0,0,"ZMB"
"Zimbabwe",2012,0,0,0,"ZWE"
"",2013,0,0,0,NA
"Albania",2013,0,0,0,"ALB"
"Algeria",2013,0,0,0,"DZA"
"Angola",2013,0,0,0,"AGO"
"Argentina",2013,1,0,1,"ARG"
"Australia",2013,1,0,1,"AUS"
"Austria",2013,0,0,0,"AUT"
"Azerbaijan",2013,1,1,1,"AZE"
"Bahrain",2013,0,0,0,"BHR"
"Bangladesh",2013,0,0,0,"BGD"
"Belarus",2013,0,0,0,"BLR"
"Belgium",2013,0,0,0,"BEL"
"Benin",2013,0,0,0,"BEN"
"Bolivia (Plurinational State of)",2013,0,0,0,NA
"Bosnia and Herzegovina",2013,0,0,0,"BIH"
"Botswana",2013,0,0,0,"BWA"
"Brazil",2013,0,0,0,"BRA"
"Bulgaria",2013,0,0,0,"BGR"
"Burkina Faso",2013,0,0,0,"BFA"
"Burundi",2013,0,0,0,"BDI"
"Cabo Verde",2013,0,0,0,"CPV"
"Cameroon",2013,0,0,0,"CMR"
"Canada",2013,0,0,0,"CAN"
"Chad",2013,0,0,0,"TCD"
"Chile",2013,0,0,0,"CHL"
"China",2013,1,1,1,"CHN"
"Colombia",2013,0,1,1,"COL"
"Congo",2013,0,0,0,NA
"Costa Rica",2013,0,0,0,"CRI"
"Croatia",2013,0,0,0,"HRV"
"Cuba",2013,0,0,0,"CUB"
"Czechia",2013,0,0,0,"CZE"
"Czechoslovakia",2013,0,0,0,NA
"Democratic Republic of the Congo",2013,0,0,0,NA
"Denmark",2013,0,0,0,"DNK"
"Djibouti",2013,0,0,0,"DJI"
"Dominican Republic",2013,0,0,0,"DOM"
"Ecuador",2013,0,0,0,"ECU"
"Egypt",2013,0,0,0,NA
"Equatorial Guinea",2013,0,0,0,"GNQ"
"Estonia",2013,0,0,0,"EST"
"Ethiopia",2013,0,0,0,"ETH"
"Finland",2013,0,0,0,"FIN"
"France",2013,1,1,1,"FRA"
"Gabon",2013,0,0,0,"GAB"
"Gambia",2013,0,0,0,NA
"German DR (German Democratic Republic)",2013,0,0,0,NA
"German FR (German Federal Republic)",2013,0,0,0,NA
"Germany",2013,0,1,1,"DEU"
"Ghana",2013,0,0,0,"GHA"
"Greece",2013,0,0,0,"GRC"
"Guatemala",2013,1,1,1,"GTM"
"Guinea",2013,0,0,0,"GIN"
"Guinea-Bissau",2013,0,0,0,"GNB"
"Guyana",2013,0,0,0,"GUY"
"Honduras",2013,0,0,0,"HND"
"Hungary",2013,0,0,0,"HUN"
"India",2013,0,1,1,"IND"
"Indonesia",2013,0,0,0,"IDN"
"Iran (Islamic Republic of)",2013,0,0,0,NA
"Iraq",2013,0,0,0,"IRQ"
"Ireland",2013,0,0,0,"IRL"
"Italy",2013,0,0,0,"ITA"
"Jamaica",2013,0,0,0,"JAM"
"Japan",2013,0,0,0,"JPN"
"Jordan",2013,0,0,0,"JOR"
"Kazakhstan",2013,0,0,0,"KAZ"
"Kenya",2013,0,0,0,"KEN"
"Kuwait",2013,0,0,0,"KWT"
"Kyrgyzstan",2013,0,0,0,NA
"Latvia",2013,0,0,0,"LVA"
"Lebanon",2013,0,0,0,"LBN"
"Liberia",2013,0,0,0,"LBR"
"Libya",2013,0,0,0,"LBY"
"Lithuania",2013,0,0,0,"LTU"
"Luxembourg",2013,1,0,1,"LUX"
"Madagascar",2013,0,0,0,"MDG"
"Malaysia",2013,0,0,0,"MYS"
"Mali",2013,0,0,0,"MLI"
"Malta",2013,0,0,0,"MLT"
"Mauritania",2013,0,0,0,"MRT"
"Mauritius",2013,0,0,0,"MUS"
"Mexico",2013,0,0,0,"MEX"
"Morocco",2013,1,1,1,"MAR"
"Mozambique",2013,0,0,0,"MOZ"
"Namibia",2013,0,0,0,"NAM"
"Nepal",2013,0,0,0,"NPL"
"Netherlands",2013,0,0,0,"NLD"
"New Zealand",2013,0,0,0,"NZL"
"Nicaragua",2013,0,0,0,"NIC"
"Niger",2013,0,0,0,"NER"
"Nigeria",2013,0,0,0,"NGA"
"Norway",2013,0,0,0,"NOR"
"Oman",2013,0,0,0,"OMN"
"Pakistan",2013,1,1,1,"PAK"
"Panama",2013,0,0,0,"PAN"
"Paraguay",2013,0,0,0,"PRY"
"Peru",2013,0,0,0,"PER"
"Philippines",2013,0,0,0,"PHL"
"Poland",2013,0,0,0,"POL"
"Portugal",2013,0,1,1,"PRT"
"Qatar",2013,0,0,0,"QAT"
"Republic of Korea",2013,1,0,1,NA
"Romania",2013,0,0,0,"ROU"
"Russian Federation",2013,1,1,1,"RUS"
"Rwanda",2013,1,0,1,"RWA"
"Saint Vincent and the Grenadines",2013,0,0,0,NA
"Senegal",2013,0,0,0,"SEN"
"Sierra Leone",2013,0,0,0,"SLE"
"Singapore",2013,0,0,0,"SGP"
"Slovakia",2013,0,0,0,NA
"Slovenia",2013,0,0,0,"SVN"
"Somalia",2013,0,0,0,NA
"South Africa",2013,0,1,1,"ZAF"
"Spain",2013,0,0,0,"ESP"
"Sri Lanka",2013,0,0,0,"LKA"
"Sudan",2013,0,0,0,"SDN"
"Sweden",2013,0,0,0,"SWE"
"Switzerland",2013,0,0,0,"CHE"
"Syrian Arab Republic",2013,0,0,0,"SYR"
"Thailand",2013,0,0,0,"THA"
"Togo",2013,1,1,1,"TGO"
"Trinidad and Tobago",2013,0,0,0,"TTO"
"Tunisia",2013,0,0,0,"TUN"
"Türkiye",2013,0,0,0,NA
"Uganda",2013,0,0,0,"UGA"
"Ukraine",2013,0,0,0,"UKR"
"Ukrainian SSR (Ukrainian Soviet Socialist Republic)",2013,0,0,0,NA
"United Arab Emirates",2013,0,0,0,"ARE"
"United Arab Republic",2013,0,0,0,NA
"United Kingdom of Great Britain and Northern Ireland",2013,1,1,1,NA
"United Republic of Tanzania",2013,0,0,0,NA
"United States of America",2013,1,1,1,NA
"Uruguay",2013,0,0,0,"URY"
"USSR (Union of Soviet Socialist Republics)",2013,0,0,0,NA
"Venezuela (Bolivarian Republic of)",2013,0,0,0,NA
"Viet Nam",2013,0,0,0,"VNM"
"Yemen",2013,0,0,0,NA
"Yugoslavia",2013,0,0,0,NA
"Zambia",2013,0,0,0,"ZMB"
"Zimbabwe",2013,0,0,0,"ZWE"
"",2014,0,0,0,NA
"Albania",2014,0,0,0,"ALB"
"Algeria",2014,0,0,0,"DZA"
"Angola",2014,0,0,0,"AGO"
"Argentina",2014,1,1,1,"ARG"
"Australia",2014,1,1,1,"AUS"
"Austria",2014,0,0,0,"AUT"
"Azerbaijan",2014,0,1,1,"AZE"
"Bahrain",2014,0,0,0,"BHR"
"Bangladesh",2014,0,0,0,"BGD"
"Belarus",2014,0,0,0,"BLR"
"Belgium",2014,0,0,0,"BEL"
"Benin",2014,0,0,0,"BEN"
"Bolivia (Plurinational State of)",2014,0,0,0,NA
"Bosnia and Herzegovina",2014,0,0,0,"BIH"
"Botswana",2014,0,0,0,"BWA"
"Brazil",2014,0,0,0,"BRA"
"Bulgaria",2014,0,0,0,"BGR"
"Burkina Faso",2014,0,0,0,"BFA"
"Burundi",2014,0,0,0,"BDI"
"Cabo Verde",2014,0,0,0,"CPV"
"Cameroon",2014,0,0,0,"CMR"
"Canada",2014,0,0,0,"CAN"
"Chad",2014,1,0,1,"TCD"
"Chile",2014,1,0,1,"CHL"
"China",2014,1,1,1,"CHN"
"Colombia",2014,0,0,0,"COL"
"Congo",2014,0,0,0,NA
"Costa Rica",2014,0,0,0,"CRI"
"Croatia",2014,0,0,0,"HRV"
"Cuba",2014,0,0,0,"CUB"
"Czechia",2014,0,0,0,"CZE"
"Czechoslovakia",2014,0,0,0,NA
"Democratic Republic of the Congo",2014,0,0,0,NA
"Denmark",2014,0,0,0,"DNK"
"Djibouti",2014,0,0,0,"DJI"
"Dominican Republic",2014,0,0,0,"DOM"
"Ecuador",2014,0,0,0,"ECU"
"Egypt",2014,0,0,0,NA
"Equatorial Guinea",2014,0,0,0,"GNQ"
"Estonia",2014,0,0,0,"EST"
"Ethiopia",2014,0,0,0,"ETH"
"Finland",2014,0,0,0,"FIN"
"France",2014,1,1,1,"FRA"
"Gabon",2014,0,0,0,"GAB"
"Gambia",2014,0,0,0,NA
"German DR (German Democratic Republic)",2014,0,0,0,NA
"German FR (German Federal Republic)",2014,0,0,0,NA
"Germany",2014,0,0,0,"DEU"
"Ghana",2014,0,0,0,"GHA"
"Greece",2014,0,0,0,"GRC"
"Guatemala",2014,0,1,1,"GTM"
"Guinea",2014,0,0,0,"GIN"
"Guinea-Bissau",2014,0,0,0,"GNB"
"Guyana",2014,0,0,0,"GUY"
"Honduras",2014,0,0,0,"HND"
"Hungary",2014,0,0,0,"HUN"
"India",2014,0,0,0,"IND"
"Indonesia",2014,0,0,0,"IDN"
"Iran (Islamic Republic of)",2014,0,0,0,NA
"Iraq",2014,0,0,0,"IRQ"
"Ireland",2014,0,0,0,"IRL"
"Italy",2014,0,0,0,"ITA"
"Jamaica",2014,0,0,0,"JAM"
"Japan",2014,0,0,0,"JPN"
"Jordan",2014,1,0,1,"JOR"
"Kazakhstan",2014,0,0,0,"KAZ"
"Kenya",2014,0,0,0,"KEN"
"Kuwait",2014,0,0,0,"KWT"
"Kyrgyzstan",2014,0,0,0,NA
"Latvia",2014,0,0,0,"LVA"
"Lebanon",2014,0,0,0,"LBN"
"Liberia",2014,0,0,0,"LBR"
"Libya",2014,0,0,0,"LBY"
"Lithuania",2014,1,0,1,"LTU"
"Luxembourg",2014,1,1,1,"LUX"
"Madagascar",2014,0,0,0,"MDG"
"Malaysia",2014,0,0,0,"MYS"
"Mali",2014,0,0,0,"MLI"
"Malta",2014,0,0,0,"MLT"
"Mauritania",2014,0,0,0,"MRT"
"Mauritius",2014,0,0,0,"MUS"
"Mexico",2014,0,0,0,"MEX"
"Morocco",2014,0,1,1,"MAR"
"Mozambique",2014,0,0,0,"MOZ"
"Namibia",2014,0,0,0,"NAM"
"Nepal",2014,0,0,0,"NPL"
"Netherlands",2014,0,0,0,"NLD"
"New Zealand",2014,0,0,0,"NZL"
"Nicaragua",2014,0,0,0,"NIC"
"Niger",2014,0,0,0,"NER"
"Nigeria",2014,1,0,1,"NGA"
"Norway",2014,0,0,0,"NOR"
"Oman",2014,0,0,0,"OMN"
"Pakistan",2014,0,1,1,"PAK"
"Panama",2014,0,0,0,"PAN"
"Paraguay",2014,0,0,0,"PRY"
"Peru",2014,0,0,0,"PER"
"Philippines",2014,0,0,0,"PHL"
"Poland",2014,0,0,0,"POL"
"Portugal",2014,0,0,0,"PRT"
"Qatar",2014,0,0,0,"QAT"
"Republic of Korea",2014,1,1,1,NA
"Romania",2014,0,0,0,"ROU"
"Russian Federation",2014,1,1,1,"RUS"
"Rwanda",2014,1,1,1,"RWA"
"Saint Vincent and the Grenadines",2014,0,0,0,NA
"Senegal",2014,0,0,0,"SEN"
"Sierra Leone",2014,0,0,0,"SLE"
"Singapore",2014,0,0,0,"SGP"
"Slovakia",2014,0,0,0,NA
"Slovenia",2014,0,0,0,"SVN"
"Somalia",2014,0,0,0,NA
"South Africa",2014,0,0,0,"ZAF"
"Spain",2014,0,0,0,"ESP"
"Sri Lanka",2014,0,0,0,"LKA"
"Sudan",2014,0,0,0,"SDN"
"Sweden",2014,0,0,0,"SWE"
"Switzerland",2014,0,0,0,"CHE"
"Syrian Arab Republic",2014,0,0,0,"SYR"
"Thailand",2014,0,0,0,"THA"
"Togo",2014,0,1,1,"TGO"
"Trinidad and Tobago",2014,0,0,0,"TTO"
"Tunisia",2014,0,0,0,"TUN"
"Türkiye",2014,0,0,0,NA
"Uganda",2014,0,0,0,"UGA"
"Ukraine",2014,0,0,0,"UKR"
"Ukrainian SSR (Ukrainian Soviet Socialist Republic)",2014,0,0,0,NA
"United Arab Emirates",2014,0,0,0,"ARE"
"United Arab Republic",2014,0,0,0,NA
"United Kingdom of Great Britain and Northern Ireland",2014,1,1,1,NA
"United Republic of Tanzania",2014,0,0,0,NA
"United States of America",2014,1,1,1,NA
"Uruguay",2014,0,0,0,"URY"
"USSR (Union of Soviet Socialist Republics)",2014,0,0,0,NA
"Venezuela (Bolivarian Republic of)",2014,0,0,0,NA
"Viet Nam",2014,0,0,0,"VNM"
"Yemen",2014,0,0,0,NA
"Yugoslavia",2014,0,0,0,NA
"Zambia",2014,0,0,0,"ZMB"
"Zimbabwe",2014,0,0,0,"ZWE"
"",2015,0,0,0,NA
"Albania",2015,0,0,0,"ALB"
"Algeria",2015,0,0,0,"DZA"
"Angola",2015,1,0,1,"AGO"
"Argentina",2015,0,1,1,"ARG"
"Australia",2015,0,1,1,"AUS"
"Austria",2015,0,0,0,"AUT"
"Azerbaijan",2015,0,0,0,"AZE"
"Bahrain",2015,0,0,0,"BHR"
"Bangladesh",2015,0,0,0,"BGD"
"Belarus",2015,0,0,0,"BLR"
"Belgium",2015,0,0,0,"BEL"
"Benin",2015,0,0,0,"BEN"
"Bolivia (Plurinational State of)",2015,0,0,0,NA
"Bosnia and Herzegovina",2015,0,0,0,"BIH"
"Botswana",2015,0,0,0,"BWA"
"Brazil",2015,0,0,0,"BRA"
"Bulgaria",2015,0,0,0,"BGR"
"Burkina Faso",2015,0,0,0,"BFA"
"Burundi",2015,0,0,0,"BDI"
"Cabo Verde",2015,0,0,0,"CPV"
"Cameroon",2015,0,0,0,"CMR"
"Canada",2015,0,0,0,"CAN"
"Chad",2015,1,1,1,"TCD"
"Chile",2015,1,1,1,"CHL"
"China",2015,1,1,1,"CHN"
"Colombia",2015,0,0,0,"COL"
"Congo",2015,0,0,0,NA
"Costa Rica",2015,0,0,0,"CRI"
"Croatia",2015,0,0,0,"HRV"
"Cuba",2015,0,0,0,"CUB"
"Czechia",2015,0,0,0,"CZE"
"Czechoslovakia",2015,0,0,0,NA
"Democratic Republic of the Congo",2015,0,0,0,NA
"Denmark",2015,0,0,0,"DNK"
"Djibouti",2015,0,0,0,"DJI"
"Dominican Republic",2015,0,0,0,"DOM"
"Ecuador",2015,0,0,0,"ECU"
"Egypt",2015,0,0,0,NA
"Equatorial Guinea",2015,0,0,0,"GNQ"
"Estonia",2015,0,0,0,"EST"
"Ethiopia",2015,0,0,0,"ETH"
"Finland",2015,0,0,0,"FIN"
"France",2015,1,1,1,"FRA"
"Gabon",2015,0,0,0,"GAB"
"Gambia",2015,0,0,0,NA
"German DR (German Democratic Republic)",2015,0,0,0,NA
"German FR (German Federal Republic)",2015,0,0,0,NA
"Germany",2015,0,0,0,"DEU"
"Ghana",2015,0,0,0,"GHA"
"Greece",2015,0,0,0,"GRC"
"Guatemala",2015,0,0,0,"GTM"
"Guinea",2015,0,0,0,"GIN"
"Guinea-Bissau",2015,0,0,0,"GNB"
"Guyana",2015,0,0,0,"GUY"
"Honduras",2015,0,0,0,"HND"
"Hungary",2015,0,0,0,"HUN"
"India",2015,0,0,0,"IND"
"Indonesia",2015,0,0,0,"IDN"
"Iran (Islamic Republic of)",2015,0,0,0,NA
"Iraq",2015,0,0,0,"IRQ"
"Ireland",2015,0,0,0,"IRL"
"Italy",2015,0,0,0,"ITA"
"Jamaica",2015,0,0,0,"JAM"
"Japan",2015,0,0,0,"JPN"
"Jordan",2015,1,1,1,"JOR"
"Kazakhstan",2015,0,0,0,"KAZ"
"Kenya",2015,0,0,0,"KEN"
"Kuwait",2015,0,0,0,"KWT"
"Kyrgyzstan",2015,0,0,0,NA
"Latvia",2015,0,0,0,"LVA"
"Lebanon",2015,0,0,0,"LBN"
"Liberia",2015,0,0,0,"LBR"
"Libya",2015,0,0,0,"LBY"
"Lithuania",2015,1,1,1,"LTU"
"Luxembourg",2015,0,1,1,"LUX"
"Madagascar",2015,0,0,0,"MDG"
"Malaysia",2015,1,0,1,"MYS"
"Mali",2015,0,0,0,"MLI"
"Malta",2015,0,0,0,"MLT"
"Mauritania",2015,0,0,0,"MRT"
"Mauritius",2015,0,0,0,"MUS"
"Mexico",2015,0,0,0,"MEX"
"Morocco",2015,0,0,0,"MAR"
"Mozambique",2015,0,0,0,"MOZ"
"Namibia",2015,0,0,0,"NAM"
"Nepal",2015,0,0,0,"NPL"
"Netherlands",2015,0,0,0,"NLD"
"New Zealand",2015,1,0,1,"NZL"
"Nicaragua",2015,0,0,0,"NIC"
"Niger",2015,0,0,0,"NER"
"Nigeria",2015,1,1,1,"NGA"
"Norway",2015,0,0,0,"NOR"
"Oman",2015,0,0,0,"OMN"
"Pakistan",2015,0,0,0,"PAK"
"Panama",2015,0,0,0,"PAN"
"Paraguay",2015,0,0,0,"PRY"
"Peru",2015,0,0,0,"PER"
"Philippines",2015,0,0,0,"PHL"
"Poland",2015,0,0,0,"POL"
"Portugal",2015,0,0,0,"PRT"
"Qatar",2015,0,0,0,"QAT"
"Republic of Korea",2015,0,1,1,NA
"Romania",2015,0,0,0,"ROU"
"Russian Federation",2015,1,1,1,"RUS"
"Rwanda",2015,0,1,1,"RWA"
"Saint Vincent and the Grenadines",2015,0,0,0,NA
"Senegal",2015,0,0,0,"SEN"
"Sierra Leone",2015,0,0,0,"SLE"
"Singapore",2015,0,0,0,"SGP"
"Slovakia",2015,0,0,0,NA
"Slovenia",2015,0,0,0,"SVN"
"Somalia",2015,0,0,0,NA
"South Africa",2015,0,0,0,"ZAF"
"Spain",2015,1,0,1,"ESP"
"Sri Lanka",2015,0,0,0,"LKA"
"Sudan",2015,0,0,0,"SDN"
"Sweden",2015,0,0,0,"SWE"
"Switzerland",2015,0,0,0,"CHE"
"Syrian Arab Republic",2015,0,0,0,"SYR"
"Thailand",2015,0,0,0,"THA"
"Togo",2015,0,0,0,"TGO"
"Trinidad and Tobago",2015,0,0,0,"TTO"
"Tunisia",2015,0,0,0,"TUN"
"Türkiye",2015,0,0,0,NA
"Uganda",2015,0,0,0,"UGA"
"Ukraine",2015,0,0,0,"UKR"
"Ukrainian SSR (Ukrainian Soviet Socialist Republic)",2015,0,0,0,NA
"United Arab Emirates",2015,0,0,0,"ARE"
"United Arab Republic",2015,0,0,0,NA
"United Kingdom of Great Britain and Northern Ireland",2015,1,1,1,NA
"United Republic of Tanzania",2015,0,0,0,NA
"United States of America",2015,1,1,1,NA
"Uruguay",2015,0,0,0,"URY"
"USSR (Union of Soviet Socialist Republics)",2015,0,0,0,NA
"Venezuela (Bolivarian Republic of)",2015,1,0,1,NA
"Viet Nam",2015,0,0,0,"VNM"
"Yemen",2015,0,0,0,NA
"Yugoslavia",2015,0,0,0,NA
"Zambia",2015,0,0,0,"ZMB"
"Zimbabwe",2015,0,0,0,"ZWE"
"",2016,0,0,0,NA
"Albania",2016,0,0,0,"ALB"
"Algeria",2016,0,0,0,"DZA"
"Angola",2016,1,1,1,"AGO"
"Argentina",2016,0,0,0,"ARG"
"Australia",2016,0,0,0,"AUS"
"Austria",2016,0,0,0,"AUT"
"Azerbaijan",2016,0,0,0,"AZE"
"Bahrain",2016,0,0,0,"BHR"
"Bangladesh",2016,0,0,0,"BGD"
"Belarus",2016,0,0,0,"BLR"
"Belgium",2016,0,0,0,"BEL"
"Benin",2016,0,0,0,"BEN"
"Bolivia (Plurinational State of)",2016,0,0,0,NA
"Bosnia and Herzegovina",2016,0,0,0,"BIH"
"Botswana",2016,0,0,0,"BWA"
"Brazil",2016,0,0,0,"BRA"
"Bulgaria",2016,0,0,0,"BGR"
"Burkina Faso",2016,0,0,0,"BFA"
"Burundi",2016,0,0,0,"BDI"
"Cabo Verde",2016,0,0,0,"CPV"
"Cameroon",2016,0,0,0,"CMR"
"Canada",2016,0,0,0,"CAN"
"Chad",2016,0,1,1,"TCD"
"Chile",2016,0,1,1,"CHL"
"China",2016,1,1,1,"CHN"
"Colombia",2016,0,0,0,"COL"
"Congo",2016,0,0,0,NA
"Costa Rica",2016,0,0,0,"CRI"
"Croatia",2016,0,0,0,"HRV"
"Cuba",2016,0,0,0,"CUB"
"Czechia",2016,0,0,0,"CZE"
"Czechoslovakia",2016,0,0,0,NA
"Democratic Republic of the Congo",2016,0,0,0,NA
"Denmark",2016,0,0,0,"DNK"
"Djibouti",2016,0,0,0,"DJI"
"Dominican Republic",2016,0,0,0,"DOM"
"Ecuador",2016,0,0,0,"ECU"
"Egypt",2016,1,0,1,NA
"Equatorial Guinea",2016,0,0,0,"GNQ"
"Estonia",2016,0,0,0,"EST"
"Ethiopia",2016,0,0,0,"ETH"
"Finland",2016,0,0,0,"FIN"
"France",2016,1,1,1,"FRA"
"Gabon",2016,0,0,0,"GAB"
"Gambia",2016,0,0,0,NA
"German DR (German Democratic Republic)",2016,0,0,0,NA
"German FR (German Federal Republic)",2016,0,0,0,NA
"Germany",2016,0,0,0,"DEU"
"Ghana",2016,0,0,0,"GHA"
"Greece",2016,0,0,0,"GRC"
"Guatemala",2016,0,0,0,"GTM"
"Guinea",2016,0,0,0,"GIN"
"Guinea-Bissau",2016,0,0,0,"GNB"
"Guyana",2016,0,0,0,"GUY"
"Honduras",2016,0,0,0,"HND"
"Hungary",2016,0,0,0,"HUN"
"India",2016,0,0,0,"IND"
"Indonesia",2016,0,0,0,"IDN"
"Iran (Islamic Republic of)",2016,0,0,0,NA
"Iraq",2016,0,0,0,"IRQ"
"Ireland",2016,0,0,0,"IRL"
"Italy",2016,0,0,0,"ITA"
"Jamaica",2016,0,0,0,"JAM"
"Japan",2016,1,0,1,"JPN"
"Jordan",2016,0,1,1,"JOR"
"Kazakhstan",2016,0,0,0,"KAZ"
"Kenya",2016,0,0,0,"KEN"
"Kuwait",2016,0,0,0,"KWT"
"Kyrgyzstan",2016,0,0,0,NA
"Latvia",2016,0,0,0,"LVA"
"Lebanon",2016,0,0,0,"LBN"
"Liberia",2016,0,0,0,"LBR"
"Libya",2016,0,0,0,"LBY"
"Lithuania",2016,0,1,1,"LTU"
"Luxembourg",2016,0,0,0,"LUX"
"Madagascar",2016,0,0,0,"MDG"
"Malaysia",2016,1,1,1,"MYS"
"Mali",2016,0,0,0,"MLI"
"Malta",2016,0,0,0,"MLT"
"Mauritania",2016,0,0,0,"MRT"
"Mauritius",2016,0,0,0,"MUS"
"Mexico",2016,0,0,0,"MEX"
"Morocco",2016,0,0,0,"MAR"
"Mozambique",2016,0,0,0,"MOZ"
"Namibia",2016,0,0,0,"NAM"
"Nepal",2016,0,0,0,"NPL"
"Netherlands",2016,0,0,0,"NLD"
"New Zealand",2016,1,1,1,"NZL"
"Nicaragua",2016,0,0,0,"NIC"
"Niger",2016,0,0,0,"NER"
"Nigeria",2016,0,1,1,"NGA"
"Norway",2016,0,0,0,"NOR"
"Oman",2016,0,0,0,"OMN"
"Pakistan",2016,0,0,0,"PAK"
"Panama",2016,0,0,0,"PAN"
"Paraguay",2016,0,0,0,"PRY"
"Peru",2016,0,0,0,"PER"
"Philippines",2016,0,0,0,"PHL"
"Poland",2016,0,0,0,"POL"
"Portugal",2016,0,0,0,"PRT"
"Qatar",2016,0,0,0,"QAT"
"Republic of Korea",2016,0,0,0,NA
"Romania",2016,0,0,0,"ROU"
"Russian Federation",2016,1,1,1,"RUS"
"Rwanda",2016,0,0,0,"RWA"
"Saint Vincent and the Grenadines",2016,0,0,0,NA
"Senegal",2016,1,0,1,"SEN"
"Sierra Leone",2016,0,0,0,"SLE"
"Singapore",2016,0,0,0,"SGP"
"Slovakia",2016,0,0,0,NA
"Slovenia",2016,0,0,0,"SVN"
"Somalia",2016,0,0,0,NA
"South Africa",2016,0,0,0,"ZAF"
"Spain",2016,1,1,1,"ESP"
"Sri Lanka",2016,0,0,0,"LKA"
"Sudan",2016,0,0,0,"SDN"
"Sweden",2016,0,0,0,"SWE"
"Switzerland",2016,0,0,0,"CHE"
"Syrian Arab Republic",2016,0,0,0,"SYR"
"Thailand",2016,0,0,0,"THA"
"Togo",2016,0,0,0,"TGO"
"Trinidad and Tobago",2016,0,0,0,"TTO"
"Tunisia",2016,0,0,0,"TUN"
"Türkiye",2016,0,0,0,NA
"Uganda",2016,0,0,0,"UGA"
"Ukraine",2016,1,0,1,"UKR"
"Ukrainian SSR (Ukrainian Soviet Socialist Republic)",2016,0,0,0,NA
"United Arab Emirates",2016,0,0,0,"ARE"
"United Arab Republic",2016,0,0,0,NA
"United Kingdom of Great Britain and Northern Ireland",2016,1,1,1,NA
"United Republic of Tanzania",2016,0,0,0,NA
"United States of America",2016,1,1,1,NA
"Uruguay",2016,1,0,1,"URY"
"USSR (Union of Soviet Socialist Republics)",2016,0,0,0,NA
"Venezuela (Bolivarian Republic of)",2016,1,1,1,NA
"Viet Nam",2016,0,0,0,"VNM"
"Yemen",2016,0,0,0,NA
"Yugoslavia",2016,0,0,0,NA
"Zambia",2016,0,0,0,"ZMB"
"Zimbabwe",2016,0,0,0,"ZWE"
"",2017,0,0,0,NA
"Albania",2017,0,0,0,"ALB"
"Algeria",2017,0,0,0,"DZA"
"Angola",2017,0,1,1,"AGO"
"Argentina",2017,0,0,0,"ARG"
"Australia",2017,0,0,0,"AUS"
"Austria",2017,0,0,0,"AUT"
"Azerbaijan",2017,0,0,0,"AZE"
"Bahrain",2017,0,0,0,"BHR"
"Bangladesh",2017,0,0,0,"BGD"
"Belarus",2017,0,0,0,"BLR"
"Belgium",2017,0,0,0,"BEL"
"Benin",2017,0,0,0,"BEN"
"Bolivia (Plurinational State of)",2017,1,0,1,NA
"Bosnia and Herzegovina",2017,0,0,0,"BIH"
"Botswana",2017,0,0,0,"BWA"
"Brazil",2017,0,0,0,"BRA"
"Bulgaria",2017,0,0,0,"BGR"
"Burkina Faso",2017,0,0,0,"BFA"
"Burundi",2017,0,0,0,"BDI"
"Cabo Verde",2017,0,0,0,"CPV"
"Cameroon",2017,0,0,0,"CMR"
"Canada",2017,0,0,0,"CAN"
"Chad",2017,0,0,0,"TCD"
"Chile",2017,0,0,0,"CHL"
"China",2017,1,1,1,"CHN"
"Colombia",2017,0,0,0,"COL"
"Congo",2017,0,0,0,NA
"Costa Rica",2017,0,0,0,"CRI"
"Croatia",2017,0,0,0,"HRV"
"Cuba",2017,0,0,0,"CUB"
"Czechia",2017,0,0,0,"CZE"
"Czechoslovakia",2017,0,0,0,NA
"Democratic Republic of the Congo",2017,0,0,0,NA
"Denmark",2017,0,0,0,"DNK"
"Djibouti",2017,0,0,0,"DJI"
"Dominican Republic",2017,0,0,0,"DOM"
"Ecuador",2017,0,0,0,"ECU"
"Egypt",2017,1,1,1,NA
"Equatorial Guinea",2017,0,0,0,"GNQ"
"Estonia",2017,0,0,0,"EST"
"Ethiopia",2017,1,0,1,"ETH"
"Finland",2017,0,0,0,"FIN"
"France",2017,1,1,1,"FRA"
"Gabon",2017,0,0,0,"GAB"
"Gambia",2017,0,0,0,NA
"German DR (German Democratic Republic)",2017,0,0,0,NA
"German FR (German Federal Republic)",2017,0,0,0,NA
"Germany",2017,0,0,0,"DEU"
"Ghana",2017,0,0,0,"GHA"
"Greece",2017,0,0,0,"GRC"
"Guatemala",2017,0,0,0,"GTM"
"Guinea",2017,0,0,0,"GIN"
"Guinea-Bissau",2017,0,0,0,"GNB"
"Guyana",2017,0,0,0,"GUY"
"Honduras",2017,0,0,0,"HND"
"Hungary",2017,0,0,0,"HUN"
"India",2017,0,0,0,"IND"
"Indonesia",2017,0,0,0,"IDN"
"Iran (Islamic Republic of)",2017,0,0,0,NA
"Iraq",2017,0,0,0,"IRQ"
"Ireland",2017,0,0,0,"IRL"
"Italy",2017,1,0,1,"ITA"
"Jamaica",2017,0,0,0,"JAM"
"Japan",2017,1,1,1,"JPN"
"Jordan",2017,0,0,0,"JOR"
"Kazakhstan",2017,1,0,1,"KAZ"
"Kenya",2017,0,0,0,"KEN"
"Kuwait",2017,0,0,0,"KWT"
"Kyrgyzstan",2017,0,0,0,NA
"Latvia",2017,0,0,0,"LVA"
"Lebanon",2017,0,0,0,"LBN"
"Liberia",2017,0,0,0,"LBR"
"Libya",2017,0,0,0,"LBY"
"Lithuania",2017,0,0,0,"LTU"
"Luxembourg",2017,0,0,0,"LUX"
"Madagascar",2017,0,0,0,"MDG"
"Malaysia",2017,0,1,1,"MYS"
"Mali",2017,0,0,0,"MLI"
"Malta",2017,0,0,0,"MLT"
"Mauritania",2017,0,0,0,"MRT"
"Mauritius",2017,0,0,0,"MUS"
"Mexico",2017,0,0,0,"MEX"
"Morocco",2017,0,0,0,"MAR"
"Mozambique",2017,0,0,0,"MOZ"
"Namibia",2017,0,0,0,"NAM"
"Nepal",2017,0,0,0,"NPL"
"Netherlands",2017,0,0,0,"NLD"
"New Zealand",2017,0,1,1,"NZL"
"Nicaragua",2017,0,0,0,"NIC"
"Niger",2017,0,0,0,"NER"
"Nigeria",2017,0,0,0,"NGA"
"Norway",2017,0,0,0,"NOR"
"Oman",2017,0,0,0,"OMN"
"Pakistan",2017,0,0,0,"PAK"
"Panama",2017,0,0,0,"PAN"
"Paraguay",2017,0,0,0,"PRY"
"Peru",2017,0,0,0,"PER"
"Philippines",2017,0,0,0,"PHL"
"Poland",2017,0,0,0,"POL"
"Portugal",2017,0,0,0,"PRT"
"Qatar",2017,0,0,0,"QAT"
"Republic of Korea",2017,0,0,0,NA
"Romania",2017,0,0,0,"ROU"
"Russian Federation",2017,1,1,1,"RUS"
"Rwanda",2017,0,0,0,"RWA"
"Saint Vincent and the Grenadines",2017,0,0,0,NA
"Senegal",2017,1,1,1,"SEN"
"Sierra Leone",2017,0,0,0,"SLE"
"Singapore",2017,0,0,0,"SGP"
"Slovakia",2017,0,0,0,NA
"Slovenia",2017,0,0,0,"SVN"
"Somalia",2017,0,0,0,NA
"South Africa",2017,0,0,0,"ZAF"
"Spain",2017,0,1,1,"ESP"
"Sri Lanka",2017,0,0,0,"LKA"
"Sudan",2017,0,0,0,"SDN"
"Sweden",2017,1,0,1,"SWE"
"Switzerland",2017,0,0,0,"CHE"
"Syrian Arab Republic",2017,0,0,0,"SYR"
"Thailand",2017,0,0,0,"THA"
"Togo",2017,0,0,0,"TGO"
"Trinidad and Tobago",2017,0,0,0,"TTO"
"Tunisia",2017,0,0,0,"TUN"
"Türkiye",2017,0,0,0,NA
"Uganda",2017,0,0,0,"UGA"
"Ukraine",2017,1,1,1,"UKR"
"Ukrainian SSR (Ukrainian Soviet Socialist Republic)",2017,0,0,0,NA
"United Arab Emirates",2017,0,0,0,"ARE"
"United Arab Republic",2017,0,0,0,NA
"United Kingdom of Great Britain and Northern Ireland",2017,1,1,1,NA
"United Republic of Tanzania",2017,0,0,0,NA
"United States of America",2017,1,1,1,NA
"Uruguay",2017,1,1,1,"URY"
"USSR (Union of Soviet Socialist Republics)",2017,0,0,0,NA
"Venezuela (Bolivarian Republic of)",2017,0,1,1,NA
"Viet Nam",2017,0,0,0,"VNM"
"Yemen",2017,0,0,0,NA
"Yugoslavia",2017,0,0,0,NA
"Zambia",2017,0,0,0,"ZMB"
"Zimbabwe",2017,0,0,0,"ZWE"
"",2018,1,0,1,NA
"Albania",2018,0,0,0,"ALB"
"Algeria",2018,0,0,0,"DZA"
"Angola",2018,0,0,0,"AGO"
"Argentina",2018,0,0,0,"ARG"
"Australia",2018,0,0,0,"AUS"
"Austria",2018,0,0,0,"AUT"
"Azerbaijan",2018,0,0,0,"AZE"
"Bahrain",2018,0,0,0,"BHR"
"Bangladesh",2018,0,0,0,"BGD"
"Belarus",2018,0,0,0,"BLR"
"Belgium",2018,0,0,0,"BEL"
"Benin",2018,0,0,0,"BEN"
"Bolivia (Plurinational State of)",2018,1,1,1,NA
"Bosnia and Herzegovina",2018,0,0,0,"BIH"
"Botswana",2018,0,0,0,"BWA"
"Brazil",2018,0,0,0,"BRA"
"Bulgaria",2018,0,0,0,"BGR"
"Burkina Faso",2018,0,0,0,"BFA"
"Burundi",2018,0,0,0,"BDI"
"Cabo Verde",2018,0,0,0,"CPV"
"Cameroon",2018,0,0,0,"CMR"
"Canada",2018,0,0,0,"CAN"
"Chad",2018,0,0,0,"TCD"
"Chile",2018,0,0,0,"CHL"
"China",2018,1,1,1,"CHN"
"Colombia",2018,0,0,0,"COL"
"Congo",2018,0,0,0,NA
"Costa Rica",2018,0,0,0,"CRI"
"Croatia",2018,0,0,0,"HRV"
"Cuba",2018,0,0,0,"CUB"
"Czechia",2018,0,0,0,"CZE"
"Czechoslovakia",2018,0,0,0,NA
"Democratic Republic of the Congo",2018,0,0,0,NA
"Denmark",2018,0,0,0,"DNK"
"Djibouti",2018,0,0,0,"DJI"
"Dominican Republic",2018,0,0,0,"DOM"
"Ecuador",2018,0,0,0,"ECU"
"Egypt",2018,0,1,1,NA
"Equatorial Guinea",2018,1,0,1,"GNQ"
"Estonia",2018,0,0,0,"EST"
"Ethiopia",2018,1,1,1,"ETH"
"Finland",2018,0,0,0,"FIN"
"France",2018,1,1,1,"FRA"
"Gabon",2018,0,0,0,"GAB"
"Gambia",2018,0,0,0,NA
"German DR (German Democratic Republic)",2018,0,0,0,NA
"German FR (German Federal Republic)",2018,0,0,0,NA
"Germany",2018,0,0,0,"DEU"
"Ghana",2018,0,0,0,"GHA"
"Greece",2018,0,0,0,"GRC"
"Guatemala",2018,0,0,0,"GTM"
"Guinea",2018,0,0,0,"GIN"
"Guinea-Bissau",2018,0,0,0,"GNB"
"Guyana",2018,0,0,0,"GUY"
"Honduras",2018,0,0,0,"HND"
"Hungary",2018,0,0,0,"HUN"
"India",2018,0,0,0,"IND"
"Indonesia",2018,0,0,0,"IDN"
"Iran (Islamic Republic of)",2018,0,0,0,NA
"Iraq",2018,0,0,0,"IRQ"
"Ireland",2018,0,0,0,"IRL"
"Italy",2018,0,1,1,"ITA"
"Jamaica",2018,0,0,0,"JAM"
"Japan",2018,0,1,1,"JPN"
"Jordan",2018,0,0,0,"JOR"
"Kazakhstan",2018,1,1,1,"KAZ"
"Kenya",2018,0,0,0,"KEN"
"Kuwait",2018,1,0,1,"KWT"
"Kyrgyzstan",2018,0,0,0,NA
"Latvia",2018,0,0,0,"LVA"
"Lebanon",2018,0,0,0,"LBN"
"Liberia",2018,0,0,0,"LBR"
"Libya",2018,0,0,0,"LBY"
"Lithuania",2018,0,0,0,"LTU"
"Luxembourg",2018,0,0,0,"LUX"
"Madagascar",2018,0,0,0,"MDG"
"Malaysia",2018,0,0,0,"MYS"
"Mali",2018,0,0,0,"MLI"
"Malta",2018,0,0,0,"MLT"
"Mauritania",2018,0,0,0,"MRT"
"Mauritius",2018,0,0,0,"MUS"
"Mexico",2018,0,0,0,"MEX"
"Morocco",2018,0,0,0,"MAR"
"Mozambique",2018,0,0,0,"MOZ"
"Namibia",2018,0,0,0,"NAM"
"Nepal",2018,0,0,0,"NPL"
"Netherlands",2018,1,0,1,"NLD"
"New Zealand",2018,0,0,0,"NZL"
"Nicaragua",2018,0,0,0,"NIC"
"Niger",2018,0,0,0,"NER"
"Nigeria",2018,0,0,0,"NGA"
"Norway",2018,0,0,0,"NOR"
"Oman",2018,0,0,0,"OMN"
"Pakistan",2018,0,0,0,"PAK"
"Panama",2018,0,0,0,"PAN"
"Paraguay",2018,0,0,0,"PRY"
"Peru",2018,1,0,1,"PER"
"Philippines",2018,0,0,0,"PHL"
"Poland",2018,1,0,1,"POL"
"Portugal",2018,0,0,0,"PRT"
"Qatar",2018,0,0,0,"QAT"
"Republic of Korea",2018,0,0,0,NA
"Romania",2018,0,0,0,"ROU"
"Russian Federation",2018,1,1,1,"RUS"
"Rwanda",2018,0,0,0,"RWA"
"Saint Vincent and the Grenadines",2018,0,0,0,NA
"Senegal",2018,0,1,1,"SEN"
"Sierra Leone",2018,0,0,0,"SLE"
"Singapore",2018,0,0,0,"SGP"
"Slovakia",2018,0,0,0,NA
"Slovenia",2018,0,0,0,"SVN"
"Somalia",2018,0,0,0,NA
"South Africa",2018,0,0,0,"ZAF"
"Spain",2018,0,0,0,"ESP"
"Sri Lanka",2018,0,0,0,"LKA"
"Sudan",2018,0,0,0,"SDN"
"Sweden",2018,1,1,1,"SWE"
"Switzerland",2018,0,0,0,"CHE"
"Syrian Arab Republic",2018,0,0,0,"SYR"
"Thailand",2018,0,0,0,"THA"
"Togo",2018,0,0,0,"TGO"
"Trinidad and Tobago",2018,0,0,0,"TTO"
"Tunisia",2018,0,0,0,"TUN"
"Türkiye",2018,0,0,0,NA
"Uganda",2018,0,0,0,"UGA"
"Ukraine",2018,0,1,1,"UKR"
"Ukrainian SSR (Ukrainian Soviet Socialist Republic)",2018,0,0,0,NA
"United Arab Emirates",2018,0,0,0,"ARE"
"United Arab Republic",2018,0,0,0,NA
"United Kingdom of Great Britain and Northern Ireland",2018,1,1,1,NA
"United Republic of Tanzania",2018,0,0,0,NA
"United States of America",2018,1,1,1,NA
"Uruguay",2018,0,1,1,"URY"
"USSR (Union of Soviet Socialist Republics)",2018,0,0,0,NA
"Venezuela (Bolivarian Republic of)",2018,0,0,0,NA
"Viet Nam",2018,0,0,0,"VNM"
"Yemen",2018,0,0,0,NA
"Yugoslavia",2018,0,0,0,NA
"Zambia",2018,0,0,0,"ZMB"
"Zimbabwe",2018,0,0,0,"ZWE"
"",2019,1,1,1,NA
"Albania",2019,0,0,0,"ALB"
"Algeria",2019,0,0,0,"DZA"
"Angola",2019,0,0,0,"AGO"
"Argentina",2019,0,0,0,"ARG"
"Australia",2019,0,0,0,"AUS"
"Austria",2019,0,0,0,"AUT"
"Azerbaijan",2019,0,0,0,"AZE"
"Bahrain",2019,0,0,0,"BHR"
"Bangladesh",2019,0,0,0,"BGD"
"Belarus",2019,0,0,0,"BLR"
"Belgium",2019,1,0,1,"BEL"
"Benin",2019,0,0,0,"BEN"
"Bolivia (Plurinational State of)",2019,0,1,1,NA
"Bosnia and Herzegovina",2019,0,0,0,"BIH"
"Botswana",2019,0,0,0,"BWA"
"Brazil",2019,0,0,0,"BRA"
"Bulgaria",2019,0,0,0,"BGR"
"Burkina Faso",2019,0,0,0,"BFA"
"Burundi",2019,0,0,0,"BDI"
"Cabo Verde",2019,0,0,0,"CPV"
"Cameroon",2019,0,0,0,"CMR"
"Canada",2019,0,0,0,"CAN"
"Chad",2019,0,0,0,"TCD"
"Chile",2019,0,0,0,"CHL"
"China",2019,1,1,1,"CHN"
"Colombia",2019,0,0,0,"COL"
"Congo",2019,0,0,0,NA
"Costa Rica",2019,0,0,0,"CRI"
"Croatia",2019,0,0,0,"HRV"
"Cuba",2019,0,0,0,"CUB"
"Czechia",2019,0,0,0,"CZE"
"Czechoslovakia",2019,0,0,0,NA
"Democratic Republic of the Congo",2019,0,0,0,NA
"Denmark",2019,0,0,0,"DNK"
"Djibouti",2019,0,0,0,"DJI"
"Dominican Republic",2019,1,0,1,"DOM"
"Ecuador",2019,0,0,0,"ECU"
"Egypt",2019,0,0,0,NA
"Equatorial Guinea",2019,1,1,1,"GNQ"
"Estonia",2019,0,0,0,"EST"
"Ethiopia",2019,0,1,1,"ETH"
"Finland",2019,0,0,0,"FIN"
"France",2019,1,1,1,"FRA"
"Gabon",2019,0,0,0,"GAB"
"Gambia",2019,0,0,0,NA
"German DR (German Democratic Republic)",2019,0,0,0,NA
"German FR (German Federal Republic)",2019,0,0,0,NA
"Germany",2019,1,0,1,"DEU"
"Ghana",2019,0,0,0,"GHA"
"Greece",2019,0,0,0,"GRC"
"Guatemala",2019,0,0,0,"GTM"
"Guinea",2019,0,0,0,"GIN"
"Guinea-Bissau",2019,0,0,0,"GNB"
"Guyana",2019,0,0,0,"GUY"
"Honduras",2019,0,0,0,"HND"
"Hungary",2019,0,0,0,"HUN"
"India",2019,0,0,0,"IND"
"Indonesia",2019,1,0,1,"IDN"
"Iran (Islamic Republic of)",2019,0,0,0,NA
"Iraq",2019,0,0,0,"IRQ"
"Ireland",2019,0,0,0,"IRL"
"Italy",2019,0,0,0,"ITA"
"Jamaica",2019,0,0,0,"JAM"
"Japan",2019,0,0,0,"JPN"
"Jordan",2019,0,0,0,"JOR"
"Kazakhstan",2019,0,1,1,"KAZ"
"Kenya",2019,0,0,0,"KEN"
"Kuwait",2019,1,1,1,"KWT"
"Kyrgyzstan",2019,0,0,0,NA
"Latvia",2019,0,0,0,"LVA"
"Lebanon",2019,0,0,0,"LBN"
"Liberia",2019,0,0,0,"LBR"
"Libya",2019,0,0,0,"LBY"
"Lithuania",2019,0,0,0,"LTU"
"Luxembourg",2019,0,0,0,"LUX"
"Madagascar",2019,0,0,0,"MDG"
"Malaysia",2019,0,0,0,"MYS"
"Mali",2019,0,0,0,"MLI"
"Malta",2019,0,0,0,"MLT"
"Mauritania",2019,0,0,0,"MRT"
"Mauritius",2019,0,0,0,"MUS"
"Mexico",2019,0,0,0,"MEX"
"Morocco",2019,0,0,0,"MAR"
"Mozambique",2019,0,0,0,"MOZ"
"Namibia",2019,0,0,0,"NAM"
"Nepal",2019,0,0,0,"NPL"
"Netherlands",2019,0,1,1,"NLD"
"New Zealand",2019,0,0,0,"NZL"
"Nicaragua",2019,0,0,0,"NIC"
"Niger",2019,0,0,0,"NER"
"Nigeria",2019,0,0,0,"NGA"
"Norway",2019,0,0,0,"NOR"
"Oman",2019,0,0,0,"OMN"
"Pakistan",2019,0,0,0,"PAK"
"Panama",2019,0,0,0,"PAN"
"Paraguay",2019,0,0,0,"PRY"
"Peru",2019,1,1,1,"PER"
"Philippines",2019,0,0,0,"PHL"
"Poland",2019,1,1,1,"POL"
"Portugal",2019,0,0,0,"PRT"
"Qatar",2019,0,0,0,"QAT"
"Republic of Korea",2019,0,0,0,NA
"Romania",2019,0,0,0,"ROU"
"Russian Federation",2019,1,1,1,"RUS"
"Rwanda",2019,0,0,0,"RWA"
"Saint Vincent and the Grenadines",2019,0,0,0,NA
"Senegal",2019,0,0,0,"SEN"
"Sierra Leone",2019,0,0,0,"SLE"
"Singapore",2019,0,0,0,"SGP"
"Slovakia",2019,0,0,0,NA
"Slovenia",2019,0,0,0,"SVN"
"Somalia",2019,0,0,0,NA
"South Africa",2019,1,0,1,"ZAF"
"Spain",2019,0,0,0,"ESP"
"Sri Lanka",2019,0,0,0,"LKA"
"Sudan",2019,0,0,0,"SDN"
"Sweden",2019,0,1,1,"SWE"
"Switzerland",2019,0,0,0,"CHE"
"Syrian Arab Republic",2019,0,0,0,"SYR"
"Thailand",2019,0,0,0,"THA"
"Togo",2019,0,0,0,"TGO"
"Trinidad and Tobago",2019,0,0,0,"TTO"
"Tunisia",2019,0,0,0,"TUN"
"Türkiye",2019,0,0,0,NA
"Uganda",2019,0,0,0,"UGA"
"Ukraine",2019,0,0,0,"UKR"
"Ukrainian SSR (Ukrainian Soviet Socialist Republic)",2019,0,0,0,NA
"United Arab Emirates",2019,0,0,0,"ARE"
"United Arab Republic",2019,0,0,0,NA
"United Kingdom of Great Britain and Northern Ireland",2019,1,1,1,NA
"United Republic of Tanzania",2019,0,0,0,NA
"United States of America",2019,1,1,1,NA
"Uruguay",2019,0,0,0,"URY"
"USSR (Union of Soviet Socialist Republics)",2019,0,0,0,NA
"Venezuela (Bolivarian Republic of)",2019,0,0,0,NA
"Viet Nam",2019,0,0,0,"VNM"
"Yemen",2019,0,0,0,NA
"Yugoslavia",2019,0,0,0,NA
"Zambia",2019,0,0,0,"ZMB"
"Zimbabwe",2019,0,0,0,"ZWE"
"",2020,0,1,1,NA
"Albania",2020,0,0,0,"ALB"
"Algeria",2020,0,0,0,"DZA"
"Angola",2020,0,0,0,"AGO"
"Argentina",2020,0,0,0,"ARG"
"Australia",2020,0,0,0,"AUS"
"Austria",2020,0,0,0,"AUT"
"Azerbaijan",2020,0,0,0,"AZE"
"Bahrain",2020,0,0,0,"BHR"
"Bangladesh",2020,0,0,0,"BGD"
"Belarus",2020,0,0,0,"BLR"
"Belgium",2020,1,1,1,"BEL"
"Benin",2020,0,0,0,"BEN"
"Bolivia (Plurinational State of)",2020,0,0,0,NA
"Bosnia and Herzegovina",2020,0,0,0,"BIH"
"Botswana",2020,0,0,0,"BWA"
"Brazil",2020,0,0,0,"BRA"
"Bulgaria",2020,0,0,0,"BGR"
"Burkina Faso",2020,0,0,0,"BFA"
"Burundi",2020,0,0,0,"BDI"
"Cabo Verde",2020,0,0,0,"CPV"
"Cameroon",2020,0,0,0,"CMR"
"Canada",2020,0,0,0,"CAN"
"Chad",2020,0,0,0,"TCD"
"Chile",2020,0,0,0,"CHL"
"China",2020,1,1,1,"CHN"
"Colombia",2020,0,0,0,"COL"
"Congo",2020,0,0,0,NA
"Costa Rica",2020,0,0,0,"CRI"
"Croatia",2020,0,0,0,"HRV"
"Cuba",2020,0,0,0,"CUB"
"Czechia",2020,0,0,0,"CZE"
"Czechoslovakia",2020,0,0,0,NA
"Democratic Republic of the Congo",2020,0,0,0,NA
"Denmark",2020,0,0,0,"DNK"
"Djibouti",2020,0,0,0,"DJI"
"Dominican Republic",2020,1,1,1,"DOM"
"Ecuador",2020,0,0,0,"ECU"
"Egypt",2020,0,0,0,NA
"Equatorial Guinea",2020,0,1,1,"GNQ"
"Estonia",2020,1,0,1,"EST"
"Ethiopia",2020,0,0,0,"ETH"
"Finland",2020,0,0,0,"FIN"
"France",2020,1,1,1,"FRA"
"Gabon",2020,0,0,0,"GAB"
"Gambia",2020,0,0,0,NA
"German DR (German Democratic Republic)",2020,0,0,0,NA
"German FR (German Federal Republic)",2020,0,0,0,NA
"Germany",2020,1,1,1,"DEU"
"Ghana",2020,0,0,0,"GHA"
"Greece",2020,0,0,0,"GRC"
"Guatemala",2020,0,0,0,"GTM"
"Guinea",2020,0,0,0,"GIN"
"Guinea-Bissau",2020,0,0,0,"GNB"
"Guyana",2020,0,0,0,"GUY"
"Honduras",2020,0,0,0,"HND"
"Hungary",2020,0,0,0,"HUN"
"India",2020,0,0,0,"IND"
"Indonesia",2020,1,1,1,"IDN"
"Iran (Islamic Republic of)",2020,0,0,0,NA
"Iraq",2020,0,0,0,"IRQ"
"Ireland",2020,0,0,0,"IRL"
"Italy",2020,0,0,0,"ITA"
"Jamaica",2020,0,0,0,"JAM"
"Japan",2020,0,0,0,"JPN"
"Jordan",2020,0,0,0,"JOR"
"Kazakhstan",2020,0,0,0,"KAZ"
"Kenya",2020,0,0,0,"KEN"
"Kuwait",2020,0,1,1,"KWT"
"Kyrgyzstan",2020,0,0,0,NA
"Latvia",2020,0,0,0,"LVA"
"Lebanon",2020,0,0,0,"LBN"
"Liberia",2020,0,0,0,"LBR"
"Libya",2020,0,0,0,"LBY"
"Lithuania",2020,0,0,0,"LTU"
"Luxembourg",2020,0,0,0,"LUX"
"Madagascar",2020,0,0,0,"MDG"
"Malaysia",2020,0,0,0,"MYS"
"Mali",2020,0,0,0,"MLI"
"Malta",2020,0,0,0,"MLT"
"Mauritania",2020,0,0,0,"MRT"
"Mauritius",2020,0,0,0,"MUS"
"Mexico",2020,0,0,0,"MEX"
"Morocco",2020,0,0,0,"MAR"
"Mozambique",2020,0,0,0,"MOZ"
"Namibia",2020,0,0,0,"NAM"
"Nepal",2020,0,0,0,"NPL"
"Netherlands",2020,0,0,0,"NLD"
"New Zealand",2020,0,0,0,"NZL"
"Nicaragua",2020,0,0,0,"NIC"
"Niger",2020,1,0,1,"NER"
"Nigeria",2020,0,0,0,"NGA"
"Norway",2020,0,0,0,"NOR"
"Oman",2020,0,0,0,"OMN"
"Pakistan",2020,0,0,0,"PAK"
"Panama",2020,0,0,0,"PAN"
"Paraguay",2020,0,0,0,"PRY"
"Peru",2020,0,1,1,"PER"
"Philippines",2020,0,0,0,"PHL"
"Poland",2020,0,1,1,"POL"
"Portugal",2020,0,0,0,"PRT"
"Qatar",2020,0,0,0,"QAT"
"Republic of Korea",2020,0,0,0,NA
"Romania",2020,0,0,0,"ROU"
"Russian Federation",2020,1,1,1,"RUS"
"Rwanda",2020,0,0,0,"RWA"
"Saint Vincent and the Grenadines",2020,1,0,1,NA
"Senegal",2020,0,0,0,"SEN"
"Sierra Leone",2020,0,0,0,"SLE"
"Singapore",2020,0,0,0,"SGP"
"Slovakia",2020,0,0,0,NA
"Slovenia",2020,0,0,0,"SVN"
"Somalia",2020,0,0,0,NA
"South Africa",2020,1,1,1,"ZAF"
"Spain",2020,0,0,0,"ESP"
"Sri Lanka",2020,0,0,0,"LKA"
"Sudan",2020,0,0,0,"SDN"
"Sweden",2020,0,0,0,"SWE"
"Switzerland",2020,0,0,0,"CHE"
"Syrian Arab Republic",2020,0,0,0,"SYR"
"Thailand",2020,0,0,0,"THA"
"Togo",2020,0,0,0,"TGO"
"Trinidad and Tobago",2020,0,0,0,"TTO"
"Tunisia",2020,1,0,1,"TUN"
"Türkiye",2020,0,0,0,NA
"Uganda",2020,0,0,0,"UGA"
"Ukraine",2020,0,0,0,"UKR"
"Ukrainian SSR (Ukrainian Soviet Socialist Republic)",2020,0,0,0,NA
"United Arab Emirates",2020,0,0,0,"ARE"
"United Arab Republic",2020,0,0,0,NA
"United Kingdom of Great Britain and Northern Ireland",2020,1,1,1,NA
"United Republic of Tanzania",2020,0,0,0,NA
"United States of America",2020,1,1,1,NA
"Uruguay",2020,0,0,0,"URY"
"USSR (Union of Soviet Socialist Republics)",2020,0,0,0,NA
"Venezuela (Bolivarian Republic of)",2020,0,0,0,NA
"Viet Nam",2020,1,0,1,"VNM"
"Yemen",2020,0,0,0,NA
"Yugoslavia",2020,0,0,0,NA
"Zambia",2020,0,0,0,"ZMB"
"Zimbabwe",2020,0,0,0,"ZWE"
"",2021,0,0,0,NA
"Albania",2021,0,0,0,"ALB"
"Algeria",2021,0,0,0,"DZA"
"Angola",2021,0,0,0,"AGO"
"Argentina",2021,0,0,0,"ARG"
"Australia",2021,0,0,0,"AUS"
"Austria",2021,0,0,0,"AUT"
"Azerbaijan",2021,0,0,0,"AZE"
"Bahrain",2021,0,0,0,"BHR"
"Bangladesh",2021,0,0,0,"BGD"
"Belarus",2021,0,0,0,"BLR"
"Belgium",2021,0,1,1,"BEL"
"Benin",2021,0,0,0,"BEN"
"Bolivia (Plurinational State of)",2021,0,0,0,NA
"Bosnia and Herzegovina",2021,0,0,0,"BIH"
"Botswana",2021,0,0,0,"BWA"
"Brazil",2021,0,0,0,"BRA"
"Bulgaria",2021,0,0,0,"BGR"
"Burkina Faso",2021,0,0,0,"BFA"
"Burundi",2021,0,0,0,"BDI"
"Cabo Verde",2021,0,0,0,"CPV"
"Cameroon",2021,0,0,0,"CMR"
"Canada",2021,0,0,0,"CAN"
"Chad",2021,0,0,0,"TCD"
"Chile",2021,0,0,0,"CHL"
"China",2021,1,1,1,"CHN"
"Colombia",2021,0,0,0,"COL"
"Congo",2021,0,0,0,NA
"Costa Rica",2021,0,0,0,"CRI"
"Croatia",2021,0,0,0,"HRV"
"Cuba",2021,0,0,0,"CUB"
"Czechia",2021,0,0,0,"CZE"
"Czechoslovakia",2021,0,0,0,NA
"Democratic Republic of the Congo",2021,0,0,0,NA
"Denmark",2021,0,0,0,"DNK"
"Djibouti",2021,0,0,0,"DJI"
"Dominican Republic",2021,0,1,1,"DOM"
"Ecuador",2021,0,0,0,"ECU"
"Egypt",2021,0,0,0,NA
"Equatorial Guinea",2021,0,0,0,"GNQ"
"Estonia",2021,1,1,1,"EST"
"Ethiopia",2021,0,0,0,"ETH"
"Finland",2021,0,0,0,"FIN"
"France",2021,1,1,1,"FRA"
"Gabon",2021,0,0,0,"GAB"
"Gambia",2021,0,0,0,NA
"German DR (German Democratic Republic)",2021,0,0,0,NA
"German FR (German Federal Republic)",2021,0,0,0,NA
"Germany",2021,0,1,1,"DEU"
"Ghana",2021,0,0,0,"GHA"
"Greece",2021,0,0,0,"GRC"
"Guatemala",2021,0,0,0,"GTM"
"Guinea",2021,0,0,0,"GIN"
"Guinea-Bissau",2021,0,0,0,"GNB"
"Guyana",2021,0,0,0,"GUY"
"Honduras",2021,0,0,0,"HND"
"Hungary",2021,0,0,0,"HUN"
"India",2021,1,0,1,"IND"
"Indonesia",2021,0,1,1,"IDN"
"Iran (Islamic Republic of)",2021,0,0,0,NA
"Iraq",2021,0,0,0,"IRQ"
"Ireland",2021,1,0,1,"IRL"
"Italy",2021,0,0,0,"ITA"
"Jamaica",2021,0,0,0,"JAM"
"Japan",2021,0,0,0,"JPN"
"Jordan",2021,0,0,0,"JOR"
"Kazakhstan",2021,0,0,0,"KAZ"
"Kenya",2021,1,0,1,"KEN"
"Kuwait",2021,0,0,0,"KWT"
"Kyrgyzstan",2021,0,0,0,NA
"Latvia",2021,0,0,0,"LVA"
"Lebanon",2021,0,0,0,"LBN"
"Liberia",2021,0,0,0,"LBR"
"Libya",2021,0,0,0,"LBY"
"Lithuania",2021,0,0,0,"LTU"
"Luxembourg",2021,0,0,0,"LUX"
"Madagascar",2021,0,0,0,"MDG"
"Malaysia",2021,0,0,0,"MYS"
"Mali",2021,0,0,0,"MLI"
"Malta",2021,0,0,0,"MLT"
"Mauritania",2021,0,0,0,"MRT"
"Mauritius",2021,0,0,0,"MUS"
"Mexico",2021,1,0,1,"MEX"
"Morocco",2021,0,0,0,"MAR"
"Mozambique",2021,0,0,0,"MOZ"
"Namibia",2021,0,0,0,"NAM"
"Nepal",2021,0,0,0,"NPL"
"Netherlands",2021,0,0,0,"NLD"
"New Zealand",2021,0,0,0,"NZL"
"Nicaragua",2021,0,0,0,"NIC"
"Niger",2021,1,1,1,"NER"
"Nigeria",2021,0,0,0,"NGA"
"Norway",2021,1,0,1,"NOR"
"Oman",2021,0,0,0,"OMN"
"Pakistan",2021,0,0,0,"PAK"
"Panama",2021,0,0,0,"PAN"
"Paraguay",2021,0,0,0,"PRY"
"Peru",2021,0,0,0,"PER"
"Philippines",2021,0,0,0,"PHL"
"Poland",2021,0,0,0,"POL"
"Portugal",2021,0,0,0,"PRT"
"Qatar",2021,0,0,0,"QAT"
"Republic of Korea",2021,0,0,0,NA
"Romania",2021,0,0,0,"ROU"
"Russian Federation",2021,1,1,1,"RUS"
"Rwanda",2021,0,0,0,"RWA"
"Saint Vincent and the Grenadines",2021,1,1,1,NA
"Senegal",2021,0,0,0,"SEN"
"Sierra Leone",2021,0,0,0,"SLE"
"Singapore",2021,0,0,0,"SGP"
"Slovakia",2021,0,0,0,NA
"Slovenia",2021,0,0,0,"SVN"
"Somalia",2021,0,0,0,NA
"South Africa",2021,0,1,1,"ZAF"
"Spain",2021,0,0,0,"ESP"
"Sri Lanka",2021,0,0,0,"LKA"
"Sudan",2021,0,0,0,"SDN"
"Sweden",2021,0,0,0,"SWE"
"Switzerland",2021,0,0,0,"CHE"
"Syrian Arab Republic",2021,0,0,0,"SYR"
"Thailand",2021,0,0,0,"THA"
"Togo",2021,0,0,0,"TGO"
"Trinidad and Tobago",2021,0,0,0,"TTO"
"Tunisia",2021,1,1,1,"TUN"
"Türkiye",2021,0,0,0,NA
"Uganda",2021,0,0,0,"UGA"
"Ukraine",2021,0,0,0,"UKR"
"Ukrainian SSR (Ukrainian Soviet Socialist Republic)",2021,0,0,0,NA
"United Arab Emirates",2021,0,0,0,"ARE"
"United Arab Republic",2021,0,0,0,NA
"United Kingdom of Great Britain and Northern Ireland",2021,1,1,1,NA
"United Republic of Tanzania",2021,0,0,0,NA
"United States of America",2021,1,1,1,NA
"Uruguay",2021,0,0,0,"URY"
"USSR (Union of Soviet Socialist Republics)",2021,0,0,0,NA
"Venezuela (Bolivarian Republic of)",2021,0,0,0,NA
"Viet Nam",2021,1,1,1,"VNM"
"Yemen",2021,0,0,0,NA
"Yugoslavia",2021,0,0,0,NA
"Zambia",2021,0,0,0,"ZMB"
"Zimbabwe",2021,0,0,0,"ZWE"
"",2022,0,0,0,NA
"Albania",2022,1,0,1,"ALB"
"Algeria",2022,0,0,0,"DZA"
"Angola",2022,0,0,0,"AGO"
"Argentina",2022,0,0,0,"ARG"
"Australia",2022,0,0,0,"AUS"
"Austria",2022,0,0,0,"AUT"
"Azerbaijan",2022,0,0,0,"AZE"
"Bahrain",2022,0,0,0,"BHR"
"Bangladesh",2022,0,0,0,"BGD"
"Belarus",2022,0,0,0,"BLR"
"Belgium",2022,0,0,0,"BEL"
"Benin",2022,0,0,0,"BEN"
"Bolivia (Plurinational State of)",2022,0,0,0,NA
"Bosnia and Herzegovina",2022,0,0,0,"BIH"
"Botswana",2022,0,0,0,"BWA"
"Brazil",2022,1,0,1,"BRA"
"Bulgaria",2022,0,0,0,"BGR"
"Burkina Faso",2022,0,0,0,"BFA"
"Burundi",2022,0,0,0,"BDI"
"Cabo Verde",2022,0,0,0,"CPV"
"Cameroon",2022,0,0,0,"CMR"
"Canada",2022,0,0,0,"CAN"
"Chad",2022,0,0,0,"TCD"
"Chile",2022,0,0,0,"CHL"
"China",2022,1,1,1,"CHN"
"Colombia",2022,0,0,0,"COL"
"Congo",2022,0,0,0,NA
"Costa Rica",2022,0,0,0,"CRI"
"Croatia",2022,0,0,0,"HRV"
"Cuba",2022,0,0,0,"CUB"
"Czechia",2022,0,0,0,"CZE"
"Czechoslovakia",2022,0,0,0,NA
"Democratic Republic of the Congo",2022,0,0,0,NA
"Denmark",2022,0,0,0,"DNK"
"Djibouti",2022,0,0,0,"DJI"
"Dominican Republic",2022,0,0,0,"DOM"
"Ecuador",2022,0,0,0,"ECU"
"Egypt",2022,0,0,0,NA
"Equatorial Guinea",2022,0,0,0,"GNQ"
"Estonia",2022,0,1,1,"EST"
"Ethiopia",2022,0,0,0,"ETH"
"Finland",2022,0,0,0,"FIN"
"France",2022,1,1,1,"FRA"
"Gabon",2022,1,0,1,"GAB"
"Gambia",2022,0,0,0,NA
"German DR (German Democratic Republic)",2022,0,0,0,NA
"German FR (German Federal Republic)",2022,0,0,0,NA
"Germany",2022,0,0,0,"DEU"
"Ghana",2022,1,0,1,"GHA"
"Greece",2022,0,0,0,"GRC"
"Guatemala",2022,0,0,0,"GTM"
"Guinea",2022,0,0,0,"GIN"
"Guinea-Bissau",2022,0,0,0,"GNB"
"Guyana",2022,0,0,0,"GUY"
"Honduras",2022,0,0,0,"HND"
"Hungary",2022,0,0,0,"HUN"
"India",2022,1,1,1,"IND"
"Indonesia",2022,0,0,0,"IDN"
"Iran (Islamic Republic of)",2022,0,0,0,NA
"Iraq",2022,0,0,0,"IRQ"
"Ireland",2022,1,1,1,"IRL"
"Italy",2022,0,0,0,"ITA"
"Jamaica",2022,0,0,0,"JAM"
"Japan",2022,0,0,0,"JPN"
"Jordan",2022,0,0,0,"JOR"
"Kazakhstan",2022,0,0,0,"KAZ"
"Kenya",2022,1,1,1,"KEN"
"Kuwait",2022,0,0,0,"KWT"
"Kyrgyzstan",2022,0,0,0,NA
"Latvia",2022,0,0,0,"LVA"
"Lebanon",2022,0,0,0,"LBN"
"Liberia",2022,0,0,0,"LBR"
"Libya",2022,0,0,0,"LBY"
"Lithuania",2022,0,0,0,"LTU"
"Luxembourg",2022,0,0,0,"LUX"
"Madagascar",2022,0,0,0,"MDG"
"Malaysia",2022,0,0,0,"MYS"
"Mali",2022,0,0,0,"MLI"
"Malta",2022,0,0,0,"MLT"
"Mauritania",2022,0,0,0,"MRT"
"Mauritius",2022,0,0,0,"MUS"
"Mexico",2022,1,1,1,"MEX"
"Morocco",2022,0,0,0,"MAR"
"Mozambique",2022,0,0,0,"MOZ"
"Namibia",2022,0,0,0,"NAM"
"Nepal",2022,0,0,0,"NPL"
"Netherlands",2022,0,0,0,"NLD"
"New Zealand",2022,0,0,0,"NZL"
"Nicaragua",2022,0,0,0,"NIC"
"Niger",2022,0,1,1,"NER"
"Nigeria",2022,0,0,0,"NGA"
"Norway",2022,1,1,1,"NOR"
"Oman",2022,0,0,0,"OMN"
"Pakistan",2022,0,0,0,"PAK"
"Panama",2022,0,0,0,"PAN"
"Paraguay",2022,0,0,0,"PRY"
"Peru",2022,0,0,0,"PER"
"Philippines",2022,0,0,0,"PHL"
"Poland",2022,0,0,0,"POL"
"Portugal",2022,0,0,0,"PRT"
"Qatar",2022,0,0,0,"QAT"
"Republic of Korea",2022,0,0,0,NA
"Romania",2022,0,0,0,"ROU"
"Russian Federation",2022,1,1,1,"RUS"
"Rwanda",2022,0,0,0,"RWA"
"Saint Vincent and the Grenadines",2022,0,1,1,NA
"Senegal",2022,0,0,0,"SEN"
"Sierra Leone",2022,0,0,0,"SLE"
"Singapore",2022,0,0,0,"SGP"
"Slovakia",2022,0,0,0,NA
"Slovenia",2022,0,0,0,"SVN"
"Somalia",2022,0,0,0,NA
"South Africa",2022,0,0,0,"ZAF"
"Spain",2022,0,0,0,"ESP"
"Sri Lanka",2022,0,0,0,"LKA"
"Sudan",2022,0,0,0,"SDN"
"Sweden",2022,0,0,0,"SWE"
"Switzerland",2022,0,0,0,"CHE"
"Syrian Arab Republic",2022,0,0,0,"SYR"
"Thailand",2022,0,0,0,"THA"
"Togo",2022,0,0,0,"TGO"
"Trinidad and Tobago",2022,0,0,0,"TTO"
"Tunisia",2022,0,1,1,"TUN"
"Türkiye",2022,0,0,0,NA
"Uganda",2022,0,0,0,"UGA"
"Ukraine",2022,0,0,0,"UKR"
"Ukrainian SSR (Ukrainian Soviet Socialist Republic)",2022,0,0,0,NA
"United Arab Emirates",2022,1,0,1,"ARE"
"United Arab Republic",2022,0,0,0,NA
"United Kingdom of Great Britain and Northern Ireland",2022,1,1,1,NA
"United Republic of Tanzania",2022,0,0,0,NA
"United States of America",2022,1,1,1,NA
"Uruguay",2022,0,0,0,"URY"
"USSR (Union of Soviet Socialist Republics)",2022,0,0,0,NA
"Venezuela (Bolivarian Republic of)",2022,0,0,0,NA
"Viet Nam",2022,0,1,1,"VNM"
"Yemen",2022,0,0,0,NA
"Yugoslavia",2022,0,0,0,NA
"Zambia",2022,0,0,0,"ZMB"
"Zimbabwe",2022,0,0,0,"ZWE"
"",2023,0,0,0,NA
"Albania",2023,1,1,1,"ALB"
"Algeria",2023,0,0,0,"DZA"
"Angola",2023,0,0,0,"AGO"
"Argentina",2023,0,0,0,"ARG"
"Australia",2023,0,0,0,"AUS"
"Austria",2023,0,0,0,"AUT"
"Azerbaijan",2023,0,0,0,"AZE"
"Bahrain",2023,0,0,0,"BHR"
"Bangladesh",2023,0,0,0,"BGD"
"Belarus",2023,0,0,0,"BLR"
"Belgium",2023,0,0,0,"BEL"
"Benin",2023,0,0,0,"BEN"
"Bolivia (Plurinational State of)",2023,0,0,0,NA
"Bosnia and Herzegovina",2023,0,0,0,"BIH"
"Botswana",2023,0,0,0,"BWA"
"Brazil",2023,1,1,1,"BRA"
"Bulgaria",2023,0,0,0,"BGR"
"Burkina Faso",2023,0,0,0,"BFA"
"Burundi",2023,0,0,0,"BDI"
"Cabo Verde",2023,0,0,0,"CPV"
"Cameroon",2023,0,0,0,"CMR"
"Canada",2023,0,0,0,"CAN"
"Chad",2023,0,0,0,"TCD"
"Chile",2023,0,0,0,"CHL"
"China",2023,1,1,1,"CHN"
"Colombia",2023,0,0,0,"COL"
"Congo",2023,0,0,0,NA
"Costa Rica",2023,0,0,0,"CRI"
"Croatia",2023,0,0,0,"HRV"
"Cuba",2023,0,0,0,"CUB"
"Czechia",2023,0,0,0,"CZE"
"Czechoslovakia",2023,0,0,0,NA
"Democratic Republic of the Congo",2023,0,0,0,NA
"Denmark",2023,0,0,0,"DNK"
"Djibouti",2023,0,0,0,"DJI"
"Dominican Republic",2023,0,0,0,"DOM"
"Ecuador",2023,1,0,1,"ECU"
"Egypt",2023,0,0,0,NA
"Equatorial Guinea",2023,0,0,0,"GNQ"
"Estonia",2023,0,0,0,"EST"
"Ethiopia",2023,0,0,0,"ETH"
"Finland",2023,0,0,0,"FIN"
"France",2023,1,1,1,"FRA"
"Gabon",2023,1,1,1,"GAB"
"Gambia",2023,0,0,0,NA
"German DR (German Democratic Republic)",2023,0,0,0,NA
"German FR (German Federal Republic)",2023,0,0,0,NA
"Germany",2023,0,0,0,"DEU"
"Ghana",2023,1,1,1,"GHA"
"Greece",2023,0,0,0,"GRC"
"Guatemala",2023,0,0,0,"GTM"
"Guinea",2023,0,0,0,"GIN"
"Guinea-Bissau",2023,0,0,0,"GNB"
"Guyana",2023,0,0,0,"GUY"
"Honduras",2023,0,0,0,"HND"
"Hungary",2023,0,0,0,"HUN"
"India",2023,0,1,1,"IND"
"Indonesia",2023,0,0,0,"IDN"
"Iran (Islamic Republic of)",2023,0,0,0,NA
"Iraq",2023,0,0,0,"IRQ"
"Ireland",2023,0,1,1,"IRL"
"Italy",2023,0,0,0,"ITA"
"Jamaica",2023,0,0,0,"JAM"
"Japan",2023,1,0,1,"JPN"
"Jordan",2023,0,0,0,"JOR"
"Kazakhstan",2023,0,0,0,"KAZ"
"Kenya",2023,0,1,1,"KEN"
"Kuwait",2023,0,0,0,"KWT"
"Kyrgyzstan",2023,0,0,0,NA
"Latvia",2023,0,0,0,"LVA"
"Lebanon",2023,0,0,0,"LBN"
"Liberia",2023,0,0,0,"LBR"
"Libya",2023,0,0,0,"LBY"
"Lithuania",2023,0,0,0,"LTU"
"Luxembourg",2023,0,0,0,"LUX"
"Madagascar",2023,0,0,0,"MDG"
"Malaysia",2023,0,0,0,"MYS"
"Mali",2023,0,0,0,"MLI"
"Malta",2023,1,0,1,"MLT"
"Mauritania",2023,0,0,0,"MRT"
"Mauritius",2023,0,0,0,"MUS"
"Mexico",2023,0,1,1,"MEX"
"Morocco",2023,0,0,0,"MAR"
"Mozambique",2023,1,0,1,"MOZ"
"Namibia",2023,0,0,0,"NAM"
"Nepal",2023,0,0,0,"NPL"
"Netherlands",2023,0,0,0,"NLD"
"New Zealand",2023,0,0,0,"NZL"
"Nicaragua",2023,0,0,0,"NIC"
"Niger",2023,0,0,0,"NER"
"Nigeria",2023,0,0,0,"NGA"
"Norway",2023,0,1,1,"NOR"
"Oman",2023,0,0,0,"OMN"
"Pakistan",2023,0,0,0,"PAK"
"Panama",2023,0,0,0,"PAN"
"Paraguay",2023,0,0,0,"PRY"
"Peru",2023,0,0,0,"PER"
"Philippines",2023,0,0,0,"PHL"
"Poland",2023,0,0,0,"POL"
"Portugal",2023,0,0,0,"PRT"
"Qatar",2023,0,0,0,"QAT"
"Republic of Korea",2023,0,0,0,NA
"Romania",2023,0,0,0,"ROU"
"Russian Federation",2023,1,1,1,"RUS"
"Rwanda",2023,0,0,0,"RWA"
"Saint Vincent and the Grenadines",2023,0,0,0,NA
"Senegal",2023,0,0,0,"SEN"
"Sierra Leone",2023,0,0,0,"SLE"
"Singapore",2023,0,0,0,"SGP"
"Slovakia",2023,0,0,0,NA
"Slovenia",2023,0,0,0,"SVN"
"Somalia",2023,0,0,0,NA
"South Africa",2023,0,0,0,"ZAF"
"Spain",2023,0,0,0,"ESP"
"Sri Lanka",2023,0,0,0,"LKA"
"Sudan",2023,0,0,0,"SDN"
"Sweden",2023,0,0,0,"SWE"
"Switzerland",2023,1,0,1,"CHE"
"Syrian Arab Republic",2023,0,0,0,"SYR"
"Thailand",2023,0,0,0,"THA"
"Togo",2023,0,0,0,"TGO"
"Trinidad and Tobago",2023,0,0,0,"TTO"
"Tunisia",2023,0,0,0,"TUN"
"Türkiye",2023,0,0,0,NA
"Uganda",2023,0,0,0,"UGA"
"Ukraine",2023,0,0,0,"UKR"
"Ukrainian SSR (Ukrainian Soviet Socialist Republic)",2023,0,0,0,NA
"United Arab Emirates",2023,1,1,1,"ARE"
"United Arab Republic",2023,0,0,0,NA
"United Kingdom of Great Britain and Northern Ireland",2023,1,1,1,NA
"United Republic of Tanzania",2023,0,0,0,NA
"United States of America",2023,1,1,1,NA
"Uruguay",2023,0,0,0,"URY"
"USSR (Union of Soviet Socialist Republics)",2023,0,0,0,NA
"Venezuela (Bolivarian Republic of)",2023,0,0,0,NA
"Viet Nam",2023,0,0,0,"VNM"
"Yemen",2023,0,0,0,NA
"Yugoslavia",2023,0,0,0,NA
"Zambia",2023,0,0,0,"ZMB"
"Zimbabwe",2023,0,0,0,"ZWE"
"",2024,0,0,0,NA
"Albania",2024,0,1,1,"ALB"
"Algeria",2024,1,0,1,"DZA"
"Angola",2024,0,0,0,"AGO"
"Argentina",2024,0,0,0,"ARG"
"Australia",2024,0,0,0,"AUS"
"Austria",2024,0,0,0,"AUT"
"Azerbaijan",2024,0,0,0,"AZE"
"Bahrain",2024,0,0,0,"BHR"
"Bangladesh",2024,0,0,0,"BGD"
"Belarus",2024,0,0,0,"BLR"
"Belgium",2024,0,0,0,"BEL"
"Benin",2024,0,0,0,"BEN"
"Bolivia (Plurinational State of)",2024,0,0,0,NA
"Bosnia and Herzegovina",2024,0,0,0,"BIH"
"Botswana",2024,0,0,0,"BWA"
"Brazil",2024,0,1,1,"BRA"
"Bulgaria",2024,0,0,0,"BGR"
"Burkina Faso",2024,0,0,0,"BFA"
"Burundi",2024,0,0,0,"BDI"
"Cabo Verde",2024,0,0,0,"CPV"
"Cameroon",2024,0,0,0,"CMR"
"Canada",2024,0,0,0,"CAN"
"Chad",2024,0,0,0,"TCD"
"Chile",2024,0,0,0,"CHL"
"China",2024,1,1,1,"CHN"
"Colombia",2024,0,0,0,"COL"
"Congo",2024,0,0,0,NA
"Costa Rica",2024,0,0,0,"CRI"
"Croatia",2024,0,0,0,"HRV"
"Cuba",2024,0,0,0,"CUB"
"Czechia",2024,0,0,0,"CZE"
"Czechoslovakia",2024,0,0,0,NA
"Democratic Republic of the Congo",2024,0,0,0,NA
"Denmark",2024,0,0,0,"DNK"
"Djibouti",2024,0,0,0,"DJI"
"Dominican Republic",2024,0,0,0,"DOM"
"Ecuador",2024,1,1,1,"ECU"
"Egypt",2024,0,0,0,NA
"Equatorial Guinea",2024,0,0,0,"GNQ"
"Estonia",2024,0,0,0,"EST"
"Ethiopia",2024,0,0,0,"ETH"
"Finland",2024,0,0,0,"FIN"
"France",2024,1,1,1,"FRA"
"Gabon",2024,0,1,1,"GAB"
"Gambia",2024,0,0,0,NA
"German DR (German Democratic Republic)",2024,0,0,0,NA
"German FR (German Federal Republic)",2024,0,0,0,NA
"Germany",2024,0,0,0,"DEU"
"Ghana",2024,0,1,1,"GHA"
"Greece",2024,0,0,0,"GRC"
"Guatemala",2024,0,0,0,"GTM"
"Guinea",2024,0,0,0,"GIN"
"Guinea-Bissau",2024,0,0,0,"GNB"
"Guyana",2024,1,0,1,"GUY"
"Honduras",2024,0,0,0,"HND"
"Hungary",2024,0,0,0,"HUN"
"India",2024,0,0,0,"IND"
"Indonesia",2024,0,0,0,"IDN"
"Iran (Islamic Republic of)",2024,0,0,0,NA
"Iraq",2024,0,0,0,"IRQ"
"Ireland",2024,0,0,0,"IRL"
"Italy",2024,0,0,0,"ITA"
"Jamaica",2024,0,0,0,"JAM"
"Japan",2024,1,1,1,"JPN"
"Jordan",2024,0,0,0,"JOR"
"Kazakhstan",2024,0,0,0,"KAZ"
"Kenya",2024,0,0,0,"KEN"
"Kuwait",2024,0,0,0,"KWT"
"Kyrgyzstan",2024,0,0,0,NA
"Latvia",2024,0,0,0,"LVA"
"Lebanon",2024,0,0,0,"LBN"
"Liberia",2024,0,0,0,"LBR"
"Libya",2024,0,0,0,"LBY"
"Lithuania",2024,0,0,0,"LTU"
"Luxembourg",2024,0,0,0,"LUX"
"Madagascar",2024,0,0,0,"MDG"
"Malaysia",2024,0,0,0,"MYS"
"Mali",2024,0,0,0,"MLI"
"Malta",2024,1,1,1,"MLT"
"Mauritania",2024,0,0,0,"MRT"
"Mauritius",2024,0,0,0,"MUS"
"Mexico",2024,0,0,0,"MEX"
"Morocco",2024,0,0,0,"MAR"
"Mozambique",2024,1,1,1,"MOZ"
"Namibia",2024,0,0,0,"NAM"
"Nepal",2024,0,0,0,"NPL"
"Netherlands",2024,0,0,0,"NLD"
"New Zealand",2024,0,0,0,"NZL"
"Nicaragua",2024,0,0,0,"NIC"
"Niger",2024,0,0,0,"NER"
"Nigeria",2024,0,0,0,"NGA"
"Norway",2024,0,0,0,"NOR"
"Oman",2024,0,0,0,"OMN"
"Pakistan",2024,0,0,0,"PAK"
"Panama",2024,0,0,0,"PAN"
"Paraguay",2024,0,0,0,"PRY"
"Peru",2024,0,0,0,"PER"
"Philippines",2024,0,0,0,"PHL"
"Poland",2024,0,0,0,"POL"
"Portugal",2024,0,0,0,"PRT"
"Qatar",2024,0,0,0,"QAT"
"Republic of Korea",2024,1,0,1,NA
"Romania",2024,0,0,0,"ROU"
"Russian Federation",2024,1,1,1,"RUS"
"Rwanda",2024,0,0,0,"RWA"
"Saint Vincent and the Grenadines",2024,0,0,0,NA
"Senegal",2024,0,0,0,"SEN"
"Sierra Leone",2024,1,0,1,"SLE"
"Singapore",2024,0,0,0,"SGP"
"Slovakia",2024,0,0,0,NA
"Slovenia",2024,1,0,1,"SVN"
"Somalia",2024,0,0,0,NA
"South Africa",2024,0,0,0,"ZAF"
"Spain",2024,0,0,0,"ESP"
"Sri Lanka",2024,0,0,0,"LKA"
"Sudan",2024,0,0,0,"SDN"
"Sweden",2024,0,0,0,"SWE"
"Switzerland",2024,1,1,1,"CHE"
"Syrian Arab Republic",2024,0,0,0,"SYR"
"Thailand",2024,0,0,0,"THA"
"Togo",2024,0,0,0,"TGO"
"Trinidad and Tobago",2024,0,0,0,"TTO"
"Tunisia",2024,0,0,0,"TUN"
"Türkiye",2024,0,0,0,NA
"Uganda",2024,0,0,0,"UGA"
"Ukraine",2024,0,0,0,"UKR"
"Ukrainian SSR (Ukrainian Soviet Socialist Republic)",2024,0,0,0,NA
"United Arab Emirates",2024,0,1,1,"ARE"
"United Arab Republic",2024,0,0,0,NA
"United Kingdom of Great Britain and Northern Ireland",2024,1,1,1,NA
"United Republic of Tanzania",2024,0,0,0,NA
"United States of America",2024,1,1,1,NA
"Uruguay",2024,0,0,0,"URY"
"USSR (Union of Soviet Socialist Republics)",2024,0,0,0,NA
"Venezuela (Bolivarian Republic of)",2024,0,0,0,NA
"Viet Nam",2024,0,0,0,"VNM"
"Yemen",2024,0,0,0,NA
"Yugoslavia",2024,0,0,0,NA
"Zambia",2024,0,0,0,"ZMB"
"Zimbabwe",2024,0,0,0,"ZWE"
"",2025,0,0,0,NA
"Albania",2025,0,0,0,"ALB"
"Algeria",2025,1,1,1,"DZA"
"Angola",2025,0,0,0,"AGO"
"Argentina",2025,0,0,0,"ARG"
"Australia",2025,0,0,0,"AUS"
"Austria",2025,0,0,0,"AUT"
"Azerbaijan",2025,0,0,0,"AZE"
"Bahrain",2025,0,0,0,"BHR"
"Bangladesh",2025,0,0,0,"BGD"
"Belarus",2025,0,0,0,"BLR"
"Belgium",2025,0,0,0,"BEL"
"Benin",2025,0,0,0,"BEN"
"Bolivia (Plurinational State of)",2025,0,0,0,NA
"Bosnia and Herzegovina",2025,0,0,0,"BIH"
"Botswana",2025,0,0,0,"BWA"
"Brazil",2025,0,0,0,"BRA"
"Bulgaria",2025,0,0,0,"BGR"
"Burkina Faso",2025,0,0,0,"BFA"
"Burundi",2025,0,0,0,"BDI"
"Cabo Verde",2025,0,0,0,"CPV"
"Cameroon",2025,0,0,0,"CMR"
"Canada",2025,0,0,0,"CAN"
"Chad",2025,0,0,0,"TCD"
"Chile",2025,0,0,0,"CHL"
"China",2025,1,1,1,"CHN"
"Colombia",2025,0,0,0,"COL"
"Congo",2025,0,0,0,NA
"Costa Rica",2025,0,0,0,"CRI"
"Croatia",2025,0,0,0,"HRV"
"Cuba",2025,0,0,0,"CUB"
"Czechia",2025,0,0,0,"CZE"
"Czechoslovakia",2025,0,0,0,NA
"Democratic Republic of the Congo",2025,0,0,0,NA
"Denmark",2025,1,0,1,"DNK"
"Djibouti",2025,0,0,0,"DJI"
"Dominican Republic",2025,0,0,0,"DOM"
"Ecuador",2025,0,1,1,"ECU"
"Egypt",2025,0,0,0,NA
"Equatorial Guinea",2025,0,0,0,"GNQ"
"Estonia",2025,0,0,0,"EST"
"Ethiopia",2025,0,0,0,"ETH"
"Finland",2025,0,0,0,"FIN"
"France",2025,1,1,1,"FRA"
"Gabon",2025,0,0,0,"GAB"
"Gambia",2025,0,0,0,NA
"German DR (German Democratic Republic)",2025,0,0,0,NA
"German FR (German Federal Republic)",2025,0,0,0,NA
"Germany",2025,0,0,0,"DEU"
"Ghana",2025,0,0,0,"GHA"
"Greece",2025,1,0,1,"GRC"
"Guatemala",2025,0,0,0,"GTM"
"Guinea",2025,0,0,0,"GIN"
"Guinea-Bissau",2025,0,0,0,"GNB"
"Guyana",2025,1,1,1,"GUY"
"Honduras",2025,0,0,0,"HND"
"Hungary",2025,0,0,0,"HUN"
"India",2025,0,0,0,"IND"
"Indonesia",2025,0,0,0,"IDN"
"Iran (Islamic Republic of)",2025,0,0,0,NA
"Iraq",2025,0,0,0,"IRQ"
"Ireland",2025,0,0,0,"IRL"
"Italy",2025,0,0,0,"ITA"
"Jamaica",2025,0,0,0,"JAM"
"Japan",2025,0,1,1,"JPN"
"Jordan",2025,0,0,0,"JOR"
"Kazakhstan",2025,0,0,0,"KAZ"
"Kenya",2025,0,0,0,"KEN"
"Kuwait",2025,0,0,0,"KWT"
"Kyrgyzstan",2025,0,0,0,NA
"Latvia",2025,0,0,0,"LVA"
"Lebanon",2025,0,0,0,"LBN"
"Liberia",2025,0,0,0,"LBR"
"Libya",2025,0,0,0,"LBY"
"Lithuania",2025,0,0,0,"LTU"
"Luxembourg",2025,0,0,0,"LUX"
"Madagascar",2025,0,0,0,"MDG"
"Malaysia",2025,0,0,0,"MYS"
"Mali",2025,0,0,0,"MLI"
"Malta",2025,0,1,1,"MLT"
"Mauritania",2025,0,0,0,"MRT"
"Mauritius",2025,0,0,0,"MUS"
"Mexico",2025,0,0,0,"MEX"
"Morocco",2025,0,0,0,"MAR"
"Mozambique",2025,0,1,1,"MOZ"
"Namibia",2025,0,0,0,"NAM"
"Nepal",2025,0,0,0,"NPL"
"Netherlands",2025,0,0,0,"NLD"
"New Zealand",2025,0,0,0,"NZL"
"Nicaragua",2025,0,0,0,"NIC"
"Niger",2025,0,0,0,"NER"
"Nigeria",2025,0,0,0,"NGA"
"Norway",2025,0,0,0,"NOR"
"Oman",2025,0,0,0,"OMN"
"Pakistan",2025,1,0,1,"PAK"
"Panama",2025,1,0,1,"PAN"
"Paraguay",2025,0,0,0,"PRY"
"Peru",2025,0,0,0,"PER"
"Philippines",2025,0,0,0,"PHL"
"Poland",2025,0,0,0,"POL"
"Portugal",2025,0,0,0,"PRT"
"Qatar",2025,0,0,0,"QAT"
"Republic of Korea",2025,1,1,1,NA
"Romania",2025,0,0,0,"ROU"
"Russian Federation",2025,1,1,1,"RUS"
"Rwanda",2025,0,0,0,"RWA"
"Saint Vincent and the Grenadines",2025,0,0,0,NA
"Senegal",2025,0,0,0,"SEN"
"Sierra Leone",2025,1,1,1,"SLE"
"Singapore",2025,0,0,0,"SGP"
"Slovakia",2025,0,0,0,NA
"Slovenia",2025,1,1,1,"SVN"
"Somalia",2025,1,0,1,NA
"South Africa",2025,0,0,0,"ZAF"
"Spain",2025,0,0,0,"ESP"
"Sri Lanka",2025,0,0,0,"LKA"
"Sudan",2025,0,0,0,"SDN"
"Sweden",2025,0,0,0,"SWE"
"Switzerland",2025,0,1,1,"CHE"
"Syrian Arab Republic",2025,0,0,0,"SYR"
"Thailand",2025,0,0,0,"THA"
"Togo",2025,0,0,0,"TGO"
"Trinidad and Tobago",2025,0,0,0,"TTO"
"Tunisia",2025,0,0,0,"TUN"
"Türkiye",2025,0,0,0,NA
"Uganda",2025,0,0,0,"UGA"
"Ukraine",2025,0,0,0,"UKR"
"Ukrainian SSR (Ukrainian Soviet Socialist Republic)",2025,0,0,0,NA
"United Arab Emirates",2025,0,0,0,"ARE"
"United Arab Republic",2025,0,0,0,NA
"United Kingdom of Great Britain and Northern Ireland",2025,1,1,1,NA
"United Republic of Tanzania",2025,0,0,0,NA
"United States of America",2025,1,1,1,NA
"Uruguay",2025,0,0,0,"URY"
"USSR (Union of Soviet Socialist Republics)",2025,0,0,0,NA
"Venezuela (Bolivarian Republic of)",2025,0,0,0,NA
"Viet Nam",2025,0,0,0,"VNM"
"Yemen",2025,0,0,0,NA
"Yugoslavia",2025,0,0,0,NA
"Zambia",2025,0,0,0,"ZMB"
"Zimbabwe",2025,0,0,0,"ZWE"
