"ISO3","year","unsc","unsc_t1","unsc3"
"ALB",1946,0,0,0
"DZA",1946,0,0,0
"AGO",1946,0,0,0
"ARG",1946,0,0,0
"AUS",1946,1,0,1
"AUT",1946,0,0,0
"AZE",1946,0,0,0
"BHR",1946,0,0,0
"BGD",1946,0,0,0
"BLR",1946,0,0,0
"BEL",1946,0,0,0
"BEN",1946,0,0,0
"BIH",1946,0,0,0
"BWA",1946,0,0,0
"BRA",1946,1,0,1
"BGR",1946,0,0,0
"BFA",1946,0,0,0
"BDI",1946,0,0,0
"CPV",1946,0,0,0
"CMR",1946,0,0,0
"CAN",1946,0,0,0
"TCD",1946,0,0,0
"CHL",1946,0,0,0
"CHN",1946,1,0,1
"COL",1946,0,0,0
"CRI",1946,0,0,0
"HRV",1946,0,0,0
"CUB",1946,0,0,0
"CZE",1946,0,0,0
"DNK",1946,0,0,0
"DJI",1946,0,0,0
"DOM",1946,0,0,0
"ECU",1946,0,0,0
"GNQ",1946,0,0,0
"EST",1946,0,0,0
"ETH",1946,0,0,0
"FIN",1946,0,0,0
"FRA",1946,1,0,1
"GAB",1946,0,0,0
"DEU",1946,0,0,0
"GHA",1946,0,0,0
"GRC",1946,0,0,0
"GTM",1946,0,0,0
"GIN",1946,0,0,0
"GNB",1946,0,0,0
"GUY",1946,0,0,0
"HND",1946,0,0,0
"HUN",1946,0,0,0
"IND",1946,0,0,0
"IDN",1946,0,0,0
"IRQ",1946,0,0,0
"IRL",1946,0,0,0
"ITA",1946,0,0,0
"JAM",1946,0,0,0
"JPN",1946,0,0,0
"JOR",1946,0,0,0
"KAZ",1946,0,0,0
"KEN",1946,0,0,0
"KWT",1946,0,0,0
"LVA",1946,0,0,0
"LBN",1946,0,0,0
"LBR",1946,0,0,0
"LBY",1946,0,0,0
"LTU",1946,0,0,0
"LUX",1946,0,0,0
"MDG",1946,0,0,0
"MYS",1946,0,0,0
"MLI",1946,0,0,0
"MLT",1946,0,0,0
"MRT",1946,0,0,0
"MUS",1946,0,0,0
"MEX",1946,1,0,1
"MAR",1946,0,0,0
"MOZ",1946,0,0,0
"NAM",1946,0,0,0
"NPL",1946,0,0,0
"NLD",1946,1,0,1
"NZL",1946,0,0,0
"NIC",1946,0,0,0
"NER",1946,0,0,0
"NGA",1946,0,0,0
"NOR",1946,0,0,0
"OMN",1946,0,0,0
"PAK",1946,0,0,0
"PAN",1946,0,0,0
"PRY",1946,0,0,0
"PER",1946,0,0,0
"PHL",1946,0,0,0
"POL",1946,1,0,1
"PRT",1946,0,0,0
"QAT",1946,0,0,0
"ROU",1946,0,0,0
"RUS",1946,0,0,0
"RWA",1946,0,0,0
"SEN",1946,0,0,0
"SLE",1946,0,0,0
"SGP",1946,0,0,0
"SVN",1946,0,0,0
"ZAF",1946,0,0,0
"ESP",1946,0,0,0
"LKA",1946,0,0,0
"SDN",1946,0,0,0
"SWE",1946,0,0,0
"CHE",1946,0,0,0
"SYR",1946,0,0,0
"THA",1946,0,0,0
"TGO",1946,0,0,0
"TTO",1946,0,0,0
"TUN",1946,0,0,0
"UGA",1946,0,0,0
"UKR",1946,0,0,0
"ARE",1946,0,0,0
"URY",1946,0,0,0
"VNM",1946,0,0,0
"ZMB",1946,0,0,0
"ZWE",1946,0,0,0
"ALB",1947,0,0,0
"DZA",1947,0,0,0
"AGO",1947,0,0,0
"ARG",1947,0,0,0
"AUS",1947,1,1,1
"AUT",1947,0,0,0
"AZE",1947,0,0,0
"BHR",1947,0,0,0
"BGD",1947,0,0,0
"BLR",1947,0,0,0
"BEL",1947,1,0,1
"BEN",1947,0,0,0
"BIH",1947,0,0,0
"BWA",1947,0,0,0
"BRA",1947,1,1,1
"BGR",1947,0,0,0
"BFA",1947,0,0,0
"BDI",1947,0,0,0
"CPV",1947,0,0,0
"CMR",1947,0,0,0
"CAN",1947,0,0,0
"TCD",1947,0,0,0
"CHL",1947,0,0,0
"CHN",1947,1,1,1
"COL",1947,1,0,1
"CRI",1947,0,0,0
"HRV",1947,0,0,0
"CUB",1947,0,0,0
"CZE",1947,0,0,0
"DNK",1947,0,0,0
"DJI",1947,0,0,0
"DOM",1947,0,0,0
"ECU",1947,0,0,0
"GNQ",1947,0,0,0
"EST",1947,0,0,0
"ETH",1947,0,0,0
"FIN",1947,0,0,0
"FRA",1947,1,1,1
"GAB",1947,0,0,0
"DEU",1947,0,0,0
"GHA",1947,0,0,0
"GRC",1947,0,0,0
"GTM",1947,0,0,0
"GIN",1947,0,0,0
"GNB",1947,0,0,0
"GUY",1947,0,0,0
"HND",1947,0,0,0
"HUN",1947,0,0,0
"IND",1947,0,0,0
"IDN",1947,0,0,0
"IRQ",1947,0,0,0
"IRL",1947,0,0,0
"ITA",1947,0,0,0
"JAM",1947,0,0,0
"JPN",1947,0,0,0
"JOR",1947,0,0,0
"KAZ",1947,0,0,0
"KEN",1947,0,0,0
"KWT",1947,0,0,0
"LVA",1947,0,0,0
"LBN",1947,0,0,0
"LBR",1947,0,0,0
"LBY",1947,0,0,0
"LTU",1947,0,0,0
"LUX",1947,0,0,0
"MDG",1947,0,0,0
"MYS",1947,0,0,0
"MLI",1947,0,0,0
"MLT",1947,0,0,0
"MRT",1947,0,0,0
"MUS",1947,0,0,0
"MEX",1947,0,1,1
"MAR",1947,0,0,0
"MOZ",1947,0,0,0
"NAM",1947,0,0,0
"NPL",1947,0,0,0
"NLD",1947,0,1,1
"NZL",1947,0,0,0
"NIC",1947,0,0,0
"NER",1947,0,0,0
"NGA",1947,0,0,0
"NOR",1947,0,0,0
"OMN",1947,0,0,0
"PAK",1947,0,0,0
"PAN",1947,0,0,0
"PRY",1947,0,0,0
"PER",1947,0,0,0
"PHL",1947,0,0,0
"POL",1947,1,1,1
"PRT",1947,0,0,0
"QAT",1947,0,0,0
"ROU",1947,0,0,0
"RUS",1947,0,0,0
"RWA",1947,0,0,0
"SEN",1947,0,0,0
"SLE",1947,0,0,0
"SGP",1947,0,0,0
"SVN",1947,0,0,0
"ZAF",1947,0,0,0
"ESP",1947,0,0,0
"LKA",1947,0,0,0
"SDN",1947,0,0,0
"SWE",1947,0,0,0
"CHE",1947,0,0,0
"SYR",1947,1,0,1
"THA",1947,0,0,0
"TGO",1947,0,0,0
"TTO",1947,0,0,0
"TUN",1947,0,0,0
"UGA",1947,0,0,0
"UKR",1947,0,0,0
"ARE",1947,0,0,0
"URY",1947,0,0,0
"VNM",1947,0,0,0
"ZMB",1947,0,0,0
"ZWE",1947,0,0,0
"ALB",1948,0,0,0
"DZA",1948,0,0,0
"AGO",1948,0,0,0
"ARG",1948,1,0,1
"AUS",1948,0,1,1
"AUT",1948,0,0,0
"AZE",1948,0,0,0
"BHR",1948,0,0,0
"BGD",1948,0,0,0
"BLR",1948,0,0,0
"BEL",1948,1,1,1
"BEN",1948,0,0,0
"BIH",1948,0,0,0
"BWA",1948,0,0,0
"BRA",1948,0,1,1
"BGR",1948,0,0,0
"BFA",1948,0,0,0
"BDI",1948,0,0,0
"CPV",1948,0,0,0
"CMR",1948,0,0,0
"CAN",1948,1,0,1
"TCD",1948,0,0,0
"CHL",1948,0,0,0
"CHN",1948,1,1,1
"COL",1948,1,1,1
"CRI",1948,0,0,0
"HRV",1948,0,0,0
"CUB",1948,0,0,0
"CZE",1948,0,0,0
"DNK",1948,0,0,0
"DJI",1948,0,0,0
"DOM",1948,0,0,0
"ECU",1948,0,0,0
"GNQ",1948,0,0,0
"EST",1948,0,0,0
"ETH",1948,0,0,0
"FIN",1948,0,0,0
"FRA",1948,1,1,1
"GAB",1948,0,0,0
"DEU",1948,0,0,0
"GHA",1948,0,0,0
"GRC",1948,0,0,0
"GTM",1948,0,0,0
"GIN",1948,0,0,0
"GNB",1948,0,0,0
"GUY",1948,0,0,0
"HND",1948,0,0,0
"HUN",1948,0,0,0
"IND",1948,0,0,0
"IDN",1948,0,0,0
"IRQ",1948,0,0,0
"IRL",1948,0,0,0
"ITA",1948,0,0,0
"JAM",1948,0,0,0
"JPN",1948,0,0,0
"JOR",1948,0,0,0
"KAZ",1948,0,0,0
"KEN",1948,0,0,0
"KWT",1948,0,0,0
"LVA",1948,0,0,0
"LBN",1948,0,0,0
"LBR",1948,0,0,0
"LBY",1948,0,0,0
"LTU",1948,0,0,0
"LUX",1948,0,0,0
"MDG",1948,0,0,0
"MYS",1948,0,0,0
"MLI",1948,0,0,0
"MLT",1948,0,0,0
"MRT",1948,0,0,0
"MUS",1948,0,0,0
"MEX",1948,0,0,0
"MAR",1948,0,0,0
"MOZ",1948,0,0,0
"NAM",1948,0,0,0
"NPL",1948,0,0,0
"NLD",1948,0,0,0
"NZL",1948,0,0,0
"NIC",1948,0,0,0
"NER",1948,0,0,0
"NGA",1948,0,0,0
"NOR",1948,0,0,0
"OMN",1948,0,0,0
"PAK",1948,0,0,0
"PAN",1948,0,0,0
"PRY",1948,0,0,0
"PER",1948,0,0,0
"PHL",1948,0,0,0
"POL",1948,0,1,1
"PRT",1948,0,0,0
"QAT",1948,0,0,0
"ROU",1948,0,0,0
"RUS",1948,0,0,0
"RWA",1948,0,0,0
"SEN",1948,0,0,0
"SLE",1948,0,0,0
"SGP",1948,0,0,0
"SVN",1948,0,0,0
"ZAF",1948,0,0,0
"ESP",1948,0,0,0
"LKA",1948,0,0,0
"SDN",1948,0,0,0
"SWE",1948,0,0,0
"CHE",1948,0,0,0
"SYR",1948,1,1,1
"THA",1948,0,0,0
"TGO",1948,0,0,0
"TTO",1948,0,0,0
"TUN",1948,0,0,0
"UGA",1948,0,0,0
"UKR",1948,0,0,0
"ARE",1948,0,0,0
"URY",1948,0,0,0
"VNM",1948,0,0,0
"ZMB",1948,0,0,0
"ZWE",1948,0,0,0
"ALB",1949,0,0,0
"DZA",1949,0,0,0
"AGO",1949,0,0,0
"ARG",1949,1,1,1
"AUS",1949,0,0,0
"AUT",1949,0,0,0
"AZE",1949,0,0,0
"BHR",1949,0,0,0
"BGD",1949,0,0,0
"BLR",1949,0,0,0
"BEL",1949,0,1,1
"BEN",1949,0,0,0
"BIH",1949,0,0,0
"BWA",1949,0,0,0
"BRA",1949,0,0,0
"BGR",1949,0,0,0
"BFA",1949,0,0,0
"BDI",1949,0,0,0
"CPV",1949,0,0,0
"CMR",1949,0,0,0
"CAN",1949,1,1,1
"TCD",1949,0,0,0
"CHL",1949,0,0,0
"CHN",1949,1,1,1
"COL",1949,0,1,1
"CRI",1949,0,0,0
"HRV",1949,0,0,0
"CUB",1949,1,0,1
"CZE",1949,0,0,0
"DNK",1949,0,0,0
"DJI",1949,0,0,0
"DOM",1949,0,0,0
"ECU",1949,0,0,0
"GNQ",1949,0,0,0
"EST",1949,0,0,0
"ETH",1949,0,0,0
"FIN",1949,0,0,0
"FRA",1949,1,1,1
"GAB",1949,0,0,0
"DEU",1949,0,0,0
"GHA",1949,0,0,0
"GRC",1949,0,0,0
"GTM",1949,0,0,0
"GIN",1949,0,0,0
"GNB",1949,0,0,0
"GUY",1949,0,0,0
"HND",1949,0,0,0
"HUN",1949,0,0,0
"IND",1949,0,0,0
"IDN",1949,0,0,0
"IRQ",1949,0,0,0
"IRL",1949,0,0,0
"ITA",1949,0,0,0
"JAM",1949,0,0,0
"JPN",1949,0,0,0
"JOR",1949,0,0,0
"KAZ",1949,0,0,0
"KEN",1949,0,0,0
"KWT",1949,0,0,0
"LVA",1949,0,0,0
"LBN",1949,0,0,0
"LBR",1949,0,0,0
"LBY",1949,0,0,0
"LTU",1949,0,0,0
"LUX",1949,0,0,0
"MDG",1949,0,0,0
"MYS",1949,0,0,0
"MLI",1949,0,0,0
"MLT",1949,0,0,0
"MRT",1949,0,0,0
"MUS",1949,0,0,0
"MEX",1949,0,0,0
"MAR",1949,0,0,0
"MOZ",1949,0,0,0
"NAM",1949,0,0,0
"NPL",1949,0,0,0
"NLD",1949,0,0,0
"NZL",1949,0,0,0
"NIC",1949,0,0,0
"NER",1949,0,0,0
"NGA",1949,0,0,0
"NOR",1949,1,0,1
"OMN",1949,0,0,0
"PAK",1949,0,0,0
"PAN",1949,0,0,0
"PRY",1949,0,0,0
"PER",1949,0,0,0
"PHL",1949,0,0,0
"POL",1949,0,0,0
"PRT",1949,0,0,0
"QAT",1949,0,0,0
"ROU",1949,0,0,0
"RUS",1949,0,0,0
"RWA",1949,0,0,0
"SEN",1949,0,0,0
"SLE",1949,0,0,0
"SGP",1949,0,0,0
"SVN",1949,0,0,0
"ZAF",1949,0,0,0
"ESP",1949,0,0,0
"LKA",1949,0,0,0
"SDN",1949,0,0,0
"SWE",1949,0,0,0
"CHE",1949,0,0,0
"SYR",1949,0,1,1
"THA",1949,0,0,0
"TGO",1949,0,0,0
"TTO",1949,0,0,0
"TUN",1949,0,0,0
"UGA",1949,0,0,0
"UKR",1949,0,0,0
"ARE",1949,0,0,0
"URY",1949,0,0,0
"VNM",1949,0,0,0
"ZMB",1949,0,0,0
"ZWE",1949,0,0,0
"ALB",1950,0,0,0
"DZA",1950,0,0,0
"AGO",1950,0,0,0
"ARG",1950,0,1,1
"AUS",1950,0,0,0
"AUT",1950,0,0,0
"AZE",1950,0,0,0
"BHR",1950,0,0,0
"BGD",1950,0,0,0
"BLR",1950,0,0,0
"BEL",1950,0,0,0
"BEN",1950,0,0,0
"BIH",1950,0,0,0
"BWA",1950,0,0,0
"BRA",1950,0,0,0
"BGR",1950,0,0,0
"BFA",1950,0,0,0
"BDI",1950,0,0,0
"CPV",1950,0,0,0
"CMR",1950,0,0,0
"CAN",1950,0,1,1
"TCD",1950,0,0,0
"CHL",1950,0,0,0
"CHN",1950,1,1,1
"COL",1950,0,0,0
"CRI",1950,0,0,0
"HRV",1950,0,0,0
"CUB",1950,1,1,1
"CZE",1950,0,0,0
"DNK",1950,0,0,0
"DJI",1950,0,0,0
"DOM",1950,0,0,0
"ECU",1950,1,0,1
"GNQ",1950,0,0,0
"EST",1950,0,0,0
"ETH",1950,0,0,0
"FIN",1950,0,0,0
"FRA",1950,1,1,1
"GAB",1950,0,0,0
"DEU",1950,0,0,0
"GHA",1950,0,0,0
"GRC",1950,0,0,0
"GTM",1950,0,0,0
"GIN",1950,0,0,0
"GNB",1950,0,0,0
"GUY",1950,0,0,0
"HND",1950,0,0,0
"HUN",1950,0,0,0
"IND",1950,1,0,1
"IDN",1950,0,0,0
"IRQ",1950,0,0,0
"IRL",1950,0,0,0
"ITA",1950,0,0,0
"JAM",1950,0,0,0
"JPN",1950,0,0,0
"JOR",1950,0,0,0
"KAZ",1950,0,0,0
"KEN",1950,0,0,0
"KWT",1950,0,0,0
"LVA",1950,0,0,0
"LBN",1950,0,0,0
"LBR",1950,0,0,0
"LBY",1950,0,0,0
"LTU",1950,0,0,0
"LUX",1950,0,0,0
"MDG",1950,0,0,0
"MYS",1950,0,0,0
"MLI",1950,0,0,0
"MLT",1950,0,0,0
"MRT",1950,0,0,0
"MUS",1950,0,0,0
"MEX",1950,0,0,0
"MAR",1950,0,0,0
"MOZ",1950,0,0,0
"NAM",1950,0,0,0
"NPL",1950,0,0,0
"NLD",1950,0,0,0
"NZL",1950,0,0,0
"NIC",1950,0,0,0
"NER",1950,0,0,0
"NGA",1950,0,0,0
"NOR",1950,1,1,1
"OMN",1950,0,0,0
"PAK",1950,0,0,0
"PAN",1950,0,0,0
"PRY",1950,0,0,0
"PER",1950,0,0,0
"PHL",1950,0,0,0
"POL",1950,0,0,0
"PRT",1950,0,0,0
"QAT",1950,0,0,0
"ROU",1950,0,0,0
"RUS",1950,0,0,0
"RWA",1950,0,0,0
"SEN",1950,0,0,0
"SLE",1950,0,0,0
"SGP",1950,0,0,0
"SVN",1950,0,0,0
"ZAF",1950,0,0,0
"ESP",1950,0,0,0
"LKA",1950,0,0,0
"SDN",1950,0,0,0
"SWE",1950,0,0,0
"CHE",1950,0,0,0
"SYR",1950,0,0,0
"THA",1950,0,0,0
"TGO",1950,0,0,0
"TTO",1950,0,0,0
"TUN",1950,0,0,0
"UGA",1950,0,0,0
"UKR",1950,0,0,0
"ARE",1950,0,0,0
"URY",1950,0,0,0
"VNM",1950,0,0,0
"ZMB",1950,0,0,0
"ZWE",1950,0,0,0
"ALB",1951,0,0,0
"DZA",1951,0,0,0
"AGO",1951,0,0,0
"ARG",1951,0,0,0
"AUS",1951,0,0,0
"AUT",1951,0,0,0
"AZE",1951,0,0,0
"BHR",1951,0,0,0
"BGD",1951,0,0,0
"BLR",1951,0,0,0
"BEL",1951,0,0,0
"BEN",1951,0,0,0
"BIH",1951,0,0,0
"BWA",1951,0,0,0
"BRA",1951,1,0,1
"BGR",1951,0,0,0
"BFA",1951,0,0,0
"BDI",1951,0,0,0
"CPV",1951,0,0,0
"CMR",1951,0,0,0
"CAN",1951,0,0,0
"TCD",1951,0,0,0
"CHL",1951,0,0,0
"CHN",1951,1,1,1
"COL",1951,0,0,0
"CRI",1951,0,0,0
"HRV",1951,0,0,0
"CUB",1951,0,1,1
"CZE",1951,0,0,0
"DNK",1951,0,0,0
"DJI",1951,0,0,0
"DOM",1951,0,0,0
"ECU",1951,1,1,1
"GNQ",1951,0,0,0
"EST",1951,0,0,0
"ETH",1951,0,0,0
"FIN",1951,0,0,0
"FRA",1951,1,1,1
"GAB",1951,0,0,0
"DEU",1951,0,0,0
"GHA",1951,0,0,0
"GRC",1951,0,0,0
"GTM",1951,0,0,0
"GIN",1951,0,0,0
"GNB",1951,0,0,0
"GUY",1951,0,0,0
"HND",1951,0,0,0
"HUN",1951,0,0,0
"IND",1951,1,1,1
"IDN",1951,0,0,0
"IRQ",1951,0,0,0
"IRL",1951,0,0,0
"ITA",1951,0,0,0
"JAM",1951,0,0,0
"JPN",1951,0,0,0
"JOR",1951,0,0,0
"KAZ",1951,0,0,0
"KEN",1951,0,0,0
"KWT",1951,0,0,0
"LVA",1951,0,0,0
"LBN",1951,0,0,0
"LBR",1951,0,0,0
"LBY",1951,0,0,0
"LTU",1951,0,0,0
"LUX",1951,0,0,0
"MDG",1951,0,0,0
"MYS",1951,0,0,0
"MLI",1951,0,0,0
"MLT",1951,0,0,0
"MRT",1951,0,0,0
"MUS",1951,0,0,0
"MEX",1951,0,0,0
"MAR",1951,0,0,0
"MOZ",1951,0,0,0
"NAM",1951,0,0,0
"NPL",1951,0,0,0
"NLD",1951,1,0,1
"NZL",1951,0,0,0
"NIC",1951,0,0,0
"NER",1951,0,0,0
"NGA",1951,0,0,0
"NOR",1951,0,1,1
"OMN",1951,0,0,0
"PAK",1951,0,0,0
"PAN",1951,0,0,0
"PRY",1951,0,0,0
"PER",1951,0,0,0
"PHL",1951,0,0,0
"POL",1951,0,0,0
"PRT",1951,0,0,0
"QAT",1951,0,0,0
"ROU",1951,0,0,0
"RUS",1951,0,0,0
"RWA",1951,0,0,0
"SEN",1951,0,0,0
"SLE",1951,0,0,0
"SGP",1951,0,0,0
"SVN",1951,0,0,0
"ZAF",1951,0,0,0
"ESP",1951,0,0,0
"LKA",1951,0,0,0
"SDN",1951,0,0,0
"SWE",1951,0,0,0
"CHE",1951,0,0,0
"SYR",1951,0,0,0
"THA",1951,0,0,0
"TGO",1951,0,0,0
"TTO",1951,0,0,0
"TUN",1951,0,0,0
"UGA",1951,0,0,0
"UKR",1951,0,0,0
"ARE",1951,0,0,0
"URY",1951,0,0,0
"VNM",1951,0,0,0
"ZMB",1951,0,0,0
"ZWE",1951,0,0,0
"ALB",1952,0,0,0
"DZA",1952,0,0,0
"AGO",1952,0,0,0
"ARG",1952,0,0,0
"AUS",1952,0,0,0
"AUT",1952,0,0,0
"AZE",1952,0,0,0
"BHR",1952,0,0,0
"BGD",1952,0,0,0
"BLR",1952,0,0,0
"BEL",1952,0,0,0
"BEN",1952,0,0,0
"BIH",1952,0,0,0
"BWA",1952,0,0,0
"BRA",1952,1,1,1
"BGR",1952,0,0,0
"BFA",1952,0,0,0
"BDI",1952,0,0,0
"CPV",1952,0,0,0
"CMR",1952,0,0,0
"CAN",1952,0,0,0
"TCD",1952,0,0,0
"CHL",1952,1,0,1
"CHN",1952,1,1,1
"COL",1952,0,0,0
"CRI",1952,0,0,0
"HRV",1952,0,0,0
"CUB",1952,0,0,0
"CZE",1952,0,0,0
"DNK",1952,0,0,0
"DJI",1952,0,0,0
"DOM",1952,0,0,0
"ECU",1952,0,1,1
"GNQ",1952,0,0,0
"EST",1952,0,0,0
"ETH",1952,0,0,0
"FIN",1952,0,0,0
"FRA",1952,1,1,1
"GAB",1952,0,0,0
"DEU",1952,0,0,0
"GHA",1952,0,0,0
"GRC",1952,1,0,1
"GTM",1952,0,0,0
"GIN",1952,0,0,0
"GNB",1952,0,0,0
"GUY",1952,0,0,0
"HND",1952,0,0,0
"HUN",1952,0,0,0
"IND",1952,0,1,1
"IDN",1952,0,0,0
"IRQ",1952,0,0,0
"IRL",1952,0,0,0
"ITA",1952,0,0,0
"JAM",1952,0,0,0
"JPN",1952,0,0,0
"JOR",1952,0,0,0
"KAZ",1952,0,0,0
"KEN",1952,0,0,0
"KWT",1952,0,0,0
"LVA",1952,0,0,0
"LBN",1952,0,0,0
"LBR",1952,0,0,0
"LBY",1952,0,0,0
"LTU",1952,0,0,0
"LUX",1952,0,0,0
"MDG",1952,0,0,0
"MYS",1952,0,0,0
"MLI",1952,0,0,0
"MLT",1952,0,0,0
"MRT",1952,0,0,0
"MUS",1952,0,0,0
"MEX",1952,0,0,0
"MAR",1952,0,0,0
"MOZ",1952,0,0,0
"NAM",1952,0,0,0
"NPL",1952,0,0,0
"NLD",1952,1,1,1
"NZL",1952,0,0,0
"NIC",1952,0,0,0
"NER",1952,0,0,0
"NGA",1952,0,0,0
"NOR",1952,0,0,0
"OMN",1952,0,0,0
"PAK",1952,1,0,1
"PAN",1952,0,0,0
"PRY",1952,0,0,0
"PER",1952,0,0,0
"PHL",1952,0,0,0
"POL",1952,0,0,0
"PRT",1952,0,0,0
"QAT",1952,0,0,0
"ROU",1952,0,0,0
"RUS",1952,0,0,0
"RWA",1952,0,0,0
"SEN",1952,0,0,0
"SLE",1952,0,0,0
"SGP",1952,0,0,0
"SVN",1952,0,0,0
"ZAF",1952,0,0,0
"ESP",1952,0,0,0
"LKA",1952,0,0,0
"SDN",1952,0,0,0
"SWE",1952,0,0,0
"CHE",1952,0,0,0
"SYR",1952,0,0,0
"THA",1952,0,0,0
"TGO",1952,0,0,0
"TTO",1952,0,0,0
"TUN",1952,0,0,0
"UGA",1952,0,0,0
"UKR",1952,0,0,0
"ARE",1952,0,0,0
"URY",1952,0,0,0
"VNM",1952,0,0,0
"ZMB",1952,0,0,0
"ZWE",1952,0,0,0
"ALB",1953,0,0,0
"DZA",1953,0,0,0
"AGO",1953,0,0,0
"ARG",1953,0,0,0
"AUS",1953,0,0,0
"AUT",1953,0,0,0
"AZE",1953,0,0,0
"BHR",1953,0,0,0
"BGD",1953,0,0,0
"BLR",1953,0,0,0
"BEL",1953,0,0,0
"BEN",1953,0,0,0
"BIH",1953,0,0,0
"BWA",1953,0,0,0
"BRA",1953,0,1,1
"BGR",1953,0,0,0
"BFA",1953,0,0,0
"BDI",1953,0,0,0
"CPV",1953,0,0,0
"CMR",1953,0,0,0
"CAN",1953,0,0,0
"TCD",1953,0,0,0
"CHL",1953,1,1,1
"CHN",1953,1,1,1
"COL",1953,1,0,1
"CRI",1953,0,0,0
"HRV",1953,0,0,0
"CUB",1953,0,0,0
"CZE",1953,0,0,0
"DNK",1953,1,0,1
"DJI",1953,0,0,0
"DOM",1953,0,0,0
"ECU",1953,0,0,0
"GNQ",1953,0,0,0
"EST",1953,0,0,0
"ETH",1953,0,0,0
"FIN",1953,0,0,0
"FRA",1953,1,1,1
"GAB",1953,0,0,0
"DEU",1953,0,0,0
"GHA",1953,0,0,0
"GRC",1953,1,1,1
"GTM",1953,0,0,0
"GIN",1953,0,0,0
"GNB",1953,0,0,0
"GUY",1953,0,0,0
"HND",1953,0,0,0
"HUN",1953,0,0,0
"IND",1953,0,0,0
"IDN",1953,0,0,0
"IRQ",1953,0,0,0
"IRL",1953,0,0,0
"ITA",1953,0,0,0
"JAM",1953,0,0,0
"JPN",1953,0,0,0
"JOR",1953,0,0,0
"KAZ",1953,0,0,0
"KEN",1953,0,0,0
"KWT",1953,0,0,0
"LVA",1953,0,0,0
"LBN",1953,1,0,1
"LBR",1953,0,0,0
"LBY",1953,0,0,0
"LTU",1953,0,0,0
"LUX",1953,0,0,0
"MDG",1953,0,0,0
"MYS",1953,0,0,0
"MLI",1953,0,0,0
"MLT",1953,0,0,0
"MRT",1953,0,0,0
"MUS",1953,0,0,0
"MEX",1953,0,0,0
"MAR",1953,0,0,0
"MOZ",1953,0,0,0
"NAM",1953,0,0,0
"NPL",1953,0,0,0
"NLD",1953,0,1,1
"NZL",1953,0,0,0
"NIC",1953,0,0,0
"NER",1953,0,0,0
"NGA",1953,0,0,0
"NOR",1953,0,0,0
"OMN",1953,0,0,0
"PAK",1953,1,1,1
"PAN",1953,0,0,0
"PRY",1953,0,0,0
"PER",1953,0,0,0
"PHL",1953,0,0,0
"POL",1953,0,0,0
"PRT",1953,0,0,0
"QAT",1953,0,0,0
"ROU",1953,0,0,0
"RUS",1953,0,0,0
"RWA",1953,0,0,0
"SEN",1953,0,0,0
"SLE",1953,0,0,0
"SGP",1953,0,0,0
"SVN",1953,0,0,0
"ZAF",1953,0,0,0
"ESP",1953,0,0,0
"LKA",1953,0,0,0
"SDN",1953,0,0,0
"SWE",1953,0,0,0
"CHE",1953,0,0,0
"SYR",1953,0,0,0
"THA",1953,0,0,0
"TGO",1953,0,0,0
"TTO",1953,0,0,0
"TUN",1953,0,0,0
"UGA",1953,0,0,0
"UKR",1953,0,0,0
"ARE",1953,0,0,0
"URY",1953,0,0,0
"VNM",1953,0,0,0
"ZMB",1953,0,0,0
"ZWE",1953,0,0,0
"ALB",1954,0,0,0
"DZA",1954,0,0,0
"AGO",1954,0,0,0
"ARG",1954,0,0,0
"AUS",1954,0,0,0
"AUT",1954,0,0,0
"AZE",1954,0,0,0
"BHR",1954,0,0,0
"BGD",1954,0,0,0
"BLR",1954,0,0,0
"BEL",1954,0,0,0
"BEN",1954,0,0,0
"BIH",1954,0,0,0
"BWA",1954,0,0,0
"BRA",1954,1,0,1
"BGR",1954,0,0,0
"BFA",1954,0,0,0
"BDI",1954,0,0,0
"CPV",1954,0,0,0
"CMR",1954,0,0,0
"CAN",1954,0,0,0
"TCD",1954,0,0,0
"CHL",1954,0,1,1
"CHN",1954,1,1,1
"COL",1954,1,1,1
"CRI",1954,0,0,0
"HRV",1954,0,0,0
"CUB",1954,0,0,0
"CZE",1954,0,0,0
"DNK",1954,1,1,1
"DJI",1954,0,0,0
"DOM",1954,0,0,0
"ECU",1954,0,0,0
"GNQ",1954,0,0,0
"EST",1954,0,0,0
"ETH",1954,0,0,0
"FIN",1954,0,0,0
"FRA",1954,1,1,1
"GAB",1954,0,0,0
"DEU",1954,0,0,0
"GHA",1954,0,0,0
"GRC",1954,0,1,1
"GTM",1954,0,0,0
"GIN",1954,0,0,0
"GNB",1954,0,0,0
"GUY",1954,0,0,0
"HND",1954,0,0,0
"HUN",1954,0,0,0
"IND",1954,0,0,0
"IDN",1954,0,0,0
"IRQ",1954,0,0,0
"IRL",1954,0,0,0
"ITA",1954,0,0,0
"JAM",1954,0,0,0
"JPN",1954,0,0,0
"JOR",1954,0,0,0
"KAZ",1954,0,0,0
"KEN",1954,0,0,0
"KWT",1954,0,0,0
"LVA",1954,0,0,0
"LBN",1954,1,1,1
"LBR",1954,0,0,0
"LBY",1954,0,0,0
"LTU",1954,0,0,0
"LUX",1954,0,0,0
"MDG",1954,0,0,0
"MYS",1954,0,0,0
"MLI",1954,0,0,0
"MLT",1954,0,0,0
"MRT",1954,0,0,0
"MUS",1954,0,0,0
"MEX",1954,0,0,0
"MAR",1954,0,0,0
"MOZ",1954,0,0,0
"NAM",1954,0,0,0
"NPL",1954,0,0,0
"NLD",1954,0,0,0
"NZL",1954,1,0,1
"NIC",1954,0,0,0
"NER",1954,0,0,0
"NGA",1954,0,0,0
"NOR",1954,0,0,0
"OMN",1954,0,0,0
"PAK",1954,0,1,1
"PAN",1954,0,0,0
"PRY",1954,0,0,0
"PER",1954,0,0,0
"PHL",1954,0,0,0
"POL",1954,0,0,0
"PRT",1954,0,0,0
"QAT",1954,0,0,0
"ROU",1954,0,0,0
"RUS",1954,0,0,0
"RWA",1954,0,0,0
"SEN",1954,0,0,0
"SLE",1954,0,0,0
"SGP",1954,0,0,0
"SVN",1954,0,0,0
"ZAF",1954,0,0,0
"ESP",1954,0,0,0
"LKA",1954,0,0,0
"SDN",1954,0,0,0
"SWE",1954,0,0,0
"CHE",1954,0,0,0
"SYR",1954,0,0,0
"THA",1954,0,0,0
"TGO",1954,0,0,0
"TTO",1954,0,0,0
"TUN",1954,0,0,0
"UGA",1954,0,0,0
"UKR",1954,0,0,0
"ARE",1954,0,0,0
"URY",1954,0,0,0
"VNM",1954,0,0,0
"ZMB",1954,0,0,0
"ZWE",1954,0,0,0
"ALB",1955,0,0,0
"DZA",1955,0,0,0
"AGO",1955,0,0,0
"ARG",1955,0,0,0
"AUS",1955,0,0,0
"AUT",1955,0,0,0
"AZE",1955,0,0,0
"BHR",1955,0,0,0
"BGD",1955,0,0,0
"BLR",1955,0,0,0
"BEL",1955,1,0,1
"BEN",1955,0,0,0
"BIH",1955,0,0,0
"BWA",1955,0,0,0
"BRA",1955,1,1,1
"BGR",1955,0,0,0
"BFA",1955,0,0,0
"BDI",1955,0,0,0
"CPV",1955,0,0,0
"CMR",1955,0,0,0
"CAN",1955,0,0,0
"TCD",1955,0,0,0
"CHL",1955,0,0,0
"CHN",1955,1,1,1
"COL",1955,0,1,1
"CRI",1955,0,0,0
"HRV",1955,0,0,0
"CUB",1955,0,0,0
"CZE",1955,0,0,0
"DNK",1955,0,1,1
"DJI",1955,0,0,0
"DOM",1955,0,0,0
"ECU",1955,0,0,0
"GNQ",1955,0,0,0
"EST",1955,0,0,0
"ETH",1955,0,0,0
"FIN",1955,0,0,0
"FRA",1955,1,1,1
"GAB",1955,0,0,0
"DEU",1955,0,0,0
"GHA",1955,0,0,0
"GRC",1955,0,0,0
"GTM",1955,0,0,0
"GIN",1955,0,0,0
"GNB",1955,0,0,0
"GUY",1955,0,0,0
"HND",1955,0,0,0
"HUN",1955,0,0,0
"IND",1955,0,0,0
"IDN",1955,0,0,0
"IRQ",1955,0,0,0
"IRL",1955,0,0,0
"ITA",1955,0,0,0
"JAM",1955,0,0,0
"JPN",1955,0,0,0
"JOR",1955,0,0,0
"KAZ",1955,0,0,0
"KEN",1955,0,0,0
"KWT",1955,0,0,0
"LVA",1955,0,0,0
"LBN",1955,0,1,1
"LBR",1955,0,0,0
"LBY",1955,0,0,0
"LTU",1955,0,0,0
"LUX",1955,0,0,0
"MDG",1955,0,0,0
"MYS",1955,0,0,0
"MLI",1955,0,0,0
"MLT",1955,0,0,0
"MRT",1955,0,0,0
"MUS",1955,0,0,0
"MEX",1955,0,0,0
"MAR",1955,0,0,0
"MOZ",1955,0,0,0
"NAM",1955,0,0,0
"NPL",1955,0,0,0
"NLD",1955,0,0,0
"NZL",1955,1,1,1
"NIC",1955,0,0,0
"NER",1955,0,0,0
"NGA",1955,0,0,0
"NOR",1955,0,0,0
"OMN",1955,0,0,0
"PAK",1955,0,0,0
"PAN",1955,0,0,0
"PRY",1955,0,0,0
"PER",1955,1,0,1
"PHL",1955,0,0,0
"POL",1955,0,0,0
"PRT",1955,0,0,0
"QAT",1955,0,0,0
"ROU",1955,0,0,0
"RUS",1955,0,0,0
"RWA",1955,0,0,0
"SEN",1955,0,0,0
"SLE",1955,0,0,0
"SGP",1955,0,0,0
"SVN",1955,0,0,0
"ZAF",1955,0,0,0
"ESP",1955,0,0,0
"LKA",1955,0,0,0
"SDN",1955,0,0,0
"SWE",1955,0,0,0
"CHE",1955,0,0,0
"SYR",1955,0,0,0
"THA",1955,0,0,0
"TGO",1955,0,0,0
"TTO",1955,0,0,0
"TUN",1955,0,0,0
"UGA",1955,0,0,0
"UKR",1955,0,0,0
"ARE",1955,0,0,0
"URY",1955,0,0,0
"VNM",1955,0,0,0
"ZMB",1955,0,0,0
"ZWE",1955,0,0,0
"ALB",1956,0,0,0
"DZA",1956,0,0,0
"AGO",1956,0,0,0
"ARG",1956,0,0,0
"AUS",1956,1,0,1
"AUT",1956,0,0,0
"AZE",1956,0,0,0
"BHR",1956,0,0,0
"BGD",1956,0,0,0
"BLR",1956,0,0,0
"BEL",1956,1,1,1
"BEN",1956,0,0,0
"BIH",1956,0,0,0
"BWA",1956,0,0,0
"BRA",1956,0,1,1
"BGR",1956,0,0,0
"BFA",1956,0,0,0
"BDI",1956,0,0,0
"CPV",1956,0,0,0
"CMR",1956,0,0,0
"CAN",1956,0,0,0
"TCD",1956,0,0,0
"CHL",1956,0,0,0
"CHN",1956,1,1,1
"COL",1956,0,0,0
"CRI",1956,0,0,0
"HRV",1956,0,0,0
"CUB",1956,1,0,1
"CZE",1956,0,0,0
"DNK",1956,0,0,0
"DJI",1956,0,0,0
"DOM",1956,0,0,0
"ECU",1956,0,0,0
"GNQ",1956,0,0,0
"EST",1956,0,0,0
"ETH",1956,0,0,0
"FIN",1956,0,0,0
"FRA",1956,1,1,1
"GAB",1956,0,0,0
"DEU",1956,0,0,0
"GHA",1956,0,0,0
"GRC",1956,0,0,0
"GTM",1956,0,0,0
"GIN",1956,0,0,0
"GNB",1956,0,0,0
"GUY",1956,0,0,0
"HND",1956,0,0,0
"HUN",1956,0,0,0
"IND",1956,0,0,0
"IDN",1956,0,0,0
"IRQ",1956,0,0,0
"IRL",1956,0,0,0
"ITA",1956,0,0,0
"JAM",1956,0,0,0
"JPN",1956,0,0,0
"JOR",1956,0,0,0
"KAZ",1956,0,0,0
"KEN",1956,0,0,0
"KWT",1956,0,0,0
"LVA",1956,0,0,0
"LBN",1956,0,0,0
"LBR",1956,0,0,0
"LBY",1956,0,0,0
"LTU",1956,0,0,0
"LUX",1956,0,0,0
"MDG",1956,0,0,0
"MYS",1956,0,0,0
"MLI",1956,0,0,0
"MLT",1956,0,0,0
"MRT",1956,0,0,0
"MUS",1956,0,0,0
"MEX",1956,0,0,0
"MAR",1956,0,0,0
"MOZ",1956,0,0,0
"NAM",1956,0,0,0
"NPL",1956,0,0,0
"NLD",1956,0,0,0
"NZL",1956,0,1,1
"NIC",1956,0,0,0
"NER",1956,0,0,0
"NGA",1956,0,0,0
"NOR",1956,0,0,0
"OMN",1956,0,0,0
"PAK",1956,0,0,0
"PAN",1956,0,0,0
"PRY",1956,0,0,0
"PER",1956,1,1,1
"PHL",1956,0,0,0
"POL",1956,0,0,0
"PRT",1956,0,0,0
"QAT",1956,0,0,0
"ROU",1956,0,0,0
"RUS",1956,0,0,0
"RWA",1956,0,0,0
"SEN",1956,0,0,0
"SLE",1956,0,0,0
"SGP",1956,0,0,0
"SVN",1956,0,0,0
"ZAF",1956,0,0,0
"ESP",1956,0,0,0
"LKA",1956,0,0,0
"SDN",1956,0,0,0
"SWE",1956,0,0,0
"CHE",1956,0,0,0
"SYR",1956,0,0,0
"THA",1956,0,0,0
"TGO",1956,0,0,0
"TTO",1956,0,0,0
"TUN",1956,0,0,0
"UGA",1956,0,0,0
"UKR",1956,0,0,0
"ARE",1956,0,0,0
"URY",1956,0,0,0
"VNM",1956,0,0,0
"ZMB",1956,0,0,0
"ZWE",1956,0,0,0
"ALB",1957,0,0,0
"DZA",1957,0,0,0
"AGO",1957,0,0,0
"ARG",1957,0,0,0
"AUS",1957,1,1,1
"AUT",1957,0,0,0
"AZE",1957,0,0,0
"BHR",1957,0,0,0
"BGD",1957,0,0,0
"BLR",1957,0,0,0
"BEL",1957,0,1,1
"BEN",1957,0,0,0
"BIH",1957,0,0,0
"BWA",1957,0,0,0
"BRA",1957,0,0,0
"BGR",1957,0,0,0
"BFA",1957,0,0,0
"BDI",1957,0,0,0
"CPV",1957,0,0,0
"CMR",1957,0,0,0
"CAN",1957,0,0,0
"TCD",1957,0,0,0
"CHL",1957,0,0,0
"CHN",1957,1,1,1
"COL",1957,1,0,1
"CRI",1957,0,0,0
"HRV",1957,0,0,0
"CUB",1957,1,1,1
"CZE",1957,0,0,0
"DNK",1957,0,0,0
"DJI",1957,0,0,0
"DOM",1957,0,0,0
"ECU",1957,0,0,0
"GNQ",1957,0,0,0
"EST",1957,0,0,0
"ETH",1957,0,0,0
"FIN",1957,0,0,0
"FRA",1957,1,1,1
"GAB",1957,0,0,0
"DEU",1957,0,0,0
"GHA",1957,0,0,0
"GRC",1957,0,0,0
"GTM",1957,0,0,0
"GIN",1957,0,0,0
"GNB",1957,0,0,0
"GUY",1957,0,0,0
"HND",1957,0,0,0
"HUN",1957,0,0,0
"IND",1957,0,0,0
"IDN",1957,0,0,0
"IRQ",1957,1,0,1
"IRL",1957,0,0,0
"ITA",1957,0,0,0
"JAM",1957,0,0,0
"JPN",1957,0,0,0
"JOR",1957,0,0,0
"KAZ",1957,0,0,0
"KEN",1957,0,0,0
"KWT",1957,0,0,0
"LVA",1957,0,0,0
"LBN",1957,0,0,0
"LBR",1957,0,0,0
"LBY",1957,0,0,0
"LTU",1957,0,0,0
"LUX",1957,0,0,0
"MDG",1957,0,0,0
"MYS",1957,0,0,0
"MLI",1957,0,0,0
"MLT",1957,0,0,0
"MRT",1957,0,0,0
"MUS",1957,0,0,0
"MEX",1957,0,0,0
"MAR",1957,0,0,0
"MOZ",1957,0,0,0
"NAM",1957,0,0,0
"NPL",1957,0,0,0
"NLD",1957,0,0,0
"NZL",1957,0,0,0
"NIC",1957,0,0,0
"NER",1957,0,0,0
"NGA",1957,0,0,0
"NOR",1957,0,0,0
"OMN",1957,0,0,0
"PAK",1957,0,0,0
"PAN",1957,0,0,0
"PRY",1957,0,0,0
"PER",1957,0,1,1
"PHL",1957,1,0,1
"POL",1957,0,0,0
"PRT",1957,0,0,0
"QAT",1957,0,0,0
"ROU",1957,0,0,0
"RUS",1957,0,0,0
"RWA",1957,0,0,0
"SEN",1957,0,0,0
"SLE",1957,0,0,0
"SGP",1957,0,0,0
"SVN",1957,0,0,0
"ZAF",1957,0,0,0
"ESP",1957,0,0,0
"LKA",1957,0,0,0
"SDN",1957,0,0,0
"SWE",1957,1,0,1
"CHE",1957,0,0,0
"SYR",1957,0,0,0
"THA",1957,0,0,0
"TGO",1957,0,0,0
"TTO",1957,0,0,0
"TUN",1957,0,0,0
"UGA",1957,0,0,0
"UKR",1957,0,0,0
"ARE",1957,0,0,0
"URY",1957,0,0,0
"VNM",1957,0,0,0
"ZMB",1957,0,0,0
"ZWE",1957,0,0,0
"ALB",1958,0,0,0
"DZA",1958,0,0,0
"AGO",1958,0,0,0
"ARG",1958,0,0,0
"AUS",1958,0,1,1
"AUT",1958,0,0,0
"AZE",1958,0,0,0
"BHR",1958,0,0,0
"BGD",1958,0,0,0
"BLR",1958,0,0,0
"BEL",1958,0,0,0
"BEN",1958,0,0,0
"BIH",1958,0,0,0
"BWA",1958,0,0,0
"BRA",1958,0,0,0
"BGR",1958,0,0,0
"BFA",1958,0,0,0
"BDI",1958,0,0,0
"CPV",1958,0,0,0
"CMR",1958,0,0,0
"CAN",1958,1,0,1
"TCD",1958,0,0,0
"CHL",1958,0,0,0
"CHN",1958,1,1,1
"COL",1958,1,1,1
"CRI",1958,0,0,0
"HRV",1958,0,0,0
"CUB",1958,0,1,1
"CZE",1958,0,0,0
"DNK",1958,0,0,0
"DJI",1958,0,0,0
"DOM",1958,0,0,0
"ECU",1958,0,0,0
"GNQ",1958,0,0,0
"EST",1958,0,0,0
"ETH",1958,0,0,0
"FIN",1958,0,0,0
"FRA",1958,1,1,1
"GAB",1958,0,0,0
"DEU",1958,0,0,0
"GHA",1958,0,0,0
"GRC",1958,0,0,0
"GTM",1958,0,0,0
"GIN",1958,0,0,0
"GNB",1958,0,0,0
"GUY",1958,0,0,0
"HND",1958,0,0,0
"HUN",1958,0,0,0
"IND",1958,0,0,0
"IDN",1958,0,0,0
"IRQ",1958,1,1,1
"IRL",1958,0,0,0
"ITA",1958,0,0,0
"JAM",1958,0,0,0
"JPN",1958,1,0,1
"JOR",1958,0,0,0
"KAZ",1958,0,0,0
"KEN",1958,0,0,0
"KWT",1958,0,0,0
"LVA",1958,0,0,0
"LBN",1958,0,0,0
"LBR",1958,0,0,0
"LBY",1958,0,0,0
"LTU",1958,0,0,0
"LUX",1958,0,0,0
"MDG",1958,0,0,0
"MYS",1958,0,0,0
"MLI",1958,0,0,0
"MLT",1958,0,0,0
"MRT",1958,0,0,0
"MUS",1958,0,0,0
"MEX",1958,0,0,0
"MAR",1958,0,0,0
"MOZ",1958,0,0,0
"NAM",1958,0,0,0
"NPL",1958,0,0,0
"NLD",1958,0,0,0
"NZL",1958,0,0,0
"NIC",1958,0,0,0
"NER",1958,0,0,0
"NGA",1958,0,0,0
"NOR",1958,0,0,0
"OMN",1958,0,0,0
"PAK",1958,0,0,0
"PAN",1958,1,0,1
"PRY",1958,0,0,0
"PER",1958,0,0,0
"PHL",1958,0,1,1
"POL",1958,0,0,0
"PRT",1958,0,0,0
"QAT",1958,0,0,0
"ROU",1958,0,0,0
"RUS",1958,0,0,0
"RWA",1958,0,0,0
"SEN",1958,0,0,0
"SLE",1958,0,0,0
"SGP",1958,0,0,0
"SVN",1958,0,0,0
"ZAF",1958,0,0,0
"ESP",1958,0,0,0
"LKA",1958,0,0,0
"SDN",1958,0,0,0
"SWE",1958,1,1,1
"CHE",1958,0,0,0
"SYR",1958,0,0,0
"THA",1958,0,0,0
"TGO",1958,0,0,0
"TTO",1958,0,0,0
"TUN",1958,0,0,0
"UGA",1958,0,0,0
"UKR",1958,0,0,0
"ARE",1958,0,0,0
"URY",1958,0,0,0
"VNM",1958,0,0,0
"ZMB",1958,0,0,0
"ZWE",1958,0,0,0
"ALB",1959,0,0,0
"DZA",1959,0,0,0
"AGO",1959,0,0,0
"ARG",1959,1,0,1
"AUS",1959,0,0,0
"AUT",1959,0,0,0
"AZE",1959,0,0,0
"BHR",1959,0,0,0
"BGD",1959,0,0,0
"BLR",1959,0,0,0
"BEL",1959,0,0,0
"BEN",1959,0,0,0
"BIH",1959,0,0,0
"BWA",1959,0,0,0
"BRA",1959,0,0,0
"BGR",1959,0,0,0
"BFA",1959,0,0,0
"BDI",1959,0,0,0
"CPV",1959,0,0,0
"CMR",1959,0,0,0
"CAN",1959,1,1,1
"TCD",1959,0,0,0
"CHL",1959,0,0,0
"CHN",1959,1,1,1
"COL",1959,0,1,1
"CRI",1959,0,0,0
"HRV",1959,0,0,0
"CUB",1959,0,0,0
"CZE",1959,0,0,0
"DNK",1959,0,0,0
"DJI",1959,0,0,0
"DOM",1959,0,0,0
"ECU",1959,0,0,0
"GNQ",1959,0,0,0
"EST",1959,0,0,0
"ETH",1959,0,0,0
"FIN",1959,0,0,0
"FRA",1959,1,1,1
"GAB",1959,0,0,0
"DEU",1959,0,0,0
"GHA",1959,0,0,0
"GRC",1959,0,0,0
"GTM",1959,0,0,0
"GIN",1959,0,0,0
"GNB",1959,0,0,0
"GUY",1959,0,0,0
"HND",1959,0,0,0
"HUN",1959,0,0,0
"IND",1959,0,0,0
"IDN",1959,0,0,0
"IRQ",1959,0,1,1
"IRL",1959,0,0,0
"ITA",1959,1,0,1
"JAM",1959,0,0,0
"JPN",1959,1,1,1
"JOR",1959,0,0,0
"KAZ",1959,0,0,0
"KEN",1959,0,0,0
"KWT",1959,0,0,0
"LVA",1959,0,0,0
"LBN",1959,0,0,0
"LBR",1959,0,0,0
"LBY",1959,0,0,0
"LTU",1959,0,0,0
"LUX",1959,0,0,0
"MDG",1959,0,0,0
"MYS",1959,0,0,0
"MLI",1959,0,0,0
"MLT",1959,0,0,0
"MRT",1959,0,0,0
"MUS",1959,0,0,0
"MEX",1959,0,0,0
"MAR",1959,0,0,0
"MOZ",1959,0,0,0
"NAM",1959,0,0,0
"NPL",1959,0,0,0
"NLD",1959,0,0,0
"NZL",1959,0,0,0
"NIC",1959,0,0,0
"NER",1959,0,0,0
"NGA",1959,0,0,0
"NOR",1959,0,0,0
"OMN",1959,0,0,0
"PAK",1959,0,0,0
"PAN",1959,1,1,1
"PRY",1959,0,0,0
"PER",1959,0,0,0
"PHL",1959,0,0,0
"POL",1959,0,0,0
"PRT",1959,0,0,0
"QAT",1959,0,0,0
"ROU",1959,0,0,0
"RUS",1959,0,0,0
"RWA",1959,0,0,0
"SEN",1959,0,0,0
"SLE",1959,0,0,0
"SGP",1959,0,0,0
"SVN",1959,0,0,0
"ZAF",1959,0,0,0
"ESP",1959,0,0,0
"LKA",1959,0,0,0
"SDN",1959,0,0,0
"SWE",1959,0,1,1
"CHE",1959,0,0,0
"SYR",1959,0,0,0
"THA",1959,0,0,0
"TGO",1959,0,0,0
"TTO",1959,0,0,0
"TUN",1959,1,0,1
"UGA",1959,0,0,0
"UKR",1959,0,0,0
"ARE",1959,0,0,0
"URY",1959,0,0,0
"VNM",1959,0,0,0
"ZMB",1959,0,0,0
"ZWE",1959,0,0,0
"ALB",1960,0,0,0
"DZA",1960,0,0,0
"AGO",1960,0,0,0
"ARG",1960,1,1,1
"AUS",1960,0,0,0
"AUT",1960,0,0,0
"AZE",1960,0,0,0
"BHR",1960,0,0,0
"BGD",1960,0,0,0
"BLR",1960,0,0,0
"BEL",1960,0,0,0
"BEN",1960,0,0,0
"BIH",1960,0,0,0
"BWA",1960,0,0,0
"BRA",1960,0,0,0
"BGR",1960,0,0,0
"BFA",1960,0,0,0
"BDI",1960,0,0,0
"CPV",1960,0,0,0
"CMR",1960,0,0,0
"CAN",1960,0,1,1
"TCD",1960,0,0,0
"CHL",1960,0,0,0
"CHN",1960,1,1,1
"COL",1960,0,0,0
"CRI",1960,0,0,0
"HRV",1960,0,0,0
"CUB",1960,0,0,0
"CZE",1960,0,0,0
"DNK",1960,0,0,0
"DJI",1960,0,0,0
"DOM",1960,0,0,0
"ECU",1960,1,0,1
"GNQ",1960,0,0,0
"EST",1960,0,0,0
"ETH",1960,0,0,0
"FIN",1960,0,0,0
"FRA",1960,1,1,1
"GAB",1960,0,0,0
"DEU",1960,0,0,0
"GHA",1960,0,0,0
"GRC",1960,0,0,0
"GTM",1960,0,0,0
"GIN",1960,0,0,0
"GNB",1960,0,0,0
"GUY",1960,0,0,0
"HND",1960,0,0,0
"HUN",1960,0,0,0
"IND",1960,0,0,0
"IDN",1960,0,0,0
"IRQ",1960,0,0,0
"IRL",1960,0,0,0
"ITA",1960,1,1,1
"JAM",1960,0,0,0
"JPN",1960,0,1,1
"JOR",1960,0,0,0
"KAZ",1960,0,0,0
"KEN",1960,0,0,0
"KWT",1960,0,0,0
"LVA",1960,0,0,0
"LBN",1960,0,0,0
"LBR",1960,0,0,0
"LBY",1960,0,0,0
"LTU",1960,0,0,0
"LUX",1960,0,0,0
"MDG",1960,0,0,0
"MYS",1960,0,0,0
"MLI",1960,0,0,0
"MLT",1960,0,0,0
"MRT",1960,0,0,0
"MUS",1960,0,0,0
"MEX",1960,0,0,0
"MAR",1960,0,0,0
"MOZ",1960,0,0,0
"NAM",1960,0,0,0
"NPL",1960,0,0,0
"NLD",1960,0,0,0
"NZL",1960,0,0,0
"NIC",1960,0,0,0
"NER",1960,0,0,0
"NGA",1960,0,0,0
"NOR",1960,0,0,0
"OMN",1960,0,0,0
"PAK",1960,0,0,0
"PAN",1960,0,1,1
"PRY",1960,0,0,0
"PER",1960,0,0,0
"PHL",1960,0,0,0
"POL",1960,1,0,1
"PRT",1960,0,0,0
"QAT",1960,0,0,0
"ROU",1960,0,0,0
"RUS",1960,0,0,0
"RWA",1960,0,0,0
"SEN",1960,0,0,0
"SLE",1960,0,0,0
"SGP",1960,0,0,0
"SVN",1960,0,0,0
"ZAF",1960,0,0,0
"ESP",1960,0,0,0
"LKA",1960,1,0,1
"SDN",1960,0,0,0
"SWE",1960,0,0,0
"CHE",1960,0,0,0
"SYR",1960,0,0,0
"THA",1960,0,0,0
"TGO",1960,0,0,0
"TTO",1960,0,0,0
"TUN",1960,1,1,1
"UGA",1960,0,0,0
"UKR",1960,0,0,0
"ARE",1960,0,0,0
"URY",1960,0,0,0
"VNM",1960,0,0,0
"ZMB",1960,0,0,0
"ZWE",1960,0,0,0
"ALB",1961,0,0,0
"DZA",1961,0,0,0
"AGO",1961,0,0,0
"ARG",1961,0,1,1
"AUS",1961,0,0,0
"AUT",1961,0,0,0
"AZE",1961,0,0,0
"BHR",1961,0,0,0
"BGD",1961,0,0,0
"BLR",1961,0,0,0
"BEL",1961,0,0,0
"BEN",1961,0,0,0
"BIH",1961,0,0,0
"BWA",1961,0,0,0
"BRA",1961,0,0,0
"BGR",1961,0,0,0
"BFA",1961,0,0,0
"BDI",1961,0,0,0
"CPV",1961,0,0,0
"CMR",1961,0,0,0
"CAN",1961,0,0,0
"TCD",1961,0,0,0
"CHL",1961,1,0,1
"CHN",1961,1,1,1
"COL",1961,0,0,0
"CRI",1961,0,0,0
"HRV",1961,0,0,0
"CUB",1961,0,0,0
"CZE",1961,0,0,0
"DNK",1961,0,0,0
"DJI",1961,0,0,0
"DOM",1961,0,0,0
"ECU",1961,1,1,1
"GNQ",1961,0,0,0
"EST",1961,0,0,0
"ETH",1961,0,0,0
"FIN",1961,0,0,0
"FRA",1961,1,1,1
"GAB",1961,0,0,0
"DEU",1961,0,0,0
"GHA",1961,0,0,0
"GRC",1961,0,0,0
"GTM",1961,0,0,0
"GIN",1961,0,0,0
"GNB",1961,0,0,0
"GUY",1961,0,0,0
"HND",1961,0,0,0
"HUN",1961,0,0,0
"IND",1961,0,0,0
"IDN",1961,0,0,0
"IRQ",1961,0,0,0
"IRL",1961,0,0,0
"ITA",1961,0,1,1
"JAM",1961,0,0,0
"JPN",1961,0,0,0
"JOR",1961,0,0,0
"KAZ",1961,0,0,0
"KEN",1961,0,0,0
"KWT",1961,0,0,0
"LVA",1961,0,0,0
"LBN",1961,0,0,0
"LBR",1961,1,0,1
"LBY",1961,0,0,0
"LTU",1961,0,0,0
"LUX",1961,0,0,0
"MDG",1961,0,0,0
"MYS",1961,0,0,0
"MLI",1961,0,0,0
"MLT",1961,0,0,0
"MRT",1961,0,0,0
"MUS",1961,0,0,0
"MEX",1961,0,0,0
"MAR",1961,0,0,0
"MOZ",1961,0,0,0
"NAM",1961,0,0,0
"NPL",1961,0,0,0
"NLD",1961,0,0,0
"NZL",1961,0,0,0
"NIC",1961,0,0,0
"NER",1961,0,0,0
"NGA",1961,0,0,0
"NOR",1961,0,0,0
"OMN",1961,0,0,0
"PAK",1961,0,0,0
"PAN",1961,0,0,0
"PRY",1961,0,0,0
"PER",1961,0,0,0
"PHL",1961,0,0,0
"POL",1961,0,1,1
"PRT",1961,0,0,0
"QAT",1961,0,0,0
"ROU",1961,0,0,0
"RUS",1961,0,0,0
"RWA",1961,0,0,0
"SEN",1961,0,0,0
"SLE",1961,0,0,0
"SGP",1961,0,0,0
"SVN",1961,0,0,0
"ZAF",1961,0,0,0
"ESP",1961,0,0,0
"LKA",1961,1,1,1
"SDN",1961,0,0,0
"SWE",1961,0,0,0
"CHE",1961,0,0,0
"SYR",1961,0,0,0
"THA",1961,0,0,0
"TGO",1961,0,0,0
"TTO",1961,0,0,0
"TUN",1961,0,1,1
"UGA",1961,0,0,0
"UKR",1961,0,0,0
"ARE",1961,0,0,0
"URY",1961,0,0,0
"VNM",1961,0,0,0
"ZMB",1961,0,0,0
"ZWE",1961,0,0,0
"ALB",1962,0,0,0
"DZA",1962,0,0,0
"AGO",1962,0,0,0
"ARG",1962,0,0,0
"AUS",1962,0,0,0
"AUT",1962,0,0,0
"AZE",1962,0,0,0
"BHR",1962,0,0,0
"BGD",1962,0,0,0
"BLR",1962,0,0,0
"BEL",1962,0,0,0
"BEN",1962,0,0,0
"BIH",1962,0,0,0
"BWA",1962,0,0,0
"BRA",1962,0,0,0
"BGR",1962,0,0,0
"BFA",1962,0,0,0
"BDI",1962,0,0,0
"CPV",1962,0,0,0
"CMR",1962,0,0,0
"CAN",1962,0,0,0
"TCD",1962,0,0,0
"CHL",1962,1,1,1
"CHN",1962,1,1,1
"COL",1962,0,0,0
"CRI",1962,0,0,0
"HRV",1962,0,0,0
"CUB",1962,0,0,0
"CZE",1962,0,0,0
"DNK",1962,0,0,0
"DJI",1962,0,0,0
"DOM",1962,0,0,0
"ECU",1962,0,1,1
"GNQ",1962,0,0,0
"EST",1962,0,0,0
"ETH",1962,0,0,0
"FIN",1962,0,0,0
"FRA",1962,1,1,1
"GAB",1962,0,0,0
"DEU",1962,0,0,0
"GHA",1962,1,0,1
"GRC",1962,0,0,0
"GTM",1962,0,0,0
"GIN",1962,0,0,0
"GNB",1962,0,0,0
"GUY",1962,0,0,0
"HND",1962,0,0,0
"HUN",1962,0,0,0
"IND",1962,0,0,0
"IDN",1962,0,0,0
"IRQ",1962,0,0,0
"IRL",1962,1,0,1
"ITA",1962,0,0,0
"JAM",1962,0,0,0
"JPN",1962,0,0,0
"JOR",1962,0,0,0
"KAZ",1962,0,0,0
"KEN",1962,0,0,0
"KWT",1962,0,0,0
"LVA",1962,0,0,0
"LBN",1962,0,0,0
"LBR",1962,0,1,1
"LBY",1962,0,0,0
"LTU",1962,0,0,0
"LUX",1962,0,0,0
"MDG",1962,0,0,0
"MYS",1962,0,0,0
"MLI",1962,0,0,0
"MLT",1962,0,0,0
"MRT",1962,0,0,0
"MUS",1962,0,0,0
"MEX",1962,0,0,0
"MAR",1962,0,0,0
"MOZ",1962,0,0,0
"NAM",1962,0,0,0
"NPL",1962,0,0,0
"NLD",1962,0,0,0
"NZL",1962,0,0,0
"NIC",1962,0,0,0
"NER",1962,0,0,0
"NGA",1962,0,0,0
"NOR",1962,0,0,0
"OMN",1962,0,0,0
"PAK",1962,0,0,0
"PAN",1962,0,0,0
"PRY",1962,0,0,0
"PER",1962,0,0,0
"PHL",1962,0,0,0
"POL",1962,0,0,0
"PRT",1962,0,0,0
"QAT",1962,0,0,0
"ROU",1962,1,0,1
"RUS",1962,0,0,0
"RWA",1962,0,0,0
"SEN",1962,0,0,0
"SLE",1962,0,0,0
"SGP",1962,0,0,0
"SVN",1962,0,0,0
"ZAF",1962,0,0,0
"ESP",1962,0,0,0
"LKA",1962,0,1,1
"SDN",1962,0,0,0
"SWE",1962,0,0,0
"CHE",1962,0,0,0
"SYR",1962,0,0,0
"THA",1962,0,0,0
"TGO",1962,0,0,0
"TTO",1962,0,0,0
"TUN",1962,0,0,0
"UGA",1962,0,0,0
"UKR",1962,0,0,0
"ARE",1962,0,0,0
"URY",1962,0,0,0
"VNM",1962,0,0,0
"ZMB",1962,0,0,0
"ZWE",1962,0,0,0
"ALB",1963,0,0,0
"DZA",1963,0,0,0
"AGO",1963,0,0,0
"ARG",1963,0,0,0
"AUS",1963,0,0,0
"AUT",1963,0,0,0
"AZE",1963,0,0,0
"BHR",1963,0,0,0
"BGD",1963,0,0,0
"BLR",1963,0,0,0
"BEL",1963,0,0,0
"BEN",1963,0,0,0
"BIH",1963,0,0,0
"BWA",1963,0,0,0
"BRA",1963,1,0,1
"BGR",1963,0,0,0
"BFA",1963,0,0,0
"BDI",1963,0,0,0
"CPV",1963,0,0,0
"CMR",1963,0,0,0
"CAN",1963,0,0,0
"TCD",1963,0,0,0
"CHL",1963,0,1,1
"CHN",1963,1,1,1
"COL",1963,0,0,0
"CRI",1963,0,0,0
"HRV",1963,0,0,0
"CUB",1963,0,0,0
"CZE",1963,0,0,0
"DNK",1963,0,0,0
"DJI",1963,0,0,0
"DOM",1963,0,0,0
"ECU",1963,0,0,0
"GNQ",1963,0,0,0
"EST",1963,0,0,0
"ETH",1963,0,0,0
"FIN",1963,0,0,0
"FRA",1963,1,1,1
"GAB",1963,0,0,0
"DEU",1963,0,0,0
"GHA",1963,1,1,1
"GRC",1963,0,0,0
"GTM",1963,0,0,0
"GIN",1963,0,0,0
"GNB",1963,0,0,0
"GUY",1963,0,0,0
"HND",1963,0,0,0
"HUN",1963,0,0,0
"IND",1963,0,0,0
"IDN",1963,0,0,0
"IRQ",1963,0,0,0
"IRL",1963,0,1,1
"ITA",1963,0,0,0
"JAM",1963,0,0,0
"JPN",1963,0,0,0
"JOR",1963,0,0,0
"KAZ",1963,0,0,0
"KEN",1963,0,0,0
"KWT",1963,0,0,0
"LVA",1963,0,0,0
"LBN",1963,0,0,0
"LBR",1963,0,0,0
"LBY",1963,0,0,0
"LTU",1963,0,0,0
"LUX",1963,0,0,0
"MDG",1963,0,0,0
"MYS",1963,0,0,0
"MLI",1963,0,0,0
"MLT",1963,0,0,0
"MRT",1963,0,0,0
"MUS",1963,0,0,0
"MEX",1963,0,0,0
"MAR",1963,1,0,1
"MOZ",1963,0,0,0
"NAM",1963,0,0,0
"NPL",1963,0,0,0
"NLD",1963,0,0,0
"NZL",1963,0,0,0
"NIC",1963,0,0,0
"NER",1963,0,0,0
"NGA",1963,0,0,0
"NOR",1963,1,0,1
"OMN",1963,0,0,0
"PAK",1963,0,0,0
"PAN",1963,0,0,0
"PRY",1963,0,0,0
"PER",1963,0,0,0
"PHL",1963,1,0,1
"POL",1963,0,0,0
"PRT",1963,0,0,0
"QAT",1963,0,0,0
"ROU",1963,0,1,1
"RUS",1963,0,0,0
"RWA",1963,0,0,0
"SEN",1963,0,0,0
"SLE",1963,0,0,0
"SGP",1963,0,0,0
"SVN",1963,0,0,0
"ZAF",1963,0,0,0
"ESP",1963,0,0,0
"LKA",1963,0,0,0
"SDN",1963,0,0,0
"SWE",1963,0,0,0
"CHE",1963,0,0,0
"SYR",1963,0,0,0
"THA",1963,0,0,0
"TGO",1963,0,0,0
"TTO",1963,0,0,0
"TUN",1963,0,0,0
"UGA",1963,0,0,0
"UKR",1963,0,0,0
"ARE",1963,0,0,0
"URY",1963,0,0,0
"VNM",1963,0,0,0
"ZMB",1963,0,0,0
"ZWE",1963,0,0,0
"ALB",1964,0,0,0
"DZA",1964,0,0,0
"AGO",1964,0,0,0
"ARG",1964,0,0,0
"AUS",1964,0,0,0
"AUT",1964,0,0,0
"AZE",1964,0,0,0
"BHR",1964,0,0,0
"BGD",1964,0,0,0
"BLR",1964,0,0,0
"BEL",1964,0,0,0
"BEN",1964,0,0,0
"BIH",1964,0,0,0
"BWA",1964,0,0,0
"BRA",1964,1,1,1
"BGR",1964,0,0,0
"BFA",1964,0,0,0
"BDI",1964,0,0,0
"CPV",1964,0,0,0
"CMR",1964,0,0,0
"CAN",1964,0,0,0
"TCD",1964,0,0,0
"CHL",1964,0,0,0
"CHN",1964,1,1,1
"COL",1964,0,0,0
"CRI",1964,0,0,0
"HRV",1964,0,0,0
"CUB",1964,0,0,0
"CZE",1964,0,0,0
"DNK",1964,0,0,0
"DJI",1964,0,0,0
"DOM",1964,0,0,0
"ECU",1964,0,0,0
"GNQ",1964,0,0,0
"EST",1964,0,0,0
"ETH",1964,0,0,0
"FIN",1964,0,0,0
"FRA",1964,1,1,1
"GAB",1964,0,0,0
"DEU",1964,0,0,0
"GHA",1964,0,1,1
"GRC",1964,0,0,0
"GTM",1964,0,0,0
"GIN",1964,0,0,0
"GNB",1964,0,0,0
"GUY",1964,0,0,0
"HND",1964,0,0,0
"HUN",1964,0,0,0
"IND",1964,0,0,0
"IDN",1964,0,0,0
"IRQ",1964,0,0,0
"IRL",1964,0,0,0
"ITA",1964,0,0,0
"JAM",1964,0,0,0
"JPN",1964,0,0,0
"JOR",1964,0,0,0
"KAZ",1964,0,0,0
"KEN",1964,0,0,0
"KWT",1964,0,0,0
"LVA",1964,0,0,0
"LBN",1964,0,0,0
"LBR",1964,0,0,0
"LBY",1964,0,0,0
"LTU",1964,0,0,0
"LUX",1964,0,0,0
"MDG",1964,0,0,0
"MYS",1964,0,0,0
"MLI",1964,0,0,0
"MLT",1964,0,0,0
"MRT",1964,0,0,0
"MUS",1964,0,0,0
"MEX",1964,0,0,0
"MAR",1964,1,1,1
"MOZ",1964,0,0,0
"NAM",1964,0,0,0
"NPL",1964,0,0,0
"NLD",1964,0,0,0
"NZL",1964,0,0,0
"NIC",1964,0,0,0
"NER",1964,0,0,0
"NGA",1964,0,0,0
"NOR",1964,1,1,1
"OMN",1964,0,0,0
"PAK",1964,0,0,0
"PAN",1964,0,0,0
"PRY",1964,0,0,0
"PER",1964,0,0,0
"PHL",1964,0,1,1
"POL",1964,0,0,0
"PRT",1964,0,0,0
"QAT",1964,0,0,0
"ROU",1964,0,0,0
"RUS",1964,0,0,0
"RWA",1964,0,0,0
"SEN",1964,0,0,0
"SLE",1964,0,0,0
"SGP",1964,0,0,0
"SVN",1964,0,0,0
"ZAF",1964,0,0,0
"ESP",1964,0,0,0
"LKA",1964,0,0,0
"SDN",1964,0,0,0
"SWE",1964,0,0,0
"CHE",1964,0,0,0
"SYR",1964,0,0,0
"THA",1964,0,0,0
"TGO",1964,0,0,0
"TTO",1964,0,0,0
"TUN",1964,0,0,0
"UGA",1964,0,0,0
"UKR",1964,0,0,0
"ARE",1964,0,0,0
"URY",1964,0,0,0
"VNM",1964,0,0,0
"ZMB",1964,0,0,0
"ZWE",1964,0,0,0
"ALB",1965,0,0,0
"DZA",1965,0,0,0
"AGO",1965,0,0,0
"ARG",1965,0,0,0
"AUS",1965,0,0,0
"AUT",1965,0,0,0
"AZE",1965,0,0,0
"BHR",1965,0,0,0
"BGD",1965,0,0,0
"BLR",1965,0,0,0
"BEL",1965,0,0,0
"BEN",1965,0,0,0
"BIH",1965,0,0,0
"BWA",1965,0,0,0
"BRA",1965,0,1,1
"BGR",1965,0,0,0
"BFA",1965,0,0,0
"BDI",1965,0,0,0
"CPV",1965,0,0,0
"CMR",1965,0,0,0
"CAN",1965,0,0,0
"TCD",1965,0,0,0
"CHL",1965,0,0,0
"CHN",1965,1,1,1
"COL",1965,0,0,0
"CRI",1965,0,0,0
"HRV",1965,0,0,0
"CUB",1965,0,0,0
"CZE",1965,0,0,0
"DNK",1965,0,0,0
"DJI",1965,0,0,0
"DOM",1965,0,0,0
"ECU",1965,0,0,0
"GNQ",1965,0,0,0
"EST",1965,0,0,0
"ETH",1965,0,0,0
"FIN",1965,0,0,0
"FRA",1965,1,1,1
"GAB",1965,0,0,0
"DEU",1965,0,0,0
"GHA",1965,0,0,0
"GRC",1965,0,0,0
"GTM",1965,0,0,0
"GIN",1965,0,0,0
"GNB",1965,0,0,0
"GUY",1965,0,0,0
"HND",1965,0,0,0
"HUN",1965,0,0,0
"IND",1965,0,0,0
"IDN",1965,0,0,0
"IRQ",1965,0,0,0
"IRL",1965,0,0,0
"ITA",1965,0,0,0
"JAM",1965,0,0,0
"JPN",1965,0,0,0
"JOR",1965,1,0,1
"KAZ",1965,0,0,0
"KEN",1965,0,0,0
"KWT",1965,0,0,0
"LVA",1965,0,0,0
"LBN",1965,0,0,0
"LBR",1965,0,0,0
"LBY",1965,0,0,0
"LTU",1965,0,0,0
"LUX",1965,0,0,0
"MDG",1965,0,0,0
"MYS",1965,1,0,1
"MLI",1965,0,0,0
"MLT",1965,0,0,0
"MRT",1965,0,0,0
"MUS",1965,0,0,0
"MEX",1965,0,0,0
"MAR",1965,0,1,1
"MOZ",1965,0,0,0
"NAM",1965,0,0,0
"NPL",1965,0,0,0
"NLD",1965,1,0,1
"NZL",1965,0,0,0
"NIC",1965,0,0,0
"NER",1965,0,0,0
"NGA",1965,0,0,0
"NOR",1965,0,1,1
"OMN",1965,0,0,0
"PAK",1965,0,0,0
"PAN",1965,0,0,0
"PRY",1965,0,0,0
"PER",1965,0,0,0
"PHL",1965,0,0,0
"POL",1965,0,0,0
"PRT",1965,0,0,0
"QAT",1965,0,0,0
"ROU",1965,0,0,0
"RUS",1965,0,0,0
"RWA",1965,0,0,0
"SEN",1965,0,0,0
"SLE",1965,0,0,0
"SGP",1965,0,0,0
"SVN",1965,0,0,0
"ZAF",1965,0,0,0
"ESP",1965,0,0,0
"LKA",1965,0,0,0
"SDN",1965,0,0,0
"SWE",1965,0,0,0
"CHE",1965,0,0,0
"SYR",1965,0,0,0
"THA",1965,0,0,0
"TGO",1965,0,0,0
"TTO",1965,0,0,0
"TUN",1965,0,0,0
"UGA",1965,0,0,0
"UKR",1965,0,0,0
"ARE",1965,0,0,0
"URY",1965,1,0,1
"VNM",1965,0,0,0
"ZMB",1965,0,0,0
"ZWE",1965,0,0,0
"ALB",1966,0,0,0
"DZA",1966,0,0,0
"AGO",1966,0,0,0
"ARG",1966,1,0,1
"AUS",1966,0,0,0
"AUT",1966,0,0,0
"AZE",1966,0,0,0
"BHR",1966,0,0,0
"BGD",1966,0,0,0
"BLR",1966,0,0,0
"BEL",1966,0,0,0
"BEN",1966,0,0,0
"BIH",1966,0,0,0
"BWA",1966,0,0,0
"BRA",1966,0,0,0
"BGR",1966,1,0,1
"BFA",1966,0,0,0
"BDI",1966,0,0,0
"CPV",1966,0,0,0
"CMR",1966,0,0,0
"CAN",1966,0,0,0
"TCD",1966,0,0,0
"CHL",1966,0,0,0
"CHN",1966,1,1,1
"COL",1966,0,0,0
"CRI",1966,0,0,0
"HRV",1966,0,0,0
"CUB",1966,0,0,0
"CZE",1966,0,0,0
"DNK",1966,0,0,0
"DJI",1966,0,0,0
"DOM",1966,0,0,0
"ECU",1966,0,0,0
"GNQ",1966,0,0,0
"EST",1966,0,0,0
"ETH",1966,0,0,0
"FIN",1966,0,0,0
"FRA",1966,1,1,1
"GAB",1966,0,0,0
"DEU",1966,0,0,0
"GHA",1966,0,0,0
"GRC",1966,0,0,0
"GTM",1966,0,0,0
"GIN",1966,0,0,0
"GNB",1966,0,0,0
"GUY",1966,0,0,0
"HND",1966,0,0,0
"HUN",1966,0,0,0
"IND",1966,0,0,0
"IDN",1966,0,0,0
"IRQ",1966,0,0,0
"IRL",1966,0,0,0
"ITA",1966,0,0,0
"JAM",1966,0,0,0
"JPN",1966,1,0,1
"JOR",1966,1,1,1
"KAZ",1966,0,0,0
"KEN",1966,0,0,0
"KWT",1966,0,0,0
"LVA",1966,0,0,0
"LBN",1966,0,0,0
"LBR",1966,0,0,0
"LBY",1966,0,0,0
"LTU",1966,0,0,0
"LUX",1966,0,0,0
"MDG",1966,0,0,0
"MYS",1966,0,1,1
"MLI",1966,1,0,1
"MLT",1966,0,0,0
"MRT",1966,0,0,0
"MUS",1966,0,0,0
"MEX",1966,0,0,0
"MAR",1966,0,0,0
"MOZ",1966,0,0,0
"NAM",1966,0,0,0
"NPL",1966,0,0,0
"NLD",1966,1,1,1
"NZL",1966,1,0,1
"NIC",1966,0,0,0
"NER",1966,0,0,0
"NGA",1966,1,0,1
"NOR",1966,0,0,0
"OMN",1966,0,0,0
"PAK",1966,0,0,0
"PAN",1966,0,0,0
"PRY",1966,0,0,0
"PER",1966,0,0,0
"PHL",1966,0,0,0
"POL",1966,0,0,0
"PRT",1966,0,0,0
"QAT",1966,0,0,0
"ROU",1966,0,0,0
"RUS",1966,0,0,0
"RWA",1966,0,0,0
"SEN",1966,0,0,0
"SLE",1966,0,0,0
"SGP",1966,0,0,0
"SVN",1966,0,0,0
"ZAF",1966,0,0,0
"ESP",1966,0,0,0
"LKA",1966,0,0,0
"SDN",1966,0,0,0
"SWE",1966,0,0,0
"CHE",1966,0,0,0
"SYR",1966,0,0,0
"THA",1966,0,0,0
"TGO",1966,0,0,0
"TTO",1966,0,0,0
"TUN",1966,0,0,0
"UGA",1966,1,0,1
"UKR",1966,0,0,0
"ARE",1966,0,0,0
"URY",1966,1,1,1
"VNM",1966,0,0,0
"ZMB",1966,0,0,0
"ZWE",1966,0,0,0
"ALB",1967,0,0,0
"DZA",1967,0,0,0
"AGO",1967,0,0,0
"ARG",1967,1,1,1
"AUS",1967,0,0,0
"AUT",1967,0,0,0
"AZE",1967,0,0,0
"BHR",1967,0,0,0
"BGD",1967,0,0,0
"BLR",1967,0,0,0
"BEL",1967,0,0,0
"BEN",1967,0,0,0
"BIH",1967,0,0,0
"BWA",1967,0,0,0
"BRA",1967,1,0,1
"BGR",1967,1,1,1
"BFA",1967,0,0,0
"BDI",1967,0,0,0
"CPV",1967,0,0,0
"CMR",1967,0,0,0
"CAN",1967,1,0,1
"TCD",1967,0,0,0
"CHL",1967,0,0,0
"CHN",1967,1,1,1
"COL",1967,0,0,0
"CRI",1967,0,0,0
"HRV",1967,0,0,0
"CUB",1967,0,0,0
"CZE",1967,0,0,0
"DNK",1967,1,0,1
"DJI",1967,0,0,0
"DOM",1967,0,0,0
"ECU",1967,0,0,0
"GNQ",1967,0,0,0
"EST",1967,0,0,0
"ETH",1967,1,0,1
"FIN",1967,0,0,0
"FRA",1967,1,1,1
"GAB",1967,0,0,0
"DEU",1967,0,0,0
"GHA",1967,0,0,0
"GRC",1967,0,0,0
"GTM",1967,0,0,0
"GIN",1967,0,0,0
"GNB",1967,0,0,0
"GUY",1967,0,0,0
"HND",1967,0,0,0
"HUN",1967,0,0,0
"IND",1967,1,0,1
"IDN",1967,0,0,0
"IRQ",1967,0,0,0
"IRL",1967,0,0,0
"ITA",1967,0,0,0
"JAM",1967,0,0,0
"JPN",1967,1,1,1
"JOR",1967,0,1,1
"KAZ",1967,0,0,0
"KEN",1967,0,0,0
"KWT",1967,0,0,0
"LVA",1967,0,0,0
"LBN",1967,0,0,0
"LBR",1967,0,0,0
"LBY",1967,0,0,0
"LTU",1967,0,0,0
"LUX",1967,0,0,0
"MDG",1967,0,0,0
"MYS",1967,0,0,0
"MLI",1967,1,1,1
"MLT",1967,0,0,0
"MRT",1967,0,0,0
"MUS",1967,0,0,0
"MEX",1967,0,0,0
"MAR",1967,0,0,0
"MOZ",1967,0,0,0
"NAM",1967,0,0,0
"NPL",1967,0,0,0
"NLD",1967,0,1,1
"NZL",1967,0,1,1
"NIC",1967,0,0,0
"NER",1967,0,0,0
"NGA",1967,1,1,1
"NOR",1967,0,0,0
"OMN",1967,0,0,0
"PAK",1967,0,0,0
"PAN",1967,0,0,0
"PRY",1967,0,0,0
"PER",1967,0,0,0
"PHL",1967,0,0,0
"POL",1967,0,0,0
"PRT",1967,0,0,0
"QAT",1967,0,0,0
"ROU",1967,0,0,0
"RUS",1967,0,0,0
"RWA",1967,0,0,0
"SEN",1967,0,0,0
"SLE",1967,0,0,0
"SGP",1967,0,0,0
"SVN",1967,0,0,0
"ZAF",1967,0,0,0
"ESP",1967,0,0,0
"LKA",1967,0,0,0
"SDN",1967,0,0,0
"SWE",1967,0,0,0
"CHE",1967,0,0,0
"SYR",1967,0,0,0
"THA",1967,0,0,0
"TGO",1967,0,0,0
"TTO",1967,0,0,0
"TUN",1967,0,0,0
"UGA",1967,0,1,1
"UKR",1967,0,0,0
"ARE",1967,0,0,0
"URY",1967,0,1,1
"VNM",1967,0,0,0
"ZMB",1967,0,0,0
"ZWE",1967,0,0,0
"ALB",1968,0,0,0
"DZA",1968,1,0,1
"AGO",1968,0,0,0
"ARG",1968,0,1,1
"AUS",1968,0,0,0
"AUT",1968,0,0,0
"AZE",1968,0,0,0
"BHR",1968,0,0,0
"BGD",1968,0,0,0
"BLR",1968,0,0,0
"BEL",1968,0,0,0
"BEN",1968,0,0,0
"BIH",1968,0,0,0
"BWA",1968,0,0,0
"BRA",1968,1,1,1
"BGR",1968,0,1,1
"BFA",1968,0,0,0
"BDI",1968,0,0,0
"CPV",1968,0,0,0
"CMR",1968,0,0,0
"CAN",1968,1,1,1
"TCD",1968,0,0,0
"CHL",1968,0,0,0
"CHN",1968,1,1,1
"COL",1968,0,0,0
"CRI",1968,0,0,0
"HRV",1968,0,0,0
"CUB",1968,0,0,0
"CZE",1968,0,0,0
"DNK",1968,1,1,1
"DJI",1968,0,0,0
"DOM",1968,0,0,0
"ECU",1968,0,0,0
"GNQ",1968,0,0,0
"EST",1968,0,0,0
"ETH",1968,1,1,1
"FIN",1968,0,0,0
"FRA",1968,1,1,1
"GAB",1968,0,0,0
"DEU",1968,0,0,0
"GHA",1968,0,0,0
"GRC",1968,0,0,0
"GTM",1968,0,0,0
"GIN",1968,0,0,0
"GNB",1968,0,0,0
"GUY",1968,0,0,0
"HND",1968,0,0,0
"HUN",1968,1,0,1
"IND",1968,1,1,1
"IDN",1968,0,0,0
"IRQ",1968,0,0,0
"IRL",1968,0,0,0
"ITA",1968,0,0,0
"JAM",1968,0,0,0
"JPN",1968,0,1,1
"JOR",1968,0,0,0
"KAZ",1968,0,0,0
"KEN",1968,0,0,0
"KWT",1968,0,0,0
"LVA",1968,0,0,0
"LBN",1968,0,0,0
"LBR",1968,0,0,0
"LBY",1968,0,0,0
"LTU",1968,0,0,0
"LUX",1968,0,0,0
"MDG",1968,0,0,0
"MYS",1968,0,0,0
"MLI",1968,0,1,1
"MLT",1968,0,0,0
"MRT",1968,0,0,0
"MUS",1968,0,0,0
"MEX",1968,0,0,0
"MAR",1968,0,0,0
"MOZ",1968,0,0,0
"NAM",1968,0,0,0
"NPL",1968,0,0,0
"NLD",1968,0,0,0
"NZL",1968,0,0,0
"NIC",1968,0,0,0
"NER",1968,0,0,0
"NGA",1968,0,1,1
"NOR",1968,0,0,0
"OMN",1968,0,0,0
"PAK",1968,1,0,1
"PAN",1968,0,0,0
"PRY",1968,1,0,1
"PER",1968,0,0,0
"PHL",1968,0,0,0
"POL",1968,0,0,0
"PRT",1968,0,0,0
"QAT",1968,0,0,0
"ROU",1968,0,0,0
"RUS",1968,0,0,0
"RWA",1968,0,0,0
"SEN",1968,1,0,1
"SLE",1968,0,0,0
"SGP",1968,0,0,0
"SVN",1968,0,0,0
"ZAF",1968,0,0,0
"ESP",1968,0,0,0
"LKA",1968,0,0,0
"SDN",1968,0,0,0
"SWE",1968,0,0,0
"CHE",1968,0,0,0
"SYR",1968,0,0,0
"THA",1968,0,0,0
"TGO",1968,0,0,0
"TTO",1968,0,0,0
"TUN",1968,0,0,0
"UGA",1968,0,0,0
"UKR",1968,0,0,0
"ARE",1968,0,0,0
"URY",1968,0,0,0
"VNM",1968,0,0,0
"ZMB",1968,0,0,0
"ZWE",1968,0,0,0
"ALB",1969,0,0,0
"DZA",1969,1,1,1
"AGO",1969,0,0,0
"ARG",1969,0,0,0
"AUS",1969,0,0,0
"AUT",1969,0,0,0
"AZE",1969,0,0,0
"BHR",1969,0,0,0
"BGD",1969,0,0,0
"BLR",1969,0,0,0
"BEL",1969,0,0,0
"BEN",1969,0,0,0
"BIH",1969,0,0,0
"BWA",1969,0,0,0
"BRA",1969,0,1,1
"BGR",1969,0,0,0
"BFA",1969,0,0,0
"BDI",1969,0,0,0
"CPV",1969,0,0,0
"CMR",1969,0,0,0
"CAN",1969,0,1,1
"TCD",1969,0,0,0
"CHL",1969,0,0,0
"CHN",1969,1,1,1
"COL",1969,1,0,1
"CRI",1969,0,0,0
"HRV",1969,0,0,0
"CUB",1969,0,0,0
"CZE",1969,0,0,0
"DNK",1969,0,1,1
"DJI",1969,0,0,0
"DOM",1969,0,0,0
"ECU",1969,0,0,0
"GNQ",1969,0,0,0
"EST",1969,0,0,0
"ETH",1969,0,1,1
"FIN",1969,1,0,1
"FRA",1969,1,1,1
"GAB",1969,0,0,0
"DEU",1969,0,0,0
"GHA",1969,0,0,0
"GRC",1969,0,0,0
"GTM",1969,0,0,0
"GIN",1969,0,0,0
"GNB",1969,0,0,0
"GUY",1969,0,0,0
"HND",1969,0,0,0
"HUN",1969,1,1,1
"IND",1969,0,1,1
"IDN",1969,0,0,0
"IRQ",1969,0,0,0
"IRL",1969,0,0,0
"ITA",1969,0,0,0
"JAM",1969,0,0,0
"JPN",1969,0,0,0
"JOR",1969,0,0,0
"KAZ",1969,0,0,0
"KEN",1969,0,0,0
"KWT",1969,0,0,0
"LVA",1969,0,0,0
"LBN",1969,0,0,0
"LBR",1969,0,0,0
"LBY",1969,0,0,0
"LTU",1969,0,0,0
"LUX",1969,0,0,0
"MDG",1969,0,0,0
"MYS",1969,0,0,0
"MLI",1969,0,0,0
"MLT",1969,0,0,0
"MRT",1969,0,0,0
"MUS",1969,0,0,0
"MEX",1969,0,0,0
"MAR",1969,0,0,0
"MOZ",1969,0,0,0
"NAM",1969,0,0,0
"NPL",1969,1,0,1
"NLD",1969,0,0,0
"NZL",1969,0,0,0
"NIC",1969,0,0,0
"NER",1969,0,0,0
"NGA",1969,0,0,0
"NOR",1969,0,0,0
"OMN",1969,0,0,0
"PAK",1969,1,1,1
"PAN",1969,0,0,0
"PRY",1969,1,1,1
"PER",1969,0,0,0
"PHL",1969,0,0,0
"POL",1969,0,0,0
"PRT",1969,0,0,0
"QAT",1969,0,0,0
"ROU",1969,0,0,0
"RUS",1969,0,0,0
"RWA",1969,0,0,0
"SEN",1969,1,1,1
"SLE",1969,0,0,0
"SGP",1969,0,0,0
"SVN",1969,0,0,0
"ZAF",1969,0,0,0
"ESP",1969,1,0,1
"LKA",1969,0,0,0
"SDN",1969,0,0,0
"SWE",1969,0,0,0
"CHE",1969,0,0,0
"SYR",1969,0,0,0
"THA",1969,0,0,0
"TGO",1969,0,0,0
"TTO",1969,0,0,0
"TUN",1969,0,0,0
"UGA",1969,0,0,0
"UKR",1969,0,0,0
"ARE",1969,0,0,0
"URY",1969,0,0,0
"VNM",1969,0,0,0
"ZMB",1969,1,0,1
"ZWE",1969,0,0,0
"ALB",1970,0,0,0
"DZA",1970,0,1,1
"AGO",1970,0,0,0
"ARG",1970,0,0,0
"AUS",1970,0,0,0
"AUT",1970,0,0,0
"AZE",1970,0,0,0
"BHR",1970,0,0,0
"BGD",1970,0,0,0
"BLR",1970,0,0,0
"BEL",1970,0,0,0
"BEN",1970,0,0,0
"BIH",1970,0,0,0
"BWA",1970,0,0,0
"BRA",1970,0,0,0
"BGR",1970,0,0,0
"BFA",1970,0,0,0
"BDI",1970,1,0,1
"CPV",1970,0,0,0
"CMR",1970,0,0,0
"CAN",1970,0,0,0
"TCD",1970,0,0,0
"CHL",1970,0,0,0
"CHN",1970,1,1,1
"COL",1970,1,1,1
"CRI",1970,0,0,0
"HRV",1970,0,0,0
"CUB",1970,0,0,0
"CZE",1970,0,0,0
"DNK",1970,0,0,0
"DJI",1970,0,0,0
"DOM",1970,0,0,0
"ECU",1970,0,0,0
"GNQ",1970,0,0,0
"EST",1970,0,0,0
"ETH",1970,0,0,0
"FIN",1970,1,1,1
"FRA",1970,1,1,1
"GAB",1970,0,0,0
"DEU",1970,0,0,0
"GHA",1970,0,0,0
"GRC",1970,0,0,0
"GTM",1970,0,0,0
"GIN",1970,0,0,0
"GNB",1970,0,0,0
"GUY",1970,0,0,0
"HND",1970,0,0,0
"HUN",1970,0,1,1
"IND",1970,0,0,0
"IDN",1970,0,0,0
"IRQ",1970,0,0,0
"IRL",1970,0,0,0
"ITA",1970,0,0,0
"JAM",1970,0,0,0
"JPN",1970,0,0,0
"JOR",1970,0,0,0
"KAZ",1970,0,0,0
"KEN",1970,0,0,0
"KWT",1970,0,0,0
"LVA",1970,0,0,0
"LBN",1970,0,0,0
"LBR",1970,0,0,0
"LBY",1970,0,0,0
"LTU",1970,0,0,0
"LUX",1970,0,0,0
"MDG",1970,0,0,0
"MYS",1970,0,0,0
"MLI",1970,0,0,0
"MLT",1970,0,0,0
"MRT",1970,0,0,0
"MUS",1970,0,0,0
"MEX",1970,0,0,0
"MAR",1970,0,0,0
"MOZ",1970,0,0,0
"NAM",1970,0,0,0
"NPL",1970,1,1,1
"NLD",1970,0,0,0
"NZL",1970,0,0,0
"NIC",1970,1,0,1
"NER",1970,0,0,0
"NGA",1970,0,0,0
"NOR",1970,0,0,0
"OMN",1970,0,0,0
"PAK",1970,0,1,1
"PAN",1970,0,0,0
"PRY",1970,0,1,1
"PER",1970,0,0,0
"PHL",1970,0,0,0
"POL",1970,1,0,1
"PRT",1970,0,0,0
"QAT",1970,0,0,0
"ROU",1970,0,0,0
"RUS",1970,0,0,0
"RWA",1970,0,0,0
"SEN",1970,0,1,1
"SLE",1970,1,0,1
"SGP",1970,0,0,0
"SVN",1970,0,0,0
"ZAF",1970,0,0,0
"ESP",1970,1,1,1
"LKA",1970,0,0,0
"SDN",1970,0,0,0
"SWE",1970,0,0,0
"CHE",1970,0,0,0
"SYR",1970,1,0,1
"THA",1970,0,0,0
"TGO",1970,0,0,0
"TTO",1970,0,0,0
"TUN",1970,0,0,0
"UGA",1970,0,0,0
"UKR",1970,0,0,0
"ARE",1970,0,0,0
"URY",1970,0,0,0
"VNM",1970,0,0,0
"ZMB",1970,1,1,1
"ZWE",1970,0,0,0
"ALB",1971,0,0,0
"DZA",1971,0,0,0
"AGO",1971,0,0,0
"ARG",1971,1,0,1
"AUS",1971,0,0,0
"AUT",1971,0,0,0
"AZE",1971,0,0,0
"BHR",1971,0,0,0
"BGD",1971,0,0,0
"BLR",1971,0,0,0
"BEL",1971,1,0,1
"BEN",1971,0,0,0
"BIH",1971,0,0,0
"BWA",1971,0,0,0
"BRA",1971,0,0,0
"BGR",1971,0,0,0
"BFA",1971,0,0,0
"BDI",1971,1,1,1
"CPV",1971,0,0,0
"CMR",1971,0,0,0
"CAN",1971,0,0,0
"TCD",1971,0,0,0
"CHL",1971,0,0,0
"CHN",1971,1,1,1
"COL",1971,0,1,1
"CRI",1971,0,0,0
"HRV",1971,0,0,0
"CUB",1971,0,0,0
"CZE",1971,0,0,0
"DNK",1971,0,0,0
"DJI",1971,0,0,0
"DOM",1971,0,0,0
"ECU",1971,0,0,0
"GNQ",1971,0,0,0
"EST",1971,0,0,0
"ETH",1971,0,0,0
"FIN",1971,0,1,1
"FRA",1971,1,1,1
"GAB",1971,0,0,0
"DEU",1971,0,0,0
"GHA",1971,0,0,0
"GRC",1971,0,0,0
"GTM",1971,0,0,0
"GIN",1971,0,0,0
"GNB",1971,0,0,0
"GUY",1971,0,0,0
"HND",1971,0,0,0
"HUN",1971,0,0,0
"IND",1971,0,0,0
"IDN",1971,0,0,0
"IRQ",1971,0,0,0
"IRL",1971,0,0,0
"ITA",1971,1,0,1
"JAM",1971,0,0,0
"JPN",1971,1,0,1
"JOR",1971,0,0,0
"KAZ",1971,0,0,0
"KEN",1971,0,0,0
"KWT",1971,0,0,0
"LVA",1971,0,0,0
"LBN",1971,0,0,0
"LBR",1971,0,0,0
"LBY",1971,0,0,0
"LTU",1971,0,0,0
"LUX",1971,0,0,0
"MDG",1971,0,0,0
"MYS",1971,0,0,0
"MLI",1971,0,0,0
"MLT",1971,0,0,0
"MRT",1971,0,0,0
"MUS",1971,0,0,0
"MEX",1971,0,0,0
"MAR",1971,0,0,0
"MOZ",1971,0,0,0
"NAM",1971,0,0,0
"NPL",1971,0,1,1
"NLD",1971,0,0,0
"NZL",1971,0,0,0
"NIC",1971,1,1,1
"NER",1971,0,0,0
"NGA",1971,0,0,0
"NOR",1971,0,0,0
"OMN",1971,0,0,0
"PAK",1971,0,0,0
"PAN",1971,0,0,0
"PRY",1971,0,0,0
"PER",1971,0,0,0
"PHL",1971,0,0,0
"POL",1971,1,1,1
"PRT",1971,0,0,0
"QAT",1971,0,0,0
"ROU",1971,0,0,0
"RUS",1971,0,0,0
"RWA",1971,0,0,0
"SEN",1971,0,0,0
"SLE",1971,1,1,1
"SGP",1971,0,0,0
"SVN",1971,0,0,0
"ZAF",1971,0,0,0
"ESP",1971,0,1,1
"LKA",1971,0,0,0
"SDN",1971,0,0,0
"SWE",1971,0,0,0
"CHE",1971,0,0,0
"SYR",1971,1,1,1
"THA",1971,0,0,0
"TGO",1971,0,0,0
"TTO",1971,0,0,0
"TUN",1971,0,0,0
"UGA",1971,0,0,0
"UKR",1971,0,0,0
"ARE",1971,0,0,0
"URY",1971,0,0,0
"VNM",1971,0,0,0
"ZMB",1971,0,1,1
"ZWE",1971,0,0,0
"ALB",1972,0,0,0
"DZA",1972,0,0,0
"AGO",1972,0,0,0
"ARG",1972,1,1,1
"AUS",1972,0,0,0
"AUT",1972,0,0,0
"AZE",1972,0,0,0
"BHR",1972,0,0,0
"BGD",1972,0,0,0
"BLR",1972,0,0,0
"BEL",1972,1,1,1
"BEN",1972,0,0,0
"BIH",1972,0,0,0
"BWA",1972,0,0,0
"BRA",1972,0,0,0
"BGR",1972,0,0,0
"BFA",1972,0,0,0
"BDI",1972,0,1,1
"CPV",1972,0,0,0
"CMR",1972,0,0,0
"CAN",1972,0,0,0
"TCD",1972,0,0,0
"CHL",1972,0,0,0
"CHN",1972,1,1,1
"COL",1972,0,0,0
"CRI",1972,0,0,0
"HRV",1972,0,0,0
"CUB",1972,0,0,0
"CZE",1972,0,0,0
"DNK",1972,0,0,0
"DJI",1972,0,0,0
"DOM",1972,0,0,0
"ECU",1972,0,0,0
"GNQ",1972,0,0,0
"EST",1972,0,0,0
"ETH",1972,0,0,0
"FIN",1972,0,0,0
"FRA",1972,1,1,1
"GAB",1972,0,0,0
"DEU",1972,0,0,0
"GHA",1972,0,0,0
"GRC",1972,0,0,0
"GTM",1972,0,0,0
"GIN",1972,1,0,1
"GNB",1972,0,0,0
"GUY",1972,0,0,0
"HND",1972,0,0,0
"HUN",1972,0,0,0
"IND",1972,1,0,1
"IDN",1972,0,0,0
"IRQ",1972,0,0,0
"IRL",1972,0,0,0
"ITA",1972,1,1,1
"JAM",1972,0,0,0
"JPN",1972,1,1,1
"JOR",1972,0,0,0
"KAZ",1972,0,0,0
"KEN",1972,0,0,0
"KWT",1972,0,0,0
"LVA",1972,0,0,0
"LBN",1972,0,0,0
"LBR",1972,0,0,0
"LBY",1972,0,0,0
"LTU",1972,0,0,0
"LUX",1972,0,0,0
"MDG",1972,0,0,0
"MYS",1972,0,0,0
"MLI",1972,0,0,0
"MLT",1972,0,0,0
"MRT",1972,0,0,0
"MUS",1972,0,0,0
"MEX",1972,0,0,0
"MAR",1972,0,0,0
"MOZ",1972,0,0,0
"NAM",1972,0,0,0
"NPL",1972,0,0,0
"NLD",1972,0,0,0
"NZL",1972,0,0,0
"NIC",1972,0,1,1
"NER",1972,0,0,0
"NGA",1972,0,0,0
"NOR",1972,0,0,0
"OMN",1972,0,0,0
"PAK",1972,0,0,0
"PAN",1972,1,0,1
"PRY",1972,0,0,0
"PER",1972,0,0,0
"PHL",1972,0,0,0
"POL",1972,0,1,1
"PRT",1972,0,0,0
"QAT",1972,0,0,0
"ROU",1972,0,0,0
"RUS",1972,0,0,0
"RWA",1972,0,0,0
"SEN",1972,0,0,0
"SLE",1972,0,1,1
"SGP",1972,0,0,0
"SVN",1972,0,0,0
"ZAF",1972,0,0,0
"ESP",1972,0,0,0
"LKA",1972,0,0,0
"SDN",1972,1,0,1
"SWE",1972,0,0,0
"CHE",1972,0,0,0
"SYR",1972,0,1,1
"THA",1972,0,0,0
"TGO",1972,0,0,0
"TTO",1972,0,0,0
"TUN",1972,0,0,0
"UGA",1972,0,0,0
"UKR",1972,0,0,0
"ARE",1972,0,0,0
"URY",1972,0,0,0
"VNM",1972,0,0,0
"ZMB",1972,0,0,0
"ZWE",1972,0,0,0
"ALB",1973,0,0,0
"DZA",1973,0,0,0
"AGO",1973,0,0,0
"ARG",1973,0,1,1
"AUS",1973,1,0,1
"AUT",1973,1,0,1
"AZE",1973,0,0,0
"BHR",1973,0,0,0
"BGD",1973,0,0,0
"BLR",1973,0,0,0
"BEL",1973,0,1,1
"BEN",1973,0,0,0
"BIH",1973,0,0,0
"BWA",1973,0,0,0
"BRA",1973,0,0,0
"BGR",1973,0,0,0
"BFA",1973,0,0,0
"BDI",1973,0,0,0
"CPV",1973,0,0,0
"CMR",1973,0,0,0
"CAN",1973,0,0,0
"TCD",1973,0,0,0
"CHL",1973,0,0,0
"CHN",1973,1,1,1
"COL",1973,0,0,0
"CRI",1973,0,0,0
"HRV",1973,0,0,0
"CUB",1973,0,0,0
"CZE",1973,0,0,0
"DNK",1973,0,0,0
"DJI",1973,0,0,0
"DOM",1973,0,0,0
"ECU",1973,0,0,0
"GNQ",1973,0,0,0
"EST",1973,0,0,0
"ETH",1973,0,0,0
"FIN",1973,0,0,0
"FRA",1973,1,1,1
"GAB",1973,0,0,0
"DEU",1973,0,0,0
"GHA",1973,0,0,0
"GRC",1973,0,0,0
"GTM",1973,0,0,0
"GIN",1973,1,1,1
"GNB",1973,0,0,0
"GUY",1973,0,0,0
"HND",1973,0,0,0
"HUN",1973,0,0,0
"IND",1973,1,1,1
"IDN",1973,1,0,1
"IRQ",1973,0,0,0
"IRL",1973,0,0,0
"ITA",1973,0,1,1
"JAM",1973,0,0,0
"JPN",1973,0,1,1
"JOR",1973,0,0,0
"KAZ",1973,0,0,0
"KEN",1973,1,0,1
"KWT",1973,0,0,0
"LVA",1973,0,0,0
"LBN",1973,0,0,0
"LBR",1973,0,0,0
"LBY",1973,0,0,0
"LTU",1973,0,0,0
"LUX",1973,0,0,0
"MDG",1973,0,0,0
"MYS",1973,0,0,0
"MLI",1973,0,0,0
"MLT",1973,0,0,0
"MRT",1973,0,0,0
"MUS",1973,0,0,0
"MEX",1973,0,0,0
"MAR",1973,0,0,0
"MOZ",1973,0,0,0
"NAM",1973,0,0,0
"NPL",1973,0,0,0
"NLD",1973,0,0,0
"NZL",1973,0,0,0
"NIC",1973,0,0,0
"NER",1973,0,0,0
"NGA",1973,0,0,0
"NOR",1973,0,0,0
"OMN",1973,0,0,0
"PAK",1973,0,0,0
"PAN",1973,1,1,1
"PRY",1973,0,0,0
"PER",1973,1,0,1
"PHL",1973,0,0,0
"POL",1973,0,0,0
"PRT",1973,0,0,0
"QAT",1973,0,0,0
"ROU",1973,0,0,0
"RUS",1973,0,0,0
"RWA",1973,0,0,0
"SEN",1973,0,0,0
"SLE",1973,0,0,0
"SGP",1973,0,0,0
"SVN",1973,0,0,0
"ZAF",1973,0,0,0
"ESP",1973,0,0,0
"LKA",1973,0,0,0
"SDN",1973,1,1,1
"SWE",1973,0,0,0
"CHE",1973,0,0,0
"SYR",1973,0,0,0
"THA",1973,0,0,0
"TGO",1973,0,0,0
"TTO",1973,0,0,0
"TUN",1973,0,0,0
"UGA",1973,0,0,0
"UKR",1973,0,0,0
"ARE",1973,0,0,0
"URY",1973,0,0,0
"VNM",1973,0,0,0
"ZMB",1973,0,0,0
"ZWE",1973,0,0,0
"ALB",1974,0,0,0
"DZA",1974,0,0,0
"AGO",1974,0,0,0
"ARG",1974,0,0,0
"AUS",1974,1,1,1
"AUT",1974,1,1,1
"AZE",1974,0,0,0
"BHR",1974,0,0,0
"BGD",1974,0,0,0
"BLR",1974,1,0,1
"BEL",1974,0,0,0
"BEN",1974,0,0,0
"BIH",1974,0,0,0
"BWA",1974,0,0,0
"BRA",1974,0,0,0
"BGR",1974,0,0,0
"BFA",1974,0,0,0
"BDI",1974,0,0,0
"CPV",1974,0,0,0
"CMR",1974,1,0,1
"CAN",1974,0,0,0
"TCD",1974,0,0,0
"CHL",1974,0,0,0
"CHN",1974,1,1,1
"COL",1974,0,0,0
"CRI",1974,1,0,1
"HRV",1974,0,0,0
"CUB",1974,0,0,0
"CZE",1974,0,0,0
"DNK",1974,0,0,0
"DJI",1974,0,0,0
"DOM",1974,0,0,0
"ECU",1974,0,0,0
"GNQ",1974,0,0,0
"EST",1974,0,0,0
"ETH",1974,0,0,0
"FIN",1974,0,0,0
"FRA",1974,1,1,1
"GAB",1974,0,0,0
"DEU",1974,0,0,0
"GHA",1974,0,0,0
"GRC",1974,0,0,0
"GTM",1974,0,0,0
"GIN",1974,0,1,1
"GNB",1974,0,0,0
"GUY",1974,0,0,0
"HND",1974,0,0,0
"HUN",1974,0,0,0
"IND",1974,0,1,1
"IDN",1974,1,1,1
"IRQ",1974,1,0,1
"IRL",1974,0,0,0
"ITA",1974,0,0,0
"JAM",1974,0,0,0
"JPN",1974,0,0,0
"JOR",1974,0,0,0
"KAZ",1974,0,0,0
"KEN",1974,1,1,1
"KWT",1974,0,0,0
"LVA",1974,0,0,0
"LBN",1974,0,0,0
"LBR",1974,0,0,0
"LBY",1974,0,0,0
"LTU",1974,0,0,0
"LUX",1974,0,0,0
"MDG",1974,0,0,0
"MYS",1974,0,0,0
"MLI",1974,0,0,0
"MLT",1974,0,0,0
"MRT",1974,1,0,1
"MUS",1974,0,0,0
"MEX",1974,0,0,0
"MAR",1974,0,0,0
"MOZ",1974,0,0,0
"NAM",1974,0,0,0
"NPL",1974,0,0,0
"NLD",1974,0,0,0
"NZL",1974,0,0,0
"NIC",1974,0,0,0
"NER",1974,0,0,0
"NGA",1974,0,0,0
"NOR",1974,0,0,0
"OMN",1974,0,0,0
"PAK",1974,0,0,0
"PAN",1974,0,1,1
"PRY",1974,0,0,0
"PER",1974,1,1,1
"PHL",1974,0,0,0
"POL",1974,0,0,0
"PRT",1974,0,0,0
"QAT",1974,0,0,0
"ROU",1974,0,0,0
"RUS",1974,0,0,0
"RWA",1974,0,0,0
"SEN",1974,0,0,0
"SLE",1974,0,0,0
"SGP",1974,0,0,0
"SVN",1974,0,0,0
"ZAF",1974,0,0,0
"ESP",1974,0,0,0
"LKA",1974,0,0,0
"SDN",1974,0,1,1
"SWE",1974,0,0,0
"CHE",1974,0,0,0
"SYR",1974,0,0,0
"THA",1974,0,0,0
"TGO",1974,0,0,0
"TTO",1974,0,0,0
"TUN",1974,0,0,0
"UGA",1974,0,0,0
"UKR",1974,0,0,0
"ARE",1974,0,0,0
"URY",1974,0,0,0
"VNM",1974,0,0,0
"ZMB",1974,0,0,0
"ZWE",1974,0,0,0
"ALB",1975,0,0,0
"DZA",1975,0,0,0
"AGO",1975,0,0,0
"ARG",1975,0,0,0
"AUS",1975,0,1,1
"AUT",1975,0,1,1
"AZE",1975,0,0,0
"BHR",1975,0,0,0
"BGD",1975,0,0,0
"BLR",1975,1,1,1
"BEL",1975,0,0,0
"BEN",1975,0,0,0
"BIH",1975,0,0,0
"BWA",1975,0,0,0
"BRA",1975,0,0,0
"BGR",1975,0,0,0
"BFA",1975,0,0,0
"BDI",1975,0,0,0
"CPV",1975,0,0,0
"CMR",1975,1,1,1
"CAN",1975,0,0,0
"TCD",1975,0,0,0
"CHL",1975,0,0,0
"CHN",1975,1,1,1
"COL",1975,0,0,0
"CRI",1975,1,1,1
"HRV",1975,0,0,0
"CUB",1975,0,0,0
"CZE",1975,0,0,0
"DNK",1975,0,0,0
"DJI",1975,0,0,0
"DOM",1975,0,0,0
"ECU",1975,0,0,0
"GNQ",1975,0,0,0
"EST",1975,0,0,0
"ETH",1975,0,0,0
"FIN",1975,0,0,0
"FRA",1975,1,1,1
"GAB",1975,0,0,0
"DEU",1975,0,0,0
"GHA",1975,0,0,0
"GRC",1975,0,0,0
"GTM",1975,0,0,0
"GIN",1975,0,0,0
"GNB",1975,0,0,0
"GUY",1975,1,0,1
"HND",1975,0,0,0
"HUN",1975,0,0,0
"IND",1975,0,0,0
"IDN",1975,0,1,1
"IRQ",1975,1,1,1
"IRL",1975,0,0,0
"ITA",1975,1,0,1
"JAM",1975,0,0,0
"JPN",1975,1,0,1
"JOR",1975,0,0,0
"KAZ",1975,0,0,0
"KEN",1975,0,1,1
"KWT",1975,0,0,0
"LVA",1975,0,0,0
"LBN",1975,0,0,0
"LBR",1975,0,0,0
"LBY",1975,0,0,0
"LTU",1975,0,0,0
"LUX",1975,0,0,0
"MDG",1975,0,0,0
"MYS",1975,0,0,0
"MLI",1975,0,0,0
"MLT",1975,0,0,0
"MRT",1975,1,1,1
"MUS",1975,0,0,0
"MEX",1975,0,0,0
"MAR",1975,0,0,0
"MOZ",1975,0,0,0
"NAM",1975,0,0,0
"NPL",1975,0,0,0
"NLD",1975,0,0,0
"NZL",1975,0,0,0
"NIC",1975,0,0,0
"NER",1975,0,0,0
"NGA",1975,0,0,0
"NOR",1975,0,0,0
"OMN",1975,0,0,0
"PAK",1975,0,0,0
"PAN",1975,0,0,0
"PRY",1975,0,0,0
"PER",1975,0,1,1
"PHL",1975,0,0,0
"POL",1975,0,0,0
"PRT",1975,0,0,0
"QAT",1975,0,0,0
"ROU",1975,0,0,0
"RUS",1975,0,0,0
"RWA",1975,0,0,0
"SEN",1975,0,0,0
"SLE",1975,0,0,0
"SGP",1975,0,0,0
"SVN",1975,0,0,0
"ZAF",1975,0,0,0
"ESP",1975,0,0,0
"LKA",1975,0,0,0
"SDN",1975,0,0,0
"SWE",1975,1,0,1
"CHE",1975,0,0,0
"SYR",1975,0,0,0
"THA",1975,0,0,0
"TGO",1975,0,0,0
"TTO",1975,0,0,0
"TUN",1975,0,0,0
"UGA",1975,0,0,0
"UKR",1975,0,0,0
"ARE",1975,0,0,0
"URY",1975,0,0,0
"VNM",1975,0,0,0
"ZMB",1975,0,0,0
"ZWE",1975,0,0,0
"ALB",1976,0,0,0
"DZA",1976,0,0,0
"AGO",1976,0,0,0
"ARG",1976,0,0,0
"AUS",1976,0,0,0
"AUT",1976,0,0,0
"AZE",1976,0,0,0
"BHR",1976,0,0,0
"BGD",1976,0,0,0
"BLR",1976,0,1,1
"BEL",1976,0,0,0
"BEN",1976,1,0,1
"BIH",1976,0,0,0
"BWA",1976,0,0,0
"BRA",1976,0,0,0
"BGR",1976,0,0,0
"BFA",1976,0,0,0
"BDI",1976,0,0,0
"CPV",1976,0,0,0
"CMR",1976,0,1,1
"CAN",1976,0,0,0
"TCD",1976,0,0,0
"CHL",1976,0,0,0
"CHN",1976,1,1,1
"COL",1976,0,0,0
"CRI",1976,0,1,1
"HRV",1976,0,0,0
"CUB",1976,0,0,0
"CZE",1976,0,0,0
"DNK",1976,0,0,0
"DJI",1976,0,0,0
"DOM",1976,0,0,0
"ECU",1976,0,0,0
"GNQ",1976,0,0,0
"EST",1976,0,0,0
"ETH",1976,0,0,0
"FIN",1976,0,0,0
"FRA",1976,1,1,1
"GAB",1976,0,0,0
"DEU",1976,0,0,0
"GHA",1976,0,0,0
"GRC",1976,0,0,0
"GTM",1976,0,0,0
"GIN",1976,0,0,0
"GNB",1976,0,0,0
"GUY",1976,1,1,1
"HND",1976,0,0,0
"HUN",1976,0,0,0
"IND",1976,0,0,0
"IDN",1976,0,0,0
"IRQ",1976,0,1,1
"IRL",1976,0,0,0
"ITA",1976,1,1,1
"JAM",1976,0,0,0
"JPN",1976,1,1,1
"JOR",1976,0,0,0
"KAZ",1976,0,0,0
"KEN",1976,0,0,0
"KWT",1976,0,0,0
"LVA",1976,0,0,0
"LBN",1976,0,0,0
"LBR",1976,0,0,0
"LBY",1976,1,0,1
"LTU",1976,0,0,0
"LUX",1976,0,0,0
"MDG",1976,0,0,0
"MYS",1976,0,0,0
"MLI",1976,0,0,0
"MLT",1976,0,0,0
"MRT",1976,0,1,1
"MUS",1976,0,0,0
"MEX",1976,0,0,0
"MAR",1976,0,0,0
"MOZ",1976,0,0,0
"NAM",1976,0,0,0
"NPL",1976,0,0,0
"NLD",1976,0,0,0
"NZL",1976,0,0,0
"NIC",1976,0,0,0
"NER",1976,0,0,0
"NGA",1976,0,0,0
"NOR",1976,0,0,0
"OMN",1976,0,0,0
"PAK",1976,1,0,1
"PAN",1976,1,0,1
"PRY",1976,0,0,0
"PER",1976,0,0,0
"PHL",1976,0,0,0
"POL",1976,0,0,0
"PRT",1976,0,0,0
"QAT",1976,0,0,0
"ROU",1976,1,0,1
"RUS",1976,0,0,0
"RWA",1976,0,0,0
"SEN",1976,0,0,0
"SLE",1976,0,0,0
"SGP",1976,0,0,0
"SVN",1976,0,0,0
"ZAF",1976,0,0,0
"ESP",1976,0,0,0
"LKA",1976,0,0,0
"SDN",1976,0,0,0
"SWE",1976,1,1,1
"CHE",1976,0,0,0
"SYR",1976,0,0,0
"THA",1976,0,0,0
"TGO",1976,0,0,0
"TTO",1976,0,0,0
"TUN",1976,0,0,0
"UGA",1976,0,0,0
"UKR",1976,0,0,0
"ARE",1976,0,0,0
"URY",1976,0,0,0
"VNM",1976,0,0,0
"ZMB",1976,0,0,0
"ZWE",1976,0,0,0
"ALB",1977,0,0,0
"DZA",1977,0,0,0
"AGO",1977,0,0,0
"ARG",1977,0,0,0
"AUS",1977,0,0,0
"AUT",1977,0,0,0
"AZE",1977,0,0,0
"BHR",1977,0,0,0
"BGD",1977,0,0,0
"BLR",1977,0,0,0
"BEL",1977,0,0,0
"BEN",1977,1,1,1
"BIH",1977,0,0,0
"BWA",1977,0,0,0
"BRA",1977,0,0,0
"BGR",1977,0,0,0
"BFA",1977,0,0,0
"BDI",1977,0,0,0
"CPV",1977,0,0,0
"CMR",1977,0,0,0
"CAN",1977,1,0,1
"TCD",1977,0,0,0
"CHL",1977,0,0,0
"CHN",1977,1,1,1
"COL",1977,0,0,0
"CRI",1977,0,0,0
"HRV",1977,0,0,0
"CUB",1977,0,0,0
"CZE",1977,0,0,0
"DNK",1977,0,0,0
"DJI",1977,0,0,0
"DOM",1977,0,0,0
"ECU",1977,0,0,0
"GNQ",1977,0,0,0
"EST",1977,0,0,0
"ETH",1977,0,0,0
"FIN",1977,0,0,0
"FRA",1977,1,1,1
"GAB",1977,0,0,0
"DEU",1977,0,0,0
"GHA",1977,0,0,0
"GRC",1977,0,0,0
"GTM",1977,0,0,0
"GIN",1977,0,0,0
"GNB",1977,0,0,0
"GUY",1977,0,1,1
"HND",1977,0,0,0
"HUN",1977,0,0,0
"IND",1977,1,0,1
"IDN",1977,0,0,0
"IRQ",1977,0,0,0
"IRL",1977,0,0,0
"ITA",1977,0,1,1
"JAM",1977,0,0,0
"JPN",1977,0,1,1
"JOR",1977,0,0,0
"KAZ",1977,0,0,0
"KEN",1977,0,0,0
"KWT",1977,0,0,0
"LVA",1977,0,0,0
"LBN",1977,0,0,0
"LBR",1977,0,0,0
"LBY",1977,1,1,1
"LTU",1977,0,0,0
"LUX",1977,0,0,0
"MDG",1977,0,0,0
"MYS",1977,0,0,0
"MLI",1977,0,0,0
"MLT",1977,0,0,0
"MRT",1977,0,0,0
"MUS",1977,1,0,1
"MEX",1977,0,0,0
"MAR",1977,0,0,0
"MOZ",1977,0,0,0
"NAM",1977,0,0,0
"NPL",1977,0,0,0
"NLD",1977,0,0,0
"NZL",1977,0,0,0
"NIC",1977,0,0,0
"NER",1977,0,0,0
"NGA",1977,0,0,0
"NOR",1977,0,0,0
"OMN",1977,0,0,0
"PAK",1977,1,1,1
"PAN",1977,1,1,1
"PRY",1977,0,0,0
"PER",1977,0,0,0
"PHL",1977,0,0,0
"POL",1977,0,0,0
"PRT",1977,0,0,0
"QAT",1977,0,0,0
"ROU",1977,1,1,1
"RUS",1977,0,0,0
"RWA",1977,0,0,0
"SEN",1977,0,0,0
"SLE",1977,0,0,0
"SGP",1977,0,0,0
"SVN",1977,0,0,0
"ZAF",1977,0,0,0
"ESP",1977,0,0,0
"LKA",1977,0,0,0
"SDN",1977,0,0,0
"SWE",1977,0,1,1
"CHE",1977,0,0,0
"SYR",1977,0,0,0
"THA",1977,0,0,0
"TGO",1977,0,0,0
"TTO",1977,0,0,0
"TUN",1977,0,0,0
"UGA",1977,0,0,0
"UKR",1977,0,0,0
"ARE",1977,0,0,0
"URY",1977,0,0,0
"VNM",1977,0,0,0
"ZMB",1977,0,0,0
"ZWE",1977,0,0,0
"ALB",1978,0,0,0
"DZA",1978,0,0,0
"AGO",1978,0,0,0
"ARG",1978,0,0,0
"AUS",1978,0,0,0
"AUT",1978,0,0,0
"AZE",1978,0,0,0
"BHR",1978,0,0,0
"BGD",1978,0,0,0
"BLR",1978,0,0,0
"BEL",1978,0,0,0
"BEN",1978,0,1,1
"BIH",1978,0,0,0
"BWA",1978,0,0,0
"BRA",1978,0,0,0
"BGR",1978,0,0,0
"BFA",1978,0,0,0
"BDI",1978,0,0,0
"CPV",1978,0,0,0
"CMR",1978,0,0,0
"CAN",1978,1,1,1
"TCD",1978,0,0,0
"CHL",1978,0,0,0
"CHN",1978,1,1,1
"COL",1978,0,0,0
"CRI",1978,0,0,0
"HRV",1978,0,0,0
"CUB",1978,0,0,0
"CZE",1978,0,0,0
"DNK",1978,0,0,0
"DJI",1978,0,0,0
"DOM",1978,0,0,0
"ECU",1978,0,0,0
"GNQ",1978,0,0,0
"EST",1978,0,0,0
"ETH",1978,0,0,0
"FIN",1978,0,0,0
"FRA",1978,1,1,1
"GAB",1978,1,0,1
"DEU",1978,0,0,0
"GHA",1978,0,0,0
"GRC",1978,0,0,0
"GTM",1978,0,0,0
"GIN",1978,0,0,0
"GNB",1978,0,0,0
"GUY",1978,0,0,0
"HND",1978,0,0,0
"HUN",1978,0,0,0
"IND",1978,1,1,1
"IDN",1978,0,0,0
"IRQ",1978,0,0,0
"IRL",1978,0,0,0
"ITA",1978,0,0,0
"JAM",1978,0,0,0
"JPN",1978,0,0,0
"JOR",1978,0,0,0
"KAZ",1978,0,0,0
"KEN",1978,0,0,0
"KWT",1978,1,0,1
"LVA",1978,0,0,0
"LBN",1978,0,0,0
"LBR",1978,0,0,0
"LBY",1978,0,1,1
"LTU",1978,0,0,0
"LUX",1978,0,0,0
"MDG",1978,0,0,0
"MYS",1978,0,0,0
"MLI",1978,0,0,0
"MLT",1978,0,0,0
"MRT",1978,0,0,0
"MUS",1978,1,1,1
"MEX",1978,0,0,0
"MAR",1978,0,0,0
"MOZ",1978,0,0,0
"NAM",1978,0,0,0
"NPL",1978,0,0,0
"NLD",1978,0,0,0
"NZL",1978,0,0,0
"NIC",1978,0,0,0
"NER",1978,0,0,0
"NGA",1978,1,0,1
"NOR",1978,0,0,0
"OMN",1978,0,0,0
"PAK",1978,0,1,1
"PAN",1978,0,1,1
"PRY",1978,0,0,0
"PER",1978,0,0,0
"PHL",1978,0,0,0
"POL",1978,0,0,0
"PRT",1978,0,0,0
"QAT",1978,0,0,0
"ROU",1978,0,1,1
"RUS",1978,0,0,0
"RWA",1978,0,0,0
"SEN",1978,0,0,0
"SLE",1978,0,0,0
"SGP",1978,0,0,0
"SVN",1978,0,0,0
"ZAF",1978,0,0,0
"ESP",1978,0,0,0
"LKA",1978,0,0,0
"SDN",1978,0,0,0
"SWE",1978,0,0,0
"CHE",1978,0,0,0
"SYR",1978,0,0,0
"THA",1978,0,0,0
"TGO",1978,0,0,0
"TTO",1978,0,0,0
"TUN",1978,0,0,0
"UGA",1978,0,0,0
"UKR",1978,0,0,0
"ARE",1978,0,0,0
"URY",1978,0,0,0
"VNM",1978,0,0,0
"ZMB",1978,0,0,0
"ZWE",1978,0,0,0
"ALB",1979,0,0,0
"DZA",1979,0,0,0
"AGO",1979,0,0,0
"ARG",1979,0,0,0
"AUS",1979,0,0,0
"AUT",1979,0,0,0
"AZE",1979,0,0,0
"BHR",1979,0,0,0
"BGD",1979,1,0,1
"BLR",1979,0,0,0
"BEL",1979,0,0,0
"BEN",1979,0,0,0
"BIH",1979,0,0,0
"BWA",1979,0,0,0
"BRA",1979,0,0,0
"BGR",1979,0,0,0
"BFA",1979,0,0,0
"BDI",1979,0,0,0
"CPV",1979,0,0,0
"CMR",1979,0,0,0
"CAN",1979,0,1,1
"TCD",1979,0,0,0
"CHL",1979,0,0,0
"CHN",1979,1,1,1
"COL",1979,0,0,0
"CRI",1979,0,0,0
"HRV",1979,0,0,0
"CUB",1979,0,0,0
"CZE",1979,0,0,0
"DNK",1979,0,0,0
"DJI",1979,0,0,0
"DOM",1979,0,0,0
"ECU",1979,0,0,0
"GNQ",1979,0,0,0
"EST",1979,0,0,0
"ETH",1979,0,0,0
"FIN",1979,0,0,0
"FRA",1979,1,1,1
"GAB",1979,1,1,1
"DEU",1979,0,0,0
"GHA",1979,0,0,0
"GRC",1979,0,0,0
"GTM",1979,0,0,0
"GIN",1979,0,0,0
"GNB",1979,0,0,0
"GUY",1979,0,0,0
"HND",1979,0,0,0
"HUN",1979,0,0,0
"IND",1979,0,1,1
"IDN",1979,0,0,0
"IRQ",1979,0,0,0
"IRL",1979,0,0,0
"ITA",1979,0,0,0
"JAM",1979,1,0,1
"JPN",1979,0,0,0
"JOR",1979,0,0,0
"KAZ",1979,0,0,0
"KEN",1979,0,0,0
"KWT",1979,1,1,1
"LVA",1979,0,0,0
"LBN",1979,0,0,0
"LBR",1979,0,0,0
"LBY",1979,0,0,0
"LTU",1979,0,0,0
"LUX",1979,0,0,0
"MDG",1979,0,0,0
"MYS",1979,0,0,0
"MLI",1979,0,0,0
"MLT",1979,0,0,0
"MRT",1979,0,0,0
"MUS",1979,0,1,1
"MEX",1979,0,0,0
"MAR",1979,0,0,0
"MOZ",1979,0,0,0
"NAM",1979,0,0,0
"NPL",1979,0,0,0
"NLD",1979,0,0,0
"NZL",1979,0,0,0
"NIC",1979,0,0,0
"NER",1979,0,0,0
"NGA",1979,1,1,1
"NOR",1979,1,0,1
"OMN",1979,0,0,0
"PAK",1979,0,0,0
"PAN",1979,0,0,0
"PRY",1979,0,0,0
"PER",1979,0,0,0
"PHL",1979,0,0,0
"POL",1979,0,0,0
"PRT",1979,1,0,1
"QAT",1979,0,0,0
"ROU",1979,0,0,0
"RUS",1979,0,0,0
"RWA",1979,0,0,0
"SEN",1979,0,0,0
"SLE",1979,0,0,0
"SGP",1979,0,0,0
"SVN",1979,0,0,0
"ZAF",1979,0,0,0
"ESP",1979,0,0,0
"LKA",1979,0,0,0
"SDN",1979,0,0,0
"SWE",1979,0,0,0
"CHE",1979,0,0,0
"SYR",1979,0,0,0
"THA",1979,0,0,0
"TGO",1979,0,0,0
"TTO",1979,0,0,0
"TUN",1979,0,0,0
"UGA",1979,0,0,0
"UKR",1979,0,0,0
"ARE",1979,0,0,0
"URY",1979,0,0,0
"VNM",1979,0,0,0
"ZMB",1979,1,0,1
"ZWE",1979,0,0,0
"ALB",1980,0,0,0
"DZA",1980,0,0,0
"AGO",1980,0,0,0
"ARG",1980,0,0,0
"AUS",1980,0,0,0
"AUT",1980,0,0,0
"AZE",1980,0,0,0
"BHR",1980,0,0,0
"BGD",1980,1,1,1
"BLR",1980,0,0,0
"BEL",1980,0,0,0
"BEN",1980,0,0,0
"BIH",1980,0,0,0
"BWA",1980,0,0,0
"BRA",1980,0,0,0
"BGR",1980,0,0,0
"BFA",1980,0,0,0
"BDI",1980,0,0,0
"CPV",1980,0,0,0
"CMR",1980,0,0,0
"CAN",1980,0,0,0
"TCD",1980,0,0,0
"CHL",1980,0,0,0
"CHN",1980,1,1,1
"COL",1980,0,0,0
"CRI",1980,0,0,0
"HRV",1980,0,0,0
"CUB",1980,0,0,0
"CZE",1980,0,0,0
"DNK",1980,0,0,0
"DJI",1980,0,0,0
"DOM",1980,0,0,0
"ECU",1980,0,0,0
"GNQ",1980,0,0,0
"EST",1980,0,0,0
"ETH",1980,0,0,0
"FIN",1980,0,0,0
"FRA",1980,1,1,1
"GAB",1980,0,1,1
"DEU",1980,0,0,0
"GHA",1980,0,0,0
"GRC",1980,0,0,0
"GTM",1980,0,0,0
"GIN",1980,0,0,0
"GNB",1980,0,0,0
"GUY",1980,0,0,0
"HND",1980,0,0,0
"HUN",1980,0,0,0
"IND",1980,0,0,0
"IDN",1980,0,0,0
"IRQ",1980,0,0,0
"IRL",1980,0,0,0
"ITA",1980,0,0,0
"JAM",1980,1,1,1
"JPN",1980,0,0,0
"JOR",1980,0,0,0
"KAZ",1980,0,0,0
"KEN",1980,0,0,0
"KWT",1980,0,1,1
"LVA",1980,0,0,0
"LBN",1980,0,0,0
"LBR",1980,0,0,0
"LBY",1980,0,0,0
"LTU",1980,0,0,0
"LUX",1980,0,0,0
"MDG",1980,0,0,0
"MYS",1980,0,0,0
"MLI",1980,0,0,0
"MLT",1980,0,0,0
"MRT",1980,0,0,0
"MUS",1980,0,0,0
"MEX",1980,1,0,1
"MAR",1980,0,0,0
"MOZ",1980,0,0,0
"NAM",1980,0,0,0
"NPL",1980,0,0,0
"NLD",1980,0,0,0
"NZL",1980,0,0,0
"NIC",1980,0,0,0
"NER",1980,1,0,1
"NGA",1980,0,1,1
"NOR",1980,1,1,1
"OMN",1980,0,0,0
"PAK",1980,0,0,0
"PAN",1980,0,0,0
"PRY",1980,0,0,0
"PER",1980,0,0,0
"PHL",1980,1,0,1
"POL",1980,0,0,0
"PRT",1980,1,1,1
"QAT",1980,0,0,0
"ROU",1980,0,0,0
"RUS",1980,0,0,0
"RWA",1980,0,0,0
"SEN",1980,0,0,0
"SLE",1980,0,0,0
"SGP",1980,0,0,0
"SVN",1980,0,0,0
"ZAF",1980,0,0,0
"ESP",1980,0,0,0
"LKA",1980,0,0,0
"SDN",1980,0,0,0
"SWE",1980,0,0,0
"CHE",1980,0,0,0
"SYR",1980,0,0,0
"THA",1980,0,0,0
"TGO",1980,0,0,0
"TTO",1980,0,0,0
"TUN",1980,1,0,1
"UGA",1980,0,0,0
"UKR",1980,0,0,0
"ARE",1980,0,0,0
"URY",1980,0,0,0
"VNM",1980,0,0,0
"ZMB",1980,1,1,1
"ZWE",1980,0,0,0
"ALB",1981,0,0,0
"DZA",1981,0,0,0
"AGO",1981,0,0,0
"ARG",1981,0,0,0
"AUS",1981,0,0,0
"AUT",1981,0,0,0
"AZE",1981,0,0,0
"BHR",1981,0,0,0
"BGD",1981,0,1,1
"BLR",1981,0,0,0
"BEL",1981,0,0,0
"BEN",1981,0,0,0
"BIH",1981,0,0,0
"BWA",1981,0,0,0
"BRA",1981,0,0,0
"BGR",1981,0,0,0
"BFA",1981,0,0,0
"BDI",1981,0,0,0
"CPV",1981,0,0,0
"CMR",1981,0,0,0
"CAN",1981,0,0,0
"TCD",1981,0,0,0
"CHL",1981,0,0,0
"CHN",1981,1,1,1
"COL",1981,0,0,0
"CRI",1981,0,0,0
"HRV",1981,0,0,0
"CUB",1981,0,0,0
"CZE",1981,0,0,0
"DNK",1981,0,0,0
"DJI",1981,0,0,0
"DOM",1981,0,0,0
"ECU",1981,0,0,0
"GNQ",1981,0,0,0
"EST",1981,0,0,0
"ETH",1981,0,0,0
"FIN",1981,0,0,0
"FRA",1981,1,1,1
"GAB",1981,0,0,0
"DEU",1981,0,0,0
"GHA",1981,0,0,0
"GRC",1981,0,0,0
"GTM",1981,0,0,0
"GIN",1981,0,0,0
"GNB",1981,0,0,0
"GUY",1981,0,0,0
"HND",1981,0,0,0
"HUN",1981,0,0,0
"IND",1981,0,0,0
"IDN",1981,0,0,0
"IRQ",1981,0,0,0
"IRL",1981,1,0,1
"ITA",1981,0,0,0
"JAM",1981,0,1,1
"JPN",1981,1,0,1
"JOR",1981,0,0,0
"KAZ",1981,0,0,0
"KEN",1981,0,0,0
"KWT",1981,0,0,0
"LVA",1981,0,0,0
"LBN",1981,0,0,0
"LBR",1981,0,0,0
"LBY",1981,0,0,0
"LTU",1981,0,0,0
"LUX",1981,0,0,0
"MDG",1981,0,0,0
"MYS",1981,0,0,0
"MLI",1981,0,0,0
"MLT",1981,0,0,0
"MRT",1981,0,0,0
"MUS",1981,0,0,0
"MEX",1981,1,1,1
"MAR",1981,0,0,0
"MOZ",1981,0,0,0
"NAM",1981,0,0,0
"NPL",1981,0,0,0
"NLD",1981,0,0,0
"NZL",1981,0,0,0
"NIC",1981,0,0,0
"NER",1981,1,1,1
"NGA",1981,0,0,0
"NOR",1981,0,1,1
"OMN",1981,0,0,0
"PAK",1981,0,0,0
"PAN",1981,1,0,1
"PRY",1981,0,0,0
"PER",1981,0,0,0
"PHL",1981,1,1,1
"POL",1981,0,0,0
"PRT",1981,0,1,1
"QAT",1981,0,0,0
"ROU",1981,0,0,0
"RUS",1981,0,0,0
"RWA",1981,0,0,0
"SEN",1981,0,0,0
"SLE",1981,0,0,0
"SGP",1981,0,0,0
"SVN",1981,0,0,0
"ZAF",1981,0,0,0
"ESP",1981,1,0,1
"LKA",1981,0,0,0
"SDN",1981,0,0,0
"SWE",1981,0,0,0
"CHE",1981,0,0,0
"SYR",1981,0,0,0
"THA",1981,0,0,0
"TGO",1981,0,0,0
"TTO",1981,0,0,0
"TUN",1981,1,1,1
"UGA",1981,1,0,1
"UKR",1981,0,0,0
"ARE",1981,0,0,0
"URY",1981,0,0,0
"VNM",1981,0,0,0
"ZMB",1981,0,1,1
"ZWE",1981,0,0,0
"ALB",1982,0,0,0
"DZA",1982,0,0,0
"AGO",1982,0,0,0
"ARG",1982,0,0,0
"AUS",1982,0,0,0
"AUT",1982,0,0,0
"AZE",1982,0,0,0
"BHR",1982,0,0,0
"BGD",1982,0,0,0
"BLR",1982,0,0,0
"BEL",1982,0,0,0
"BEN",1982,0,0,0
"BIH",1982,0,0,0
"BWA",1982,0,0,0
"BRA",1982,0,0,0
"BGR",1982,0,0,0
"BFA",1982,0,0,0
"BDI",1982,0,0,0
"CPV",1982,0,0,0
"CMR",1982,0,0,0
"CAN",1982,0,0,0
"TCD",1982,0,0,0
"CHL",1982,0,0,0
"CHN",1982,1,1,1
"COL",1982,0,0,0
"CRI",1982,0,0,0
"HRV",1982,0,0,0
"CUB",1982,0,0,0
"CZE",1982,0,0,0
"DNK",1982,0,0,0
"DJI",1982,0,0,0
"DOM",1982,0,0,0
"ECU",1982,0,0,0
"GNQ",1982,0,0,0
"EST",1982,0,0,0
"ETH",1982,0,0,0
"FIN",1982,0,0,0
"FRA",1982,1,1,1
"GAB",1982,0,0,0
"DEU",1982,0,0,0
"GHA",1982,0,0,0
"GRC",1982,0,0,0
"GTM",1982,0,0,0
"GIN",1982,0,0,0
"GNB",1982,0,0,0
"GUY",1982,1,0,1
"HND",1982,0,0,0
"HUN",1982,0,0,0
"IND",1982,0,0,0
"IDN",1982,0,0,0
"IRQ",1982,0,0,0
"IRL",1982,1,1,1
"ITA",1982,0,0,0
"JAM",1982,0,0,0
"JPN",1982,1,1,1
"JOR",1982,1,0,1
"KAZ",1982,0,0,0
"KEN",1982,0,0,0
"KWT",1982,0,0,0
"LVA",1982,0,0,0
"LBN",1982,0,0,0
"LBR",1982,0,0,0
"LBY",1982,0,0,0
"LTU",1982,0,0,0
"LUX",1982,0,0,0
"MDG",1982,0,0,0
"MYS",1982,0,0,0
"MLI",1982,0,0,0
"MLT",1982,0,0,0
"MRT",1982,0,0,0
"MUS",1982,0,0,0
"MEX",1982,0,1,1
"MAR",1982,0,0,0
"MOZ",1982,0,0,0
"NAM",1982,0,0,0
"NPL",1982,0,0,0
"NLD",1982,0,0,0
"NZL",1982,0,0,0
"NIC",1982,0,0,0
"NER",1982,0,1,1
"NGA",1982,0,0,0
"NOR",1982,0,0,0
"OMN",1982,0,0,0
"PAK",1982,0,0,0
"PAN",1982,1,1,1
"PRY",1982,0,0,0
"PER",1982,0,0,0
"PHL",1982,0,1,1
"POL",1982,1,0,1
"PRT",1982,0,0,0
"QAT",1982,0,0,0
"ROU",1982,0,0,0
"RUS",1982,0,0,0
"RWA",1982,0,0,0
"SEN",1982,0,0,0
"SLE",1982,0,0,0
"SGP",1982,0,0,0
"SVN",1982,0,0,0
"ZAF",1982,0,0,0
"ESP",1982,1,1,1
"LKA",1982,0,0,0
"SDN",1982,0,0,0
"SWE",1982,0,0,0
"CHE",1982,0,0,0
"SYR",1982,0,0,0
"THA",1982,0,0,0
"TGO",1982,1,0,1
"TTO",1982,0,0,0
"TUN",1982,0,1,1
"UGA",1982,1,1,1
"UKR",1982,0,0,0
"ARE",1982,0,0,0
"URY",1982,0,0,0
"VNM",1982,0,0,0
"ZMB",1982,0,0,0
"ZWE",1982,0,0,0
"ALB",1983,0,0,0
"DZA",1983,0,0,0
"AGO",1983,0,0,0
"ARG",1983,0,0,0
"AUS",1983,0,0,0
"AUT",1983,0,0,0
"AZE",1983,0,0,0
"BHR",1983,0,0,0
"BGD",1983,0,0,0
"BLR",1983,0,0,0
"BEL",1983,0,0,0
"BEN",1983,0,0,0
"BIH",1983,0,0,0
"BWA",1983,0,0,0
"BRA",1983,0,0,0
"BGR",1983,0,0,0
"BFA",1983,0,0,0
"BDI",1983,0,0,0
"CPV",1983,0,0,0
"CMR",1983,0,0,0
"CAN",1983,0,0,0
"TCD",1983,0,0,0
"CHL",1983,0,0,0
"CHN",1983,1,1,1
"COL",1983,0,0,0
"CRI",1983,0,0,0
"HRV",1983,0,0,0
"CUB",1983,0,0,0
"CZE",1983,0,0,0
"DNK",1983,0,0,0
"DJI",1983,0,0,0
"DOM",1983,0,0,0
"ECU",1983,0,0,0
"GNQ",1983,0,0,0
"EST",1983,0,0,0
"ETH",1983,0,0,0
"FIN",1983,0,0,0
"FRA",1983,1,1,1
"GAB",1983,0,0,0
"DEU",1983,0,0,0
"GHA",1983,0,0,0
"GRC",1983,0,0,0
"GTM",1983,0,0,0
"GIN",1983,0,0,0
"GNB",1983,0,0,0
"GUY",1983,1,1,1
"HND",1983,0,0,0
"HUN",1983,0,0,0
"IND",1983,0,0,0
"IDN",1983,0,0,0
"IRQ",1983,0,0,0
"IRL",1983,0,1,1
"ITA",1983,0,0,0
"JAM",1983,0,0,0
"JPN",1983,0,1,1
"JOR",1983,1,1,1
"KAZ",1983,0,0,0
"KEN",1983,0,0,0
"KWT",1983,0,0,0
"LVA",1983,0,0,0
"LBN",1983,0,0,0
"LBR",1983,0,0,0
"LBY",1983,0,0,0
"LTU",1983,0,0,0
"LUX",1983,0,0,0
"MDG",1983,0,0,0
"MYS",1983,0,0,0
"MLI",1983,0,0,0
"MLT",1983,1,0,1
"MRT",1983,0,0,0
"MUS",1983,0,0,0
"MEX",1983,0,0,0
"MAR",1983,0,0,0
"MOZ",1983,0,0,0
"NAM",1983,0,0,0
"NPL",1983,0,0,0
"NLD",1983,1,0,1
"NZL",1983,0,0,0
"NIC",1983,1,0,1
"NER",1983,0,0,0
"NGA",1983,0,0,0
"NOR",1983,0,0,0
"OMN",1983,0,0,0
"PAK",1983,1,0,1
"PAN",1983,0,1,1
"PRY",1983,0,0,0
"PER",1983,0,0,0
"PHL",1983,0,0,0
"POL",1983,1,1,1
"PRT",1983,0,0,0
"QAT",1983,0,0,0
"ROU",1983,0,0,0
"RUS",1983,0,0,0
"RWA",1983,0,0,0
"SEN",1983,0,0,0
"SLE",1983,0,0,0
"SGP",1983,0,0,0
"SVN",1983,0,0,0
"ZAF",1983,0,0,0
"ESP",1983,0,1,1
"LKA",1983,0,0,0
"SDN",1983,0,0,0
"SWE",1983,0,0,0
"CHE",1983,0,0,0
"SYR",1983,0,0,0
"THA",1983,0,0,0
"TGO",1983,1,1,1
"TTO",1983,0,0,0
"TUN",1983,0,0,0
"UGA",1983,0,1,1
"UKR",1983,0,0,0
"ARE",1983,0,0,0
"URY",1983,0,0,0
"VNM",1983,0,0,0
"ZMB",1983,0,0,0
"ZWE",1983,1,0,1
"ALB",1984,0,0,0
"DZA",1984,0,0,0
"AGO",1984,0,0,0
"ARG",1984,0,0,0
"AUS",1984,0,0,0
"AUT",1984,0,0,0
"AZE",1984,0,0,0
"BHR",1984,0,0,0
"BGD",1984,0,0,0
"BLR",1984,0,0,0
"BEL",1984,0,0,0
"BEN",1984,0,0,0
"BIH",1984,0,0,0
"BWA",1984,0,0,0
"BRA",1984,0,0,0
"BGR",1984,0,0,0
"BFA",1984,1,0,1
"BDI",1984,0,0,0
"CPV",1984,0,0,0
"CMR",1984,0,0,0
"CAN",1984,0,0,0
"TCD",1984,0,0,0
"CHL",1984,0,0,0
"CHN",1984,1,1,1
"COL",1984,0,0,0
"CRI",1984,0,0,0
"HRV",1984,0,0,0
"CUB",1984,0,0,0
"CZE",1984,0,0,0
"DNK",1984,0,0,0
"DJI",1984,0,0,0
"DOM",1984,0,0,0
"ECU",1984,0,0,0
"GNQ",1984,0,0,0
"EST",1984,0,0,0
"ETH",1984,0,0,0
"FIN",1984,0,0,0
"FRA",1984,1,1,1
"GAB",1984,0,0,0
"DEU",1984,0,0,0
"GHA",1984,0,0,0
"GRC",1984,0,0,0
"GTM",1984,0,0,0
"GIN",1984,0,0,0
"GNB",1984,0,0,0
"GUY",1984,0,1,1
"HND",1984,0,0,0
"HUN",1984,0,0,0
"IND",1984,1,0,1
"IDN",1984,0,0,0
"IRQ",1984,0,0,0
"IRL",1984,0,0,0
"ITA",1984,0,0,0
"JAM",1984,0,0,0
"JPN",1984,0,0,0
"JOR",1984,0,1,1
"KAZ",1984,0,0,0
"KEN",1984,0,0,0
"KWT",1984,0,0,0
"LVA",1984,0,0,0
"LBN",1984,0,0,0
"LBR",1984,0,0,0
"LBY",1984,0,0,0
"LTU",1984,0,0,0
"LUX",1984,0,0,0
"MDG",1984,0,0,0
"MYS",1984,0,0,0
"MLI",1984,0,0,0
"MLT",1984,1,1,1
"MRT",1984,0,0,0
"MUS",1984,0,0,0
"MEX",1984,0,0,0
"MAR",1984,0,0,0
"MOZ",1984,0,0,0
"NAM",1984,0,0,0
"NPL",1984,0,0,0
"NLD",1984,1,1,1
"NZL",1984,0,0,0
"NIC",1984,1,1,1
"NER",1984,0,0,0
"NGA",1984,0,0,0
"NOR",1984,0,0,0
"OMN",1984,0,0,0
"PAK",1984,1,1,1
"PAN",1984,0,0,0
"PRY",1984,0,0,0
"PER",1984,1,0,1
"PHL",1984,0,0,0
"POL",1984,0,1,1
"PRT",1984,0,0,0
"QAT",1984,0,0,0
"ROU",1984,0,0,0
"RUS",1984,0,0,0
"RWA",1984,0,0,0
"SEN",1984,0,0,0
"SLE",1984,0,0,0
"SGP",1984,0,0,0
"SVN",1984,0,0,0
"ZAF",1984,0,0,0
"ESP",1984,0,0,0
"LKA",1984,0,0,0
"SDN",1984,0,0,0
"SWE",1984,0,0,0
"CHE",1984,0,0,0
"SYR",1984,0,0,0
"THA",1984,0,0,0
"TGO",1984,0,1,1
"TTO",1984,0,0,0
"TUN",1984,0,0,0
"UGA",1984,0,0,0
"UKR",1984,0,0,0
"ARE",1984,0,0,0
"URY",1984,0,0,0
"VNM",1984,0,0,0
"ZMB",1984,0,0,0
"ZWE",1984,1,1,1
"ALB",1985,0,0,0
"DZA",1985,0,0,0
"AGO",1985,0,0,0
"ARG",1985,0,0,0
"AUS",1985,1,0,1
"AUT",1985,0,0,0
"AZE",1985,0,0,0
"BHR",1985,0,0,0
"BGD",1985,0,0,0
"BLR",1985,0,0,0
"BEL",1985,0,0,0
"BEN",1985,0,0,0
"BIH",1985,0,0,0
"BWA",1985,0,0,0
"BRA",1985,0,0,0
"BGR",1985,0,0,0
"BFA",1985,1,1,1
"BDI",1985,0,0,0
"CPV",1985,0,0,0
"CMR",1985,0,0,0
"CAN",1985,0,0,0
"TCD",1985,0,0,0
"CHL",1985,0,0,0
"CHN",1985,1,1,1
"COL",1985,0,0,0
"CRI",1985,0,0,0
"HRV",1985,0,0,0
"CUB",1985,0,0,0
"CZE",1985,0,0,0
"DNK",1985,1,0,1
"DJI",1985,0,0,0
"DOM",1985,0,0,0
"ECU",1985,0,0,0
"GNQ",1985,0,0,0
"EST",1985,0,0,0
"ETH",1985,0,0,0
"FIN",1985,0,0,0
"FRA",1985,1,1,1
"GAB",1985,0,0,0
"DEU",1985,0,0,0
"GHA",1985,0,0,0
"GRC",1985,0,0,0
"GTM",1985,0,0,0
"GIN",1985,0,0,0
"GNB",1985,0,0,0
"GUY",1985,0,0,0
"HND",1985,0,0,0
"HUN",1985,0,0,0
"IND",1985,1,1,1
"IDN",1985,0,0,0
"IRQ",1985,0,0,0
"IRL",1985,0,0,0
"ITA",1985,0,0,0
"JAM",1985,0,0,0
"JPN",1985,0,0,0
"JOR",1985,0,0,0
"KAZ",1985,0,0,0
"KEN",1985,0,0,0
"KWT",1985,0,0,0
"LVA",1985,0,0,0
"LBN",1985,0,0,0
"LBR",1985,0,0,0
"LBY",1985,0,0,0
"LTU",1985,0,0,0
"LUX",1985,0,0,0
"MDG",1985,1,0,1
"MYS",1985,0,0,0
"MLI",1985,0,0,0
"MLT",1985,0,1,1
"MRT",1985,0,0,0
"MUS",1985,0,0,0
"MEX",1985,0,0,0
"MAR",1985,0,0,0
"MOZ",1985,0,0,0
"NAM",1985,0,0,0
"NPL",1985,0,0,0
"NLD",1985,0,1,1
"NZL",1985,0,0,0
"NIC",1985,0,1,1
"NER",1985,0,0,0
"NGA",1985,0,0,0
"NOR",1985,0,0,0
"OMN",1985,0,0,0
"PAK",1985,0,1,1
"PAN",1985,0,0,0
"PRY",1985,0,0,0
"PER",1985,1,1,1
"PHL",1985,0,0,0
"POL",1985,0,0,0
"PRT",1985,0,0,0
"QAT",1985,0,0,0
"ROU",1985,0,0,0
"RUS",1985,0,0,0
"RWA",1985,0,0,0
"SEN",1985,0,0,0
"SLE",1985,0,0,0
"SGP",1985,0,0,0
"SVN",1985,0,0,0
"ZAF",1985,0,0,0
"ESP",1985,0,0,0
"LKA",1985,0,0,0
"SDN",1985,0,0,0
"SWE",1985,0,0,0
"CHE",1985,0,0,0
"SYR",1985,0,0,0
"THA",1985,1,0,1
"TGO",1985,0,0,0
"TTO",1985,1,0,1
"TUN",1985,0,0,0
"UGA",1985,0,0,0
"UKR",1985,0,0,0
"ARE",1985,0,0,0
"URY",1985,0,0,0
"VNM",1985,0,0,0
"ZMB",1985,0,0,0
"ZWE",1985,0,1,1
"ALB",1986,0,0,0
"DZA",1986,0,0,0
"AGO",1986,0,0,0
"ARG",1986,0,0,0
"AUS",1986,1,1,1
"AUT",1986,0,0,0
"AZE",1986,0,0,0
"BHR",1986,0,0,0
"BGD",1986,0,0,0
"BLR",1986,0,0,0
"BEL",1986,0,0,0
"BEN",1986,0,0,0
"BIH",1986,0,0,0
"BWA",1986,0,0,0
"BRA",1986,0,0,0
"BGR",1986,1,0,1
"BFA",1986,0,1,1
"BDI",1986,0,0,0
"CPV",1986,0,0,0
"CMR",1986,0,0,0
"CAN",1986,0,0,0
"TCD",1986,0,0,0
"CHL",1986,0,0,0
"CHN",1986,1,1,1
"COL",1986,0,0,0
"CRI",1986,0,0,0
"HRV",1986,0,0,0
"CUB",1986,0,0,0
"CZE",1986,0,0,0
"DNK",1986,1,1,1
"DJI",1986,0,0,0
"DOM",1986,0,0,0
"ECU",1986,0,0,0
"GNQ",1986,0,0,0
"EST",1986,0,0,0
"ETH",1986,0,0,0
"FIN",1986,0,0,0
"FRA",1986,1,1,1
"GAB",1986,0,0,0
"DEU",1986,0,0,0
"GHA",1986,1,0,1
"GRC",1986,0,0,0
"GTM",1986,0,0,0
"GIN",1986,0,0,0
"GNB",1986,0,0,0
"GUY",1986,0,0,0
"HND",1986,0,0,0
"HUN",1986,0,0,0
"IND",1986,0,1,1
"IDN",1986,0,0,0
"IRQ",1986,0,0,0
"IRL",1986,0,0,0
"ITA",1986,0,0,0
"JAM",1986,0,0,0
"JPN",1986,0,0,0
"JOR",1986,0,0,0
"KAZ",1986,0,0,0
"KEN",1986,0,0,0
"KWT",1986,0,0,0
"LVA",1986,0,0,0
"LBN",1986,0,0,0
"LBR",1986,0,0,0
"LBY",1986,0,0,0
"LTU",1986,0,0,0
"LUX",1986,0,0,0
"MDG",1986,1,1,1
"MYS",1986,0,0,0
"MLI",1986,0,0,0
"MLT",1986,0,0,0
"MRT",1986,0,0,0
"MUS",1986,0,0,0
"MEX",1986,0,0,0
"MAR",1986,0,0,0
"MOZ",1986,0,0,0
"NAM",1986,0,0,0
"NPL",1986,0,0,0
"NLD",1986,0,0,0
"NZL",1986,0,0,0
"NIC",1986,0,0,0
"NER",1986,0,0,0
"NGA",1986,0,0,0
"NOR",1986,0,0,0
"OMN",1986,0,0,0
"PAK",1986,0,0,0
"PAN",1986,0,0,0
"PRY",1986,0,0,0
"PER",1986,0,1,1
"PHL",1986,0,0,0
"POL",1986,0,0,0
"PRT",1986,0,0,0
"QAT",1986,0,0,0
"ROU",1986,0,0,0
"RUS",1986,0,0,0
"RWA",1986,0,0,0
"SEN",1986,0,0,0
"SLE",1986,0,0,0
"SGP",1986,0,0,0
"SVN",1986,0,0,0
"ZAF",1986,0,0,0
"ESP",1986,0,0,0
"LKA",1986,0,0,0
"SDN",1986,0,0,0
"SWE",1986,0,0,0
"CHE",1986,0,0,0
"SYR",1986,0,0,0
"THA",1986,1,1,1
"TGO",1986,0,0,0
"TTO",1986,1,1,1
"TUN",1986,0,0,0
"UGA",1986,0,0,0
"UKR",1986,0,0,0
"ARE",1986,1,0,1
"URY",1986,0,0,0
"VNM",1986,0,0,0
"ZMB",1986,0,0,0
"ZWE",1986,0,0,0
"ALB",1987,0,0,0
"DZA",1987,0,0,0
"AGO",1987,0,0,0
"ARG",1987,1,0,1
"AUS",1987,0,1,1
"AUT",1987,0,0,0
"AZE",1987,0,0,0
"BHR",1987,0,0,0
"BGD",1987,0,0,0
"BLR",1987,0,0,0
"BEL",1987,0,0,0
"BEN",1987,0,0,0
"BIH",1987,0,0,0
"BWA",1987,0,0,0
"BRA",1987,0,0,0
"BGR",1987,1,1,1
"BFA",1987,0,0,0
"BDI",1987,0,0,0
"CPV",1987,0,0,0
"CMR",1987,0,0,0
"CAN",1987,0,0,0
"TCD",1987,0,0,0
"CHL",1987,0,0,0
"CHN",1987,1,1,1
"COL",1987,0,0,0
"CRI",1987,0,0,0
"HRV",1987,0,0,0
"CUB",1987,0,0,0
"CZE",1987,0,0,0
"DNK",1987,0,1,1
"DJI",1987,0,0,0
"DOM",1987,0,0,0
"ECU",1987,0,0,0
"GNQ",1987,0,0,0
"EST",1987,0,0,0
"ETH",1987,0,0,0
"FIN",1987,0,0,0
"FRA",1987,1,1,1
"GAB",1987,0,0,0
"DEU",1987,0,0,0
"GHA",1987,1,1,1
"GRC",1987,0,0,0
"GTM",1987,0,0,0
"GIN",1987,0,0,0
"GNB",1987,0,0,0
"GUY",1987,0,0,0
"HND",1987,0,0,0
"HUN",1987,0,0,0
"IND",1987,0,0,0
"IDN",1987,0,0,0
"IRQ",1987,0,0,0
"IRL",1987,0,0,0
"ITA",1987,1,0,1
"JAM",1987,0,0,0
"JPN",1987,1,0,1
"JOR",1987,0,0,0
"KAZ",1987,0,0,0
"KEN",1987,0,0,0
"KWT",1987,0,0,0
"LVA",1987,0,0,0
"LBN",1987,0,0,0
"LBR",1987,0,0,0
"LBY",1987,0,0,0
"LTU",1987,0,0,0
"LUX",1987,0,0,0
"MDG",1987,0,1,1
"MYS",1987,0,0,0
"MLI",1987,0,0,0
"MLT",1987,0,0,0
"MRT",1987,0,0,0
"MUS",1987,0,0,0
"MEX",1987,0,0,0
"MAR",1987,0,0,0
"MOZ",1987,0,0,0
"NAM",1987,0,0,0
"NPL",1987,0,0,0
"NLD",1987,0,0,0
"NZL",1987,0,0,0
"NIC",1987,0,0,0
"NER",1987,0,0,0
"NGA",1987,0,0,0
"NOR",1987,0,0,0
"OMN",1987,0,0,0
"PAK",1987,0,0,0
"PAN",1987,0,0,0
"PRY",1987,0,0,0
"PER",1987,0,0,0
"PHL",1987,0,0,0
"POL",1987,0,0,0
"PRT",1987,0,0,0
"QAT",1987,0,0,0
"ROU",1987,0,0,0
"RUS",1987,0,0,0
"RWA",1987,0,0,0
"SEN",1987,0,0,0
"SLE",1987,0,0,0
"SGP",1987,0,0,0
"SVN",1987,0,0,0
"ZAF",1987,0,0,0
"ESP",1987,0,0,0
"LKA",1987,0,0,0
"SDN",1987,0,0,0
"SWE",1987,0,0,0
"CHE",1987,0,0,0
"SYR",1987,0,0,0
"THA",1987,0,1,1
"TGO",1987,0,0,0
"TTO",1987,0,1,1
"TUN",1987,0,0,0
"UGA",1987,0,0,0
"UKR",1987,0,0,0
"ARE",1987,1,1,1
"URY",1987,0,0,0
"VNM",1987,0,0,0
"ZMB",1987,1,0,1
"ZWE",1987,0,0,0
"ALB",1988,0,0,0
"DZA",1988,1,0,1
"AGO",1988,0,0,0
"ARG",1988,1,1,1
"AUS",1988,0,0,0
"AUT",1988,0,0,0
"AZE",1988,0,0,0
"BHR",1988,0,0,0
"BGD",1988,0,0,0
"BLR",1988,0,0,0
"BEL",1988,0,0,0
"BEN",1988,0,0,0
"BIH",1988,0,0,0
"BWA",1988,0,0,0
"BRA",1988,1,0,1
"BGR",1988,0,1,1
"BFA",1988,0,0,0
"BDI",1988,0,0,0
"CPV",1988,0,0,0
"CMR",1988,0,0,0
"CAN",1988,0,0,0
"TCD",1988,0,0,0
"CHL",1988,0,0,0
"CHN",1988,1,1,1
"COL",1988,0,0,0
"CRI",1988,0,0,0
"HRV",1988,0,0,0
"CUB",1988,0,0,0
"CZE",1988,0,0,0
"DNK",1988,0,0,0
"DJI",1988,0,0,0
"DOM",1988,0,0,0
"ECU",1988,0,0,0
"GNQ",1988,0,0,0
"EST",1988,0,0,0
"ETH",1988,0,0,0
"FIN",1988,0,0,0
"FRA",1988,1,1,1
"GAB",1988,0,0,0
"DEU",1988,0,0,0
"GHA",1988,0,1,1
"GRC",1988,0,0,0
"GTM",1988,0,0,0
"GIN",1988,0,0,0
"GNB",1988,0,0,0
"GUY",1988,0,0,0
"HND",1988,0,0,0
"HUN",1988,0,0,0
"IND",1988,0,0,0
"IDN",1988,0,0,0
"IRQ",1988,0,0,0
"IRL",1988,0,0,0
"ITA",1988,1,1,1
"JAM",1988,0,0,0
"JPN",1988,1,1,1
"JOR",1988,0,0,0
"KAZ",1988,0,0,0
"KEN",1988,0,0,0
"KWT",1988,0,0,0
"LVA",1988,0,0,0
"LBN",1988,0,0,0
"LBR",1988,0,0,0
"LBY",1988,0,0,0
"LTU",1988,0,0,0
"LUX",1988,0,0,0
"MDG",1988,0,0,0
"MYS",1988,0,0,0
"MLI",1988,0,0,0
"MLT",1988,0,0,0
"MRT",1988,0,0,0
"MUS",1988,0,0,0
"MEX",1988,0,0,0
"MAR",1988,0,0,0
"MOZ",1988,0,0,0
"NAM",1988,0,0,0
"NPL",1988,1,0,1
"NLD",1988,0,0,0
"NZL",1988,0,0,0
"NIC",1988,0,0,0
"NER",1988,0,0,0
"NGA",1988,0,0,0
"NOR",1988,0,0,0
"OMN",1988,0,0,0
"PAK",1988,0,0,0
"PAN",1988,0,0,0
"PRY",1988,0,0,0
"PER",1988,0,0,0
"PHL",1988,0,0,0
"POL",1988,0,0,0
"PRT",1988,0,0,0
"QAT",1988,0,0,0
"ROU",1988,0,0,0
"RUS",1988,0,0,0
"RWA",1988,0,0,0
"SEN",1988,1,0,1
"SLE",1988,0,0,0
"SGP",1988,0,0,0
"SVN",1988,0,0,0
"ZAF",1988,0,0,0
"ESP",1988,0,0,0
"LKA",1988,0,0,0
"SDN",1988,0,0,0
"SWE",1988,0,0,0
"CHE",1988,0,0,0
"SYR",1988,0,0,0
"THA",1988,0,0,0
"TGO",1988,0,0,0
"TTO",1988,0,0,0
"TUN",1988,0,0,0
"UGA",1988,0,0,0
"UKR",1988,0,0,0
"ARE",1988,0,1,1
"URY",1988,0,0,0
"VNM",1988,0,0,0
"ZMB",1988,1,1,1
"ZWE",1988,0,0,0
"ALB",1989,0,0,0
"DZA",1989,1,1,1
"AGO",1989,0,0,0
"ARG",1989,0,1,1
"AUS",1989,0,0,0
"AUT",1989,0,0,0
"AZE",1989,0,0,0
"BHR",1989,0,0,0
"BGD",1989,0,0,0
"BLR",1989,0,0,0
"BEL",1989,0,0,0
"BEN",1989,0,0,0
"BIH",1989,0,0,0
"BWA",1989,0,0,0
"BRA",1989,1,1,1
"BGR",1989,0,0,0
"BFA",1989,0,0,0
"BDI",1989,0,0,0
"CPV",1989,0,0,0
"CMR",1989,0,0,0
"CAN",1989,1,0,1
"TCD",1989,0,0,0
"CHL",1989,0,0,0
"CHN",1989,1,1,1
"COL",1989,1,0,1
"CRI",1989,0,0,0
"HRV",1989,0,0,0
"CUB",1989,0,0,0
"CZE",1989,0,0,0
"DNK",1989,0,0,0
"DJI",1989,0,0,0
"DOM",1989,0,0,0
"ECU",1989,0,0,0
"GNQ",1989,0,0,0
"EST",1989,0,0,0
"ETH",1989,1,0,1
"FIN",1989,1,0,1
"FRA",1989,1,1,1
"GAB",1989,0,0,0
"DEU",1989,0,0,0
"GHA",1989,0,0,0
"GRC",1989,0,0,0
"GTM",1989,0,0,0
"GIN",1989,0,0,0
"GNB",1989,0,0,0
"GUY",1989,0,0,0
"HND",1989,0,0,0
"HUN",1989,0,0,0
"IND",1989,0,0,0
"IDN",1989,0,0,0
"IRQ",1989,0,0,0
"IRL",1989,0,0,0
"ITA",1989,0,1,1
"JAM",1989,0,0,0
"JPN",1989,0,1,1
"JOR",1989,0,0,0
"KAZ",1989,0,0,0
"KEN",1989,0,0,0
"KWT",1989,0,0,0
"LVA",1989,0,0,0
"LBN",1989,0,0,0
"LBR",1989,0,0,0
"LBY",1989,0,0,0
"LTU",1989,0,0,0
"LUX",1989,0,0,0
"MDG",1989,0,0,0
"MYS",1989,1,0,1
"MLI",1989,0,0,0
"MLT",1989,0,0,0
"MRT",1989,0,0,0
"MUS",1989,0,0,0
"MEX",1989,0,0,0
"MAR",1989,0,0,0
"MOZ",1989,0,0,0
"NAM",1989,0,0,0
"NPL",1989,1,1,1
"NLD",1989,0,0,0
"NZL",1989,0,0,0
"NIC",1989,0,0,0
"NER",1989,0,0,0
"NGA",1989,0,0,0
"NOR",1989,0,0,0
"OMN",1989,0,0,0
"PAK",1989,0,0,0
"PAN",1989,0,0,0
"PRY",1989,0,0,0
"PER",1989,0,0,0
"PHL",1989,0,0,0
"POL",1989,0,0,0
"PRT",1989,0,0,0
"QAT",1989,0,0,0
"ROU",1989,0,0,0
"RUS",1989,0,0,0
"RWA",1989,0,0,0
"SEN",1989,1,1,1
"SLE",1989,0,0,0
"SGP",1989,0,0,0
"SVN",1989,0,0,0
"ZAF",1989,0,0,0
"ESP",1989,0,0,0
"LKA",1989,0,0,0
"SDN",1989,0,0,0
"SWE",1989,0,0,0
"CHE",1989,0,0,0
"SYR",1989,0,0,0
"THA",1989,0,0,0
"TGO",1989,0,0,0
"TTO",1989,0,0,0
"TUN",1989,0,0,0
"UGA",1989,0,0,0
"UKR",1989,0,0,0
"ARE",1989,0,0,0
"URY",1989,0,0,0
"VNM",1989,0,0,0
"ZMB",1989,0,1,1
"ZWE",1989,0,0,0
"ALB",1990,0,0,0
"DZA",1990,0,1,1
"AGO",1990,0,0,0
"ARG",1990,0,0,0
"AUS",1990,0,0,0
"AUT",1990,0,0,0
"AZE",1990,0,0,0
"BHR",1990,0,0,0
"BGD",1990,0,0,0
"BLR",1990,0,0,0
"BEL",1990,0,0,0
"BEN",1990,0,0,0
"BIH",1990,0,0,0
"BWA",1990,0,0,0
"BRA",1990,0,1,1
"BGR",1990,0,0,0
"BFA",1990,0,0,0
"BDI",1990,0,0,0
"CPV",1990,0,0,0
"CMR",1990,0,0,0
"CAN",1990,1,1,1
"TCD",1990,0,0,0
"CHL",1990,0,0,0
"CHN",1990,1,1,1
"COL",1990,1,1,1
"CRI",1990,0,0,0
"HRV",1990,0,0,0
"CUB",1990,1,0,1
"CZE",1990,0,0,0
"DNK",1990,0,0,0
"DJI",1990,0,0,0
"DOM",1990,0,0,0
"ECU",1990,0,0,0
"GNQ",1990,0,0,0
"EST",1990,0,0,0
"ETH",1990,1,1,1
"FIN",1990,1,1,1
"FRA",1990,1,1,1
"GAB",1990,0,0,0
"DEU",1990,0,0,0
"GHA",1990,0,0,0
"GRC",1990,0,0,0
"GTM",1990,0,0,0
"GIN",1990,0,0,0
"GNB",1990,0,0,0
"GUY",1990,0,0,0
"HND",1990,0,0,0
"HUN",1990,0,0,0
"IND",1990,0,0,0
"IDN",1990,0,0,0
"IRQ",1990,0,0,0
"IRL",1990,0,0,0
"ITA",1990,0,0,0
"JAM",1990,0,0,0
"JPN",1990,0,0,0
"JOR",1990,0,0,0
"KAZ",1990,0,0,0
"KEN",1990,0,0,0
"KWT",1990,0,0,0
"LVA",1990,0,0,0
"LBN",1990,0,0,0
"LBR",1990,0,0,0
"LBY",1990,0,0,0
"LTU",1990,0,0,0
"LUX",1990,0,0,0
"MDG",1990,0,0,0
"MYS",1990,1,1,1
"MLI",1990,0,0,0
"MLT",1990,0,0,0
"MRT",1990,0,0,0
"MUS",1990,0,0,0
"MEX",1990,0,0,0
"MAR",1990,0,0,0
"MOZ",1990,0,0,0
"NAM",1990,0,0,0
"NPL",1990,0,1,1
"NLD",1990,0,0,0
"NZL",1990,0,0,0
"NIC",1990,0,0,0
"NER",1990,0,0,0
"NGA",1990,0,0,0
"NOR",1990,0,0,0
"OMN",1990,0,0,0
"PAK",1990,0,0,0
"PAN",1990,0,0,0
"PRY",1990,0,0,0
"PER",1990,0,0,0
"PHL",1990,0,0,0
"POL",1990,0,0,0
"PRT",1990,0,0,0
"QAT",1990,0,0,0
"ROU",1990,1,0,1
"RUS",1990,0,0,0
"RWA",1990,0,0,0
"SEN",1990,0,1,1
"SLE",1990,0,0,0
"SGP",1990,0,0,0
"SVN",1990,0,0,0
"ZAF",1990,0,0,0
"ESP",1990,0,0,0
"LKA",1990,0,0,0
"SDN",1990,0,0,0
"SWE",1990,0,0,0
"CHE",1990,0,0,0
"SYR",1990,0,0,0
"THA",1990,0,0,0
"TGO",1990,0,0,0
"TTO",1990,0,0,0
"TUN",1990,0,0,0
"UGA",1990,0,0,0
"UKR",1990,0,0,0
"ARE",1990,0,0,0
"URY",1990,0,0,0
"VNM",1990,0,0,0
"ZMB",1990,0,0,0
"ZWE",1990,0,0,0
"ALB",1991,0,0,0
"DZA",1991,0,0,0
"AGO",1991,0,0,0
"ARG",1991,0,0,0
"AUS",1991,0,0,0
"AUT",1991,1,0,1
"AZE",1991,0,0,0
"BHR",1991,0,0,0
"BGD",1991,0,0,0
"BLR",1991,0,0,0
"BEL",1991,1,0,1
"BEN",1991,0,0,0
"BIH",1991,0,0,0
"BWA",1991,0,0,0
"BRA",1991,0,0,0
"BGR",1991,0,0,0
"BFA",1991,0,0,0
"BDI",1991,0,0,0
"CPV",1991,0,0,0
"CMR",1991,0,0,0
"CAN",1991,0,1,1
"TCD",1991,0,0,0
"CHL",1991,0,0,0
"CHN",1991,1,1,1
"COL",1991,0,1,1
"CRI",1991,0,0,0
"HRV",1991,0,0,0
"CUB",1991,1,1,1
"CZE",1991,0,0,0
"DNK",1991,0,0,0
"DJI",1991,0,0,0
"DOM",1991,0,0,0
"ECU",1991,1,0,1
"GNQ",1991,0,0,0
"EST",1991,0,0,0
"ETH",1991,0,1,1
"FIN",1991,0,1,1
"FRA",1991,1,1,1
"GAB",1991,0,0,0
"DEU",1991,0,0,0
"GHA",1991,0,0,0
"GRC",1991,0,0,0
"GTM",1991,0,0,0
"GIN",1991,0,0,0
"GNB",1991,0,0,0
"GUY",1991,0,0,0
"HND",1991,0,0,0
"HUN",1991,0,0,0
"IND",1991,1,0,1
"IDN",1991,0,0,0
"IRQ",1991,0,0,0
"IRL",1991,0,0,0
"ITA",1991,0,0,0
"JAM",1991,0,0,0
"JPN",1991,0,0,0
"JOR",1991,0,0,0
"KAZ",1991,0,0,0
"KEN",1991,0,0,0
"KWT",1991,0,0,0
"LVA",1991,0,0,0
"LBN",1991,0,0,0
"LBR",1991,0,0,0
"LBY",1991,0,0,0
"LTU",1991,0,0,0
"LUX",1991,0,0,0
"MDG",1991,0,0,0
"MYS",1991,0,1,1
"MLI",1991,0,0,0
"MLT",1991,0,0,0
"MRT",1991,0,0,0
"MUS",1991,0,0,0
"MEX",1991,0,0,0
"MAR",1991,0,0,0
"MOZ",1991,0,0,0
"NAM",1991,0,0,0
"NPL",1991,0,0,0
"NLD",1991,0,0,0
"NZL",1991,0,0,0
"NIC",1991,0,0,0
"NER",1991,0,0,0
"NGA",1991,0,0,0
"NOR",1991,0,0,0
"OMN",1991,0,0,0
"PAK",1991,0,0,0
"PAN",1991,0,0,0
"PRY",1991,0,0,0
"PER",1991,0,0,0
"PHL",1991,0,0,0
"POL",1991,0,0,0
"PRT",1991,0,0,0
"QAT",1991,0,0,0
"ROU",1991,1,1,1
"RUS",1991,0,0,0
"RWA",1991,0,0,0
"SEN",1991,0,0,0
"SLE",1991,0,0,0
"SGP",1991,0,0,0
"SVN",1991,0,0,0
"ZAF",1991,0,0,0
"ESP",1991,0,0,0
"LKA",1991,0,0,0
"SDN",1991,0,0,0
"SWE",1991,0,0,0
"CHE",1991,0,0,0
"SYR",1991,0,0,0
"THA",1991,0,0,0
"TGO",1991,0,0,0
"TTO",1991,0,0,0
"TUN",1991,0,0,0
"UGA",1991,0,0,0
"UKR",1991,0,0,0
"ARE",1991,0,0,0
"URY",1991,0,0,0
"VNM",1991,0,0,0
"ZMB",1991,0,0,0
"ZWE",1991,1,0,1
"ALB",1992,0,0,0
"DZA",1992,0,0,0
"AGO",1992,0,0,0
"ARG",1992,0,0,0
"AUS",1992,0,0,0
"AUT",1992,1,1,1
"AZE",1992,0,0,0
"BHR",1992,0,0,0
"BGD",1992,0,0,0
"BLR",1992,0,0,0
"BEL",1992,1,1,1
"BEN",1992,0,0,0
"BIH",1992,0,0,0
"BWA",1992,0,0,0
"BRA",1992,0,0,0
"BGR",1992,0,0,0
"BFA",1992,0,0,0
"BDI",1992,0,0,0
"CPV",1992,1,0,1
"CMR",1992,0,0,0
"CAN",1992,0,0,0
"TCD",1992,0,0,0
"CHL",1992,0,0,0
"CHN",1992,1,1,1
"COL",1992,0,0,0
"CRI",1992,0,0,0
"HRV",1992,0,0,0
"CUB",1992,0,1,1
"CZE",1992,0,0,0
"DNK",1992,0,0,0
"DJI",1992,0,0,0
"DOM",1992,0,0,0
"ECU",1992,1,1,1
"GNQ",1992,0,0,0
"EST",1992,0,0,0
"ETH",1992,0,0,0
"FIN",1992,0,0,0
"FRA",1992,1,1,1
"GAB",1992,0,0,0
"DEU",1992,0,0,0
"GHA",1992,0,0,0
"GRC",1992,0,0,0
"GTM",1992,0,0,0
"GIN",1992,0,0,0
"GNB",1992,0,0,0
"GUY",1992,0,0,0
"HND",1992,0,0,0
"HUN",1992,1,0,1
"IND",1992,1,1,1
"IDN",1992,0,0,0
"IRQ",1992,0,0,0
"IRL",1992,0,0,0
"ITA",1992,0,0,0
"JAM",1992,0,0,0
"JPN",1992,1,0,1
"JOR",1992,0,0,0
"KAZ",1992,0,0,0
"KEN",1992,0,0,0
"KWT",1992,0,0,0
"LVA",1992,0,0,0
"LBN",1992,0,0,0
"LBR",1992,0,0,0
"LBY",1992,0,0,0
"LTU",1992,0,0,0
"LUX",1992,0,0,0
"MDG",1992,0,0,0
"MYS",1992,0,0,0
"MLI",1992,0,0,0
"MLT",1992,0,0,0
"MRT",1992,0,0,0
"MUS",1992,0,0,0
"MEX",1992,0,0,0
"MAR",1992,1,0,1
"MOZ",1992,0,0,0
"NAM",1992,0,0,0
"NPL",1992,0,0,0
"NLD",1992,0,0,0
"NZL",1992,0,0,0
"NIC",1992,0,0,0
"NER",1992,0,0,0
"NGA",1992,0,0,0
"NOR",1992,0,0,0
"OMN",1992,0,0,0
"PAK",1992,0,0,0
"PAN",1992,0,0,0
"PRY",1992,0,0,0
"PER",1992,0,0,0
"PHL",1992,0,0,0
"POL",1992,0,0,0
"PRT",1992,0,0,0
"QAT",1992,0,0,0
"ROU",1992,0,1,1
"RUS",1992,1,0,1
"RWA",1992,0,0,0
"SEN",1992,0,0,0
"SLE",1992,0,0,0
"SGP",1992,0,0,0
"SVN",1992,0,0,0
"ZAF",1992,0,0,0
"ESP",1992,0,0,0
"LKA",1992,0,0,0
"SDN",1992,0,0,0
"SWE",1992,0,0,0
"CHE",1992,0,0,0
"SYR",1992,0,0,0
"THA",1992,0,0,0
"TGO",1992,0,0,0
"TTO",1992,0,0,0
"TUN",1992,0,0,0
"UGA",1992,0,0,0
"UKR",1992,0,0,0
"ARE",1992,0,0,0
"URY",1992,0,0,0
"VNM",1992,0,0,0
"ZMB",1992,0,0,0
"ZWE",1992,1,1,1
"ALB",1993,0,0,0
"DZA",1993,0,0,0
"AGO",1993,0,0,0
"ARG",1993,0,0,0
"AUS",1993,0,0,0
"AUT",1993,0,1,1
"AZE",1993,0,0,0
"BHR",1993,0,0,0
"BGD",1993,0,0,0
"BLR",1993,0,0,0
"BEL",1993,0,1,1
"BEN",1993,0,0,0
"BIH",1993,0,0,0
"BWA",1993,0,0,0
"BRA",1993,1,0,1
"BGR",1993,0,0,0
"BFA",1993,0,0,0
"BDI",1993,0,0,0
"CPV",1993,1,1,1
"CMR",1993,0,0,0
"CAN",1993,0,0,0
"TCD",1993,0,0,0
"CHL",1993,0,0,0
"CHN",1993,1,1,1
"COL",1993,0,0,0
"CRI",1993,0,0,0
"HRV",1993,0,0,0
"CUB",1993,0,0,0
"CZE",1993,0,0,0
"DNK",1993,0,0,0
"DJI",1993,1,0,1
"DOM",1993,0,0,0
"ECU",1993,0,1,1
"GNQ",1993,0,0,0
"EST",1993,0,0,0
"ETH",1993,0,0,0
"FIN",1993,0,0,0
"FRA",1993,1,1,1
"GAB",1993,0,0,0
"DEU",1993,0,0,0
"GHA",1993,0,0,0
"GRC",1993,0,0,0
"GTM",1993,0,0,0
"GIN",1993,0,0,0
"GNB",1993,0,0,0
"GUY",1993,0,0,0
"HND",1993,0,0,0
"HUN",1993,1,1,1
"IND",1993,0,1,1
"IDN",1993,0,0,0
"IRQ",1993,0,0,0
"IRL",1993,0,0,0
"ITA",1993,0,0,0
"JAM",1993,0,0,0
"JPN",1993,1,1,1
"JOR",1993,0,0,0
"KAZ",1993,0,0,0
"KEN",1993,0,0,0
"KWT",1993,0,0,0
"LVA",1993,0,0,0
"LBN",1993,0,0,0
"LBR",1993,0,0,0
"LBY",1993,0,0,0
"LTU",1993,0,0,0
"LUX",1993,0,0,0
"MDG",1993,0,0,0
"MYS",1993,0,0,0
"MLI",1993,0,0,0
"MLT",1993,0,0,0
"MRT",1993,0,0,0
"MUS",1993,0,0,0
"MEX",1993,0,0,0
"MAR",1993,1,1,1
"MOZ",1993,0,0,0
"NAM",1993,0,0,0
"NPL",1993,0,0,0
"NLD",1993,0,0,0
"NZL",1993,1,0,1
"NIC",1993,0,0,0
"NER",1993,0,0,0
"NGA",1993,0,0,0
"NOR",1993,0,0,0
"OMN",1993,0,0,0
"PAK",1993,1,0,1
"PAN",1993,0,0,0
"PRY",1993,0,0,0
"PER",1993,0,0,0
"PHL",1993,0,0,0
"POL",1993,0,0,0
"PRT",1993,0,0,0
"QAT",1993,0,0,0
"ROU",1993,0,0,0
"RUS",1993,1,1,1
"RWA",1993,0,0,0
"SEN",1993,0,0,0
"SLE",1993,0,0,0
"SGP",1993,0,0,0
"SVN",1993,0,0,0
"ZAF",1993,0,0,0
"ESP",1993,1,0,1
"LKA",1993,0,0,0
"SDN",1993,0,0,0
"SWE",1993,0,0,0
"CHE",1993,0,0,0
"SYR",1993,0,0,0
"THA",1993,0,0,0
"TGO",1993,0,0,0
"TTO",1993,0,0,0
"TUN",1993,0,0,0
"UGA",1993,0,0,0
"UKR",1993,0,0,0
"ARE",1993,0,0,0
"URY",1993,0,0,0
"VNM",1993,0,0,0
"ZMB",1993,0,0,0
"ZWE",1993,0,1,1
"ALB",1994,0,0,0
"DZA",1994,0,0,0
"AGO",1994,0,0,0
"ARG",1994,1,0,1
"AUS",1994,0,0,0
"AUT",1994,0,0,0
"AZE",1994,0,0,0
"BHR",1994,0,0,0
"BGD",1994,0,0,0
"BLR",1994,0,0,0
"BEL",1994,0,0,0
"BEN",1994,0,0,0
"BIH",1994,0,0,0
"BWA",1994,0,0,0
"BRA",1994,1,1,1
"BGR",1994,0,0,0
"BFA",1994,0,0,0
"BDI",1994,0,0,0
"CPV",1994,0,1,1
"CMR",1994,0,0,0
"CAN",1994,0,0,0
"TCD",1994,0,0,0
"CHL",1994,0,0,0
"CHN",1994,1,1,1
"COL",1994,0,0,0
"CRI",1994,0,0,0
"HRV",1994,0,0,0
"CUB",1994,0,0,0
"CZE",1994,1,0,1
"DNK",1994,0,0,0
"DJI",1994,1,1,1
"DOM",1994,0,0,0
"ECU",1994,0,0,0
"GNQ",1994,0,0,0
"EST",1994,0,0,0
"ETH",1994,0,0,0
"FIN",1994,0,0,0
"FRA",1994,1,1,1
"GAB",1994,0,0,0
"DEU",1994,0,0,0
"GHA",1994,0,0,0
"GRC",1994,0,0,0
"GTM",1994,0,0,0
"GIN",1994,0,0,0
"GNB",1994,0,0,0
"GUY",1994,0,0,0
"HND",1994,0,0,0
"HUN",1994,0,1,1
"IND",1994,0,0,0
"IDN",1994,0,0,0
"IRQ",1994,0,0,0
"IRL",1994,0,0,0
"ITA",1994,0,0,0
"JAM",1994,0,0,0
"JPN",1994,0,1,1
"JOR",1994,0,0,0
"KAZ",1994,0,0,0
"KEN",1994,0,0,0
"KWT",1994,0,0,0
"LVA",1994,0,0,0
"LBN",1994,0,0,0
"LBR",1994,0,0,0
"LBY",1994,0,0,0
"LTU",1994,0,0,0
"LUX",1994,0,0,0
"MDG",1994,0,0,0
"MYS",1994,0,0,0
"MLI",1994,0,0,0
"MLT",1994,0,0,0
"MRT",1994,0,0,0
"MUS",1994,0,0,0
"MEX",1994,0,0,0
"MAR",1994,0,1,1
"MOZ",1994,0,0,0
"NAM",1994,0,0,0
"NPL",1994,0,0,0
"NLD",1994,0,0,0
"NZL",1994,1,1,1
"NIC",1994,0,0,0
"NER",1994,0,0,0
"NGA",1994,1,0,1
"NOR",1994,0,0,0
"OMN",1994,1,0,1
"PAK",1994,1,1,1
"PAN",1994,0,0,0
"PRY",1994,0,0,0
"PER",1994,0,0,0
"PHL",1994,0,0,0
"POL",1994,0,0,0
"PRT",1994,0,0,0
"QAT",1994,0,0,0
"ROU",1994,0,0,0
"RUS",1994,1,1,1
"RWA",1994,1,0,1
"SEN",1994,0,0,0
"SLE",1994,0,0,0
"SGP",1994,0,0,0
"SVN",1994,0,0,0
"ZAF",1994,0,0,0
"ESP",1994,1,1,1
"LKA",1994,0,0,0
"SDN",1994,0,0,0
"SWE",1994,0,0,0
"CHE",1994,0,0,0
"SYR",1994,0,0,0
"THA",1994,0,0,0
"TGO",1994,0,0,0
"TTO",1994,0,0,0
"TUN",1994,0,0,0
"UGA",1994,0,0,0
"UKR",1994,0,0,0
"ARE",1994,0,0,0
"URY",1994,0,0,0
"VNM",1994,0,0,0
"ZMB",1994,0,0,0
"ZWE",1994,0,0,0
"ALB",1995,0,0,0
"DZA",1995,0,0,0
"AGO",1995,0,0,0
"ARG",1995,1,1,1
"AUS",1995,0,0,0
"AUT",1995,0,0,0
"AZE",1995,0,0,0
"BHR",1995,0,0,0
"BGD",1995,0,0,0
"BLR",1995,0,0,0
"BEL",1995,0,0,0
"BEN",1995,0,0,0
"BIH",1995,0,0,0
"BWA",1995,1,0,1
"BRA",1995,0,1,1
"BGR",1995,0,0,0
"BFA",1995,0,0,0
"BDI",1995,0,0,0
"CPV",1995,0,0,0
"CMR",1995,0,0,0
"CAN",1995,0,0,0
"TCD",1995,0,0,0
"CHL",1995,0,0,0
"CHN",1995,1,1,1
"COL",1995,0,0,0
"CRI",1995,0,0,0
"HRV",1995,0,0,0
"CUB",1995,0,0,0
"CZE",1995,1,1,1
"DNK",1995,0,0,0
"DJI",1995,0,1,1
"DOM",1995,0,0,0
"ECU",1995,0,0,0
"GNQ",1995,0,0,0
"EST",1995,0,0,0
"ETH",1995,0,0,0
"FIN",1995,0,0,0
"FRA",1995,1,1,1
"GAB",1995,0,0,0
"DEU",1995,1,0,1
"GHA",1995,0,0,0
"GRC",1995,0,0,0
"GTM",1995,0,0,0
"GIN",1995,0,0,0
"GNB",1995,0,0,0
"GUY",1995,0,0,0
"HND",1995,1,0,1
"HUN",1995,0,0,0
"IND",1995,0,0,0
"IDN",1995,1,0,1
"IRQ",1995,0,0,0
"IRL",1995,0,0,0
"ITA",1995,1,0,1
"JAM",1995,0,0,0
"JPN",1995,0,0,0
"JOR",1995,0,0,0
"KAZ",1995,0,0,0
"KEN",1995,0,0,0
"KWT",1995,0,0,0
"LVA",1995,0,0,0
"LBN",1995,0,0,0
"LBR",1995,0,0,0
"LBY",1995,0,0,0
"LTU",1995,0,0,0
"LUX",1995,0,0,0
"MDG",1995,0,0,0
"MYS",1995,0,0,0
"MLI",1995,0,0,0
"MLT",1995,0,0,0
"MRT",1995,0,0,0
"MUS",1995,0,0,0
"MEX",1995,0,0,0
"MAR",1995,0,0,0
"MOZ",1995,0,0,0
"NAM",1995,0,0,0
"NPL",1995,0,0,0
"NLD",1995,0,0,0
"NZL",1995,0,1,1
"NIC",1995,0,0,0
"NER",1995,0,0,0
"NGA",1995,1,1,1
"NOR",1995,0,0,0
"OMN",1995,1,1,1
"PAK",1995,0,1,1
"PAN",1995,0,0,0
"PRY",1995,0,0,0
"PER",1995,0,0,0
"PHL",1995,0,0,0
"POL",1995,0,0,0
"PRT",1995,0,0,0
"QAT",1995,0,0,0
"ROU",1995,0,0,0
"RUS",1995,1,1,1
"RWA",1995,1,1,1
"SEN",1995,0,0,0
"SLE",1995,0,0,0
"SGP",1995,0,0,0
"SVN",1995,0,0,0
"ZAF",1995,0,0,0
"ESP",1995,0,1,1
"LKA",1995,0,0,0
"SDN",1995,0,0,0
"SWE",1995,0,0,0
"CHE",1995,0,0,0
"SYR",1995,0,0,0
"THA",1995,0,0,0
"TGO",1995,0,0,0
"TTO",1995,0,0,0
"TUN",1995,0,0,0
"UGA",1995,0,0,0
"UKR",1995,0,0,0
"ARE",1995,0,0,0
"URY",1995,0,0,0
"VNM",1995,0,0,0
"ZMB",1995,0,0,0
"ZWE",1995,0,0,0
"ALB",1996,0,0,0
"DZA",1996,0,0,0
"AGO",1996,0,0,0
"ARG",1996,0,1,1
"AUS",1996,0,0,0
"AUT",1996,0,0,0
"AZE",1996,0,0,0
"BHR",1996,0,0,0
"BGD",1996,0,0,0
"BLR",1996,0,0,0
"BEL",1996,0,0,0
"BEN",1996,0,0,0
"BIH",1996,0,0,0
"BWA",1996,1,1,1
"BRA",1996,0,0,0
"BGR",1996,0,0,0
"BFA",1996,0,0,0
"BDI",1996,0,0,0
"CPV",1996,0,0,0
"CMR",1996,0,0,0
"CAN",1996,0,0,0
"TCD",1996,0,0,0
"CHL",1996,1,0,1
"CHN",1996,1,1,1
"COL",1996,0,0,0
"CRI",1996,0,0,0
"HRV",1996,0,0,0
"CUB",1996,0,0,0
"CZE",1996,0,1,1
"DNK",1996,0,0,0
"DJI",1996,0,0,0
"DOM",1996,0,0,0
"ECU",1996,0,0,0
"GNQ",1996,0,0,0
"EST",1996,0,0,0
"ETH",1996,0,0,0
"FIN",1996,0,0,0
"FRA",1996,1,1,1
"GAB",1996,0,0,0
"DEU",1996,1,1,1
"GHA",1996,0,0,0
"GRC",1996,0,0,0
"GTM",1996,0,0,0
"GIN",1996,0,0,0
"GNB",1996,1,0,1
"GUY",1996,0,0,0
"HND",1996,1,1,1
"HUN",1996,0,0,0
"IND",1996,0,0,0
"IDN",1996,1,1,1
"IRQ",1996,0,0,0
"IRL",1996,0,0,0
"ITA",1996,1,1,1
"JAM",1996,0,0,0
"JPN",1996,0,0,0
"JOR",1996,0,0,0
"KAZ",1996,0,0,0
"KEN",1996,0,0,0
"KWT",1996,0,0,0
"LVA",1996,0,0,0
"LBN",1996,0,0,0
"LBR",1996,0,0,0
"LBY",1996,0,0,0
"LTU",1996,0,0,0
"LUX",1996,0,0,0
"MDG",1996,0,0,0
"MYS",1996,0,0,0
"MLI",1996,0,0,0
"MLT",1996,0,0,0
"MRT",1996,0,0,0
"MUS",1996,0,0,0
"MEX",1996,0,0,0
"MAR",1996,0,0,0
"MOZ",1996,0,0,0
"NAM",1996,0,0,0
"NPL",1996,0,0,0
"NLD",1996,0,0,0
"NZL",1996,0,0,0
"NIC",1996,0,0,0
"NER",1996,0,0,0
"NGA",1996,0,1,1
"NOR",1996,0,0,0
"OMN",1996,0,1,1
"PAK",1996,0,0,0
"PAN",1996,0,0,0
"PRY",1996,0,0,0
"PER",1996,0,0,0
"PHL",1996,0,0,0
"POL",1996,1,0,1
"PRT",1996,0,0,0
"QAT",1996,0,0,0
"ROU",1996,0,0,0
"RUS",1996,1,1,1
"RWA",1996,0,1,1
"SEN",1996,0,0,0
"SLE",1996,0,0,0
"SGP",1996,0,0,0
"SVN",1996,0,0,0
"ZAF",1996,0,0,0
"ESP",1996,0,0,0
"LKA",1996,0,0,0
"SDN",1996,0,0,0
"SWE",1996,0,0,0
"CHE",1996,0,0,0
"SYR",1996,0,0,0
"THA",1996,0,0,0
"TGO",1996,0,0,0
"TTO",1996,0,0,0
"TUN",1996,0,0,0
"UGA",1996,0,0,0
"UKR",1996,0,0,0
"ARE",1996,0,0,0
"URY",1996,0,0,0
"VNM",1996,0,0,0
"ZMB",1996,0,0,0
"ZWE",1996,0,0,0
"ALB",1997,0,0,0
"DZA",1997,0,0,0
"AGO",1997,0,0,0
"ARG",1997,0,0,0
"AUS",1997,0,0,0
"AUT",1997,0,0,0
"AZE",1997,0,0,0
"BHR",1997,0,0,0
"BGD",1997,0,0,0
"BLR",1997,0,0,0
"BEL",1997,0,0,0
"BEN",1997,0,0,0
"BIH",1997,0,0,0
"BWA",1997,0,1,1
"BRA",1997,0,0,0
"BGR",1997,0,0,0
"BFA",1997,0,0,0
"BDI",1997,0,0,0
"CPV",1997,0,0,0
"CMR",1997,0,0,0
"CAN",1997,0,0,0
"TCD",1997,0,0,0
"CHL",1997,1,1,1
"CHN",1997,1,1,1
"COL",1997,0,0,0
"CRI",1997,1,0,1
"HRV",1997,0,0,0
"CUB",1997,0,0,0
"CZE",1997,0,0,0
"DNK",1997,0,0,0
"DJI",1997,0,0,0
"DOM",1997,0,0,0
"ECU",1997,0,0,0
"GNQ",1997,0,0,0
"EST",1997,0,0,0
"ETH",1997,0,0,0
"FIN",1997,0,0,0
"FRA",1997,1,1,1
"GAB",1997,0,0,0
"DEU",1997,0,1,1
"GHA",1997,0,0,0
"GRC",1997,0,0,0
"GTM",1997,0,0,0
"GIN",1997,0,0,0
"GNB",1997,1,1,1
"GUY",1997,0,0,0
"HND",1997,0,1,1
"HUN",1997,0,0,0
"IND",1997,0,0,0
"IDN",1997,0,1,1
"IRQ",1997,0,0,0
"IRL",1997,0,0,0
"ITA",1997,0,1,1
"JAM",1997,0,0,0
"JPN",1997,1,0,1
"JOR",1997,0,0,0
"KAZ",1997,0,0,0
"KEN",1997,1,0,1
"KWT",1997,0,0,0
"LVA",1997,0,0,0
"LBN",1997,0,0,0
"LBR",1997,0,0,0
"LBY",1997,0,0,0
"LTU",1997,0,0,0
"LUX",1997,0,0,0
"MDG",1997,0,0,0
"MYS",1997,0,0,0
"MLI",1997,0,0,0
"MLT",1997,0,0,0
"MRT",1997,0,0,0
"MUS",1997,0,0,0
"MEX",1997,0,0,0
"MAR",1997,0,0,0
"MOZ",1997,0,0,0
"NAM",1997,0,0,0
"NPL",1997,0,0,0
"NLD",1997,0,0,0
"NZL",1997,0,0,0
"NIC",1997,0,0,0
"NER",1997,0,0,0
"NGA",1997,0,0,0
"NOR",1997,0,0,0
"OMN",1997,0,0,0
"PAK",1997,0,0,0
"PAN",1997,0,0,0
"PRY",1997,0,0,0
"PER",1997,0,0,0
"PHL",1997,0,0,0
"POL",1997,1,1,1
"PRT",1997,1,0,1
"QAT",1997,0,0,0
"ROU",1997,0,0,0
"RUS",1997,1,1,1
"RWA",1997,0,0,0
"SEN",1997,0,0,0
"SLE",1997,0,0,0
"SGP",1997,0,0,0
"SVN",1997,0,0,0
"ZAF",1997,0,0,0
"ESP",1997,0,0,0
"LKA",1997,0,0,0
"SDN",1997,0,0,0
"SWE",1997,1,0,1
"CHE",1997,0,0,0
"SYR",1997,0,0,0
"THA",1997,0,0,0
"TGO",1997,0,0,0
"TTO",1997,0,0,0
"TUN",1997,0,0,0
"UGA",1997,0,0,0
"UKR",1997,0,0,0
"ARE",1997,0,0,0
"URY",1997,0,0,0
"VNM",1997,0,0,0
"ZMB",1997,0,0,0
"ZWE",1997,0,0,0
"ALB",1998,0,0,0
"DZA",1998,0,0,0
"AGO",1998,0,0,0
"ARG",1998,0,0,0
"AUS",1998,0,0,0
"AUT",1998,0,0,0
"AZE",1998,0,0,0
"BHR",1998,1,0,1
"BGD",1998,0,0,0
"BLR",1998,0,0,0
"BEL",1998,0,0,0
"BEN",1998,0,0,0
"BIH",1998,0,0,0
"BWA",1998,0,0,0
"BRA",1998,1,0,1
"BGR",1998,0,0,0
"BFA",1998,0,0,0
"BDI",1998,0,0,0
"CPV",1998,0,0,0
"CMR",1998,0,0,0
"CAN",1998,0,0,0
"TCD",1998,0,0,0
"CHL",1998,0,1,1
"CHN",1998,1,1,1
"COL",1998,0,0,0
"CRI",1998,1,1,1
"HRV",1998,0,0,0
"CUB",1998,0,0,0
"CZE",1998,0,0,0
"DNK",1998,0,0,0
"DJI",1998,0,0,0
"DOM",1998,0,0,0
"ECU",1998,0,0,0
"GNQ",1998,0,0,0
"EST",1998,0,0,0
"ETH",1998,0,0,0
"FIN",1998,0,0,0
"FRA",1998,1,1,1
"GAB",1998,1,0,1
"DEU",1998,0,0,0
"GHA",1998,0,0,0
"GRC",1998,0,0,0
"GTM",1998,0,0,0
"GIN",1998,0,0,0
"GNB",1998,0,1,1
"GUY",1998,0,0,0
"HND",1998,0,0,0
"HUN",1998,0,0,0
"IND",1998,0,0,0
"IDN",1998,0,0,0
"IRQ",1998,0,0,0
"IRL",1998,0,0,0
"ITA",1998,0,0,0
"JAM",1998,0,0,0
"JPN",1998,1,1,1
"JOR",1998,0,0,0
"KAZ",1998,0,0,0
"KEN",1998,1,1,1
"KWT",1998,0,0,0
"LVA",1998,0,0,0
"LBN",1998,0,0,0
"LBR",1998,0,0,0
"LBY",1998,0,0,0
"LTU",1998,0,0,0
"LUX",1998,0,0,0
"MDG",1998,0,0,0
"MYS",1998,0,0,0
"MLI",1998,0,0,0
"MLT",1998,0,0,0
"MRT",1998,0,0,0
"MUS",1998,0,0,0
"MEX",1998,0,0,0
"MAR",1998,0,0,0
"MOZ",1998,0,0,0
"NAM",1998,0,0,0
"NPL",1998,0,0,0
"NLD",1998,0,0,0
"NZL",1998,0,0,0
"NIC",1998,0,0,0
"NER",1998,0,0,0
"NGA",1998,0,0,0
"NOR",1998,0,0,0
"OMN",1998,0,0,0
"PAK",1998,0,0,0
"PAN",1998,0,0,0
"PRY",1998,0,0,0
"PER",1998,0,0,0
"PHL",1998,0,0,0
"POL",1998,0,1,1
"PRT",1998,1,1,1
"QAT",1998,0,0,0
"ROU",1998,0,0,0
"RUS",1998,1,1,1
"RWA",1998,0,0,0
"SEN",1998,0,0,0
"SLE",1998,0,0,0
"SGP",1998,0,0,0
"SVN",1998,1,0,1
"ZAF",1998,0,0,0
"ESP",1998,0,0,0
"LKA",1998,0,0,0
"SDN",1998,0,0,0
"SWE",1998,1,1,1
"CHE",1998,0,0,0
"SYR",1998,0,0,0
"THA",1998,0,0,0
"TGO",1998,0,0,0
"TTO",1998,0,0,0
"TUN",1998,0,0,0
"UGA",1998,0,0,0
"UKR",1998,0,0,0
"ARE",1998,0,0,0
"URY",1998,0,0,0
"VNM",1998,0,0,0
"ZMB",1998,0,0,0
"ZWE",1998,0,0,0
"ALB",1999,0,0,0
"DZA",1999,0,0,0
"AGO",1999,0,0,0
"ARG",1999,1,0,1
"AUS",1999,0,0,0
"AUT",1999,0,0,0
"AZE",1999,0,0,0
"BHR",1999,1,1,1
"BGD",1999,0,0,0
"BLR",1999,0,0,0
"BEL",1999,0,0,0
"BEN",1999,0,0,0
"BIH",1999,0,0,0
"BWA",1999,0,0,0
"BRA",1999,1,1,1
"BGR",1999,0,0,0
"BFA",1999,0,0,0
"BDI",1999,0,0,0
"CPV",1999,0,0,0
"CMR",1999,0,0,0
"CAN",1999,1,0,1
"TCD",1999,0,0,0
"CHL",1999,0,0,0
"CHN",1999,1,1,1
"COL",1999,0,0,0
"CRI",1999,0,1,1
"HRV",1999,0,0,0
"CUB",1999,0,0,0
"CZE",1999,0,0,0
"DNK",1999,0,0,0
"DJI",1999,0,0,0
"DOM",1999,0,0,0
"ECU",1999,0,0,0
"GNQ",1999,0,0,0
"EST",1999,0,0,0
"ETH",1999,0,0,0
"FIN",1999,0,0,0
"FRA",1999,1,1,1
"GAB",1999,1,1,1
"DEU",1999,0,0,0
"GHA",1999,0,0,0
"GRC",1999,0,0,0
"GTM",1999,0,0,0
"GIN",1999,0,0,0
"GNB",1999,0,0,0
"GUY",1999,0,0,0
"HND",1999,0,0,0
"HUN",1999,0,0,0
"IND",1999,0,0,0
"IDN",1999,0,0,0
"IRQ",1999,0,0,0
"IRL",1999,0,0,0
"ITA",1999,0,0,0
"JAM",1999,0,0,0
"JPN",1999,0,1,1
"JOR",1999,0,0,0
"KAZ",1999,0,0,0
"KEN",1999,0,1,1
"KWT",1999,0,0,0
"LVA",1999,0,0,0
"LBN",1999,0,0,0
"LBR",1999,0,0,0
"LBY",1999,0,0,0
"LTU",1999,0,0,0
"LUX",1999,0,0,0
"MDG",1999,0,0,0
"MYS",1999,1,0,1
"MLI",1999,0,0,0
"MLT",1999,0,0,0
"MRT",1999,0,0,0
"MUS",1999,0,0,0
"MEX",1999,0,0,0
"MAR",1999,0,0,0
"MOZ",1999,0,0,0
"NAM",1999,1,0,1
"NPL",1999,0,0,0
"NLD",1999,1,0,1
"NZL",1999,0,0,0
"NIC",1999,0,0,0
"NER",1999,0,0,0
"NGA",1999,0,0,0
"NOR",1999,0,0,0
"OMN",1999,0,0,0
"PAK",1999,0,0,0
"PAN",1999,0,0,0
"PRY",1999,0,0,0
"PER",1999,0,0,0
"PHL",1999,0,0,0
"POL",1999,0,0,0
"PRT",1999,0,1,1
"QAT",1999,0,0,0
"ROU",1999,0,0,0
"RUS",1999,1,1,1
"RWA",1999,0,0,0
"SEN",1999,0,0,0
"SLE",1999,0,0,0
"SGP",1999,0,0,0
"SVN",1999,1,1,1
"ZAF",1999,0,0,0
"ESP",1999,0,0,0
"LKA",1999,0,0,0
"SDN",1999,0,0,0
"SWE",1999,0,1,1
"CHE",1999,0,0,0
"SYR",1999,0,0,0
"THA",1999,0,0,0
"TGO",1999,0,0,0
"TTO",1999,0,0,0
"TUN",1999,0,0,0
"UGA",1999,0,0,0
"UKR",1999,0,0,0
"ARE",1999,0,0,0
"URY",1999,0,0,0
"VNM",1999,0,0,0
"ZMB",1999,0,0,0
"ZWE",1999,0,0,0
"ALB",2000,0,0,0
"DZA",2000,0,0,0
"AGO",2000,0,0,0
"ARG",2000,1,1,1
"AUS",2000,0,0,0
"AUT",2000,0,0,0
"AZE",2000,0,0,0
"BHR",2000,0,1,1
"BGD",2000,1,0,1
"BLR",2000,0,0,0
"BEL",2000,0,0,0
"BEN",2000,0,0,0
"BIH",2000,0,0,0
"BWA",2000,0,0,0
"BRA",2000,0,1,1
"BGR",2000,0,0,0
"BFA",2000,0,0,0
"BDI",2000,0,0,0
"CPV",2000,0,0,0
"CMR",2000,0,0,0
"CAN",2000,1,1,1
"TCD",2000,0,0,0
"CHL",2000,0,0,0
"CHN",2000,1,1,1
"COL",2000,0,0,0
"CRI",2000,0,0,0
"HRV",2000,0,0,0
"CUB",2000,0,0,0
"CZE",2000,0,0,0
"DNK",2000,0,0,0
"DJI",2000,0,0,0
"DOM",2000,0,0,0
"ECU",2000,0,0,0
"GNQ",2000,0,0,0
"EST",2000,0,0,0
"ETH",2000,0,0,0
"FIN",2000,0,0,0
"FRA",2000,1,1,1
"GAB",2000,0,1,1
"DEU",2000,0,0,0
"GHA",2000,0,0,0
"GRC",2000,0,0,0
"GTM",2000,0,0,0
"GIN",2000,0,0,0
"GNB",2000,0,0,0
"GUY",2000,0,0,0
"HND",2000,0,0,0
"HUN",2000,0,0,0
"IND",2000,0,0,0
"IDN",2000,0,0,0
"IRQ",2000,0,0,0
"IRL",2000,0,0,0
"ITA",2000,0,0,0
"JAM",2000,1,0,1
"JPN",2000,0,0,0
"JOR",2000,0,0,0
"KAZ",2000,0,0,0
"KEN",2000,0,0,0
"KWT",2000,0,0,0
"LVA",2000,0,0,0
"LBN",2000,0,0,0
"LBR",2000,0,0,0
"LBY",2000,0,0,0
"LTU",2000,0,0,0
"LUX",2000,0,0,0
"MDG",2000,0,0,0
"MYS",2000,1,1,1
"MLI",2000,1,0,1
"MLT",2000,0,0,0
"MRT",2000,0,0,0
"MUS",2000,0,0,0
"MEX",2000,0,0,0
"MAR",2000,0,0,0
"MOZ",2000,0,0,0
"NAM",2000,1,1,1
"NPL",2000,0,0,0
"NLD",2000,1,1,1
"NZL",2000,0,0,0
"NIC",2000,0,0,0
"NER",2000,0,0,0
"NGA",2000,0,0,0
"NOR",2000,0,0,0
"OMN",2000,0,0,0
"PAK",2000,0,0,0
"PAN",2000,0,0,0
"PRY",2000,0,0,0
"PER",2000,0,0,0
"PHL",2000,0,0,0
"POL",2000,0,0,0
"PRT",2000,0,0,0
"QAT",2000,0,0,0
"ROU",2000,0,0,0
"RUS",2000,1,1,1
"RWA",2000,0,0,0
"SEN",2000,0,0,0
"SLE",2000,0,0,0
"SGP",2000,0,0,0
"SVN",2000,0,1,1
"ZAF",2000,0,0,0
"ESP",2000,0,0,0
"LKA",2000,0,0,0
"SDN",2000,0,0,0
"SWE",2000,0,0,0
"CHE",2000,0,0,0
"SYR",2000,0,0,0
"THA",2000,0,0,0
"TGO",2000,0,0,0
"TTO",2000,0,0,0
"TUN",2000,1,0,1
"UGA",2000,0,0,0
"UKR",2000,1,0,1
"ARE",2000,0,0,0
"URY",2000,0,0,0
"VNM",2000,0,0,0
"ZMB",2000,0,0,0
"ZWE",2000,0,0,0
"ALB",2001,0,0,0
"DZA",2001,0,0,0
"AGO",2001,0,0,0
"ARG",2001,0,1,1
"AUS",2001,0,0,0
"AUT",2001,0,0,0
"AZE",2001,0,0,0
"BHR",2001,0,0,0
"BGD",2001,1,1,1
"BLR",2001,0,0,0
"BEL",2001,0,0,0
"BEN",2001,0,0,0
"BIH",2001,0,0,0
"BWA",2001,0,0,0
"BRA",2001,0,0,0
"BGR",2001,0,0,0
"BFA",2001,0,0,0
"BDI",2001,0,0,0
"CPV",2001,0,0,0
"CMR",2001,0,0,0
"CAN",2001,0,1,1
"TCD",2001,0,0,0
"CHL",2001,0,0,0
"CHN",2001,1,1,1
"COL",2001,1,0,1
"CRI",2001,0,0,0
"HRV",2001,0,0,0
"CUB",2001,0,0,0
"CZE",2001,0,0,0
"DNK",2001,0,0,0
"DJI",2001,0,0,0
"DOM",2001,0,0,0
"ECU",2001,0,0,0
"GNQ",2001,0,0,0
"EST",2001,0,0,0
"ETH",2001,0,0,0
"FIN",2001,0,0,0
"FRA",2001,1,1,1
"GAB",2001,0,0,0
"DEU",2001,0,0,0
"GHA",2001,0,0,0
"GRC",2001,0,0,0
"GTM",2001,0,0,0
"GIN",2001,0,0,0
"GNB",2001,0,0,0
"GUY",2001,0,0,0
"HND",2001,0,0,0
"HUN",2001,0,0,0
"IND",2001,0,0,0
"IDN",2001,0,0,0
"IRQ",2001,0,0,0
"IRL",2001,1,0,1
"ITA",2001,0,0,0
"JAM",2001,1,1,1
"JPN",2001,0,0,0
"JOR",2001,0,0,0
"KAZ",2001,0,0,0
"KEN",2001,0,0,0
"KWT",2001,0,0,0
"LVA",2001,0,0,0
"LBN",2001,0,0,0
"LBR",2001,0,0,0
"LBY",2001,0,0,0
"LTU",2001,0,0,0
"LUX",2001,0,0,0
"MDG",2001,0,0,0
"MYS",2001,0,1,1
"MLI",2001,1,1,1
"MLT",2001,0,0,0
"MRT",2001,0,0,0
"MUS",2001,1,0,1
"MEX",2001,0,0,0
"MAR",2001,0,0,0
"MOZ",2001,0,0,0
"NAM",2001,0,1,1
"NPL",2001,0,0,0
"NLD",2001,0,1,1
"NZL",2001,0,0,0
"NIC",2001,0,0,0
"NER",2001,0,0,0
"NGA",2001,0,0,0
"NOR",2001,1,0,1
"OMN",2001,0,0,0
"PAK",2001,0,0,0
"PAN",2001,0,0,0
"PRY",2001,0,0,0
"PER",2001,0,0,0
"PHL",2001,0,0,0
"POL",2001,0,0,0
"PRT",2001,0,0,0
"QAT",2001,0,0,0
"ROU",2001,0,0,0
"RUS",2001,1,1,1
"RWA",2001,0,0,0
"SEN",2001,0,0,0
"SLE",2001,0,0,0
"SGP",2001,1,0,1
"SVN",2001,0,0,0
"ZAF",2001,0,0,0
"ESP",2001,0,0,0
"LKA",2001,0,0,0
"SDN",2001,0,0,0
"SWE",2001,0,0,0
"CHE",2001,0,0,0
"SYR",2001,0,0,0
"THA",2001,0,0,0
"TGO",2001,0,0,0
"TTO",2001,0,0,0
"TUN",2001,1,1,1
"UGA",2001,0,0,0
"UKR",2001,1,1,1
"ARE",2001,0,0,0
"URY",2001,0,0,0
"VNM",2001,0,0,0
"ZMB",2001,0,0,0
"ZWE",2001,0,0,0
"ALB",2002,0,0,0
"DZA",2002,0,0,0
"AGO",2002,0,0,0
"ARG",2002,0,0,0
"AUS",2002,0,0,0
"AUT",2002,0,0,0
"AZE",2002,0,0,0
"BHR",2002,0,0,0
"BGD",2002,0,1,1
"BLR",2002,0,0,0
"BEL",2002,0,0,0
"BEN",2002,0,0,0
"BIH",2002,0,0,0
"BWA",2002,0,0,0
"BRA",2002,0,0,0
"BGR",2002,1,0,1
"BFA",2002,0,0,0
"BDI",2002,0,0,0
"CPV",2002,0,0,0
"CMR",2002,1,0,1
"CAN",2002,0,0,0
"TCD",2002,0,0,0
"CHL",2002,0,0,0
"CHN",2002,1,1,1
"COL",2002,1,1,1
"CRI",2002,0,0,0
"HRV",2002,0,0,0
"CUB",2002,0,0,0
"CZE",2002,0,0,0
"DNK",2002,0,0,0
"DJI",2002,0,0,0
"DOM",2002,0,0,0
"ECU",2002,0,0,0
"GNQ",2002,0,0,0
"EST",2002,0,0,0
"ETH",2002,0,0,0
"FIN",2002,0,0,0
"FRA",2002,1,1,1
"GAB",2002,0,0,0
"DEU",2002,0,0,0
"GHA",2002,0,0,0
"GRC",2002,0,0,0
"GTM",2002,0,0,0
"GIN",2002,1,0,1
"GNB",2002,0,0,0
"GUY",2002,0,0,0
"HND",2002,0,0,0
"HUN",2002,0,0,0
"IND",2002,0,0,0
"IDN",2002,0,0,0
"IRQ",2002,0,0,0
"IRL",2002,1,1,1
"ITA",2002,0,0,0
"JAM",2002,0,1,1
"JPN",2002,0,0,0
"JOR",2002,0,0,0
"KAZ",2002,0,0,0
"KEN",2002,0,0,0
"KWT",2002,0,0,0
"LVA",2002,0,0,0
"LBN",2002,0,0,0
"LBR",2002,0,0,0
"LBY",2002,0,0,0
"LTU",2002,0,0,0
"LUX",2002,0,0,0
"MDG",2002,0,0,0
"MYS",2002,0,0,0
"MLI",2002,0,1,1
"MLT",2002,0,0,0
"MRT",2002,0,0,0
"MUS",2002,1,1,1
"MEX",2002,1,0,1
"MAR",2002,0,0,0
"MOZ",2002,0,0,0
"NAM",2002,0,0,0
"NPL",2002,0,0,0
"NLD",2002,0,0,0
"NZL",2002,0,0,0
"NIC",2002,0,0,0
"NER",2002,0,0,0
"NGA",2002,0,0,0
"NOR",2002,1,1,1
"OMN",2002,0,0,0
"PAK",2002,0,0,0
"PAN",2002,0,0,0
"PRY",2002,0,0,0
"PER",2002,0,0,0
"PHL",2002,0,0,0
"POL",2002,0,0,0
"PRT",2002,0,0,0
"QAT",2002,0,0,0
"ROU",2002,0,0,0
"RUS",2002,1,1,1
"RWA",2002,0,0,0
"SEN",2002,0,0,0
"SLE",2002,0,0,0
"SGP",2002,1,1,1
"SVN",2002,0,0,0
"ZAF",2002,0,0,0
"ESP",2002,0,0,0
"LKA",2002,0,0,0
"SDN",2002,0,0,0
"SWE",2002,0,0,0
"CHE",2002,0,0,0
"SYR",2002,1,0,1
"THA",2002,0,0,0
"TGO",2002,0,0,0
"TTO",2002,0,0,0
"TUN",2002,0,1,1
"UGA",2002,0,0,0
"UKR",2002,0,1,1
"ARE",2002,0,0,0
"URY",2002,0,0,0
"VNM",2002,0,0,0
"ZMB",2002,0,0,0
"ZWE",2002,0,0,0
"ALB",2003,0,0,0
"DZA",2003,0,0,0
"AGO",2003,1,0,1
"ARG",2003,0,0,0
"AUS",2003,0,0,0
"AUT",2003,0,0,0
"AZE",2003,0,0,0
"BHR",2003,0,0,0
"BGD",2003,0,0,0
"BLR",2003,0,0,0
"BEL",2003,0,0,0
"BEN",2003,0,0,0
"BIH",2003,0,0,0
"BWA",2003,0,0,0
"BRA",2003,0,0,0
"BGR",2003,1,1,1
"BFA",2003,0,0,0
"BDI",2003,0,0,0
"CPV",2003,0,0,0
"CMR",2003,1,1,1
"CAN",2003,0,0,0
"TCD",2003,0,0,0
"CHL",2003,1,0,1
"CHN",2003,1,1,1
"COL",2003,0,1,1
"CRI",2003,0,0,0
"HRV",2003,0,0,0
"CUB",2003,0,0,0
"CZE",2003,0,0,0
"DNK",2003,0,0,0
"DJI",2003,0,0,0
"DOM",2003,0,0,0
"ECU",2003,0,0,0
"GNQ",2003,0,0,0
"EST",2003,0,0,0
"ETH",2003,0,0,0
"FIN",2003,0,0,0
"FRA",2003,1,1,1
"GAB",2003,0,0,0
"DEU",2003,1,0,1
"GHA",2003,0,0,0
"GRC",2003,0,0,0
"GTM",2003,0,0,0
"GIN",2003,1,1,1
"GNB",2003,0,0,0
"GUY",2003,0,0,0
"HND",2003,0,0,0
"HUN",2003,0,0,0
"IND",2003,0,0,0
"IDN",2003,0,0,0
"IRQ",2003,0,0,0
"IRL",2003,0,1,1
"ITA",2003,0,0,0
"JAM",2003,0,0,0
"JPN",2003,0,0,0
"JOR",2003,0,0,0
"KAZ",2003,0,0,0
"KEN",2003,0,0,0
"KWT",2003,0,0,0
"LVA",2003,0,0,0
"LBN",2003,0,0,0
"LBR",2003,0,0,0
"LBY",2003,0,0,0
"LTU",2003,0,0,0
"LUX",2003,0,0,0
"MDG",2003,0,0,0
"MYS",2003,0,0,0
"MLI",2003,0,0,0
"MLT",2003,0,0,0
"MRT",2003,0,0,0
"MUS",2003,0,1,1
"MEX",2003,1,1,1
"MAR",2003,0,0,0
"MOZ",2003,0,0,0
"NAM",2003,0,0,0
"NPL",2003,0,0,0
"NLD",2003,0,0,0
"NZL",2003,0,0,0
"NIC",2003,0,0,0
"NER",2003,0,0,0
"NGA",2003,0,0,0
"NOR",2003,0,1,1
"OMN",2003,0,0,0
"PAK",2003,1,0,1
"PAN",2003,0,0,0
"PRY",2003,0,0,0
"PER",2003,0,0,0
"PHL",2003,0,0,0
"POL",2003,0,0,0
"PRT",2003,0,0,0
"QAT",2003,0,0,0
"ROU",2003,0,0,0
"RUS",2003,1,1,1
"RWA",2003,0,0,0
"SEN",2003,0,0,0
"SLE",2003,0,0,0
"SGP",2003,0,1,1
"SVN",2003,0,0,0
"ZAF",2003,0,0,0
"ESP",2003,1,0,1
"LKA",2003,0,0,0
"SDN",2003,0,0,0
"SWE",2003,0,0,0
"CHE",2003,0,0,0
"SYR",2003,1,1,1
"THA",2003,0,0,0
"TGO",2003,0,0,0
"TTO",2003,0,0,0
"TUN",2003,0,0,0
"UGA",2003,0,0,0
"UKR",2003,0,0,0
"ARE",2003,0,0,0
"URY",2003,0,0,0
"VNM",2003,0,0,0
"ZMB",2003,0,0,0
"ZWE",2003,0,0,0
"ALB",2004,0,0,0
"DZA",2004,1,0,1
"AGO",2004,1,1,1
"ARG",2004,0,0,0
"AUS",2004,0,0,0
"AUT",2004,0,0,0
"AZE",2004,0,0,0
"BHR",2004,0,0,0
"BGD",2004,0,0,0
"BLR",2004,0,0,0
"BEL",2004,0,0,0
"BEN",2004,1,0,1
"BIH",2004,0,0,0
"BWA",2004,0,0,0
"BRA",2004,1,0,1
"BGR",2004,0,1,1
"BFA",2004,0,0,0
"BDI",2004,0,0,0
"CPV",2004,0,0,0
"CMR",2004,0,1,1
"CAN",2004,0,0,0
"TCD",2004,0,0,0
"CHL",2004,1,1,1
"CHN",2004,1,1,1
"COL",2004,0,0,0
"CRI",2004,0,0,0
"HRV",2004,0,0,0
"CUB",2004,0,0,0
"CZE",2004,0,0,0
"DNK",2004,0,0,0
"DJI",2004,0,0,0
"DOM",2004,0,0,0
"ECU",2004,0,0,0
"GNQ",2004,0,0,0
"EST",2004,0,0,0
"ETH",2004,0,0,0
"FIN",2004,0,0,0
"FRA",2004,1,1,1
"GAB",2004,0,0,0
"DEU",2004,1,1,1
"GHA",2004,0,0,0
"GRC",2004,0,0,0
"GTM",2004,0,0,0
"GIN",2004,0,1,1
"GNB",2004,0,0,0
"GUY",2004,0,0,0
"HND",2004,0,0,0
"HUN",2004,0,0,0
"IND",2004,0,0,0
"IDN",2004,0,0,0
"IRQ",2004,0,0,0
"IRL",2004,0,0,0
"ITA",2004,0,0,0
"JAM",2004,0,0,0
"JPN",2004,0,0,0
"JOR",2004,0,0,0
"KAZ",2004,0,0,0
"KEN",2004,0,0,0
"KWT",2004,0,0,0
"LVA",2004,0,0,0
"LBN",2004,0,0,0
"LBR",2004,0,0,0
"LBY",2004,0,0,0
"LTU",2004,0,0,0
"LUX",2004,0,0,0
"MDG",2004,0,0,0
"MYS",2004,0,0,0
"MLI",2004,0,0,0
"MLT",2004,0,0,0
"MRT",2004,0,0,0
"MUS",2004,0,0,0
"MEX",2004,0,1,1
"MAR",2004,0,0,0
"MOZ",2004,0,0,0
"NAM",2004,0,0,0
"NPL",2004,0,0,0
"NLD",2004,0,0,0
"NZL",2004,0,0,0
"NIC",2004,0,0,0
"NER",2004,0,0,0
"NGA",2004,0,0,0
"NOR",2004,0,0,0
"OMN",2004,0,0,0
"PAK",2004,1,1,1
"PAN",2004,0,0,0
"PRY",2004,0,0,0
"PER",2004,0,0,0
"PHL",2004,1,0,1
"POL",2004,0,0,0
"PRT",2004,0,0,0
"QAT",2004,0,0,0
"ROU",2004,1,0,1
"RUS",2004,1,1,1
"RWA",2004,0,0,0
"SEN",2004,0,0,0
"SLE",2004,0,0,0
"SGP",2004,0,0,0
"SVN",2004,0,0,0
"ZAF",2004,0,0,0
"ESP",2004,1,1,1
"LKA",2004,0,0,0
"SDN",2004,0,0,0
"SWE",2004,0,0,0
"CHE",2004,0,0,0
"SYR",2004,0,1,1
"THA",2004,0,0,0
"TGO",2004,0,0,0
"TTO",2004,0,0,0
"TUN",2004,0,0,0
"UGA",2004,0,0,0
"UKR",2004,0,0,0
"ARE",2004,0,0,0
"URY",2004,0,0,0
"VNM",2004,0,0,0
"ZMB",2004,0,0,0
"ZWE",2004,0,0,0
"ALB",2005,0,0,0
"DZA",2005,1,1,1
"AGO",2005,0,1,1
"ARG",2005,1,0,1
"AUS",2005,0,0,0
"AUT",2005,0,0,0
"AZE",2005,0,0,0
"BHR",2005,0,0,0
"BGD",2005,0,0,0
"BLR",2005,0,0,0
"BEL",2005,0,0,0
"BEN",2005,1,1,1
"BIH",2005,0,0,0
"BWA",2005,0,0,0
"BRA",2005,1,1,1
"BGR",2005,0,0,0
"BFA",2005,0,0,0
"BDI",2005,0,0,0
"CPV",2005,0,0,0
"CMR",2005,0,0,0
"CAN",2005,0,0,0
"TCD",2005,0,0,0
"CHL",2005,0,1,1
"CHN",2005,1,1,1
"COL",2005,0,0,0
"CRI",2005,0,0,0
"HRV",2005,0,0,0
"CUB",2005,0,0,0
"CZE",2005,0,0,0
"DNK",2005,1,0,1
"DJI",2005,0,0,0
"DOM",2005,0,0,0
"ECU",2005,0,0,0
"GNQ",2005,0,0,0
"EST",2005,0,0,0
"ETH",2005,0,0,0
"FIN",2005,0,0,0
"FRA",2005,1,1,1
"GAB",2005,0,0,0
"DEU",2005,0,1,1
"GHA",2005,0,0,0
"GRC",2005,1,0,1
"GTM",2005,0,0,0
"GIN",2005,0,0,0
"GNB",2005,0,0,0
"GUY",2005,0,0,0
"HND",2005,0,0,0
"HUN",2005,0,0,0
"IND",2005,0,0,0
"IDN",2005,0,0,0
"IRQ",2005,0,0,0
"IRL",2005,0,0,0
"ITA",2005,0,0,0
"JAM",2005,0,0,0
"JPN",2005,1,0,1
"JOR",2005,0,0,0
"KAZ",2005,0,0,0
"KEN",2005,0,0,0
"KWT",2005,0,0,0
"LVA",2005,0,0,0
"LBN",2005,0,0,0
"LBR",2005,0,0,0
"LBY",2005,0,0,0
"LTU",2005,0,0,0
"LUX",2005,0,0,0
"MDG",2005,0,0,0
"MYS",2005,0,0,0
"MLI",2005,0,0,0
"MLT",2005,0,0,0
"MRT",2005,0,0,0
"MUS",2005,0,0,0
"MEX",2005,0,0,0
"MAR",2005,0,0,0
"MOZ",2005,0,0,0
"NAM",2005,0,0,0
"NPL",2005,0,0,0
"NLD",2005,0,0,0
"NZL",2005,0,0,0
"NIC",2005,0,0,0
"NER",2005,0,0,0
"NGA",2005,0,0,0
"NOR",2005,0,0,0
"OMN",2005,0,0,0
"PAK",2005,0,1,1
"PAN",2005,0,0,0
"PRY",2005,0,0,0
"PER",2005,0,0,0
"PHL",2005,1,1,1
"POL",2005,0,0,0
"PRT",2005,0,0,0
"QAT",2005,0,0,0
"ROU",2005,1,1,1
"RUS",2005,1,1,1
"RWA",2005,0,0,0
"SEN",2005,0,0,0
"SLE",2005,0,0,0
"SGP",2005,0,0,0
"SVN",2005,0,0,0
"ZAF",2005,0,0,0
"ESP",2005,0,1,1
"LKA",2005,0,0,0
"SDN",2005,0,0,0
"SWE",2005,0,0,0
"CHE",2005,0,0,0
"SYR",2005,0,0,0
"THA",2005,0,0,0
"TGO",2005,0,0,0
"TTO",2005,0,0,0
"TUN",2005,0,0,0
"UGA",2005,0,0,0
"UKR",2005,0,0,0
"ARE",2005,0,0,0
"URY",2005,0,0,0
"VNM",2005,0,0,0
"ZMB",2005,0,0,0
"ZWE",2005,0,0,0
"ALB",2006,0,0,0
"DZA",2006,0,1,1
"AGO",2006,0,0,0
"ARG",2006,1,1,1
"AUS",2006,0,0,0
"AUT",2006,0,0,0
"AZE",2006,0,0,0
"BHR",2006,0,0,0
"BGD",2006,0,0,0
"BLR",2006,0,0,0
"BEL",2006,0,0,0
"BEN",2006,0,1,1
"BIH",2006,0,0,0
"BWA",2006,0,0,0
"BRA",2006,0,1,1
"BGR",2006,0,0,0
"BFA",2006,0,0,0
"BDI",2006,0,0,0
"CPV",2006,0,0,0
"CMR",2006,0,0,0
"CAN",2006,0,0,0
"TCD",2006,0,0,0
"CHL",2006,0,0,0
"CHN",2006,1,1,1
"COL",2006,0,0,0
"CRI",2006,0,0,0
"HRV",2006,0,0,0
"CUB",2006,0,0,0
"CZE",2006,0,0,0
"DNK",2006,1,1,1
"DJI",2006,0,0,0
"DOM",2006,0,0,0
"ECU",2006,0,0,0
"GNQ",2006,0,0,0
"EST",2006,0,0,0
"ETH",2006,0,0,0
"FIN",2006,0,0,0
"FRA",2006,1,1,1
"GAB",2006,0,0,0
"DEU",2006,0,0,0
"GHA",2006,1,0,1
"GRC",2006,1,1,1
"GTM",2006,0,0,0
"GIN",2006,0,0,0
"GNB",2006,0,0,0
"GUY",2006,0,0,0
"HND",2006,0,0,0
"HUN",2006,0,0,0
"IND",2006,0,0,0
"IDN",2006,0,0,0
"IRQ",2006,0,0,0
"IRL",2006,0,0,0
"ITA",2006,0,0,0
"JAM",2006,0,0,0
"JPN",2006,1,1,1
"JOR",2006,0,0,0
"KAZ",2006,0,0,0
"KEN",2006,0,0,0
"KWT",2006,0,0,0
"LVA",2006,0,0,0
"LBN",2006,0,0,0
"LBR",2006,0,0,0
"LBY",2006,0,0,0
"LTU",2006,0,0,0
"LUX",2006,0,0,0
"MDG",2006,0,0,0
"MYS",2006,0,0,0
"MLI",2006,0,0,0
"MLT",2006,0,0,0
"MRT",2006,0,0,0
"MUS",2006,0,0,0
"MEX",2006,0,0,0
"MAR",2006,0,0,0
"MOZ",2006,0,0,0
"NAM",2006,0,0,0
"NPL",2006,0,0,0
"NLD",2006,0,0,0
"NZL",2006,0,0,0
"NIC",2006,0,0,0
"NER",2006,0,0,0
"NGA",2006,0,0,0
"NOR",2006,0,0,0
"OMN",2006,0,0,0
"PAK",2006,0,0,0
"PAN",2006,0,0,0
"PRY",2006,0,0,0
"PER",2006,1,0,1
"PHL",2006,0,1,1
"POL",2006,0,0,0
"PRT",2006,0,0,0
"QAT",2006,1,0,1
"ROU",2006,0,1,1
"RUS",2006,1,1,1
"RWA",2006,0,0,0
"SEN",2006,0,0,0
"SLE",2006,0,0,0
"SGP",2006,0,0,0
"SVN",2006,0,0,0
"ZAF",2006,0,0,0
"ESP",2006,0,0,0
"LKA",2006,0,0,0
"SDN",2006,0,0,0
"SWE",2006,0,0,0
"CHE",2006,0,0,0
"SYR",2006,0,0,0
"THA",2006,0,0,0
"TGO",2006,0,0,0
"TTO",2006,0,0,0
"TUN",2006,0,0,0
"UGA",2006,0,0,0
"UKR",2006,0,0,0
"ARE",2006,0,0,0
"URY",2006,0,0,0
"VNM",2006,0,0,0
"ZMB",2006,0,0,0
"ZWE",2006,0,0,0
"ALB",2007,0,0,0
"DZA",2007,0,0,0
"AGO",2007,0,0,0
"ARG",2007,0,1,1
"AUS",2007,0,0,0
"AUT",2007,0,0,0
"AZE",2007,0,0,0
"BHR",2007,0,0,0
"BGD",2007,0,0,0
"BLR",2007,0,0,0
"BEL",2007,1,0,1
"BEN",2007,0,0,0
"BIH",2007,0,0,0
"BWA",2007,0,0,0
"BRA",2007,0,0,0
"BGR",2007,0,0,0
"BFA",2007,0,0,0
"BDI",2007,0,0,0
"CPV",2007,0,0,0
"CMR",2007,0,0,0
"CAN",2007,0,0,0
"TCD",2007,0,0,0
"CHL",2007,0,0,0
"CHN",2007,1,1,1
"COL",2007,0,0,0
"CRI",2007,0,0,0
"HRV",2007,0,0,0
"CUB",2007,0,0,0
"CZE",2007,0,0,0
"DNK",2007,0,1,1
"DJI",2007,0,0,0
"DOM",2007,0,0,0
"ECU",2007,0,0,0
"GNQ",2007,0,0,0
"EST",2007,0,0,0
"ETH",2007,0,0,0
"FIN",2007,0,0,0
"FRA",2007,1,1,1
"GAB",2007,0,0,0
"DEU",2007,0,0,0
"GHA",2007,1,1,1
"GRC",2007,0,1,1
"GTM",2007,0,0,0
"GIN",2007,0,0,0
"GNB",2007,0,0,0
"GUY",2007,0,0,0
"HND",2007,0,0,0
"HUN",2007,0,0,0
"IND",2007,0,0,0
"IDN",2007,1,0,1
"IRQ",2007,0,0,0
"IRL",2007,0,0,0
"ITA",2007,1,0,1
"JAM",2007,0,0,0
"JPN",2007,0,1,1
"JOR",2007,0,0,0
"KAZ",2007,0,0,0
"KEN",2007,0,0,0
"KWT",2007,0,0,0
"LVA",2007,0,0,0
"LBN",2007,0,0,0
"LBR",2007,0,0,0
"LBY",2007,0,0,0
"LTU",2007,0,0,0
"LUX",2007,0,0,0
"MDG",2007,0,0,0
"MYS",2007,0,0,0
"MLI",2007,0,0,0
"MLT",2007,0,0,0
"MRT",2007,0,0,0
"MUS",2007,0,0,0
"MEX",2007,0,0,0
"MAR",2007,0,0,0
"MOZ",2007,0,0,0
"NAM",2007,0,0,0
"NPL",2007,0,0,0
"NLD",2007,0,0,0
"NZL",2007,0,0,0
"NIC",2007,0,0,0
"NER",2007,0,0,0
"NGA",2007,0,0,0
"NOR",2007,0,0,0
"OMN",2007,0,0,0
"PAK",2007,0,0,0
"PAN",2007,1,0,1
"PRY",2007,0,0,0
"PER",2007,1,1,1
"PHL",2007,0,0,0
"POL",2007,0,0,0
"PRT",2007,0,0,0
"QAT",2007,1,1,1
"ROU",2007,0,0,0
"RUS",2007,1,1,1
"RWA",2007,0,0,0
"SEN",2007,0,0,0
"SLE",2007,0,0,0
"SGP",2007,0,0,0
"SVN",2007,0,0,0
"ZAF",2007,1,0,1
"ESP",2007,0,0,0
"LKA",2007,0,0,0
"SDN",2007,0,0,0
"SWE",2007,0,0,0
"CHE",2007,0,0,0
"SYR",2007,0,0,0
"THA",2007,0,0,0
"TGO",2007,0,0,0
"TTO",2007,0,0,0
"TUN",2007,0,0,0
"UGA",2007,0,0,0
"UKR",2007,0,0,0
"ARE",2007,0,0,0
"URY",2007,0,0,0
"VNM",2007,0,0,0
"ZMB",2007,0,0,0
"ZWE",2007,0,0,0
"ALB",2008,0,0,0
"DZA",2008,0,0,0
"AGO",2008,0,0,0
"ARG",2008,0,0,0
"AUS",2008,0,0,0
"AUT",2008,0,0,0
"AZE",2008,0,0,0
"BHR",2008,0,0,0
"BGD",2008,0,0,0
"BLR",2008,0,0,0
"BEL",2008,1,1,1
"BEN",2008,0,0,0
"BIH",2008,0,0,0
"BWA",2008,0,0,0
"BRA",2008,0,0,0
"BGR",2008,0,0,0
"BFA",2008,1,0,1
"BDI",2008,0,0,0
"CPV",2008,0,0,0
"CMR",2008,0,0,0
"CAN",2008,0,0,0
"TCD",2008,0,0,0
"CHL",2008,0,0,0
"CHN",2008,1,1,1
"COL",2008,0,0,0
"CRI",2008,1,0,1
"HRV",2008,1,0,1
"CUB",2008,0,0,0
"CZE",2008,0,0,0
"DNK",2008,0,0,0
"DJI",2008,0,0,0
"DOM",2008,0,0,0
"ECU",2008,0,0,0
"GNQ",2008,0,0,0
"EST",2008,0,0,0
"ETH",2008,0,0,0
"FIN",2008,0,0,0
"FRA",2008,1,1,1
"GAB",2008,0,0,0
"DEU",2008,0,0,0
"GHA",2008,0,1,1
"GRC",2008,0,0,0
"GTM",2008,0,0,0
"GIN",2008,0,0,0
"GNB",2008,0,0,0
"GUY",2008,0,0,0
"HND",2008,0,0,0
"HUN",2008,0,0,0
"IND",2008,0,0,0
"IDN",2008,1,1,1
"IRQ",2008,0,0,0
"IRL",2008,0,0,0
"ITA",2008,1,1,1
"JAM",2008,0,0,0
"JPN",2008,0,0,0
"JOR",2008,0,0,0
"KAZ",2008,0,0,0
"KEN",2008,0,0,0
"KWT",2008,0,0,0
"LVA",2008,0,0,0
"LBN",2008,0,0,0
"LBR",2008,0,0,0
"LBY",2008,1,0,1
"LTU",2008,0,0,0
"LUX",2008,0,0,0
"MDG",2008,0,0,0
"MYS",2008,0,0,0
"MLI",2008,0,0,0
"MLT",2008,0,0,0
"MRT",2008,0,0,0
"MUS",2008,0,0,0
"MEX",2008,0,0,0
"MAR",2008,0,0,0
"MOZ",2008,0,0,0
"NAM",2008,0,0,0
"NPL",2008,0,0,0
"NLD",2008,0,0,0
"NZL",2008,0,0,0
"NIC",2008,0,0,0
"NER",2008,0,0,0
"NGA",2008,0,0,0
"NOR",2008,0,0,0
"OMN",2008,0,0,0
"PAK",2008,0,0,0
"PAN",2008,1,1,1
"PRY",2008,0,0,0
"PER",2008,0,1,1
"PHL",2008,0,0,0
"POL",2008,0,0,0
"PRT",2008,0,0,0
"QAT",2008,0,1,1
"ROU",2008,0,0,0
"RUS",2008,1,1,1
"RWA",2008,0,0,0
"SEN",2008,0,0,0
"SLE",2008,0,0,0
"SGP",2008,0,0,0
"SVN",2008,0,0,0
"ZAF",2008,1,1,1
"ESP",2008,0,0,0
"LKA",2008,0,0,0
"SDN",2008,0,0,0
"SWE",2008,0,0,0
"CHE",2008,0,0,0
"SYR",2008,0,0,0
"THA",2008,0,0,0
"TGO",2008,0,0,0
"TTO",2008,0,0,0
"TUN",2008,0,0,0
"UGA",2008,0,0,0
"UKR",2008,0,0,0
"ARE",2008,0,0,0
"URY",2008,0,0,0
"VNM",2008,1,0,1
"ZMB",2008,0,0,0
"ZWE",2008,0,0,0
"ALB",2009,0,0,0
"DZA",2009,0,0,0
"AGO",2009,0,0,0
"ARG",2009,0,0,0
"AUS",2009,0,0,0
"AUT",2009,1,0,1
"AZE",2009,0,0,0
"BHR",2009,0,0,0
"BGD",2009,0,0,0
"BLR",2009,0,0,0
"BEL",2009,0,1,1
"BEN",2009,0,0,0
"BIH",2009,0,0,0
"BWA",2009,0,0,0
"BRA",2009,0,0,0
"BGR",2009,0,0,0
"BFA",2009,1,1,1
"BDI",2009,0,0,0
"CPV",2009,0,0,0
"CMR",2009,0,0,0
"CAN",2009,0,0,0
"TCD",2009,0,0,0
"CHL",2009,0,0,0
"CHN",2009,1,1,1
"COL",2009,0,0,0
"CRI",2009,1,1,1
"HRV",2009,1,1,1
"CUB",2009,0,0,0
"CZE",2009,0,0,0
"DNK",2009,0,0,0
"DJI",2009,0,0,0
"DOM",2009,0,0,0
"ECU",2009,0,0,0
"GNQ",2009,0,0,0
"EST",2009,0,0,0
"ETH",2009,0,0,0
"FIN",2009,0,0,0
"FRA",2009,1,1,1
"GAB",2009,0,0,0
"DEU",2009,0,0,0
"GHA",2009,0,0,0
"GRC",2009,0,0,0
"GTM",2009,0,0,0
"GIN",2009,0,0,0
"GNB",2009,0,0,0
"GUY",2009,0,0,0
"HND",2009,0,0,0
"HUN",2009,0,0,0
"IND",2009,0,0,0
"IDN",2009,0,1,1
"IRQ",2009,0,0,0
"IRL",2009,0,0,0
"ITA",2009,0,1,1
"JAM",2009,0,0,0
"JPN",2009,1,0,1
"JOR",2009,0,0,0
"KAZ",2009,0,0,0
"KEN",2009,0,0,0
"KWT",2009,0,0,0
"LVA",2009,0,0,0
"LBN",2009,0,0,0
"LBR",2009,0,0,0
"LBY",2009,1,1,1
"LTU",2009,0,0,0
"LUX",2009,0,0,0
"MDG",2009,0,0,0
"MYS",2009,0,0,0
"MLI",2009,0,0,0
"MLT",2009,0,0,0
"MRT",2009,0,0,0
"MUS",2009,0,0,0
"MEX",2009,1,0,1
"MAR",2009,0,0,0
"MOZ",2009,0,0,0
"NAM",2009,0,0,0
"NPL",2009,0,0,0
"NLD",2009,0,0,0
"NZL",2009,0,0,0
"NIC",2009,0,0,0
"NER",2009,0,0,0
"NGA",2009,0,0,0
"NOR",2009,0,0,0
"OMN",2009,0,0,0
"PAK",2009,0,0,0
"PAN",2009,0,1,1
"PRY",2009,0,0,0
"PER",2009,0,0,0
"PHL",2009,0,0,0
"POL",2009,0,0,0
"PRT",2009,0,0,0
"QAT",2009,0,0,0
"ROU",2009,0,0,0
"RUS",2009,1,1,1
"RWA",2009,0,0,0
"SEN",2009,0,0,0
"SLE",2009,0,0,0
"SGP",2009,0,0,0
"SVN",2009,0,0,0
"ZAF",2009,0,1,1
"ESP",2009,0,0,0
"LKA",2009,0,0,0
"SDN",2009,0,0,0
"SWE",2009,0,0,0
"CHE",2009,0,0,0
"SYR",2009,0,0,0
"THA",2009,0,0,0
"TGO",2009,0,0,0
"TTO",2009,0,0,0
"TUN",2009,0,0,0
"UGA",2009,1,0,1
"UKR",2009,0,0,0
"ARE",2009,0,0,0
"URY",2009,0,0,0
"VNM",2009,1,1,1
"ZMB",2009,0,0,0
"ZWE",2009,0,0,0
"ALB",2010,0,0,0
"DZA",2010,0,0,0
"AGO",2010,0,0,0
"ARG",2010,0,0,0
"AUS",2010,0,0,0
"AUT",2010,1,1,1
"AZE",2010,0,0,0
"BHR",2010,0,0,0
"BGD",2010,0,0,0
"BLR",2010,0,0,0
"BEL",2010,0,0,0
"BEN",2010,0,0,0
"BIH",2010,1,0,1
"BWA",2010,0,0,0
"BRA",2010,1,0,1
"BGR",2010,0,0,0
"BFA",2010,0,1,1
"BDI",2010,0,0,0
"CPV",2010,0,0,0
"CMR",2010,0,0,0
"CAN",2010,0,0,0
"TCD",2010,0,0,0
"CHL",2010,0,0,0
"CHN",2010,1,1,1
"COL",2010,0,0,0
"CRI",2010,0,1,1
"HRV",2010,0,1,1
"CUB",2010,0,0,0
"CZE",2010,0,0,0
"DNK",2010,0,0,0
"DJI",2010,0,0,0
"DOM",2010,0,0,0
"ECU",2010,0,0,0
"GNQ",2010,0,0,0
"EST",2010,0,0,0
"ETH",2010,0,0,0
"FIN",2010,0,0,0
"FRA",2010,1,1,1
"GAB",2010,1,0,1
"DEU",2010,0,0,0
"GHA",2010,0,0,0
"GRC",2010,0,0,0
"GTM",2010,0,0,0
"GIN",2010,0,0,0
"GNB",2010,0,0,0
"GUY",2010,0,0,0
"HND",2010,0,0,0
"HUN",2010,0,0,0
"IND",2010,0,0,0
"IDN",2010,0,0,0
"IRQ",2010,0,0,0
"IRL",2010,0,0,0
"ITA",2010,0,0,0
"JAM",2010,0,0,0
"JPN",2010,1,1,1
"JOR",2010,0,0,0
"KAZ",2010,0,0,0
"KEN",2010,0,0,0
"KWT",2010,0,0,0
"LVA",2010,0,0,0
"LBN",2010,1,0,1
"LBR",2010,0,0,0
"LBY",2010,0,1,1
"LTU",2010,0,0,0
"LUX",2010,0,0,0
"MDG",2010,0,0,0
"MYS",2010,0,0,0
"MLI",2010,0,0,0
"MLT",2010,0,0,0
"MRT",2010,0,0,0
"MUS",2010,0,0,0
"MEX",2010,1,1,1
"MAR",2010,0,0,0
"MOZ",2010,0,0,0
"NAM",2010,0,0,0
"NPL",2010,0,0,0
"NLD",2010,0,0,0
"NZL",2010,0,0,0
"NIC",2010,0,0,0
"NER",2010,0,0,0
"NGA",2010,1,0,1
"NOR",2010,0,0,0
"OMN",2010,0,0,0
"PAK",2010,0,0,0
"PAN",2010,0,0,0
"PRY",2010,0,0,0
"PER",2010,0,0,0
"PHL",2010,0,0,0
"POL",2010,0,0,0
"PRT",2010,0,0,0
"QAT",2010,0,0,0
"ROU",2010,0,0,0
"RUS",2010,1,1,1
"RWA",2010,0,0,0
"SEN",2010,0,0,0
"SLE",2010,0,0,0
"SGP",2010,0,0,0
"SVN",2010,0,0,0
"ZAF",2010,0,0,0
"ESP",2010,0,0,0
"LKA",2010,0,0,0
"SDN",2010,0,0,0
"SWE",2010,0,0,0
"CHE",2010,0,0,0
"SYR",2010,0,0,0
"THA",2010,0,0,0
"TGO",2010,0,0,0
"TTO",2010,0,0,0
"TUN",2010,0,0,0
"UGA",2010,1,1,1
"UKR",2010,0,0,0
"ARE",2010,0,0,0
"URY",2010,0,0,0
"VNM",2010,0,1,1
"ZMB",2010,0,0,0
"ZWE",2010,0,0,0
"ALB",2011,0,0,0
"DZA",2011,0,0,0
"AGO",2011,0,0,0
"ARG",2011,0,0,0
"AUS",2011,0,0,0
"AUT",2011,0,1,1
"AZE",2011,0,0,0
"BHR",2011,0,0,0
"BGD",2011,0,0,0
"BLR",2011,0,0,0
"BEL",2011,0,0,0
"BEN",2011,0,0,0
"BIH",2011,1,1,1
"BWA",2011,0,0,0
"BRA",2011,1,1,1
"BGR",2011,0,0,0
"BFA",2011,0,0,0
"BDI",2011,0,0,0
"CPV",2011,0,0,0
"CMR",2011,0,0,0
"CAN",2011,0,0,0
"TCD",2011,0,0,0
"CHL",2011,0,0,0
"CHN",2011,1,1,1
"COL",2011,1,0,1
"CRI",2011,0,0,0
"HRV",2011,0,0,0
"CUB",2011,0,0,0
"CZE",2011,0,0,0
"DNK",2011,0,0,0
"DJI",2011,0,0,0
"DOM",2011,0,0,0
"ECU",2011,0,0,0
"GNQ",2011,0,0,0
"EST",2011,0,0,0
"ETH",2011,0,0,0
"FIN",2011,0,0,0
"FRA",2011,1,1,1
"GAB",2011,1,1,1
"DEU",2011,1,0,1
"GHA",2011,0,0,0
"GRC",2011,0,0,0
"GTM",2011,0,0,0
"GIN",2011,0,0,0
"GNB",2011,0,0,0
"GUY",2011,0,0,0
"HND",2011,0,0,0
"HUN",2011,0,0,0
"IND",2011,1,0,1
"IDN",2011,0,0,0
"IRQ",2011,0,0,0
"IRL",2011,0,0,0
"ITA",2011,0,0,0
"JAM",2011,0,0,0
"JPN",2011,0,1,1
"JOR",2011,0,0,0
"KAZ",2011,0,0,0
"KEN",2011,0,0,0
"KWT",2011,0,0,0
"LVA",2011,0,0,0
"LBN",2011,1,1,1
"LBR",2011,0,0,0
"LBY",2011,0,0,0
"LTU",2011,0,0,0
"LUX",2011,0,0,0
"MDG",2011,0,0,0
"MYS",2011,0,0,0
"MLI",2011,0,0,0
"MLT",2011,0,0,0
"MRT",2011,0,0,0
"MUS",2011,0,0,0
"MEX",2011,0,1,1
"MAR",2011,0,0,0
"MOZ",2011,0,0,0
"NAM",2011,0,0,0
"NPL",2011,0,0,0
"NLD",2011,0,0,0
"NZL",2011,0,0,0
"NIC",2011,0,0,0
"NER",2011,0,0,0
"NGA",2011,1,1,1
"NOR",2011,0,0,0
"OMN",2011,0,0,0
"PAK",2011,0,0,0
"PAN",2011,0,0,0
"PRY",2011,0,0,0
"PER",2011,0,0,0
"PHL",2011,0,0,0
"POL",2011,0,0,0
"PRT",2011,1,0,1
"QAT",2011,0,0,0
"ROU",2011,0,0,0
"RUS",2011,1,1,1
"RWA",2011,0,0,0
"SEN",2011,0,0,0
"SLE",2011,0,0,0
"SGP",2011,0,0,0
"SVN",2011,0,0,0
"ZAF",2011,1,0,1
"ESP",2011,0,0,0
"LKA",2011,0,0,0
"SDN",2011,0,0,0
"SWE",2011,0,0,0
"CHE",2011,0,0,0
"SYR",2011,0,0,0
"THA",2011,0,0,0
"TGO",2011,0,0,0
"TTO",2011,0,0,0
"TUN",2011,0,0,0
"UGA",2011,0,1,1
"UKR",2011,0,0,0
"ARE",2011,0,0,0
"URY",2011,0,0,0
"VNM",2011,0,0,0
"ZMB",2011,0,0,0
"ZWE",2011,0,0,0
"ALB",2012,0,0,0
"DZA",2012,0,0,0
"AGO",2012,0,0,0
"ARG",2012,0,0,0
"AUS",2012,0,0,0
"AUT",2012,0,0,0
"AZE",2012,1,0,1
"BHR",2012,0,0,0
"BGD",2012,0,0,0
"BLR",2012,0,0,0
"BEL",2012,0,0,0
"BEN",2012,0,0,0
"BIH",2012,0,1,1
"BWA",2012,0,0,0
"BRA",2012,0,1,1
"BGR",2012,0,0,0
"BFA",2012,0,0,0
"BDI",2012,0,0,0
"CPV",2012,0,0,0
"CMR",2012,0,0,0
"CAN",2012,0,0,0
"TCD",2012,0,0,0
"CHL",2012,0,0,0
"CHN",2012,1,1,1
"COL",2012,1,1,1
"CRI",2012,0,0,0
"HRV",2012,0,0,0
"CUB",2012,0,0,0
"CZE",2012,0,0,0
"DNK",2012,0,0,0
"DJI",2012,0,0,0
"DOM",2012,0,0,0
"ECU",2012,0,0,0
"GNQ",2012,0,0,0
"EST",2012,0,0,0
"ETH",2012,0,0,0
"FIN",2012,0,0,0
"FRA",2012,1,1,1
"GAB",2012,0,1,1
"DEU",2012,1,1,1
"GHA",2012,0,0,0
"GRC",2012,0,0,0
"GTM",2012,1,0,1
"GIN",2012,0,0,0
"GNB",2012,0,0,0
"GUY",2012,0,0,0
"HND",2012,0,0,0
"HUN",2012,0,0,0
"IND",2012,1,1,1
"IDN",2012,0,0,0
"IRQ",2012,0,0,0
"IRL",2012,0,0,0
"ITA",2012,0,0,0
"JAM",2012,0,0,0
"JPN",2012,0,0,0
"JOR",2012,0,0,0
"KAZ",2012,0,0,0
"KEN",2012,0,0,0
"KWT",2012,0,0,0
"LVA",2012,0,0,0
"LBN",2012,0,1,1
"LBR",2012,0,0,0
"LBY",2012,0,0,0
"LTU",2012,0,0,0
"LUX",2012,0,0,0
"MDG",2012,0,0,0
"MYS",2012,0,0,0
"MLI",2012,0,0,0
"MLT",2012,0,0,0
"MRT",2012,0,0,0
"MUS",2012,0,0,0
"MEX",2012,0,0,0
"MAR",2012,1,0,1
"MOZ",2012,0,0,0
"NAM",2012,0,0,0
"NPL",2012,0,0,0
"NLD",2012,0,0,0
"NZL",2012,0,0,0
"NIC",2012,0,0,0
"NER",2012,0,0,0
"NGA",2012,0,1,1
"NOR",2012,0,0,0
"OMN",2012,0,0,0
"PAK",2012,1,0,1
"PAN",2012,0,0,0
"PRY",2012,0,0,0
"PER",2012,0,0,0
"PHL",2012,0,0,0
"POL",2012,0,0,0
"PRT",2012,1,1,1
"QAT",2012,0,0,0
"ROU",2012,0,0,0
"RUS",2012,1,1,1
"RWA",2012,0,0,0
"SEN",2012,0,0,0
"SLE",2012,0,0,0
"SGP",2012,0,0,0
"SVN",2012,0,0,0
"ZAF",2012,1,1,1
"ESP",2012,0,0,0
"LKA",2012,0,0,0
"SDN",2012,0,0,0
"SWE",2012,0,0,0
"CHE",2012,0,0,0
"SYR",2012,0,0,0
"THA",2012,0,0,0
"TGO",2012,1,0,1
"TTO",2012,0,0,0
"TUN",2012,0,0,0
"UGA",2012,0,0,0
"UKR",2012,0,0,0
"ARE",2012,0,0,0
"URY",2012,0,0,0
"VNM",2012,0,0,0
"ZMB",2012,0,0,0
"ZWE",2012,0,0,0
"ALB",2013,0,0,0
"DZA",2013,0,0,0
"AGO",2013,0,0,0
"ARG",2013,1,0,1
"AUS",2013,1,0,1
"AUT",2013,0,0,0
"AZE",2013,1,1,1
"BHR",2013,0,0,0
"BGD",2013,0,0,0
"BLR",2013,0,0,0
"BEL",2013,0,0,0
"BEN",2013,0,0,0
"BIH",2013,0,0,0
"BWA",2013,0,0,0
"BRA",2013,0,0,0
"BGR",2013,0,0,0
"BFA",2013,0,0,0
"BDI",2013,0,0,0
"CPV",2013,0,0,0
"CMR",2013,0,0,0
"CAN",2013,0,0,0
"TCD",2013,0,0,0
"CHL",2013,0,0,0
"CHN",2013,1,1,1
"COL",2013,0,1,1
"CRI",2013,0,0,0
"HRV",2013,0,0,0
"CUB",2013,0,0,0
"CZE",2013,0,0,0
"DNK",2013,0,0,0
"DJI",2013,0,0,0
"DOM",2013,0,0,0
"ECU",2013,0,0,0
"GNQ",2013,0,0,0
"EST",2013,0,0,0
"ETH",2013,0,0,0
"FIN",2013,0,0,0
"FRA",2013,1,1,1
"GAB",2013,0,0,0
"DEU",2013,0,1,1
"GHA",2013,0,0,0
"GRC",2013,0,0,0
"GTM",2013,1,1,1
"GIN",2013,0,0,0
"GNB",2013,0,0,0
"GUY",2013,0,0,0
"HND",2013,0,0,0
"HUN",2013,0,0,0
"IND",2013,0,1,1
"IDN",2013,0,0,0
"IRQ",2013,0,0,0
"IRL",2013,0,0,0
"ITA",2013,0,0,0
"JAM",2013,0,0,0
"JPN",2013,0,0,0
"JOR",2013,0,0,0
"KAZ",2013,0,0,0
"KEN",2013,0,0,0
"KWT",2013,0,0,0
"LVA",2013,0,0,0
"LBN",2013,0,0,0
"LBR",2013,0,0,0
"LBY",2013,0,0,0
"LTU",2013,0,0,0
"LUX",2013,1,0,1
"MDG",2013,0,0,0
"MYS",2013,0,0,0
"MLI",2013,0,0,0
"MLT",2013,0,0,0
"MRT",2013,0,0,0
"MUS",2013,0,0,0
"MEX",2013,0,0,0
"MAR",2013,1,1,1
"MOZ",2013,0,0,0
"NAM",2013,0,0,0
"NPL",2013,0,0,0
"NLD",2013,0,0,0
"NZL",2013,0,0,0
"NIC",2013,0,0,0
"NER",2013,0,0,0
"NGA",2013,0,0,0
"NOR",2013,0,0,0
"OMN",2013,0,0,0
"PAK",2013,1,1,1
"PAN",2013,0,0,0
"PRY",2013,0,0,0
"PER",2013,0,0,0
"PHL",2013,0,0,0
"POL",2013,0,0,0
"PRT",2013,0,1,1
"QAT",2013,0,0,0
"ROU",2013,0,0,0
"RUS",2013,1,1,1
"RWA",2013,1,0,1
"SEN",2013,0,0,0
"SLE",2013,0,0,0
"SGP",2013,0,0,0
"SVN",2013,0,0,0
"ZAF",2013,0,1,1
"ESP",2013,0,0,0
"LKA",2013,0,0,0
"SDN",2013,0,0,0
"SWE",2013,0,0,0
"CHE",2013,0,0,0
"SYR",2013,0,0,0
"THA",2013,0,0,0
"TGO",2013,1,1,1
"TTO",2013,0,0,0
"TUN",2013,0,0,0
"UGA",2013,0,0,0
"UKR",2013,0,0,0
"ARE",2013,0,0,0
"URY",2013,0,0,0
"VNM",2013,0,0,0
"ZMB",2013,0,0,0
"ZWE",2013,0,0,0
"ALB",2014,0,0,0
"DZA",2014,0,0,0
"AGO",2014,0,0,0
"ARG",2014,1,1,1
"AUS",2014,1,1,1
"AUT",2014,0,0,0
"AZE",2014,0,1,1
"BHR",2014,0,0,0
"BGD",2014,0,0,0
"BLR",2014,0,0,0
"BEL",2014,0,0,0
"BEN",2014,0,0,0
"BIH",2014,0,0,0
"BWA",2014,0,0,0
"BRA",2014,0,0,0
"BGR",2014,0,0,0
"BFA",2014,0,0,0
"BDI",2014,0,0,0
"CPV",2014,0,0,0
"CMR",2014,0,0,0
"CAN",2014,0,0,0
"TCD",2014,1,0,1
"CHL",2014,1,0,1
"CHN",2014,1,1,1
"COL",2014,0,0,0
"CRI",2014,0,0,0
"HRV",2014,0,0,0
"CUB",2014,0,0,0
"CZE",2014,0,0,0
"DNK",2014,0,0,0
"DJI",2014,0,0,0
"DOM",2014,0,0,0
"ECU",2014,0,0,0
"GNQ",2014,0,0,0
"EST",2014,0,0,0
"ETH",2014,0,0,0
"FIN",2014,0,0,0
"FRA",2014,1,1,1
"GAB",2014,0,0,0
"DEU",2014,0,0,0
"GHA",2014,0,0,0
"GRC",2014,0,0,0
"GTM",2014,0,1,1
"GIN",2014,0,0,0
"GNB",2014,0,0,0
"GUY",2014,0,0,0
"HND",2014,0,0,0
"HUN",2014,0,0,0
"IND",2014,0,0,0
"IDN",2014,0,0,0
"IRQ",2014,0,0,0
"IRL",2014,0,0,0
"ITA",2014,0,0,0
"JAM",2014,0,0,0
"JPN",2014,0,0,0
"JOR",2014,1,0,1
"KAZ",2014,0,0,0
"KEN",2014,0,0,0
"KWT",2014,0,0,0
"LVA",2014,0,0,0
"LBN",2014,0,0,0
"LBR",2014,0,0,0
"LBY",2014,0,0,0
"LTU",2014,1,0,1
"LUX",2014,1,1,1
"MDG",2014,0,0,0
"MYS",2014,0,0,0
"MLI",2014,0,0,0
"MLT",2014,0,0,0
"MRT",2014,0,0,0
"MUS",2014,0,0,0
"MEX",2014,0,0,0
"MAR",2014,0,1,1
"MOZ",2014,0,0,0
"NAM",2014,0,0,0
"NPL",2014,0,0,0
"NLD",2014,0,0,0
"NZL",2014,0,0,0
"NIC",2014,0,0,0
"NER",2014,0,0,0
"NGA",2014,1,0,1
"NOR",2014,0,0,0
"OMN",2014,0,0,0
"PAK",2014,0,1,1
"PAN",2014,0,0,0
"PRY",2014,0,0,0
"PER",2014,0,0,0
"PHL",2014,0,0,0
"POL",2014,0,0,0
"PRT",2014,0,0,0
"QAT",2014,0,0,0
"ROU",2014,0,0,0
"RUS",2014,1,1,1
"RWA",2014,1,1,1
"SEN",2014,0,0,0
"SLE",2014,0,0,0
"SGP",2014,0,0,0
"SVN",2014,0,0,0
"ZAF",2014,0,0,0
"ESP",2014,0,0,0
"LKA",2014,0,0,0
"SDN",2014,0,0,0
"SWE",2014,0,0,0
"CHE",2014,0,0,0
"SYR",2014,0,0,0
"THA",2014,0,0,0
"TGO",2014,0,1,1
"TTO",2014,0,0,0
"TUN",2014,0,0,0
"UGA",2014,0,0,0
"UKR",2014,0,0,0
"ARE",2014,0,0,0
"URY",2014,0,0,0
"VNM",2014,0,0,0
"ZMB",2014,0,0,0
"ZWE",2014,0,0,0
"ALB",2015,0,0,0
"DZA",2015,0,0,0
"AGO",2015,1,0,1
"ARG",2015,0,1,1
"AUS",2015,0,1,1
"AUT",2015,0,0,0
"AZE",2015,0,0,0
"BHR",2015,0,0,0
"BGD",2015,0,0,0
"BLR",2015,0,0,0
"BEL",2015,0,0,0
"BEN",2015,0,0,0
"BIH",2015,0,0,0
"BWA",2015,0,0,0
"BRA",2015,0,0,0
"BGR",2015,0,0,0
"BFA",2015,0,0,0
"BDI",2015,0,0,0
"CPV",2015,0,0,0
"CMR",2015,0,0,0
"CAN",2015,0,0,0
"TCD",2015,1,1,1
"CHL",2015,1,1,1
"CHN",2015,1,1,1
"COL",2015,0,0,0
"CRI",2015,0,0,0
"HRV",2015,0,0,0
"CUB",2015,0,0,0
"CZE",2015,0,0,0
"DNK",2015,0,0,0
"DJI",2015,0,0,0
"DOM",2015,0,0,0
"ECU",2015,0,0,0
"GNQ",2015,0,0,0
"EST",2015,0,0,0
"ETH",2015,0,0,0
"FIN",2015,0,0,0
"FRA",2015,1,1,1
"GAB",2015,0,0,0
"DEU",2015,0,0,0
"GHA",2015,0,0,0
"GRC",2015,0,0,0
"GTM",2015,0,0,0
"GIN",2015,0,0,0
"GNB",2015,0,0,0
"GUY",2015,0,0,0
"HND",2015,0,0,0
"HUN",2015,0,0,0
"IND",2015,0,0,0
"IDN",2015,0,0,0
"IRQ",2015,0,0,0
"IRL",2015,0,0,0
"ITA",2015,0,0,0
"JAM",2015,0,0,0
"JPN",2015,0,0,0
"JOR",2015,1,1,1
"KAZ",2015,0,0,0
"KEN",2015,0,0,0
"KWT",2015,0,0,0
"LVA",2015,0,0,0
"LBN",2015,0,0,0
"LBR",2015,0,0,0
"LBY",2015,0,0,0
"LTU",2015,1,1,1
"LUX",2015,0,1,1
"MDG",2015,0,0,0
"MYS",2015,1,0,1
"MLI",2015,0,0,0
"MLT",2015,0,0,0
"MRT",2015,0,0,0
"MUS",2015,0,0,0
"MEX",2015,0,0,0
"MAR",2015,0,0,0
"MOZ",2015,0,0,0
"NAM",2015,0,0,0
"NPL",2015,0,0,0
"NLD",2015,0,0,0
"NZL",2015,1,0,1
"NIC",2015,0,0,0
"NER",2015,0,0,0
"NGA",2015,1,1,1
"NOR",2015,0,0,0
"OMN",2015,0,0,0
"PAK",2015,0,0,0
"PAN",2015,0,0,0
"PRY",2015,0,0,0
"PER",2015,0,0,0
"PHL",2015,0,0,0
"POL",2015,0,0,0
"PRT",2015,0,0,0
"QAT",2015,0,0,0
"ROU",2015,0,0,0
"RUS",2015,1,1,1
"RWA",2015,0,1,1
"SEN",2015,0,0,0
"SLE",2015,0,0,0
"SGP",2015,0,0,0
"SVN",2015,0,0,0
"ZAF",2015,0,0,0
"ESP",2015,1,0,1
"LKA",2015,0,0,0
"SDN",2015,0,0,0
"SWE",2015,0,0,0
"CHE",2015,0,0,0
"SYR",2015,0,0,0
"THA",2015,0,0,0
"TGO",2015,0,0,0
"TTO",2015,0,0,0
"TUN",2015,0,0,0
"UGA",2015,0,0,0
"UKR",2015,0,0,0
"ARE",2015,0,0,0
"URY",2015,0,0,0
"VNM",2015,0,0,0
"ZMB",2015,0,0,0
"ZWE",2015,0,0,0
"ALB",2016,0,0,0
"DZA",2016,0,0,0
"AGO",2016,1,1,1
"ARG",2016,0,0,0
"AUS",2016,0,0,0
"AUT",2016,0,0,0
"AZE",2016,0,0,0
"BHR",2016,0,0,0
"BGD",2016,0,0,0
"BLR",2016,0,0,0
"BEL",2016,0,0,0
"BEN",2016,0,0,0
"BIH",2016,0,0,0
"BWA",2016,0,0,0
"BRA",2016,0,0,0
"BGR",2016,0,0,0
"BFA",2016,0,0,0
"BDI",2016,0,0,0
"CPV",2016,0,0,0
"CMR",2016,0,0,0
"CAN",2016,0,0,0
"TCD",2016,0,1,1
"CHL",2016,0,1,1
"CHN",2016,1,1,1
"COL",2016,0,0,0
"CRI",2016,0,0,0
"HRV",2016,0,0,0
"CUB",2016,0,0,0
"CZE",2016,0,0,0
"DNK",2016,0,0,0
"DJI",2016,0,0,0
"DOM",2016,0,0,0
"ECU",2016,0,0,0
"GNQ",2016,0,0,0
"EST",2016,0,0,0
"ETH",2016,0,0,0
"FIN",2016,0,0,0
"FRA",2016,1,1,1
"GAB",2016,0,0,0
"DEU",2016,0,0,0
"GHA",2016,0,0,0
"GRC",2016,0,0,0
"GTM",2016,0,0,0
"GIN",2016,0,0,0
"GNB",2016,0,0,0
"GUY",2016,0,0,0
"HND",2016,0,0,0
"HUN",2016,0,0,0
"IND",2016,0,0,0
"IDN",2016,0,0,0
"IRQ",2016,0,0,0
"IRL",2016,0,0,0
"ITA",2016,0,0,0
"JAM",2016,0,0,0
"JPN",2016,1,0,1
"JOR",2016,0,1,1
"KAZ",2016,0,0,0
"KEN",2016,0,0,0
"KWT",2016,0,0,0
"LVA",2016,0,0,0
"LBN",2016,0,0,0
"LBR",2016,0,0,0
"LBY",2016,0,0,0
"LTU",2016,0,1,1
"LUX",2016,0,0,0
"MDG",2016,0,0,0
"MYS",2016,1,1,1
"MLI",2016,0,0,0
"MLT",2016,0,0,0
"MRT",2016,0,0,0
"MUS",2016,0,0,0
"MEX",2016,0,0,0
"MAR",2016,0,0,0
"MOZ",2016,0,0,0
"NAM",2016,0,0,0
"NPL",2016,0,0,0
"NLD",2016,0,0,0
"NZL",2016,1,1,1
"NIC",2016,0,0,0
"NER",2016,0,0,0
"NGA",2016,0,1,1
"NOR",2016,0,0,0
"OMN",2016,0,0,0
"PAK",2016,0,0,0
"PAN",2016,0,0,0
"PRY",2016,0,0,0
"PER",2016,0,0,0
"PHL",2016,0,0,0
"POL",2016,0,0,0
"PRT",2016,0,0,0
"QAT",2016,0,0,0
"ROU",2016,0,0,0
"RUS",2016,1,1,1
"RWA",2016,0,0,0
"SEN",2016,1,0,1
"SLE",2016,0,0,0
"SGP",2016,0,0,0
"SVN",2016,0,0,0
"ZAF",2016,0,0,0
"ESP",2016,1,1,1
"LKA",2016,0,0,0
"SDN",2016,0,0,0
"SWE",2016,0,0,0
"CHE",2016,0,0,0
"SYR",2016,0,0,0
"THA",2016,0,0,0
"TGO",2016,0,0,0
"TTO",2016,0,0,0
"TUN",2016,0,0,0
"UGA",2016,0,0,0
"UKR",2016,1,0,1
"ARE",2016,0,0,0
"URY",2016,1,0,1
"VNM",2016,0,0,0
"ZMB",2016,0,0,0
"ZWE",2016,0,0,0
"ALB",2017,0,0,0
"DZA",2017,0,0,0
"AGO",2017,0,1,1
"ARG",2017,0,0,0
"AUS",2017,0,0,0
"AUT",2017,0,0,0
"AZE",2017,0,0,0
"BHR",2017,0,0,0
"BGD",2017,0,0,0
"BLR",2017,0,0,0
"BEL",2017,0,0,0
"BEN",2017,0,0,0
"BIH",2017,0,0,0
"BWA",2017,0,0,0
"BRA",2017,0,0,0
"BGR",2017,0,0,0
"BFA",2017,0,0,0
"BDI",2017,0,0,0
"CPV",2017,0,0,0
"CMR",2017,0,0,0
"CAN",2017,0,0,0
"TCD",2017,0,0,0
"CHL",2017,0,0,0
"CHN",2017,1,1,1
"COL",2017,0,0,0
"CRI",2017,0,0,0
"HRV",2017,0,0,0
"CUB",2017,0,0,0
"CZE",2017,0,0,0
"DNK",2017,0,0,0
"DJI",2017,0,0,0
"DOM",2017,0,0,0
"ECU",2017,0,0,0
"GNQ",2017,0,0,0
"EST",2017,0,0,0
"ETH",2017,1,0,1
"FIN",2017,0,0,0
"FRA",2017,1,1,1
"GAB",2017,0,0,0
"DEU",2017,0,0,0
"GHA",2017,0,0,0
"GRC",2017,0,0,0
"GTM",2017,0,0,0
"GIN",2017,0,0,0
"GNB",2017,0,0,0
"GUY",2017,0,0,0
"HND",2017,0,0,0
"HUN",2017,0,0,0
"IND",2017,0,0,0
"IDN",2017,0,0,0
"IRQ",2017,0,0,0
"IRL",2017,0,0,0
"ITA",2017,1,0,1
"JAM",2017,0,0,0
"JPN",2017,1,1,1
"JOR",2017,0,0,0
"KAZ",2017,1,0,1
"KEN",2017,0,0,0
"KWT",2017,0,0,0
"LVA",2017,0,0,0
"LBN",2017,0,0,0
"LBR",2017,0,0,0
"LBY",2017,0,0,0
"LTU",2017,0,0,0
"LUX",2017,0,0,0
"MDG",2017,0,0,0
"MYS",2017,0,1,1
"MLI",2017,0,0,0
"MLT",2017,0,0,0
"MRT",2017,0,0,0
"MUS",2017,0,0,0
"MEX",2017,0,0,0
"MAR",2017,0,0,0
"MOZ",2017,0,0,0
"NAM",2017,0,0,0
"NPL",2017,0,0,0
"NLD",2017,0,0,0
"NZL",2017,0,1,1
"NIC",2017,0,0,0
"NER",2017,0,0,0
"NGA",2017,0,0,0
"NOR",2017,0,0,0
"OMN",2017,0,0,0
"PAK",2017,0,0,0
"PAN",2017,0,0,0
"PRY",2017,0,0,0
"PER",2017,0,0,0
"PHL",2017,0,0,0
"POL",2017,0,0,0
"PRT",2017,0,0,0
"QAT",2017,0,0,0
"ROU",2017,0,0,0
"RUS",2017,1,1,1
"RWA",2017,0,0,0
"SEN",2017,1,1,1
"SLE",2017,0,0,0
"SGP",2017,0,0,0
"SVN",2017,0,0,0
"ZAF",2017,0,0,0
"ESP",2017,0,1,1
"LKA",2017,0,0,0
"SDN",2017,0,0,0
"SWE",2017,1,0,1
"CHE",2017,0,0,0
"SYR",2017,0,0,0
"THA",2017,0,0,0
"TGO",2017,0,0,0
"TTO",2017,0,0,0
"TUN",2017,0,0,0
"UGA",2017,0,0,0
"UKR",2017,1,1,1
"ARE",2017,0,0,0
"URY",2017,1,1,1
"VNM",2017,0,0,0
"ZMB",2017,0,0,0
"ZWE",2017,0,0,0
"ALB",2018,0,0,0
"DZA",2018,0,0,0
"AGO",2018,0,0,0
"ARG",2018,0,0,0
"AUS",2018,0,0,0
"AUT",2018,0,0,0
"AZE",2018,0,0,0
"BHR",2018,0,0,0
"BGD",2018,0,0,0
"BLR",2018,0,0,0
"BEL",2018,0,0,0
"BEN",2018,0,0,0
"BIH",2018,0,0,0
"BWA",2018,0,0,0
"BRA",2018,0,0,0
"BGR",2018,0,0,0
"BFA",2018,0,0,0
"BDI",2018,0,0,0
"CPV",2018,0,0,0
"CMR",2018,0,0,0
"CAN",2018,0,0,0
"TCD",2018,0,0,0
"CHL",2018,0,0,0
"CHN",2018,1,1,1
"COL",2018,0,0,0
"CRI",2018,0,0,0
"HRV",2018,0,0,0
"CUB",2018,0,0,0
"CZE",2018,0,0,0
"DNK",2018,0,0,0
"DJI",2018,0,0,0
"DOM",2018,0,0,0
"ECU",2018,0,0,0
"GNQ",2018,1,0,1
"EST",2018,0,0,0
"ETH",2018,1,1,1
"FIN",2018,0,0,0
"FRA",2018,1,1,1
"GAB",2018,0,0,0
"DEU",2018,0,0,0
"GHA",2018,0,0,0
"GRC",2018,0,0,0
"GTM",2018,0,0,0
"GIN",2018,0,0,0
"GNB",2018,0,0,0
"GUY",2018,0,0,0
"HND",2018,0,0,0
"HUN",2018,0,0,0
"IND",2018,0,0,0
"IDN",2018,0,0,0
"IRQ",2018,0,0,0
"IRL",2018,0,0,0
"ITA",2018,0,1,1
"JAM",2018,0,0,0
"JPN",2018,0,1,1
"JOR",2018,0,0,0
"KAZ",2018,1,1,1
"KEN",2018,0,0,0
"KWT",2018,1,0,1
"LVA",2018,0,0,0
"LBN",2018,0,0,0
"LBR",2018,0,0,0
"LBY",2018,0,0,0
"LTU",2018,0,0,0
"LUX",2018,0,0,0
"MDG",2018,0,0,0
"MYS",2018,0,0,0
"MLI",2018,0,0,0
"MLT",2018,0,0,0
"MRT",2018,0,0,0
"MUS",2018,0,0,0
"MEX",2018,0,0,0
"MAR",2018,0,0,0
"MOZ",2018,0,0,0
"NAM",2018,0,0,0
"NPL",2018,0,0,0
"NLD",2018,1,0,1
"NZL",2018,0,0,0
"NIC",2018,0,0,0
"NER",2018,0,0,0
"NGA",2018,0,0,0
"NOR",2018,0,0,0
"OMN",2018,0,0,0
"PAK",2018,0,0,0
"PAN",2018,0,0,0
"PRY",2018,0,0,0
"PER",2018,1,0,1
"PHL",2018,0,0,0
"POL",2018,1,0,1
"PRT",2018,0,0,0
"QAT",2018,0,0,0
"ROU",2018,0,0,0
"RUS",2018,1,1,1
"RWA",2018,0,0,0
"SEN",2018,0,1,1
"SLE",2018,0,0,0
"SGP",2018,0,0,0
"SVN",2018,0,0,0
"ZAF",2018,0,0,0
"ESP",2018,0,0,0
"LKA",2018,0,0,0
"SDN",2018,0,0,0
"SWE",2018,1,1,1
"CHE",2018,0,0,0
"SYR",2018,0,0,0
"THA",2018,0,0,0
"TGO",2018,0,0,0
"TTO",2018,0,0,0
"TUN",2018,0,0,0
"UGA",2018,0,0,0
"UKR",2018,0,1,1
"ARE",2018,0,0,0
"URY",2018,0,1,1
"VNM",2018,0,0,0
"ZMB",2018,0,0,0
"ZWE",2018,0,0,0
"ALB",2019,0,0,0
"DZA",2019,0,0,0
"AGO",2019,0,0,0
"ARG",2019,0,0,0
"AUS",2019,0,0,0
"AUT",2019,0,0,0
"AZE",2019,0,0,0
"BHR",2019,0,0,0
"BGD",2019,0,0,0
"BLR",2019,0,0,0
"BEL",2019,1,0,1
"BEN",2019,0,0,0
"BIH",2019,0,0,0
"BWA",2019,0,0,0
"BRA",2019,0,0,0
"BGR",2019,0,0,0
"BFA",2019,0,0,0
"BDI",2019,0,0,0
"CPV",2019,0,0,0
"CMR",2019,0,0,0
"CAN",2019,0,0,0
"TCD",2019,0,0,0
"CHL",2019,0,0,0
"CHN",2019,1,1,1
"COL",2019,0,0,0
"CRI",2019,0,0,0
"HRV",2019,0,0,0
"CUB",2019,0,0,0
"CZE",2019,0,0,0
"DNK",2019,0,0,0
"DJI",2019,0,0,0
"DOM",2019,1,0,1
"ECU",2019,0,0,0
"GNQ",2019,1,1,1
"EST",2019,0,0,0
"ETH",2019,0,1,1
"FIN",2019,0,0,0
"FRA",2019,1,1,1
"GAB",2019,0,0,0
"DEU",2019,1,0,1
"GHA",2019,0,0,0
"GRC",2019,0,0,0
"GTM",2019,0,0,0
"GIN",2019,0,0,0
"GNB",2019,0,0,0
"GUY",2019,0,0,0
"HND",2019,0,0,0
"HUN",2019,0,0,0
"IND",2019,0,0,0
"IDN",2019,1,0,1
"IRQ",2019,0,0,0
"IRL",2019,0,0,0
"ITA",2019,0,0,0
"JAM",2019,0,0,0
"JPN",2019,0,0,0
"JOR",2019,0,0,0
"KAZ",2019,0,1,1
"KEN",2019,0,0,0
"KWT",2019,1,1,1
"LVA",2019,0,0,0
"LBN",2019,0,0,0
"LBR",2019,0,0,0
"LBY",2019,0,0,0
"LTU",2019,0,0,0
"LUX",2019,0,0,0
"MDG",2019,0,0,0
"MYS",2019,0,0,0
"MLI",2019,0,0,0
"MLT",2019,0,0,0
"MRT",2019,0,0,0
"MUS",2019,0,0,0
"MEX",2019,0,0,0
"MAR",2019,0,0,0
"MOZ",2019,0,0,0
"NAM",2019,0,0,0
"NPL",2019,0,0,0
"NLD",2019,0,1,1
"NZL",2019,0,0,0
"NIC",2019,0,0,0
"NER",2019,0,0,0
"NGA",2019,0,0,0
"NOR",2019,0,0,0
"OMN",2019,0,0,0
"PAK",2019,0,0,0
"PAN",2019,0,0,0
"PRY",2019,0,0,0
"PER",2019,1,1,1
"PHL",2019,0,0,0
"POL",2019,1,1,1
"PRT",2019,0,0,0
"QAT",2019,0,0,0
"ROU",2019,0,0,0
"RUS",2019,1,1,1
"RWA",2019,0,0,0
"SEN",2019,0,0,0
"SLE",2019,0,0,0
"SGP",2019,0,0,0
"SVN",2019,0,0,0
"ZAF",2019,1,0,1
"ESP",2019,0,0,0
"LKA",2019,0,0,0
"SDN",2019,0,0,0
"SWE",2019,0,1,1
"CHE",2019,0,0,0
"SYR",2019,0,0,0
"THA",2019,0,0,0
"TGO",2019,0,0,0
"TTO",2019,0,0,0
"TUN",2019,0,0,0
"UGA",2019,0,0,0
"UKR",2019,0,0,0
"ARE",2019,0,0,0
"URY",2019,0,0,0
"VNM",2019,0,0,0
"ZMB",2019,0,0,0
"ZWE",2019,0,0,0
"ALB",2020,0,0,0
"DZA",2020,0,0,0
"AGO",2020,0,0,0
"ARG",2020,0,0,0
"AUS",2020,0,0,0
"AUT",2020,0,0,0
"AZE",2020,0,0,0
"BHR",2020,0,0,0
"BGD",2020,0,0,0
"BLR",2020,0,0,0
"BEL",2020,1,1,1
"BEN",2020,0,0,0
"BIH",2020,0,0,0
"BWA",2020,0,0,0
"BRA",2020,0,0,0
"BGR",2020,0,0,0
"BFA",2020,0,0,0
"BDI",2020,0,0,0
"CPV",2020,0,0,0
"CMR",2020,0,0,0
"CAN",2020,0,0,0
"TCD",2020,0,0,0
"CHL",2020,0,0,0
"CHN",2020,1,1,1
"COL",2020,0,0,0
"CRI",2020,0,0,0
"HRV",2020,0,0,0
"CUB",2020,0,0,0
"CZE",2020,0,0,0
"DNK",2020,0,0,0
"DJI",2020,0,0,0
"DOM",2020,1,1,1
"ECU",2020,0,0,0
"GNQ",2020,0,1,1
"EST",2020,1,0,1
"ETH",2020,0,0,0
"FIN",2020,0,0,0
"FRA",2020,1,1,1
"GAB",2020,0,0,0
"DEU",2020,1,1,1
"GHA",2020,0,0,0
"GRC",2020,0,0,0
"GTM",2020,0,0,0
"GIN",2020,0,0,0
"GNB",2020,0,0,0
"GUY",2020,0,0,0
"HND",2020,0,0,0
"HUN",2020,0,0,0
"IND",2020,0,0,0
"IDN",2020,1,1,1
"IRQ",2020,0,0,0
"IRL",2020,0,0,0
"ITA",2020,0,0,0
"JAM",2020,0,0,0
"JPN",2020,0,0,0
"JOR",2020,0,0,0
"KAZ",2020,0,0,0
"KEN",2020,0,0,0
"KWT",2020,0,1,1
"LVA",2020,0,0,0
"LBN",2020,0,0,0
"LBR",2020,0,0,0
"LBY",2020,0,0,0
"LTU",2020,0,0,0
"LUX",2020,0,0,0
"MDG",2020,0,0,0
"MYS",2020,0,0,0
"MLI",2020,0,0,0
"MLT",2020,0,0,0
"MRT",2020,0,0,0
"MUS",2020,0,0,0
"MEX",2020,0,0,0
"MAR",2020,0,0,0
"MOZ",2020,0,0,0
"NAM",2020,0,0,0
"NPL",2020,0,0,0
"NLD",2020,0,0,0
"NZL",2020,0,0,0
"NIC",2020,0,0,0
"NER",2020,1,0,1
"NGA",2020,0,0,0
"NOR",2020,0,0,0
"OMN",2020,0,0,0
"PAK",2020,0,0,0
"PAN",2020,0,0,0
"PRY",2020,0,0,0
"PER",2020,0,1,1
"PHL",2020,0,0,0
"POL",2020,0,1,1
"PRT",2020,0,0,0
"QAT",2020,0,0,0
"ROU",2020,0,0,0
"RUS",2020,1,1,1
"RWA",2020,0,0,0
"SEN",2020,0,0,0
"SLE",2020,0,0,0
"SGP",2020,0,0,0
"SVN",2020,0,0,0
"ZAF",2020,1,1,1
"ESP",2020,0,0,0
"LKA",2020,0,0,0
"SDN",2020,0,0,0
"SWE",2020,0,0,0
"CHE",2020,0,0,0
"SYR",2020,0,0,0
"THA",2020,0,0,0
"TGO",2020,0,0,0
"TTO",2020,0,0,0
"TUN",2020,1,0,1
"UGA",2020,0,0,0
"UKR",2020,0,0,0
"ARE",2020,0,0,0
"URY",2020,0,0,0
"VNM",2020,1,0,1
"ZMB",2020,0,0,0
"ZWE",2020,0,0,0
"ALB",2021,0,0,0
"DZA",2021,0,0,0
"AGO",2021,0,0,0
"ARG",2021,0,0,0
"AUS",2021,0,0,0
"AUT",2021,0,0,0
"AZE",2021,0,0,0
"BHR",2021,0,0,0
"BGD",2021,0,0,0
"BLR",2021,0,0,0
"BEL",2021,0,1,1
"BEN",2021,0,0,0
"BIH",2021,0,0,0
"BWA",2021,0,0,0
"BRA",2021,0,0,0
"BGR",2021,0,0,0
"BFA",2021,0,0,0
"BDI",2021,0,0,0
"CPV",2021,0,0,0
"CMR",2021,0,0,0
"CAN",2021,0,0,0
"TCD",2021,0,0,0
"CHL",2021,0,0,0
"CHN",2021,1,1,1
"COL",2021,0,0,0
"CRI",2021,0,0,0
"HRV",2021,0,0,0
"CUB",2021,0,0,0
"CZE",2021,0,0,0
"DNK",2021,0,0,0
"DJI",2021,0,0,0
"DOM",2021,0,1,1
"ECU",2021,0,0,0
"GNQ",2021,0,0,0
"EST",2021,1,1,1
"ETH",2021,0,0,0
"FIN",2021,0,0,0
"FRA",2021,1,1,1
"GAB",2021,0,0,0
"DEU",2021,0,1,1
"GHA",2021,0,0,0
"GRC",2021,0,0,0
"GTM",2021,0,0,0
"GIN",2021,0,0,0
"GNB",2021,0,0,0
"GUY",2021,0,0,0
"HND",2021,0,0,0
"HUN",2021,0,0,0
"IND",2021,1,0,1
"IDN",2021,0,1,1
"IRQ",2021,0,0,0
"IRL",2021,1,0,1
"ITA",2021,0,0,0
"JAM",2021,0,0,0
"JPN",2021,0,0,0
"JOR",2021,0,0,0
"KAZ",2021,0,0,0
"KEN",2021,1,0,1
"KWT",2021,0,0,0
"LVA",2021,0,0,0
"LBN",2021,0,0,0
"LBR",2021,0,0,0
"LBY",2021,0,0,0
"LTU",2021,0,0,0
"LUX",2021,0,0,0
"MDG",2021,0,0,0
"MYS",2021,0,0,0
"MLI",2021,0,0,0
"MLT",2021,0,0,0
"MRT",2021,0,0,0
"MUS",2021,0,0,0
"MEX",2021,1,0,1
"MAR",2021,0,0,0
"MOZ",2021,0,0,0
"NAM",2021,0,0,0
"NPL",2021,0,0,0
"NLD",2021,0,0,0
"NZL",2021,0,0,0
"NIC",2021,0,0,0
"NER",2021,1,1,1
"NGA",2021,0,0,0
"NOR",2021,1,0,1
"OMN",2021,0,0,0
"PAK",2021,0,0,0
"PAN",2021,0,0,0
"PRY",2021,0,0,0
"PER",2021,0,0,0
"PHL",2021,0,0,0
"POL",2021,0,0,0
"PRT",2021,0,0,0
"QAT",2021,0,0,0
"ROU",2021,0,0,0
"RUS",2021,1,1,1
"RWA",2021,0,0,0
"SEN",2021,0,0,0
"SLE",2021,0,0,0
"SGP",2021,0,0,0
"SVN",2021,0,0,0
"ZAF",2021,0,1,1
"ESP",2021,0,0,0
"LKA",2021,0,0,0
"SDN",2021,0,0,0
"SWE",2021,0,0,0
"CHE",2021,0,0,0
"SYR",2021,0,0,0
"THA",2021,0,0,0
"TGO",2021,0,0,0
"TTO",2021,0,0,0
"TUN",2021,1,1,1
"UGA",2021,0,0,0
"UKR",2021,0,0,0
"ARE",2021,0,0,0
"URY",2021,0,0,0
"VNM",2021,1,1,1
"ZMB",2021,0,0,0
"ZWE",2021,0,0,0
"ALB",2022,1,0,1
"DZA",2022,0,0,0
"AGO",2022,0,0,0
"ARG",2022,0,0,0
"AUS",2022,0,0,0
"AUT",2022,0,0,0
"AZE",2022,0,0,0
"BHR",2022,0,0,0
"BGD",2022,0,0,0
"BLR",2022,0,0,0
"BEL",2022,0,0,0
"BEN",2022,0,0,0
"BIH",2022,0,0,0
"BWA",2022,0,0,0
"BRA",2022,1,0,1
"BGR",2022,0,0,0
"BFA",2022,0,0,0
"BDI",2022,0,0,0
"CPV",2022,0,0,0
"CMR",2022,0,0,0
"CAN",2022,0,0,0
"TCD",2022,0,0,0
"CHL",2022,0,0,0
"CHN",2022,1,1,1
"COL",2022,0,0,0
"CRI",2022,0,0,0
"HRV",2022,0,0,0
"CUB",2022,0,0,0
"CZE",2022,0,0,0
"DNK",2022,0,0,0
"DJI",2022,0,0,0
"DOM",2022,0,0,0
"ECU",2022,0,0,0
"GNQ",2022,0,0,0
"EST",2022,0,1,1
"ETH",2022,0,0,0
"FIN",2022,0,0,0
"FRA",2022,1,1,1
"GAB",2022,1,0,1
"DEU",2022,0,0,0
"GHA",2022,1,0,1
"GRC",2022,0,0,0
"GTM",2022,0,0,0
"GIN",2022,0,0,0
"GNB",2022,0,0,0
"GUY",2022,0,0,0
"HND",2022,0,0,0
"HUN",2022,0,0,0
"IND",2022,1,1,1
"IDN",2022,0,0,0
"IRQ",2022,0,0,0
"IRL",2022,1,1,1
"ITA",2022,0,0,0
"JAM",2022,0,0,0
"JPN",2022,0,0,0
"JOR",2022,0,0,0
"KAZ",2022,0,0,0
"KEN",2022,1,1,1
"KWT",2022,0,0,0
"LVA",2022,0,0,0
"LBN",2022,0,0,0
"LBR",2022,0,0,0
"LBY",2022,0,0,0
"LTU",2022,0,0,0
"LUX",2022,0,0,0
"MDG",2022,0,0,0
"MYS",2022,0,0,0
"MLI",2022,0,0,0
"MLT",2022,0,0,0
"MRT",2022,0,0,0
"MUS",2022,0,0,0
"MEX",2022,1,1,1
"MAR",2022,0,0,0
"MOZ",2022,0,0,0
"NAM",2022,0,0,0
"NPL",2022,0,0,0
"NLD",2022,0,0,0
"NZL",2022,0,0,0
"NIC",2022,0,0,0
"NER",2022,0,1,1
"NGA",2022,0,0,0
"NOR",2022,1,1,1
"OMN",2022,0,0,0
"PAK",2022,0,0,0
"PAN",2022,0,0,0
"PRY",2022,0,0,0
"PER",2022,0,0,0
"PHL",2022,0,0,0
"POL",2022,0,0,0
"PRT",2022,0,0,0
"QAT",2022,0,0,0
"ROU",2022,0,0,0
"RUS",2022,1,1,1
"RWA",2022,0,0,0
"SEN",2022,0,0,0
"SLE",2022,0,0,0
"SGP",2022,0,0,0
"SVN",2022,0,0,0
"ZAF",2022,0,0,0
"ESP",2022,0,0,0
"LKA",2022,0,0,0
"SDN",2022,0,0,0
"SWE",2022,0,0,0
"CHE",2022,0,0,0
"SYR",2022,0,0,0
"THA",2022,0,0,0
"TGO",2022,0,0,0
"TTO",2022,0,0,0
"TUN",2022,0,1,1
"UGA",2022,0,0,0
"UKR",2022,0,0,0
"ARE",2022,1,0,1
"URY",2022,0,0,0
"VNM",2022,0,1,1
"ZMB",2022,0,0,0
"ZWE",2022,0,0,0
"ALB",2023,1,1,1
"DZA",2023,0,0,0
"AGO",2023,0,0,0
"ARG",2023,0,0,0
"AUS",2023,0,0,0
"AUT",2023,0,0,0
"AZE",2023,0,0,0
"BHR",2023,0,0,0
"BGD",2023,0,0,0
"BLR",2023,0,0,0
"BEL",2023,0,0,0
"BEN",2023,0,0,0
"BIH",2023,0,0,0
"BWA",2023,0,0,0
"BRA",2023,1,1,1
"BGR",2023,0,0,0
"BFA",2023,0,0,0
"BDI",2023,0,0,0
"CPV",2023,0,0,0
"CMR",2023,0,0,0
"CAN",2023,0,0,0
"TCD",2023,0,0,0
"CHL",2023,0,0,0
"CHN",2023,1,1,1
"COL",2023,0,0,0
"CRI",2023,0,0,0
"HRV",2023,0,0,0
"CUB",2023,0,0,0
"CZE",2023,0,0,0
"DNK",2023,0,0,0
"DJI",2023,0,0,0
"DOM",2023,0,0,0
"ECU",2023,1,0,1
"GNQ",2023,0,0,0
"EST",2023,0,0,0
"ETH",2023,0,0,0
"FIN",2023,0,0,0
"FRA",2023,1,1,1
"GAB",2023,1,1,1
"DEU",2023,0,0,0
"GHA",2023,1,1,1
"GRC",2023,0,0,0
"GTM",2023,0,0,0
"GIN",2023,0,0,0
"GNB",2023,0,0,0
"GUY",2023,0,0,0
"HND",2023,0,0,0
"HUN",2023,0,0,0
"IND",2023,0,1,1
"IDN",2023,0,0,0
"IRQ",2023,0,0,0
"IRL",2023,0,1,1
"ITA",2023,0,0,0
"JAM",2023,0,0,0
"JPN",2023,1,0,1
"JOR",2023,0,0,0
"KAZ",2023,0,0,0
"KEN",2023,0,1,1
"KWT",2023,0,0,0
"LVA",2023,0,0,0
"LBN",2023,0,0,0
"LBR",2023,0,0,0
"LBY",2023,0,0,0
"LTU",2023,0,0,0
"LUX",2023,0,0,0
"MDG",2023,0,0,0
"MYS",2023,0,0,0
"MLI",2023,0,0,0
"MLT",2023,1,0,1
"MRT",2023,0,0,0
"MUS",2023,0,0,0
"MEX",2023,0,1,1
"MAR",2023,0,0,0
"MOZ",2023,1,0,1
"NAM",2023,0,0,0
"NPL",2023,0,0,0
"NLD",2023,0,0,0
"NZL",2023,0,0,0
"NIC",2023,0,0,0
"NER",2023,0,0,0
"NGA",2023,0,0,0
"NOR",2023,0,1,1
"OMN",2023,0,0,0
"PAK",2023,0,0,0
"PAN",2023,0,0,0
"PRY",2023,0,0,0
"PER",2023,0,0,0
"PHL",2023,0,0,0
"POL",2023,0,0,0
"PRT",2023,0,0,0
"QAT",2023,0,0,0
"ROU",2023,0,0,0
"RUS",2023,1,1,1
"RWA",2023,0,0,0
"SEN",2023,0,0,0
"SLE",2023,0,0,0
"SGP",2023,0,0,0
"SVN",2023,0,0,0
"ZAF",2023,0,0,0
"ESP",2023,0,0,0
"LKA",2023,0,0,0
"SDN",2023,0,0,0
"SWE",2023,0,0,0
"CHE",2023,1,0,1
"SYR",2023,0,0,0
"THA",2023,0,0,0
"TGO",2023,0,0,0
"TTO",2023,0,0,0
"TUN",2023,0,0,0
"UGA",2023,0,0,0
"UKR",2023,0,0,0
"ARE",2023,1,1,1
"URY",2023,0,0,0
"VNM",2023,0,0,0
"ZMB",2023,0,0,0
"ZWE",2023,0,0,0
"ALB",2024,0,1,1
"DZA",2024,1,0,1
"AGO",2024,0,0,0
"ARG",2024,0,0,0
"AUS",2024,0,0,0
"AUT",2024,0,0,0
"AZE",2024,0,0,0
"BHR",2024,0,0,0
"BGD",2024,0,0,0
"BLR",2024,0,0,0
"BEL",2024,0,0,0
"BEN",2024,0,0,0
"BIH",2024,0,0,0
"BWA",2024,0,0,0
"BRA",2024,0,1,1
"BGR",2024,0,0,0
"BFA",2024,0,0,0
"BDI",2024,0,0,0
"CPV",2024,0,0,0
"CMR",2024,0,0,0
"CAN",2024,0,0,0
"TCD",2024,0,0,0
"CHL",2024,0,0,0
"CHN",2024,1,1,1
"COL",2024,0,0,0
"CRI",2024,0,0,0
"HRV",2024,0,0,0
"CUB",2024,0,0,0
"CZE",2024,0,0,0
"DNK",2024,0,0,0
"DJI",2024,0,0,0
"DOM",2024,0,0,0
"ECU",2024,1,1,1
"GNQ",2024,0,0,0
"EST",2024,0,0,0
"ETH",2024,0,0,0
"FIN",2024,0,0,0
"FRA",2024,1,1,1
"GAB",2024,0,1,1
"DEU",2024,0,0,0
"GHA",2024,0,1,1
"GRC",2024,0,0,0
"GTM",2024,0,0,0
"GIN",2024,0,0,0
"GNB",2024,0,0,0
"GUY",2024,1,0,1
"HND",2024,0,0,0
"HUN",2024,0,0,0
"IND",2024,0,0,0
"IDN",2024,0,0,0
"IRQ",2024,0,0,0
"IRL",2024,0,0,0
"ITA",2024,0,0,0
"JAM",2024,0,0,0
"JPN",2024,1,1,1
"JOR",2024,0,0,0
"KAZ",2024,0,0,0
"KEN",2024,0,0,0
"KWT",2024,0,0,0
"LVA",2024,0,0,0
"LBN",2024,0,0,0
"LBR",2024,0,0,0
"LBY",2024,0,0,0
"LTU",2024,0,0,0
"LUX",2024,0,0,0
"MDG",2024,0,0,0
"MYS",2024,0,0,0
"MLI",2024,0,0,0
"MLT",2024,1,1,1
"MRT",2024,0,0,0
"MUS",2024,0,0,0
"MEX",2024,0,0,0
"MAR",2024,0,0,0
"MOZ",2024,1,1,1
"NAM",2024,0,0,0
"NPL",2024,0,0,0
"NLD",2024,0,0,0
"NZL",2024,0,0,0
"NIC",2024,0,0,0
"NER",2024,0,0,0
"NGA",2024,0,0,0
"NOR",2024,0,0,0
"OMN",2024,0,0,0
"PAK",2024,0,0,0
"PAN",2024,0,0,0
"PRY",2024,0,0,0
"PER",2024,0,0,0
"PHL",2024,0,0,0
"POL",2024,0,0,0
"PRT",2024,0,0,0
"QAT",2024,0,0,0
"ROU",2024,0,0,0
"RUS",2024,1,1,1
"RWA",2024,0,0,0
"SEN",2024,0,0,0
"SLE",2024,1,0,1
"SGP",2024,0,0,0
"SVN",2024,1,0,1
"ZAF",2024,0,0,0
"ESP",2024,0,0,0
"LKA",2024,0,0,0
"SDN",2024,0,0,0
"SWE",2024,0,0,0
"CHE",2024,1,1,1
"SYR",2024,0,0,0
"THA",2024,0,0,0
"TGO",2024,0,0,0
"TTO",2024,0,0,0
"TUN",2024,0,0,0
"UGA",2024,0,0,0
"UKR",2024,0,0,0
"ARE",2024,0,1,1
"URY",2024,0,0,0
"VNM",2024,0,0,0
"ZMB",2024,0,0,0
"ZWE",2024,0,0,0
"ALB",2025,0,0,0
"DZA",2025,1,1,1
"AGO",2025,0,0,0
"ARG",2025,0,0,0
"AUS",2025,0,0,0
"AUT",2025,0,0,0
"AZE",2025,0,0,0
"BHR",2025,0,0,0
"BGD",2025,0,0,0
"BLR",2025,0,0,0
"BEL",2025,0,0,0
"BEN",2025,0,0,0
"BIH",2025,0,0,0
"BWA",2025,0,0,0
"BRA",2025,0,0,0
"BGR",2025,0,0,0
"BFA",2025,0,0,0
"BDI",2025,0,0,0
"CPV",2025,0,0,0
"CMR",2025,0,0,0
"CAN",2025,0,0,0
"TCD",2025,0,0,0
"CHL",2025,0,0,0
"CHN",2025,1,1,1
"COL",2025,0,0,0
"CRI",2025,0,0,0
"HRV",2025,0,0,0
"CUB",2025,0,0,0
"CZE",2025,0,0,0
"DNK",2025,1,0,1
"DJI",2025,0,0,0
"DOM",2025,0,0,0
"ECU",2025,0,1,1
"GNQ",2025,0,0,0
"EST",2025,0,0,0
"ETH",2025,0,0,0
"FIN",2025,0,0,0
"FRA",2025,1,1,1
"GAB",2025,0,0,0
"DEU",2025,0,0,0
"GHA",2025,0,0,0
"GRC",2025,1,0,1
"GTM",2025,0,0,0
"GIN",2025,0,0,0
"GNB",2025,0,0,0
"GUY",2025,1,1,1
"HND",2025,0,0,0
"HUN",2025,0,0,0
"IND",2025,0,0,0
"IDN",2025,0,0,0
"IRQ",2025,0,0,0
"IRL",2025,0,0,0
"ITA",2025,0,0,0
"JAM",2025,0,0,0
"JPN",2025,0,1,1
"JOR",2025,0,0,0
"KAZ",2025,0,0,0
"KEN",2025,0,0,0
"KWT",2025,0,0,0
"LVA",2025,0,0,0
"LBN",2025,0,0,0
"LBR",2025,0,0,0
"LBY",2025,0,0,0
"LTU",2025,0,0,0
"LUX",2025,0,0,0
"MDG",2025,0,0,0
"MYS",2025,0,0,0
"MLI",2025,0,0,0
"MLT",2025,0,1,1
"MRT",2025,0,0,0
"MUS",2025,0,0,0
"MEX",2025,0,0,0
"MAR",2025,0,0,0
"MOZ",2025,0,1,1
"NAM",2025,0,0,0
"NPL",2025,0,0,0
"NLD",2025,0,0,0
"NZL",2025,0,0,0
"NIC",2025,0,0,0
"NER",2025,0,0,0
"NGA",2025,0,0,0
"NOR",2025,0,0,0
"OMN",2025,0,0,0
"PAK",2025,1,0,1
"PAN",2025,1,0,1
"PRY",2025,0,0,0
"PER",2025,0,0,0
"PHL",2025,0,0,0
"POL",2025,0,0,0
"PRT",2025,0,0,0
"QAT",2025,0,0,0
"ROU",2025,0,0,0
"RUS",2025,1,1,1
"RWA",2025,0,0,0
"SEN",2025,0,0,0
"SLE",2025,1,1,1
"SGP",2025,0,0,0
"SVN",2025,1,1,1
"ZAF",2025,0,0,0
"ESP",2025,0,0,0
"LKA",2025,0,0,0
"SDN",2025,0,0,0
"SWE",2025,0,0,0
"CHE",2025,0,1,1
"SYR",2025,0,0,0
"THA",2025,0,0,0
"TGO",2025,0,0,0
"TTO",2025,0,0,0
"TUN",2025,0,0,0
"UGA",2025,0,0,0
"UKR",2025,0,0,0
"ARE",2025,0,0,0
"URY",2025,0,0,0
"VNM",2025,0,0,0
"ZMB",2025,0,0,0
"ZWE",2025,0,0,0
