Orgorder,Variable,Areadescription,AreaClass
0,econdescrpt,Bank regulation and supervision,Financial sector
1,econdescrpt,Budget approval and submission,Government Budget
2,econdescrpt,Central Bank reform,Central Bank Reform
3,econdescrpt,Civil Service reform,Public Sector
4,econdescrpt,Corporate restructuring and governance,Private Sector Reforms
5,econdescrpt,Education sector,Public Sector
6,econdescrpt,Expenditures,Government Budget
7,econdescrpt,Financial legal reforms,Financial sector
8,econdescrpt,Governance,Governance
9,econdescrpt,Health sector,Public Sector
10,econdescrpt,Inter-governmental relations,Governance
11,econdescrpt,Land reform,Private Sector Reforms
12,econdescrpt,Legal and regulatory framework,Governance
13,econdescrpt,Monetary statistics,Financial sector
14,econdescrpt,Pension reform,Wages & Pensions
15,econdescrpt,Price liberalization,Pricing
16,econdescrpt,PRSP development & implementation,Social
17,econdescrpt,Public employment,Public Sector
18,econdescrpt,Restructuring & privatization of financial institutions,Financial sector
19,econdescrpt,Revenues,Government Budget
20,econdescrpt,Social welfare,Social
21,econdescrpt,Transparency,Governance
22,econdescrpt,Treasury system,Government Budget
23,econdescrpt,Wages,Wages & Pensions
24,econdescrpt,Agricultural Sector,Private Sector Reforms
25,econdescrpt,Capital account,Capital Account
26,econdescrpt,Economic statistics,Other
27,econdescrpt,Exchange System,Exchange system
28,econdescrpt,Financial sector,Financial sector
29,econdescrpt,General government tax and expenditure reform,Government Budget
30,econdescrpt,"Institution building, legal and regulatory framework, transparency",Governance
31,econdescrpt,Labor market,Wages & Pensions
32,econdescrpt,Pricing and Marketing,Pricing
33,econdescrpt,Privatization,Privatization
34,econdescrpt,"Public enterprises, reform and restructuring",Public Sector
35,econdescrpt,Social policies system,Social
36,econdescrpt,Social safety net,Social
37,econdescrpt,Trade Regime,Trade
38,description,Civil service reform,Public Sector
39,description,Civil Service Reform (4th/5th reviews prior actions),Public Sector
40,description,Cont. Tax Expenditure Reform,Government Budget
41,description,Cont.-Tax/expenditure reform,Government Budget
42,description,Domestic arrears,Arrears
44,description,Exchange system (continued),Exchange system
45,description,Exchange system continued,Exchange system
46,description,"Financial reform (CCR, 2nd review)",Financial sector
47,description,Financial reform (concluded),Financial sector
49,description,Financial sector - continued,Financial sector
50,description,Financial Sector (2),Financial sector
51,description,Financial sector (CCR 3rd review),Financial sector
52,description,Financial sector (CCR 4th review),Financial sector
53,description,Financial Sector (CCR 5th and 6th reviews),Financial sector
54,description,Financial sector (Cont.),Financial sector
55,description,Financial sector (continued),Financial sector
56,description,"Financial sector (continued, 2nd year prior actions)",Financial sector
57,description,Financial sector (prior actions),Financial sector
58,description,"Financial sector (prior actions, 1st review)",Financial sector
59,description,Financial sector (program prior actions),Financial sector
60,description,Financial sector (str. benchmarks),Financial sector
61,description,Financial sector (structural benchmark),Financial sector
62,description,Financial sector (structural benchmarks),Financial sector
63,description,Financial Sector Continued,Financial sector
66,description,Financial sector continued 1,Financial sector
67,description,Financial sector continued 2,Financial sector
68,description,Financial sector reform (continued),Financial sector
69,description,"Financial sector reform (Prior actions, Board approval)",Financial sector
70,description,Financial sector reform (structural benchmark),Financial sector
71,description,Other,Other
72,description,Other - Cont.,Other
73,description,Other - Intermediate Indicators,Other
74,description,Other - Systemic and Ownership Reform,Systemic
75,description,Other (1st review prior actions),Other
76,description,"Other (Administrative reform, CCR 3rd review)",Public Sector
77,description,Other (CCR 5th and 6th reviews),Other
78,description,"Other (CCR, 2nd review)",Other
79,description,Other (Civil service pensions),Wages & Pensions
80,description,Other (Civil Service Reform),Public Sector
83,description,Other (Civli Service Reform),Public Sector
84,description,Other (continued 2),Other
85,description,Other (continued),Other
86,description,Other (Data),Other
87,description,"Other (Energy sector, CCR 2nd review)",Private Sector Reforms
88,description,"Other (Energy sector, CCR 3rd review)",Private Sector Reforms
89,description,Other (Energy),Private Sector Reforms
90,description,Other (External Debt),Debt
91,description,Other (Financial sector 2),Financial sector
92,description,Other (Financial sector reforms),Financial sector
93,description,Other (Financial sector),Financial sector
95,description,"Other (Financial sector, 2)",Financial sector
96,description,Other (Financial Sector: 4th review),Financial sector
97,description,"Other (Fiscal monitoring, reporting)",Government Budget
98,description,Other (fiscal reform),Government Budget
99,description,Other (fiscal reforms),Government Budget
100,description,Other (Foreign reserve management),Capital Account
101,description,Other (Governance),Governance
102,description,"Other (Governance, transparency and legal)",Governance
103,description,Other (HIPC Initiative),Social
104,description,"Other (investment, statistics)",Other
105,description,Other (Judiciary System),Governance
106,description,Other (Legislations),Governance
107,description,Other (National Accounts),Other
108,description,Other (Pension Reform),Wages & Pensions
110,description,Other (Please indicate),Other
111,description,Other (Pricing & marketing policies),Pricing
113,description,Other (pricing and marketing policies),Pricing
114,description,Other (prior actions),Other
115,description,"Other (Prior actions, Board approval)",Other
116,description,Other (Program prior actions),Other
118,description,Other (public employment),Public Sector
119,description,Other (Public enterprises),Public Sector
120,description,"Other (public enterprises, continued)",Public Sector
121,description,Other (Social policy),Social
122,description,Other (Social Safety net),Social
123,description,Other (Social Sector),Social
125,description,Other (Social Security system),Social
127,description,Other (Statistics strengthening),Other
128,description,Other (Statistics),Other
130,description,Other (structural benchmarks),Other
131,description,Other (Systemic and ownership reform 2),Systemic
132,description,Other (Systemic and ownership reform 3),Systemic
133,description,Other (Systemic and ownership reform),Systemic
135,description,"Other (Systemic and ownership reform, 2)",Systemic
136,description,"Other (Systemic and ownership reform, contd)",Systemic
137,description,"Other (Systemic,ownership reform, cont'd)",Systemic
138,description,Other (Systemic/ownership reform),Systemic
139,description,"Other (Ta/expend reform, contd)",Government Budget
140,description,Other (Tax/expenditure reform 2),Government Budget
141,description,Other (Tax/expenditure reform 3),Government Budget
142,description,Other (Tax/Expenditure reform),Government Budget
145,description,"Other (Tax/expenditure reform, 2)",Government Budget
146,description,"Other (Tax/expenditure reform, cont'd)",Government Budget
148,description,Other (Tax/Expenditure Reform: 4th review),Government Budget
149,description,Other (Trade reform),Trade
150,description,Other (Trade system),Trade
151,description,Other 2,Other
152,description,Other- Civil Service Reform,Public Sector
153,description,Other continued,Other
154,description,Other continued 1,Other
155,description,Other continued 2,Other
156,description,Other continued 3,Other
157,description,Other Tax/Expend. (continued),Government Budget
158,description,"Other, 1",Other
159,description,"Other, 2",Other
160,description,"Other, 3",Other
161,description,Other: Civil Service,Public Sector
162,description,Other: Civil Service Reform,Public Sector
163,description,Other: Customs Reform,Other
164,description,Other-1,Other
165,description,Other-2,Other
166,description,Other-Civil Service Reform,Public Sector
167,description,Other-Cont. Systemic&ownersh.,Systemic
168,description,Other-Financial Sector,Financial sector
169,description,Other-Pub. enterprises (Cont.),Public Sector
170,description,Other-Tax/exp. reform (cont.),Government Budget
171,description,Pension Reform (4th/5th reviews prior actions),Wages & Pensions
172,description,Pension Reform (6th/7th reviews prior actions),Wages & Pensions
173,description,Pricing & Marketing Policies,Pricing
174,description,Pricing & marketing policies (structural benchmark),Pricing
175,description,Pricing & Marketing Policies 2,Pricing
176,description,Pricing and marketing (prior actions),Pricing
177,description,Pricing and marketing policies (continued),Pricing
178,description,Pricing and marketing policies (perf. criteria),Pricing
179,description,Pricing/marketing (structural benchmarks),Pricing
180,description,Public enterpises (continued),Public Sector
181,description,Public enterprises,Public Sector
182,description,Public enterprises (con't),Public Sector
183,description,Public Enterprises (cont. 2),Public Sector
184,description,Public enterprises (Cont.),Public Sector
185,description,Public Enterprises (continued),Public Sector
187,description,Public enterprises (str. benchmarks),Public Sector
188,description,Public enterprises (structural benchmarks),Public Sector
189,description,Public enterprises and civil service reform,Public Sector
190,description,Public Enterprises Continued,Public Sector
192,description,Social Security Reform,Social
193,description,Social Security Reform-con't,Social
194,description,System/ownership reform cont.1,Systemic
195,description,Systemic & owner ref. (con't),Systemic
196,description,Systemic & owner. ref.(concl.),Systemic
197,description,Systemic & ownership reform (structural benchmark),Systemic
198,description,Systemic & ownership reform 2,Systemic
199,description,Systemic and Ownership Reform,Systemic
201,description,Systemic and ownership reform (CCR 2nd review),Systemic
202,description,Systemic and ownership reform (CCR 3rd review),Systemic
203,description,Systemic and ownership reform (CCR 4th review),Systemic
204,description,Systemic and ownership reform (continued),Systemic
205,description,"Systemic and ownership reform (continued, 2nd-year prior actins)",Systemic
206,description,Systemic and ownership reform (perf. criteria),Systemic
207,description,Systemic and ownership reform (prior actions),Systemic
208,description,Systemic and ownership reform (program prior actions),Systemic
209,description,Systemic and ownership reform (structural benchmark),Systemic
210,description,Systemic and ownership reform (structural benchmarks),Systemic
211,description,Systemic and ownership reform: 2,Systemic
212,description,Systemic/owner. reform (con't),Systemic
213,description,Systemic/ownership (prior actions),Systemic
214,description,Systemic/ownership (structural benchmarks),Systemic
215,description,Systemic/ownership reform,Systemic
216,description,Systemic/ownership reform (cnt,Systemic
217,description,Systemic/ownership reform cont,Systemic
218,description,Tax expenditure reform,Government Budget
219,description,Tax/Expenditure (6th/7th reviews prior actions),Government Budget
220,description,"Tax/expenditure (pgm prior actions, continued)",Government Budget
221,description,Tax/Expenditure (structural benchmarks),Government Budget
222,description,Tax/expenditure ref. (con't),Government Budget
223,description,Tax/expenditure reform,Government Budget
224,description,Tax/expenditure reform (4th/5th reviews prior actions),Government Budget
225,description,Tax/expenditure reform (CCR 3rd review),Government Budget
226,description,Tax/expenditure reform (CCR 4th review),Government Budget
227,description,Tax/Expenditure Reform (CCR 5the and 6th reviews),Government Budget
228,description,"Tax/Expenditure reform (CCR, 2nd review)",Government Budget
229,description,Tax/expenditure reform (cont.),Government Budget
230,description,Tax/Expenditure reform (continued),Government Budget
232,description,"Tax/expenditure reform (continued, 2nd-year prior actions)",Government Budget
233,description,"Tax/expenditure reform (continued, 3)",Government Budget
234,description,Tax/expenditure reform (perf. criteria),Government Budget
235,description,Tax/Expenditure Reform (Performance Criteria),Government Budget
237,description,Tax/Expenditure reform (prior actions),Government Budget
238,description,"Tax/Expenditure reform (prior actions, 3rd review)",Government Budget
239,description,Tax/expenditure reform (structural benchmarks),Government Budget
240,description,Tax/expenditure reform 2,Government Budget
241,description,Tax/expenditure reform cont.,Government Budget
242,description,Tax/expenditure reform cont. 1,Government Budget
243,description,Tax/expenditure reform cont. 2,Government Budget
244,description,Tax/Expenditure reform--con't,Government Budget
245,description,Trade policy (prior actions),Trade
246,description,Trade system (continued),Trade
247,description,Trade System (Structural Benchmark),Trade
248,description,Trade system continued,Trade
249,description,Trade systems,Trade
250,description,Trade systems (structural benchmarks),Trade
251,description,Trade systems continued,Trade
252,description,Trade systems continued 1,Trade
253,description,Trade systems continued 2,Trade
254,Dqpc,Total domestic credit,Monetary Ceiling
263,Dqpc,Credit to Government/public sector,Credit to Government
264,Dqpc,BOP/Reserve Test,BOP/ Reserves
265,Dqpc,Medium /Long Term External Debt,Debt
266,Dqpc,Medium/Long term External Debt Subceiling,Monetary Ceiling
267,Dqpc,Short term Debt,Debt
268,Dqpc,No New arrears/default(continuous injunction),Debt
269,Dqpc,Ceiling on External Arrears,Debt
270,Dqpc,Fiscal deficit,Government Budget
272,description,Domestic Credit,Debt
275,description,Med/Long-term Ext Debt Ceiling,Monetary Ceiling
276,description,Med/Long-term Ext Debt-Sub Ceiling,Monetary Ceiling
277,description,Short-term Debt,Debt
278,description,External Arrears,Debt
279,description,No New External Arrears,Debt
281,description,Other-Budgeting Expenditures,Government Budget
282,description,Formulate draft PIP,Other
283,description,Priv/Liq all state farms,Privatization
284,description,Central govt. expenditures,Government Budget
285,description,Net lending by Govt.,Credit to Government
286,description,Minimum Reserves of Banking System,Central Bank Reform
287,description,Full backing of currency board liabilities,Exchange system
288,description,Other-Central Government Expend.,Government Budget
289,description,Other-Forex Market Operations,Exchange system
290,description,Oth-Elimination of export permits,Trade
291,description,Ot-Elimination of import surcharge,Trade
292,description,Other:Deficit Central Gov.+ BOJ Losses,BOP/ Reserves
293,description,Other-Central Govt. Expenditure,Government Budget
294,description,NFPS Saving,Public Sector
295,description,Cumulative use of Counterpart Fund,Other
296,description,Other-Tax Revenue,Government Budget
297,description,Other-Treasury Expenditure,Government Budget
298,description,Net Lending+Govt.Guaranteed Loans,Debt
299,description,Net Lending Financed from Domestic,Debt
300,description,Net Domestic Assets of Bank of Latvia,Financial sector
301,description,Other: General govt net lending,Credit to Government
302,description,Other-Adoption of 1993 budget,Government Budget
303,description,Other-Government Revenues,Government Budget
305,description,No new external and domestic arrears,Arrears
306,description,Adjustment of wage scale,Wages & Pensions
307,description,Other: Trade system,Trade
308,description,Other: Domestic arrears,Arrears
309,description,Other-Government Wage Bill,Wages & Pensions
310,description,Other-Encashment of tax checks,Government Budget
311,description,Other-Limit on Forex Purchases,Exchange system
312,description,Other-Submission of VAT Outline,Government Budget
313,description,Other: No Renewal Importer/Exporter Card,Trade
314,description,Other: Import Authorization Auctions,Governance
315,description,Other: Short-term Debt of Commercial Banks,Debt
316,description,Bank Borrowing to Autonomous Bodies,Financial sector
317,description,Remove remaining Art.IV restrict.,Governance
318,description,Remove 30% import margin req.,Trade
319,description,Other-Reform GST,Governance
320,description,Other-Eliminate export taxes,Trade
321,description,Integrate charges into tariffs,Trade
322,description,Other-Expand agricultural tax base,Government Budget
323,description,Remove all Article VIII restrict.,Government Budget
324,description,Other - Domestic Arrears,Arrears
325,description,Decontrol maize price,Pricing
326,description,Decontrol petrol. products,Pricing
327,description,Export forex retention,Exchange system
328,description,Comb. Op. Surplus of Sel. Pub. Ents.,BOP/ Reserves
329,description,Other-Domestic Arrears,Arrears
330,description,Other-CAISTAB finacial table,Financial sector
331,description,Other-Public Investment Program,Public Sector
332,description,Other-Privatization Program,Privatization
333,description,Other-Debt Consolidation,Debt
334,description,Gross Bank Credits to Public Ents.,Financial sector
335,description,Implement New Common Ext. Tariff,Government Budget
336,description,Complete Inventory of Domest. Arrears,Arrears
337,description,Estab. Subdir. for Enterp. Taxn.,Governance
340,description,Other-Public Enterprise Reform Measures,Public Sector
341,description,Other-Public Ent. Taxn.,Public Sector
342,description,NFPS and Central Bk borrowing req.,Public Sector
344,description,Other - No new arrears,Arrears
345,description,Credit to Nonfinancial Pub. Enter.,Financial sector
346,description,Privatization-Strategy Statement,Privatization
347,description,Reduce Statuatory Liquidation Req.,Privatization
348,description,Net Domestic Borrowing by C. Govt.,Credit to Government
349,description,Other-Base Money,Central Bank Reform
350,description,Other-Oil Price Stabilization Fund,BOP/ Reserves
351,description,Tax-VAT,Government Budget
352,description,Civil Service Positions,Wages & Pensions
354,description,1995 Budget,Government Budget
355,description,Lib. cooking oil prices + imports,Pricing
356,description,Negative Import List,Trade
358,description,Credit to 19 Public Enterprises,Financial sector
360,description,Net Lending by General Govt.,Credit to Government
361,description,Offer 40% of TELECOR shares for sale,Privatization
363,description,Financing of SEE's,Other
364,description,Passage of Bankruptcy Law,Governance
365,description,Govt. Assumpn/guarantee of p.ent.debt to banks,Arrears
366,description,Passage of profits tax law,Government Budget
368,description,Elimination of For.Exch.Auction & Adopt Avg Rate for Interbank Mkt,Central Bank Reform
369,description,Breakup of ROMCEREAL,Privatization
370,description,Other: Net Bank Credit to 23 PEs,Financial sector
371,description,Bank credit to auton. bodies,Financial sector
372,description,Eliminate Export Tar.,Trade
373,description,Reform GST,Governance
374,description,Expand Agric. Tax Base,Government Budget
375,description,Remove Art. VIII restrictions & MCPs,Governance
376,description,Import tariff reform,Trade
378,description,Eliminate export tax,Trade
382,description,Net bank credit to 23 enterprises,Financial sector
384,description,Draft VAT legislation,Government Budget
385,description,Floor on NFA,Other
386,description,International Reserves,BOP/ Reserves
387,description,Increase Electricity Tariffs,Pricing
389,description,Domestic Budgetary Arrears,Arrears
390,description,Gross bank credit to publ.enterprises,Financial sector
391,description,Elimination of ban on rice imports,Pricing
392,description,Privatization strategy,Privatization
393,description,Centralize foreign reserve management,BOP/ Reserves
394,description,Domestic arrears of Government,Arrears
395,description,Civil Service Retrenchment Target,Wages & Pensions
397,description,Pricing policy,Pricing
399,description,Other: Complete Capitalization of Electric Company,Privatization
400,description,Other: Passage of Central Bank Law & Compl. Restructuring of CBk,Central Bank Reform
401,description,Other: Privatization of Security Lesotho,Privatization
402,description,Other: Privatization of Parthenon Paits,Privatization
405,description,No new export restrictions (P2),Trade
406,description,Central Bank refinance facility (P2),Central Bank Reform
407,description,Establishment of Regulatory Commission on tariffs,Government Budget
409,description,Finalize restructuring of customs,Trade
411,description,Stabilization Fund Quarterly Indicators,BOP/ Reserves
412,description,Public enterprises obligation,Public Sector
413,description,Other - Plan to eliminate arrears,Arrears
415,description,Review of the role of the CGP.,Governance
416,description,Other-Implementation of Tax ID No.,Government Budget
418,description,Extend VAT to Large Retailer,Government Budget
419,description,Introduce New Customs Tariff,Trade
421,description,Conclusion of audit customs inspectorate; adopt plan to tighten custom,Trade
422,description,Implementation of computerized syst.to monitor execution of the budget,Government Budget
424,description,"C. Govt. Nonint. Exp., excl. ext. on lend",Government Budget
425,description,Recapitalization of Central Bank,Central Bank Reform
427,description,Public Sector Reform,Public Sector
428,description,C. Govt. Expend. excl. dom. net lending,Government Budget
429,description,RED Reserve Requirement,BOP/ Reserves
430,description,Interest Rates,Central Bank Reform
431,description,Timely Monetary Survey,Central Bank Reform
432,description,Reporting on Correspondent Banks,Central Bank Reform
433,description,Other: Reduction of Stock Govt. Debt,Debt
434,description,Other: Tax revenue,Government Budget
435,description,"Other: Ceiling on Selected Current Expenditure (see table 2, VIII)",Monetary Ceiling
436,description,Other: Civil Service Monitoring System,Public Sector
437,description,Net Credit to State Enterprises,Public Sector
438,description,Public Investment Program,Public Sector
439,description,Draft Laws on Mortgages etc.,Governance
440,description,Government Domestic Arrears,Arrears
441,description,Other: NFPS Deficit incl. CBk,Public Sector
442,description,Other: Tax Reform,Government Budget
443,description,Other: Social Security Reform,Social
444,description,Other: Discret. Expend. of NFPS (excl,Public Sector
445,description,Other: Amendment to Soc. sec. Law,Social
448,description,Communic. to staff of results of civil service census,Public Sector
449,description,"Elimin. of arrears accumul.by Govt before 95 to SONABEL, ONATEL, ONEA",Arrears
450,description,Govt Net Lending,Credit to Government
451,description,Currency Boards: maintain full for.reserve cover,Exchange system
452,description,Limit on Tariff Rates for Major Agric. Goods,Government Budget
453,description,Min. Level of Average Reserve Deposits,BOP/ Reserves
454,description,Maintain curr. board arrangmt of the present exchange rate,Exchange system
455,description,Operating losses of Major PEs,Other
456,description,Expand OGL list,Other
457,description,Civil Service Reduction,Public Sector
458,description,Export Retention,Trade
459,description,Maize pricing policy,Pricing
460,description,Budgetary Revenue,Government Budget
461,description,Government Expenditure and Net Lending,Government Budget
463,description,Production of SNH's quarterly accounts,Other
464,description,Completion of civil service reform in 4 ministries,Public Sector
465,description,External debt-service paymt,Debt
466,description,Net International Reserves in Convertible Currencies,BOP/ Reserves
468,description,Tax revenue,Government Budget
469,description,Government wage bill,Wages & Pensions
470,description,Elimination of export & import licenses,Trade
471,description,Amendments to Labor Code,Other
472,description,Net domestic financing of Govt. and stabilization fund,Government Budget
473,description,Introduction of a screen-based foreign exchange market,Exchange system
476,description,Completion of civil service census,Public Sector
477,description,Program legislation for privatization,Privatization
478,description,Government wages and salaries,Wages & Pensions
479,description,Mx. level of domestic Govt. arrears,Arrears
480,description,Civil Service Retrenchment,Public Sector
481,description,Petroleum Pricing Formula,Pricing
483,description,Other-Stock of arrears on gas payments,Arrears
484,description,Central government wage bill,Wages & Pensions
485,description,Central government non-interest current expenditure,Government Budget
486,description,Other- UDEAC Tariff,Government Budget
487,description,Other- Tax Reform,Government Budget
488,description,Other- Domestic Arrears,Arrears
489,description,Other- Central Govt. Wage Bill,Wages & Pensions
490,description,Other-Reserve Money of Nat. Bank,Central Bank Reform
491,description,Other-Pub. Enterp. Bankruptcy Law,Public Sector
492,description,Other-Raise Agricultural Taxes,Government Budget
493,description,Other-Contributions to Employer Fund,Other
495,description,Maize pricing policy (establish),Pricing
496,description,"Reduce size of budgetary sector employm. to 360,000",Governance
497,description,Enact revised Law on Banks and Banking on Bank Insolvency,Central Bank Reform
498,description,Formulate program to reorganize the Saving Bank.,Central Bank Reform
500,description,Other: Credit to Autonomous Bodies,Debt
501,description,No New Tax Exempt.&Concessions Automatic Expiry of Curr.Timebound Ones,Government Budget
502,description,Other: Issue of New SRO,Public Sector
503,description,Other: Introduction of Automatic Petroleum Price Mechanism,Pricing
504,description,Other: Extension of GST to All Goods + Manufacturing and Import Level,Trade
505,description,Other: No New Concessional or Mandatory Credit Schemes,Other
506,description,Other: Submission of GST Law to Parliament,Trade
507,description,Inclusion of Provisions in the 96/97 Budget on Agriculture Taxation,Government Budget
508,description,"Elimin. of 10% Duty on Imp., Reduction of Tariff Limit. on # of Rates",Trade
509,description,Credit to govt. from OFIs,Credit to Government
510,description,Govt. Wage Bill,Wages & Pensions
511,description,Action Plan for Tax Reform,Government Budget
512,description,Domestic Govt.Wage Bill Arrears,Wages & Pensions
513,description,Domestic Govt.Arrears on Goods and Services,Arrears
514,description,Inventory and Settlement of Cross Debts,Debt
515,description,External Nondebt Arrears,Arrears
516,description,External Debt Arrears,Arrears
517,description,Ceiling non-interest expndtrs of central admin.,Monetary Ceiling
518,description,Ceiling on external and domestic,Monetary Ceiling
519,description,Other: Fiscal Deficit incl. Privatization Receipts,Government Budget
520,description,Other: Adoption of VAT legislation,Government Budget
521,description,Other- No new external or domestic payments arrears,Arrears
523,description,Other-1996 Budget,Government Budget
524,description,Withdrawal of CPSP from purchase & marketing of local/imported rice,Other
525,description,Other- No New Arrears,Arrears
526,description,Other- Reduction of Domestic Arrears,Arrears
527,description,"Other- Sales of Govt. Shares in SIT, TOGOGAZ, SOTONAM",Privatization
528,description,Other- Restructuring of OPAT,Governance
529,description,Other: Credit to Government,Credit to Government
530,description,Other-Eliminate restrictions on National Bank gold sales,Monetary Ceiling
531,description,Other- Clearance of arrears by rescheduling,Arrears
532,description,Other- BOG Net Foreign Assets,BOP/ Reserves
533,description,Other- Sale of Govt. Assets in the Financial Sector,Privatization
534,description,Other-Combined Operating Surplus of Selected Public Enterprises,Public Sector
535,description,Other-Appoint of Experts for Commercializtion of NCPB,Governance
536,description,Other-Reduction in Civil Service Positions,Public Sector
537,description,Other-Divestiture of Public Enterprises,Public Sector
538,description,"No Govt. Actions on Price, Marketing, Foreign Trade, Exchange System",Systemic
539,description,Limit on Foreign Financing of Budget,Capital Account
540,description,Other: Stock of Treasury Obligations,Government Budget
541,description,Other: Gross International Reserves,BOP/ Reserves
542,description,Other- Net Lending by Gen. Govt.,Government Budget
543,description,Other- Minimum Reserves of Banks,Central Bank Reform
544,description,Other- Currency Board Cover,Exchange system
545,description,Other- Non-accumulation of new external payments arrears,Arrears
547,description,Other- Offer for the Privatization of SEEG and OCTRA,Privatization
548,description,Other- Separation of Treasury Management and Public Accounting,Governance
549,description,Other- Nonassumption by Govt. of Arrears of Nonbudgetary Enterprises,Arrears
551,description,Other: Credit to Enlarged Government,Credit to Government
552,description,Other: Cumulative Deficit of Enlarged Government,Debt
554,description,Other: Privatize National Motors,Privatization
555,description,Other: Begin Auction of Central Bank Securities,Central Bank Reform
556,description,Other: MLT Ext. Debt Contracted by Govt. or Public Institution,Debt
557,description,Other: MLT Ext. Debt Contracted by State Ents. & Joint Venture/Private,Debt
558,description,Other: Bank Credit to State Enterprises,Public Sector
559,description,Other: Import Tariff Reform,Trade
560,description,Other: Elimination of Import Permits,Trade
561,description,Other: Present Budget Law to National Assembly,Government Budget
562,description,Other: Goverment Wage Bill,Wages & Pensions
563,description,Other: S-term Debt of Comm. Banks,Debt
564,description,Prep. of Monthly Treasury Balances for 9/93,Government Budget
565,description,Implement Periodic T-Bill Auctions,Other
566,description,Other: Government Wage Bill,Wages & Pensions
567,description,Other: No New Arrears,Arrears
568,description,S-term Ext. Debt of Comm. Banks,Debt
569,description,Privatization of Insurance Comp.,Privatization
570,description,Other: Prudential Banking Ratios,Central Bank Reform
571,description,Other: Fishing Licenses,Governance
572,description,Other: Credit by Housing Bank,Other
574,description,Other: Announce Medium-Term Strategy; 1st Phase of Trade Reform,Trade
575,description,Gross Bank Credit to Public Enter.,Public Sector
576,description,Other: Harmonize Excise Duty Rates,Other
577,description,Natl. Bank: Shift to New Accounts Plan,Other
578,description,Other: Est. Monitoring of FDI,Capital Account
579,description,Privatize Retail Units; Bread Corp.,Privatization
580,description,External Debt Service Payments,Capital Account
581,description,NIR Floor in Convertible Currencies,BOP/ Reserves
582,description,Certify of Former State Comm. Banks,Privatization
583,description,Gazette on For. Exchange Exposure,Exchange system
584,description,Other: Domestic Petroleum Prices,Pricing
585,description,Other: Domestic Arrears of Govt.,Arrears
586,description,Budgetary Expend. for Debt Swaps,Debt
588,description,: No New External Payments Arrears,Arrears
589,description,Other: Civil Service Payroll,Public Sector
590,description,: External Arrears; Short-Term,Arrears
591,description,": External Arrears; Med-, Long-Term",Arrears
592,description,Other Strengthen commercial banks,Other
593,description,Capitalize/Privatize national petro/company,Privatization
594,description,Other Implementation of contingency measures (A),Other
595,description,"Other (Fiscal Deficit, Central Govt)",Government Budget
596,description,"Other (Net Dom. Borrowing, Central Govt)",Credit to Government
597,description,"Other (Net Dom. Borrowing, NFPS)",Public Sector
598,description,Other (Domestic arrears),Arrears
599,description,Other (Create large taxpayer unit),Government Budget
600,description,"Other (Action plan, public enterprise sector)",Public Sector
601,description,Other (Unsecured refinancing by central bank),Central Bank Reform
602,description,Other General government current discretionary spending.,Government Budget
603,description,Other Gross foreign reserves (currency board cover),Exchange system
604,description,Other Reserve requirements for DMBs,BOP/ Reserves
605,description,Other (Primary nondevelopment public expenditure),Public Sector
606,description,Other (Credit to public sector),Public Sector
607,description,Other Approval of divestiture plan of Uganda Commercial Bank by D&RIC,Other
608,description,Other Approval of Information Memo by government,Governance
609,description,Govt approval of public spending review report,Government Budget
610,description,Central government tax revenues,Government Budget
611,description,Central government current expenditure,Government Budget
612,description,Implementation of new accounting system by banks,Central Bank Reform
614,description,"Completion, provisional report on govt disengagement from COTONTCHAD",Other
615,description,Wage bill,Wages & Pensions
616,description,Complete prov. report on govt disengagement from STEE,Governance
617,description,Other - Present to Fund balance sheets/analytical summaries of CB,Central Bank Reform
618,description,Other - Sign contract for private management services of Customs,Private Sector Reforms
619,description,Other - Increase petroleum product prices,Pricing
620,description,Other - Privatize at least 8 public enterprises,Privatization
621,description,Other - Bring BCM to point of sale,Other
622,description,Start voucher auctions,Financial sector
623,description,Sublimit on foreign financing of budget,Government Budget
624,description,Net official reserves in convertible currencies,BOP/ Reserves
626,description,Eliminate wage and pension arrears,Wages & Pensions
629,description,Net credit of banking system to selected enterprises,Debt
630,description,Computerization of hydrocarbon customs procedures,Systemic
632,description,System of advancement of civil servants,Systemic
633,description,Updating administrative status of civil servants and roster,Systemic
634,description,Processing of outstanding payments orders with Treasury,Other
635,description,Establish monitoring system of Treasury payments,Other
636,description,Revenues/Primary balance,BOP/ Reserves
637,description,Floor on deposits of Banking Dept less Fund credit,Financial sector
638,description,Floor on balance of Fiscal Reserve Account,BOP/ Reserves
639,description,Reserve money,BOP/ Reserves
640,description,Net credit from banking system to general government,Credit to Government
641,description,BOG Claims on COCOBOD,Trade
642,description,BOG Claims on GNPC,Trade
643,description,Offer 60% of SSB for sale,Privatization
644,description,Remove oil import restrictions,Trade
645,description,Deregulate oil prices/impose excise duty on oil,Trade
647,description,Detailed report on strengthening of tax and customs administration,Trade
648,description,Adoption of reform program for energy sector,Private Sector Reforms
650,description,Civil service employment reductions,Public Sector
651,description,CAISTAB audit,Other
652,description,New price structure for petroleum products,Pricing
653,description,Parliamentary apporval of pension and pension disability legislation,Wages & Pensions
654,description,Credit to state enterprises,Debt
655,description,M/LT external debt contracted by govt/public instit.,Debt
656,description,Present Organic Budget Law to Nat'l Assembly,Governance
657,description,Issue regs for State Enterprise Law,Other
658,description,Reduce number of commodity groups requiring import permits to max of 5,Trade
659,description,M/LT External debt contracted by SOEs and priv sector ventures w/govt guarantees,Debt
660,description,Issue forex guidelines to commercial banks,Central Bank Reform
662,description,Privatization of 5 public enterprises,Privatization
663,description,Required reserves,BOP/ Reserves
665,description,Bank reserve deposits with BOL,Financial sector
666,description,Full forex backing for currency board,Exchange system
667,description,Strategy for restructuring water/electric sectors,Private Sector Reforms
668,description,Study for restructuring OCTRA,Other
669,description,Adopt plan to restructure telecomm. sector,Private Sector Reforms
671,description,Adopt regulations for business registration,Systemic
672,description,Reduce rice tariffs,Trade
673,description,Complete financial audit of SONATAM,Other
674,description,Gazette on foreign exchange exposure,Exchange system
675,description,Domestic petroleum prices,Pricing
677,description,Budgetary spending for debt swaps,Government Budget
678,description,Federal government cash revenue,Government Budget
679,description,Nonissance of new tax offsets or KOs,Trade
680,description,Privatization of IVAMA,Privatization
681,description,Operation of Large Taxpayers Unit,Trade
682,description,Minimum receipt of TUPP payments by Treasury,Other
683,description,Ceiling on Treasury advances and loans,Monetary Ceiling
684,description,NDA of Central Bank of Jordan,Financial sector
686,description,Base money growth,Monetary Ceiling
687,description,Floor on revenue of state budget,Government Budget
688,description,Stock of Reserve Money of ANB,BOP/ Reserves
690,description,Net domestic assets of banking system,Financial sector
694,description,NDA of Banking System,Financial sector
695,description,Net Lending by General government,Debt
696,description,System of Tax ID numbers,Trade
698,description,Central government revenue,Government Budget
699,description,Broad money,Other
701,description,Gross convert. currency reserves of NBM,BOP/ Reserves
708,description,Arrears to Renge and Rongaz,Arrears
709,description,Limits on assumption of enterprise debt and guaranteeing of bank loans,Debt
710,description,Domestic arrears ceiling,Arrears
711,description,"NDA, banking system",Financial sector
712,description,"Floor on NFA, banking system",Financial sector
713,description,Stock of domestic arrears of SOEs,Arrears
718,description,CBR revenue plus oil and gas surcharges,Pricing
719,description,Central government expenditure,Government Budget
720,description,Public sector wages and salaries,Wages & Pensions
722,description,Asset sales,Government Budget
724,description,NIR of National Bank of Romania,Financial sector
725,description,Stock of payments arrears,Arrears
726,description,Directed credit,Debt
727,description,Net credit of banking system to Ord 13/1995 enterprises,Debt
729,description,Bank credit to 12 agencies,Debt
731,description,Central bank credit to government,Credit to Government
732,description,Wages/salaries in budget,Wages & Pensions
734,description,NDA of of NBB,Financial sector
735,description,Share of net lending in NBB credit auctions,Debt
736,description,Minimum cost coverage for household services,Other
737,description,"Complete retrenchment of 10,000 civil servants",Public Sector
738,description,Terms of reference for review of NBC restructuring and chart list of firms,Other
739,description,Remove 25 public enterprises from government control,Privatization
740,description,Net credit to central government from BOT,Credit to Government
741,description,BOG Net Foreign Assets,BOP/ Reserves
742,description,Reduce Import duty,Trade
743,description,Sale of Govt Assets in Financial Sector,Financial sector
744,description,Update results of survey of cross-debts for 1996,Debt
745,description,Adopt action plan to settle cross-debts for 1996,Debt
746,description,Implement actions plan to settle cross-debts for 1995-96,Debt
747,description,Inventory of tax arrears of private suppliers for 1996,Arrears
748,description,Adopt action plan to settle debts remaining after compensation for 1995,Debt
749,description,State budget tax revenue,Government Budget
750,description,Domestic expenditure arrears,Arrears
751,description,Enact law on Enterprise Profits,Private Sector Reforms
752,description,Enactment of budget law conforming with program objectives,Private Sector Reforms
754,description,Domestic arrears (central government),Arrears
755,description,M/L Debt subceiling (1-12 years),Monetary Ceiling
756,description,"Enactment of Law on Labor Relations, Employment Law",Private Sector Reforms
757,description,Stopanska Banka credit ceiling,Debt
758,description,Central government deficit,Government Budget
759,description,Government noninterest spending,Government Budget
761,description,Net domestic credit to the NFPS,Public Sector
762,description,Capitalization of national petroleum co. (YPFB),Other
763,description,"Write off nonperforming assets, reconstitute capital in identified banks",BOP/ Reserves
764,description,Set minimum capital-asset ratio,Other
765,description,Regulations on reserve/liquidity requirements,BOP/ Reserves
766,description,Passage of security mkt law and adoption of regulations,Governance
767,description,Pension reform,Wages & Pensions
768,description,NFPS Deficit,Public Sector
769,description,Submit VAT legislation to parliament,Governance
770,description,Identify strategic partner or contractor to operate Lesotho Airway,Privatization
771,description,Primary balance of NFPS,Public Sector
772,description,Credit by national development banks and trust funds,Financial sector
773,description,Elimination of 5 percent GST rate,Government Budget
774,description,Floor on net international reserves in convertible currencies,BOP/ Reserves
775,description,Floor on external debt service payments,Debt
776,description,Enact a new tax code,Government Budget
777,description,Close all accounts of Republican government and consolidate under Treasury,Other
778,description,Implement new customs tariff,Trade
779,description,Enact General Sales Tax,Government Budget
780,description,Liquidate DICOL & Guinegaz & flexible price adjustment,Pricing
781,description,Discretionary current expenditure,Government Budget
782,description,Net domestic financing of general government budget deficit,Government Budget
783,description,Containment of overall wage bill,Wages & Pensions
784,description,Privatization Sales of Tug 10 bil for cash priv. receipts,Privatization
785,description,"Implement Interim Tre Sys, all govt accts into STA",Other
786,description,External audit of Bank of Mongolia,Other
787,description,Increase energy prices enough to achieve operating cost recovery,Pricing
792,description,Limits on stock of spending arrears,Arrears
793,description,"Complete, comprehensive survey of government employment and pay",Wages & Pensions
794,description,Overall fiscal deficit (genl govt) excl. For. Proj. Loans,Government Budget
796,description,Complete comprehensive survey of govt employment and pay,Wages & Pensions
797,description,Overall fiscal deficit (genl govt) excl. foreign project loans,Government Budget
798,description,Maximum level of domestic arrears of government,Arrears
799,description,Decontrol of petroleum prices,Pricing
801,description,Remove remaining requirements for import/export licenses,Trade
802,description,"Retire 2,200 civil servants",Public Sector
803,description,Arrears of the Pension Fund,Arrears
804,description,Other domestic arrears of general govt,Arrears
805,description,Ceiling on central government arrears,Arrears
806,description,Ceiling on general government arrears,Arrears
808,description,Identify priority civil service sectors/targets for recruitment reductions,Public Sector
809,description,Privatization/liquidation of enterprises,Privatization
810,description,Abolish quality control list of imports; adopt short list of goods controlled fo,Trade
812,description,Government Revenue,Government Budget
813,description,Computerized budget procedures,Government Budget
814,description,Offer four public enterprises for sale,Privatization
815,description,New civil servants statutes,Public Sector
816,description,Adopt draft law separating post and telecom and eliminating OPT monopoly,Privatization
817,description,Adopt telecomm code encouraging private participation,Privatization
818,description,Launch tenders to establish cellular operation (independent of OPT),Other
819,description,Amendment to Civil Service Law,Public Sector
820,description,Submit to Parliament Privatization Law,Privatization
821,description,Net claims of banking system on central government,Credit to Government
824,description,Privatization Law to Parliament,Privatization
826,description,Gross issuance of promissory notes by government,Other
827,description,VAT audit,Government Budget
829,description,Law that proceeds from privatization revert to government,Privatization
830,description,Increase in municipal water price by 36 percent,Pricing
831,description,Implement performance-based contract for JWA,Other
832,description,MLT debt subceiling (1-12 years),Monetary Ceiling
833,description,Floor on deposits of Banking Dept of BNB (net of Fund credit),Debt
834,description,Full coverage of monetary liabilities of BNB,Financial sector
835,description,Floor on required reserves of banking system,Central Bank Reform
836,description,BNB credit to government,Credit to Government
837,description,Bank budgetary support,Financial sector
838,description,Credit to seven major public enterprises,Other
839,description,Procedures for intro of 3% turnover tax on traders,Capital Account
840,description,Reinstate automatic petro pricing mechanism,Pricing
841,description,Making all prudential regulations consistent with international norms,Governance
842,description,Measures to develop interbank forex market,Exchange system
843,description,Remove GST exemptions for sugar and edible oils,Trade
844,description,Harmonize provincial taxatoin of agricultural income with Punjab,Government Budget
845,description,"Measures relating to gas, telecommunication, and electricity authorities",Other
846,description,Introduce 3 and 6-mont and one year T-bills,Debt
847,description,Implement automatic petro pricing mechanism,Pricing
848,description,Adopt procedures for intro of 3% turnover tax on traders,Government Budget
849,description,Reinstate automatic petroleum pricing mechanism,Pricing
850,description,Make all prudential regulations consistent with international norms,Governance
852,description,Harmonize provincial taxation of agricultural income with Punjab,Government Budget
853,description,"Reform regulatory authorities for gas, telecommunications, and electricity",Other
854,description,"Introduce 3-month, 6-month and one-year T-bills",Debt
856,description,Extension of basis for VAT on imports to include excise/stat taxes,Trade
857,description,Establish national privatization commission,Privatization
858,description,Complete survey of domestic arrears as of end-1996,Arrears
859,description,Convert permanent advance of central bank to govt into T-bills,Credit to Government
860,description,Revision of legal basis of customs/indirect tax exemptions,Government Budget
861,description,Distribution of taxpayer registration forms and tax ID numbers assigned,Government Budget
862,description,Invite bids for all subsidiaries of National Bank of Commerce,Financial sector
863,description,Complete study on divestiture/sale of oil,Other
864,description,Intorduce uniform chart of accounts for commercial banks,Financial sector
865,description,"Net borrowing requirement, central govt",Debt
866,description,"Net domestic borrowing requirement, NFPS",Public Sector
867,description,"Net domestic borrowing requirement, central govt",Debt
869,description,Transfer property tax to DGI,Government Budget
870,description,Action plan - civil service reform,Public Sector
871,description,Protocol to transfer SONIDEP to private sector,Privatization
872,description,Offer OLANI for sale,Privatization
873,description,Transfer/consolidate govt accounts at central bank,BOP/ Reserves
874,description,Govt approval of law lifting all QRs on imports,Trade
875,description,Approval/adoption of regulations implementing 1996 statistical law,Other
876,description,Approval/adoption of revised budget framework act,Government Budget
877,description,MLT External Debt Subceiling (1-12 years),Monetary Ceiling
878,description,Central government arrears excluding suppliers,Arrears
879,description,Central government domestic arrears to suppliers,Arrears
880,description,Close or sell at least 8 companies,Privatization
881,description,NBM to monitor banks' compliance with quarterly targets & impose sanctions,Financial sector
882,description,Limit on credit by Housing Bank,Debt
883,description,Floor on gross reserves of central bank,Central Bank Reform
884,description,VAT reform,Government Budget
886,description,Government spending and net lending,Government Budget
887,description,Primary balance,BOP/ Reserves
888,description,Completion of tax arrears census and strategy for reduction,Arrears
889,description,Complete audit of SNH (oil co.),Other
890,description,Complete civil service census,Public Sector
891,description,"Register 140,000 properties in Land Book",Systemic
892,description,Balance on Stabilization Reserve Fund,Government Budget
893,description,Capital adequacy ratio,Other
894,description,Currency Board cover,Exchange system
895,description,Inventory of tax arrears of private suppliers as of end-1997,Arrears
897,description,Reduction in number and level of import tariff rates,Trade
898,description,Complete independent external audit of fiscal fraud,Other
899,description,Adopt decrees separating postal services form SIPE,Privatization
900,description,Combined public sector savings,Public Sector
901,description,Adjust INAA's tariffs by 1.5% per month,Trade
902,description,Nat Assembly approval of law to privatize telecomm co,Privatization
903,description,Offer at least 40% of telecomm co for sale,Privatization
904,description,Nat Assembly approval of property rights law,Private Sector Reforms
905,description,Withdraw BANADE's license to operate as financial intermediary,Financial sector
906,description,Customs revenue,Trade
908,description,No new domestic arrears,Arrears
910,description,Adopt list of products exempt from turnover tax and updating customs valuation d,Trade
911,description,Privatization of SONASUT (solicit bids),Privatization
912,description,Privatization of STEE (solicit bids),Privatization
913,description,Privatization of Refineries of YPFB (request for bid),Privatization
915,description,Adjust petroleum prices,Pricing
916,description,Submit to Assembly amendment to allow VAT,Government Budget
917,description,Bring to point of sale at least 8 enterprises,Privatization
918,description,VAT computerization system,Systemic
919,description,TIMS customs software,Systemic
920,description,Local government tax code,Government Budget
921,description,Finance treasury via T-bills only,Central Bank Reform
922,description,Bring to point of sale all PEs except one,Privatization
923,description,Domestica Arrears 2,Arrears
924,description,Floor on Reduction in Domestic Arrears,Arrears
925,description,Floor on Total Budget Revenue,Government Budget
926,description,Any New Domestic Arrears,Arrears
927,description,Ceiling on Total Noninterest Public Expenditure,Monetary Ceiling
928,description,Ceiling on Civil Service Wage Bill,Wages & Pensions
929,description,Liquidation of Nonfinancial Public Enterprises,Public Sector
930,description,Road Fund Spending Reform,Government Budget
931,description,Privatization of Distribution Component of PETROCA,Privatization
932,description,Floor on NIR in convertible currencies,Exchange system
933,description,Implement excise stamps on cigarettes,Other
934,description,Enact law on urban and industrial land privatization,Privatization
935,description,Expand large taxpayer unit,Government Budget
936,description,Expand Treasury coverage to all accounts,Central Bank Reform
937,description,Computerization of central and regional treasury offices,Systemic
938,description,Floor on general govt tax revenue,Government Budget
939,description,Floor on general govt cigarette taxes,Government Budget
941,description,Raising of Funds from divestiture of public assets,Other
942,description,Cabinet approval of draft banking legislation,Central Bank Reform
943,description,Cabinet approval of legislation to establish National Revenue Authority,Central Bank Reform
944,description,Cap on Size of civil service,Public Sector
945,description,Primary budget balance,BOP/ Reserves
946,description,Introduce VAT,Government Budget
947,description,Action plan to improve public spending management,Government Budget
948,description,Net Domestic Assets,BOP/ Reserves
949,description,Net Domestic Borrowing of NFPS,Debt
950,description,Net Borrowing Req.,Debt
951,description,Short-term External Credits,Debt
953,description,Review and Streamline Public Service Rules,Public Sector
954,description,Restructure Ministry of Finance,Governance
955,description,Establish arrears monitoring unit in Treasury,Arrears
956,description,Cummulative floor on tax collections,Government Budget
957,description,Ceiling on outstanding payments arrears to KyrgyzEnergo,Monetary Ceiling
958,description,Ceiling on outstanding stock of wage arrears,Arrears
959,description,Cummulative floor on budgetary spending on health,Government Budget
960,description,Ceiling on outstanding stock of pension arrears,Monetary Ceiling
961,description,Cummulative floor on budget spending on education,Government Budget
962,description,"Reduction of maximum duty rate to 25% (except alcohol, tobacco, and vehicles) an",Government Budget
963,description,Adoption new divestiture strategy public enterprise sector,Public Sector
965,description,Tax Reform,Government Budget
966,description,"General govt wage, compensation payments and pension arrears",Government Budget
967,description,Issue at least 75% of gross credit by NBT via credit auction,Debt
968,description,Privatization of at least 900 small scale enternprises,Privatization
969,description,Elimination of retail price controls and fertilizers,Pricing
970,description,Reduce maximum import tariff to 50%,Trade
971,description,Reduce number of import tariff bands to 8,Trade
972,description,"Ceiling of 135,000 employees in budgetary institutions and reduce workforce",Government Budget
973,description,Decide on privatization or liquidation of NCB,Privatization
975,description,"Budgetary arrears on wages, pensions, and benefits",Government Budget
976,description,Stock of central govt domestic arrears,Arrears
977,description,Complet study on unified VAT rate,Government Budget
978,description,Completion of report on performance of public enterprises,Public Sector
980,description,Minimum total revenue collected by Uganda Revenue Authority,Government Budget
981,description,Minimum nonwage spending on Priority Program Areas,Government Budget
982,description,Report on arrears outstanding at end-June 1998,Arrears
983,description,Follow-up on-site exams of banks,Financial sector
984,description,Government revenue excluding grants & divestiture receipts,Government Budget
985,description,Government payments arrears,Arrears
990,description,Deregulate oil prices/impose excise duty,Trade
991,description,Offer Tema Oil Refinery & Ghana Oil Co Ltd for sale,Privatization
992,description,Repayment of GNPC debt to BOG,Debt
993,description,Establish central revenue authority,Government Budget
994,description,Complete medium-term expenditure framework,Government Budget
995,description,External and domestic public sector debt (MLT),Debt
996,description,Short-term public sector debt,Debt
997,description,Noninterest federal government spending,Government Budget
998,description,Combined federal/provincial deficits,Debt
999,description,Reduction in stock of domestic arrears,Arrears
1000,description,Action plan for settlement of domestic arrears,Arrears
1001,description,Treasury audit,Other
1002,description,Integrate payroll & personnel database,Wages & Pensions
1003,description,Reduce number of civil servants by 600,Public Sector
1004,description,Pension Fund audit,Other
1005,description,Price Stabilization and Transport Stabilization Fund audits,Governance
1006,description,New accounting plan for commercial banks,Other
1007,description,Timetable for implementing Basle Comm recommendations,Central Bank Reform
1010,description,Tax Arrears,Arrears
1012,description,Action plan to improve quality of external sector data,Governance
1013,description,Complete PCC audit,Other
1014,description,Study on commercialization or privatization of ADMARC,Privatization
1015,description,Remove discretionary tax exemptions,Governance
1016,description,1999 budget law with State Prop. Fund accts. to parl.,Government Budget
1017,description,Plan to reform public pensions,Wages & Pensions
1020,description,Plan to split post and telecom,Privatization
1021,description,Restructure tax unit in charge of large enterprise,Governance
1022,description,Plan to eliminate civil service pension deficit,Wages & Pensions
1024,description,Computerization of customs offices,Systemic
1025,description,Liberalize telecom sector,Privatization
1026,description,Interprofessional agreement in cotton sector,Private Sector Reforms
1027,description,Draft legislation for tax withholding,Governance
1028,description,Removal of all identified ghost wrokers,Other
1029,description,Reduce maximum tariff rate to 40%,Trade
1030,description,Reduce number of tariff bands to 7 (including zero rate),Trade
1031,description,"Bring to point-of-sale 10 state farms, brewery, cement factory",Privatization
1033,description,Accumulation of budgetary arrears to WAPDA,Arrears
1034,description,Adopt legislation extending GST to retail stage,Governance
1037,description,Make all prudential regs consistent with int norms,Governance
1039,description,Harmonize provincial taxation of agricult income with Punjab,Private Sector Reforms
1040,description,"Reform regulatory authorities for gas, telecom, electricity",Private Sector Reforms
1041,description,"Introduce 3-mo, 6-mo, one-year T-bills",Government Budget
1044,description,Limit credit to 7 major PEs,Monetary Ceiling
1045,description,Stock of external arrears,Arrears
1046,description,Stock of arrears on private current transactions,Arrears
1047,description,Adoption of unique taxpayer ID number,Systemic
1048,description,Implement power tariff decision approved by NERA,Trade
1049,description,Corp restructuring of WAPDA power wing into 12 ind cos.,Other
1050,description,Reduce maximum tariff to 35% and number of nonzero rates to 4,Trade
1051,description,Eliminate exchange restrictions for travel/education,Exchange system
1052,description,Reduce by 50% electricity subsidy for higher income households,Private Sector Reforms
1053,description,Extend GST to services,Governance
1054,description,Eliminate electricity subsidy for higher income households,Private Sector Reforms
1055,description,Eliminate remaining electricity subsidies to households,Private Sector Reforms
1056,description,Unify exchange rates,Exchange system
1057,description,Petroleum development surcharge rate within bands,Private Sector Reforms
1059,description,Stock of external arrears on current transactions,Arrears
1060,description,Stock of arrears on private external debt payments,Arrears
1063,description,Corp restructuring of WAPDA power wing into 12 ind cos,Other
1064,description,Reduce maximum tariff to 35% and no. of nonzero rates to 4,Trade
1065,description,Eliminate exchange restructions for travel and education,Exchange system
1066,description,Reduce by 50% electricity subsidies for higher-income households,Private Sector Reforms
1067,description,Externd GST to services,Governance
1068,description,Eliminate electricity subsidies for higher income households,Private Sector Reforms
1069,description,Eliminate remaining household electricity subsidies,Private Sector Reforms
1071,description,Keep petro development surcharge rate within bands,Private Sector Reforms
1072,description,Extend GST to retail stage,Governance
1073,description,Offer International Bank for sale,Privatization
1074,description,Offer Savings Bank for sale,Privatization
1075,description,Prepare/announce tender for 5 PEs,Financial sector
1076,description,Audit of SOCAR (1998 accounts),Other
1081,description,General government expenditure,Government Budget
1082,description,NFPS Savings,Public Sector
1083,description,MLT Debt subceiling (1-5 years),Debt
1084,description,Ceiling on Tax arrears,Arrears
1085,description,Floor on Fiscal Reserve Account Balance,BOP/ Reserves
1086,description,Floor on Deposits of Banking Dept,Debt
1087,description,Required reserves of banking system,BOP/ Reserves
1088,description,Eliminate earmarking of budget revenue,Government Budget
1089,description,Income tax deduction allowance reform,Governance
1090,description,Reject tax and customs preferences and exceptions,Governance
1091,description,Prohibit tax liability offsets,Governance
1092,description,Implement UIN,Other
1093,description,Tax administration reform,Governance
1094,description,Issue tender for one bank,Financial sector
1095,description,Report and proposed solution for closed banks,Financial sector
1096,description,Complete isolation program for Group B enterprises,Other
1097,description,No wage bill increases for SOEs making losses or in arrears,Wages & Pensions
1098,description,Complete accounting separation of NEK's functions,Other
1099,description,Publish monthly industrial production index,Systemic
1100,description,Prepare for financial sector survey,Financial sector
1102,description,Uearmarked state cash revenue,Government Budget
1104,description,Pricing: flour and electricity,Pricing
1105,description,Automatic domestic petro price adjustment,Pricing
1106,description,Cabinet approval of Central Bank Law,Central Bank Reform
1107,description,Loan contract enforcement,Financial sector
1111,description,Adopt regulations under PCST,Other
1112,description,Automatic domestic petroleum price adjustment,Pricing
1113,description,Eliminate tax exemptions in Investment LAw,Governance
1117,description,Offer Produce Buying Co for sale,Privatization
1118,description,Increase production price to 60% of fob cocoa price,Other
1119,description,Offer TOR for sale,Privatization
1120,description,Appoint sales advisor for divestitures,Other
1121,description,Withdraw certain banking licenses,Financial sector
1122,description,Submit new draft central bank/banking laws to parl,Central Bank Reform
1123,description,Reconcile trade date from ASYCUDA with CEPS's manual,Other
1125,description,Size of public service,Public Sector
1126,description,Transfer ownership of asset packages of ZCCM,Privatization
1127,description,Submit to president recommendations on civil service pension,Wages & Pensions
1128,description,Offer for sale minority share and mgt rights in telecomm co,Privatization
1129,description,Abstain from new tax reductions/exemptions,Governance
1130,description,Repayment of domestic arrears,Arrears
1131,description,Bring Trade & Development Bank to point of sale,Privatization
1132,description,Bring bank (RB) to point of sale,Privatization
1133,description,Restructure/sell ITI Bank,Financial sector
1134,description,Restructure AB bank,Financial sector
1135,description,Appoint receiver for RB Bank if not sold,Privatization
1136,description,Appoint receiver for ITI bank if not sold,Privatization
1137,description,Implement AB restructuring plan,Financial sector
1138,description,Restructure or sell AB bank,Financial sector
1139,description,Bring Gobi and NIC to point of sale,Privatization
1140,description,Appoint receiver for AB if not sold,Privatization
1141,description,"Primary balance, NFPS",Public Sector
1142,description,Net reduction of domestic arrears,Arrears
1143,description,Implement new tax wihholding system,Governance
1144,description,Withholding tax on services to nonresidents,Governance
1145,description,Finalize privatization plans for SONABEL,Privatization
1146,description,Select inv bank for ONATEL privatization,Privatization
1147,description,MA net credit to federal govt,Credit to Government
1148,description,No govt promissory notes (KOS) or tax offsets,Governance
1149,description,Federal govt cash revenue,Government Budget
1150,description,Balance of federal budget,Government Budget
1151,description,Maize-meal price floor,Pricing
1152,description,Civil service caps,Public Sector
1153,description,Lift import restrictions and liberalize foreign currency accts,Trade
1154,description,Guidelines to deal with troubled banks,Financial sector
1155,description,Remove all remaining import restrictions,Trade
1156,description,Sale of govt shares or liquidation of enterprises,Privatization
1157,description,Reduce maximum tariff rate to 35%,Trade
1158,description,Increase GST rate to at least 12%,Governance
1159,description,Submit VAT law to parliament,Governance
1160,description,Reduce maximum tariff to 30% with 2000 budget,Trade
1161,description,"Govt wage, pension, compensation arrears",Arrears
1162,description,Tax collection of STC and SCC,Governance
1163,description,All NBT credit via auctions,Debt
1164,description,Sign sale contracts for all cotton ginneries,Private Sector Reforms
1165,description,Govt resolution on external debt limits,Debt
1166,description,Invite bids for telecommunications co.,Privatization
1167,description,Separate accts of pension & health funds of IHSS,Wages & Pensions
1169,description,Customs clearance computerization,Trade
1170,description,Revised customs legislation,Trade
1171,description,New chart of accounts for banks,Financial sector
1172,description,Council decree to sell seedcotton to all ginning cos.,Other
1173,description,Gross banking system credit to state govt,Credit to Government
1174,description,Gross banking system credit to Federation,Credit to Government
1175,description,Gross banking system credit to Republika Srpska,Credit to Government
1176,description,Privatization legislation for shipyard,Privatization
1177,description,Minimum govt debt to be swapped for TCMFs,Debt
1178,description,Domestci payments arrears,Arrears
1179,description,New govt/CMDT/producer performance contract,Governance
1180,description,Bids for capital of EDM,Privatization
1181,description,Telecom competition,Private Sector Reforms
1182,description,Audit of CRM and INPS,Other
1183,description,Elimination of domestic arrears,Arrears
1184,description,Correct wage bill for ghost workers,Wages & Pensions
1185,description,Floor on tax revenue,Government Budget
1186,description,Audits of govt pension system,Systemic
1187,description,Bids for Tanz Telecomm Co.,Privatization
1188,description,Divestiture strategy for Petro refinery,Privatization
1189,description,Remove petroleum price controls,Pricing
1190,description,Increase petro price ceilings pending removal of controls,Pricing
1191,description,"Increase Kyiv tariffs on heating, water, sewage, rent, transport",Trade
1194,description,VAT law to parliament,Governance
1195,description,Reduce import surcharges by 50%,Trade
1196,description,Commercial bank restructuring plans,Financial sector
1199,description,Financial rehab action plan for Bulgargaz,Other
1200,description,Timetable for financial rehab for Bulgargaz,Other
1201,description,"No wage bill increases for loss-making SOEs (or in arrears), or state monopolies",Wages & Pensions
1202,description,Legislation to liquidate bankrupt SOEs,Privatization
1203,description,Approve new rehab plan for railways,Other
1204,description,Enact law on 1st pillar of pension reform,Wages & Pensions
1205,description,No wasge bill increases for loss-making (or in-arrears) SOEs or state monopolies,Wages & Pensions
1206,description,"End production in Group B enterprises in liquidation, sell core assets in at lea",Other
1207,description,Complete accounting separation of Bulgargaz,Other
1208,description,Issue tender for Biochim bank,Financial sector
1209,description,Complete CAMEL-based exams of 12 banks,Financial sector
1210,description,"Legislation on deposit insurance, regulations on stock exchange",Governance
1211,description,Regulations governing investment trusts,Governance
1212,description,Increase nonmineral export proceeds to exporter,Trade
1213,description,Increase retention period for nonmineral export proceeds,Trade
1214,description,Reduce export surrender requirement,Trade
1215,description,Implement restructuring plan with BAMIS,Other
1216,description,Designate successful bidder for Air Mauritanie,Privatization
1217,description,Audit of procurement system,Systemic
1218,description,Study of forestry sector,Other
1219,description,Complete process of SME privatization,Privatization
1220,description,Submit to parliament draft law for privatization of Savings Bank,Privatization
1221,description,Submit to Parliament proposal for sale of Trade $ Develp Bank,Privatization
1222,description,Intro fixed surcharge/auto price adjust. for petro prods,Pricing
1223,description,"Remove GST exemptions for electricity, gas, petro products",Governance
1224,description,Harmonize provincial taxation of agricultural income,Governance
1226,description,Final bid documents for ENEL,Privatization
1227,description,Final bids for 40% of ENITEL,Privatization
1228,description,Approve social security reform law,Social
1230,description,Gross issuance of promissory notes by govt,Government Budget
1231,description,Complete audits by Uganda Revenue Authority,Government Budget
1232,description,Minimum nonwage spending in priority areas,Government Budget
1233,description,Public service staff limits,Public Sector
1234,description,Equalization grant distribution,Governance
1235,description,Aggregate Wage Ceilings,Wages & Pensions
1237,description,Govt assumption of enterprise debt and guarantees,Debt
1238,description,Reduction of tax arrears,Arrears
1239,description,Cabinet approval of GST Law,Governance
1240,description,Cabinet approval of privatization/liquidation action plans,Privatization
1241,description,Parliamentary approval of Privtization Law,Privatization
1242,description,Effectiveness of agreed Central Bank Law,Central Bank Reform
1243,description,Increase diesel retail prices,Pricing
1244,description,Submit to parliament income tax reform amendments,Government Budget
1245,description,Effectiveness of amendments to Investment Law,Governance
1246,description,Abolish remaining import bans,Trade
1247,description,Promulgation of GST Law,Governance
1249,description,Domestic arrears on wage bill,Arrears
1250,description,Domestic arrears on private suppliers,Arrears
1251,description,Domestic arrears to pension funds,Arrears
1252,description,Domestic arrears to Others,Arrears
1253,description,Govt borrowing from public enterprises,Credit to Government
1254,description,Approval of 2000 budget,Government Budget
1255,description,Implementation of port tariff reform,Trade
1256,description,Complete compilation of debt/arrears of PEs,Arrears
1257,description,Complete phase 2 of demobilization program,Other
1258,description,Power/water utility revenue collection reform statements,Other
1259,description,Refinery privatization bid request,Privatization
1260,description,Amendment to Tax Code,Governance
1261,description,Tax Reform legislation,Governance
1263,description,Forestry concession management,Governance
1264,description,Currency Board to be fully funded,Exchange system
1265,description,Submit new Basic Budget Law,Government Budget
1266,description,Study on health/education spending delays,Social
1267,description,Eliminate 473 precision tarifaires granting tax exemptions,Government Budget
1268,description,Eliminate 392 precision tarifaires,Government Budget
1270,description,Rice import tax reforms,Trade
1271,description,Submit amendments to pension legislation,Wages & Pensions
1272,description,Fuel oil arrears payments by SENELEC/SAR,Arrears
1273,description,Draft 2000 budget law,Government Budget
1274,description,Change in debt of Federal government,Debt
1275,description,Change in short-term Federal government debt,Debt
1276,description,Change in debt of consolidated public sector,Debt
1277,description,Primary expenditure of Federal government,Government Budget
1278,description,Implementation of monthly cash flow plan,Systemic
1279,description,Nominate controller for cotton co.,Other
1281,description,Complete study of statistical system,Systemic
1282,description,National Bank net credit to government,Credit to Government
1283,description,Outstanding public enterprise external arrears,Arrears
1284,description,New public enterprise external arrears,Arrears
1285,description,External public enterprise debt,Debt
1286,description,New domestic arrears on wage bill,Arrears
1287,description,New domestic arrears to private suppliers,Arrears
1288,description,New domestic arrears to pension funds,Arrears
1289,description,Other new domestic arrears,Arrears
1290,description,Ceiling on Tax and social insurance arrears,Arrears
1291,description,Amendments to the Labor Code,Social
1292,description,Draft of key pieces of secondary legislation to Energy Law,Governance
1293,description,"No wage increases for large SOEs making losses (in arrears), state monopolies, s",Wages & Pensions
1294,description,Action plan for restructuring district heating sector,Governance
1295,description,Unified Revenue Agency strategy,Government Budget
1296,description,Sale contract for Biochim,Privatization
1297,description,Tax collections,Government Budget
1298,description,Stocks of budget arrears,Arrears
1299,description,Arrears to Kyrgyz Energo,Arrears
1300,description,Pension arrears,Arrears
1301,description,Taxes in FEZs,Government Budget
1302,description,Licensing regulation reform,Private Sector Reforms
1303,description,Audit of international reserves of Nat'l Bank,BOP/ Reserves
1305,description,Non-pension arrears,Arrears
1306,description,Audits of 2 major pension funds,Wages & Pensions
1307,description,Passage of Central Bank Act,Central Bank Reform
1308,description,Passage of Bank and Financial Institutions Act,Financial sector
1309,description,Timetable for Public Sector Reform Program,Public Sector
1310,description,Finance Pacific to point-of-sale,Financial sector
1311,description,General government net lending,Other
1312,description,Stock of general government guarantees for domestic borrowing,Other
1313,description,Stock of general government payment obligations,Other
1314,description,Full forex cover for currency board liabilities,Exchange system
1315,description,Maintenance of exchange rate,Exchange system
1316,description,Minimum total reserve deposits of banks,BOP/ Reserves
1317,description,Quarterly report on import data and duty reconciliation,Trade
1318,description,Verify Treasury account balances at end-99,Government Budget
1319,description,Domestic payments arrears reduction,Arrears
1320,description,Us of excess oil proceeds by Fed. Govt,Other
1321,description,Payment by oil parastatal to budget,Government Budget
1322,description,Ceiling on warrants issued w/o cash backing (nonacc of domestic arrears),Monetary Ceiling
1323,description,Fed govt spending (floor on external debt service payments),Government Budget
1324,description,Civil service reform (audit of fed civil service),Public Sector
1325,description,Governance (commence anticorruption commission),Governance
1326,description,Study on trade tariff structure,Trade
1327,description,Governance (public sector expenditure audits),Governance
1328,description,Adopt fiscal regime for gas & power projects,Governance
1329,description,Privatization (bring to point-of-sale NITEL/M-Tel),Privatization
1330,description,Complete evaluation of remaining banks,Financial sector
1331,description,Completion of operational/managerial audit of oil co.,Other
1332,description,Adopt new procurement code,Governance
1333,description,PSBR of Central government,Public Sector
1334,description,"Regulations on asset quality, provisioning",Governance
1335,description,Legislation to assembly to broaden VAT base,Government Budget
1336,description,Legislation to assembly to close BHN,Other
1339,description,Wage and pension arrears,Wages & Pensions
1340,description,Gross NBT credit auctions via auction,Other
1341,description,Operational agreement between NBT and MOF,Other
1342,description,Amend legislation on tax system of commercial banks,Financial sector
1343,description,Privatizatoin program of large agricultural estates,Privatization
1344,description,Water and Electricity rate adjustments,Pricing
1345,description,Commerical bank account consolidation,Financial sector
1346,description,Supervisory directive from BoZ to ZNCB,Central Bank Reform
1347,description,Modalities for privatization of two entities,Privatization
1348,description,Open Market Committee,Central Bank Reform
1349,description,Comprehensive census of government arrears,Arrears
1350,description,Contracting/guaranteeing nonconc. external debt of PEs,Debt
1351,description,Adopt petroleum tax system,Systemic
1352,description,Ation plan to rehab CRM and WPS,Other
1353,description,2001 budget incorporating VAT implementation,Government Budget
1354,description,Submit to parliament income tax law amendments,Governance
1356,description,No new tax arrears from ZESCO/SNOC (parastatals),Arrears
1357,description,Submit to Cabinet modalities for ZESCO/ZNCB privatization,Privatization
1358,description,Issue directive from BoZ to ZNCB (commercial bank),Central Bank Reform
1359,description,Consolidate commercial bank accounts,Financial sector
1360,description,NDA of state-owned banks,Financial sector
1361,description,Financial sector reform,Financial sector
1362,description,Enterprise pricing,Pricing
1363,description,Ensure 121 SOEs subject to wage bill freeze,Wages & Pensions
1364,description,Withdrawal of subsidies to DHCs,Other
1366,description,Total government revenue,Government Budget
1367,description,Supervision of district treasury officers to MOF,Government Budget
1368,description,Bring all financial mgt units in line ministries under Finance Officer control,Financial sector
1369,description,"Remuneration of Controller, Auditor General staff",Other
1370,description,Tariff reform program,Trade
1371,description,Floor on cumulative flow of social spending,Government Budget
1372,description,Eliminate import surcharge,Trade
1373,description,Audit of 1999 accounts of 5 ministries,Government Budget
1374,description,Recruitment of Independent Observers for Public Procurement,Other
1375,description,Customs Security System,Systemic
1378,description,National Revenue Authority,Government Budget
1379,description,VAT: Publicity and Education Campaign,Government Budget
1380,description,T-bills Regular Auction Mechanism,Government Budget
1381,description,Appt of New Commissioner URA,Other
1382,description,URA operational plan production,Other
1383,description,Auditor Gen. to verify 6/2000 stock of Cent. Gov. dom. arrears,Arrears
1385,description,ASYCUDA software introduction,Other
1386,description,Revise mining royalty,Governance
1387,description,Introduce Treasury computer system,Systemic
1388,description,Cumulative floor on state government tax collection,Government Budget
1389,description,Privatization of companies,Privatization
1390,description,Fiscal revenue,Government Budget
1391,description,Completion of the audit on oil bonus,Other
1392,description,Complete final recap of FTB,Other
1393,description,Cancel remaining forestry conc. that have not completed restructuring agreements,Other
1394,description,Establish large taxpayers' unit,Government Budget
1395,description,Credit to SOEs from the banking system,Credit to Government
1396,description,Progress report on VCB and ICB audits,Other
1397,description,First milestone for loan restructuring,Debt
1398,description,Sign a mgmt. contract for CBE,Central Bank Reform
1399,description,Fully operational large taxpayer unit,Government Budget
1402,description,Parallel test phase of all modules,Systemic
1403,description,Use of fully comuterized system,Systemic
1404,description,No accounts and funds outside the budget,Government Budget
1405,description,Selec investment bank for Gabon Telecom priv.,Privatization
1406,description,Invite to bid for Gebon Telecom priv.,Privatization
1407,description,Appoint provisional bidder for Gabon Telcom,Privatization
1408,description,Select provisional bidder for AGROGABON,Privatization
1409,description,Invite to bid for HGVEGAB priv.,Privatization
1410,description,Select provis. bidder for HEVEGAB priv.,Privatization
1411,description,Adopt and submit to Parliament Draft Anticorruption Law,Governance
1412,description,Civil Service Management System,Systemic
1413,description,CBR Revenues,Other
1414,description,Credit to 7 Major Public Enterprises,Credit to Government
1416,description,Quarterly Petroleum Price Adjustment,Pricing
1417,description,Ban on Introduction of New GST Exemptions,Government Budget
1418,description,Publication of Quarterly Fiscal Reports,Government Budget
1419,description,GST Extension to Urea and Pesticides,Government Budget
1420,description,GST Extension to all Other Agricultural Inputs,Government Budget
1421,description,Promulgation of New Income Tax Law,Government Budget
1422,description,Extension of Incom Tax to all New Issuance of NSS Instruments,Government Budget
1423,description,Extension of GST to all Retailers/Traders Above the PRs 5 mln Threshold,Government Budget
1424,description,Reduction of the Maximum Customs Tariff,Trade
1425,description,Export Finance Scheme/Elimination of Interest Subsidy,Other
1426,description,Primary Balance of Energy Sector,Other
1427,description,State Budget Tax Revenues,Government Budget
1428,description,State Budget Stock of Arrears,Arrears
1429,description,SFSI Stock of Arrears,Arrears
1430,description,Adoption of a Law on Financial Disclosure of Public Officials,Public Sector
1431,description,SBP Financial Statement,Financial sector
1432,description,SBP Deposits Reduction,Financial sector
1433,description,Net Credit to Public Sector Enterprises,Public Sector
1434,description,Accumulation of Budgetary Arrears to WAPDA by list of priority connections,Arrears
1435,description,Contracting of Foreign Currency Swap and Forward Sales,Capital Account
1436,description,SBP's Forex Reserves Held w/Foreign Branches of Domestic Banks,Capital Account
1437,description,CBR reform,Central Bank Reform
1438,description,GST penalty regime/GST exemptions,Government Budget
1439,description,Adoption of GST timetable,Systemic
1440,description,Self-assessment of income,Other
1441,description,Introduction of Large Taxpayer Unit,Government Budget
1442,description,Income Tax Reform Package,Government Budget
1443,description,Bring KESC to point of sale,Privatization
1444,description,Forex purchase by Banks Circular,Capital Account
1446,description,No new tax exemptions,Government Budget
1448,description,Implement pricing system for petroleum products,Pricing
1449,description,Render operational the regulatory agency for mod'd proc. system,Systemic
1450,description,Government Payroll System Computer Interface,Systemic
1451,description,Non-cash netting operations of consolidated budget,Government Budget
1452,description,Amend Decision 284 (loan classification),Debt
1453,description,Resolve d 1.4 trillion in non-performing loans,Debt
1456,description,Parliamentary Approval of Privatization Law,Privatization
1463,description,Complete Transfer of all Taxpayers' files,Government Budget
1464,description,Promulgation of Amendments to Banking Law,Financial sector
1465,description,Submission to Parliament of Reformed Public Pension Law,Wages & Pensions
1466,description,Net claim of banking system on central government,Credit to Government
1468,description,Complete transfer of all taxpayers' files.,Systemic
1472,description,Complete evaluation of remaining bks applying for banking licenses,Financial sector
1473,description,Complete Final Recapitalization of FTB (Financial Sector Reform),Financial sector
1474,description,Reduce number of govt.accts. held by line ministries,Governance
1475,description,Complete audit of 2001 Foreign Trade Bank,Trade
1476,description,Issue NT report on acct. proc. & methodology,Other
1477,description,Strict Observance of Credit Concentration Ratios,Monetary Ceiling
1478,description,Allow Forex Deposit Accounts at Banks,Exchange system
1479,description,Reconcile Monthly SGS Import Verification Data and Customs Duties Collected on I,Trade
1480,description,Petroleum Price Adjustment Mechanism,Pricing
1481,description,Eliminate Tax Exemption,Government Budget
1482,description,Complete BAMIS Repayment of Central Bank Advance,Other
1483,description,Decree on Petroleum Product Sector Reform,Private Sector Reforms
1484,description,Evaluation Phase Completion for SONELEC Privatization,Privatization
1485,description,Abolish Price Control on Land Transport,Pricing
1488,description,Reduction in Central Government Non-Interest Domestic Arrears,Arrears
1489,description,"Implementation of Revised Requirements for Loan Classification, Loss Provisionin",Financial sector
1490,description,Implement Revised Loan Classification and Loss Requirements of Restructured Loan,Financial sector
1491,description,Establish General Framework to Deal With Banks (min CAR between 9 and 1.8 percent).,Financial sector
1492,description,Increase the refinery prices of high- and low- octane gasoline and diesel by 60,Pricing
1493,description,Recapitalization of AGD banks  and establishment of business plan for their mana,Financial sector
1494,description,Increase of the refinery prices of high- an low-octane gasoline and cooking gas,Pricing
1495,description,Implementation of the redefined rules for the composition of bank's capital,Financial sector
1496,description,Information system link of treasury and MEF,Other
1497,description,Stock of govt. guarantees for housing support programs,Social
1498,description,Net consumer lending of Banco Nacion,Other
1499,description,Eliminate All Special VAT Exemptions,Government Budget
1500,description,Draw-up Mid-Term Expenditure Framework for Priority Sectors,Government Budget
1501,description,Eliminate surrender requirement on SNIM's repatriated export proceeds,Trade
1502,description,Adopt draft law on clearing expenditures,Governance
1503,description,Adopt draft law amending Investment Code,Governance
1504,description,Cumulative Aggregate Collection Rates (Distrigaz Nord&Sud),Other
1505,description,Issuance of domestic government guarantees on bank lending to enterprises,Other
1506,description,Ceiling on Aggregate Wage Bill of Monitored State-owned Enterprises,Wages & Pensions
1507,description,Increase in End-User Electricity Prices,Pricing
1508,description,National Reference Price for Heating,Pricing
1509,description,Announcement of Tender for BCR,Financial sector
1510,description,Completion of Privatization of BCR,Privatization
1511,description,Approval of budgets for SOE consistent w/2002 wage policy.,Wages & Pensions
1512,description,Monthly Reports on Tax Arrears and Third Party Payment,Arrears
1513,description,Amend Investment Code to eliminate tax incentives,Government Budget
1514,description,Complete privatization of SOMELEC,Privatization
1515,description,Expeditious VAT refund system,Government Budget
1517,description,Net Bank Borrowing by 10 Large Public Enterprises.,Public Sector
1518,description,Government Decree on Salary Coefficients,Wages & Pensions
1519,description,"Reduce employment in budgetary sphere by 10,000.",Government Budget
1520,description,Financial restructuring plan for CMDT,Other
1521,description,Call for bids for sale of CMDT & OHVN assets,Privatization
1522,description,Adoption of draft audited budget account,Government Budget
1524,description,Complete review of tax/customs exemptions,Government Budget
1525,description,Disaggregate budget execution reports,Government Budget
1526,description,"Legislation on permanent, limited deposit insurance",Other
1527,description,Conclude bidding of telecommunications comp.,Privatization
1528,description,Submit law to congress to simplify comp. establishment,Other
1529,description,Approve Civil Service Reform Law,Public Sector
1530,description,Approve contract with IFC for privatization of elec. dist.,Privatization
1531,description,Approve legislation on Statistics Institute,Other
1532,description,Finalization of expenditure sheets,Government Budget
1533,description,Procedures for tax-exempted products,Government Budget
1534,description,Petroleum products taxes,Government Budget
1535,description,Revenue/expenditure/trade reporting,Trade
1536,description,Budget preparation for wage bill/expenditure/revenue,Wages & Pensions
1537,description,"EDD, ONED, AID, & telecomm. privatization",Privatization
1538,description,Ceiling on stock of domestic arrears,Arrears
1539,description,Ceiling on new domestic arrears,Arrears
1540,description,LRA-Appoint Commissioner General,Other
1541,description,Fill Accountant General position,Other
1542,description,Financial Sector strategy,Financial sector
1544,description,Net Lending to Extra-Budgetary Funds,Government Budget
1545,description,Reform petroleum products taxation,Government Budget
1546,description,Automatic domestic price setting mechanisms,Pricing
1547,description,Adoption of audited budget acts,Government Budget
1548,description,Social outlays & outcomes database,Systemic
1549,description,Securitization of deposits of CNE,Other
1550,description,Introduce anti-corruption unit,Governance
1551,description,Fiscal Reserve Account,Monetary Ceiling
1552,description,Household Electricity Prices,Pricing
1553,description,Enterprise Debt to Banks by Public Sector,Debt
1555,description,Ceiling on Petroleum Subsidies,Government Budget
1556,description,Taxpayer Identification Number,Systemic
1557,description,Reinstatement of passthrough mechanism for petroleum products,Governance
1558,description,Law on Single Rate VAT,Government Budget
1559,description,Pension Reform Law,Wages & Pensions
1560,description,Ceiling on the Stock of Debt of SONACOS,Monetary Ceiling
1561,description,Ceiling on the stock of arrears of SENELEC,Monetary Ceiling
1562,description,Ceiling on the stock of government guarantee deposits,Monetary Ceiling
1563,description,Announcement of withdrawal of SONAGRAINES,Privatization
1564,description,Treasury accounts of Postal Service,Other
1565,description,Revision of accrod cadre of groundnut sector,Other
1566,description,Adjustment of electricity tariffs,Capital Account
1567,description,SONACOS / SONAGRAINES audit report,Privatization
1568,description,Complete withdrawal of SONAGRAINES,Privatization
1569,description,Bill modifying FNR to Parliament,Other
1570,description,Application of Pass-Through Mechanism for Petroleum Products,Governance
1571,description,Ceiling on the stock of total external debt of the NFPS,Monetary Ceiling
1572,description,FX Future Contracts,Exchange system
1573,description,FX Forward Contracts,Exchange system
1575,description,Budget System Law Adoption,Government Budget
1576,description,Revised Law on Chamber of Accounts,Other
1577,description,Customs Committee Reform,Trade
1578,description,ANB Holding Deposits with Commercial Banks,Financial sector
1579,description,Annual Oil Fund Budget Regulations,Governance
1580,description,Reserve coverage of CBA liabilities,BOP/ Reserves
1581,description,Reserve requirement of the banking system,BOP/ Reserves
1582,description,Exchange rate,Exchange system
1583,description,The Poverty Reduction Fund,Government Budget
1584,description,Cumulative Deposits in SA at the BEAC,Other
1585,description,Finalize Privatization of AMC and Other Enterprises,Privatization
1586,description,Appoint Priv. Advisor for the Savings Bank,Privatization
1587,description,Announce Tender for Priv. of the Savings Bank,Financial sector
1588,description,Abstension from Tax Reductions and Other Measures,Government Budget
1591,description,No New Loans for ZESCO and ZNOC,Debt
1592,description,Divestiture of ZNCB,Central Bank Reform
1593,description,Review of Domestic Arrears Major Contractors,Arrears
1594,description,Submit New Accounting Law to NA,Other
1595,description,Complete BCM and BA Recapitalization,Government Budget
1596,description,Submit New Income Tax Law to NA.,Government Budget
1597,description,Draft VAT legislation to Parliament,Government Budget
1598,description,Submit to NBE's Board audit of NBE's fin.statements,Financial sector
1599,description,2003/04 Budget based on NAM,Government Budget
1600,description,Publish quart. rpts. of WAPDA,Other
1601,description,51% sale bid of ZNCB shares,Privatization
1602,description,Govt. strategy for BOZ,Central Bank Reform
1603,description,Implementation of revised system for BOZ,Central Bank Reform
1605,description,Amend Budget Law,Government Budget
1607,description,Treasury Single Account,Government Budget
1608,description,Paliamentary Approval of 2002 Budget,Government Budget
1609,description,Reporting Requirements on Local Government Accounts,Government Budget
1612,description,Government expenditure,Government Budget
1613,description,Public Enterprise Reform,Public Sector
1614,description,Public Enterprise Borrowing,Public Sector
1615,description,Conduct 40 general meetings for farms,Privatization
1616,description,Privatization of 20 Farms,Privatization
1617,description,Transfers to Local Governments,Government Budget
1618,description,Tax Procedures Code,Systemic
1619,description,Financial Sector Legislation,Financial sector
1620,description,Net Borrowing Requirements of NFPS,Debt
1621,description,GNCB invitation to bid,Privatization
1622,description,GUYSUCO revised modernization plan,Other
1624,description,Appoint sales advisor for ECG divestiture,Privatization
1625,description,Reduce/Eliminate Road Arrears,Arrears
1626,description,Stock of government road sector arrears,Arrears
1627,description,Audit of payment arrears/Liquidation strategy,Arrears
1628,description,Elimination of special import tax,Trade
1629,description,Agreement on restructuring of TORs debt,Debt
1630,description,Statistics on preliminary treasury balance,Government Budget
1631,description,Computerized expenditure system,Systemic
1632,description,Customs clearance procedures for airports,Trade
1633,description,Audit of central bank,Central Bank Reform
1634,description,Establishment of anti-corruption committee,Governance
1635,description,Reform strategy for mining infrastructure agency,Private Sector Reforms
1636,description,Adoption of domestic arrears repayment plan,Arrears
1637,description,Adoption of regulatory framework for banks' audit,Financial sector
1638,description,Production of admin. and management accounts,Other
1639,description,Public Reform Plans for Special Pension Regimes,Wages & Pensions
1640,description,Wage Arrears,Arrears
1641,description,BCC credit to Non-Financial Public Sector,Public Sector
1642,description,BCC credit to Non-Financial Private Sector,Public Sector
1643,description,Social Fund pension arrears,Wages & Pensions
1644,description,Central Government budget arrears,Government Budget
1645,description,NBKR fin.statements of bks. used in court,Central Bank Reform
1646,description,Conversion of LTU into functioning LTU,Other
1647,description,Wage Bills of 60 SOEs,Wages & Pensions
1648,description,Ceiling on Public Sector Issuance of Eurobonds,Monetary Ceiling
1649,description,BNB Should Not Purchase Bulg. Govt. Sec.,Other
1651,description,Elimination of 59 tariff lines,Trade
1652,description,Appointment of Three Magistrates in Supreme Audit Coart.,Governance
1653,description,Ceiling on Central Govt Wage Bill,Monetary Ceiling
1654,description,Current Tax Revenue Floor,Government Budget
1655,description,Banks with less than min CAR,Financial sector
1656,description,Banks to Publish  Qly Financial Information,Financial sector
1657,description,Civil Service Reform Law Draft,Public Sector
1658,description,Budget Approval,Government Budget
1659,description,Adjusting the Base Exchange Rate,Exchange system
1660,description,Approve New Code of Fiscal Incentives,Systemic
1661,description,Approve New Code for Income Taxes.,Systemic
1662,description,Budgetary Expenditures,Government Budget
1663,description,Medium-Term Expenditure Framework,Government Budget
1664,description,Appoint Auditor of 2001 Financial Year,Government Budget
1665,description,Publish Audited Financial Statements,Government Budget
1667,description,Resolve D 35 trillion in NPLs,Debt
1668,description,Issue implementation guidelines for tax administration.,Systemic
1669,description,External payment arrears,Arrears
1671,description,Social Spending,Social
1672,description,Begin Collecting Taxes under VAT law,Government Budget
1673,description,NBR Weekly Auctions to Sell FX,Exchange system
1674,description,Issue Financial Instructions,Financial sector
1675,description,Adopt Arbitration Awards Enforcement Law,Governance
1676,description,Complete Review of Import Duties and Taxes,Trade
1677,description,Issue decrees determining each Ministry's wage bill.,Wages & Pensions
1678,description,Adoption of expanded nomenclature in the draft 2003 budget,Government Budget
1679,description,Net domestic financing of deficit,Debt
1680,description,"Reduce govt employment to 168,804 people",Public Sector
1681,description,Update taxpayers' file of NTD,Systemic
1682,description,Launch audit of enterprises,Other
1683,description,Issue instructions and regulations for comm. banks,Financial sector
1684,description,Establish customized valuation database at customs,Systemic
1685,description,Revoke licenses and appoint liquidators for 3 banks,Privatization
1686,description,Revoke licenses and appoint liquidators for remaining 2 banks,Privatization
1687,description,Submit Budget System Law amendments,Government Budget
1688,description,Introduce version 1.16f or ASYCUDA,Systemic
1690,description,NFPS wage bill,Wages & Pensions
1691,description,Reform of tax system,Government Budget
1692,description,GoG & GUYSUCO agreement,Other
1693,description,GUYSUCO wage policy/downsizing,Wages & Pensions
1694,description,Privatize LINMINE,Privatization
1695,description,Recover loans of GNCB,Debt
1696,description,Procurement & tender act,Financial sector
1697,description,Privatize GNCB,Privatization
1698,description,Action plan by Council of Ministers,Governance
1699,description,Publication of audits of 5 contracts,Other
1700,description,Publication of audit (virtual poverty fund),Other
1701,description,New expenditure mgmt. to become operational,Government Budget
1702,description,Govt. balance sheet,Government Budget
1703,description,IMF/EU financial management,Governance
1704,description,Phase 1:  integrated fin. mgmt. system,Financial sector
1705,description,Improve expenditure management,Government Budget
1706,description,Top mgmt. positions at treasury,Governance
1707,description,Unification of domestic/export prices,Pricing
1708,description,Timetable for reduction of tariffs,Trade
1709,description,Full privatization of the International Bank/UUJSB,Privatization
1710,description,Granting SOCAR tax credits,Government Budget
1711,description,Publication of subsidy/tax credit decisions,Governance
1712,description,Inclusion of subsidies/tax credits in publication,Governance
1713,description,WAPDA FIP for FY 02/03 & 03/04,Other
1714,description,Fiscal Responsibility Law,Financial sector
1715,description,Privatize Habib Bank,Privatization
1716,description,Eliminate withholding tax on int. inc.,Government Budget
1717,description,Link between GPF & PIB yields,Other
1718,description,Parliament adoption of BSL,Central Bank Reform
1719,description,Cabinet of Ministers adoption of VAT refunds,Government Budget
1720,description,Single enterprise profit tax rate,Government Budget
1721,description,Adjustments of domestic energy prices,Pricing
1722,description,Specific ad-valorem customs duties,Government Budget
1723,description,Cabinet of Ministers list of VAT exemptions,Government Budget
1724,description,Tender for government shares in IBA,Financial sector
1725,description,Banking supervision for SCB's,Central Bank Reform
1726,description,Inspection of 3 SCBs,Central Bank Reform
1727,description,Reorganization of NBG Functions,Central Bank Reform
1728,description,VAT payment obligation,Government Budget
1729,description,Budget execution laws for 00/01,Government Budget
1730,description,Floor on Payroll Tax Collections,Government Budget
1731,description,Ceiling on the Stock of Social Fund Arrears to MIF,Monetary Ceiling
1732,description,2004-06 Medium-Term Fiscal Framework,Government Budget
1733,description,Commercial Banks Min Capital Req. som 30 mln,Financial sector
1734,description,VAT extension on agricultural producers,Government Budget
1735,description,New Tax Law on Real Property,Government Budget
1736,description,Combined public sector overall balance,Public Sector
1737,description,Change in monetary base,Monetary Ceiling
1738,description,Revised tax reform legislation,Government Budget
1739,description,No banks will be opened or reopened unless viable,Financial sector
1740,description,Outsource the disposal of assets of liquidated banks,Financial sector
1741,description,Completion BCC Financial Audit,Central Bank Reform
1742,description,"List of Banks for liquidation, priv., and restr.",Privatization
1743,description,Code of Ethics and Code of Good Conduct,Other
1744,description,Establishment of New Expenditure Procedures,Government Budget
1745,description,No payment by BCC of exp of govt not authorized by MoF,Government Budget
1746,description,No purchase by BCC of Congo franc notes ot for. curr.,Monetary Ceiling
1747,description,Audit of five Commercial Banks,Financial sector
1748,description,Heat Producer Price for Termoelectrica,Pricing
1749,description,Cumulative Aggregate Collection Rates (Termoelectrica),Other
1750,description,Electricity Producer Price for Termoelectrica,Pricing
1751,description,Unified end-user Natural Gas Price,Pricing
1752,description,Approval of 2003 Budget for SOE,Government Budget
1753,description,Parliamentary Approval of Amendments to Social Sec. Laws,Social
1754,description,"18,000 Layoffs in the Group of 22 Companies",Wages & Pensions
1755,description,Sign Contract To Sell 25% & 2 shares of BCR capital,Privatization
1756,description,Put into effect VAT,Government Budget
1757,description,Raise revenue by 1 percent of GDP,Government Budget
1758,description,Transactions entered into Treasury ledger,Government Budget
1759,description,Government's 2002/03 accounts,Government Budget
1760,description,Audit report on below-the-line accounts,Government Budget
1761,description,Integrate loans to parastatals/ministry into Treasury acct.sys.,Systemic
1762,description,Contract rep. for Imperial Fleet,Government Budget
1763,description,KESC or WAPDA downward electricity tariff (from 6/03),Trade
1764,description,Elimination of 20 income tax exemptions,Government Budget
1765,description,Federal budget for FY03/04,Government Budget
1766,description,Framework for electricity tariffs,Trade
1767,description,Amend GRA act,Other
1768,description,GUYSUCO: Reduce Permanent Employment,Wages & Pensions
1769,description,GUYSUCO: Revise Management Contract,Other
1770,description,GUYSUCO: Replace API with Profit Sharing,Other
1771,description,Sign Agreement to Privatize LINMINE,Privatization
1772,description,Enact Organic Budget Law,Government Budget
1773,description,On-site Inspection of 2 SCBs,Systemic
1774,description,No Tax Incentives,Government Budget
1775,description,Parliamentary approval for BOM's Supervisory Board,Central Bank Reform
1776,description,Establish Supervisory Board,Central Bank Reform
1777,description,Audits of BOM's NIR,Central Bank Reform
1778,description,Increase BOM's provisioning requirements,Central Bank Reform
1779,description,CBE Financial Restructuring Plan,Central Bank Reform
1780,description,Federal & Regional Budgets Consolidation,Government Budget
1781,description,Floor for Central govt. fiscal balance,Monetary Ceiling
1782,description,Floor for general govt. fiscal balance,Monetary Ceiling
1783,description,Ceiling on VAT refund arrears/outstanding VAT refund claims,Monetary Ceiling
1785,description,Floor for domestic budgetary receipts,Government Budget
1786,description,Retirement of 850 civil servants,Public Sector
1787,description,Reduction of 2500 government employees,Public Sector
1788,description,Incorporation of tax exemptions,Government Budget
1789,description,Settlement of contributions to pension funds,Wages & Pensions
1790,description,Put into effect mgmt contract for JWA,Other
1791,description,Cabinet approval of comm.operations of public ent. to be taxed,Public Sector
1792,description,Domestic financing of the budget,Government Budget
1793,description,Central govt. & SFSI domestic arrears,Arrears
1794,description,Import categories exempt from VAT,Trade
1795,description,Minimum profit tax,Government Budget
1796,description,Customs Com. risk-based assessment profiles,Trade
1797,description,Customs Comm. increase import share to 50%,Trade
1798,description,Public Utilities Reg. Comm. regulations,Public Sector
1799,description,Transformation into regular treasury accts,Government Budget
1800,description,ForEx Regulations of CEMAC,Exchange system
1801,description,Cent. Govt. Financial Operations Table,Government Budget
1802,description,Action plan for large taxpayers' unit,Government Budget
1803,description,CBC adoption of bks to be liquidated,Central Bank Reform
1804,description,CBE Restructuring plan,Central Bank Reform
1805,description,GOLFIS Plan,Other
1806,description,Deputy Accountant General position,Government Budget
1807,description,Treasury Acct. system to parastatals,Government Budget
1809,description,HASYMA bidding process,Privatization
1810,description,SIRAMA bidding process,Privatization
1811,description,No tax or tariff exemptions,Government Budget
1812,description,Adjust NSS rates to reflect PIB yields,Systemic
1813,description,Electricity tariff adj. by NEPRA,Trade
1814,description,Removing income/sales tax exemptions,Government Budget
1815,description,Pilot customs house in Karachi,Trade
1816,description,Limit departures in tariff adj. by distributors,Trade
1817,description,Federal budget for FY 2004/05,Government Budget
1818,description,Tariff & subsidy policy for electricity tariff,Trade
1819,description,Publish Financial Recovery Plan for WAPDA,Government Budget
1820,description,Borrowing req. of the combined public sector,Public Sector
1821,description,Budget law for 2001,Government Budget
1822,description,Adjustments in water and electricity rates,Pricing
1823,description,Outsourcing of liquidated bank assets,Privatization
1824,description,General manager of fiduciary trust contract,Government Budget
1825,description,Transfer fiduciary trust of all category 4 loans above K$100,Government Budget
1826,description,Transfer fiduciary trust of Cat.4&5 loans above K$50,Government Budget
1827,description,Transfer to fiduciary trust of all new loans,Government Budget
1828,description,Govt. to ensure BHU note to BROU,Other
1829,description,Financial statements of liquidation funds,Financial sector
1830,description,External financial audit of liquidation funds,Financial sector
1831,description,Transfer of assets of liquidation funds,Financial sector
1832,description,Quarterly financial reports of liquidation funds,Financial sector
1833,description,Monthly financial statements to MEF/BCU,Financial sector
1834,description,Limit on GUYSUCO wage bill,Wages & Pensions
1835,description,Central govt. transfers to LINMINE and AROAIMA,Government Budget
1836,description,Adoption of new Banking Systems Law,Central Bank Reform
1837,description,Submission to Parliament of new Central Bank Law,Central Bank Reform
1838,description,Approval of strategy for oil revenue mgmt,Governance
1839,description,Adoption of Central Bank Law,Central Bank Reform
1840,description,Approval of annual expenditure plans for 2004,Government Budget
1841,description,Approval of revenue & exp plan for 2005 budget,Government Budget
1842,description,Tenders for all fin. services purchased by MOF,Financial sector
1843,description,Cabinet of Ministers to improve annual budget process,Government Budget
1844,description,Central govt. transfers to AROAIMA,Government Budget
1845,description,Customs Order Act,Trade
1846,description,Publish tax exemptions,Government Budget
1847,description,Procurement regulations by MoF,Financial sector
1848,description,Fin. Inst. Act & BOG Act,Financial sector
1849,description,Customs Duties Order 2004,Trade
1850,description,VAT & excise tax laws to parliament,Government Budget
1851,description,Public investment projects,Public Sector
1852,description,Enact VAT & excise tax laws,Government Budget
1853,description,CARTAC economic costs study,Other
1854,description,5-year PSIP,Other
1855,description,BOG inspections of banks,Financial sector
1856,description,Adopt regulations for VAT & excise tax,Government Budget
1857,description,External audit of MIBA,Other
1858,description,OFIDA assessing value of imports,Trade
1859,description,Accting. framework by Dept. Public Acct. & Treasury,Government Budget
1860,description,Restructuring BCC's balance sheet,Central Bank Reform
1861,description,Results of military census,Governance
