"ISO3","Year","Arrangement.Number","Country.Name","MONA.Code","Arrangement.Type","Approval.date","Initial.End.Date","Initial.End.Year","Revised.End.Date","Duration.Of.Annual.Arrangement.From","Duration.Of.Annual.Arrangement.To","Board.Action.Date","Program.Type","Review.Type","Review.Status","Key.Code","Economic.Code","Economic.Descriptor","Description","Description.Code","Test.Date","PC.Status","Comments","Sort","EsOrder","NewTestDate","Added.At","Assessed.At","Unique.ID","Parent.ID","XDebtGNI","DebtServGNI","ResXDebt","FuelExportPct","MineralExportPct","Rohstoffabhängigkeit","unsc","unsc_t1","unsc3"
"KEN",2021,807,"KENYA",664,"ECF-EFF","2-Apr-21","1-Jun-24",2024,NA,NA,NA,"17-Jan-24","P1","R6","BLANK","SB",20.7,"1.7. Fiscal transparency (publication, parliamentary oversight)","NT to submit to Cabinet a comprehensive, timebound strategy to validate the stock of outstanding pending bills, address public financial management shortcomings that gave rise to pending bills, and clear the verified pending bills over the medium term consistent with the consolidation path under our program.",8,"09/30/2023","NM","Proposed to be reset to end- February 2024",6,8,"30-Sep-23","R5",NA,"SB_20.70_8",NA,35.0020477795269,5.9073,23.0254823086428,0.924149796237318,6.38746779763161,7.31161759386893,1,0,1
"KEN",2021,807,"KENYA",664,"ECF-EFF","2-Apr-21","1-Jun-24",2024,NA,NA,NA,"30-Oct-24","P1","R7R8","L","SB",20.1,"1.1. Revenue measures, excluding trade policy","KRA to develop and publish a strategy for dealing with tax arrears post its tax amnesty program ending in June 2025",4,"11/30/2024","SB",NA,7,4,"30-Nov-24","R7R8",NA,"SB_20.10_4",NA,35.0020477795269,5.9073,23.0254823086428,0.924149796237318,6.38746779763161,7.31161759386893,1,0,1
"KEN",2021,807,"KENYA",664,"ECF-EFF","2-Apr-21","1-Jun-24",2024,NA,NA,NA,"17-Jan-24","P1","R6","BLANK","SB",20.7,"1.7. Fiscal transparency (publication, parliamentary oversight)","NT to release a report outlining procedures and rules for the clearance of pending bills and other government arrears",11,"02/29/2024","SB",NA,6,11,"29-Feb-24","R6",NA,"SB_20.70_11",NA,35.0020477795269,5.9073,23.0254823086428,0.924149796237318,6.38746779763161,7.31161759386893,1,0,1
"KEN",2021,807,"KENYA",664,"ECF-EFF","2-Apr-21","1-Jun-24",2024,NA,NA,NA,"17-Jan-24","P1","R6","BLANK","SB",20.8,"1.8. Budget preparation (e.g., submission or approval)","Submit to Parliament a budget for FY2021/22 consistent with the programed deficit target.",1,"04/30/2021","NM","Implemented with delay",6,1,"30-Apr-21","R0","R3","SB_20.80_1",NA,35.0020477795269,5.9073,23.0254823086428,0.924149796237318,6.38746779763161,7.31161759386893,1,0,1
"KEN",2021,807,"KENYA",664,"ECF-EFF","2-Apr-21","1-Jun-24",2024,NA,NA,NA,"17-Jan-24","P1","R6","BLANK","SB",20.7,"1.7. Fiscal transparency (publication, parliamentary oversight)","Submit to Cabinet for approval the draft of the MTRS with an implementation plan and mechanisms to oversee its implementation",9,"10/30/2023","NM","Implemented with delay",6,9,"30-Oct-23","R5","R6","SB_20.70_9",NA,35.0020477795269,5.9073,23.0254823086428,0.924149796237318,6.38746779763161,7.31161759386893,1,0,1
"KEN",2021,807,"KENYA",664,"ECF-EFF","2-Apr-21","1-Jun-24",2024,NA,NA,NA,"17-Jan-24","P1","R6","BLANK","SB",20.7,"1.7. Fiscal transparency (publication, parliamentary oversight)","NT to strengthen the MTRS governance and process, including by establishing a Steering Committee at ministerial level.",10,"02/29/2024","SB",NA,6,10,"29-Feb-24","R6",NA,"SB_20.70_10",NA,35.0020477795269,5.9073,23.0254823086428,0.924149796237318,6.38746779763161,7.31161759386893,1,0,1
"KEN",2021,807,"KENYA",664,"ECF-EFF","2-Apr-21","1-Jun-24",2024,NA,NA,NA,"30-Oct-24","P1","R7R8","L","SB",20.7,"1.7. Fiscal transparency (publication, parliamentary oversight)","Initiate regular quarterly reporting on pending bills, covering Ministries, Departments and Agencies (MDAs), Counties, Semi-Autonomous Government Agencies (SAGAs) and State Corporations (SCs).",1,"03/31/2021","M",NA,7,1,"31-Mar-21","R0","R1","SB_20.70_1",NA,35.0020477795269,5.9073,23.0254823086428,0.924149796237318,6.38746779763161,7.31161759386893,1,0,1
"KEN",2021,807,"KENYA",664,"ECF-EFF","2-Apr-21","1-Jun-24",2024,NA,NA,NA,"30-Oct-24","P1","R7R8","L","SB",20.7,"1.7. Fiscal transparency (publication, parliamentary oversight)","Publish the results of an audit of all COVID-19-related expenditures in FY2019/20.",2,"05/31/2021","MD","Implemented with delay",7,2,"31-May-21","R0","R1","SB_20.70_2",NA,35.0020477795269,5.9073,23.0254823086428,0.924149796237318,6.38746779763161,7.31161759386893,1,0,1
"KEN",2021,807,"KENYA",664,"ECF-EFF","2-Apr-21","1-Jun-24",2024,NA,NA,NA,"17-Jan-24","P1","R6","BLANK","SB",20.7,"1.7. Fiscal transparency (publication, parliamentary oversight)","Complete a review of how the fuel pricing mechanism has been applied to date; publicly announce and constitute a taskforce to oversee the progressive elimination of the fuel subsidy within the first half of FY2022/23 and to ensure that fuel pricing actions are at all times aligned to the approved budget.",7,"08/31/2023","NM","Implemented with delay",6,7,"31-Aug-23","R5","R6","SB_20.70_7",NA,35.0020477795269,5.9073,23.0254823086428,0.924149796237318,6.38746779763161,7.31161759386893,1,0,1
"KEN",2021,807,"KENYA",664,"ECF-EFF","2-Apr-21","1-Jun-24",2024,NA,NA,NA,"18-Jul-22","P1","R3","BLANK","SB",20.1,"1.1. Revenue measures, excluding trade policy","Issue a circular that includes an action plan for the development of a Medium-Term Revenue Strategy (MTRS) that identifies quantified overarching revenue objectives consistent with programmed tax revenue targets, clarifies the role of each institution involved, and identifies a concrete and time-limited sequence of actions for achievement of such objectives",1,"08/30/2022","SB",NA,3,1,"30-Aug-22","R3",NA,"SB_20.10_1",NA,35.0020477795269,5.9073,23.0254823086428,0.924149796237318,6.38746779763161,7.31161759386893,1,0,1
"KEN",2021,807,"KENYA",664,"ECF-EFF","2-Apr-21","1-Jun-24",2024,NA,NA,NA,"30-Oct-24","P1","R7R8","L","SB",20.1,"1.1. Revenue measures, excluding trade policy","The MTRS Steering Committee to adopt comprehensive PIT,CIT and VAT reform plans with a view to prepare the necessary legislative changes for the FY2025/26 Budget",5,"02/28/2025","SB",NA,7,5,"28-Feb-25","R7R8",NA,"SB_20.10_5",NA,35.0020477795269,5.9073,23.0254823086428,0.924149796237318,6.38746779763161,7.31161759386893,1,0,1
"KEN",2021,807,"KENYA",664,"ECF-EFF","2-Apr-21","1-Jun-24",2024,NA,NA,NA,"30-Oct-24","P1","R7R8","L","SB",20.1,"1.1. Revenue measures, excluding trade policy","NT to submit to Parliament amendments of the PFM Act to reform the framework for in-year revisions to the budget, including by strengthening conditions and introducing rigorous precedures governing supplementary appropriations under Article 223 of the Constitution.",6,"12/31/2024","SB",NA,7,6,"31-Dec-24","R7R8",NA,"SB_20.10_6",NA,35.0020477795269,5.9073,23.0254823086428,0.924149796237318,6.38746779763161,7.31161759386893,1,0,1
"KEN",2021,807,"KENYA",664,"ECF-EFF","2-Apr-21","1-Jun-24",2024,NA,NA,NA,"30-Oct-24","P1","R7R8","L","SB",20.3,"1.3. Expenditure measures, including arrears clearance","Issue decision to implement across MDAs, Counties, and SAGAs a common payroll system linked to IFMIS.",1,"06/30/2021","MD","Implemented with delay",7,1,"30-Jun-21","R0","R2","SB_20.30_1",NA,35.0020477795269,5.9073,23.0254823086428,0.924149796237318,6.38746779763161,7.31161759386893,1,0,1
"KEN",2021,807,"KENYA",664,"ECF-EFF","2-Apr-21","1-Jun-24",2024,NA,NA,NA,"17-Jan-24","P1","R6","BLANK","SB",20.8,"1.8. Budget preparation (e.g., submission or approval)","Increase by 30 percent the number of Level II audits of firms, using risk-based approaches to select taxpayers with focus on industry sectors with large gaps in compliance identified by the IMF VAT-Gap analysis.",2,"12/31/2021","M",NA,6,2,"31-Dec-21","R0","R2","SB_20.80_2",NA,35.0020477795269,5.9073,23.0254823086428,0.924149796237318,6.38746779763161,7.31161759386893,1,0,1
"KEN",2021,807,"KENYA",664,"ECF-EFF","2-Apr-21","1-Jun-24",2024,NA,NA,NA,"17-Jan-24","P1","R6","BLANK","SB",20.8,"1.8. Budget preparation (e.g., submission or approval)","Submit to Parliament a supplementary budget for FY2021/22 consistent with programmed deficit target.",3,"01/31/2022","M",NA,6,3,"31-Jan-22","R2","R3","SB_20.80_3",NA,35.0020477795269,5.9073,23.0254823086428,0.924149796237318,6.38746779763161,7.31161759386893,1,0,1
"KEN",2021,807,"KENYA",664,"ECF-EFF","2-Apr-21","1-Jun-24",2024,NA,NA,NA,"30-Oct-24","P1","R7R8","L","SB",20.6,"1.6. Expenditure auditing, accounting, and financial controls","Submit to the Cabinet Sub-Committee on KPLC an action plan to restore KPLC’s medium-term profitability and fully cover any financing gaps (pre-existing and new) through end-2023, as identified by the updated 2022 financial evaluation.",1,"12/31/2022","NM","Implemented with delay",7,1,"31-Dec-22","R4","R5","SB_20.60_1",NA,35.0020477795269,5.9073,23.0254823086428,0.924149796237318,6.38746779763161,7.31161759386893,1,0,1
"KEN",2021,807,"KENYA",664,"ECF-EFF","2-Apr-21","1-Jun-24",2024,NA,NA,NA,"30-Oct-24","P1","R7R8","L","SB",20.6,"1.6. Expenditure auditing, accounting, and financial controls","National Treasury (NT) to complete financial evaluation for fifty SCs, using their FY2022/23 audited accounts, to quantify fiscal risks emanating from SOEs and report the outcome to the Fiscal Risk Committee.",2,"06/30/2024","NM",NA,7,2,"30-Jun-24","R5","R7R8","SB_20.60_2",NA,35.0020477795269,5.9073,23.0254823086428,0.924149796237318,6.38746779763161,7.31161759386893,1,0,1
"KEN",2021,807,"KENYA",664,"ECF-EFF","2-Apr-21","1-Jun-24",2024,NA,NA,NA,"30-Oct-24","P1","R7R8","L","SB",20.6,"1.6. Expenditure auditing, accounting, and financial controls","The Auditor General’s Office to conduct and publish a comprehensive audit of the use of funds in the PDF and the fuel pricing mechanism, including the triggers for price stabilization decisions.",3,"01/31/2025","SB",NA,7,3,"31-Jan-25","R7R8",NA,"SB_20.60_3",NA,35.0020477795269,5.9073,23.0254823086428,0.924149796237318,6.38746779763161,7.31161759386893,1,0,1
"KEN",2021,807,"KENYA",664,"ECF-EFF","2-Apr-21","1-Jun-24",2024,NA,NA,NA,"18-Jul-22","P1","R3","BLANK","SB",20.8,"1.8. Budget preparation (e.g., submission or approval)","Submit to Parliament a supplementary budget for FY2021/22 consistent with programmed deficit target.",3,"01/31/2022","M",NA,3,3,"31-Jan-22","R2","R3","SB_20.80_3",NA,35.0020477795269,5.9073,23.0254823086428,0.924149796237318,6.38746779763161,7.31161759386893,1,0,1
"KEN",2021,807,"KENYA",664,"ECF-EFF","2-Apr-21","1-Jun-24",2024,NA,NA,NA,"18-Jul-22","P1","R3","BLANK","SB",20.8,"1.8. Budget preparation (e.g., submission or approval)","Submit to Parliament a budget for FY2022/23 consistent with programmed deficit and revenue targets.",4,"04/30/2022","NM",NA,3,4,"30-Apr-22","R2","R3","SB_20.80_4",NA,35.0020477795269,5.9073,23.0254823086428,0.924149796237318,6.38746779763161,7.31161759386893,1,0,1
"KEN",2021,807,"KENYA",664,"ECF-EFF","2-Apr-21","1-Jun-24",2024,NA,NA,NA,"18-Jul-22","P1","R3","BLANK","SB",21.1,"2.1. Central bank operations and reforms","Publish a white paper outlining strategy to strengthen and modernize the monetary policy framework.",1,"06/30/2021","MD","Implemented with delay",3,1,"30-Jun-21","R0","R2","SB_21.10_1",NA,35.0020477795269,5.9073,23.0254823086428,0.924149796237318,6.38746779763161,7.31161759386893,1,0,1
"KEN",2021,807,"KENYA",664,"ECF-EFF","2-Apr-21","1-Jun-24",2024,NA,NA,NA,"18-Jul-22","P1","R3","BLANK","SB",24,"5. Public enterprise reform and pricing  (non financial sector)","Prepare a strategy for addressing financial pressures in the SOE sector including an in-depth and forward-looking financial evaluation of the top 15-20 SOEs representing the largest financial and fiscal risks, a framework for deciding on interventions, and reforms to rationalize the SOE sector.",1,"05/31/2021","MD","Implemented with delay",3,1,"31-May-21","R0","R2","SB_24.00_1",NA,35.0020477795269,5.9073,23.0254823086428,0.924149796237318,6.38746779763161,7.31161759386893,1,0,1
"KEN",2021,807,"KENYA",664,"ECF-EFF","2-Apr-21","1-Jun-24",2024,NA,NA,NA,"18-Jul-22","P1","R3","BLANK","SB",24,"5. Public enterprise reform and pricing  (non financial sector)","Include in the annual Budget Review and Outlook paper an expanded fiscal risk analysis that quantifies contingent liabilities stemming from high-risk SOEs and initiate coverage of PPPs.",2,"09/30/2021","MD",NA,3,2,"30-Sep-21","R0","R2","SB_24.00_2",NA,35.0020477795269,5.9073,23.0254823086428,0.924149796237318,6.38746779763161,7.31161759386893,1,0,1
"KEN",2021,807,"KENYA",664,"ECF-EFF","2-Apr-21","1-Jun-24",2024,NA,NA,NA,"19-Dec-22","P1","R4","BLANK","PA",20.8,"1.8. Budget preparation (e.g., submission or approval)","Submit to Parliament a budget for FY2020/21 consistent with the programed deficit target.",1,"Program Prior Action","M",NA,4,1,"27-Jun-26",NA,NA,"PA_20.80_1",NA,35.0020477795269,5.9073,23.0254823086428,0.924149796237318,6.38746779763161,7.31161759386893,1,0,1
"KEN",2021,807,"KENYA",664,"ECF-EFF","2-Apr-21","1-Jun-24",2024,NA,NA,NA,"19-Dec-22","P1","R4","BLANK","PA",24,"5. Public enterprise reform and pricing  (non financial sector)","Complete financial evaluation of the 9 SOEs with largest fiscal risk to the FY2020/21 budget, to include projection of related urgent fiscal needs in FY2020/21 supported by clear presentation of their necessity",1,"Program Prior Action","M",NA,4,1,"27-Jun-26",NA,NA,"PA_24.00_1",NA,35.0020477795269,5.9073,23.0254823086428,0.924149796237318,6.38746779763161,7.31161759386893,1,0,1
"KEN",2021,807,"KENYA",664,"ECF-EFF","2-Apr-21","1-Jun-24",2024,NA,NA,NA,"19-Dec-22","P1","R4","BLANK","PA",30.4,"11.4. Anti-corruption legislation/policy","Start publishing on the Public Procurement Information Portal, information reported by Procuring Entities on beneficial owners of companies awarded contracts (i.e., name, at the minimum), as per Executive Order No. 2 of 2018 and the corresponding circulars No. 02/2022 and No. 05/2022 issued by the Public Procurement Regulatory Authority.",1,"Fourth Review Prior action","M",NA,4,1,"27-Jun-26",NA,NA,"PA_30.40_1",NA,35.0020477795269,5.9073,23.0254823086428,0.924149796237318,6.38746779763161,7.31161759386893,1,0,1
"KEN",2021,807,"KENYA",664,"ECF-EFF","2-Apr-21","1-Jun-24",2024,NA,NA,NA,"30-Oct-24","P1","R7R8","L","SB",20.3,"1.3. Expenditure measures, including arrears clearance","Complete stocktaking of existing projects and associated commitments in the areas of education, health, and infrastructure, enter the results in the Hyperion system, and identify projects to be rationalized.",2,"03/31/2021","M",NA,7,2,"31-Mar-21","R0","R1","SB_20.30_2",NA,35.0020477795269,5.9073,23.0254823086428,0.924149796237318,6.38746779763161,7.31161759386893,1,0,1
"KEN",2021,807,"KENYA",664,"ECF-EFF","2-Apr-21","1-Jun-24",2024,NA,NA,NA,"30-Oct-24","P1","R7R8","L","SB",20.3,"1.3. Expenditure measures, including arrears clearance","NT to submit to Cabinet a comprehensive, timebound strategy to validate the stock of outstanding pending bills, address public financial management shortcomings that gave rise to pending bills, and clear the verified pending bills over the medium term consistent with the consolidation path under our program",3,"02/29/2024","NM","Implemented with delay",7,3,"29-Feb-24","R7R8","R7R8","SB_20.30_3",NA,35.0020477795269,5.9073,23.0254823086428,0.924149796237318,6.38746779763161,7.31161759386893,1,0,1
"KEN",2021,807,"KENYA",664,"ECF-EFF","2-Apr-21","1-Jun-24",2024,NA,NA,NA,"30-Oct-24","P1","R7R8","L","SB",20.3,"1.3. Expenditure measures, including arrears clearance","NT to release a report outlining procedures and rules for the clearance of pending bills and other government arrears",4,"02/29/2024","NM","Implemented with delay (July)",7,4,"29-Feb-24","R7R8","R7R8","SB_20.30_4",NA,35.0020477795269,5.9073,23.0254823086428,0.924149796237318,6.38746779763161,7.31161759386893,1,0,1
"KEN",2021,807,"KENYA",664,"ECF-EFF","2-Apr-21","1-Jun-24",2024,NA,NA,NA,"30-Oct-24","P1","R7R8","L","SB",20.6,"1.6. Expenditure auditing, accounting, and financial controls","Submit to the Cabinet Sub-Committee on KPLC an action plan to restore KPLC’s medium-term profitability and fully cover any financing gaps (pre-existing and new) through end-2023, as identified by the updated 2022 financial evaluation.",1,"07/31/2022","MOD-DATE",NA,7,1,"31-Jul-22","R3",NA,"SB_20.60_1",NA,35.0020477795269,5.9073,23.0254823086428,0.924149796237318,6.38746779763161,7.31161759386893,1,0,1
"KEN",2021,807,"KENYA",664,"ECF-EFF","2-Apr-21","1-Jun-24",2024,NA,NA,NA,"18-Jul-22","P1","R3","BLANK","SB",20.8,"1.8. Budget preparation (e.g., submission or approval)","Increase by 30 percent the number of Level II audits of firms, using risk-based approaches to select taxpayers with focus on industry sectors with large gaps in compliance identified by the IMF VAT-Gap analysis.",2,"12/31/2021","M",NA,3,2,"31-Dec-21","R0","R2","SB_20.80_2",NA,35.0020477795269,5.9073,23.0254823086428,0.924149796237318,6.38746779763161,7.31161759386893,1,0,1
"KEN",2021,807,"KENYA",664,"ECF-EFF","2-Apr-21","1-Jun-24",2024,NA,NA,NA,"17-Jan-24","P1","R6","BLANK","SB",20.8,"1.8. Budget preparation (e.g., submission or approval)","Submit to Parliament a budget and finance bill for FY2022/23 consistent with programmed deficit and revenue targets.",6,"04/30/2023","M",NA,6,6,"30-Apr-23","R4","R5","SB_20.80_6",NA,35.0020477795269,5.9073,23.0254823086428,0.924149796237318,6.38746779763161,7.31161759386893,1,0,1
"KEN",2021,807,"KENYA",664,"ECF-EFF","2-Apr-21","1-Jun-24",2024,NA,NA,NA,"17-Jan-24","P1","R6","BLANK","SB",20.8,"1.8. Budget preparation (e.g., submission or approval)","NT to submit to Parliament a supplementary budget for FY2023/24 along with tax measures to safeguard achievement of the FY2023/24 deficit and revenue targets.",7,"10/30/2023","NM",NA,6,7,"30-Oct-23","R5",NA,"SB_20.80_7",NA,35.0020477795269,5.9073,23.0254823086428,0.924149796237318,6.38746779763161,7.31161759386893,1,0,1
"KEN",2021,807,"KENYA",664,"ECF-EFF","2-Apr-21","1-Jun-24",2024,NA,NA,NA,"17-Jan-24","P1","R6","BLANK","SB",20.8,"1.8. Budget preparation (e.g., submission or approval)","Submit to Parliament a second supplementary budget for FY2023/24 consistent with programmed deficit and revenue targets.",8,"03/31/2024","SB",NA,6,8,"31-Mar-24","R6",NA,"SB_20.80_8",NA,35.0020477795269,5.9073,23.0254823086428,0.924149796237318,6.38746779763161,7.31161759386893,1,0,1
"KEN",2021,807,"KENYA",664,"ECF-EFF","2-Apr-21","1-Jun-24",2024,NA,NA,NA,"17-Jan-24","P1","R6","BLANK","SB",20.8,"1.8. Budget preparation (e.g., submission or approval)","Submit to Parliament a budget and finance bill for FY2024/25 consistent with programmed deficit and revenue targets.",9,"04/30/2024","SB",NA,6,9,"30-Apr-24","R6",NA,"SB_20.80_9",NA,35.0020477795269,5.9073,23.0254823086428,0.924149796237318,6.38746779763161,7.31161759386893,1,0,1
"KEN",2021,807,"KENYA",664,"ECF-EFF","2-Apr-21","1-Jun-24",2024,NA,NA,NA,"17-Jan-24","P1","R6","BLANK","SB",21.1,"2.1. Central bank operations and reforms","Publish a white paper outlining strategy to strengthen and modernize the monetary policy framework.",1,"06/30/2021","MD","Implemented with delay",6,1,"30-Jun-21","R0","R2","SB_21.10_1",NA,35.0020477795269,5.9073,23.0254823086428,0.924149796237318,6.38746779763161,7.31161759386893,1,0,1
"KEN",2021,807,"KENYA",664,"ECF-EFF","2-Apr-21","1-Jun-24",2024,NA,NA,NA,"17-Jan-24","P1","R6","BLANK","SB",24,"5. Public enterprise reform and pricing  (non financial sector)","Prepare a strategy for addressing financial pressures in the SOE sector including an in-depth and forward-looking financial evaluation of the top 15-20 SOEs representing the largest financial and fiscal risks, a framework for deciding on interventions, and reforms to rationalize the SOE sector.",1,"05/31/2021","MD","Implemented with delay",6,1,"31-May-21","R0","R2","SB_24.00_1",NA,35.0020477795269,5.9073,23.0254823086428,0.924149796237318,6.38746779763161,7.31161759386893,1,0,1
"KEN",2021,807,"KENYA",664,"ECF-EFF","2-Apr-21","1-Jun-24",2024,NA,NA,NA,"17-Jan-24","P1","R6","BLANK","SB",24,"5. Public enterprise reform and pricing  (non financial sector)","Include in the annual Budget Review and Outlook paper an expanded fiscal risk analysis that quantifies contingent liabilities stemming from high-risk SOEs and initiate coverage of PPPs.",2,"09/30/2021","MD",NA,6,2,"30-Sep-21","R0","R2","SB_24.00_2",NA,35.0020477795269,5.9073,23.0254823086428,0.924149796237318,6.38746779763161,7.31161759386893,1,0,1
"KEN",2021,807,"KENYA",664,"ECF-EFF","2-Apr-21","1-Jun-24",2024,NA,NA,NA,"17-Jan-24","P1","R6","BLANK","SB",24,"5. Public enterprise reform and pricing  (non financial sector)","Cabinet approval and publication of an Ownership Policy for SCs describing a new governance architecture and legal ecosystem to enable enhanced performance and transparency",3,"10/30/2023","NM","Implemented with delay",6,3,"30-Oct-23","R5","R6","SB_24.00_3",NA,35.0020477795269,5.9073,23.0254823086428,0.924149796237318,6.38746779763161,7.31161759386893,1,0,1
"KEN",2021,807,"KENYA",664,"ECF-EFF","2-Apr-21","1-Jun-24",2024,NA,NA,NA,"17-Jan-24","P1","R6","BLANK","SB",24,"5. Public enterprise reform and pricing  (non financial sector)","NT to submit to Parliament and publish a report comprising a comprehensive assessment of the national government’s continued involvement or investment in, or funding of, SCs and government-linked corporations, that will (i) include specific recommendations for privatization and/or divestment, as well as for mergers, liquidations or dissolutions, transfers to counties and reversions to government departments, (ii) identify and propose solutions for the main legal and operational challenges and bottlenecks to implement the recommendations, and (iii) establish a time-bound action plan for execution.",4,"10/30/2024","SB",NA,6,4,"30-Oct-24","R5",NA,"SB_24.00_4",NA,35.0020477795269,5.9073,23.0254823086428,0.924149796237318,6.38746779763161,7.31161759386893,1,0,1
"KEN",2021,807,"KENYA",664,"ECF-EFF","2-Apr-21","1-Jun-24",2024,NA,NA,NA,"30-Oct-24","P1","R7R8","L","SB",24,"5. Public enterprise reform and pricing  (non financial sector)","Prepare a strategy for addressing financial pressures in the SOE sector including an in-depth and forward-looking financial evaluation of the top 15-20 SOEs representing the largest financial and fiscal risks, a framework for deciding on interventions, and reforms to rationalize the SOE sector.",1,"05/31/2021","MD","Implemented with delay",7,1,"31-May-21","R0","R2","SB_24.00_1",NA,35.0020477795269,5.9073,23.0254823086428,0.924149796237318,6.38746779763161,7.31161759386893,1,0,1
"KEN",2021,807,"KENYA",664,"ECF-EFF","2-Apr-21","1-Jun-24",2024,NA,NA,NA,"30-Oct-24","P1","R7R8","L","SB",24,"5. Public enterprise reform and pricing  (non financial sector)","Include in the annual Budget Review and Outlook paper an expanded fiscal risk analysis that quantifies contingent liabilities stemming from high-risk SOEs and initiate coverage of PPPs.",2,"09/30/2021","MD",NA,7,2,"30-Sep-21","R0","R2","SB_24.00_2",NA,35.0020477795269,5.9073,23.0254823086428,0.924149796237318,6.38746779763161,7.31161759386893,1,0,1
"KEN",2021,807,"KENYA",664,"ECF-EFF","2-Apr-21","1-Jun-24",2024,NA,NA,NA,"30-Oct-24","P1","R7R8","L","SB",24,"5. Public enterprise reform and pricing  (non financial sector)","Cabinet approval and publication of an Ownership Policy for SCs describing a new governance architecture and legal ecosystem to enable enhanced performance and transparency",3,"10/30/2023","SB",NA,7,3,"30-Oct-23","R5",NA,"SB_24.00_3",NA,35.0020477795269,5.9073,23.0254823086428,0.924149796237318,6.38746779763161,7.31161759386893,1,0,1
"KEN",2021,807,"KENYA",664,"ECF-EFF","2-Apr-21","1-Jun-24",2024,NA,NA,NA,"30-Oct-24","P1","R7R8","L","SB",24,"5. Public enterprise reform and pricing  (non financial sector)","NT to submit to Parliament and publish a report comprising a comprehensive assessment of the national government’s continued involvement or investment in, or funding of, SCs and government-linked corporations, that will (i) include specific recommendations for privatization and/or divestment, as well as for mergers, liquidations or dissolutions, transfers to counties and reversions to government departments, (ii) identify and propose solutions for the main legal and operational challenges and bottlenecks to implement the recommendations, and (iii) establish a time-bound action plan for execution.",4,"10/30/2024","SB",NA,7,4,"30-Oct-24","R5",NA,"SB_24.00_4",NA,35.0020477795269,5.9073,23.0254823086428,0.924149796237318,6.38746779763161,7.31161759386893,1,0,1
"KEN",2021,807,"KENYA",664,"ECF-EFF","2-Apr-21","1-Jun-24",2024,NA,NA,NA,"30-Oct-24","P1","R7R8","L","SB",24,"5. Public enterprise reform and pricing  (non financial sector)","Cabinet approval and publication of an updated inventory and a new classification of SCs that will apply across the government in line with the National Treasury Strategy for improving Financial Oversight at State Corporation document.",5,"01/31/2024","NM","Proposed to be reschuduled to end-November 2024",7,5,"31-Jan-24","R7R8","R7R8","SB_24.00_5",NA,35.0020477795269,5.9073,23.0254823086428,0.924149796237318,6.38746779763161,7.31161759386893,1,0,1
"KEN",2021,807,"KENYA",664,"ECF-EFF","2-Apr-21","1-Jun-24",2024,NA,NA,NA,"30-Oct-24","P1","R7R8","L","SB",24,"5. Public enterprise reform and pricing  (non financial sector)","Submit to parliament legal amendments to anchor the new SCs Ownership Policy and other SOE Blueprint measures in the law",6,"05/31/2024","NM","Proposed to be reschuduled to end-November 2024",7,6,"31-May-24","R7R8","R7R8","SB_24.00_6",NA,35.0020477795269,5.9073,23.0254823086428,0.924149796237318,6.38746779763161,7.31161759386893,1,0,1
"KEN",2021,807,"KENYA",664,"ECF-EFF","2-Apr-21","1-Jun-24",2024,NA,NA,NA,"17-Dec-21","P1","R2","BLANK","SB",24,"5. Public enterprise reform and pricing  (non financial sector)","Include in the annual Budget Review and Outlook paper an expanded fiscal risk analysis that quantifies contingent liabilities stemming from high-risk SOEs and initiate coverage of PPPs.",2,"09/30/2021","MD",NA,2,2,"30-Sep-21","R0","R2","SB_24.00_2",NA,35.0020477795269,5.9073,23.0254823086428,0.924149796237318,6.38746779763161,7.31161759386893,1,0,1
"KEN",2021,807,"KENYA",664,"ECF-EFF","2-Apr-21","1-Jun-24",2024,NA,NA,NA,"23-Jun-21","P1","R1","BLANK","SB",20.7,"1.7. Fiscal transparency (publication, parliamentary oversight)","Ensure that comprehensive information on public tenders awarded, including beneficial ownership information of the awarded entities, are publicly available on the government procurement information portal, and that bidders are subject to dissuasive sanctions for non-compliance.",3,"06/30/2021","SB",NA,1,3,"30-Jun-21","R0",NA,"SB_20.70_3",NA,35.0020477795269,5.9073,23.0254823086428,0.924149796237318,6.38746779763161,7.31161759386893,1,0,1
"KEN",2021,807,"KENYA",664,"ECF-EFF","2-Apr-21","1-Jun-24",2024,NA,NA,NA,"18-Jul-22","P1","R3","BLANK","PA",24,"5. Public enterprise reform and pricing  (non financial sector)","Complete financial evaluation of the 9 SOEs with largest fiscal risk to the FY2020/21 budget, to include projection of related urgent fiscal needs in FY2020/21 supported by clear presentation of their necessity",1,"Program Prior Action","M",NA,3,1,"27-Jun-26",NA,NA,"PA_24.00_1",NA,35.0020477795269,5.9073,23.0254823086428,0.924149796237318,6.38746779763161,7.31161759386893,1,0,1
"KEN",2021,807,"KENYA",664,"ECF-EFF","2-Apr-21","1-Jun-24",2024,NA,NA,NA,"30-Oct-24","P1","R7R8","L","SB",20.1,"1.1. Revenue measures, excluding trade policy","NT and Ministry of Energy to perform and publish an assessment of the governance structure of the Petroleum Development Fund and recommend actions to strengthen its management",3,"03/31/2024","NM","Implemented with delay (August)",7,3,"31-Mar-24","R7R8","R7R8","SB_20.10_3",NA,35.0020477795269,5.9073,23.0254823086428,0.924149796237318,6.38746779763161,7.31161759386893,1,0,1
"KEN",2021,807,"KENYA",664,"ECF-EFF","2-Apr-21","1-Jun-24",2024,NA,NA,NA,"18-Jul-22","P1","R3","BLANK","SB",20.3,"1.3. Expenditure measures, including arrears clearance","Issue decision to implement across MDAs, Counties, and SAGAs a common payroll system linked to IFMIS.",1,"06/30/2021","MD","Implemented with delay",3,1,"30-Jun-21","R0","R2","SB_20.30_1",NA,35.0020477795269,5.9073,23.0254823086428,0.924149796237318,6.38746779763161,7.31161759386893,1,0,1
"KEN",2021,807,"KENYA",664,"ECF-EFF","2-Apr-21","1-Jun-24",2024,NA,NA,NA,"18-Jul-22","P1","R3","BLANK","SB",20.3,"1.3. Expenditure measures, including arrears clearance","Complete stocktaking of existing projects and associated commitments in the areas of education, health, and infrastructure, enter the results in the Hyperion system, and identify projects to be rationalized.",2,"03/31/2021","M",NA,3,2,"31-Mar-21","R0","R1","SB_20.30_2",NA,35.0020477795269,5.9073,23.0254823086428,0.924149796237318,6.38746779763161,7.31161759386893,1,0,1
"KEN",2021,807,"KENYA",664,"ECF-EFF","2-Apr-21","1-Jun-24",2024,NA,NA,NA,"18-Jul-22","P1","R3","BLANK","SB",20.6,"1.6. Expenditure auditing, accounting, and financial controls","Submit to the Cabinet Sub-Committee on KPLC an action plan to restore KPLC’s medium-term profitability and fully cover any financing gaps (pre-existing and new) through end-2023, as identified by the updated 2022 financial evaluation.",1,"07/31/2022","SB",NA,3,1,"31-Jul-22","R3",NA,"SB_20.60_1",NA,35.0020477795269,5.9073,23.0254823086428,0.924149796237318,6.38746779763161,7.31161759386893,1,0,1
"KEN",2021,807,"KENYA",664,"ECF-EFF","2-Apr-21","1-Jun-24",2024,NA,NA,NA,"18-Jul-22","P1","R3","BLANK","SB",20.7,"1.7. Fiscal transparency (publication, parliamentary oversight)","Initiate regular quarterly reporting on pending bills, covering Ministries, Departments and Agencies (MDAs), Counties, Semi-Autonomous Government Agencies (SAGAs) and State Corporations (SCs).",1,"03/31/2021","M",NA,3,1,"31-Mar-21","R0","R1","SB_20.70_1",NA,35.0020477795269,5.9073,23.0254823086428,0.924149796237318,6.38746779763161,7.31161759386893,1,0,1
"KEN",2021,807,"KENYA",664,"ECF-EFF","2-Apr-21","1-Jun-24",2024,NA,NA,NA,"17-Jul-23","P1","R5","BLANK","PA",24,"5. Public enterprise reform and pricing  (non financial sector)","Complete financial evaluation of the 9 SOEs with largest fiscal risk to the FY2020/21 budget, to include projection of related urgent fiscal needs in FY2020/21 supported by clear presentation of their necessity",1,"Program Prior Action","M",NA,5,1,"27-Jun-26",NA,NA,"PA_24.00_1",NA,35.0020477795269,5.9073,23.0254823086428,0.924149796237318,6.38746779763161,7.31161759386893,1,0,1
"KEN",2021,807,"KENYA",664,"ECF-EFF","2-Apr-21","1-Jun-24",2024,NA,NA,NA,"17-Jul-23","P1","R5","BLANK","PA",30.4,"11.4. Anti-corruption legislation/policy","Start publishing on the Public Procurement Information Portal, information reported by Procuring Entities on beneficial owners of companies awarded contracts (i.e., name, at the minimum), as per Executive Order No. 2 of 2018 and the corresponding circulars No. 02/2022 and No. 05/2022 issued by the Public Procurement Regulatory Authority.",1,"Fourth Review Prior action","M",NA,5,1,"27-Jun-26",NA,NA,"PA_30.40_1",NA,35.0020477795269,5.9073,23.0254823086428,0.924149796237318,6.38746779763161,7.31161759386893,1,0,1
"KEN",2021,807,"KENYA",664,"ECF-EFF","2-Apr-21","1-Jun-24",2024,NA,NA,NA,"17-Jul-23","P1","R5","BLANK","SB",20.1,"1.1. Revenue measures, excluding trade policy","Issue a circular that includes an action plan for the development of a Medium-Term Revenue Strategy (MTRS) that identifies quantified overarching revenue objectives consistent with programmed tax revenue targets, clarifies the role of each institution involved, and identifies a concrete and time-limited sequence of actions for achievement of such objectives",1,"08/30/2022","M",NA,5,1,"30-Aug-22","R3","R4","SB_20.10_1",NA,35.0020477795269,5.9073,23.0254823086428,0.924149796237318,6.38746779763161,7.31161759386893,1,0,1
"KEN",2021,807,"KENYA",664,"ECF-EFF","2-Apr-21","1-Jun-24",2024,NA,NA,NA,"17-Jul-23","P1","R5","BLANK","SB",20.3,"1.3. Expenditure measures, including arrears clearance","Issue decision to implement across MDAs, Counties, and SAGAs a common payroll system linked to IFMIS.",1,"06/30/2021","MD","Implemented with delay",5,1,"30-Jun-21","R0","R2","SB_20.30_1",NA,35.0020477795269,5.9073,23.0254823086428,0.924149796237318,6.38746779763161,7.31161759386893,1,0,1
"KEN",2021,807,"KENYA",664,"ECF-EFF","2-Apr-21","1-Jun-24",2024,NA,NA,NA,"17-Jul-23","P1","R5","BLANK","SB",20.3,"1.3. Expenditure measures, including arrears clearance","Complete stocktaking of existing projects and associated commitments in the areas of education, health, and infrastructure, enter the results in the Hyperion system, and identify projects to be rationalized.",2,"03/31/2021","M",NA,5,2,"31-Mar-21","R0","R1","SB_20.30_2",NA,35.0020477795269,5.9073,23.0254823086428,0.924149796237318,6.38746779763161,7.31161759386893,1,0,1
"KEN",2021,807,"KENYA",664,"ECF-EFF","2-Apr-21","1-Jun-24",2024,NA,NA,NA,"17-Jul-23","P1","R5","BLANK","SB",20.6,"1.6. Expenditure auditing, accounting, and financial controls","Submit to the Cabinet Sub-Committee on KPLC an action plan to restore KPLC’s medium-term profitability and fully cover any financing gaps (pre-existing and new) through end-2023, as identified by the updated 2022 financial evaluation.",1,"07/31/2022","MOD-DATE",NA,5,1,"31-Jul-22","R3",NA,"SB_20.60_1",NA,35.0020477795269,5.9073,23.0254823086428,0.924149796237318,6.38746779763161,7.31161759386893,1,0,1
"KEN",2021,807,"KENYA",664,"ECF-EFF","2-Apr-21","1-Jun-24",2024,NA,NA,NA,"19-Dec-22","P1","R4","BLANK","SB",20.7,"1.7. Fiscal transparency (publication, parliamentary oversight)","Publish the results of an audit of all COVID-19-related expenditures in FY2019/20.",2,"05/31/2021","MD","Implemented with delay",4,2,"31-May-21","R0","R1","SB_20.70_2",NA,35.0020477795269,5.9073,23.0254823086428,0.924149796237318,6.38746779763161,7.31161759386893,1,0,1
"KEN",2021,807,"KENYA",664,"ECF-EFF","2-Apr-21","1-Jun-24",2024,NA,NA,NA,"19-Dec-22","P1","R4","BLANK","SB",20.7,"1.7. Fiscal transparency (publication, parliamentary oversight)","Ensure that comprehensive information on public tenders awarded, including beneficial ownership information of the awarded entities, are publicly available on the government procurement information portal, and that bidders are subject to dissuasive sanctions for non-compliance.",3,"06/30/2021","MOD-PA",NA,4,3,"30-Jun-21","R0",NA,"SB_20.70_3",NA,35.0020477795269,5.9073,23.0254823086428,0.924149796237318,6.38746779763161,7.31161759386893,1,0,1
"KEN",2021,807,"KENYA",664,"ECF-EFF","2-Apr-21","1-Jun-24",2024,NA,NA,NA,"19-Dec-22","P1","R4","BLANK","SB",20.7,"1.7. Fiscal transparency (publication, parliamentary oversight)","Start publication of annual report on tax expenditures and their budget implications.",4,"09/30/2021","M",NA,4,4,"30-Sep-21","R0","R2","SB_20.70_4",NA,35.0020477795269,5.9073,23.0254823086428,0.924149796237318,6.38746779763161,7.31161759386893,1,0,1
"KEN",2021,807,"KENYA",664,"ECF-EFF","2-Apr-21","1-Jun-24",2024,NA,NA,NA,"19-Dec-22","P1","R4","BLANK","SB",20.7,"1.7. Fiscal transparency (publication, parliamentary oversight)","Publish results of a forensic audit of COVID-19 vaccine spending up to June 2021 and a comprehensive audit of expenditures in FY2020/21 with a chapter on COVID-19-related spending.",5,"05/31/2022","NM","Implemented with delay",4,5,"31-May-22","R2","R3","SB_20.70_5",NA,35.0020477795269,5.9073,23.0254823086428,0.924149796237318,6.38746779763161,7.31161759386893,1,0,1
"KEN",2021,807,"KENYA",664,"ECF-EFF","2-Apr-21","1-Jun-24",2024,NA,NA,NA,"30-Oct-24","P1","R7R8","L","SB",20.8,"1.8. Budget preparation (e.g., submission or approval)","National Treasury (NT) to submit to Parliament a second supplementary FY2023/24 Budget consistent with programmed deficit and revenue targets",8,"03/31/2024","NM",NA,7,8,"31-Mar-24","R7R8","R7R8","SB_20.80_8",NA,35.0020477795269,5.9073,23.0254823086428,0.924149796237318,6.38746779763161,7.31161759386893,1,0,1
"KEN",2021,807,"KENYA",664,"ECF-EFF","2-Apr-21","1-Jun-24",2024,NA,NA,NA,"30-Oct-24","P1","R7R8","L","SB",20.8,"1.8. Budget preparation (e.g., submission or approval)","National Treasury (NT) to submit to Parliament a second supplementary FY2024/25 Budget consistent with programmed deficit and revenue targets",9,"04/30/2024","NM",NA,7,9,"30-Apr-24","R7R8","R7R8","SB_20.80_9",NA,35.0020477795269,5.9073,23.0254823086428,0.924149796237318,6.38746779763161,7.31161759386893,1,0,1
"KEN",2021,807,"KENYA",664,"ECF-EFF","2-Apr-21","1-Jun-24",2024,NA,NA,NA,"19-Dec-22","P1","R4","BLANK","SB",20.1,"1.1. Revenue measures, excluding trade policy","Issue a circular that includes an action plan for the development of a Medium-Term Revenue Strategy (MTRS) that identifies quantified overarching revenue objectives consistent with programmed tax revenue targets, clarifies the role of each institution involved, and identifies a concrete and time-limited sequence of actions for achievement of such objectives",1,"08/30/2022","M",NA,4,1,"30-Aug-22","R3","R4","SB_20.10_1",NA,35.0020477795269,5.9073,23.0254823086428,0.924149796237318,6.38746779763161,7.31161759386893,1,0,1
"KEN",2021,807,"KENYA",664,"ECF-EFF","2-Apr-21","1-Jun-24",2024,NA,NA,NA,"19-Dec-22","P1","R4","BLANK","SB",20.3,"1.3. Expenditure measures, including arrears clearance","Issue decision to implement across MDAs, Counties, and SAGAs a common payroll system linked to IFMIS.",1,"06/30/2021","MD","Implemented with delay",4,1,"30-Jun-21","R0","R2","SB_20.30_1",NA,35.0020477795269,5.9073,23.0254823086428,0.924149796237318,6.38746779763161,7.31161759386893,1,0,1
"KEN",2021,807,"KENYA",664,"ECF-EFF","2-Apr-21","1-Jun-24",2024,NA,NA,NA,"19-Dec-22","P1","R4","BLANK","SB",20.3,"1.3. Expenditure measures, including arrears clearance","Complete stocktaking of existing projects and associated commitments in the areas of education, health, and infrastructure, enter the results in the Hyperion system, and identify projects to be rationalized.",2,"03/31/2021","M",NA,4,2,"31-Mar-21","R0","R1","SB_20.30_2",NA,35.0020477795269,5.9073,23.0254823086428,0.924149796237318,6.38746779763161,7.31161759386893,1,0,1
"KEN",2021,807,"KENYA",664,"ECF-EFF","2-Apr-21","1-Jun-24",2024,NA,NA,NA,"17-Dec-21","P1","R2","BLANK","SB",20.3,"1.3. Expenditure measures, including arrears clearance","Complete stocktaking of existing projects and associated commitments in the areas of education, health, and infrastructure, enter the results in the Hyperion system, and identify projects to be rationalized.",2,"03/31/2021","M",NA,2,2,"31-Mar-21","R0","R1","SB_20.30_2",NA,35.0020477795269,5.9073,23.0254823086428,0.924149796237318,6.38746779763161,7.31161759386893,1,0,1
"KEN",2021,807,"KENYA",664,"ECF-EFF","2-Apr-21","1-Jun-24",2024,NA,NA,NA,"17-Dec-21","P1","R2","BLANK","SB",20.7,"1.7. Fiscal transparency (publication, parliamentary oversight)","Initiate regular quarterly reporting on pending bills, covering Ministries, Departments and Agencies (MDAs), Counties, Semi-Autonomous Government Agencies (SAGAs) and State Corporations (SCs).",1,"03/31/2021","M",NA,2,1,"31-Mar-21","R0","R1","SB_20.70_1",NA,35.0020477795269,5.9073,23.0254823086428,0.924149796237318,6.38746779763161,7.31161759386893,1,0,1
"KEN",2021,807,"KENYA",664,"ECF-EFF","2-Apr-21","1-Jun-24",2024,NA,NA,NA,"17-Jan-24","P1","R6","BLANK","SB",20.8,"1.8. Budget preparation (e.g., submission or approval)","Submit to Parliament a supplementary budget for FY2022/23 consistent with programmed deficit and revenue targets.",5,"01/31/2023","M",NA,6,5,"31-Jan-23","R4","R5","SB_20.80_5",NA,35.0020477795269,5.9073,23.0254823086428,0.924149796237318,6.38746779763161,7.31161759386893,1,0,1
"KEN",2021,807,"KENYA",664,"ECF-EFF","2-Apr-21","1-Jun-24",2024,NA,NA,NA,"23-Jun-21","P1","R1","BLANK","SB",20.7,"1.7. Fiscal transparency (publication, parliamentary oversight)","Initiate regular quarterly reporting on pending bills, covering Ministries, Departments and Agencies (MDAs), Counties, Semi-Autonomous Government Agencies (SAGAs) and State Corporations (SCs).",1,"03/31/2021","M",NA,1,1,"31-Mar-21","R0","R1","SB_20.70_1",NA,35.0020477795269,5.9073,23.0254823086428,0.924149796237318,6.38746779763161,7.31161759386893,1,0,1
"KEN",2021,807,"KENYA",664,"ECF-EFF","2-Apr-21","1-Jun-24",2024,NA,NA,NA,"23-Jun-21","P1","R1","BLANK","SB",20.7,"1.7. Fiscal transparency (publication, parliamentary oversight)","Publish the results of an audit of all COVID-19-related expenditures in FY2019/20.",2,"05/31/2021","MD","Implemented with delay",1,2,"31-May-21","R0","R1","SB_20.70_2",NA,35.0020477795269,5.9073,23.0254823086428,0.924149796237318,6.38746779763161,7.31161759386893,1,0,1
"KEN",2021,807,"KENYA",664,"ECF-EFF","2-Apr-21","1-Jun-24",2024,NA,NA,NA,"17-Jan-24","P1","R6","BLANK","SB",20.3,"1.3. Expenditure measures, including arrears clearance","Issue decision to implement across MDAs, Counties, and SAGAs a common payroll system linked to IFMIS.",1,"06/30/2021","MD","Implemented with delay",6,1,"30-Jun-21","R0","R2","SB_20.30_1",NA,35.0020477795269,5.9073,23.0254823086428,0.924149796237318,6.38746779763161,7.31161759386893,1,0,1
"KEN",2021,807,"KENYA",664,"ECF-EFF","2-Apr-21","1-Jun-24",2024,NA,NA,NA,"23-Jun-21","P1","R1","BLANK","SB",20.7,"1.7. Fiscal transparency (publication, parliamentary oversight)","Start publication of annual report on tax expenditures and their budget implications.",4,"09/30/2021","SB",NA,1,4,"30-Sep-21","R0",NA,"SB_20.70_4",NA,35.0020477795269,5.9073,23.0254823086428,0.924149796237318,6.38746779763161,7.31161759386893,1,0,1
"KEN",2021,807,"KENYA",664,"ECF-EFF","2-Apr-21","1-Jun-24",2024,NA,NA,NA,"19-Dec-22","P1","R4","BLANK","SB",24,"5. Public enterprise reform and pricing  (non financial sector)","Include in the annual Budget Review and Outlook paper an expanded fiscal risk analysis that quantifies contingent liabilities stemming from high-risk SOEs and initiate coverage of PPPs.",2,"09/30/2021","MD",NA,4,2,"30-Sep-21","R0","R2","SB_24.00_2",NA,35.0020477795269,5.9073,23.0254823086428,0.924149796237318,6.38746779763161,7.31161759386893,1,0,1
"KEN",2021,807,"KENYA",664,"ECF-EFF","2-Apr-21","1-Jun-24",2024,NA,NA,NA,"19-Dec-22","P1","R4","BLANK","SB",30.4,"11.4. Anti-corruption legislation/policy","Submit to the National Assembly, the draft amendments to the POCAMLA and POCAMLR, to be in line with FATF standards addressing the legal and regulatory gaps identified in the Kenya Mutual Evaluation Report 2022 to support anticorruption efforts.",1,"06/30/2023","SB",NA,4,1,"30-Jun-23","R4",NA,"SB_30.40_1",NA,35.0020477795269,5.9073,23.0254823086428,0.924149796237318,6.38746779763161,7.31161759386893,1,0,1
"KEN",2021,807,"KENYA",664,"ECF-EFF","2-Apr-21","1-Jun-24",2024,NA,NA,NA,"19-Dec-22","P1","R4","BLANK","SB",30.4,"11.4. Anti-corruption legislation/policy","Conduct and publish a special audit on the mechanism, efficiency and effectiveness of the supplementary budgeting, including under Article 223 of the Constitution, with a view to provide proper accountability and transparency on the supplementary budget spending by the various MDAs and to establish potential risks.",2,"09/30/2023","SB",NA,4,2,"30-Sep-23","R4",NA,"SB_30.40_2",NA,35.0020477795269,5.9073,23.0254823086428,0.924149796237318,6.38746779763161,7.31161759386893,1,0,1
"KEN",2021,807,"KENYA",664,"ECF-EFF","2-Apr-21","1-Jun-24",2024,NA,NA,NA,"17-Jul-23","P1","R5","BLANK","PA",20.8,"1.8. Budget preparation (e.g., submission or approval)","Submit to Parliament a budget for FY2020/21 consistent with the programed deficit target.",1,"Program Prior Action","M",NA,5,1,"27-Jun-26",NA,NA,"PA_20.80_1",NA,35.0020477795269,5.9073,23.0254823086428,0.924149796237318,6.38746779763161,7.31161759386893,1,0,1
"KEN",2021,807,"KENYA",664,"ECF-EFF","2-Apr-21","1-Jun-24",2024,NA,NA,NA,"17-Jul-23","P1","R5","BLANK","SB",24,"5. Public enterprise reform and pricing  (non financial sector)","Prepare a strategy for addressing financial pressures in the SOE sector including an in-depth and forward-looking financial evaluation of the top 15-20 SOEs representing the largest financial and fiscal risks, a framework for deciding on interventions, and reforms to rationalize the SOE sector.",1,"05/31/2021","MD","Implemented with delay",5,1,"31-May-21","R0","R2","SB_24.00_1",NA,35.0020477795269,5.9073,23.0254823086428,0.924149796237318,6.38746779763161,7.31161759386893,1,0,1
"KEN",2021,807,"KENYA",664,"ECF-EFF","2-Apr-21","1-Jun-24",2024,NA,NA,NA,"17-Jul-23","P1","R5","BLANK","SB",24,"5. Public enterprise reform and pricing  (non financial sector)","Include in the annual Budget Review and Outlook paper an expanded fiscal risk analysis that quantifies contingent liabilities stemming from high-risk SOEs and initiate coverage of PPPs.",2,"09/30/2021","MD",NA,5,2,"30-Sep-21","R0","R2","SB_24.00_2",NA,35.0020477795269,5.9073,23.0254823086428,0.924149796237318,6.38746779763161,7.31161759386893,1,0,1
"KEN",2021,807,"KENYA",664,"ECF-EFF","2-Apr-21","1-Jun-24",2024,NA,NA,NA,"17-Jul-23","P1","R5","BLANK","SB",24,"5. Public enterprise reform and pricing  (non financial sector)","Cabinet approval and publication of an Ownership Policy for SCs describing a new governance architecture and legal ecosystem to enable enhanced performance and transparency",3,"10/30/2023","SB",NA,5,3,"30-Oct-23","R5",NA,"SB_24.00_3",NA,35.0020477795269,5.9073,23.0254823086428,0.924149796237318,6.38746779763161,7.31161759386893,1,0,1
"KEN",2021,807,"KENYA",664,"ECF-EFF","2-Apr-21","1-Jun-24",2024,NA,NA,NA,"17-Jul-23","P1","R5","BLANK","SB",24,"5. Public enterprise reform and pricing  (non financial sector)","NT to submit to Parliament and publish a report comprising a comprehensive assessment of the national government’s continued involvement or investment in, or funding of, SCs and government-linked corporations, that will (i) include specific recommendations for privatization and/or divestment, as well as for mergers, liquidations or dissolutions, transfers to counties and reversions to government departments, (ii) identify and propose solutions for the main legal and operational challenges and bottlenecks to implement the recommendations, and (iii) establish a time-bound action plan for execution.",4,"10/30/2024","SB",NA,5,4,"30-Oct-24","R5",NA,"SB_24.00_4",NA,35.0020477795269,5.9073,23.0254823086428,0.924149796237318,6.38746779763161,7.31161759386893,1,0,1
"KEN",2021,807,"KENYA",664,"ECF-EFF","2-Apr-21","1-Jun-24",2024,NA,NA,NA,"17-Jul-23","P1","R5","BLANK","SB",30.4,"11.4. Anti-corruption legislation/policy","Submit to the National Assembly, the draft amendments to the POCAMLA and POCAMLR, to be in line with FATF standards addressing the legal and regulatory gaps identified in the Kenya Mutual Evaluation Report 2022 to support anticorruption efforts.",1,"06/30/2023","SB",NA,5,1,"30-Jun-23","R4",NA,"SB_30.40_1",NA,35.0020477795269,5.9073,23.0254823086428,0.924149796237318,6.38746779763161,7.31161759386893,1,0,1
"KEN",2021,807,"KENYA",664,"ECF-EFF","2-Apr-21","1-Jun-24",2024,NA,NA,NA,"17-Dec-21","P1","R2","BLANK","SB",24,"5. Public enterprise reform and pricing  (non financial sector)","Prepare a strategy for addressing financial pressures in the SOE sector including an in-depth and forward-looking financial evaluation of the top 15-20 SOEs representing the largest financial and fiscal risks, a framework for deciding on interventions, and reforms to rationalize the SOE sector.",1,"05/31/2021","MD","Implemented with delay",2,1,"31-May-21","R0","R2","SB_24.00_1",NA,35.0020477795269,5.9073,23.0254823086428,0.924149796237318,6.38746779763161,7.31161759386893,1,0,1
"KEN",2021,807,"KENYA",664,"ECF-EFF","2-Apr-21","1-Jun-24",2024,NA,NA,NA,"19-Dec-22","P1","R4","BLANK","SB",20.8,"1.8. Budget preparation (e.g., submission or approval)","Submit to Parliament a supplementary budget for FY2021/22 consistent with programmed deficit target.",3,"01/31/2022","M",NA,4,3,"31-Jan-22","R2","R3","SB_20.80_3",NA,35.0020477795269,5.9073,23.0254823086428,0.924149796237318,6.38746779763161,7.31161759386893,1,0,1
"KEN",2021,807,"KENYA",664,"ECF-EFF","2-Apr-21","1-Jun-24",2024,NA,NA,NA,"19-Dec-22","P1","R4","BLANK","SB",20.8,"1.8. Budget preparation (e.g., submission or approval)","Submit to Parliament a budget for FY2022/23 consistent with programmed deficit and revenue targets.",4,"04/30/2022","NM","Implemented with delay",4,4,"30-Apr-22","R2","R3","SB_20.80_4",NA,35.0020477795269,5.9073,23.0254823086428,0.924149796237318,6.38746779763161,7.31161759386893,1,0,1
"KEN",2021,807,"KENYA",664,"ECF-EFF","2-Apr-21","1-Jun-24",2024,NA,NA,NA,"19-Dec-22","P1","R4","BLANK","SB",20.8,"1.8. Budget preparation (e.g., submission or approval)","Submit to Parliament a supplementary budget for FY2022/23 consistent with programmed deficit and revenue targets.",5,"01/31/2023","SB",NA,4,5,"31-Jan-23","R4",NA,"SB_20.80_5",NA,35.0020477795269,5.9073,23.0254823086428,0.924149796237318,6.38746779763161,7.31161759386893,1,0,1
"KEN",2021,807,"KENYA",664,"ECF-EFF","2-Apr-21","1-Jun-24",2024,NA,NA,NA,"19-Dec-22","P1","R4","BLANK","SB",20.8,"1.8. Budget preparation (e.g., submission or approval)","Submit to Parliament a budget and finance bill for FY2022/23 consistent with programmed deficit and revenue targets.",6,"03/31/2023","SB",NA,4,6,"31-Mar-23","R4",NA,"SB_20.80_6",NA,35.0020477795269,5.9073,23.0254823086428,0.924149796237318,6.38746779763161,7.31161759386893,1,0,1
"KEN",2021,807,"KENYA",664,"ECF-EFF","2-Apr-21","1-Jun-24",2024,NA,NA,NA,"30-Oct-24","P1","R7R8","L","SB",20.1,"1.1. Revenue measures, excluding trade policy","Issue a circular that includes an action plan for the development of a Medium-Term Revenue Strategy (MTRS) that identifies quantified overarching revenue objectives consistent with programmed tax revenue targets, clarifies the role of each institution involved, and identifies a concrete and time-limited sequence of actions for achievement of such objectives",1,"08/30/2022","M",NA,7,1,"30-Aug-22","R3","R4","SB_20.10_1",NA,35.0020477795269,5.9073,23.0254823086428,0.924149796237318,6.38746779763161,7.31161759386893,1,0,1
"KEN",2021,807,"KENYA",664,"ECF-EFF","2-Apr-21","1-Jun-24",2024,NA,NA,NA,"30-Oct-24","P1","R7R8","L","SB",20.1,"1.1. Revenue measures, excluding trade policy","NT to strengthen the MTRS governance and process including by establishing a Steering Committee at ministerial level",2,"02/29/2024","M",NA,7,2,"29-Feb-24","R7R8","R7R8","SB_20.10_2",NA,35.0020477795269,5.9073,23.0254823086428,0.924149796237318,6.38746779763161,7.31161759386893,1,0,1
"KEN",2021,807,"KENYA",664,"ECF-EFF","2-Apr-21","1-Jun-24",2024,NA,NA,NA,"2-Apr-21","P1","R0","E","SB",20.7,"1.7. Fiscal transparency (publication, parliamentary oversight)","Start publication of annual report on tax expenditures and their budget implications.",4,"09/30/2021","SB",NA,0,4,"30-Sep-21","R0",NA,"SB_20.70_4",NA,35.0020477795269,5.9073,23.0254823086428,0.924149796237318,6.38746779763161,7.31161759386893,1,0,1
"KEN",2021,807,"KENYA",664,"ECF-EFF","2-Apr-21","1-Jun-24",2024,NA,NA,NA,"2-Apr-21","P1","R0","E","SB",20.8,"1.8. Budget preparation (e.g., submission or approval)","Submit to Parliament a budget for FY2021/22 consistent with the programed deficit target.",1,"04/30/2021","SB",NA,0,1,"30-Apr-21","R0",NA,"SB_20.80_1",NA,35.0020477795269,5.9073,23.0254823086428,0.924149796237318,6.38746779763161,7.31161759386893,1,0,1
"KEN",2021,807,"KENYA",664,"ECF-EFF","2-Apr-21","1-Jun-24",2024,NA,NA,NA,"2-Apr-21","P1","R0","E","SB",21.1,"2.1. Central bank operations and reforms","Publish a white paper outlining strategy to strengthen and modernize the monetary policy framework.",1,"06/30/2021","SB",NA,0,1,"30-Jun-21","R0",NA,"SB_21.10_1",NA,35.0020477795269,5.9073,23.0254823086428,0.924149796237318,6.38746779763161,7.31161759386893,1,0,1
"KEN",2021,807,"KENYA",664,"ECF-EFF","2-Apr-21","1-Jun-24",2024,NA,NA,NA,"17-Jan-24","P1","R6","BLANK","SB",20.6,"1.6. Expenditure auditing, accounting, and financial controls","Submit to the Cabinet Sub-Committee on KPLC an action plan to restore KPLC’s medium-term profitability and fully cover any financing gaps (pre-existing and new) through end-2023, as identified by the updated 2022 financial evaluation.",1,"07/31/2022","MOD-DATE",NA,6,1,"31-Jul-22","R3",NA,"SB_20.60_1",NA,35.0020477795269,5.9073,23.0254823086428,0.924149796237318,6.38746779763161,7.31161759386893,1,0,1
"KEN",2021,807,"KENYA",664,"ECF-EFF","2-Apr-21","1-Jun-24",2024,NA,NA,NA,"2-Apr-21","P1","R0","E","PA",20.8,"1.8. Budget preparation (e.g., submission or approval)","Submit to Parliament a budget for FY2020/21 consistent with the programed deficit target.",1,"Program Prior Action","M",NA,0,1,"27-Jun-26",NA,NA,"PA_20.80_1",NA,35.0020477795269,5.9073,23.0254823086428,0.924149796237318,6.38746779763161,7.31161759386893,1,0,1
"KEN",2021,807,"KENYA",664,"ECF-EFF","2-Apr-21","1-Jun-24",2024,NA,NA,NA,"2-Apr-21","P1","R0","E","PA",24,"5. Public enterprise reform and pricing  (non financial sector)","Complete financial evaluation of the 9 SOEs with largest fiscal risk to the FY2020/21 budget, to include projection of related urgent fiscal needs in FY2020/21 supported by clear presentation of their necessity",1,"Program Prior Action","M",NA,0,1,"27-Jun-26",NA,NA,"PA_24.00_1",NA,35.0020477795269,5.9073,23.0254823086428,0.924149796237318,6.38746779763161,7.31161759386893,1,0,1
"KEN",2021,807,"KENYA",664,"ECF-EFF","2-Apr-21","1-Jun-24",2024,NA,NA,NA,"17-Jul-23","P1","R5","BLANK","SB",30.4,"11.4. Anti-corruption legislation/policy","Conduct and publish a special audit on the mechanism, efficiency and effectiveness of the supplementary budgeting, including under Article 223 of the Constitution, with a view to provide proper accountability and transparency on the supplementary budget spending by the various MDAs and to establish potential risks.",2,"09/30/2023","SB",NA,5,2,"30-Sep-23","R4",NA,"SB_30.40_2",NA,35.0020477795269,5.9073,23.0254823086428,0.924149796237318,6.38746779763161,7.31161759386893,1,0,1
"KEN",2021,807,"KENYA",664,"ECF-EFF","2-Apr-21","1-Jun-24",2024,NA,NA,NA,"17-Jan-24","P1","R6","BLANK","PA",20.8,"1.8. Budget preparation (e.g., submission or approval)","Submit to Parliament a budget for FY2020/21 consistent with the programed deficit target.",1,"Program Prior Action","M",NA,6,1,"27-Jun-26",NA,NA,"PA_20.80_1",NA,35.0020477795269,5.9073,23.0254823086428,0.924149796237318,6.38746779763161,7.31161759386893,1,0,1
"KEN",2021,807,"KENYA",664,"ECF-EFF","2-Apr-21","1-Jun-24",2024,NA,NA,NA,"17-Jan-24","P1","R6","BLANK","PA",24,"5. Public enterprise reform and pricing  (non financial sector)","Complete financial evaluation of the 9 SOEs with largest fiscal risk to the FY2020/21 budget, to include projection of related urgent fiscal needs in FY2020/21 supported by clear presentation of their necessity",1,"Program Prior Action","M",NA,6,1,"27-Jun-26",NA,NA,"PA_24.00_1",NA,35.0020477795269,5.9073,23.0254823086428,0.924149796237318,6.38746779763161,7.31161759386893,1,0,1
"KEN",2021,807,"KENYA",664,"ECF-EFF","2-Apr-21","1-Jun-24",2024,NA,NA,NA,"17-Jan-24","P1","R6","BLANK","PA",30.4,"11.4. Anti-corruption legislation/policy","Start publishing on the Public Procurement Information Portal, information reported by Procuring Entities on beneficial owners of companies awarded contracts (i.e., name, at the minimum), as per Executive Order No. 2 of 2018 and the corresponding circulars No. 02/2022 and No. 05/2022 issued by the Public Procurement Regulatory Authority.",1,"Fourth Review Prior action","M",NA,6,1,"27-Jun-26",NA,NA,"PA_30.40_1",NA,35.0020477795269,5.9073,23.0254823086428,0.924149796237318,6.38746779763161,7.31161759386893,1,0,1
"KEN",2021,807,"KENYA",664,"ECF-EFF","2-Apr-21","1-Jun-24",2024,NA,NA,NA,"17-Jan-24","P1","R6","BLANK","SB",20.1,"1.1. Revenue measures, excluding trade policy","Issue a circular that includes an action plan for the development of a Medium-Term Revenue Strategy (MTRS) that identifies quantified overarching revenue objectives consistent with programmed tax revenue targets, clarifies the role of each institution involved, and identifies a concrete and time-limited sequence of actions for achievement of such objectives",1,"08/30/2022","M",NA,6,1,"30-Aug-22","R3","R4","SB_20.10_1",NA,35.0020477795269,5.9073,23.0254823086428,0.924149796237318,6.38746779763161,7.31161759386893,1,0,1
"KEN",2021,807,"KENYA",664,"ECF-EFF","2-Apr-21","1-Jun-24",2024,NA,NA,NA,"17-Jan-24","P1","R6","BLANK","SB",20.3,"1.3. Expenditure measures, including arrears clearance","Complete stocktaking of existing projects and associated commitments in the areas of education, health, and infrastructure, enter the results in the Hyperion system, and identify projects to be rationalized.",2,"03/31/2021","M",NA,6,2,"31-Mar-21","R0","R1","SB_20.30_2",NA,35.0020477795269,5.9073,23.0254823086428,0.924149796237318,6.38746779763161,7.31161759386893,1,0,1
"KEN",2021,807,"KENYA",664,"ECF-EFF","2-Apr-21","1-Jun-24",2024,NA,NA,NA,"19-Dec-22","P1","R4","BLANK","SB",24,"5. Public enterprise reform and pricing  (non financial sector)","Prepare a strategy for addressing financial pressures in the SOE sector including an in-depth and forward-looking financial evaluation of the top 15-20 SOEs representing the largest financial and fiscal risks, a framework for deciding on interventions, and reforms to rationalize the SOE sector.",1,"05/31/2021","MD","Implemented with delay",4,1,"31-May-21","R0","R2","SB_24.00_1",NA,35.0020477795269,5.9073,23.0254823086428,0.924149796237318,6.38746779763161,7.31161759386893,1,0,1
"KEN",2021,807,"KENYA",664,"ECF-EFF","2-Apr-21","1-Jun-24",2024,NA,NA,NA,"17-Jan-24","P1","R6","BLANK","SB",20.6,"1.6. Expenditure auditing, accounting, and financial controls","Submit to the Cabinet Sub-Committee on KPLC an action plan to restore KPLC’s medium-term profitability and fully cover any financing gaps (pre-existing and new) through end-2023, as identified by the updated 2022 financial evaluation.",1,"12/31/2022","NM","Implemented with delay",6,1,"31-Dec-22","R4","R5","SB_20.60_1",NA,35.0020477795269,5.9073,23.0254823086428,0.924149796237318,6.38746779763161,7.31161759386893,1,0,1
"KEN",2021,807,"KENYA",664,"ECF-EFF","2-Apr-21","1-Jun-24",2024,NA,NA,NA,"2-Apr-21","P1","R0","E","SB",24,"5. Public enterprise reform and pricing  (non financial sector)","Prepare a strategy for addressing financial pressures in the SOE sector including an in-depth and forward-looking financial evaluation of the top 15-20 SOEs representing the largest financial and fiscal risks, a framework for deciding on interventions, and reforms to rationalize the SOE sector.",1,"05/31/2021","SB",NA,0,1,"31-May-21","R0",NA,"SB_24.00_1",NA,35.0020477795269,5.9073,23.0254823086428,0.924149796237318,6.38746779763161,7.31161759386893,1,0,1
"KEN",2021,807,"KENYA",664,"ECF-EFF","2-Apr-21","1-Jun-24",2024,NA,NA,NA,"2-Apr-21","P1","R0","E","SB",24,"5. Public enterprise reform and pricing  (non financial sector)","Include in the annual Budget Review and Outlook paper an expanded fiscal risk analysis that quantifies contingent liabilities stemming from high-risk SOEs and initiate coverage of PPPs.",2,"09/30/2021","SB",NA,0,2,"30-Sep-21","R0",NA,"SB_24.00_2",NA,35.0020477795269,5.9073,23.0254823086428,0.924149796237318,6.38746779763161,7.31161759386893,1,0,1
"KEN",2021,807,"KENYA",664,"ECF-EFF","2-Apr-21","1-Jun-24",2024,NA,NA,NA,"23-Jun-21","P1","R1","BLANK","PA",20.8,"1.8. Budget preparation (e.g., submission or approval)","Submit to Parliament a budget for FY2020/21 consistent with the programed deficit target.",1,"Program Prior Action","M",NA,1,1,"27-Jun-26",NA,NA,"PA_20.80_1",NA,35.0020477795269,5.9073,23.0254823086428,0.924149796237318,6.38746779763161,7.31161759386893,1,0,1
"KEN",2021,807,"KENYA",664,"ECF-EFF","2-Apr-21","1-Jun-24",2024,NA,NA,NA,"17-Jan-24","P1","R6","BLANK","SB",20.6,"1.6. Expenditure auditing, accounting, and financial controls","National Treasury (NT) to complete financial evaluation for fifty SCs, using their FY2022/23 audited accounts, to quantify fiscal risks emanating from SOEs and report the outcome to the Fiscal Risk Committee.",2,"06/30/2024","SB",NA,6,2,"30-Jun-24","R5",NA,"SB_20.60_2",NA,35.0020477795269,5.9073,23.0254823086428,0.924149796237318,6.38746779763161,7.31161759386893,1,0,1
"KEN",2021,807,"KENYA",664,"ECF-EFF","2-Apr-21","1-Jun-24",2024,NA,NA,NA,"17-Jan-24","P1","R6","BLANK","SB",20.7,"1.7. Fiscal transparency (publication, parliamentary oversight)","Initiate regular quarterly reporting on pending bills, covering Ministries, Departments and Agencies (MDAs), Counties, Semi-Autonomous Government Agencies (SAGAs) and State Corporations (SCs).",1,"03/31/2021","M",NA,6,1,"31-Mar-21","R0","R1","SB_20.70_1",NA,35.0020477795269,5.9073,23.0254823086428,0.924149796237318,6.38746779763161,7.31161759386893,1,0,1
"KEN",2021,807,"KENYA",664,"ECF-EFF","2-Apr-21","1-Jun-24",2024,NA,NA,NA,"17-Jan-24","P1","R6","BLANK","SB",20.7,"1.7. Fiscal transparency (publication, parliamentary oversight)","Publish the results of an audit of all COVID-19-related expenditures in FY2019/20.",2,"05/31/2021","MD","Implemented with delay",6,2,"31-May-21","R0","R1","SB_20.70_2",NA,35.0020477795269,5.9073,23.0254823086428,0.924149796237318,6.38746779763161,7.31161759386893,1,0,1
"KEN",2021,807,"KENYA",664,"ECF-EFF","2-Apr-21","1-Jun-24",2024,NA,NA,NA,"17-Jan-24","P1","R6","BLANK","SB",20.7,"1.7. Fiscal transparency (publication, parliamentary oversight)","Ensure that comprehensive information on public tenders awarded, including beneficial ownership information of the awarded entities, are publicly available on the government procurement information portal, and that bidders are subject to dissuasive sanctions for non-compliance.",3,"06/30/2021","MOD-PA",NA,6,3,"30-Jun-21","R0",NA,"SB_20.70_3",NA,35.0020477795269,5.9073,23.0254823086428,0.924149796237318,6.38746779763161,7.31161759386893,1,0,1
"KEN",2021,807,"KENYA",664,"ECF-EFF","2-Apr-21","1-Jun-24",2024,NA,NA,NA,"17-Jan-24","P1","R6","BLANK","SB",20.7,"1.7. Fiscal transparency (publication, parliamentary oversight)","Start publication of annual report on tax expenditures and their budget implications.",4,"09/30/2021","M",NA,6,4,"30-Sep-21","R0","R2","SB_20.70_4",NA,35.0020477795269,5.9073,23.0254823086428,0.924149796237318,6.38746779763161,7.31161759386893,1,0,1
"KEN",2021,807,"KENYA",664,"ECF-EFF","2-Apr-21","1-Jun-24",2024,NA,NA,NA,"17-Jul-23","P1","R5","BLANK","SB",20.6,"1.6. Expenditure auditing, accounting, and financial controls","Submit to the Cabinet Sub-Committee on KPLC an action plan to restore KPLC’s medium-term profitability and fully cover any financing gaps (pre-existing and new) through end-2023, as identified by the updated 2022 financial evaluation.",1,"12/31/2022","NM","Implemented with delay",5,1,"31-Dec-22","R4","R5","SB_20.60_1",NA,35.0020477795269,5.9073,23.0254823086428,0.924149796237318,6.38746779763161,7.31161759386893,1,0,1
"KEN",2021,807,"KENYA",664,"ECF-EFF","2-Apr-21","1-Jun-24",2024,NA,NA,NA,"17-Jul-23","P1","R5","BLANK","SB",20.8,"1.8. Budget preparation (e.g., submission or approval)","Submit to Parliament a supplementary budget for FY2021/22 consistent with programmed deficit target.",3,"01/31/2022","M",NA,5,3,"31-Jan-22","R2","R3","SB_20.80_3",NA,35.0020477795269,5.9073,23.0254823086428,0.924149796237318,6.38746779763161,7.31161759386893,1,0,1
"KEN",2021,807,"KENYA",664,"ECF-EFF","2-Apr-21","1-Jun-24",2024,NA,NA,NA,"17-Jul-23","P1","R5","BLANK","SB",20.8,"1.8. Budget preparation (e.g., submission or approval)","Submit to Parliament a budget for FY2022/23 consistent with programmed deficit and revenue targets.",4,"04/30/2022","NM","Implemented with delay",5,4,"30-Apr-22","R2","R3","SB_20.80_4",NA,35.0020477795269,5.9073,23.0254823086428,0.924149796237318,6.38746779763161,7.31161759386893,1,0,1
"KEN",2021,807,"KENYA",664,"ECF-EFF","2-Apr-21","1-Jun-24",2024,NA,NA,NA,"17-Jul-23","P1","R5","BLANK","SB",20.8,"1.8. Budget preparation (e.g., submission or approval)","Submit to Parliament a supplementary budget for FY2022/23 consistent with programmed deficit and revenue targets.",5,"01/31/2023","M",NA,5,5,"31-Jan-23","R4","R5","SB_20.80_5",NA,35.0020477795269,5.9073,23.0254823086428,0.924149796237318,6.38746779763161,7.31161759386893,1,0,1
"KEN",2021,807,"KENYA",664,"ECF-EFF","2-Apr-21","1-Jun-24",2024,NA,NA,NA,"17-Jul-23","P1","R5","BLANK","SB",20.8,"1.8. Budget preparation (e.g., submission or approval)","Submit to Parliament a budget and finance bill for FY2022/23 consistent with programmed deficit and revenue targets.",6,"04/30/2023","M",NA,5,6,"30-Apr-23","R4","R5","SB_20.80_6",NA,35.0020477795269,5.9073,23.0254823086428,0.924149796237318,6.38746779763161,7.31161759386893,1,0,1
"KEN",2021,807,"KENYA",664,"ECF-EFF","2-Apr-21","1-Jun-24",2024,NA,NA,NA,"17-Jul-23","P1","R5","BLANK","SB",20.8,"1.8. Budget preparation (e.g., submission or approval)","NT to submit to Parliament a supplementary budget for FY2023/24 along with tax measures to safeguard achievement of the FY2023/24 deficit and revenue targets.",7,"10/30/2023","SB",NA,5,7,"30-Oct-23","R5",NA,"SB_20.80_7",NA,35.0020477795269,5.9073,23.0254823086428,0.924149796237318,6.38746779763161,7.31161759386893,1,0,1
"KEN",2021,807,"KENYA",664,"ECF-EFF","2-Apr-21","1-Jun-24",2024,NA,NA,NA,"17-Jul-23","P1","R5","BLANK","SB",21.1,"2.1. Central bank operations and reforms","Publish a white paper outlining strategy to strengthen and modernize the monetary policy framework.",1,"06/30/2021","MD","Implemented with delay",5,1,"30-Jun-21","R0","R2","SB_21.10_1",NA,35.0020477795269,5.9073,23.0254823086428,0.924149796237318,6.38746779763161,7.31161759386893,1,0,1
"KEN",2021,807,"KENYA",664,"ECF-EFF","2-Apr-21","1-Jun-24",2024,NA,NA,NA,"17-Dec-21","P1","R2","BLANK","SB",20.8,"1.8. Budget preparation (e.g., submission or approval)","Submit to Parliament a budget for FY2021/22 consistent with the programed deficit target.",1,"04/30/2021","MD","Implemented with delay",2,1,"30-Apr-21","R0","R1","SB_20.80_1",NA,35.0020477795269,5.9073,23.0254823086428,0.924149796237318,6.38746779763161,7.31161759386893,1,0,1
"KEN",2021,807,"KENYA",664,"ECF-EFF","2-Apr-21","1-Jun-24",2024,NA,NA,NA,"17-Dec-21","P1","R2","BLANK","SB",20.8,"1.8. Budget preparation (e.g., submission or approval)","Increase by 30 percent the number of Level II audits of firms, using risk-based approaches to select taxpayers with focus on industry sectors with large gaps in compliance identified by the IMF VAT-Gap analysis.",2,"12/31/2021","M",NA,2,2,"31-Dec-21","R0","R2","SB_20.80_2",NA,35.0020477795269,5.9073,23.0254823086428,0.924149796237318,6.38746779763161,7.31161759386893,1,0,1
"KEN",2021,807,"KENYA",664,"ECF-EFF","2-Apr-21","1-Jun-24",2024,NA,NA,NA,"17-Dec-21","P1","R2","BLANK","SB",20.8,"1.8. Budget preparation (e.g., submission or approval)","Submit to Parliament a supplementary budget for FY2021/22 consistent with programmed deficit target.",3,"01/31/2022","SB",NA,2,3,"31-Jan-22","R2",NA,"SB_20.80_3",NA,35.0020477795269,5.9073,23.0254823086428,0.924149796237318,6.38746779763161,7.31161759386893,1,0,1
"KEN",2021,807,"KENYA",664,"ECF-EFF","2-Apr-21","1-Jun-24",2024,NA,NA,NA,"17-Dec-21","P1","R2","BLANK","SB",20.8,"1.8. Budget preparation (e.g., submission or approval)","Submit to Parliament a budget for FY2022/23 consistent with programmed deficit and revenue targets.",4,"04/30/2022","SB",NA,2,4,"30-Apr-22","R2",NA,"SB_20.80_4",NA,35.0020477795269,5.9073,23.0254823086428,0.924149796237318,6.38746779763161,7.31161759386893,1,0,1
"KEN",2021,807,"KENYA",664,"ECF-EFF","2-Apr-21","1-Jun-24",2024,NA,NA,NA,"17-Dec-21","P1","R2","BLANK","SB",21.1,"2.1. Central bank operations and reforms","Publish a white paper outlining strategy to strengthen and modernize the monetary policy framework.",1,"06/30/2021","MD","Implemented with delay",2,1,"30-Jun-21","R0","R2","SB_21.10_1",NA,35.0020477795269,5.9073,23.0254823086428,0.924149796237318,6.38746779763161,7.31161759386893,1,0,1
"KEN",2021,807,"KENYA",664,"ECF-EFF","2-Apr-21","1-Jun-24",2024,NA,NA,NA,"17-Jan-24","P1","R6","BLANK","SB",30.4,"11.4. Anti-corruption legislation/policy","Submit to the National Assembly, the draft amendments to the POCAMLA and POCAMLR, to be in line with FATF standards addressing the legal and regulatory gaps identified in the Kenya Mutual Evaluation Report 2022 to support anticorruption efforts.",1,"06/30/2023","NM","Implemented with delay by end-of 2023",6,1,"30-Jun-23","R4","R6","SB_30.40_1",NA,35.0020477795269,5.9073,23.0254823086428,0.924149796237318,6.38746779763161,7.31161759386893,1,0,1
"KEN",2021,807,"KENYA",664,"ECF-EFF","2-Apr-21","1-Jun-24",2024,NA,NA,NA,"17-Jan-24","P1","R6","BLANK","SB",30.4,"11.4. Anti-corruption legislation/policy","Conduct and publish a special audit on the mechanism, efficiency and effectiveness of the supplementary budgeting, including under Article 223 of the Constitution, with a view to provide proper accountability and transparency on the supplementary budget spending by the various MDAs and to establish potential risks.",2,"09/30/2023","NM",NA,6,2,"30-Sep-23","R4","R6","SB_30.40_2",NA,35.0020477795269,5.9073,23.0254823086428,0.924149796237318,6.38746779763161,7.31161759386893,1,0,1
"KEN",2021,807,"KENYA",664,"ECF-EFF","2-Apr-21","1-Jun-24",2024,NA,NA,NA,"30-Oct-24","P1","R7R8","L","PA",20.8,"1.8. Budget preparation (e.g., submission or approval)","Submit to Parliament a budget for FY2020/21 consistent with the programed deficit target.",1,"Program Prior Action","M",NA,7,1,"27-Jun-26",NA,NA,"PA_20.80_1",NA,35.0020477795269,5.9073,23.0254823086428,0.924149796237318,6.38746779763161,7.31161759386893,1,0,1
"KEN",2021,807,"KENYA",664,"ECF-EFF","2-Apr-21","1-Jun-24",2024,NA,NA,NA,"30-Oct-24","P1","R7R8","L","PA",24,"5. Public enterprise reform and pricing  (non financial sector)","Complete financial evaluation of the 9 SOEs with largest fiscal risk to the FY2020/21 budget, to include projection of related urgent fiscal needs in FY2020/21 supported by clear presentation of their necessity",1,"Program Prior Action","M",NA,7,1,"27-Jun-26",NA,NA,"PA_24.00_1",NA,35.0020477795269,5.9073,23.0254823086428,0.924149796237318,6.38746779763161,7.31161759386893,1,0,1
"KEN",2021,807,"KENYA",664,"ECF-EFF","2-Apr-21","1-Jun-24",2024,NA,NA,NA,"30-Oct-24","P1","R7R8","L","PA",30.4,"11.4. Anti-corruption legislation/policy","Start publishing on the Public Procurement Information Portal, information reported by Procuring Entities on beneficial owners of companies awarded contracts (i.e., name, at the minimum), as per Executive Order No. 2 of 2018 and the corresponding circulars No. 02/2022 and No. 05/2022 issued by the Public Procurement Regulatory Authority.",1,"Fourth Review Prior action","M",NA,7,1,"27-Jun-26",NA,NA,"PA_30.40_1",NA,35.0020477795269,5.9073,23.0254823086428,0.924149796237318,6.38746779763161,7.31161759386893,1,0,1
"KEN",2021,807,"KENYA",664,"ECF-EFF","2-Apr-21","1-Jun-24",2024,NA,NA,NA,"2-Apr-21","P1","R0","E","SB",20.7,"1.7. Fiscal transparency (publication, parliamentary oversight)","Publish the results of an audit of all COVID-19-related expenditures in FY2019/20.",2,"05/31/2021","SB",NA,0,2,"31-May-21","R0",NA,"SB_20.70_2",NA,35.0020477795269,5.9073,23.0254823086428,0.924149796237318,6.38746779763161,7.31161759386893,1,0,1
"KEN",2021,807,"KENYA",664,"ECF-EFF","2-Apr-21","1-Jun-24",2024,NA,NA,NA,"2-Apr-21","P1","R0","E","SB",20.7,"1.7. Fiscal transparency (publication, parliamentary oversight)","Ensure that comprehensive information on public tenders awarded, including beneficial ownership information of the awarded entities, are publicly available on the government procurement information portal, and that bidders are subject to dissuasive sanctions for non-compliance.",3,"06/30/2021","SB",NA,0,3,"30-Jun-21","R0",NA,"SB_20.70_3",NA,35.0020477795269,5.9073,23.0254823086428,0.924149796237318,6.38746779763161,7.31161759386893,1,0,1
"KEN",2021,807,"KENYA",664,"ECF-EFF","2-Apr-21","1-Jun-24",2024,NA,NA,NA,"30-Oct-24","P1","R7R8","L","SB",25.2,"6.2. Restructuring and privatization of financial institutions","Cabinet approval of strategy options for restructuring Kenya Airways",1,"04/30/2024","NM","Proposed to be reschuduled to end-November 2024",7,1,"30-Apr-24","R7R8","R7R8","SB_25.20_1",NA,35.0020477795269,5.9073,23.0254823086428,0.924149796237318,6.38746779763161,7.31161759386893,1,0,1
"KEN",2021,807,"KENYA",664,"ECF-EFF","2-Apr-21","1-Jun-24",2024,NA,NA,NA,"30-Oct-24","P1","R7R8","L","SB",30.4,"11.4. Anti-corruption legislation/policy","Submit to the National Assembly, the draft amendments to the POCAMLA and POCAMLR, to be in line with FATF standards addressing the legal and regulatory gaps identified in the Kenya Mutual Evaluation Report 2022 to support anticorruption efforts.",1,"06/30/2023","SB",NA,7,1,"30-Jun-23","R4",NA,"SB_30.40_1",NA,35.0020477795269,5.9073,23.0254823086428,0.924149796237318,6.38746779763161,7.31161759386893,1,0,1
"KEN",2021,807,"KENYA",664,"ECF-EFF","2-Apr-21","1-Jun-24",2024,NA,NA,NA,"30-Oct-24","P1","R7R8","L","SB",30.4,"11.4. Anti-corruption legislation/policy","Conduct and publish a special audit on the mechanism, efficiency and effectiveness of the supplementary budgeting, including under Article 223 of the Constitution, with a view to provide proper accountability and transparency on the supplementary budget spending by the various MDAs and to establish potential risks.",2,"09/30/2023","SB",NA,7,2,"30-Sep-23","R4",NA,"SB_30.40_2",NA,35.0020477795269,5.9073,23.0254823086428,0.924149796237318,6.38746779763161,7.31161759386893,1,0,1
"KEN",2021,807,"KENYA",664,"ECF-EFF","2-Apr-21","1-Jun-24",2024,NA,NA,NA,"18-Jul-22","P1","R3","BLANK","SB",20.7,"1.7. Fiscal transparency (publication, parliamentary oversight)","Publish the results of an audit of all COVID-19-related expenditures in FY2019/20.",2,"05/31/2021","MD","Implemented with delay",3,2,"31-May-21","R0","R1","SB_20.70_2",NA,35.0020477795269,5.9073,23.0254823086428,0.924149796237318,6.38746779763161,7.31161759386893,1,0,1
"KEN",2021,807,"KENYA",664,"ECF-EFF","2-Apr-21","1-Jun-24",2024,NA,NA,NA,"18-Jul-22","P1","R3","BLANK","SB",20.7,"1.7. Fiscal transparency (publication, parliamentary oversight)","Ensure that comprehensive information on public tenders awarded, including beneficial ownership information of the awarded entities, are publicly available on the government procurement information portal, and that bidders are subject to dissuasive sanctions for non-compliance.",3,"06/30/2021","NM",NA,3,3,"30-Jun-21","R0","R2","SB_20.70_3",NA,35.0020477795269,5.9073,23.0254823086428,0.924149796237318,6.38746779763161,7.31161759386893,1,0,1
"KEN",2021,807,"KENYA",664,"ECF-EFF","2-Apr-21","1-Jun-24",2024,NA,NA,NA,"18-Jul-22","P1","R3","BLANK","SB",20.7,"1.7. Fiscal transparency (publication, parliamentary oversight)","Start publication of annual report on tax expenditures and their budget implications.",4,"09/30/2021","M",NA,3,4,"30-Sep-21","R0","R2","SB_20.70_4",NA,35.0020477795269,5.9073,23.0254823086428,0.924149796237318,6.38746779763161,7.31161759386893,1,0,1
"KEN",2021,807,"KENYA",664,"ECF-EFF","2-Apr-21","1-Jun-24",2024,NA,NA,NA,"18-Jul-22","P1","R3","BLANK","SB",20.7,"1.7. Fiscal transparency (publication, parliamentary oversight)","Publish results of a forensic audit of COVID-19 vaccine spending up to June 2021 and a comprehensive audit of expenditures in FY2020/21 with a chapter on COVID-19-related spending.",5,"05/31/2022","NM",NA,3,5,"31-May-22","R2","R3","SB_20.70_5",NA,35.0020477795269,5.9073,23.0254823086428,0.924149796237318,6.38746779763161,7.31161759386893,1,0,1
"KEN",2021,807,"KENYA",664,"ECF-EFF","2-Apr-21","1-Jun-24",2024,NA,NA,NA,"18-Jul-22","P1","R3","BLANK","SB",20.7,"1.7. Fiscal transparency (publication, parliamentary oversight)","Adopt revised standard bidding documents to obtain consent from beneficial owners to publish beneficial ownership information for awarded tenders in the public information portal (PPIP); and start requiring procurement consent for all new tenders.",6,"03/31/2022","NM","Implemented with delay",3,6,"31-Mar-22","R2","R3","SB_20.70_6",NA,35.0020477795269,5.9073,23.0254823086428,0.924149796237318,6.38746779763161,7.31161759386893,1,0,1
"KEN",2021,807,"KENYA",664,"ECF-EFF","2-Apr-21","1-Jun-24",2024,NA,NA,NA,"18-Jul-22","P1","R3","BLANK","PA",20.8,"1.8. Budget preparation (e.g., submission or approval)","Submit to Parliament a budget for FY2020/21 consistent with the programed deficit target.",1,"Program Prior Action","M",NA,3,1,"27-Jun-26",NA,NA,"PA_20.80_1",NA,35.0020477795269,5.9073,23.0254823086428,0.924149796237318,6.38746779763161,7.31161759386893,1,0,1
"KEN",2021,807,"KENYA",664,"ECF-EFF","2-Apr-21","1-Jun-24",2024,NA,NA,NA,"17-Jul-23","P1","R5","BLANK","SB",20.6,"1.6. Expenditure auditing, accounting, and financial controls","National Treasury (NT) to complete financial evaluation for fifty SCs, using their FY2022/23 audited accounts, to quantify fiscal risks emanating from SOEs and report the outcome to the Fiscal Risk Committee.",2,"06/30/2024","SB",NA,5,2,"30-Jun-24","R5",NA,"SB_20.60_2",NA,35.0020477795269,5.9073,23.0254823086428,0.924149796237318,6.38746779763161,7.31161759386893,1,0,1
"KEN",2021,807,"KENYA",664,"ECF-EFF","2-Apr-21","1-Jun-24",2024,NA,NA,NA,"17-Jul-23","P1","R5","BLANK","SB",20.7,"1.7. Fiscal transparency (publication, parliamentary oversight)","Initiate regular quarterly reporting on pending bills, covering Ministries, Departments and Agencies (MDAs), Counties, Semi-Autonomous Government Agencies (SAGAs) and State Corporations (SCs).",1,"03/31/2021","M",NA,5,1,"31-Mar-21","R0","R1","SB_20.70_1",NA,35.0020477795269,5.9073,23.0254823086428,0.924149796237318,6.38746779763161,7.31161759386893,1,0,1
"KEN",2021,807,"KENYA",664,"ECF-EFF","2-Apr-21","1-Jun-24",2024,NA,NA,NA,"17-Jul-23","P1","R5","BLANK","SB",20.7,"1.7. Fiscal transparency (publication, parliamentary oversight)","Publish the results of an audit of all COVID-19-related expenditures in FY2019/20.",2,"05/31/2021","MD","Implemented with delay",5,2,"31-May-21","R0","R1","SB_20.70_2",NA,35.0020477795269,5.9073,23.0254823086428,0.924149796237318,6.38746779763161,7.31161759386893,1,0,1
"KEN",2021,807,"KENYA",664,"ECF-EFF","2-Apr-21","1-Jun-24",2024,NA,NA,NA,"17-Jul-23","P1","R5","BLANK","SB",20.7,"1.7. Fiscal transparency (publication, parliamentary oversight)","Ensure that comprehensive information on public tenders awarded, including beneficial ownership information of the awarded entities, are publicly available on the government procurement information portal, and that bidders are subject to dissuasive sanctions for non-compliance.",3,"06/30/2021","MOD-PA",NA,5,3,"30-Jun-21","R0",NA,"SB_20.70_3",NA,35.0020477795269,5.9073,23.0254823086428,0.924149796237318,6.38746779763161,7.31161759386893,1,0,1
"KEN",2021,807,"KENYA",664,"ECF-EFF","2-Apr-21","1-Jun-24",2024,NA,NA,NA,"17-Jul-23","P1","R5","BLANK","SB",20.7,"1.7. Fiscal transparency (publication, parliamentary oversight)","Start publication of annual report on tax expenditures and their budget implications.",4,"09/30/2021","M",NA,5,4,"30-Sep-21","R0","R2","SB_20.70_4",NA,35.0020477795269,5.9073,23.0254823086428,0.924149796237318,6.38746779763161,7.31161759386893,1,0,1
"KEN",2021,807,"KENYA",664,"ECF-EFF","2-Apr-21","1-Jun-24",2024,NA,NA,NA,"17-Jul-23","P1","R5","BLANK","SB",20.7,"1.7. Fiscal transparency (publication, parliamentary oversight)","Publish results of a forensic audit of COVID-19 vaccine spending up to June 2021 and a comprehensive audit of expenditures in FY2020/21 with a chapter on COVID-19-related spending.",5,"05/31/2022","NM","Implemented with delay",5,5,"31-May-22","R2","R3","SB_20.70_5",NA,35.0020477795269,5.9073,23.0254823086428,0.924149796237318,6.38746779763161,7.31161759386893,1,0,1
"KEN",2021,807,"KENYA",664,"ECF-EFF","2-Apr-21","1-Jun-24",2024,NA,NA,NA,"17-Jul-23","P1","R5","BLANK","SB",20.7,"1.7. Fiscal transparency (publication, parliamentary oversight)","Adopt revised standard bidding documents to obtain consent from beneficial owners to publish beneficial ownership information for awarded tenders in the public information portal (PPIP); and start requiring procurement consent for all new tenders.",6,"03/31/2022","NM","Implemented with delay",5,6,"31-Mar-22","R2","R3","SB_20.70_6",NA,35.0020477795269,5.9073,23.0254823086428,0.924149796237318,6.38746779763161,7.31161759386893,1,0,1
"KEN",2021,807,"KENYA",664,"ECF-EFF","2-Apr-21","1-Jun-24",2024,NA,NA,NA,"17-Jul-23","P1","R5","BLANK","SB",20.7,"1.7. Fiscal transparency (publication, parliamentary oversight)","Complete a review of how the fuel pricing mechanism has been applied to date; publicly announce and constitute a taskforce to oversee the progressive elimination of the fuel subsidy within the first half of FY2022/23 and to ensure that fuel pricing actions are at all times aligned to the approved budget.",7,"07/31/2022","MOD-DATE",NA,5,7,"31-Jul-22","R3",NA,"SB_20.70_7",NA,35.0020477795269,5.9073,23.0254823086428,0.924149796237318,6.38746779763161,7.31161759386893,1,0,1
"KEN",2021,807,"KENYA",664,"ECF-EFF","2-Apr-21","1-Jun-24",2024,NA,NA,NA,"17-Jul-23","P1","R5","BLANK","SB",20.7,"1.7. Fiscal transparency (publication, parliamentary oversight)","Complete a review of how the fuel pricing mechanism has been applied to date; publicly announce and constitute a taskforce to oversee the progressive elimination of the fuel subsidy within the first half of FY2022/23 and to ensure that fuel pricing actions are at all times aligned to the approved budget.",7,"12/31/2022","MOD-DATE","Proposed to be reset to end- August 2023",5,7,"31-Dec-22","R4",NA,"SB_20.70_7",NA,35.0020477795269,5.9073,23.0254823086428,0.924149796237318,6.38746779763161,7.31161759386893,1,0,1
"KEN",2021,807,"KENYA",664,"ECF-EFF","2-Apr-21","1-Jun-24",2024,NA,NA,NA,"17-Jul-23","P1","R5","BLANK","SB",20.7,"1.7. Fiscal transparency (publication, parliamentary oversight)","Complete a review of how the fuel pricing mechanism has been applied to date; publicly announce and constitute a taskforce to oversee the progressive elimination of the fuel subsidy within the first half of FY2022/23 and to ensure that fuel pricing actions are at all times aligned to the approved budget.",7,"08/31/2023","SB",NA,5,7,"31-Aug-23","R5",NA,"SB_20.70_7",NA,35.0020477795269,5.9073,23.0254823086428,0.924149796237318,6.38746779763161,7.31161759386893,1,0,1
"KEN",2021,807,"KENYA",664,"ECF-EFF","2-Apr-21","1-Jun-24",2024,NA,NA,NA,"17-Jul-23","P1","R5","BLANK","SB",20.7,"1.7. Fiscal transparency (publication, parliamentary oversight)","NT to submit to Cabinet a comprehensive, timebound strategy to validate the stock of outstanding pending bills, address public financial management shortcomings that gave rise to pending bills, and clear the verified pending bills over the medium term consistent with the consolidation path under our program.",8,"09/30/2023","SB",NA,5,8,"30-Sep-23","R5",NA,"SB_20.70_8",NA,35.0020477795269,5.9073,23.0254823086428,0.924149796237318,6.38746779763161,7.31161759386893,1,0,1
"KEN",2021,807,"KENYA",664,"ECF-EFF","2-Apr-21","1-Jun-24",2024,NA,NA,NA,"17-Jul-23","P1","R5","BLANK","SB",20.7,"1.7. Fiscal transparency (publication, parliamentary oversight)","Submit to Cabinet for approval the draft of the MTRS with an implementation plan and mechanisms to oversee its implementation",9,"10/30/2023","SB",NA,5,9,"30-Oct-23","R5",NA,"SB_20.70_9",NA,35.0020477795269,5.9073,23.0254823086428,0.924149796237318,6.38746779763161,7.31161759386893,1,0,1
"KEN",2021,807,"KENYA",664,"ECF-EFF","2-Apr-21","1-Jun-24",2024,NA,NA,NA,"19-Dec-22","P1","R4","BLANK","SB",20.6,"1.6. Expenditure auditing, accounting, and financial controls","Submit to the Cabinet Sub-Committee on KPLC an action plan to restore KPLC’s medium-term profitability and fully cover any financing gaps (pre-existing and new) through end-2023, as identified by the updated 2022 financial evaluation.",1,"12/31/2022","SB",NA,4,1,"31-Dec-22","R4",NA,"SB_20.60_1",NA,35.0020477795269,5.9073,23.0254823086428,0.924149796237318,6.38746779763161,7.31161759386893,1,0,1
"KEN",2021,807,"KENYA",664,"ECF-EFF","2-Apr-21","1-Jun-24",2024,NA,NA,NA,"19-Dec-22","P1","R4","BLANK","SB",20.7,"1.7. Fiscal transparency (publication, parliamentary oversight)","Initiate regular quarterly reporting on pending bills, covering Ministries, Departments and Agencies (MDAs), Counties, Semi-Autonomous Government Agencies (SAGAs) and State Corporations (SCs).",1,"03/31/2021","M",NA,4,1,"31-Mar-21","R0","R1","SB_20.70_1",NA,35.0020477795269,5.9073,23.0254823086428,0.924149796237318,6.38746779763161,7.31161759386893,1,0,1
"KEN",2021,807,"KENYA",664,"ECF-EFF","2-Apr-21","1-Jun-24",2024,NA,NA,NA,"30-Oct-24","P1","R7R8","L","SB",20.8,"1.8. Budget preparation (e.g., submission or approval)","Submit to Parliament a budget for FY2021/22 consistent with the programed deficit target.",1,"04/30/2021","NM","Implemented with delay",7,1,"30-Apr-21","R0","R3","SB_20.80_1",NA,35.0020477795269,5.9073,23.0254823086428,0.924149796237318,6.38746779763161,7.31161759386893,1,0,1
"KEN",2021,807,"KENYA",664,"ECF-EFF","2-Apr-21","1-Jun-24",2024,NA,NA,NA,"30-Oct-24","P1","R7R8","L","SB",20.8,"1.8. Budget preparation (e.g., submission or approval)","Increase by 30 percent the number of Level II audits of firms, using risk-based approaches to select taxpayers with focus on industry sectors with large gaps in compliance identified by the IMF VAT-Gap analysis.",2,"12/31/2021","M",NA,7,2,"31-Dec-21","R0","R2","SB_20.80_2",NA,35.0020477795269,5.9073,23.0254823086428,0.924149796237318,6.38746779763161,7.31161759386893,1,0,1
"KEN",2021,807,"KENYA",664,"ECF-EFF","2-Apr-21","1-Jun-24",2024,NA,NA,NA,"30-Oct-24","P1","R7R8","L","SB",20.8,"1.8. Budget preparation (e.g., submission or approval)","Submit to Parliament a supplementary budget for FY2021/22 consistent with programmed deficit target.",3,"01/31/2022","M",NA,7,3,"31-Jan-22","R2","R3","SB_20.80_3",NA,35.0020477795269,5.9073,23.0254823086428,0.924149796237318,6.38746779763161,7.31161759386893,1,0,1
"KEN",2021,807,"KENYA",664,"ECF-EFF","2-Apr-21","1-Jun-24",2024,NA,NA,NA,"30-Oct-24","P1","R7R8","L","SB",20.7,"1.7. Fiscal transparency (publication, parliamentary oversight)","Ensure that comprehensive information on public tenders awarded, including beneficial ownership information of the awarded entities, are publicly available on the government procurement information portal, and that bidders are subject to dissuasive sanctions for non-compliance.",3,"06/30/2021","MOD-PA",NA,7,3,"30-Jun-21","R0",NA,"SB_20.70_3",NA,35.0020477795269,5.9073,23.0254823086428,0.924149796237318,6.38746779763161,7.31161759386893,1,0,1
"KEN",2021,807,"KENYA",664,"ECF-EFF","2-Apr-21","1-Jun-24",2024,NA,NA,NA,"30-Oct-24","P1","R7R8","L","SB",20.7,"1.7. Fiscal transparency (publication, parliamentary oversight)","Start publication of annual report on tax expenditures and their budget implications.",4,"09/30/2021","M",NA,7,4,"30-Sep-21","R0","R2","SB_20.70_4",NA,35.0020477795269,5.9073,23.0254823086428,0.924149796237318,6.38746779763161,7.31161759386893,1,0,1
"KEN",2021,807,"KENYA",664,"ECF-EFF","2-Apr-21","1-Jun-24",2024,NA,NA,NA,"30-Oct-24","P1","R7R8","L","SB",20.7,"1.7. Fiscal transparency (publication, parliamentary oversight)","Publish results of a forensic audit of COVID-19 vaccine spending up to June 2021 and a comprehensive audit of expenditures in FY2020/21 with a chapter on COVID-19-related spending.",5,"05/31/2022","NM","Implemented with delay",7,5,"31-May-22","R2","R3","SB_20.70_5",NA,35.0020477795269,5.9073,23.0254823086428,0.924149796237318,6.38746779763161,7.31161759386893,1,0,1
"KEN",2021,807,"KENYA",664,"ECF-EFF","2-Apr-21","1-Jun-24",2024,NA,NA,NA,"30-Oct-24","P1","R7R8","L","SB",20.7,"1.7. Fiscal transparency (publication, parliamentary oversight)","Adopt revised standard bidding documents to obtain consent from beneficial owners to publish beneficial ownership information for awarded tenders in the public information portal (PPIP); and start requiring procurement consent for all new tenders.",6,"03/31/2022","NM","Implemented with delay",7,6,"31-Mar-22","R2","R3","SB_20.70_6",NA,35.0020477795269,5.9073,23.0254823086428,0.924149796237318,6.38746779763161,7.31161759386893,1,0,1
"KEN",2021,807,"KENYA",664,"ECF-EFF","2-Apr-21","1-Jun-24",2024,NA,NA,NA,"30-Oct-24","P1","R7R8","L","SB",20.7,"1.7. Fiscal transparency (publication, parliamentary oversight)","Complete a review of how the fuel pricing mechanism has been applied to date; publicly announce and constitute a taskforce to oversee the progressive elimination of the fuel subsidy within the first half of FY2022/23 and to ensure that fuel pricing actions are at all times aligned to the approved budget.",7,"07/31/2022","MOD-DATE",NA,7,7,"31-Jul-22","R3",NA,"SB_20.70_7",NA,35.0020477795269,5.9073,23.0254823086428,0.924149796237318,6.38746779763161,7.31161759386893,1,0,1
"KEN",2021,807,"KENYA",664,"ECF-EFF","2-Apr-21","1-Jun-24",2024,NA,NA,NA,"30-Oct-24","P1","R7R8","L","SB",20.7,"1.7. Fiscal transparency (publication, parliamentary oversight)","Submit to Cabinet for approval the draft of the MTRS with an implementation plan and mechanisms to oversee its implementation",9,"10/30/2023","SB",NA,7,9,"30-Oct-23","R5",NA,"SB_20.70_9",NA,35.0020477795269,5.9073,23.0254823086428,0.924149796237318,6.38746779763161,7.31161759386893,1,0,1
"KEN",2021,807,"KENYA",664,"ECF-EFF","2-Apr-21","1-Jun-24",2024,NA,NA,NA,"30-Oct-24","P1","R7R8","L","SB",20.8,"1.8. Budget preparation (e.g., submission or approval)","Submit to Parliament a supplementary budget for FY2022/23 consistent with programmed deficit and revenue targets.",5,"01/31/2023","M",NA,7,5,"31-Jan-23","R4","R5","SB_20.80_5",NA,35.0020477795269,5.9073,23.0254823086428,0.924149796237318,6.38746779763161,7.31161759386893,1,0,1
"KEN",2021,807,"KENYA",664,"ECF-EFF","2-Apr-21","1-Jun-24",2024,NA,NA,NA,"30-Oct-24","P1","R7R8","L","SB",20.7,"1.7. Fiscal transparency (publication, parliamentary oversight)","NT to submit to Cabinet a comprehensive, timebound strategy to validate the stock of outstanding pending bills, address public financial management shortcomings that gave rise to pending bills, and clear the verified pending bills over the medium term consistent with the consolidation path under our program.",8,"09/30/2023","SB",NA,7,8,"30-Sep-23","R5",NA,"SB_20.70_8",NA,35.0020477795269,5.9073,23.0254823086428,0.924149796237318,6.38746779763161,7.31161759386893,1,0,1
"KEN",2021,807,"KENYA",664,"ECF-EFF","2-Apr-21","1-Jun-24",2024,NA,NA,NA,"19-Dec-22","P1","R4","BLANK","SB",20.6,"1.6. Expenditure auditing, accounting, and financial controls","Submit to the Cabinet Sub-Committee on KPLC an action plan to restore KPLC’s medium-term profitability and fully cover any financing gaps (pre-existing and new) through end-2023, as identified by the updated 2022 financial evaluation.",1,"07/31/2022","MOD-DATE",NA,4,1,"31-Jul-22","R3",NA,"SB_20.60_1",NA,35.0020477795269,5.9073,23.0254823086428,0.924149796237318,6.38746779763161,7.31161759386893,1,0,1
"KEN",2021,807,"KENYA",664,"ECF-EFF","2-Apr-21","1-Jun-24",2024,NA,NA,NA,"30-Oct-24","P1","R7R8","L","SB",20.8,"1.8. Budget preparation (e.g., submission or approval)","Submit to Parliament a budget for FY2022/23 consistent with programmed deficit and revenue targets.",4,"04/30/2022","NM","Implemented with delay",7,4,"30-Apr-22","R2","R3","SB_20.80_4",NA,35.0020477795269,5.9073,23.0254823086428,0.924149796237318,6.38746779763161,7.31161759386893,1,0,1
"KEN",2021,807,"KENYA",664,"ECF-EFF","2-Apr-21","1-Jun-24",2024,NA,NA,NA,"30-Oct-24","P1","R7R8","L","SB",20.8,"1.8. Budget preparation (e.g., submission or approval)","Submit to Parliament a budget and finance bill for FY2022/23 consistent with programmed deficit and revenue targets.",6,"04/30/2023","M",NA,7,6,"30-Apr-23","R4","R5","SB_20.80_6",NA,35.0020477795269,5.9073,23.0254823086428,0.924149796237318,6.38746779763161,7.31161759386893,1,0,1
"KEN",2021,807,"KENYA",664,"ECF-EFF","2-Apr-21","1-Jun-24",2024,NA,NA,NA,"30-Oct-24","P1","R7R8","L","SB",20.8,"1.8. Budget preparation (e.g., submission or approval)","NT to submit to Parliament a supplementary budget for FY2023/24 along with tax measures to safeguard achievement of the FY2023/24 deficit and revenue targets.",7,"10/30/2023","SB",NA,7,7,"30-Oct-23","R5",NA,"SB_20.80_7",NA,35.0020477795269,5.9073,23.0254823086428,0.924149796237318,6.38746779763161,7.31161759386893,1,0,1
"KEN",2021,807,"KENYA",664,"ECF-EFF","2-Apr-21","1-Jun-24",2024,NA,NA,NA,"19-Dec-22","P1","R4","BLANK","SB",21.1,"2.1. Central bank operations and reforms","Publish a white paper outlining strategy to strengthen and modernize the monetary policy framework.",1,"06/30/2021","MD","Implemented with delay",4,1,"30-Jun-21","R0","R2","SB_21.10_1",NA,35.0020477795269,5.9073,23.0254823086428,0.924149796237318,6.38746779763161,7.31161759386893,1,0,1
"KEN",2021,807,"KENYA",664,"ECF-EFF","2-Apr-21","1-Jun-24",2024,NA,NA,NA,"30-Oct-24","P1","R7R8","L","SB",24,"5. Public enterprise reform and pricing  (non financial sector)","NT to submit to Parliament and publish a report comprising a comprehensive assessment of the national government’s continued involvement or investment in, or funding of, SCs and government-linked corporations, that will  (i) include specific recommendations for privatization and/or divestment, as well as for mergers, liquidations or dissolutions, transfers to counties and reversions to government departments, (ii) identify and propose solutions for the main legal and operational challenges and bottlenecks to implement the recommendations, and (iii) establish a time-bound action plan for execution.",7,"10/31/2024","NM",NA,7,7,"31-Oct-24","R7R8","R7R8","SB_24.00_7",NA,35.0020477795269,5.9073,23.0254823086428,0.924149796237318,6.38746779763161,7.31161759386893,1,0,1
"KEN",2021,807,"KENYA",664,"ECF-EFF","2-Apr-21","1-Jun-24",2024,NA,NA,NA,"23-Jun-21","P1","R1","BLANK","SB",20.3,"1.3. Expenditure measures, including arrears clearance","Complete stocktaking of existing projects and associated commitments in the areas of education, health, and infrastructure, enter the results in the Hyperion system, and identify projects to be rationalized.",2,"03/31/2021","M",NA,1,2,"31-Mar-21","R0","R1","SB_20.30_2",NA,35.0020477795269,5.9073,23.0254823086428,0.924149796237318,6.38746779763161,7.31161759386893,1,0,1
"KEN",2021,807,"KENYA",664,"ECF-EFF","2-Apr-21","1-Jun-24",2024,NA,NA,NA,"23-Jun-21","P1","R1","BLANK","SB",20.8,"1.8. Budget preparation (e.g., submission or approval)","Submit to Parliament a budget for FY2021/22 consistent with the programed deficit target.",1,"04/30/2021","MD","Implemented with delay",1,1,"30-Apr-21","R0","R1","SB_20.80_1",NA,35.0020477795269,5.9073,23.0254823086428,0.924149796237318,6.38746779763161,7.31161759386893,1,0,1
"KEN",2021,807,"KENYA",664,"ECF-EFF","2-Apr-21","1-Jun-24",2024,NA,NA,NA,"23-Jun-21","P1","R1","BLANK","SB",20.8,"1.8. Budget preparation (e.g., submission or approval)","Increase by 30 percent the number of Level II audits of firms, using risk-based approaches to select taxpayers with focus on industry sectors with large gaps in compliance identified by the IMF VAT-Gap analysis.",2,"12/31/2021","SB",NA,1,2,"31-Dec-21","R0",NA,"SB_20.80_2",NA,35.0020477795269,5.9073,23.0254823086428,0.924149796237318,6.38746779763161,7.31161759386893,1,0,1
"KEN",2021,807,"KENYA",664,"ECF-EFF","2-Apr-21","1-Jun-24",2024,NA,NA,NA,"30-Oct-24","P1","R7R8","L","SB",20.8,"1.8. Budget preparation (e.g., submission or approval)","NT to submit to Parliament a second Supplementary Budget to reflect adjustments needed to meet spending pressures and clear carryovers while safeguarding the programmed primary balance and revenue targets.",10,"01/31/2025","SB",NA,7,10,"31-Jan-25","R7R8",NA,"SB_20.80_10",NA,35.0020477795269,5.9073,23.0254823086428,0.924149796237318,6.38746779763161,7.31161759386893,1,0,1
"KEN",2021,807,"KENYA",664,"ECF-EFF","2-Apr-21","1-Jun-24",2024,NA,NA,NA,"30-Oct-24","P1","R7R8","L","SB",21.1,"2.1. Central bank operations and reforms","Publish a white paper outlining strategy to strengthen and modernize the monetary policy framework.",1,"06/30/2021","MD","Implemented with delay",7,1,"30-Jun-21","R0","R2","SB_21.10_1",NA,35.0020477795269,5.9073,23.0254823086428,0.924149796237318,6.38746779763161,7.31161759386893,1,0,1
"KEN",2021,807,"KENYA",664,"ECF-EFF","2-Apr-21","1-Jun-24",2024,NA,NA,NA,"30-Oct-24","P1","R7R8","L","SB",20.7,"1.7. Fiscal transparency (publication, parliamentary oversight)","Complete a review of how the fuel pricing mechanism has been applied to date; publicly announce and constitute a taskforce to oversee the progressive elimination of the fuel subsidy within the first half of FY2022/23 and to ensure that fuel pricing actions are at all times aligned to the approved budget.",7,"12/31/2022","MOD-DATE","Proposed to be reset to end- August 2023",7,7,"31-Dec-22","R4",NA,"SB_20.70_7",NA,35.0020477795269,5.9073,23.0254823086428,0.924149796237318,6.38746779763161,7.31161759386893,1,0,1
"KEN",2021,807,"KENYA",664,"ECF-EFF","2-Apr-21","1-Jun-24",2024,NA,NA,NA,"30-Oct-24","P1","R7R8","L","SB",20.7,"1.7. Fiscal transparency (publication, parliamentary oversight)","Complete a review of how the fuel pricing mechanism has been applied to date; publicly announce and constitute a taskforce to oversee the progressive elimination of the fuel subsidy within the first half of FY2022/23 and to ensure that fuel pricing actions are at all times aligned to the approved budget.",7,"08/31/2023","SB",NA,7,7,"31-Aug-23","R5",NA,"SB_20.70_7",NA,35.0020477795269,5.9073,23.0254823086428,0.924149796237318,6.38746779763161,7.31161759386893,1,0,1
"KEN",2021,807,"KENYA",664,"ECF-EFF","2-Apr-21","1-Jun-24",2024,NA,NA,NA,"17-Jan-24","P1","R6","BLANK","SB",20.8,"1.8. Budget preparation (e.g., submission or approval)","Submit to Parliament a budget for FY2022/23 consistent with programmed deficit and revenue targets.",4,"04/30/2022","NM","Implemented with delay",6,4,"30-Apr-22","R2","R3","SB_20.80_4",NA,35.0020477795269,5.9073,23.0254823086428,0.924149796237318,6.38746779763161,7.31161759386893,1,0,1
"KEN",2021,807,"KENYA",664,"ECF-EFF","2-Apr-21","1-Jun-24",2024,NA,NA,NA,"18-Jul-22","P1","R3","BLANK","SB",20.7,"1.7. Fiscal transparency (publication, parliamentary oversight)","Complete a review of how the fuel pricing mechanism has been applied to date; publicly announce and constitute a taskforce to oversee the progressive elimination of the fuel subsidy within the first half of FY2022/23 and to ensure that fuel pricing actions are at all times aligned to the approved budget.",7,"07/31/2022","SB",NA,3,7,"31-Jul-22","R3",NA,"SB_20.70_7",NA,35.0020477795269,5.9073,23.0254823086428,0.924149796237318,6.38746779763161,7.31161759386893,1,0,1
"KEN",2021,807,"KENYA",664,"ECF-EFF","2-Apr-21","1-Jun-24",2024,NA,NA,NA,"18-Jul-22","P1","R3","BLANK","SB",20.8,"1.8. Budget preparation (e.g., submission or approval)","Submit to Parliament a budget for FY2021/22 consistent with the programed deficit target.",1,"04/30/2021","NM","Implemented with delay",3,1,"30-Apr-21","R0","R3","SB_20.80_1",NA,35.0020477795269,5.9073,23.0254823086428,0.924149796237318,6.38746779763161,7.31161759386893,1,0,1
"KEN",2021,807,"KENYA",664,"ECF-EFF","2-Apr-21","1-Jun-24",2024,NA,NA,NA,"17-Jan-24","P1","R6","BLANK","SB",20.7,"1.7. Fiscal transparency (publication, parliamentary oversight)","Publish results of a forensic audit of COVID-19 vaccine spending up to June 2021 and a comprehensive audit of expenditures in FY2020/21 with a chapter on COVID-19-related spending.",5,"05/31/2022","NM","Implemented with delay",6,5,"31-May-22","R2","R3","SB_20.70_5",NA,35.0020477795269,5.9073,23.0254823086428,0.924149796237318,6.38746779763161,7.31161759386893,1,0,1
"KEN",2021,807,"KENYA",664,"ECF-EFF","2-Apr-21","1-Jun-24",2024,NA,NA,NA,"17-Jan-24","P1","R6","BLANK","SB",20.7,"1.7. Fiscal transparency (publication, parliamentary oversight)","Adopt revised standard bidding documents to obtain consent from beneficial owners to publish beneficial ownership information for awarded tenders in the public information portal (PPIP); and start requiring procurement consent for all new tenders.",6,"03/31/2022","NM","Implemented with delay",6,6,"31-Mar-22","R2","R3","SB_20.70_6",NA,35.0020477795269,5.9073,23.0254823086428,0.924149796237318,6.38746779763161,7.31161759386893,1,0,1
"KEN",2021,807,"KENYA",664,"ECF-EFF","2-Apr-21","1-Jun-24",2024,NA,NA,NA,"17-Jan-24","P1","R6","BLANK","SB",20.7,"1.7. Fiscal transparency (publication, parliamentary oversight)","Complete a review of how the fuel pricing mechanism has been applied to date; publicly announce and constitute a taskforce to oversee the progressive elimination of the fuel subsidy within the first half of FY2022/23 and to ensure that fuel pricing actions are at all times aligned to the approved budget.",7,"07/31/2022","MOD-DATE",NA,6,7,"31-Jul-22","R3",NA,"SB_20.70_7",NA,35.0020477795269,5.9073,23.0254823086428,0.924149796237318,6.38746779763161,7.31161759386893,1,0,1
"KEN",2021,807,"KENYA",664,"ECF-EFF","2-Apr-21","1-Jun-24",2024,NA,NA,NA,"17-Jan-24","P1","R6","BLANK","SB",20.7,"1.7. Fiscal transparency (publication, parliamentary oversight)","Complete a review of how the fuel pricing mechanism has been applied to date; publicly announce and constitute a taskforce to oversee the progressive elimination of the fuel subsidy within the first half of FY2022/23 and to ensure that fuel pricing actions are at all times aligned to the approved budget.",7,"12/31/2022","MOD-DATE","Proposed to be reset to end- August 2023",6,7,"31-Dec-22","R4",NA,"SB_20.70_7",NA,35.0020477795269,5.9073,23.0254823086428,0.924149796237318,6.38746779763161,7.31161759386893,1,0,1
"KEN",2021,807,"KENYA",664,"ECF-EFF","2-Apr-21","1-Jun-24",2024,NA,NA,NA,"17-Dec-21","P1","R2","BLANK","SB",20.7,"1.7. Fiscal transparency (publication, parliamentary oversight)","Publish results of a forensic audit of COVID-19 vaccine spending up to June 2021 and a comprehensive audit of expenditures in FY2020/21 with a chapter on COVID-19-related spending.",5,"05/31/2022","SB",NA,2,5,"31-May-22","R2",NA,"SB_20.70_5",NA,35.0020477795269,5.9073,23.0254823086428,0.924149796237318,6.38746779763161,7.31161759386893,1,0,1
"KEN",2021,807,"KENYA",664,"ECF-EFF","2-Apr-21","1-Jun-24",2024,NA,NA,NA,"17-Dec-21","P1","R2","BLANK","SB",20.7,"1.7. Fiscal transparency (publication, parliamentary oversight)","Adopt revised standard bidding documents to obtain consent from beneficial owners to publish beneficial ownership information for awarded tenders in the public information portal (PPIP); and start requiring procurement consent for all new tenders.",6,"03/31/2022","SB",NA,2,6,"31-Mar-22","R2",NA,"SB_20.70_6",NA,35.0020477795269,5.9073,23.0254823086428,0.924149796237318,6.38746779763161,7.31161759386893,1,0,1
"KEN",2021,807,"KENYA",664,"ECF-EFF","2-Apr-21","1-Jun-24",2024,NA,NA,NA,"19-Dec-22","P1","R4","BLANK","SB",20.7,"1.7. Fiscal transparency (publication, parliamentary oversight)","Adopt revised standard bidding documents to obtain consent from beneficial owners to publish beneficial ownership information for awarded tenders in the public information portal (PPIP); and start requiring procurement consent for all new tenders.",6,"03/31/2022","NM","Implemented with delay",4,6,"31-Mar-22","R2","R3","SB_20.70_6",NA,35.0020477795269,5.9073,23.0254823086428,0.924149796237318,6.38746779763161,7.31161759386893,1,0,1
"KEN",2021,807,"KENYA",664,"ECF-EFF","2-Apr-21","1-Jun-24",2024,NA,NA,NA,"19-Dec-22","P1","R4","BLANK","SB",20.7,"1.7. Fiscal transparency (publication, parliamentary oversight)","Complete a review of how the fuel pricing mechanism has been applied to date; publicly announce and constitute a taskforce to oversee the progressive elimination of the fuel subsidy within the first half of FY2022/23 and to ensure that fuel pricing actions are at all times aligned to the approved budget.",7,"07/31/2022","MOD-DATE",NA,4,7,"31-Jul-22","R3",NA,"SB_20.70_7",NA,35.0020477795269,5.9073,23.0254823086428,0.924149796237318,6.38746779763161,7.31161759386893,1,0,1
"KEN",2021,807,"KENYA",664,"ECF-EFF","2-Apr-21","1-Jun-24",2024,NA,NA,NA,"19-Dec-22","P1","R4","BLANK","SB",20.7,"1.7. Fiscal transparency (publication, parliamentary oversight)","Complete a review of how the fuel pricing mechanism has been applied to date; publicly announce and constitute a taskforce to oversee the progressive elimination of the fuel subsidy within the first half of FY2022/23 and to ensure that fuel pricing actions are at all times aligned to the approved budget.",7,"12/31/2022","SB",NA,4,7,"31-Dec-22","R4",NA,"SB_20.70_7",NA,35.0020477795269,5.9073,23.0254823086428,0.924149796237318,6.38746779763161,7.31161759386893,1,0,1
"KEN",2021,807,"KENYA",664,"ECF-EFF","2-Apr-21","1-Jun-24",2024,NA,NA,NA,"19-Dec-22","P1","R4","BLANK","SB",20.8,"1.8. Budget preparation (e.g., submission or approval)","Submit to Parliament a budget for FY2021/22 consistent with the programed deficit target.",1,"04/30/2021","NM","Implemented with delay",4,1,"30-Apr-21","R0","R3","SB_20.80_1",NA,35.0020477795269,5.9073,23.0254823086428,0.924149796237318,6.38746779763161,7.31161759386893,1,0,1
"KEN",2021,807,"KENYA",664,"ECF-EFF","2-Apr-21","1-Jun-24",2024,NA,NA,NA,"19-Dec-22","P1","R4","BLANK","SB",20.8,"1.8. Budget preparation (e.g., submission or approval)","Increase by 30 percent the number of Level II audits of firms, using risk-based approaches to select taxpayers with focus on industry sectors with large gaps in compliance identified by the IMF VAT-Gap analysis.",2,"12/31/2021","M",NA,4,2,"31-Dec-21","R0","R2","SB_20.80_2",NA,35.0020477795269,5.9073,23.0254823086428,0.924149796237318,6.38746779763161,7.31161759386893,1,0,1
"KEN",2021,807,"KENYA",664,"ECF-EFF","2-Apr-21","1-Jun-24",2024,NA,NA,NA,"17-Dec-21","P1","R2","BLANK","SB",20.3,"1.3. Expenditure measures, including arrears clearance","Issue decision to implement across MDAs, Counties, and SAGAs a common payroll system linked to IFMIS.",1,"06/30/2021","MD","Implemented with delay",2,1,"30-Jun-21","R0","R2","SB_20.30_1",NA,35.0020477795269,5.9073,23.0254823086428,0.924149796237318,6.38746779763161,7.31161759386893,1,0,1
"KEN",2021,807,"KENYA",664,"ECF-EFF","2-Apr-21","1-Jun-24",2024,NA,NA,NA,"17-Jul-23","P1","R5","BLANK","SB",20.8,"1.8. Budget preparation (e.g., submission or approval)","Submit to Parliament a budget for FY2021/22 consistent with the programed deficit target.",1,"04/30/2021","NM","Implemented with delay",5,1,"30-Apr-21","R0","R3","SB_20.80_1",NA,35.0020477795269,5.9073,23.0254823086428,0.924149796237318,6.38746779763161,7.31161759386893,1,0,1
"KEN",2021,807,"KENYA",664,"ECF-EFF","2-Apr-21","1-Jun-24",2024,NA,NA,NA,"17-Jul-23","P1","R5","BLANK","SB",20.8,"1.8. Budget preparation (e.g., submission or approval)","Increase by 30 percent the number of Level II audits of firms, using risk-based approaches to select taxpayers with focus on industry sectors with large gaps in compliance identified by the IMF VAT-Gap analysis.",2,"12/31/2021","M",NA,5,2,"31-Dec-21","R0","R2","SB_20.80_2",NA,35.0020477795269,5.9073,23.0254823086428,0.924149796237318,6.38746779763161,7.31161759386893,1,0,1
"KEN",2021,807,"KENYA",664,"ECF-EFF","2-Apr-21","1-Jun-24",2024,NA,NA,NA,"17-Dec-21","P1","R2","BLANK","SB",20.7,"1.7. Fiscal transparency (publication, parliamentary oversight)","Publish the results of an audit of all COVID-19-related expenditures in FY2019/20.",2,"05/31/2021","MD","Implemented with delay",2,2,"31-May-21","R0","R1","SB_20.70_2",NA,35.0020477795269,5.9073,23.0254823086428,0.924149796237318,6.38746779763161,7.31161759386893,1,0,1
"KEN",2021,807,"KENYA",664,"ECF-EFF","2-Apr-21","1-Jun-24",2024,NA,NA,NA,"17-Dec-21","P1","R2","BLANK","SB",20.7,"1.7. Fiscal transparency (publication, parliamentary oversight)","Ensure that comprehensive information on public tenders awarded, including beneficial ownership information of the awarded entities, are publicly available on the government procurement information portal, and that bidders are subject to dissuasive sanctions for non-compliance.",3,"06/30/2021","NM",NA,2,3,"30-Jun-21","R0","R2","SB_20.70_3",NA,35.0020477795269,5.9073,23.0254823086428,0.924149796237318,6.38746779763161,7.31161759386893,1,0,1
"KEN",2021,807,"KENYA",664,"ECF-EFF","2-Apr-21","1-Jun-24",2024,NA,NA,NA,"17-Dec-21","P1","R2","BLANK","SB",20.7,"1.7. Fiscal transparency (publication, parliamentary oversight)","Start publication of annual report on tax expenditures and their budget implications.",4,"09/30/2021","M",NA,2,4,"30-Sep-21","R0","R2","SB_20.70_4",NA,35.0020477795269,5.9073,23.0254823086428,0.924149796237318,6.38746779763161,7.31161759386893,1,0,1
"KEN",2021,807,"KENYA",664,"ECF-EFF","2-Apr-21","1-Jun-24",2024,NA,NA,NA,"23-Jun-21","P1","R1","BLANK","SB",24,"5. Public enterprise reform and pricing  (non financial sector)","Prepare a strategy for addressing financial pressures in the SOE sector including an in-depth and forward-looking financial evaluation of the top 15-20 SOEs representing the largest financial and fiscal risks, a framework for deciding on interventions, and reforms to rationalize the SOE sector.",1,"05/31/2021","NM",NA,1,1,"31-May-21","R0","R1","SB_24.00_1",NA,35.0020477795269,5.9073,23.0254823086428,0.924149796237318,6.38746779763161,7.31161759386893,1,0,1
"KEN",2021,807,"KENYA",664,"ECF-EFF","2-Apr-21","1-Jun-24",2024,NA,NA,NA,"23-Jun-21","P1","R1","BLANK","SB",24,"5. Public enterprise reform and pricing  (non financial sector)","Include in the annual Budget Review and Outlook paper an expanded fiscal risk analysis that quantifies contingent liabilities stemming from high-risk SOEs and initiate coverage of PPPs.",2,"09/30/2021","SB",NA,1,2,"30-Sep-21","R0",NA,"SB_24.00_2",NA,35.0020477795269,5.9073,23.0254823086428,0.924149796237318,6.38746779763161,7.31161759386893,1,0,1
"KEN",2021,807,"KENYA",664,"ECF-EFF","2-Apr-21","1-Jun-24",2024,NA,NA,NA,"17-Dec-21","P1","R2","BLANK","PA",20.8,"1.8. Budget preparation (e.g., submission or approval)","Submit to Parliament a budget for FY2020/21 consistent with the programed deficit target.",1,"Program Prior Action","M",NA,2,1,"27-Jun-26",NA,NA,"PA_20.80_1",NA,35.0020477795269,5.9073,23.0254823086428,0.924149796237318,6.38746779763161,7.31161759386893,1,0,1
"KEN",2021,807,"KENYA",664,"ECF-EFF","2-Apr-21","1-Jun-24",2024,NA,NA,NA,"23-Jun-21","P1","R1","BLANK","SB",21.1,"2.1. Central bank operations and reforms","Publish a white paper outlining strategy to strengthen and modernize the monetary policy framework.",1,"06/30/2021","SB",NA,1,1,"30-Jun-21","R0",NA,"SB_21.10_1",NA,35.0020477795269,5.9073,23.0254823086428,0.924149796237318,6.38746779763161,7.31161759386893,1,0,1
"KEN",2021,807,"KENYA",664,"ECF-EFF","2-Apr-21","1-Jun-24",2024,NA,NA,NA,"2-Apr-21","P1","R0","E","SB",20.3,"1.3. Expenditure measures, including arrears clearance","Complete stocktaking of existing projects and associated commitments in the areas of education, health, and infrastructure, enter the results in the Hyperion system, and identify projects to be rationalized.",2,"03/31/2021","SB",NA,0,2,"31-Mar-21","R0",NA,"SB_20.30_2",NA,35.0020477795269,5.9073,23.0254823086428,0.924149796237318,6.38746779763161,7.31161759386893,1,0,1
"KEN",2021,807,"KENYA",664,"ECF-EFF","2-Apr-21","1-Jun-24",2024,NA,NA,NA,"2-Apr-21","P1","R0","E","SB",20.8,"1.8. Budget preparation (e.g., submission or approval)","Increase by 30 percent the number of Level II audits of firms, using risk-based approaches to select taxpayers with focus on industry sectors with large gaps in compliance identified by the IMF VAT-Gap analysis.",2,"12/31/2021","SB",NA,0,2,"31-Dec-21","R0",NA,"SB_20.80_2",NA,35.0020477795269,5.9073,23.0254823086428,0.924149796237318,6.38746779763161,7.31161759386893,1,0,1
"KEN",2021,807,"KENYA",664,"ECF-EFF","2-Apr-21","1-Jun-24",2024,NA,NA,NA,"2-Apr-21","P1","R0","E","SB",20.3,"1.3. Expenditure measures, including arrears clearance","Issue decision to implement across MDAs, Counties, and SAGAs a common payroll system linked to IFMIS.",1,"06/30/2021","SB",NA,0,1,"30-Jun-21","R0",NA,"SB_20.30_1",NA,35.0020477795269,5.9073,23.0254823086428,0.924149796237318,6.38746779763161,7.31161759386893,1,0,1
"KEN",2021,807,"KENYA",664,"ECF-EFF","2-Apr-21","1-Jun-24",2024,NA,NA,NA,"2-Apr-21","P1","R0","E","SB",20.7,"1.7. Fiscal transparency (publication, parliamentary oversight)","Initiate regular quarterly reporting on pending bills, covering Ministries, Departments and Agencies (MDAs), Counties, Semi-Autonomous Government Agencies (SAGAs) and State Corporations (SCs).",1,"03/31/2021","SB",NA,0,1,"31-Mar-21","R0",NA,"SB_20.70_1",NA,35.0020477795269,5.9073,23.0254823086428,0.924149796237318,6.38746779763161,7.31161759386893,1,0,1
"KEN",2021,807,"KENYA",664,"ECF-EFF","2-Apr-21","1-Jun-24",2024,NA,NA,NA,"23-Jun-21","P1","R1","BLANK","SB",20.3,"1.3. Expenditure measures, including arrears clearance","Issue decision to implement across MDAs, Counties, and SAGAs a common payroll system linked to IFMIS.",1,"06/30/2021","SB",NA,1,1,"30-Jun-21","R0",NA,"SB_20.30_1",NA,35.0020477795269,5.9073,23.0254823086428,0.924149796237318,6.38746779763161,7.31161759386893,1,0,1
"KEN",2021,807,"KENYA",664,"ECF-EFF","2-Apr-21","1-Jun-24",2024,NA,NA,NA,"23-Jun-21","P1","R1","BLANK","PA",24,"5. Public enterprise reform and pricing  (non financial sector)","Complete financial evaluation of the 9 SOEs with largest fiscal risk to the FY2020/21 budget, to include projection of related urgent fiscal needs in FY2020/21 supported by clear presentation of their necessity",1,"Program Prior Action","M",NA,1,1,"27-Jun-26",NA,NA,"PA_24.00_1",NA,35.0020477795269,5.9073,23.0254823086428,0.924149796237318,6.38746779763161,7.31161759386893,1,0,1
"KEN",2021,807,"KENYA",664,"ECF-EFF","2-Apr-21","1-Jun-24",2024,NA,NA,NA,"17-Dec-21","P1","R2","BLANK","PA",24,"5. Public enterprise reform and pricing  (non financial sector)","Complete financial evaluation of the 9 SOEs with largest fiscal risk to the FY2020/21 budget, to include projection of related urgent fiscal needs in FY2020/21 supported by clear presentation of their necessity",1,"Program Prior Action","M",NA,2,1,"27-Jun-26",NA,NA,"PA_24.00_1",NA,35.0020477795269,5.9073,23.0254823086428,0.924149796237318,6.38746779763161,7.31161759386893,1,0,1
"RWA",2013,706,"RWANDA",714,"PSI","2-Dec-13","1-Dec-16",2016,"1-Dec-18",NA,NA,"28-Nov-18","P1","R10","L","SB",21.1,"2.1. Central bank operations and reforms","Establish an optimal level of headline or core inflation target range for monetary policy.",8,"12/01/2018","M","Introduced at R8 for R10.",10,8,"1-Dec-18",NA,NA,NA,NA,43.260980041775,0.4791,28.2738613218304,0.106275401403098,47.728426891862,47.8347022932651,1,0,1
"RWA",2013,706,"RWANDA",714,"PSI","2-Dec-13","1-Dec-16",2016,"1-Dec-18",NA,NA,"28-Nov-18","P1","R10","L","SB",21.1,"2.1. Central bank operations and reforms","Develop and adopt a communication strategy on the objectives and operations of the monetary policy framework to enhance BNR transparency and accountability.",9,"12/01/2018","M","Introduced at R8 for R10.",10,9,"1-Dec-18",NA,NA,NA,NA,43.260980041775,0.4791,28.2738613218304,0.106275401403098,47.728426891862,47.8347022932651,1,0,1
"RWA",2013,706,"RWANDA",714,"PSI","2-Dec-13","1-Dec-16",2016,"1-Dec-18",NA,NA,"28-Nov-18","P1","R10","L","SB",21.1,"2.1. Central bank operations and reforms","Start issuing government bonds with maturities of 7 and 10 years.",6,"06/30/2015","M","Introduced at R2. Macroeconomic rationale: To develop money market instruments.",10,6,"30-Jun-15",NA,NA,NA,NA,43.260980041775,0.4791,28.2738613218304,0.106275401403098,47.728426891862,47.8347022932651,1,0,1
"RWA",2013,706,"RWANDA",714,"PSI","2-Dec-13","1-Dec-16",2016,"1-Dec-18",NA,NA,"28-Nov-18","P1","R10","L","SB",20.1,"1.1. Revenue measures, excluding trade policy","Submit to Parliament revised legislation on fixed asset tax.",12,"03/31/2017","MOD-DATE","Introduced at R5. At R7, not met, reset test date to 8th PSI review.",10,12,"31-Mar-17",NA,NA,NA,NA,43.260980041775,0.4791,28.2738613218304,0.106275401403098,47.728426891862,47.8347022932651,1,0,1
"RWA",2013,706,"RWANDA",714,"PSI","2-Dec-13","1-Dec-16",2016,"1-Dec-18",NA,NA,"28-Nov-18","P1","R10","L","SB",20.1,"1.1. Revenue measures, excluding trade policy","Initiate the rollout of “EBM version 2” pilot, with the intent of reaching 1,000 new EBM users",14,"12/01/2018","M","Introduced at R8 for R10.",10,14,"1-Dec-18",NA,NA,NA,NA,43.260980041775,0.4791,28.2738613218304,0.106275401403098,47.728426891862,47.8347022932651,1,0,1
"RWA",2013,706,"RWANDA",714,"PSI","2-Dec-13","1-Dec-16",2016,"1-Dec-18",NA,NA,"28-Nov-18","P1","R10","L","SB",21.1,"2.1. Central bank operations and reforms","Develop a methodology to identify policy interest rate consistent with the identified range of excess reserves.",7,"06/30/2017","M","Introduced at R5.",10,7,"30-Jun-17",NA,NA,NA,NA,43.260980041775,0.4791,28.2738613218304,0.106275401403098,47.728426891862,47.8347022932651,1,0,1
"RWA",2013,706,"RWANDA",714,"PSI","2-Dec-13","1-Dec-16",2016,"1-Dec-18",NA,NA,"28-Nov-18","P1","R10","L","SB",25.1,"6.1. Financial sector legal reforms, regulation, and supervision","Issue a 15-year Government T-Bond",2,"05/31/2016","M","Introduced at R4. Macroeconomic rationale: To extend the yield curve.",10,2,"31-May-16",NA,NA,NA,NA,43.260980041775,0.4791,28.2738613218304,0.106275401403098,47.728426891862,47.8347022932651,1,0,1
"RWA",2013,706,"RWANDA",714,"PSI","2-Dec-13","1-Dec-16",2016,"1-Dec-18",NA,NA,"28-Nov-18","P1","R10","L","SB",25.1,"6.1. Financial sector legal reforms, regulation, and supervision","Establish a framework of market intermediaries for government securities.",3,"09/30/2016","SB","Introduced at R4. Macroeconomic rationale: To deepen secondary market.",10,3,"30-Sep-16",NA,NA,NA,NA,43.260980041775,0.4791,28.2738613218304,0.106275401403098,47.728426891862,47.8347022932651,1,0,1
"RWA",2013,706,"RWANDA",714,"PSI","2-Dec-13","1-Dec-16",2016,"1-Dec-18",NA,NA,"28-Nov-18","P1","R10","L","SB",25.1,"6.1. Financial sector legal reforms, regulation, and supervision","Establish the road map for secondary market development of Government debt securities. In addition, develop the capacity building plan for banks’ treasurers on domestic securities.",4,"09/30/2016","M","Introduced at R5. Met at R6 for PSI (R1 for SCF).",10,4,"30-Sep-16",NA,NA,NA,NA,43.260980041775,0.4791,28.2738613218304,0.106275401403098,47.728426891862,47.8347022932651,1,0,1
"RWA",2013,706,"RWANDA",714,"PSI","2-Dec-13","1-Dec-16",2016,"1-Dec-18",NA,NA,"28-Nov-18","P1","R10","L","SB",25.1,"6.1. Financial sector legal reforms, regulation, and supervision","Design a deposit guarantee scheme.",1,"06/30/2014","M","Introduced at R0. Macroeconomic rationale: to increase confidence in banking system.",10,1,"30-Jun-14",NA,NA,NA,NA,43.260980041775,0.4791,28.2738613218304,0.106275401403098,47.728426891862,47.8347022932651,1,0,1
"RWA",2013,706,"RWANDA",714,"PSI","2-Dec-13","1-Dec-16",2016,"1-Dec-18",NA,NA,"28-Nov-18","P1","R10","L","SB",20.3,"1.3. Expenditure measures, including arrears clearance","Submit revised National Investment Policy to Cabinet.",1,"06/30/2016","MOD-DATE","Introduced at R5. At R6, not met, reset test date to March 2017.",10,1,"30-Jun-16",NA,NA,NA,NA,43.260980041775,0.4791,28.2738613218304,0.106275401403098,47.728426891862,47.8347022932651,1,0,1
"RWA",2013,706,"RWANDA",714,"PSI","2-Dec-13","1-Dec-16",2016,"1-Dec-18",NA,NA,"28-Nov-18","P1","R10","L","SB",20.1,"1.1. Revenue measures, excluding trade policy","Submit revised Law on Tax Procedures to Cabinet.",9,"06/30/2016","M","Introduced at R4. Macroeconomic rationale: To enhance revenue mobilization. This SB also applies to SCF program.  Met at R6 for PSI (R1 for SCF).",10,9,"30-Jun-16",NA,NA,NA,NA,43.260980041775,0.4791,28.2738613218304,0.106275401403098,47.728426891862,47.8347022932651,1,0,1
"RWA",2013,706,"RWANDA",714,"PSI","2-Dec-13","1-Dec-16",2016,"1-Dec-18",NA,NA,"28-Nov-18","P1","R10","L","SB",20.1,"1.1. Revenue measures, excluding trade policy","Share draft study on new tax regime for agriculture.",10,"11/30/2016","MOD-DATE","Introduced at R4. Macroeconomic rationale: To enhance revenue mobilization.",10,10,"30-Nov-16",NA,NA,NA,NA,43.260980041775,0.4791,28.2738613218304,0.106275401403098,47.728426891862,47.8347022932651,1,0,1
"RWA",2013,706,"RWANDA",714,"PSI","2-Dec-13","1-Dec-16",2016,"1-Dec-18",NA,NA,"28-Nov-18","P1","R10","L","SB",20.1,"1.1. Revenue measures, excluding trade policy","Share draft study on new tax regime for agriculture.",10,"09/30/2017","MOD-SB","Introduced at R5. At R7, the content is modified as a new SB.",10,10,"30-Sep-17",NA,NA,NA,NA,43.260980041775,0.4791,28.2738613218304,0.106275401403098,47.728426891862,47.8347022932651,1,0,1
"RWA",2013,706,"RWANDA",714,"PSI","2-Dec-13","1-Dec-16",2016,"1-Dec-18",NA,NA,"28-Nov-18","P1","R10","L","SB",20.6,"1.6. Expenditure auditing, accounting, and financial controls","Operationalize IFMIS and E-Procurement interface protocols.",3,"12/31/2016","M","Introduced at R4. Macroeconomic rationale: To improve efficiency, transparency, and controls in public procurement. This SB also applies to SCF program.",10,3,"31-Dec-16",NA,NA,NA,NA,43.260980041775,0.4791,28.2738613218304,0.106275401403098,47.728426891862,47.8347022932651,1,0,1
"RWA",2013,706,"RWANDA",714,"PSI","2-Dec-13","1-Dec-16",2016,"1-Dec-18",NA,NA,"28-Nov-18","P1","R10","L","SB",20.6,"1.6. Expenditure auditing, accounting, and financial controls","Develop and implement IPSAS roadmap which includes government accounting policy for fixed assets.",4,"06/30/2016","M","At R5, a revised text on the SB on ""Share the IPSAS roadmap.."" Met at R6 for PSI (R1 for SCF).",10,4,"30-Jun-16",NA,NA,NA,NA,43.260980041775,0.4791,28.2738613218304,0.106275401403098,47.728426891862,47.8347022932651,1,0,1
"RWA",2013,706,"RWANDA",714,"PSI","2-Dec-13","1-Dec-16",2016,"1-Dec-18",NA,NA,"28-Nov-18","P1","R10","L","SB",20.6,"1.6. Expenditure auditing, accounting, and financial controls","Establish a timeline for the transition of fiscal reporting into the GFS14 framework.",5,"09/30/2016","M","Introduced at R5. Met at R6 for PSI (R1 for SCF).",10,5,"30-Sep-16",NA,NA,NA,NA,43.260980041775,0.4791,28.2738613218304,0.106275401403098,47.728426891862,47.8347022932651,1,0,1
"RWA",2013,706,"RWANDA",714,"PSI","2-Dec-13","1-Dec-16",2016,"1-Dec-18",NA,NA,"28-Nov-18","P1","R10","L","SB",20.6,"1.6. Expenditure auditing, accounting, and financial controls","Design a strategy to incorporate fiscal risks and foreign exchange needs into project planning assessments, starting with PPPs.",6,"06/30/2017","M","Introduced at R5.",10,6,"30-Jun-17",NA,NA,NA,NA,43.260980041775,0.4791,28.2738613218304,0.106275401403098,47.728426891862,47.8347022932651,1,0,1
"RWA",2013,706,"RWANDA",714,"PSI","2-Dec-13","1-Dec-16",2016,"1-Dec-18",NA,NA,"28-Nov-18","P1","R10","L","SB",20.2,"1.2. Revenue administration, including customs","Implement plan for better enforcement of tax payer compliance.",1,"06/30/2014","M","Introduced at R0. Macroeconomic rationale: to enhance revenue mobilization.",10,1,"30-Jun-14",NA,NA,NA,NA,43.260980041775,0.4791,28.2738613218304,0.106275401403098,47.728426891862,47.8347022932651,1,0,1
"RWA",2013,706,"RWANDA",714,"PSI","2-Dec-13","1-Dec-16",2016,"1-Dec-18",NA,NA,"28-Nov-18","P1","R10","L","SB",20.1,"1.1. Revenue measures, excluding trade policy","Submit to Parliament revised legislation on fixed asset tax.",12,"11/30/2017","M","Reset test date at R7.",10,12,"30-Nov-17",NA,NA,NA,NA,43.260980041775,0.4791,28.2738613218304,0.106275401403098,47.728426891862,47.8347022932651,1,0,1
"RWA",2013,706,"RWANDA",714,"PSI","2-Dec-13","1-Dec-16",2016,"1-Dec-18",NA,NA,"28-Nov-18","P1","R10","L","SB",20.1,"1.1. Revenue measures, excluding trade policy","Initiate the rollout of ""EBM for all"" pilot, with the intent of reaching 10,000 taxpayers within one year.",13,"10/31/2017","M","Introduced at R1 of SCF.",10,13,"31-Oct-17",NA,NA,NA,NA,43.260980041775,0.4791,28.2738613218304,0.106275401403098,47.728426891862,47.8347022932651,1,0,1
"RWA",2013,706,"RWANDA",714,"PSI","2-Dec-13","1-Dec-16",2016,"1-Dec-18",NA,NA,"28-Nov-18","P1","R10","L","SB",20.1,"1.1. Revenue measures, excluding trade policy","Prepare legislative proposal for new tax regime for agriculture.",8,"12/31/2014","MOD-DATE","Introduced at R0. Macroeconomic rationale: to enhance revenue mobilization. At R2, new test date of end-December 2015.",10,8,"31-Dec-14",NA,NA,NA,NA,43.260980041775,0.4791,28.2738613218304,0.106275401403098,47.728426891862,47.8347022932651,1,0,1
"RWA",2013,706,"RWANDA",714,"PSI","2-Dec-13","1-Dec-16",2016,"1-Dec-18",NA,NA,"28-Nov-18","P1","R10","L","SB",20.1,"1.1. Revenue measures, excluding trade policy","Prepare legislative proposal for new tax regime for agriculture.",8,"12/31/2015","MOD-SB","At R2, new test date. At R3, split into 2 benchmarks -- 1. ""Prepare study on new tax regime for agriculture."" with test date of end-Dec. 2015; and 2. same text as original benchmark but with end-June 2016 test date.",10,8,"31-Dec-15",NA,NA,NA,NA,43.260980041775,0.4791,28.2738613218304,0.106275401403098,47.728426891862,47.8347022932651,1,0,1
"RWA",2013,706,"RWANDA",714,"PSI","2-Dec-13","1-Dec-16",2016,"1-Dec-18",NA,NA,"28-Nov-18","P1","R10","L","SB",20.3,"1.3. Expenditure measures, including arrears clearance","Submit revised National Investment Policy to Cabinet.",1,"03/31/2017","MD","Reset test date at R6. At R7, not met, completed in April 2017.",10,1,"31-Mar-17",NA,NA,NA,NA,43.260980041775,0.4791,28.2738613218304,0.106275401403098,47.728426891862,47.8347022932651,1,0,1
"RWA",2013,706,"RWANDA",714,"PSI","2-Dec-13","1-Dec-16",2016,"1-Dec-18",NA,NA,"28-Nov-18","P1","R10","L","SB",20.6,"1.6. Expenditure auditing, accounting, and financial controls","Pilot the extension of IFMIS to 20 development projects.",1,"06/30/2014","M","Introduced at R0. Macroeconomic rationale: to strengthen budget execution and controls.",10,1,"30-Jun-14",NA,NA,NA,NA,43.260980041775,0.4791,28.2738613218304,0.106275401403098,47.728426891862,47.8347022932651,1,0,1
"RWA",2013,706,"RWANDA",714,"PSI","2-Dec-13","1-Dec-16",2016,"1-Dec-18",NA,NA,"28-Nov-18","P1","R10","L","SB",20.6,"1.6. Expenditure auditing, accounting, and financial controls","Share IPSAS roadmap which includes government accounting policy for fixed assets is developed and implemented.",2,"06/30/2016","MOD-SB","Introduced at R4. Macroeconomic rationale: To improve accountability and help Rwanda attain the EAMU fiscal reporting convergence. At R5, text of condition is revised to ""Develop and implement IPSAS roadmap...""",10,2,"30-Jun-16",NA,NA,NA,NA,43.260980041775,0.4791,28.2738613218304,0.106275401403098,47.728426891862,47.8347022932651,1,0,1
"RWA",2013,706,"RWANDA",714,"PSI","2-Dec-13","1-Dec-16",2016,"1-Dec-18",NA,NA,"28-Nov-18","P1","R10","L","SB",20.7,"1.7. Fiscal transparency (publication, parliamentary oversight)","MINECOFIN to publish (and put on its website) quarterly reports of budget execution against annual fiscal policy objectives, within 45 days of end of each quarter.",2,"06/30/2015","NM","At R4, not met.",10,2,"30-Jun-15",NA,NA,NA,NA,43.260980041775,0.4791,28.2738613218304,0.106275401403098,47.728426891862,47.8347022932651,1,0,1
"RWA",2013,706,"RWANDA",714,"PSI","2-Dec-13","1-Dec-16",2016,"1-Dec-18",NA,NA,"28-Nov-18","P1","R10","L","SB",20.7,"1.7. Fiscal transparency (publication, parliamentary oversight)","MINECOFIN to publish (and put on its website) quarterly reports of budget execution against annual fiscal policy objectives, within 45 days of end of each quarter.",2,"12/31/2015","MD",NA,10,2,"31-Dec-15",NA,NA,NA,NA,43.260980041775,0.4791,28.2738613218304,0.106275401403098,47.728426891862,47.8347022932651,1,0,1
"RWA",2013,706,"RWANDA",714,"PSI","2-Dec-13","1-Dec-16",2016,"1-Dec-18",NA,NA,"28-Nov-18","P1","R10","L","SB",20.7,"1.7. Fiscal transparency (publication, parliamentary oversight)","MINECOFIN to publish (and put on its website) quarterly reports of budget execution against annual fiscal policy objectives, within 45 days of end of each quarter.",2,"03/31/2016","MD","At R4, new test date. At R5, implemented with delay.",10,2,"31-Mar-16",NA,NA,NA,NA,43.260980041775,0.4791,28.2738613218304,0.106275401403098,47.728426891862,47.8347022932651,1,0,1
"RWA",2013,706,"RWANDA",714,"PSI","2-Dec-13","1-Dec-16",2016,"1-Dec-18",NA,NA,"28-Nov-18","P1","R10","L","SB",20.7,"1.7. Fiscal transparency (publication, parliamentary oversight)","MINECOFIN to publish (and put on its website) quarterly reports of budget execution against annual fiscal policy objectives, within 45 days of end of each quarter.",2,"Quarterly","SB","Introduced at R1. Continuous starting mid-May 2014. Macroeconomic rationale: To improve fiscal transparency",10,2,"27-Jun-26",NA,NA,NA,NA,43.260980041775,0.4791,28.2738613218304,0.106275401403098,47.728426891862,47.8347022932651,1,0,1
"RWA",2013,706,"RWANDA",714,"PSI","2-Dec-13","1-Dec-16",2016,"1-Dec-18",NA,NA,"28-Nov-18","P1","R10","L","SB",20.7,"1.7. Fiscal transparency (publication, parliamentary oversight)","Publish quarterly reports of budget execution against annual fiscal policy objectives, within 60 days of end of each quarter, initially excluding foreign-financed projects.",3,"Continuous","SB","Introduced at R4. Continuous, starting Q4 2015. Macroeconomic rationale: To improve accounting, transparency and accountability.",10,3,"27-Jun-26",NA,NA,NA,NA,43.260980041775,0.4791,28.2738613218304,0.106275401403098,47.728426891862,47.8347022932651,1,0,1
"RWA",2013,706,"RWANDA",714,"PSI","2-Dec-13","1-Dec-16",2016,"1-Dec-18",NA,NA,"28-Nov-18","P1","R10","L","SB",20.7,"1.7. Fiscal transparency (publication, parliamentary oversight)","Provide quarterly revenues, expenditures, and financing estimates for the budgetary central government levels within 60 days of the end of each quarter.",4,"09/30/2016","M","Met at R6 for PSI (R1 for SCF). Quarterly.",10,4,"30-Sep-16",NA,NA,NA,NA,43.260980041775,0.4791,28.2738613218304,0.106275401403098,47.728426891862,47.8347022932651,1,0,1
"RWA",2013,706,"RWANDA",714,"PSI","2-Dec-13","1-Dec-16",2016,"1-Dec-18",NA,NA,"28-Nov-18","P1","R10","L","SB",20.7,"1.7. Fiscal transparency (publication, parliamentary oversight)","Provide quarterly revenues, expenditures, and financing estimates for the budgetary central government levels within 60 days of the end of each quarter.",4,"Continuous","SB","Met at R6 for PSI (R1 for SCF). Quarterly.",10,4,"27-Jun-26",NA,NA,NA,NA,43.260980041775,0.4791,28.2738613218304,0.106275401403098,47.728426891862,47.8347022932651,1,0,1
"RWA",2013,706,"RWANDA",714,"PSI","2-Dec-13","1-Dec-16",2016,"1-Dec-18",NA,NA,"28-Nov-18","P1","R10","L","SB",20.7,"1.7. Fiscal transparency (publication, parliamentary oversight)","Begin publishing in GFS 2014 format for the quarter ending September 2018..",5,"12/01/2018","M","Introduced at R8 for R10.",10,5,"1-Dec-18",NA,NA,NA,NA,43.260980041775,0.4791,28.2738613218304,0.106275401403098,47.728426891862,47.8347022932651,1,0,1
"RWA",2013,706,"RWANDA",714,"PSI","2-Dec-13","1-Dec-16",2016,"1-Dec-18",NA,NA,"28-Nov-18","P1","R10","L","SB",20.8,"1.8. Budget preparation (e.g., submission or approval)","Prepare tax expenditure budget covering main tax expenditures.",1,"06/30/2014","M","Annually, starting end-June 2014. Met for R2.",10,1,"30-Jun-14",NA,NA,NA,NA,43.260980041775,0.4791,28.2738613218304,0.106275401403098,47.728426891862,47.8347022932651,1,0,1
"RWA",2013,706,"RWANDA",714,"PSI","2-Dec-13","1-Dec-16",2016,"1-Dec-18",NA,NA,"28-Nov-18","P1","R10","L","SB",20.8,"1.8. Budget preparation (e.g., submission or approval)","Prepare tax expenditure budget covering main tax expenditures.",1,"06/30/2015","SB","Annually starting in June 2014.",10,1,"30-Jun-15",NA,NA,NA,NA,43.260980041775,0.4791,28.2738613218304,0.106275401403098,47.728426891862,47.8347022932651,1,0,1
"RWA",2013,706,"RWANDA",714,"PSI","2-Dec-13","1-Dec-16",2016,"1-Dec-18",NA,NA,"28-Nov-18","P1","R10","L","SB",20.8,"1.8. Budget preparation (e.g., submission or approval)","Prepare tax expenditure budget covering main tax expenditures.",1,"Other","SB","Introduced at R0. Annually starting end-June 2014. Macroeconomic rationale: to enhance revenue mobilization.",10,1,"27-Jun-26",NA,NA,NA,NA,43.260980041775,0.4791,28.2738613218304,0.106275401403098,47.728426891862,47.8347022932651,1,0,1
"RWA",2013,706,"RWANDA",714,"PSI","2-Dec-13","1-Dec-16",2016,"1-Dec-18",NA,NA,"28-Nov-18","P1","R10","L","SB",21.1,"2.1. Central bank operations and reforms","Prepare plan, based on MCM TA recommendations and NBR assessment, for strengthening monetary and exchange rate operations.",1,"03/31/2014","M","Introduced at R0. Macroeconomic rationale: to strengthen monetary and exchange rate operations and foster greater exchange rate (flexibility). At R1, met.",10,1,"31-Mar-14",NA,NA,NA,NA,43.260980041775,0.4791,28.2738613218304,0.106275401403098,47.728426891862,47.8347022932651,1,0,1
"RWA",2013,706,"RWANDA",714,"PSI","2-Dec-13","1-Dec-16",2016,"1-Dec-18",NA,NA,"28-Nov-18","P1","R10","L","SB",21.1,"2.1. Central bank operations and reforms","Use Treasury bills (or other tradable securities) as the underlying collateral in liquidity absorbing repos.",2,"06/30/2014","M","Introduced at R0. Macroeconomic rationale: to develop money market instruments.",10,2,"30-Jun-14",NA,NA,NA,NA,43.260980041775,0.4791,28.2738613218304,0.106275401403098,47.728426891862,47.8347022932651,1,0,1
"RWA",2013,706,"RWANDA",714,"PSI","2-Dec-13","1-Dec-16",2016,"1-Dec-18",NA,NA,"28-Nov-18","P1","R10","L","SB",21.1,"2.1. Central bank operations and reforms","Issue Treasury bills with maturities of six months and longer as a monetary policy instrument to absorb longer-term liquidity.",3,"12/31/2013","M","Introduced at R0. Macroeconomic rationale: to develop money market instruments. At R1, met.",10,3,"31-Dec-13",NA,NA,NA,NA,43.260980041775,0.4791,28.2738613218304,0.106275401403098,47.728426891862,47.8347022932651,1,0,1
"RWA",2013,706,"RWANDA",714,"PSI","2-Dec-13","1-Dec-16",2016,"1-Dec-18",NA,NA,"28-Nov-18","P1","R10","L","SB",21.1,"2.1. Central bank operations and reforms","Start publishing money market rates (interbank, repo, and T-bill) for different maturities bi-weekly.",4,"12/31/2013","M","Introduced at R0. Macroeconomic rationale: to develop money market instruments. At R1, met.",10,4,"31-Dec-13",NA,NA,NA,NA,43.260980041775,0.4791,28.2738613218304,0.106275401403098,47.728426891862,47.8347022932651,1,0,1
"RWA",2013,706,"RWANDA",714,"PSI","2-Dec-13","1-Dec-16",2016,"1-Dec-18",NA,NA,"28-Nov-18","P1","R10","L","SB",21.1,"2.1. Central bank operations and reforms","Start publishing quarterly inflation reports.",5,"03/31/2014","M","Introduced at R0. Macroeconomic rationale: to improve transparency of monetary policy. At R1, met.",10,5,"31-Mar-14",NA,NA,NA,NA,43.260980041775,0.4791,28.2738613218304,0.106275401403098,47.728426891862,47.8347022932651,1,0,1
"RWA",2013,706,"RWANDA",714,"PSI","2-Dec-13","1-Dec-16",2016,"1-Dec-18",NA,NA,"28-Nov-18","P1","R10","L","SB",20.1,"1.1. Revenue measures, excluding trade policy","Prepare legislative proposal for new tax regime for agriculture.",8,"06/30/2016","SB","This replaces original benchmark of end-December 2015 test date.",10,8,"30-Jun-16",NA,NA,NA,NA,43.260980041775,0.4791,28.2738613218304,0.106275401403098,47.728426891862,47.8347022932651,1,0,1
"RWA",2013,706,"RWANDA",714,"PSI","2-Dec-13","1-Dec-16",2016,"31-Dec-17",NA,NA,"6-Jan-17","P1","R6","BLANK","SB",20.1,"1.1. Revenue measures, excluding trade policy","Prepare legislative proposal for new tax regime for mining.",4,"12/31/2014","MOD-DATE","Introduced at R0. Macroeconomic rationale: to enhance revenue mobilization. At R2, new test date of end-January 2015 specified.",6,4,"31-Dec-14",NA,NA,NA,NA,43.260980041775,0.4791,28.2738613218304,0.106275401403098,47.728426891862,47.8347022932651,1,0,1
"RWA",2013,706,"RWANDA",714,"PSI","2-Dec-13","1-Dec-16",2016,"31-Dec-17",NA,NA,"6-Jan-17","P1","R6","BLANK","SB",20.1,"1.1. Revenue measures, excluding trade policy","Prepare legislative proposal for new tax regime for mining.",4,"01/31/2015","MOD-DATE","At R2, new test date. At R3, not met. Date changed to end September 2015 as  part of the proposed Income Tax Law.",6,4,"31-Jan-15",NA,NA,NA,NA,43.260980041775,0.4791,28.2738613218304,0.106275401403098,47.728426891862,47.8347022932651,1,0,1
"RWA",2013,706,"RWANDA",714,"PSI","2-Dec-13","1-Dec-16",2016,"31-Dec-17",NA,NA,"6-Jan-17","P1","R6","BLANK","SB",20.1,"1.1. Revenue measures, excluding trade policy","Prepare legislative proposal for new tax regime for mining.",4,"09/30/2015","M","At R4, met.",6,4,"30-Sep-15",NA,NA,NA,NA,43.260980041775,0.4791,28.2738613218304,0.106275401403098,47.728426891862,47.8347022932651,1,0,1
"RWA",2013,706,"RWANDA",714,"PSI","2-Dec-13","1-Dec-16",2016,"31-Dec-17",NA,NA,"6-Jan-17","P1","R6","BLANK","SB",20.1,"1.1. Revenue measures, excluding trade policy","Revise law on Decentralized Local government taxes to enable the migration from Land Lease Fees to Fixed Asset Tax.",5,"06/30/2015","M","Macreconomic rationale: To enhance revenue mobilization. At R3, the rationale is now to raise the property tax rate to 0.2 percent.",6,5,"30-Jun-15",NA,NA,NA,NA,43.260980041775,0.4791,28.2738613218304,0.106275401403098,47.728426891862,47.8347022932651,1,0,1
"RWA",2013,706,"RWANDA",714,"PSI","2-Dec-13","1-Dec-16",2016,"31-Dec-17",NA,NA,"6-Jan-17","P1","R6","BLANK","SB",20.1,"1.1. Revenue measures, excluding trade policy","Fully migrate one district in Kigali from Land Lease Fee to Fixed Asset Tax.",6,"12/31/2015","SB","Macroeconomic rationale: To enhance revenue mobilization. At R3, Property tax legislation will apply countrywide immediately.",6,6,"31-Dec-15",NA,NA,NA,NA,43.260980041775,0.4791,28.2738613218304,0.106275401403098,47.728426891862,47.8347022932651,1,0,1
"RWA",2013,706,"RWANDA",714,"PSI","2-Dec-13","1-Dec-16",2016,"31-Dec-17",NA,NA,"6-Jan-17","P1","R6","BLANK","SB",20.1,"1.1. Revenue measures, excluding trade policy","Prepare study on new tax regime for agriculture.",7,"12/31/2015","MOD-DATE","Introduced at R3. At R4, new test date specified.",6,7,"31-Dec-15",NA,NA,NA,NA,43.260980041775,0.4791,28.2738613218304,0.106275401403098,47.728426891862,47.8347022932651,1,0,1
"RWA",2013,706,"RWANDA",714,"PSI","2-Dec-13","1-Dec-16",2016,"31-Dec-17",NA,NA,"6-Jan-17","P1","R6","BLANK","SB",20.1,"1.1. Revenue measures, excluding trade policy","Prepare study on new tax regime for agriculture.",7,"03/31/2016","SB","At R4, new test date.",6,7,"31-Mar-16",NA,NA,NA,NA,43.260980041775,0.4791,28.2738613218304,0.106275401403098,47.728426891862,47.8347022932651,1,0,1
"RWA",2013,706,"RWANDA",714,"PSI","2-Dec-13","1-Dec-16",2016,"31-Dec-17",NA,NA,"6-Jan-17","P1","R6","BLANK","SB",20.1,"1.1. Revenue measures, excluding trade policy","Prepare legislative proposal for new tax regime for agriculture.",8,"06/30/2016","SB","This replaces original benchmark of end-December 2015 test date.",6,8,"30-Jun-16",NA,NA,NA,NA,43.260980041775,0.4791,28.2738613218304,0.106275401403098,47.728426891862,47.8347022932651,1,0,1
"RWA",2013,706,"RWANDA",714,"PSI","2-Dec-13","1-Dec-16",2016,"1-Dec-18",NA,NA,"28-Nov-18","P1","R10","L","SB",25.1,"6.1. Financial sector legal reforms, regulation, and supervision","Define and target a range of excess reserves conducive to developing the interbank market.",5,"12/31/2016","M","Introduced at R5. Met at R7.",10,5,"31-Dec-16",NA,NA,NA,NA,43.260980041775,0.4791,28.2738613218304,0.106275401403098,47.728426891862,47.8347022932651,1,0,1
"RWA",2013,706,"RWANDA",714,"PSI","2-Dec-13","1-Dec-16",2016,"1-Dec-18",NA,NA,"28-Nov-18","P1","R10","L","SB",25.1,"6.1. Financial sector legal reforms, regulation, and supervision","Introduce the real horizontal REPOs including transfer of collateral across banks in order to facilitate transactions between banks and boost the trading of debt securities.",6,"03/31/2017","M","Introduced at R5. Met at R7.",10,6,"31-Mar-17",NA,NA,NA,NA,43.260980041775,0.4791,28.2738613218304,0.106275401403098,47.728426891862,47.8347022932651,1,0,1
"RWA",2013,706,"RWANDA",714,"PSI","2-Dec-13","1-Dec-16",2016,"1-Dec-18",NA,NA,"28-Nov-18","P1","R10","L","SB",25.1,"6.1. Financial sector legal reforms, regulation, and supervision","Establish an electronic interbank trading platform intended to improve banks’ counterparty visibility and price formation in the market.",7,"12/01/2018","M","Introduced at R8 for R10.",10,7,"1-Dec-18",NA,NA,NA,NA,43.260980041775,0.4791,28.2738613218304,0.106275401403098,47.728426891862,47.8347022932651,1,0,1
"RWA",2013,706,"RWANDA",714,"PSI","2-Dec-13","1-Dec-16",2016,"1-Dec-18",NA,NA,"28-Nov-18","P1","R10","L","SB",25.1,"6.1. Financial sector legal reforms, regulation, and supervision","Introduce Government bond reopening mechanisms with objective to develop benchmark bonds and promote depth and liquidity in the government bond market.",8,"06/30/2018","M","Introduced at R8 for R9.",10,8,"30-Jun-18",NA,NA,NA,NA,43.260980041775,0.4791,28.2738613218304,0.106275401403098,47.728426891862,47.8347022932651,1,0,1
"RWA",2013,706,"RWANDA",714,"PSI","2-Dec-13","1-Dec-16",2016,"1-Dec-18",NA,NA,"28-Nov-18","P1","R10","L","SB",29,"10. Economic statistics (excluding fiscal and central bank transparency and similar measures)","NBR to gather high frequency data and undertake economic sentiment surveys.",1,"12/31/2013","M","Introduced at R0. Macroeconomic rationale: to improve quality and timeliness of economic data. At R1, met.",10,1,"31-Dec-13",NA,NA,NA,NA,43.260980041775,0.4791,28.2738613218304,0.106275401403098,47.728426891862,47.8347022932651,1,0,1
"RWA",2013,706,"RWANDA",714,"PSI","2-Dec-13","1-Dec-16",2016,"31-Dec-17",NA,NA,"8-Jun-16","P1","R5","BLANK","SB",20.7,"1.7. Fiscal transparency (publication, parliamentary oversight)","MINECOFIN to publish (and put on its website) quarterly reports of budget execution against annual fiscal policy objectives, within 45 days of end of each quarter.",2,"03/31/2016","MD","At R4, new test date. At R5, implemented with delay.",5,2,"31-Mar-16",NA,NA,NA,NA,43.260980041775,0.4791,28.2738613218304,0.106275401403098,47.728426891862,47.8347022932651,1,0,1
"RWA",2013,706,"RWANDA",714,"PSI","2-Dec-13","1-Dec-16",2016,"31-Dec-17",NA,NA,"8-Jun-16","P1","R5","BLANK","SB",20.7,"1.7. Fiscal transparency (publication, parliamentary oversight)","MINECOFIN to publish (and put on its website) quarterly reports of budget execution against annual fiscal policy objectives, within 45 days of end of each quarter.",2,"Quarterly","SB","Introduced at R1. Continuous starting mid-May 2014. Macroeconomic rationale: To improve fiscal transparency",5,2,"27-Jun-26",NA,NA,NA,NA,43.260980041775,0.4791,28.2738613218304,0.106275401403098,47.728426891862,47.8347022932651,1,0,1
"RWA",2013,706,"RWANDA",714,"PSI","2-Dec-13","1-Dec-16",2016,"1-Dec-18",NA,NA,"28-Nov-18","P1","R10","L","SB",20.6,"1.6. Expenditure auditing, accounting, and financial controls","Set up framework for recording donor project support in one sector (e.g. health, education, infrastructure), as an initial step to establishing it more broadly.",7,"12/31/2016","MOD-DATE","Introduced at R5. At R6, new test date of end-March 2017.",10,7,"31-Dec-16",NA,NA,NA,NA,43.260980041775,0.4791,28.2738613218304,0.106275401403098,47.728426891862,47.8347022932651,1,0,1
"RWA",2013,706,"RWANDA",714,"PSI","2-Dec-13","1-Dec-16",2016,"1-Dec-18",NA,NA,"28-Nov-18","P1","R10","L","SB",20.6,"1.6. Expenditure auditing, accounting, and financial controls","Set up framework for recording donor project support in one sector (e.g. health, education, infrastructure), as an initial step to establishing it more broadly.",7,"03/31/2017","NM","At R6, new test date.",10,7,"31-Mar-17",NA,NA,NA,NA,43.260980041775,0.4791,28.2738613218304,0.106275401403098,47.728426891862,47.8347022932651,1,0,1
"RWA",2013,706,"RWANDA",714,"PSI","2-Dec-13","1-Dec-16",2016,"1-Dec-18",NA,NA,"28-Nov-18","P1","R10","L","SB",20.6,"1.6. Expenditure auditing, accounting, and financial controls","Produce detailed report on tax expenditures for FY15/16.",8,"12/31/2016","M","Introduced at R5.",10,8,"31-Dec-16",NA,NA,NA,NA,43.260980041775,0.4791,28.2738613218304,0.106275401403098,47.728426891862,47.8347022932651,1,0,1
"RWA",2013,706,"RWANDA",714,"PSI","2-Dec-13","1-Dec-16",2016,"1-Dec-18",NA,NA,"28-Nov-18","P1","R10","L","SB",20.6,"1.6. Expenditure auditing, accounting, and financial controls","Produce an inventory of project accounts at the central bank, for the purposes of improving accounting for inflows and outflows.",9,"03/31/2017","M","Introduced at R1 of SCF.",10,9,"31-Mar-17",NA,NA,NA,NA,43.260980041775,0.4791,28.2738613218304,0.106275401403098,47.728426891862,47.8347022932651,1,0,1
"RWA",2013,706,"RWANDA",714,"PSI","2-Dec-13","1-Dec-16",2016,"1-Dec-18",NA,NA,"28-Nov-18","P1","R10","L","SB",20.6,"1.6. Expenditure auditing, accounting, and financial controls","Initiate a fiscal risk analysis of hotel and insurance sectors to assess potential contingent liabilities..",10,"06/30/2018","M","Introduced at R8 for R9.",10,10,"30-Jun-18",NA,NA,NA,NA,43.260980041775,0.4791,28.2738613218304,0.106275401403098,47.728426891862,47.8347022932651,1,0,1
"RWA",2013,706,"RWANDA",714,"PSI","2-Dec-13","1-Dec-16",2016,"1-Dec-18",NA,NA,"28-Nov-18","P1","R10","L","SB",20.7,"1.7. Fiscal transparency (publication, parliamentary oversight)","Sub-national entities (416) to produce monthly, quarterly, and annual financial reports using a uniform template.",1,"12/31/2015","M","Introduced at R0. Macroeconomic rationale: to improve comprehensiveness and transparency of intergovernmental transfers. At R4, ongoing.",10,1,"31-Dec-15",NA,NA,NA,NA,43.260980041775,0.4791,28.2738613218304,0.106275401403098,47.728426891862,47.8347022932651,1,0,1
"RWA",2013,706,"RWANDA",714,"PSI","2-Dec-13","1-Dec-16",2016,"31-Jan-18",NA,NA,"12-Jul-17","P1","R7","BLANK","SB",20.7,"1.7. Fiscal transparency (publication, parliamentary oversight)","MINECOFIN to publish (and put on its website) quarterly reports of budget execution against annual fiscal policy objectives, within 45 days of end of each quarter.",2,"Quarterly","SB","Introduced at R1. Continuous starting mid-May 2014. Macroeconomic rationale: To improve fiscal transparency",7,2,"27-Jun-26",NA,NA,NA,NA,43.260980041775,0.4791,28.2738613218304,0.106275401403098,47.728426891862,47.8347022932651,1,0,1
"RWA",2013,706,"RWANDA",714,"PSI","2-Dec-13","1-Dec-16",2016,"31-Dec-17",NA,NA,"8-Jun-16","P1","R5","BLANK","SB",21.1,"2.1. Central bank operations and reforms","Use Treasury bills (or other tradable securities) as the underlying collateral in liquidity absorbing repos.",2,"06/30/2014","M","Introduced at R0. Macroeconomic rationale: to develop money market instruments.",5,2,"30-Jun-14",NA,NA,NA,NA,43.260980041775,0.4791,28.2738613218304,0.106275401403098,47.728426891862,47.8347022932651,1,0,1
"RWA",2013,706,"RWANDA",714,"PSI","2-Dec-13","1-Dec-16",2016,"31-Dec-17",NA,NA,"8-Jun-16","P1","R5","BLANK","SB",21.1,"2.1. Central bank operations and reforms","Issue Treasury bills with maturities of six months and longer as a monetary policy instrument to absorb longer-term liquidity.",3,"12/31/2013","M","Introduced at R0. Macroeconomic rationale: to develop money market instruments. At R1, met.",5,3,"31-Dec-13",NA,NA,NA,NA,43.260980041775,0.4791,28.2738613218304,0.106275401403098,47.728426891862,47.8347022932651,1,0,1
"RWA",2013,706,"RWANDA",714,"PSI","2-Dec-13","1-Dec-16",2016,"31-Dec-17",NA,NA,"8-Jun-16","P1","R5","BLANK","SB",21.1,"2.1. Central bank operations and reforms","Start publishing money market rates (interbank, repo, and T-bill) for different maturities bi-weekly.",4,"12/31/2013","M","Introduced at R0. Macroeconomic rationale: to develop money market instruments. At R1, met.",5,4,"31-Dec-13",NA,NA,NA,NA,43.260980041775,0.4791,28.2738613218304,0.106275401403098,47.728426891862,47.8347022932651,1,0,1
"RWA",2013,706,"RWANDA",714,"PSI","2-Dec-13","1-Dec-16",2016,"31-Dec-17",NA,NA,"8-Jun-16","P1","R5","BLANK","SB",21.1,"2.1. Central bank operations and reforms","Start publishing quarterly inflation reports.",5,"03/31/2014","M","Introduced at R0. Macroeconomic rationale: to improve transparency of monetary policy. At R1, met.",5,5,"31-Mar-14",NA,NA,NA,NA,43.260980041775,0.4791,28.2738613218304,0.106275401403098,47.728426891862,47.8347022932651,1,0,1
"RWA",2013,706,"RWANDA",714,"PSI","2-Dec-13","1-Dec-16",2016,"31-Dec-17",NA,NA,"8-Jun-16","P1","R5","BLANK","SB",21.1,"2.1. Central bank operations and reforms","Start issuing government bonds with maturities of 7 and 10 years.",6,"06/30/2015","M","Introduced at R2. Macroeconomic rationale: To develop money market instruments.",5,6,"30-Jun-15",NA,NA,NA,NA,43.260980041775,0.4791,28.2738613218304,0.106275401403098,47.728426891862,47.8347022932651,1,0,1
"RWA",2013,706,"RWANDA",714,"PSI","2-Dec-13","1-Dec-16",2016,"31-Dec-17",NA,NA,"8-Jun-16","P1","R5","BLANK","SB",21.1,"2.1. Central bank operations and reforms","Develop a methodology to identify policy interest rate consistent with the identified range of excess reserves.",7,"06/30/2017","SB","Introduced at R5.",5,7,"30-Jun-17",NA,NA,NA,NA,43.260980041775,0.4791,28.2738613218304,0.106275401403098,47.728426891862,47.8347022932651,1,0,1
"RWA",2013,706,"RWANDA",714,"PSI","2-Dec-13","1-Dec-16",2016,"31-Dec-17",NA,NA,"8-Jun-16","P1","R5","BLANK","SB",25.1,"6.1. Financial sector legal reforms, regulation, and supervision","Design a deposit guarantee scheme.",1,"06/30/2014","M","Introduced at R0. Macroeconomic rationale: to increase confidence in banking system.",5,1,"30-Jun-14",NA,NA,NA,NA,43.260980041775,0.4791,28.2738613218304,0.106275401403098,47.728426891862,47.8347022932651,1,0,1
"RWA",2013,706,"RWANDA",714,"PSI","2-Dec-13","1-Dec-16",2016,"31-Dec-17",NA,NA,"8-Jun-16","P1","R5","BLANK","SB",25.1,"6.1. Financial sector legal reforms, regulation, and supervision","Issue a 15-year Government T-Bond",2,"05/31/2016","M","Introduced at R4. Macroeconomic rationale: To extend the yield curve.",5,2,"31-May-16",NA,NA,NA,NA,43.260980041775,0.4791,28.2738613218304,0.106275401403098,47.728426891862,47.8347022932651,1,0,1
"RWA",2013,706,"RWANDA",714,"PSI","2-Dec-13","1-Dec-16",2016,"31-Dec-17",NA,NA,"8-Jun-16","P1","R5","BLANK","SB",25.1,"6.1. Financial sector legal reforms, regulation, and supervision","Establish a framework of market intermediaries for government securities.",3,"09/30/2016","SB","Introduced at R4. Macroeconomic rationale: To deepen secondary market.",5,3,"30-Sep-16",NA,NA,NA,NA,43.260980041775,0.4791,28.2738613218304,0.106275401403098,47.728426891862,47.8347022932651,1,0,1
"RWA",2013,706,"RWANDA",714,"PSI","2-Dec-13","1-Dec-16",2016,"31-Dec-17",NA,NA,"8-Jun-16","P1","R5","BLANK","SB",25.1,"6.1. Financial sector legal reforms, regulation, and supervision","Establish the road map for secondary market development of Government debt securities. In addition, develop the capacity building plan for banks’ treasurers on domestic securities.",4,"09/30/2016","SB","Introduced at R5.",5,4,"30-Sep-16",NA,NA,NA,NA,43.260980041775,0.4791,28.2738613218304,0.106275401403098,47.728426891862,47.8347022932651,1,0,1
"RWA",2013,706,"RWANDA",714,"PSI","2-Dec-13","1-Dec-16",2016,"31-Dec-17",NA,NA,"8-Jun-16","P1","R5","BLANK","SB",25.1,"6.1. Financial sector legal reforms, regulation, and supervision","Define and target a range of excess reserves conducive to developing the interbank market.",5,"12/31/2016","SB","Introduced at R5.",5,5,"31-Dec-16",NA,NA,NA,NA,43.260980041775,0.4791,28.2738613218304,0.106275401403098,47.728426891862,47.8347022932651,1,0,1
"RWA",2013,706,"RWANDA",714,"PSI","2-Dec-13","1-Dec-16",2016,"31-Dec-17",NA,NA,"8-Jun-16","P1","R5","BLANK","SB",25.1,"6.1. Financial sector legal reforms, regulation, and supervision","Introduce the real horizontal REPOs including transfer of collateral across banks in order to facilitate transactions between banks and boost the trading of debt securities.",6,"03/31/2017","SB","Introduced at R5.",5,6,"31-Mar-17",NA,NA,NA,NA,43.260980041775,0.4791,28.2738613218304,0.106275401403098,47.728426891862,47.8347022932651,1,0,1
"RWA",2013,706,"RWANDA",714,"PSI","2-Dec-13","1-Dec-16",2016,"31-Dec-17",NA,NA,"8-Jun-16","P1","R5","BLANK","SB",29,"10. Economic statistics (excluding fiscal and central bank transparency and similar measures)","NBR to gather high frequency data and undertake economic sentiment surveys.",1,"12/31/2013","M","Introduced at R0. Macroeconomic rationale: to improve quality and timeliness of economic data. At R1, met.",5,1,"31-Dec-13",NA,NA,NA,NA,43.260980041775,0.4791,28.2738613218304,0.106275401403098,47.728426891862,47.8347022932651,1,0,1
"RWA",2013,706,"RWANDA",714,"PSI","2-Dec-13","1-Dec-16",2016,"31-Dec-17",NA,NA,"6-Jan-17","P1","R6","BLANK","SB",20,"1. General government","Submit revised National Investment Policy (NIP) to Cabinet.",1,"06/30/2016","NM","Introduced at R4. Macroeconomic rationale: To enable private sector involvement in PPPs. Not met at R6 for PSI (R1 for SCF).",6,1,"30-Jun-16",NA,NA,NA,NA,43.260980041775,0.4791,28.2738613218304,0.106275401403098,47.728426891862,47.8347022932651,1,0,1
"RWA",2013,706,"RWANDA",714,"PSI","2-Dec-13","1-Dec-16",2016,"31-Dec-17",NA,NA,"6-Jan-17","P1","R6","BLANK","SB",20.1,"1.1. Revenue measures, excluding trade policy","Revise exemption and zero-rating schedules under the VAT-code.",1,"06/30/2014","M","Introduced at R0. Macroeconomic rationale: to enhance revenue mobilization.",6,1,"30-Jun-14",NA,NA,NA,NA,43.260980041775,0.4791,28.2738613218304,0.106275401403098,47.728426891862,47.8347022932651,1,0,1
"RWA",2013,706,"RWANDA",714,"PSI","2-Dec-13","1-Dec-16",2016,"31-Dec-17",NA,NA,"6-Jan-17","P1","R6","BLANK","SB",20.1,"1.1. Revenue measures, excluding trade policy","Revise legislation on the taxation of property.",2,"12/31/2014","MOD-SB","Introduced at R0. Macroeconomic rationale: to enhance revenue mobilization. At R2, replaced with 2 measures (""revise law on Dencentralized Local Government.."" and ""Fully migrate one district in Kigali..."")",6,2,"31-Dec-14",NA,NA,NA,NA,43.260980041775,0.4791,28.2738613218304,0.106275401403098,47.728426891862,47.8347022932651,1,0,1
"RWA",2013,706,"RWANDA",714,"PSI","2-Dec-13","1-Dec-16",2016,"31-Dec-17",NA,NA,"6-Jan-17","P1","R6","BLANK","SB",20.1,"1.1. Revenue measures, excluding trade policy","Prepare legislative proposal for new tax regime for agriculture.",3,"12/31/2014","MOD-DATE","Introduced at R0. Macroeconomic rationale: to enhance revenue mobilization. At R2, new test date of end-December 2015.",6,3,"31-Dec-14",NA,NA,NA,NA,43.260980041775,0.4791,28.2738613218304,0.106275401403098,47.728426891862,47.8347022932651,1,0,1
"RWA",2013,706,"RWANDA",714,"PSI","2-Dec-13","1-Dec-16",2016,"31-Dec-17",NA,NA,"6-Jan-17","P1","R6","BLANK","SB",20.1,"1.1. Revenue measures, excluding trade policy","Prepare legislative proposal for new tax regime for agriculture.",3,"12/31/2015","MOD-SB","At R2, new test date. At R3, split into 2 benchmarks -- 1. ""Prepare study on new tax regime for agriculture."" with test date of end-Dec. 2015; and 2. same text as original benchmark but with end-June 2016 test date.",6,3,"31-Dec-15",NA,NA,NA,NA,43.260980041775,0.4791,28.2738613218304,0.106275401403098,47.728426891862,47.8347022932651,1,0,1
"RWA",2013,706,"RWANDA",714,"PSI","2-Dec-13","1-Dec-16",2016,"31-Jan-18",NA,NA,"12-Jul-17","P1","R7","BLANK","SB",20.2,"1.2. Revenue administration, including customs","Review the block grant formula on the basis of the Local Government Revenue Potential Study.",2,"09/30/2014","M","At R1, new test date specified. At R2, met.",7,2,"30-Sep-14",NA,NA,NA,NA,43.260980041775,0.4791,28.2738613218304,0.106275401403098,47.728426891862,47.8347022932651,1,0,1
"RWA",2013,706,"RWANDA",714,"PSI","2-Dec-13","1-Dec-16",2016,"31-Jan-18",NA,NA,"12-Jul-17","P1","R7","BLANK","SB",20.2,"1.2. Revenue administration, including customs","Approve new risk management plan for FY17/18 to improve tax compliance.",3,"6/30/2017","SB","Introduced at R1 of SCF.",7,3,"30-Jun-17",NA,NA,NA,NA,43.260980041775,0.4791,28.2738613218304,0.106275401403098,47.728426891862,47.8347022932651,1,0,1
"RWA",2013,706,"RWANDA",714,"PSI","2-Dec-13","1-Dec-16",2016,"31-Jan-18",NA,NA,"12-Jul-17","P1","R7","BLANK","SB",20.2,"1.2. Revenue administration, including customs","Issue report on ""clean up"" of tax registry.",4,"9/30/2017","SB","Introduced at R1 of SCF.",7,4,"30-Sep-17",NA,NA,NA,NA,43.260980041775,0.4791,28.2738613218304,0.106275401403098,47.728426891862,47.8347022932651,1,0,1
"RWA",2013,706,"RWANDA",714,"PSI","2-Dec-13","1-Dec-16",2016,"31-Jan-18",NA,NA,"12-Jul-17","P1","R7","BLANK","SB",20.3,"1.3. Expenditure measures, including arrears clearance","Submit revised National Investment Policy to Cabinet.",1,"06/30/2016","MOD-DATE","Introduced at R5. At R6, not met, reset test date to March 2017.",7,1,"30-Jun-16",NA,NA,NA,NA,43.260980041775,0.4791,28.2738613218304,0.106275401403098,47.728426891862,47.8347022932651,1,0,1
"RWA",2013,706,"RWANDA",714,"PSI","2-Dec-13","1-Dec-16",2016,"31-Jan-18",NA,NA,"12-Jul-17","P1","R7","BLANK","SB",20.3,"1.3. Expenditure measures, including arrears clearance","Submit revised National Investment Policy to Cabinet.",1,"3/31/2017","MD","Reset test date at R6. At R7, not met, completed in April 2017.",7,1,"31-Mar-17",NA,NA,NA,NA,43.260980041775,0.4791,28.2738613218304,0.106275401403098,47.728426891862,47.8347022932651,1,0,1
"RWA",2013,706,"RWANDA",714,"PSI","2-Dec-13","1-Dec-16",2016,"31-Jan-18",NA,NA,"12-Jul-17","P1","R7","BLANK","SB",20.6,"1.6. Expenditure auditing, accounting, and financial controls","Pilot the extension of IFMIS to 20 development projects.",1,"6/30/2014","M","Introduced at R0. Macroeconomic rationale: to strengthen budget execution and controls.",7,1,"30-Jun-14",NA,NA,NA,NA,43.260980041775,0.4791,28.2738613218304,0.106275401403098,47.728426891862,47.8347022932651,1,0,1
"RWA",2013,706,"RWANDA",714,"PSI","2-Dec-13","1-Dec-16",2016,"31-Jan-18",NA,NA,"12-Jul-17","P1","R7","BLANK","SB",20.6,"1.6. Expenditure auditing, accounting, and financial controls","Share IPSAS roadmap which includes government accounting policy for fixed assets is developed and implemented.",2,"06/30/2016","MOD-SB","Introduced at R4. Macroeconomic rationale: To improve accountability and help Rwanda attain the EAMU fiscal reporting convergence. At R5, text of condition is revised to ""Develop and implement IPSAS roadmap...""",7,2,"30-Jun-16",NA,NA,NA,NA,43.260980041775,0.4791,28.2738613218304,0.106275401403098,47.728426891862,47.8347022932651,1,0,1
"RWA",2013,706,"RWANDA",714,"PSI","2-Dec-13","1-Dec-16",2016,"31-Jan-18",NA,NA,"12-Jul-17","P1","R7","BLANK","SB",20.6,"1.6. Expenditure auditing, accounting, and financial controls","Operationalize IFMIS and E-Procurement interface protocols.",3,"12/31/2016","M","Introduced at R4. Macroeconomic rationale: To improve efficiency, transparency, and controls in public procurement. This SB also applies to SCF program.",7,3,"31-Dec-16",NA,NA,NA,NA,43.260980041775,0.4791,28.2738613218304,0.106275401403098,47.728426891862,47.8347022932651,1,0,1
"RWA",2013,706,"RWANDA",714,"PSI","2-Dec-13","1-Dec-16",2016,"31-Jan-18",NA,NA,"12-Jul-17","P1","R7","BLANK","SB",20.6,"1.6. Expenditure auditing, accounting, and financial controls","Develop and implement IPSAS roadmap which includes government accounting policy for fixed assets.",4,"6/30/2016","M","At R5, a revised text on the SB on ""Share the IPSAS roadmap.."" Met at R6 for PSI (R1 for SCF).",7,4,"30-Jun-16",NA,NA,NA,NA,43.260980041775,0.4791,28.2738613218304,0.106275401403098,47.728426891862,47.8347022932651,1,0,1
"RWA",2013,706,"RWANDA",714,"PSI","2-Dec-13","1-Dec-16",2016,"31-Jan-18",NA,NA,"12-Jul-17","P1","R7","BLANK","SB",20.6,"1.6. Expenditure auditing, accounting, and financial controls","Establish a timeline for the transition of fiscal reporting into the GFS14 framework.",5,"9/30/2016","M","Introduced at R5. Met at R6 for PSI (R1 for SCF).",7,5,"30-Sep-16",NA,NA,NA,NA,43.260980041775,0.4791,28.2738613218304,0.106275401403098,47.728426891862,47.8347022932651,1,0,1
"RWA",2013,706,"RWANDA",714,"PSI","2-Dec-13","1-Dec-16",2016,"31-Jan-18",NA,NA,"12-Jul-17","P1","R7","BLANK","SB",20.6,"1.6. Expenditure auditing, accounting, and financial controls","Design a strategy to incorporate fiscal risks and foreign exchange needs into project planning assessments, starting with PPPs.",6,"6/30/2017","SB","Introduced at R5.",7,6,"30-Jun-17",NA,NA,NA,NA,43.260980041775,0.4791,28.2738613218304,0.106275401403098,47.728426891862,47.8347022932651,1,0,1
"RWA",2013,706,"RWANDA",714,"PSI","2-Dec-13","1-Dec-16",2016,"31-Jan-18",NA,NA,"12-Jul-17","P1","R7","BLANK","SB",20.6,"1.6. Expenditure auditing, accounting, and financial controls","Set up framework for recording donor project support in one sector (e.g. health, education, infrastructure), as an initial step to establishing it more broadly.",7,"12/31/2016","MOD-DATE","Introduced at R5. At R6, new test date of end-March 2017.",7,7,"31-Dec-16",NA,NA,NA,NA,43.260980041775,0.4791,28.2738613218304,0.106275401403098,47.728426891862,47.8347022932651,1,0,1
"RWA",2013,706,"RWANDA",714,"PSI","2-Dec-13","1-Dec-16",2016,"31-Jan-18",NA,NA,"12-Jul-17","P1","R7","BLANK","SB",20.6,"1.6. Expenditure auditing, accounting, and financial controls","Set up framework for recording donor project support in one sector (e.g. health, education, infrastructure), as an initial step to establishing it more broadly.",7,"03/31/2017","NM","At R6, new test date.",7,7,"31-Mar-17",NA,NA,NA,NA,43.260980041775,0.4791,28.2738613218304,0.106275401403098,47.728426891862,47.8347022932651,1,0,1
"RWA",2013,706,"RWANDA",714,"PSI","2-Dec-13","1-Dec-16",2016,"31-Jan-18",NA,NA,"12-Jul-17","P1","R7","BLANK","SB",20.6,"1.6. Expenditure auditing, accounting, and financial controls","Produce detailed report on tax expenditures for FY15/16.",8,"12/31/2016","M","Introduced at R5.",7,8,"31-Dec-16",NA,NA,NA,NA,43.260980041775,0.4791,28.2738613218304,0.106275401403098,47.728426891862,47.8347022932651,1,0,1
"RWA",2013,706,"RWANDA",714,"PSI","2-Dec-13","1-Dec-16",2016,"31-Jan-18",NA,NA,"12-Jul-17","P1","R7","BLANK","SB",20.6,"1.6. Expenditure auditing, accounting, and financial controls","Produce an inventory of project accounts at the central bank, for the purposes of improving accounting for inflows and outflows.",9,"3/31/2017","M","Introduced at R1 of SCF.",7,9,"31-Mar-17",NA,NA,NA,NA,43.260980041775,0.4791,28.2738613218304,0.106275401403098,47.728426891862,47.8347022932651,1,0,1
"RWA",2013,706,"RWANDA",714,"PSI","2-Dec-13","1-Dec-16",2016,NA,NA,NA,"8-Dec-14","P1","R2","BLANK","SB",20.2,"1.2. Revenue administration, including customs","Review the block grant formula on the basis of the Local Government Revenue Potential Study.",2,"09/30/2014","M","At R1, new test date specified. At R2, met.",2,2,"30-Sep-14",NA,NA,NA,NA,43.260980041775,0.4791,28.2738613218304,0.106275401403098,47.728426891862,47.8347022932651,1,0,1
"RWA",2013,706,"RWANDA",714,"PSI","2-Dec-13","1-Dec-16",2016,NA,NA,NA,"8-Dec-14","P1","R2","BLANK","SB",20.6,"1.6. Expenditure auditing, accounting, and financial controls","Pilot the extension of IFMIS to 20 development projects.",1,"06/30/2014","M","Introduced at R0. Macroeconomic rationale: to strengthen budget execution and controls.",2,1,"30-Jun-14",NA,NA,NA,NA,43.260980041775,0.4791,28.2738613218304,0.106275401403098,47.728426891862,47.8347022932651,1,0,1
"RWA",2013,706,"RWANDA",714,"PSI","2-Dec-13","1-Dec-16",2016,NA,NA,NA,"8-Dec-14","P1","R2","BLANK","SB",20.7,"1.7. Fiscal transparency (publication, parliamentary oversight)","Sub-national entities (416) to produce monthly, quarterly, and annual financial reports using a uniform template.",1,"12/31/2015","SB","Introduced at R0. Macroeconomic rationale: to improve comprehensiveness and transparency of intergovernmental transfers.",2,1,"31-Dec-15",NA,NA,NA,NA,43.260980041775,0.4791,28.2738613218304,0.106275401403098,47.728426891862,47.8347022932651,1,0,1
"RWA",2013,706,"RWANDA",714,"PSI","2-Dec-13","1-Dec-16",2016,NA,NA,NA,"8-Dec-14","P1","R2","BLANK","SB",20.7,"1.7. Fiscal transparency (publication, parliamentary oversight)","MINECOFIN to publish (and put on its website) quarterly reports of budget execution against annual fiscal policy objectives, within 45 days of end of each quarter.",2,"05/31/2014","NM","At R2, not met. Report published with delay.",2,2,"31-May-14",NA,NA,NA,NA,43.260980041775,0.4791,28.2738613218304,0.106275401403098,47.728426891862,47.8347022932651,1,0,1
"RWA",2013,706,"RWANDA",714,"PSI","2-Dec-13","1-Dec-16",2016,NA,NA,NA,"8-Dec-14","P1","R2","BLANK","SB",20.7,"1.7. Fiscal transparency (publication, parliamentary oversight)","MINECOFIN to publish (and put on its website) quarterly reports of budget execution against annual fiscal policy objectives, within 45 days of end of each quarter.",2,"Quarterly","SB","Introduced at R1. Continuous starting mid-May 2014. Macroeconomic rationale: To improve fiscal transparency",2,2,"27-Jun-26",NA,NA,NA,NA,43.260980041775,0.4791,28.2738613218304,0.106275401403098,47.728426891862,47.8347022932651,1,0,1
"RWA",2013,706,"RWANDA",714,"PSI","2-Dec-13","1-Dec-16",2016,NA,NA,NA,"8-Dec-14","P1","R2","BLANK","SB",20.8,"1.8. Budget preparation (e.g., submission or approval)","Prepare tax expenditure budget covering main tax expenditures.",1,"06/30/2014","M","Annually, starting end-June 2014. Met for R2.",2,1,"30-Jun-14",NA,NA,NA,NA,43.260980041775,0.4791,28.2738613218304,0.106275401403098,47.728426891862,47.8347022932651,1,0,1
"RWA",2013,706,"RWANDA",714,"PSI","2-Dec-13","1-Dec-16",2016,NA,NA,NA,"8-Dec-14","P1","R2","BLANK","SB",20.8,"1.8. Budget preparation (e.g., submission or approval)","Prepare tax expenditure budget covering main tax expenditures.",1,"06/30/2015","SB","Annually starting in June 2014.",2,1,"30-Jun-15",NA,NA,NA,NA,43.260980041775,0.4791,28.2738613218304,0.106275401403098,47.728426891862,47.8347022932651,1,0,1
"RWA",2013,706,"RWANDA",714,"PSI","2-Dec-13","1-Dec-16",2016,NA,NA,NA,"8-Dec-14","P1","R2","BLANK","SB",20.8,"1.8. Budget preparation (e.g., submission or approval)","Prepare tax expenditure budget covering main tax expenditures.",1,"Other","SB","Introduced at R0. Annually starting end-June 2014. Macroeconomic rationale: to enhance revenue mobilization.",2,1,"27-Jun-26",NA,NA,NA,NA,43.260980041775,0.4791,28.2738613218304,0.106275401403098,47.728426891862,47.8347022932651,1,0,1
"RWA",2013,706,"RWANDA",714,"PSI","2-Dec-13","1-Dec-16",2016,"31-Jan-18",NA,NA,"12-Jul-17","P1","R7","BLANK","SB",20.7,"1.7. Fiscal transparency (publication, parliamentary oversight)","Publish quarterly reports of budget execution against annual fiscal policy objectives, within 60 days of end of each quarter, initially excluding foreign-financed projects.",3,"Continuous","SB","Introduced at R4. Continuous, starting Q4 2015. Macroeconomic rationale: To improve accounting, transparency and accountability.",7,3,"27-Jun-26",NA,NA,NA,NA,43.260980041775,0.4791,28.2738613218304,0.106275401403098,47.728426891862,47.8347022932651,1,0,1
"RWA",2013,706,"RWANDA",714,"PSI","2-Dec-13","1-Dec-16",2016,"31-Jan-18",NA,NA,"12-Jul-17","P1","R7","BLANK","SB",20.7,"1.7. Fiscal transparency (publication, parliamentary oversight)","Provide quarterly revenues, expenditures, and financing estimates for the budgetary central government levels within 60 days of the end of each quarter.",4,"9/30/2016","M","Met at R6 for PSI (R1 for SCF). Quarterly.",7,4,"30-Sep-16",NA,NA,NA,NA,43.260980041775,0.4791,28.2738613218304,0.106275401403098,47.728426891862,47.8347022932651,1,0,1
"RWA",2013,706,"RWANDA",714,"PSI","2-Dec-13","1-Dec-16",2016,"31-Jan-18",NA,NA,"12-Jul-17","P1","R7","BLANK","SB",20.7,"1.7. Fiscal transparency (publication, parliamentary oversight)","Provide quarterly revenues, expenditures, and financing estimates for the budgetary central government levels within 60 days of the end of each quarter.",4,"Quarterly","SB","Met at R6 for PSI (R1 for SCF). Quarterly.",7,4,"27-Jun-26",NA,NA,NA,NA,43.260980041775,0.4791,28.2738613218304,0.106275401403098,47.728426891862,47.8347022932651,1,0,1
"RWA",2013,706,"RWANDA",714,"PSI","2-Dec-13","1-Dec-16",2016,"31-Jan-18",NA,NA,"12-Jul-17","P1","R7","BLANK","SB",20.8,"1.8. Budget preparation (e.g., submission or approval)","Prepare tax expenditure budget covering main tax expenditures.",1,"06/30/2014","M","Annually, starting end-June 2014. Met for R2.",7,1,"30-Jun-14",NA,NA,NA,NA,43.260980041775,0.4791,28.2738613218304,0.106275401403098,47.728426891862,47.8347022932651,1,0,1
"RWA",2013,706,"RWANDA",714,"PSI","2-Dec-13","1-Dec-16",2016,"31-Jan-18",NA,NA,"12-Jul-17","P1","R7","BLANK","SB",20.8,"1.8. Budget preparation (e.g., submission or approval)","Prepare tax expenditure budget covering main tax expenditures.",1,"06/30/2015","SB","Annually starting in June 2014.",7,1,"30-Jun-15",NA,NA,NA,NA,43.260980041775,0.4791,28.2738613218304,0.106275401403098,47.728426891862,47.8347022932651,1,0,1
"RWA",2013,706,"RWANDA",714,"PSI","2-Dec-13","1-Dec-16",2016,"31-Jan-18",NA,NA,"12-Jul-17","P1","R7","BLANK","SB",20.8,"1.8. Budget preparation (e.g., submission or approval)","Prepare tax expenditure budget covering main tax expenditures.",1,"Other","SB","Introduced at R0. Annually starting end-June 2014. Macroeconomic rationale: to enhance revenue mobilization.",7,1,"27-Jun-26",NA,NA,NA,NA,43.260980041775,0.4791,28.2738613218304,0.106275401403098,47.728426891862,47.8347022932651,1,0,1
"RWA",2013,706,"RWANDA",714,"PSI","2-Dec-13","1-Dec-16",2016,"31-Jan-18",NA,NA,"12-Jul-17","P1","R7","BLANK","SB",21.1,"2.1. Central bank operations and reforms","Prepare plan, based on MCM TA recommendations and NBR assessment, for strengthening monetary and exchange rate operations.",1,"3/31/2014","M","Introduced at R0. Macroeconomic rationale: to strengthen monetary and exchange rate operations and foster greater exchange rate (flexibility). At R1, met.",7,1,"31-Mar-14",NA,NA,NA,NA,43.260980041775,0.4791,28.2738613218304,0.106275401403098,47.728426891862,47.8347022932651,1,0,1
"RWA",2013,706,"RWANDA",714,"PSI","2-Dec-13","1-Dec-16",2016,"31-Jan-18",NA,NA,"12-Jul-17","P1","R7","BLANK","SB",21.1,"2.1. Central bank operations and reforms","Use Treasury bills (or other tradable securities) as the underlying collateral in liquidity absorbing repos.",2,"6/30/2014","M","Introduced at R0. Macroeconomic rationale: to develop money market instruments.",7,2,"30-Jun-14",NA,NA,NA,NA,43.260980041775,0.4791,28.2738613218304,0.106275401403098,47.728426891862,47.8347022932651,1,0,1
"RWA",2013,706,"RWANDA",714,"PSI","2-Dec-13","1-Dec-16",2016,"31-Jan-18",NA,NA,"12-Jul-17","P1","R7","BLANK","SB",21.1,"2.1. Central bank operations and reforms","Issue Treasury bills with maturities of six months and longer as a monetary policy instrument to absorb longer-term liquidity.",3,"12/31/2013","M","Introduced at R0. Macroeconomic rationale: to develop money market instruments. At R1, met.",7,3,"31-Dec-13",NA,NA,NA,NA,43.260980041775,0.4791,28.2738613218304,0.106275401403098,47.728426891862,47.8347022932651,1,0,1
"RWA",2013,706,"RWANDA",714,"PSI","2-Dec-13","1-Dec-16",2016,"31-Jan-18",NA,NA,"12-Jul-17","P1","R7","BLANK","SB",21.1,"2.1. Central bank operations and reforms","Start publishing money market rates (interbank, repo, and T-bill) for different maturities bi-weekly.",4,"12/31/2013","M","Introduced at R0. Macroeconomic rationale: to develop money market instruments. At R1, met.",7,4,"31-Dec-13",NA,NA,NA,NA,43.260980041775,0.4791,28.2738613218304,0.106275401403098,47.728426891862,47.8347022932651,1,0,1
"RWA",2013,706,"RWANDA",714,"PSI","2-Dec-13","1-Dec-16",2016,"31-Jan-18",NA,NA,"12-Jul-17","P1","R7","BLANK","SB",21.1,"2.1. Central bank operations and reforms","Start publishing quarterly inflation reports.",5,"3/31/2014","M","Introduced at R0. Macroeconomic rationale: to improve transparency of monetary policy. At R1, met.",7,5,"31-Mar-14",NA,NA,NA,NA,43.260980041775,0.4791,28.2738613218304,0.106275401403098,47.728426891862,47.8347022932651,1,0,1
"RWA",2013,706,"RWANDA",714,"PSI","2-Dec-13","1-Dec-16",2016,"31-Jan-18",NA,NA,"12-Jul-17","P1","R7","BLANK","SB",21.1,"2.1. Central bank operations and reforms","Start issuing government bonds with maturities of 7 and 10 years.",6,"6/30/2015","M","Introduced at R2. Macroeconomic rationale: To develop money market instruments.",7,6,"30-Jun-15",NA,NA,NA,NA,43.260980041775,0.4791,28.2738613218304,0.106275401403098,47.728426891862,47.8347022932651,1,0,1
"RWA",2013,706,"RWANDA",714,"PSI","2-Dec-13","1-Dec-16",2016,"31-Jan-18",NA,NA,"12-Jul-17","P1","R7","BLANK","SB",21.1,"2.1. Central bank operations and reforms","Develop a methodology to identify policy interest rate consistent with the identified range of excess reserves.",7,"6/30/2017","SB","Introduced at R5.",7,7,"30-Jun-17",NA,NA,NA,NA,43.260980041775,0.4791,28.2738613218304,0.106275401403098,47.728426891862,47.8347022932651,1,0,1
"RWA",2013,706,"RWANDA",714,"PSI","2-Dec-13","1-Dec-16",2016,"31-Jan-18",NA,NA,"12-Jul-17","P1","R7","BLANK","SB",25.1,"6.1. Financial sector legal reforms, regulation, and supervision","Design a deposit guarantee scheme.",1,"6/30/2014","M","Introduced at R0. Macroeconomic rationale: to increase confidence in banking system.",7,1,"30-Jun-14",NA,NA,NA,NA,43.260980041775,0.4791,28.2738613218304,0.106275401403098,47.728426891862,47.8347022932651,1,0,1
"RWA",2013,706,"RWANDA",714,"PSI","2-Dec-13","1-Dec-16",2016,"31-Jan-18",NA,NA,"12-Jul-17","P1","R7","BLANK","SB",25.1,"6.1. Financial sector legal reforms, regulation, and supervision","Issue a 15-year Government T-Bond",2,"5/31/2016","M","Introduced at R4. Macroeconomic rationale: To extend the yield curve.",7,2,"31-May-16",NA,NA,NA,NA,43.260980041775,0.4791,28.2738613218304,0.106275401403098,47.728426891862,47.8347022932651,1,0,1
"RWA",2013,706,"RWANDA",714,"PSI","2-Dec-13","1-Dec-16",2016,"31-Jan-18",NA,NA,"12-Jul-17","P1","R7","BLANK","SB",25.1,"6.1. Financial sector legal reforms, regulation, and supervision","Establish a framework of market intermediaries for government securities.",3,"9/30/2016","SB","Introduced at R4. Macroeconomic rationale: To deepen secondary market.",7,3,"30-Sep-16",NA,NA,NA,NA,43.260980041775,0.4791,28.2738613218304,0.106275401403098,47.728426891862,47.8347022932651,1,0,1
"RWA",2013,706,"RWANDA",714,"PSI","2-Dec-13","1-Dec-16",2016,"31-Jan-18",NA,NA,"12-Jul-17","P1","R7","BLANK","SB",25.1,"6.1. Financial sector legal reforms, regulation, and supervision","Establish the road map for secondary market development of Government debt securities. In addition, develop the capacity building plan for banks’ treasurers on domestic securities.",4,"9/30/2016","M","Introduced at R5. Met at R6 for PSI (R1 for SCF).",7,4,"30-Sep-16",NA,NA,NA,NA,43.260980041775,0.4791,28.2738613218304,0.106275401403098,47.728426891862,47.8347022932651,1,0,1
"RWA",2013,706,"RWANDA",714,"PSI","2-Dec-13","1-Dec-16",2016,"31-Jan-18",NA,NA,"12-Jul-17","P1","R7","BLANK","SB",25.1,"6.1. Financial sector legal reforms, regulation, and supervision","Define and target a range of excess reserves conducive to developing the interbank market.",5,"12/31/2016","M","Introduced at R5. Met at R7.",7,5,"31-Dec-16",NA,NA,NA,NA,43.260980041775,0.4791,28.2738613218304,0.106275401403098,47.728426891862,47.8347022932651,1,0,1
"RWA",2013,706,"RWANDA",714,"PSI","2-Dec-13","1-Dec-16",2016,"31-Jan-18",NA,NA,"12-Jul-17","P1","R7","BLANK","SB",25.1,"6.1. Financial sector legal reforms, regulation, and supervision","Introduce the real horizontal REPOs including transfer of collateral across banks in order to facilitate transactions between banks and boost the trading of debt securities.",6,"3/31/2017","M","Introduced at R5. Met at R7.",7,6,"31-Mar-17",NA,NA,NA,NA,43.260980041775,0.4791,28.2738613218304,0.106275401403098,47.728426891862,47.8347022932651,1,0,1
"RWA",2013,706,"RWANDA",714,"PSI","2-Dec-13","1-Dec-16",2016,"31-Jan-18",NA,NA,"12-Jul-17","P1","R7","BLANK","SB",29,"10. Economic statistics (excluding fiscal and central bank transparency and similar measures)","NBR to gather high frequency data and undertake economic sentiment surveys.",1,"12/31/2013","M","Introduced at R0. Macroeconomic rationale: to improve quality and timeliness of economic data. At R1, met.",7,1,"31-Dec-13",NA,NA,NA,NA,43.260980041775,0.4791,28.2738613218304,0.106275401403098,47.728426891862,47.8347022932651,1,0,1
"RWA",2013,706,"RWANDA",714,"PSI","2-Dec-13","1-Dec-16",2016,"1-Dec-18",NA,NA,"12-Jan-18","P1","R8","BLANK","SB",20,"1. General government","Submit revised National Investment Policy (NIP) to Cabinet.",1,"6/30/2016","NM","Introduced at R4. Macroeconomic rationale: To enable private sector involvement in PPPs. Not met at R6 for PSI (R1 for SCF).",8,1,"30-Jun-16",NA,NA,NA,NA,43.260980041775,0.4791,28.2738613218304,0.106275401403098,47.728426891862,47.8347022932651,1,0,1
"RWA",2013,706,"RWANDA",714,"PSI","2-Dec-13","1-Dec-16",2016,"1-Dec-18",NA,NA,"12-Jan-18","P1","R8","BLANK","SB",20.1,"1.1. Revenue measures, excluding trade policy","Revise exemption and zero-rating schedules under the VAT-code.",1,"6/30/2014","M","Introduced at R0. Macroeconomic rationale: to enhance revenue mobilization.",8,1,"30-Jun-14",NA,NA,NA,NA,43.260980041775,0.4791,28.2738613218304,0.106275401403098,47.728426891862,47.8347022932651,1,0,1
"RWA",2013,706,"RWANDA",714,"PSI","2-Dec-13","1-Dec-16",2016,"1-Dec-18",NA,NA,"12-Jan-18","P1","R8","BLANK","SB",20.1,"1.1. Revenue measures, excluding trade policy","Revise legislation on the taxation of property.",2,"12/31/2014","MOD-SB","Introduced at R0. Macroeconomic rationale: to enhance revenue mobilization. At R2, replaced with 2 measures (""revise law on Dencentralized Local Government.."" and ""Fully migrate one district in Kigali..."")",8,2,"31-Dec-14",NA,NA,NA,NA,43.260980041775,0.4791,28.2738613218304,0.106275401403098,47.728426891862,47.8347022932651,1,0,1
"RWA",2013,706,"RWANDA",714,"PSI","2-Dec-13","1-Dec-16",2016,"1-Dec-18",NA,NA,"12-Jan-18","P1","R8","BLANK","SB",20.1,"1.1. Revenue measures, excluding trade policy","Produce a tax expenditure report on measures associated with the Investment Tax Policy and Made In Rwanda campaign with the objective of designing a cost/benefits framework to monitor the impact of these incentives.",3,"09/30/2017","M","At R7, the new content is replaced of ""Share draft study on new tax regime for agriculture"".",8,3,"30-Sep-17",NA,NA,NA,NA,43.260980041775,0.4791,28.2738613218304,0.106275401403098,47.728426891862,47.8347022932651,1,0,1
"RWA",2013,706,"RWANDA",714,"PSI","2-Dec-13","1-Dec-16",2016,"1-Dec-18",NA,NA,"12-Jan-18","P1","R8","BLANK","SB",20.1,"1.1. Revenue measures, excluding trade policy","Prepare legislative proposal for new tax regime for mining.",4,"12/31/2014","MOD-DATE","Introduced at R0. Macroeconomic rationale: to enhance revenue mobilization. At R2, new test date of end-January 2015 specified.",8,4,"31-Dec-14",NA,NA,NA,NA,43.260980041775,0.4791,28.2738613218304,0.106275401403098,47.728426891862,47.8347022932651,1,0,1
"RWA",2013,706,"RWANDA",714,"PSI","2-Dec-13","1-Dec-16",2016,"1-Dec-18",NA,NA,"12-Jan-18","P1","R8","BLANK","SB",20.1,"1.1. Revenue measures, excluding trade policy","Prepare legislative proposal for new tax regime for mining.",4,"01/31/2015","MOD-DATE","At R2, new test date. At R3, not met. Date changed to end September 2015 as  part of the proposed Income Tax Law.",8,4,"31-Jan-15",NA,NA,NA,NA,43.260980041775,0.4791,28.2738613218304,0.106275401403098,47.728426891862,47.8347022932651,1,0,1
"RWA",2013,706,"RWANDA",714,"PSI","2-Dec-13","1-Dec-16",2016,"31-Dec-17",NA,NA,"6-Jan-17","P1","R6","BLANK","SB",20.1,"1.1. Revenue measures, excluding trade policy","Submit revised Law on Tax Procedures to Cabinet.",9,"06/30/2016","M","Introduced at R4. Macroeconomic rationale: To enhance revenue mobilization. This SB also applies to SCF program.  Met at R6 for PSI (R1 for SCF).",6,9,"30-Jun-16",NA,NA,NA,NA,43.260980041775,0.4791,28.2738613218304,0.106275401403098,47.728426891862,47.8347022932651,1,0,1
"RWA",2013,706,"RWANDA",714,"PSI","2-Dec-13","1-Dec-16",2016,"31-Dec-17",NA,NA,"6-Jan-17","P1","R6","BLANK","SB",20.1,"1.1. Revenue measures, excluding trade policy","Share draft study on new tax regime for agriculture.",10,"11/30/2016","MOD-DATE","Introduced at R4. Macroeconomic rationale: To enhance revenue mobilization. At R5, rescheduled to end-Sept 2017.",6,10,"30-Nov-16",NA,NA,NA,NA,43.260980041775,0.4791,28.2738613218304,0.106275401403098,47.728426891862,47.8347022932651,1,0,1
"RWA",2013,706,"RWANDA",714,"PSI","2-Dec-13","1-Dec-16",2016,"31-Dec-17",NA,NA,"6-Jan-17","P1","R6","BLANK","SB",20.1,"1.1. Revenue measures, excluding trade policy","Share draft study on new tax regime for agriculture.",10,"09/30/2017","SB","At R5, new test date.",6,10,"30-Sep-17",NA,NA,NA,NA,43.260980041775,0.4791,28.2738613218304,0.106275401403098,47.728426891862,47.8347022932651,1,0,1
"RWA",2013,706,"RWANDA",714,"PSI","2-Dec-13","1-Dec-16",2016,"31-Dec-17",NA,NA,"6-Jan-17","P1","R6","BLANK","SB",20.1,"1.1. Revenue measures, excluding trade policy","Submit to Parliament revised legislation on fixed asset tax.",12,"03/31/2017","SB","Introduced at R5.",6,12,"31-Mar-17",NA,NA,NA,NA,43.260980041775,0.4791,28.2738613218304,0.106275401403098,47.728426891862,47.8347022932651,1,0,1
"RWA",2013,706,"RWANDA",714,"PSI","2-Dec-13","1-Dec-16",2016,"31-Dec-17",NA,NA,"6-Jan-17","P1","R6","BLANK","SB",20.1,"1.1. Revenue measures, excluding trade policy","Initiate the rollout of ""EBM for all"" pilot, with the intent of reaching 10,000 taxpayers within one year.",13,"10/31/2017","SB","Introduced at R1 of SCF.",6,13,"31-Oct-17",NA,NA,NA,NA,43.260980041775,0.4791,28.2738613218304,0.106275401403098,47.728426891862,47.8347022932651,1,0,1
"RWA",2013,706,"RWANDA",714,"PSI","2-Dec-13","1-Dec-16",2016,"31-Dec-17",NA,NA,"6-Jan-17","P1","R6","BLANK","SB",20.2,"1.2. Revenue administration, including customs","Implement plan for better enforcement of tax payer compliance.",1,"06/30/2014","M","Introduced at R0. Macroeconomic rationale: to enhance revenue mobilization.",6,1,"30-Jun-14",NA,NA,NA,NA,43.260980041775,0.4791,28.2738613218304,0.106275401403098,47.728426891862,47.8347022932651,1,0,1
"RWA",2013,706,"RWANDA",714,"PSI","2-Dec-13","1-Dec-16",2016,"31-Dec-17",NA,NA,"6-Jan-17","P1","R6","BLANK","SB",20.2,"1.2. Revenue administration, including customs","Review the block grant formula on the basis of the Local Government Revenue Potential Study.",2,"06/30/2014","MOD-DATE","Introduced at R0. Macroeconomic rationale: to enhance collection of districts own revenues. At R1, test date revised from end-June 2014 to end-September 2014.",6,2,"30-Jun-14",NA,NA,NA,NA,43.260980041775,0.4791,28.2738613218304,0.106275401403098,47.728426891862,47.8347022932651,1,0,1
"RWA",2013,706,"RWANDA",714,"PSI","2-Dec-13","1-Dec-16",2016,"31-Dec-17",NA,NA,"6-Jan-17","P1","R6","BLANK","SB",20.2,"1.2. Revenue administration, including customs","Review the block grant formula on the basis of the Local Government Revenue Potential Study.",2,"09/30/2014","M","At R1, new test date specified. At R2, met.",6,2,"30-Sep-14",NA,NA,NA,NA,43.260980041775,0.4791,28.2738613218304,0.106275401403098,47.728426891862,47.8347022932651,1,0,1
"RWA",2013,706,"RWANDA",714,"PSI","2-Dec-13","1-Dec-16",2016,"31-Dec-17",NA,NA,"6-Jan-17","P1","R6","BLANK","SB",20.2,"1.2. Revenue administration, including customs","Approve new risk management plan for FY17/18 to improve tax compliance.",3,"06/30/2017","SB","Introduced at R1 of SCF.",6,3,"30-Jun-17",NA,NA,NA,NA,43.260980041775,0.4791,28.2738613218304,0.106275401403098,47.728426891862,47.8347022932651,1,0,1
"RWA",2013,706,"RWANDA",714,"PSI","2-Dec-13","1-Dec-16",2016,"31-Dec-17",NA,NA,"6-Jan-17","P1","R6","BLANK","SB",20.2,"1.2. Revenue administration, including customs","Issue report on ""clean up"" of tax registry.",4,"09/30/2017","SB","Introduced at R1 of SCF.",6,4,"30-Sep-17",NA,NA,NA,NA,43.260980041775,0.4791,28.2738613218304,0.106275401403098,47.728426891862,47.8347022932651,1,0,1
"RWA",2013,706,"RWANDA",714,"PSI","2-Dec-13","1-Dec-16",2016,"31-Dec-17",NA,NA,"6-Jan-17","P1","R6","BLANK","SB",20.3,"1.3. Expenditure measures, including arrears clearance","Submit revised National Investment Policy to Cabinet.",1,"06/30/2016","MOD-DATE","Introduced at R5. Not met at R6, reset to March 2017.",6,1,"30-Jun-16",NA,NA,NA,NA,43.260980041775,0.4791,28.2738613218304,0.106275401403098,47.728426891862,47.8347022932651,1,0,1
"RWA",2013,706,"RWANDA",714,"PSI","2-Dec-13","1-Dec-16",2016,"31-Dec-17",NA,NA,"6-Jan-17","P1","R6","BLANK","SB",20.3,"1.3. Expenditure measures, including arrears clearance","Submit revised National Investment Policy to Cabinet.",1,"03/31/2017","SB","Reset test date.",6,1,"31-Mar-17",NA,NA,NA,NA,43.260980041775,0.4791,28.2738613218304,0.106275401403098,47.728426891862,47.8347022932651,1,0,1
"RWA",2013,706,"RWANDA",714,"PSI","2-Dec-13","1-Dec-16",2016,"31-Dec-17",NA,NA,"6-Jan-17","P1","R6","BLANK","SB",20.6,"1.6. Expenditure auditing, accounting, and financial controls","Pilot the extension of IFMIS to 20 development projects.",1,"06/30/2014","M","Introduced at R0. Macroeconomic rationale: to strengthen budget execution and controls.",6,1,"30-Jun-14",NA,NA,NA,NA,43.260980041775,0.4791,28.2738613218304,0.106275401403098,47.728426891862,47.8347022932651,1,0,1
"RWA",2013,706,"RWANDA",714,"PSI","2-Dec-13","1-Dec-16",2016,"31-Dec-17",NA,NA,"6-Jan-17","P1","R6","BLANK","SB",20.6,"1.6. Expenditure auditing, accounting, and financial controls","Share IPSAS roadmap which includes government accounting policy for fixed assets is developed and implemented.",2,"06/30/2016","MOD-SB","Introduced at R4. Macroeconomic rationale: To improve accountability and help Rwanda attain the EAMU fiscal reporting convergence. At R5, text of condition is revised to ""Develop and implement IPSAS roadmap...""",6,2,"30-Jun-16",NA,NA,NA,NA,43.260980041775,0.4791,28.2738613218304,0.106275401403098,47.728426891862,47.8347022932651,1,0,1
"RWA",2013,706,"RWANDA",714,"PSI","2-Dec-13","1-Dec-16",2016,"31-Dec-17",NA,NA,"6-Jan-17","P1","R6","BLANK","SB",20.6,"1.6. Expenditure auditing, accounting, and financial controls","Operationalize IFMIS and E-Procurement interface protocols.",3,"12/31/2016","SB","Introduced at R4. Macroeconomic rationale: To improve efficiency, transparency, and controls in public procurement. This SB also applies to SCF program.",6,3,"31-Dec-16",NA,NA,NA,NA,43.260980041775,0.4791,28.2738613218304,0.106275401403098,47.728426891862,47.8347022932651,1,0,1
"RWA",2013,706,"RWANDA",714,"PSI","2-Dec-13","1-Dec-16",2016,"31-Dec-17",NA,NA,"6-Jan-17","P1","R6","BLANK","SB",20.6,"1.6. Expenditure auditing, accounting, and financial controls","Develop and implement IPSAS roadmap which includes government accounting policy for fixed assets.",4,"06/30/2016","M","At R5, a revised text on the SB on ""Share the IPSAS roadmap.."" Met at R6 for PSI (R1 for SCF).",6,4,"30-Jun-16",NA,NA,NA,NA,43.260980041775,0.4791,28.2738613218304,0.106275401403098,47.728426891862,47.8347022932651,1,0,1
"RWA",2013,706,"RWANDA",714,"PSI","2-Dec-13","1-Dec-16",2016,"31-Dec-17",NA,NA,"6-Jan-17","P1","R6","BLANK","SB",20.6,"1.6. Expenditure auditing, accounting, and financial controls","Establish a timeline for the transition of fiscal reporting into the GFS14 framework.",5,"09/30/2016","M","Introduced at R5. Met at R6 for PSI (R1 for SCF).",6,5,"30-Sep-16",NA,NA,NA,NA,43.260980041775,0.4791,28.2738613218304,0.106275401403098,47.728426891862,47.8347022932651,1,0,1
"RWA",2013,706,"RWANDA",714,"PSI","2-Dec-13","1-Dec-16",2016,"31-Dec-17",NA,NA,"6-Jan-17","P1","R6","BLANK","SB",20.6,"1.6. Expenditure auditing, accounting, and financial controls","Design a strategy to incorporate fiscal risks and foreign exchange needs into project planning assessments, starting with PPPs.",6,"06/30/2017","SB","Introduced at R5.",6,6,"30-Jun-17",NA,NA,NA,NA,43.260980041775,0.4791,28.2738613218304,0.106275401403098,47.728426891862,47.8347022932651,1,0,1
"RWA",2013,706,"RWANDA",714,"PSI","2-Dec-13","1-Dec-16",2016,"31-Dec-17",NA,NA,"6-Jan-17","P1","R6","BLANK","SB",20.6,"1.6. Expenditure auditing, accounting, and financial controls","Set up framework for recording donor project support in one sector (e.g. health, education, infrastructure), as an initial step to establishing it more broadly.",7,"12/31/2016","MOD-DATE","Introduced at R5. At R6, new test date of end-March 2017.",6,7,"31-Dec-16",NA,NA,NA,NA,43.260980041775,0.4791,28.2738613218304,0.106275401403098,47.728426891862,47.8347022932651,1,0,1
"RWA",2013,706,"RWANDA",714,"PSI","2-Dec-13","1-Dec-16",2016,"31-Dec-17",NA,NA,"6-Jan-17","P1","R6","BLANK","SB",20.6,"1.6. Expenditure auditing, accounting, and financial controls","Set up framework for recording donor project support in one sector (e.g. health, education, infrastructure), as an initial step to establishing it more broadly.",7,"03/31/2017","SB","At R6, new test date.",6,7,"31-Mar-17",NA,NA,NA,NA,43.260980041775,0.4791,28.2738613218304,0.106275401403098,47.728426891862,47.8347022932651,1,0,1
"RWA",2013,706,"RWANDA",714,"PSI","2-Dec-13","1-Dec-16",2016,"31-Dec-17",NA,NA,"6-Jan-17","P1","R6","BLANK","SB",20.6,"1.6. Expenditure auditing, accounting, and financial controls","Produce detailed report on tax expenditures for FY15/16.",8,"12/31/2016","SB","Introduced at R5.",6,8,"31-Dec-16",NA,NA,NA,NA,43.260980041775,0.4791,28.2738613218304,0.106275401403098,47.728426891862,47.8347022932651,1,0,1
"RWA",2013,706,"RWANDA",714,"PSI","2-Dec-13","1-Dec-16",2016,"31-Dec-17",NA,NA,"6-Jan-17","P1","R6","BLANK","SB",20.6,"1.6. Expenditure auditing, accounting, and financial controls","Produce an inventory of project accounts at the central bank, for the purposes of improving accounting for inflows and outflows.",9,"03/31/2017","SB","Introduced at R1 of SCF.",6,9,"31-Mar-17",NA,NA,NA,NA,43.260980041775,0.4791,28.2738613218304,0.106275401403098,47.728426891862,47.8347022932651,1,0,1
"RWA",2013,706,"RWANDA",714,"PSI","2-Dec-13","1-Dec-16",2016,"31-Dec-17",NA,NA,"6-Jan-17","P1","R6","BLANK","SB",20.7,"1.7. Fiscal transparency (publication, parliamentary oversight)","Sub-national entities (416) to produce monthly, quarterly, and annual financial reports using a uniform template.",1,"12/31/2015","M","Introduced at R0. Macroeconomic rationale: to improve comprehensiveness and transparency of intergovernmental transfers. At R4, ongoing.",6,1,"31-Dec-15",NA,NA,NA,NA,43.260980041775,0.4791,28.2738613218304,0.106275401403098,47.728426891862,47.8347022932651,1,0,1
"RWA",2013,706,"RWANDA",714,"PSI","2-Dec-13","1-Dec-16",2016,"31-Dec-17",NA,NA,"6-Jan-17","P1","R6","BLANK","SB",20.7,"1.7. Fiscal transparency (publication, parliamentary oversight)","Sub-national entities (416) to produce monthly, quarterly, and annual financial reports using a uniform template.",1,"Continuous","SB","Continuous starting Q4 2015.",6,1,"27-Jun-26",NA,NA,NA,NA,43.260980041775,0.4791,28.2738613218304,0.106275401403098,47.728426891862,47.8347022932651,1,0,1
"RWA",2013,706,"RWANDA",714,"PSI","2-Dec-13","1-Dec-16",2016,"31-Dec-17",NA,NA,"6-Jan-17","P1","R6","BLANK","SB",20.7,"1.7. Fiscal transparency (publication, parliamentary oversight)","MINECOFIN to publish (and put on its website) quarterly reports of budget execution against annual fiscal policy objectives, within 45 days of end of each quarter.",2,"05/31/2014","NM","At R2, not met. Report published with delay.",6,2,"31-May-14",NA,NA,NA,NA,43.260980041775,0.4791,28.2738613218304,0.106275401403098,47.728426891862,47.8347022932651,1,0,1
"RWA",2013,706,"RWANDA",714,"PSI","2-Dec-13","1-Dec-16",2016,"31-Dec-17",NA,NA,"6-Jan-17","P1","R6","BLANK","SB",20.7,"1.7. Fiscal transparency (publication, parliamentary oversight)","MINECOFIN to publish (and put on its website) quarterly reports of budget execution against annual fiscal policy objectives, within 45 days of end of each quarter.",2,"12/31/2014","MD","At R3, report published with delay.",6,2,"31-Dec-14",NA,NA,NA,NA,43.260980041775,0.4791,28.2738613218304,0.106275401403098,47.728426891862,47.8347022932651,1,0,1
"RWA",2013,706,"RWANDA",714,"PSI","2-Dec-13","1-Dec-16",2016,"31-Dec-17",NA,NA,"6-Jan-17","P1","R6","BLANK","SB",20.7,"1.7. Fiscal transparency (publication, parliamentary oversight)","MINECOFIN to publish (and put on its website) quarterly reports of budget execution against annual fiscal policy objectives, within 45 days of end of each quarter.",2,"06/30/2015","NM","At R4, not met.",6,2,"30-Jun-15",NA,NA,NA,NA,43.260980041775,0.4791,28.2738613218304,0.106275401403098,47.728426891862,47.8347022932651,1,0,1
"RWA",2013,706,"RWANDA",714,"PSI","2-Dec-13","1-Dec-16",2016,"31-Dec-17",NA,NA,"6-Jan-17","P1","R6","BLANK","SB",20.7,"1.7. Fiscal transparency (publication, parliamentary oversight)","MINECOFIN to publish (and put on its website) quarterly reports of budget execution against annual fiscal policy objectives, within 45 days of end of each quarter.",2,"12/31/2015","MD",NA,6,2,"31-Dec-15",NA,NA,NA,NA,43.260980041775,0.4791,28.2738613218304,0.106275401403098,47.728426891862,47.8347022932651,1,0,1
"RWA",2013,706,"RWANDA",714,"PSI","2-Dec-13","1-Dec-16",2016,"31-Dec-17",NA,NA,"6-Jan-17","P1","R6","BLANK","SB",20.7,"1.7. Fiscal transparency (publication, parliamentary oversight)","MINECOFIN to publish (and put on its website) quarterly reports of budget execution against annual fiscal policy objectives, within 45 days of end of each quarter.",2,"03/31/2016","MD","At R4, new test date. At R5, implemented with delay.",6,2,"31-Mar-16",NA,NA,NA,NA,43.260980041775,0.4791,28.2738613218304,0.106275401403098,47.728426891862,47.8347022932651,1,0,1
"RWA",2013,706,"RWANDA",714,"PSI","2-Dec-13","1-Dec-16",2016,"31-Dec-17",NA,NA,"6-Jan-17","P1","R6","BLANK","SB",20.7,"1.7. Fiscal transparency (publication, parliamentary oversight)","MINECOFIN to publish (and put on its website) quarterly reports of budget execution against annual fiscal policy objectives, within 45 days of end of each quarter.",2,"Quarterly","SB","Introduced at R1. Continuous starting mid-May 2014. Macroeconomic rationale: To improve fiscal transparency",6,2,"27-Jun-26",NA,NA,NA,NA,43.260980041775,0.4791,28.2738613218304,0.106275401403098,47.728426891862,47.8347022932651,1,0,1
"RWA",2013,706,"RWANDA",714,"PSI","2-Dec-13","1-Dec-16",2016,"31-Dec-17",NA,NA,"6-Jan-17","P1","R6","BLANK","SB",20.7,"1.7. Fiscal transparency (publication, parliamentary oversight)","Publish quarterly reports of budget execution against annual fiscal policy objectives, within 60 days of end of each quarter, initially excluding foreign-financed projects.",3,"Continuous","SB","Introduced at R4. Continuous, starting Q4 2015. Macroeconomic rationale: To improve accounting, transparency and accountability.",6,3,"27-Jun-26",NA,NA,NA,NA,43.260980041775,0.4791,28.2738613218304,0.106275401403098,47.728426891862,47.8347022932651,1,0,1
"RWA",2013,706,"RWANDA",714,"PSI","2-Dec-13","1-Dec-16",2016,"31-Dec-17",NA,NA,"6-Jan-17","P1","R6","BLANK","SB",20.7,"1.7. Fiscal transparency (publication, parliamentary oversight)","Provide quarterly revenues, expenditures, and financing estimates for the budgetary central government levels within 60 days of the end of each quarter.",4,"09/30/2016","M","Met at R6 for PSI (R1 for SCF). Quarterly.",6,4,"30-Sep-16",NA,NA,NA,NA,43.260980041775,0.4791,28.2738613218304,0.106275401403098,47.728426891862,47.8347022932651,1,0,1
"RWA",2013,706,"RWANDA",714,"PSI","2-Dec-13","1-Dec-16",2016,"31-Dec-17",NA,NA,"6-Jan-17","P1","R6","BLANK","SB",20.7,"1.7. Fiscal transparency (publication, parliamentary oversight)","Provide quarterly revenues, expenditures, and financing estimates for the budgetary central government levels within 60 days of the end of each quarter.",4,"Quarterly","M","Met at R6 for PSI (R1 for SCF). Quarterly.",6,4,"27-Jun-26",NA,NA,NA,NA,43.260980041775,0.4791,28.2738613218304,0.106275401403098,47.728426891862,47.8347022932651,1,0,1
"RWA",2013,706,"RWANDA",714,"PSI","2-Dec-13","1-Dec-16",2016,"31-Dec-17",NA,NA,"6-Jan-17","P1","R6","BLANK","SB",20.8,"1.8. Budget preparation (e.g., submission or approval)","Prepare tax expenditure budget covering main tax expenditures.",1,"06/30/2014","M","Annually, starting end-June 2014. Met for R2.",6,1,"30-Jun-14",NA,NA,NA,NA,43.260980041775,0.4791,28.2738613218304,0.106275401403098,47.728426891862,47.8347022932651,1,0,1
"RWA",2013,706,"RWANDA",714,"PSI","2-Dec-13","1-Dec-16",2016,"31-Dec-17",NA,NA,"6-Jan-17","P1","R6","BLANK","SB",20.8,"1.8. Budget preparation (e.g., submission or approval)","Prepare tax expenditure budget covering main tax expenditures.",1,"06/30/2015","SB","Annually starting in June 2014.",6,1,"30-Jun-15",NA,NA,NA,NA,43.260980041775,0.4791,28.2738613218304,0.106275401403098,47.728426891862,47.8347022932651,1,0,1
"RWA",2013,706,"RWANDA",714,"PSI","2-Dec-13","1-Dec-16",2016,"31-Dec-17",NA,NA,"6-Jan-17","P1","R6","BLANK","SB",20.8,"1.8. Budget preparation (e.g., submission or approval)","Prepare tax expenditure budget covering main tax expenditures.",1,"Other","SB","Introduced at R0. Annually starting end-June 2014. Macroeconomic rationale: to enhance revenue mobilization.",6,1,"27-Jun-26",NA,NA,NA,NA,43.260980041775,0.4791,28.2738613218304,0.106275401403098,47.728426891862,47.8347022932651,1,0,1
"RWA",2013,706,"RWANDA",714,"PSI","2-Dec-13","1-Dec-16",2016,"31-Dec-17",NA,NA,"6-Jan-17","P1","R6","BLANK","SB",21.1,"2.1. Central bank operations and reforms","Prepare plan, based on MCM TA recommendations and NBR assessment, for strengthening monetary and exchange rate operations.",1,"03/31/2014","M","Introduced at R0. Macroeconomic rationale: to strengthen monetary and exchange rate operations and foster greater exchange rate (flexibility). At R1, met.",6,1,"31-Mar-14",NA,NA,NA,NA,43.260980041775,0.4791,28.2738613218304,0.106275401403098,47.728426891862,47.8347022932651,1,0,1
"RWA",2013,706,"RWANDA",714,"PSI","2-Dec-13","1-Dec-16",2016,"31-Dec-17",NA,NA,"6-Jan-17","P1","R6","BLANK","SB",21.1,"2.1. Central bank operations and reforms","Use Treasury bills (or other tradable securities) as the underlying collateral in liquidity absorbing repos.",2,"06/30/2014","M","Introduced at R0. Macroeconomic rationale: to develop money market instruments.",6,2,"30-Jun-14",NA,NA,NA,NA,43.260980041775,0.4791,28.2738613218304,0.106275401403098,47.728426891862,47.8347022932651,1,0,1
"RWA",2013,706,"RWANDA",714,"PSI","2-Dec-13","1-Dec-16",2016,"31-Dec-17",NA,NA,"6-Jan-17","P1","R6","BLANK","SB",21.1,"2.1. Central bank operations and reforms","Issue Treasury bills with maturities of six months and longer as a monetary policy instrument to absorb longer-term liquidity.",3,"12/31/2013","M","Introduced at R0. Macroeconomic rationale: to develop money market instruments. At R1, met.",6,3,"31-Dec-13",NA,NA,NA,NA,43.260980041775,0.4791,28.2738613218304,0.106275401403098,47.728426891862,47.8347022932651,1,0,1
"RWA",2013,706,"RWANDA",714,"PSI","2-Dec-13","1-Dec-16",2016,"31-Dec-17",NA,NA,"6-Jan-17","P1","R6","BLANK","SB",21.1,"2.1. Central bank operations and reforms","Start publishing money market rates (interbank, repo, and T-bill) for different maturities bi-weekly.",4,"12/31/2013","M","Introduced at R0. Macroeconomic rationale: to develop money market instruments. At R1, met.",6,4,"31-Dec-13",NA,NA,NA,NA,43.260980041775,0.4791,28.2738613218304,0.106275401403098,47.728426891862,47.8347022932651,1,0,1
"RWA",2013,706,"RWANDA",714,"PSI","2-Dec-13","1-Dec-16",2016,"31-Dec-17",NA,NA,"6-Jan-17","P1","R6","BLANK","SB",21.1,"2.1. Central bank operations and reforms","Start publishing quarterly inflation reports.",5,"03/31/2014","M","Introduced at R0. Macroeconomic rationale: to improve transparency of monetary policy. At R1, met.",6,5,"31-Mar-14",NA,NA,NA,NA,43.260980041775,0.4791,28.2738613218304,0.106275401403098,47.728426891862,47.8347022932651,1,0,1
"RWA",2013,706,"RWANDA",714,"PSI","2-Dec-13","1-Dec-16",2016,"31-Dec-17",NA,NA,"6-Jan-17","P1","R6","BLANK","SB",21.1,"2.1. Central bank operations and reforms","Start issuing government bonds with maturities of 7 and 10 years.",6,"06/30/2015","M","Introduced at R2. Macroeconomic rationale: To develop money market instruments.",6,6,"30-Jun-15",NA,NA,NA,NA,43.260980041775,0.4791,28.2738613218304,0.106275401403098,47.728426891862,47.8347022932651,1,0,1
"RWA",2013,706,"RWANDA",714,"PSI","2-Dec-13","1-Dec-16",2016,"31-Dec-17",NA,NA,"6-Jan-17","P1","R6","BLANK","SB",21.1,"2.1. Central bank operations and reforms","Develop a methodology to identify policy interest rate consistent with the identified range of excess reserves.",7,"06/30/2017","SB","Introduced at R5.",6,7,"30-Jun-17",NA,NA,NA,NA,43.260980041775,0.4791,28.2738613218304,0.106275401403098,47.728426891862,47.8347022932651,1,0,1
"RWA",2013,706,"RWANDA",714,"PSI","2-Dec-13","1-Dec-16",2016,"31-Dec-17",NA,NA,"6-Jan-17","P1","R6","BLANK","SB",25.1,"6.1. Financial sector legal reforms, regulation, and supervision","Design a deposit guarantee scheme.",1,"06/30/2014","M","Introduced at R0. Macroeconomic rationale: to increase confidence in banking system.",6,1,"30-Jun-14",NA,NA,NA,NA,43.260980041775,0.4791,28.2738613218304,0.106275401403098,47.728426891862,47.8347022932651,1,0,1
"RWA",2013,706,"RWANDA",714,"PSI","2-Dec-13","1-Dec-16",2016,"31-Dec-17",NA,NA,"6-Jan-17","P1","R6","BLANK","SB",25.1,"6.1. Financial sector legal reforms, regulation, and supervision","Issue a 15-year Government T-Bond",2,"05/31/2016","M","Introduced at R4. Macroeconomic rationale: To extend the yield curve.",6,2,"31-May-16",NA,NA,NA,NA,43.260980041775,0.4791,28.2738613218304,0.106275401403098,47.728426891862,47.8347022932651,1,0,1
"RWA",2013,706,"RWANDA",714,"PSI","2-Dec-13","1-Dec-16",2016,"31-Dec-17",NA,NA,"6-Jan-17","P1","R6","BLANK","SB",25.1,"6.1. Financial sector legal reforms, regulation, and supervision","Establish a framework of market intermediaries for government securities.",3,"09/30/2016","SB","Introduced at R4. Macroeconomic rationale: To deepen secondary market.",6,3,"30-Sep-16",NA,NA,NA,NA,43.260980041775,0.4791,28.2738613218304,0.106275401403098,47.728426891862,47.8347022932651,1,0,1
"RWA",2013,706,"RWANDA",714,"PSI","2-Dec-13","1-Dec-16",2016,"31-Dec-17",NA,NA,"6-Jan-17","P1","R6","BLANK","SB",25.1,"6.1. Financial sector legal reforms, regulation, and supervision","Establish the road map for secondary market development of Government debt securities. In addition, develop the capacity building plan for banks’ treasurers on domestic securities.",4,"09/30/2016","M","Introduced at R5. Met at R6 for PSI (R1 for SCF).",6,4,"30-Sep-16",NA,NA,NA,NA,43.260980041775,0.4791,28.2738613218304,0.106275401403098,47.728426891862,47.8347022932651,1,0,1
"RWA",2013,706,"RWANDA",714,"PSI","2-Dec-13","1-Dec-16",2016,"31-Dec-17",NA,NA,"6-Jan-17","P1","R6","BLANK","SB",25.1,"6.1. Financial sector legal reforms, regulation, and supervision","Define and target a range of excess reserves conducive to developing the interbank market.",5,"12/31/2016","SB","Introduced at R5.",6,5,"31-Dec-16",NA,NA,NA,NA,43.260980041775,0.4791,28.2738613218304,0.106275401403098,47.728426891862,47.8347022932651,1,0,1
"RWA",2013,706,"RWANDA",714,"PSI","2-Dec-13","1-Dec-16",2016,"31-Dec-17",NA,NA,"6-Jan-17","P1","R6","BLANK","SB",25.1,"6.1. Financial sector legal reforms, regulation, and supervision","Introduce the real horizontal REPOs including transfer of collateral across banks in order to facilitate transactions between banks and boost the trading of debt securities.",6,"03/31/2017","SB","Introduced at R5.",6,6,"31-Mar-17",NA,NA,NA,NA,43.260980041775,0.4791,28.2738613218304,0.106275401403098,47.728426891862,47.8347022932651,1,0,1
"RWA",2013,706,"RWANDA",714,"PSI","2-Dec-13","1-Dec-16",2016,"31-Dec-17",NA,NA,"6-Jan-17","P1","R6","BLANK","SB",29,"10. Economic statistics (excluding fiscal and central bank transparency and similar measures)","NBR to gather high frequency data and undertake economic sentiment surveys.",1,"12/31/2013","M","Introduced at R0. Macroeconomic rationale: to improve quality and timeliness of economic data. At R1, met.",6,1,"31-Dec-13",NA,NA,NA,NA,43.260980041775,0.4791,28.2738613218304,0.106275401403098,47.728426891862,47.8347022932651,1,0,1
"RWA",2013,706,"RWANDA",714,"PSI","2-Dec-13","1-Dec-16",2016,"31-Jan-18",NA,NA,"12-Jul-17","P1","R7","BLANK","SB",20,"1. General government","Submit revised National Investment Policy (NIP) to Cabinet.",1,"6/30/2016","NM","Introduced at R4. Macroeconomic rationale: To enable private sector involvement in PPPs. Not met at R6 for PSI (R1 for SCF).",7,1,"30-Jun-16",NA,NA,NA,NA,43.260980041775,0.4791,28.2738613218304,0.106275401403098,47.728426891862,47.8347022932651,1,0,1
"RWA",2013,706,"RWANDA",714,"PSI","2-Dec-13","1-Dec-16",2016,"31-Jan-18",NA,NA,"12-Jul-17","P1","R7","BLANK","SB",20.1,"1.1. Revenue measures, excluding trade policy","Revise exemption and zero-rating schedules under the VAT-code.",1,"6/30/2014","M","Introduced at R0. Macroeconomic rationale: to enhance revenue mobilization.",7,1,"30-Jun-14",NA,NA,NA,NA,43.260980041775,0.4791,28.2738613218304,0.106275401403098,47.728426891862,47.8347022932651,1,0,1
"RWA",2013,706,"RWANDA",714,"PSI","2-Dec-13","1-Dec-16",2016,"31-Jan-18",NA,NA,"12-Jul-17","P1","R7","BLANK","SB",20.1,"1.1. Revenue measures, excluding trade policy","Revise legislation on the taxation of property.",2,"12/31/2014","MOD-SB","Introduced at R0. Macroeconomic rationale: to enhance revenue mobilization. At R2, replaced with 2 measures (""revise law on Dencentralized Local Government.."" and ""Fully migrate one district in Kigali..."")",7,2,"31-Dec-14",NA,NA,NA,NA,43.260980041775,0.4791,28.2738613218304,0.106275401403098,47.728426891862,47.8347022932651,1,0,1
"RWA",2013,706,"RWANDA",714,"PSI","2-Dec-13","1-Dec-16",2016,"31-Jan-18",NA,NA,"12-Jul-17","P1","R7","BLANK","SB",20.1,"1.1. Revenue measures, excluding trade policy","Produce a tax expenditure report on measures associated with the Investment Tax Policy and Made In Rwanda campaign with the objective of designing a cost/benefits framework to monitor the impact of these incentives.",3,"9/30/2017","SB","At R7, the new content is replaced of ""Share draft study on new tax regime for agriculture"".",7,3,"30-Sep-17",NA,NA,NA,NA,43.260980041775,0.4791,28.2738613218304,0.106275401403098,47.728426891862,47.8347022932651,1,0,1
"RWA",2013,706,"RWANDA",714,"PSI","2-Dec-13","1-Dec-16",2016,"31-Jan-18",NA,NA,"12-Jul-17","P1","R7","BLANK","SB",20.1,"1.1. Revenue measures, excluding trade policy","Prepare legislative proposal for new tax regime for mining.",4,"12/31/2014","MOD-DATE","Introduced at R0. Macroeconomic rationale: to enhance revenue mobilization. At R2, new test date of end-January 2015 specified.",7,4,"31-Dec-14",NA,NA,NA,NA,43.260980041775,0.4791,28.2738613218304,0.106275401403098,47.728426891862,47.8347022932651,1,0,1
"RWA",2013,706,"RWANDA",714,"PSI","2-Dec-13","1-Dec-16",2016,"31-Jan-18",NA,NA,"12-Jul-17","P1","R7","BLANK","SB",20.1,"1.1. Revenue measures, excluding trade policy","Prepare legislative proposal for new tax regime for mining.",4,"01/31/2015","MOD-DATE","At R2, new test date. At R3, not met. Date changed to end September 2015 as  part of the proposed Income Tax Law.",7,4,"31-Jan-15",NA,NA,NA,NA,43.260980041775,0.4791,28.2738613218304,0.106275401403098,47.728426891862,47.8347022932651,1,0,1
"RWA",2013,706,"RWANDA",714,"PSI","2-Dec-13","1-Dec-16",2016,"31-Jan-18",NA,NA,"12-Jul-17","P1","R7","BLANK","SB",20.1,"1.1. Revenue measures, excluding trade policy","Prepare legislative proposal for new tax regime for mining.",4,"09/30/2015","M","At R4, met.",7,4,"30-Sep-15",NA,NA,NA,NA,43.260980041775,0.4791,28.2738613218304,0.106275401403098,47.728426891862,47.8347022932651,1,0,1
"RWA",2013,706,"RWANDA",714,"PSI","2-Dec-13","1-Dec-16",2016,"31-Jan-18",NA,NA,"12-Jul-17","P1","R7","BLANK","SB",20.1,"1.1. Revenue measures, excluding trade policy","Revise law on Decentralized Local government taxes to enable the migration from Land Lease Fees to Fixed Asset Tax.",5,"6/30/2015","M","Macreconomic rationale: To enhance revenue mobilization. At R3, the rationale is now to raise the property tax rate to 0.2 percent.",7,5,"30-Jun-15",NA,NA,NA,NA,43.260980041775,0.4791,28.2738613218304,0.106275401403098,47.728426891862,47.8347022932651,1,0,1
"RWA",2013,706,"RWANDA",714,"PSI","2-Dec-13","1-Dec-16",2016,"31-Jan-18",NA,NA,"12-Jul-17","P1","R7","BLANK","SB",20.1,"1.1. Revenue measures, excluding trade policy","Fully migrate one district in Kigali from Land Lease Fee to Fixed Asset Tax.",6,"12/31/2015","SB","Macroeconomic rationale: To enhance revenue mobilization. At R3, Property tax legislation will apply countrywide immediately.",7,6,"31-Dec-15",NA,NA,NA,NA,43.260980041775,0.4791,28.2738613218304,0.106275401403098,47.728426891862,47.8347022932651,1,0,1
"RWA",2013,706,"RWANDA",714,"PSI","2-Dec-13","1-Dec-16",2016,"31-Jan-18",NA,NA,"12-Jul-17","P1","R7","BLANK","SB",20.1,"1.1. Revenue measures, excluding trade policy","Prepare study on new tax regime for agriculture.",7,"12/31/2015","MOD-DATE","Introduced at R3. At R4, new test date specified.",7,7,"31-Dec-15",NA,NA,NA,NA,43.260980041775,0.4791,28.2738613218304,0.106275401403098,47.728426891862,47.8347022932651,1,0,1
"RWA",2013,706,"RWANDA",714,"PSI","2-Dec-13","1-Dec-16",2016,"31-Jan-18",NA,NA,"12-Jul-17","P1","R7","BLANK","SB",20.1,"1.1. Revenue measures, excluding trade policy","Prepare study on new tax regime for agriculture.",7,"03/31/2016","SB","At R4, new test date.",7,7,"31-Mar-16",NA,NA,NA,NA,43.260980041775,0.4791,28.2738613218304,0.106275401403098,47.728426891862,47.8347022932651,1,0,1
"RWA",2013,706,"RWANDA",714,"PSI","2-Dec-13","1-Dec-16",2016,"31-Jan-18",NA,NA,"12-Jul-17","P1","R7","BLANK","SB",20.1,"1.1. Revenue measures, excluding trade policy","Prepare legislative proposal for new tax regime for agriculture.",8,"12/31/2014","MOD-DATE","Introduced at R0. Macroeconomic rationale: to enhance revenue mobilization. At R2, new test date of end-December 2015.",7,8,"31-Dec-14",NA,NA,NA,NA,43.260980041775,0.4791,28.2738613218304,0.106275401403098,47.728426891862,47.8347022932651,1,0,1
"RWA",2013,706,"RWANDA",714,"PSI","2-Dec-13","1-Dec-16",2016,"31-Jan-18",NA,NA,"12-Jul-17","P1","R7","BLANK","SB",20.1,"1.1. Revenue measures, excluding trade policy","Prepare legislative proposal for new tax regime for agriculture.",8,"12/31/2015","MOD-SB","At R2, new test date. At R3, split into 2 benchmarks -- 1. ""Prepare study on new tax regime for agriculture."" with test date of end-Dec. 2015; and 2. same text as original benchmark but with end-June 2016 test date.",7,8,"31-Dec-15",NA,NA,NA,NA,43.260980041775,0.4791,28.2738613218304,0.106275401403098,47.728426891862,47.8347022932651,1,0,1
"RWA",2013,706,"RWANDA",714,"PSI","2-Dec-13","1-Dec-16",2016,"31-Jan-18",NA,NA,"12-Jul-17","P1","R7","BLANK","SB",20.1,"1.1. Revenue measures, excluding trade policy","Prepare legislative proposal for new tax regime for agriculture.",8,"6/30/2016","SB","This replaces original benchmark of end-December 2015 test date.",7,8,"30-Jun-16",NA,NA,NA,NA,43.260980041775,0.4791,28.2738613218304,0.106275401403098,47.728426891862,47.8347022932651,1,0,1
"RWA",2013,706,"RWANDA",714,"PSI","2-Dec-13","1-Dec-16",2016,"31-Jan-18",NA,NA,"12-Jul-17","P1","R7","BLANK","SB",20.1,"1.1. Revenue measures, excluding trade policy","Submit revised Law on Tax Procedures to Cabinet.",9,"6/30/2016","M","Introduced at R4. Macroeconomic rationale: To enhance revenue mobilization. This SB also applies to SCF program.  Met at R6 for PSI (R1 for SCF).",7,9,"30-Jun-16",NA,NA,NA,NA,43.260980041775,0.4791,28.2738613218304,0.106275401403098,47.728426891862,47.8347022932651,1,0,1
"RWA",2013,706,"RWANDA",714,"PSI","2-Dec-13","1-Dec-16",2016,"31-Jan-18",NA,NA,"12-Jul-17","P1","R7","BLANK","SB",20.1,"1.1. Revenue measures, excluding trade policy","Share draft study on new tax regime for agriculture.",10,"11/30/2016","MOD-DATE","Introduced at R4. At R5, new test date of end-Sept 2017. Macroeconomic rationale: To enhance revenue mobilization.",7,10,"30-Nov-16",NA,NA,NA,NA,43.260980041775,0.4791,28.2738613218304,0.106275401403098,47.728426891862,47.8347022932651,1,0,1
"RWA",2013,706,"RWANDA",714,"PSI","2-Dec-13","1-Dec-16",2016,"31-Jan-18",NA,NA,"12-Jul-17","P1","R7","BLANK","SB",20.1,"1.1. Revenue measures, excluding trade policy","Share draft study on new tax regime for agriculture.",10,"09/30/2017","MOD-SB","New test date at R5. At R7, the content is modified as a new SB.",7,10,"30-Sep-17",NA,NA,NA,NA,43.260980041775,0.4791,28.2738613218304,0.106275401403098,47.728426891862,47.8347022932651,1,0,1
"RWA",2013,706,"RWANDA",714,"PSI","2-Dec-13","1-Dec-16",2016,"31-Jan-18",NA,NA,"12-Jul-17","P1","R7","BLANK","SB",20.1,"1.1. Revenue measures, excluding trade policy","Submit to Parliament revised legislation on fixed asset tax.",12,"03/31/2017","MOD-DATE","Introduced at R5. At R7, not met, reset test date to 8th PSI review.",7,12,"31-Mar-17",NA,NA,NA,NA,43.260980041775,0.4791,28.2738613218304,0.106275401403098,47.728426891862,47.8347022932651,1,0,1
"RWA",2013,706,"RWANDA",714,"PSI","2-Dec-13","1-Dec-16",2016,"31-Jan-18",NA,NA,"12-Jul-17","P1","R7","BLANK","SB",20.1,"1.1. Revenue measures, excluding trade policy","Submit to Parliament revised legislation on fixed asset tax.",12,"11/30/2017","SB","Reset test date at R7.",7,12,"30-Nov-17",NA,NA,NA,NA,43.260980041775,0.4791,28.2738613218304,0.106275401403098,47.728426891862,47.8347022932651,1,0,1
"RWA",2013,706,"RWANDA",714,"PSI","2-Dec-13","1-Dec-16",2016,"31-Jan-18",NA,NA,"12-Jul-17","P1","R7","BLANK","SB",20.1,"1.1. Revenue measures, excluding trade policy","Initiate the rollout of ""EBM for all"" pilot, with the intent of reaching 10,000 taxpayers within one year.",13,"10/31/2017","SB","Introduced at R1 of SCF.",7,13,"31-Oct-17",NA,NA,NA,NA,43.260980041775,0.4791,28.2738613218304,0.106275401403098,47.728426891862,47.8347022932651,1,0,1
"RWA",2013,706,"RWANDA",714,"PSI","2-Dec-13","1-Dec-16",2016,"31-Jan-18",NA,NA,"12-Jul-17","P1","R7","BLANK","SB",20.2,"1.2. Revenue administration, including customs","Implement plan for better enforcement of tax payer compliance.",1,"6/30/2014","M","Introduced at R0. Macroeconomic rationale: to enhance revenue mobilization.",7,1,"30-Jun-14",NA,NA,NA,NA,43.260980041775,0.4791,28.2738613218304,0.106275401403098,47.728426891862,47.8347022932651,1,0,1
"RWA",2013,706,"RWANDA",714,"PSI","2-Dec-13","1-Dec-16",2016,"31-Jan-18",NA,NA,"12-Jul-17","P1","R7","BLANK","SB",20.2,"1.2. Revenue administration, including customs","Review the block grant formula on the basis of the Local Government Revenue Potential Study.",2,"06/30/2014","MOD-DATE","Introduced at R0. Macroeconomic rationale: to enhance collection of districts own revenues. At R1, test date revised from end-June 2014 to end-September 2014.",7,2,"30-Jun-14",NA,NA,NA,NA,43.260980041775,0.4791,28.2738613218304,0.106275401403098,47.728426891862,47.8347022932651,1,0,1
"RWA",2013,706,"RWANDA",714,"PSI","2-Dec-13","1-Dec-16",2016,"1-Dec-18",NA,NA,"11-Jun-18","P1","R9","BLANK","SB",20.1,"1.1. Revenue measures, excluding trade policy","Revise law on Decentralized Local government taxes to enable the migration from Land Lease Fees to Fixed Asset Tax.",5,"06/30/2015","M","Macreconomic rationale: To enhance revenue mobilization. At R3, the rationale is now to raise the property tax rate to 0.2 percent.",9,5,"30-Jun-15",NA,NA,NA,NA,43.260980041775,0.4791,28.2738613218304,0.106275401403098,47.728426891862,47.8347022932651,1,0,1
"RWA",2013,706,"RWANDA",714,"PSI","2-Dec-13","1-Dec-16",2016,"1-Dec-18",NA,NA,"11-Jun-18","P1","R9","BLANK","SB",20.1,"1.1. Revenue measures, excluding trade policy","Fully migrate one district in Kigali from Land Lease Fee to Fixed Asset Tax.",6,"12/31/2015","SB","Macroeconomic rationale: To enhance revenue mobilization. At R3, Property tax legislation will apply countrywide immediately.",9,6,"31-Dec-15",NA,NA,NA,NA,43.260980041775,0.4791,28.2738613218304,0.106275401403098,47.728426891862,47.8347022932651,1,0,1
"RWA",2013,706,"RWANDA",714,"PSI","2-Dec-13","1-Dec-16",2016,"1-Dec-18",NA,NA,"11-Jun-18","P1","R9","BLANK","SB",20.1,"1.1. Revenue measures, excluding trade policy","Prepare study on new tax regime for agriculture.",7,"12/31/2015","MOD-DATE","Introduced at R3. At R4, new test date specified.",9,7,"31-Dec-15",NA,NA,NA,NA,43.260980041775,0.4791,28.2738613218304,0.106275401403098,47.728426891862,47.8347022932651,1,0,1
"RWA",2013,706,"RWANDA",714,"PSI","2-Dec-13","1-Dec-16",2016,"1-Dec-18",NA,NA,"11-Jun-18","P1","R9","BLANK","SB",20.1,"1.1. Revenue measures, excluding trade policy","Prepare study on new tax regime for agriculture.",7,"03/31/2016","SB","At R4, new test date.",9,7,"31-Mar-16",NA,NA,NA,NA,43.260980041775,0.4791,28.2738613218304,0.106275401403098,47.728426891862,47.8347022932651,1,0,1
"RWA",2013,706,"RWANDA",714,"PSI","2-Dec-13","1-Dec-16",2016,"1-Dec-18",NA,NA,"11-Jun-18","P1","R9","BLANK","SB",20.1,"1.1. Revenue measures, excluding trade policy","Prepare legislative proposal for new tax regime for agriculture.",8,"12/31/2014","MOD-DATE","Introduced at R0. Macroeconomic rationale: to enhance revenue mobilization. At R2, new test date of end-December 2015.",9,8,"31-Dec-14",NA,NA,NA,NA,43.260980041775,0.4791,28.2738613218304,0.106275401403098,47.728426891862,47.8347022932651,1,0,1
"RWA",2013,706,"RWANDA",714,"PSI","2-Dec-13","1-Dec-16",2016,"1-Dec-18",NA,NA,"11-Jun-18","P1","R9","BLANK","SB",20.1,"1.1. Revenue measures, excluding trade policy","Prepare legislative proposal for new tax regime for agriculture.",8,"12/31/2015","MOD-SB","At R2, new test date. At R3, split into 2 benchmarks -- 1. ""Prepare study on new tax regime for agriculture."" with test date of end-Dec. 2015; and 2. same text as original benchmark but with end-June 2016 test date.",9,8,"31-Dec-15",NA,NA,NA,NA,43.260980041775,0.4791,28.2738613218304,0.106275401403098,47.728426891862,47.8347022932651,1,0,1
"RWA",2013,706,"RWANDA",714,"PSI","2-Dec-13","1-Dec-16",2016,"1-Dec-18",NA,NA,"11-Jun-18","P1","R9","BLANK","SB",20.1,"1.1. Revenue measures, excluding trade policy","Prepare legislative proposal for new tax regime for agriculture.",8,"06/30/2016","SB","This replaces original benchmark of end-December 2015 test date.",9,8,"30-Jun-16",NA,NA,NA,NA,43.260980041775,0.4791,28.2738613218304,0.106275401403098,47.728426891862,47.8347022932651,1,0,1
"RWA",2013,706,"RWANDA",714,"PSI","2-Dec-13","1-Dec-16",2016,"1-Dec-18",NA,NA,"11-Jun-18","P1","R9","BLANK","SB",20.1,"1.1. Revenue measures, excluding trade policy","Submit revised Law on Tax Procedures to Cabinet.",9,"06/30/2016","M","Introduced at R4. Macroeconomic rationale: To enhance revenue mobilization. This SB also applies to SCF program.  Met at R6 for PSI (R1 for SCF).",9,9,"30-Jun-16",NA,NA,NA,NA,43.260980041775,0.4791,28.2738613218304,0.106275401403098,47.728426891862,47.8347022932651,1,0,1
"RWA",2013,706,"RWANDA",714,"PSI","2-Dec-13","1-Dec-16",2016,"1-Dec-18",NA,NA,"11-Jun-18","P1","R9","BLANK","SB",20.1,"1.1. Revenue measures, excluding trade policy","Share draft study on new tax regime for agriculture.",10,"11/30/2016","MOD-DATE","Introduced at R4. Macroeconomic rationale: To enhance revenue mobilization.",9,10,"30-Nov-16",NA,NA,NA,NA,43.260980041775,0.4791,28.2738613218304,0.106275401403098,47.728426891862,47.8347022932651,1,0,1
"RWA",2013,706,"RWANDA",714,"PSI","2-Dec-13","1-Dec-16",2016,"1-Dec-18",NA,NA,"11-Jun-18","P1","R9","BLANK","SB",20.1,"1.1. Revenue measures, excluding trade policy","Share draft study on new tax regime for agriculture.",10,"09/30/2017","MOD-SB","Introduced at R5. At R7, the content is modified as a new SB.",9,10,"30-Sep-17",NA,NA,NA,NA,43.260980041775,0.4791,28.2738613218304,0.106275401403098,47.728426891862,47.8347022932651,1,0,1
"RWA",2013,706,"RWANDA",714,"PSI","2-Dec-13","1-Dec-16",2016,"1-Dec-18",NA,NA,"11-Jun-18","P1","R9","BLANK","SB",20.1,"1.1. Revenue measures, excluding trade policy","Submit to Parliament revised legislation on fixed asset tax.",12,"03/31/2017","MOD-DATE","Introduced at R5. At R7, not met, reset test date to 8th PSI review.",9,12,"31-Mar-17",NA,NA,NA,NA,43.260980041775,0.4791,28.2738613218304,0.106275401403098,47.728426891862,47.8347022932651,1,0,1
"RWA",2013,706,"RWANDA",714,"PSI","2-Dec-13","1-Dec-16",2016,"1-Dec-18",NA,NA,"11-Jun-18","P1","R9","BLANK","SB",20.1,"1.1. Revenue measures, excluding trade policy","Submit to Parliament revised legislation on fixed asset tax.",12,"11/30/2017","M","Reset test date at R7.",9,12,"30-Nov-17",NA,NA,NA,NA,43.260980041775,0.4791,28.2738613218304,0.106275401403098,47.728426891862,47.8347022932651,1,0,1
"RWA",2013,706,"RWANDA",714,"PSI","2-Dec-13","1-Dec-16",2016,"1-Dec-18",NA,NA,"11-Jun-18","P1","R9","BLANK","SB",20.1,"1.1. Revenue measures, excluding trade policy","Initiate the rollout of ""EBM for all"" pilot, with the intent of reaching 10,000 taxpayers within one year.",13,"10/31/2017","M","Introduced at R1 of SCF.",9,13,"31-Oct-17",NA,NA,NA,NA,43.260980041775,0.4791,28.2738613218304,0.106275401403098,47.728426891862,47.8347022932651,1,0,1
"RWA",2013,706,"RWANDA",714,"PSI","2-Dec-13","1-Dec-16",2016,"1-Dec-18",NA,NA,"11-Jun-18","P1","R9","BLANK","SB",20.1,"1.1. Revenue measures, excluding trade policy","Initiate the rollout of “EBM version 2” pilot, with the intent of reaching 1,000 new EBM users",14,"12/01/2018","SB","Introduced at R8 for R10.",9,14,"1-Dec-18",NA,NA,NA,NA,43.260980041775,0.4791,28.2738613218304,0.106275401403098,47.728426891862,47.8347022932651,1,0,1
"RWA",2013,706,"RWANDA",714,"PSI","2-Dec-13","1-Dec-16",2016,"1-Dec-18",NA,NA,"11-Jun-18","P1","R9","BLANK","SB",20.2,"1.2. Revenue administration, including customs","Implement plan for better enforcement of tax payer compliance.",1,"06/30/2014","M","Introduced at R0. Macroeconomic rationale: to enhance revenue mobilization.",9,1,"30-Jun-14",NA,NA,NA,NA,43.260980041775,0.4791,28.2738613218304,0.106275401403098,47.728426891862,47.8347022932651,1,0,1
"RWA",2013,706,"RWANDA",714,"PSI","2-Dec-13","1-Dec-16",2016,"1-Dec-18",NA,NA,"11-Jun-18","P1","R9","BLANK","SB",20.2,"1.2. Revenue administration, including customs","Review the block grant formula on the basis of the Local Government Revenue Potential Study.",2,"06/30/2014","MOD-DATE","Introduced at R0. Macroeconomic rationale: to enhance collection of districts own revenues. At R1, test date revised from end-June 2014 to end-September 2014.",9,2,"30-Jun-14",NA,NA,NA,NA,43.260980041775,0.4791,28.2738613218304,0.106275401403098,47.728426891862,47.8347022932651,1,0,1
"RWA",2013,706,"RWANDA",714,"PSI","2-Dec-13","1-Dec-16",2016,"1-Dec-18",NA,NA,"11-Jun-18","P1","R9","BLANK","SB",20.2,"1.2. Revenue administration, including customs","Review the block grant formula on the basis of the Local Government Revenue Potential Study.",2,"09/30/2014","M","At R1, new test date specified. At R2, met.",9,2,"30-Sep-14",NA,NA,NA,NA,43.260980041775,0.4791,28.2738613218304,0.106275401403098,47.728426891862,47.8347022932651,1,0,1
"RWA",2013,706,"RWANDA",714,"PSI","2-Dec-13","1-Dec-16",2016,"1-Dec-18",NA,NA,"11-Jun-18","P1","R9","BLANK","SB",20.2,"1.2. Revenue administration, including customs","Approve new risk management plan for FY17/18 to improve tax compliance.",3,"06/30/2017","M","Introduced at R1 of SCF.",9,3,"30-Jun-17",NA,NA,NA,NA,43.260980041775,0.4791,28.2738613218304,0.106275401403098,47.728426891862,47.8347022932651,1,0,1
"RWA",2013,706,"RWANDA",714,"PSI","2-Dec-13","1-Dec-16",2016,"1-Dec-18",NA,NA,"11-Jun-18","P1","R9","BLANK","SB",20.2,"1.2. Revenue administration, including customs","Issue report on ""clean up"" of tax registry.",4,"09/30/2017","M","Introduced at R1 of SCF.",9,4,"30-Sep-17",NA,NA,NA,NA,43.260980041775,0.4791,28.2738613218304,0.106275401403098,47.728426891862,47.8347022932651,1,0,1
"RWA",2013,706,"RWANDA",714,"PSI","2-Dec-13","1-Dec-16",2016,"1-Dec-18",NA,NA,"11-Jun-18","P1","R9","BLANK","SB",20.3,"1.3. Expenditure measures, including arrears clearance","Submit revised National Investment Policy to Cabinet.",1,"06/30/2016","MOD-DATE","Introduced at R5. At R6, not met, reset test date to March 2017.",9,1,"30-Jun-16",NA,NA,NA,NA,43.260980041775,0.4791,28.2738613218304,0.106275401403098,47.728426891862,47.8347022932651,1,0,1
"RWA",2013,706,"RWANDA",714,"PSI","2-Dec-13","1-Dec-16",2016,"1-Dec-18",NA,NA,"11-Jun-18","P1","R9","BLANK","SB",20.3,"1.3. Expenditure measures, including arrears clearance","Submit revised National Investment Policy to Cabinet.",1,"03/31/2017","MD","Reset test date at R6. At R7, not met, completed in April 2017.",9,1,"31-Mar-17",NA,NA,NA,NA,43.260980041775,0.4791,28.2738613218304,0.106275401403098,47.728426891862,47.8347022932651,1,0,1
"RWA",2013,706,"RWANDA",714,"PSI","2-Dec-13","1-Dec-16",2016,"1-Dec-18",NA,NA,"11-Jun-18","P1","R9","BLANK","SB",20.6,"1.6. Expenditure auditing, accounting, and financial controls","Pilot the extension of IFMIS to 20 development projects.",1,"06/30/2014","M","Introduced at R0. Macroeconomic rationale: to strengthen budget execution and controls.",9,1,"30-Jun-14",NA,NA,NA,NA,43.260980041775,0.4791,28.2738613218304,0.106275401403098,47.728426891862,47.8347022932651,1,0,1
"RWA",2013,706,"RWANDA",714,"PSI","2-Dec-13","1-Dec-16",2016,"1-Dec-18",NA,NA,"11-Jun-18","P1","R9","BLANK","SB",20.6,"1.6. Expenditure auditing, accounting, and financial controls","Share IPSAS roadmap which includes government accounting policy for fixed assets is developed and implemented.",2,"06/30/2016","MOD-SB","Introduced at R4. Macroeconomic rationale: To improve accountability and help Rwanda attain the EAMU fiscal reporting convergence. At R5, text of condition is revised to ""Develop and implement IPSAS roadmap...""",9,2,"30-Jun-16",NA,NA,NA,NA,43.260980041775,0.4791,28.2738613218304,0.106275401403098,47.728426891862,47.8347022932651,1,0,1
"RWA",2013,706,"RWANDA",714,"PSI","2-Dec-13","1-Dec-16",2016,"1-Dec-18",NA,NA,"11-Jun-18","P1","R9","BLANK","SB",20.6,"1.6. Expenditure auditing, accounting, and financial controls","Operationalize IFMIS and E-Procurement interface protocols.",3,"12/31/2016","M","Introduced at R4. Macroeconomic rationale: To improve efficiency, transparency, and controls in public procurement. This SB also applies to SCF program.",9,3,"31-Dec-16",NA,NA,NA,NA,43.260980041775,0.4791,28.2738613218304,0.106275401403098,47.728426891862,47.8347022932651,1,0,1
"RWA",2013,706,"RWANDA",714,"PSI","2-Dec-13","1-Dec-16",2016,"1-Dec-18",NA,NA,"11-Jun-18","P1","R9","BLANK","SB",20.6,"1.6. Expenditure auditing, accounting, and financial controls","Develop and implement IPSAS roadmap which includes government accounting policy for fixed assets.",4,"06/30/2016","M","At R5, a revised text on the SB on ""Share the IPSAS roadmap.."" Met at R6 for PSI (R1 for SCF).",9,4,"30-Jun-16",NA,NA,NA,NA,43.260980041775,0.4791,28.2738613218304,0.106275401403098,47.728426891862,47.8347022932651,1,0,1
"RWA",2013,706,"RWANDA",714,"PSI","2-Dec-13","1-Dec-16",2016,"1-Dec-18",NA,NA,"11-Jun-18","P1","R9","BLANK","SB",20.6,"1.6. Expenditure auditing, accounting, and financial controls","Establish a timeline for the transition of fiscal reporting into the GFS14 framework.",5,"09/30/2016","M","Introduced at R5. Met at R6 for PSI (R1 for SCF).",9,5,"30-Sep-16",NA,NA,NA,NA,43.260980041775,0.4791,28.2738613218304,0.106275401403098,47.728426891862,47.8347022932651,1,0,1
"RWA",2013,706,"RWANDA",714,"PSI","2-Dec-13","1-Dec-16",2016,"1-Dec-18",NA,NA,"11-Jun-18","P1","R9","BLANK","SB",20.6,"1.6. Expenditure auditing, accounting, and financial controls","Design a strategy to incorporate fiscal risks and foreign exchange needs into project planning assessments, starting with PPPs.",6,"06/30/2017","M","Introduced at R5.",9,6,"30-Jun-17",NA,NA,NA,NA,43.260980041775,0.4791,28.2738613218304,0.106275401403098,47.728426891862,47.8347022932651,1,0,1
"RWA",2013,706,"RWANDA",714,"PSI","2-Dec-13","1-Dec-16",2016,"1-Dec-18",NA,NA,"11-Jun-18","P1","R9","BLANK","SB",20.6,"1.6. Expenditure auditing, accounting, and financial controls","Set up framework for recording donor project support in one sector (e.g. health, education, infrastructure), as an initial step to establishing it more broadly.",7,"12/31/2016","MOD-DATE","Introduced at R5. At R6, new test date of end-March 2017.",9,7,"31-Dec-16",NA,NA,NA,NA,43.260980041775,0.4791,28.2738613218304,0.106275401403098,47.728426891862,47.8347022932651,1,0,1
"RWA",2013,706,"RWANDA",714,"PSI","2-Dec-13","1-Dec-16",2016,"1-Dec-18",NA,NA,"11-Jun-18","P1","R9","BLANK","SB",20.6,"1.6. Expenditure auditing, accounting, and financial controls","Set up framework for recording donor project support in one sector (e.g. health, education, infrastructure), as an initial step to establishing it more broadly.",7,"03/31/2017","NM","At R6, new test date.",9,7,"31-Mar-17",NA,NA,NA,NA,43.260980041775,0.4791,28.2738613218304,0.106275401403098,47.728426891862,47.8347022932651,1,0,1
"RWA",2013,706,"RWANDA",714,"PSI","2-Dec-13","1-Dec-16",2016,"1-Dec-18",NA,NA,"11-Jun-18","P1","R9","BLANK","SB",20.6,"1.6. Expenditure auditing, accounting, and financial controls","Produce detailed report on tax expenditures for FY15/16.",8,"12/31/2016","M","Introduced at R5.",9,8,"31-Dec-16",NA,NA,NA,NA,43.260980041775,0.4791,28.2738613218304,0.106275401403098,47.728426891862,47.8347022932651,1,0,1
"RWA",2013,706,"RWANDA",714,"PSI","2-Dec-13","1-Dec-16",2016,"1-Dec-18",NA,NA,"11-Jun-18","P1","R9","BLANK","SB",20.6,"1.6. Expenditure auditing, accounting, and financial controls","Produce an inventory of project accounts at the central bank, for the purposes of improving accounting for inflows and outflows.",9,"03/31/2017","M","Introduced at R1 of SCF.",9,9,"31-Mar-17",NA,NA,NA,NA,43.260980041775,0.4791,28.2738613218304,0.106275401403098,47.728426891862,47.8347022932651,1,0,1
"RWA",2013,706,"RWANDA",714,"PSI","2-Dec-13","1-Dec-16",2016,"1-Dec-18",NA,NA,"11-Jun-18","P1","R9","BLANK","SB",20.6,"1.6. Expenditure auditing, accounting, and financial controls","Initiate a fiscal risk analysis of hotel and insurance sectors to assess potential contingent liabilities..",10,"06/30/2018","M","Introduced at R8 for R9.",9,10,"30-Jun-18",NA,NA,NA,NA,43.260980041775,0.4791,28.2738613218304,0.106275401403098,47.728426891862,47.8347022932651,1,0,1
"RWA",2013,706,"RWANDA",714,"PSI","2-Dec-13","1-Dec-16",2016,"1-Dec-18",NA,NA,"11-Jun-18","P1","R9","BLANK","SB",20.7,"1.7. Fiscal transparency (publication, parliamentary oversight)","Sub-national entities (416) to produce monthly, quarterly, and annual financial reports using a uniform template.",1,"12/31/2015","M","Introduced at R0. Macroeconomic rationale: to improve comprehensiveness and transparency of intergovernmental transfers. At R4, ongoing.",9,1,"31-Dec-15",NA,NA,NA,NA,43.260980041775,0.4791,28.2738613218304,0.106275401403098,47.728426891862,47.8347022932651,1,0,1
"RWA",2013,706,"RWANDA",714,"PSI","2-Dec-13","1-Dec-16",2016,"1-Dec-18",NA,NA,"11-Jun-18","P1","R9","BLANK","SB",20.7,"1.7. Fiscal transparency (publication, parliamentary oversight)","Sub-national entities (416) to produce monthly, quarterly, and annual financial reports using a uniform template.",1,"Continuous","SB","Continuous starting Q4 2015.",9,1,"27-Jun-26",NA,NA,NA,NA,43.260980041775,0.4791,28.2738613218304,0.106275401403098,47.728426891862,47.8347022932651,1,0,1
"RWA",2013,706,"RWANDA",714,"PSI","2-Dec-13","1-Dec-16",2016,"1-Dec-18",NA,NA,"11-Jun-18","P1","R9","BLANK","SB",20.7,"1.7. Fiscal transparency (publication, parliamentary oversight)","MINECOFIN to publish (and put on its website) quarterly reports of budget execution against annual fiscal policy objectives, within 45 days of end of each quarter.",2,"05/31/2014","NM","At R2, not met. Report published with delay.",9,2,"31-May-14",NA,NA,NA,NA,43.260980041775,0.4791,28.2738613218304,0.106275401403098,47.728426891862,47.8347022932651,1,0,1
"RWA",2013,706,"RWANDA",714,"PSI","2-Dec-13","1-Dec-16",2016,"1-Dec-18",NA,NA,"11-Jun-18","P1","R9","BLANK","SB",20.7,"1.7. Fiscal transparency (publication, parliamentary oversight)","MINECOFIN to publish (and put on its website) quarterly reports of budget execution against annual fiscal policy objectives, within 45 days of end of each quarter.",2,"12/31/2014","MD","At R3, report published with delay.",9,2,"31-Dec-14",NA,NA,NA,NA,43.260980041775,0.4791,28.2738613218304,0.106275401403098,47.728426891862,47.8347022932651,1,0,1
"RWA",2013,706,"RWANDA",714,"PSI","2-Dec-13","1-Dec-16",2016,"1-Dec-18",NA,NA,"11-Jun-18","P1","R9","BLANK","SB",20.7,"1.7. Fiscal transparency (publication, parliamentary oversight)","MINECOFIN to publish (and put on its website) quarterly reports of budget execution against annual fiscal policy objectives, within 45 days of end of each quarter.",2,"06/30/2015","NM","At R4, not met.",9,2,"30-Jun-15",NA,NA,NA,NA,43.260980041775,0.4791,28.2738613218304,0.106275401403098,47.728426891862,47.8347022932651,1,0,1
"RWA",2013,706,"RWANDA",714,"PSI","2-Dec-13","1-Dec-16",2016,"1-Dec-18",NA,NA,"11-Jun-18","P1","R9","BLANK","SB",20.7,"1.7. Fiscal transparency (publication, parliamentary oversight)","MINECOFIN to publish (and put on its website) quarterly reports of budget execution against annual fiscal policy objectives, within 45 days of end of each quarter.",2,"12/31/2015","MD",NA,9,2,"31-Dec-15",NA,NA,NA,NA,43.260980041775,0.4791,28.2738613218304,0.106275401403098,47.728426891862,47.8347022932651,1,0,1
"RWA",2013,706,"RWANDA",714,"PSI","2-Dec-13","1-Dec-16",2016,"1-Dec-18",NA,NA,"11-Jun-18","P1","R9","BLANK","SB",20.7,"1.7. Fiscal transparency (publication, parliamentary oversight)","MINECOFIN to publish (and put on its website) quarterly reports of budget execution against annual fiscal policy objectives, within 45 days of end of each quarter.",2,"03/31/2016","MD","At R4, new test date. At R5, implemented with delay.",9,2,"31-Mar-16",NA,NA,NA,NA,43.260980041775,0.4791,28.2738613218304,0.106275401403098,47.728426891862,47.8347022932651,1,0,1
"RWA",2013,706,"RWANDA",714,"PSI","2-Dec-13","1-Dec-16",2016,"1-Dec-18",NA,NA,"11-Jun-18","P1","R9","BLANK","SB",20.7,"1.7. Fiscal transparency (publication, parliamentary oversight)","MINECOFIN to publish (and put on its website) quarterly reports of budget execution against annual fiscal policy objectives, within 45 days of end of each quarter.",2,"Quarterly","SB","Introduced at R1. Continuous starting mid-May 2014. Macroeconomic rationale: To improve fiscal transparency",9,2,"27-Jun-26",NA,NA,NA,NA,43.260980041775,0.4791,28.2738613218304,0.106275401403098,47.728426891862,47.8347022932651,1,0,1
"RWA",2013,706,"RWANDA",714,"PSI","2-Dec-13","1-Dec-16",2016,"1-Dec-18",NA,NA,"11-Jun-18","P1","R9","BLANK","SB",20.7,"1.7. Fiscal transparency (publication, parliamentary oversight)","Publish quarterly reports of budget execution against annual fiscal policy objectives, within 60 days of end of each quarter, initially excluding foreign-financed projects.",3,"Continuous","SB","Introduced at R4. Continuous, starting Q4 2015. Macroeconomic rationale: To improve accounting, transparency and accountability.",9,3,"27-Jun-26",NA,NA,NA,NA,43.260980041775,0.4791,28.2738613218304,0.106275401403098,47.728426891862,47.8347022932651,1,0,1
"RWA",2013,706,"RWANDA",714,"PSI","2-Dec-13","1-Dec-16",2016,"1-Dec-18",NA,NA,"11-Jun-18","P1","R9","BLANK","SB",20.7,"1.7. Fiscal transparency (publication, parliamentary oversight)","Provide quarterly revenues, expenditures, and financing estimates for the budgetary central government levels within 60 days of the end of each quarter.",4,"09/30/2016","M","Met at R6 for PSI (R1 for SCF). Quarterly.",9,4,"30-Sep-16",NA,NA,NA,NA,43.260980041775,0.4791,28.2738613218304,0.106275401403098,47.728426891862,47.8347022932651,1,0,1
"RWA",2013,706,"RWANDA",714,"PSI","2-Dec-13","1-Dec-16",2016,"1-Dec-18",NA,NA,"11-Jun-18","P1","R9","BLANK","SB",20.7,"1.7. Fiscal transparency (publication, parliamentary oversight)","Provide quarterly revenues, expenditures, and financing estimates for the budgetary central government levels within 60 days of the end of each quarter.",4,"Continuous","SB","Met at R6 for PSI (R1 for SCF). Quarterly.",9,4,"27-Jun-26",NA,NA,NA,NA,43.260980041775,0.4791,28.2738613218304,0.106275401403098,47.728426891862,47.8347022932651,1,0,1
"RWA",2013,706,"RWANDA",714,"PSI","2-Dec-13","1-Dec-16",2016,"1-Dec-18",NA,NA,"11-Jun-18","P1","R9","BLANK","SB",20.7,"1.7. Fiscal transparency (publication, parliamentary oversight)","Begin publishing in GFS 2014 format for the quarter ending September 2018..",5,"12/01/2018","SB","Introduced at R8 for R10.",9,5,"1-Dec-18",NA,NA,NA,NA,43.260980041775,0.4791,28.2738613218304,0.106275401403098,47.728426891862,47.8347022932651,1,0,1
"RWA",2013,706,"RWANDA",714,"PSI","2-Dec-13","1-Dec-16",2016,"1-Dec-18",NA,NA,"11-Jun-18","P1","R9","BLANK","SB",20.8,"1.8. Budget preparation (e.g., submission or approval)","Prepare tax expenditure budget covering main tax expenditures.",1,"06/30/2014","M","Annually, starting end-June 2014. Met for R2.",9,1,"30-Jun-14",NA,NA,NA,NA,43.260980041775,0.4791,28.2738613218304,0.106275401403098,47.728426891862,47.8347022932651,1,0,1
"RWA",2013,706,"RWANDA",714,"PSI","2-Dec-13","1-Dec-16",2016,"1-Dec-18",NA,NA,"11-Jun-18","P1","R9","BLANK","SB",20.8,"1.8. Budget preparation (e.g., submission or approval)","Prepare tax expenditure budget covering main tax expenditures.",1,"06/30/2015","SB","Annually starting in June 2014.",9,1,"30-Jun-15",NA,NA,NA,NA,43.260980041775,0.4791,28.2738613218304,0.106275401403098,47.728426891862,47.8347022932651,1,0,1
"RWA",2013,706,"RWANDA",714,"PSI","2-Dec-13","1-Dec-16",2016,"1-Dec-18",NA,NA,"11-Jun-18","P1","R9","BLANK","SB",20.8,"1.8. Budget preparation (e.g., submission or approval)","Prepare tax expenditure budget covering main tax expenditures.",1,"Other","SB","Introduced at R0. Annually starting end-June 2014. Macroeconomic rationale: to enhance revenue mobilization.",9,1,"27-Jun-26",NA,NA,NA,NA,43.260980041775,0.4791,28.2738613218304,0.106275401403098,47.728426891862,47.8347022932651,1,0,1
"RWA",2013,706,"RWANDA",714,"PSI","2-Dec-13","1-Dec-16",2016,"1-Dec-18",NA,NA,"11-Jun-18","P1","R9","BLANK","SB",21.1,"2.1. Central bank operations and reforms","Prepare plan, based on MCM TA recommendations and NBR assessment, for strengthening monetary and exchange rate operations.",1,"03/31/2014","M","Introduced at R0. Macroeconomic rationale: to strengthen monetary and exchange rate operations and foster greater exchange rate (flexibility). At R1, met.",9,1,"31-Mar-14",NA,NA,NA,NA,43.260980041775,0.4791,28.2738613218304,0.106275401403098,47.728426891862,47.8347022932651,1,0,1
"RWA",2013,706,"RWANDA",714,"PSI","2-Dec-13","1-Dec-16",2016,"1-Dec-18",NA,NA,"11-Jun-18","P1","R9","BLANK","SB",21.1,"2.1. Central bank operations and reforms","Use Treasury bills (or other tradable securities) as the underlying collateral in liquidity absorbing repos.",2,"06/30/2014","M","Introduced at R0. Macroeconomic rationale: to develop money market instruments.",9,2,"30-Jun-14",NA,NA,NA,NA,43.260980041775,0.4791,28.2738613218304,0.106275401403098,47.728426891862,47.8347022932651,1,0,1
"RWA",2013,706,"RWANDA",714,"PSI","2-Dec-13","1-Dec-16",2016,"1-Dec-18",NA,NA,"12-Jan-18","P1","R8","BLANK","SB",20.1,"1.1. Revenue measures, excluding trade policy","Prepare legislative proposal for new tax regime for mining.",4,"09/30/2015","M","At R4, met.",8,4,"30-Sep-15",NA,NA,NA,NA,43.260980041775,0.4791,28.2738613218304,0.106275401403098,47.728426891862,47.8347022932651,1,0,1
"RWA",2013,706,"RWANDA",714,"PSI","2-Dec-13","1-Dec-16",2016,"1-Dec-18",NA,NA,"12-Jan-18","P1","R8","BLANK","SB",20.1,"1.1. Revenue measures, excluding trade policy","Revise law on Decentralized Local government taxes to enable the migration from Land Lease Fees to Fixed Asset Tax.",5,"6/30/2015","M","Macreconomic rationale: To enhance revenue mobilization. At R3, the rationale is now to raise the property tax rate to 0.2 percent.",8,5,"30-Jun-15",NA,NA,NA,NA,43.260980041775,0.4791,28.2738613218304,0.106275401403098,47.728426891862,47.8347022932651,1,0,1
"RWA",2013,706,"RWANDA",714,"PSI","2-Dec-13","1-Dec-16",2016,"1-Dec-18",NA,NA,"12-Jan-18","P1","R8","BLANK","SB",20.1,"1.1. Revenue measures, excluding trade policy","Fully migrate one district in Kigali from Land Lease Fee to Fixed Asset Tax.",6,"12/31/2015","SB","Macroeconomic rationale: To enhance revenue mobilization. At R3, Property tax legislation will apply countrywide immediately.",8,6,"31-Dec-15",NA,NA,NA,NA,43.260980041775,0.4791,28.2738613218304,0.106275401403098,47.728426891862,47.8347022932651,1,0,1
"RWA",2013,706,"RWANDA",714,"PSI","2-Dec-13","1-Dec-16",2016,"1-Dec-18",NA,NA,"12-Jan-18","P1","R8","BLANK","SB",20.1,"1.1. Revenue measures, excluding trade policy","Prepare study on new tax regime for agriculture.",7,"12/31/2015","MOD-DATE","Introduced at R3. At R4, new test date specified.",8,7,"31-Dec-15",NA,NA,NA,NA,43.260980041775,0.4791,28.2738613218304,0.106275401403098,47.728426891862,47.8347022932651,1,0,1
"RWA",2013,706,"RWANDA",714,"PSI","2-Dec-13","1-Dec-16",2016,"1-Dec-18",NA,NA,"12-Jan-18","P1","R8","BLANK","SB",20.1,"1.1. Revenue measures, excluding trade policy","Prepare study on new tax regime for agriculture.",7,"03/31/2016","SB","At R4, new test date.",8,7,"31-Mar-16",NA,NA,NA,NA,43.260980041775,0.4791,28.2738613218304,0.106275401403098,47.728426891862,47.8347022932651,1,0,1
"RWA",2013,706,"RWANDA",714,"PSI","2-Dec-13","1-Dec-16",2016,"1-Dec-18",NA,NA,"12-Jan-18","P1","R8","BLANK","SB",20.1,"1.1. Revenue measures, excluding trade policy","Prepare legislative proposal for new tax regime for agriculture.",8,"12/31/2014","MOD-DATE","Introduced at R0. Macroeconomic rationale: to enhance revenue mobilization. At R2, new test date of end-December 2015.",8,8,"31-Dec-14",NA,NA,NA,NA,43.260980041775,0.4791,28.2738613218304,0.106275401403098,47.728426891862,47.8347022932651,1,0,1
"RWA",2013,706,"RWANDA",714,"PSI","2-Dec-13","1-Dec-16",2016,"1-Dec-18",NA,NA,"12-Jan-18","P1","R8","BLANK","SB",20.1,"1.1. Revenue measures, excluding trade policy","Prepare legislative proposal for new tax regime for agriculture.",8,"12/31/2015","MOD-SB","At R2, new test date. At R3, split into 2 benchmarks -- 1. ""Prepare study on new tax regime for agriculture."" with test date of end-Dec. 2015; and 2. same text as original benchmark but with end-June 2016 test date.",8,8,"31-Dec-15",NA,NA,NA,NA,43.260980041775,0.4791,28.2738613218304,0.106275401403098,47.728426891862,47.8347022932651,1,0,1
"RWA",2013,706,"RWANDA",714,"PSI","2-Dec-13","1-Dec-16",2016,"1-Dec-18",NA,NA,"12-Jan-18","P1","R8","BLANK","SB",20.1,"1.1. Revenue measures, excluding trade policy","Prepare legislative proposal for new tax regime for agriculture.",8,"6/30/2016","SB","This replaces original benchmark of end-December 2015 test date.",8,8,"30-Jun-16",NA,NA,NA,NA,43.260980041775,0.4791,28.2738613218304,0.106275401403098,47.728426891862,47.8347022932651,1,0,1
"RWA",2013,706,"RWANDA",714,"PSI","2-Dec-13","1-Dec-16",2016,"31-Dec-17",NA,NA,"8-Jun-16","P1","R5","BLANK","SB",20.7,"1.7. Fiscal transparency (publication, parliamentary oversight)","Publish quarterly reports of budget execution against annual fiscal policy objectives, within 60 days of end of each quarter, initially excluding foreign-financed projects.",3,"Continuous","SB","Introduced at R4. Continuous, starting Q4 2015. Macroeconomic rationale: To improve accounting, transparency and accountability.",5,3,"27-Jun-26",NA,NA,NA,NA,43.260980041775,0.4791,28.2738613218304,0.106275401403098,47.728426891862,47.8347022932651,1,0,1
"RWA",2013,706,"RWANDA",714,"PSI","2-Dec-13","1-Dec-16",2016,"31-Dec-17",NA,NA,"8-Jun-16","P1","R5","BLANK","SB",20.7,"1.7. Fiscal transparency (publication, parliamentary oversight)","Provide quarterly revenues, expenditures, and financing estimates for the budgetary central government levels within 60 days of the end of each quarter.",4,"Quarterly","SB",NA,5,4,"27-Jun-26",NA,NA,NA,NA,43.260980041775,0.4791,28.2738613218304,0.106275401403098,47.728426891862,47.8347022932651,1,0,1
"RWA",2013,706,"RWANDA",714,"PSI","2-Dec-13","1-Dec-16",2016,"31-Dec-17",NA,NA,"8-Jun-16","P1","R5","BLANK","SB",20.8,"1.8. Budget preparation (e.g., submission or approval)","Prepare tax expenditure budget covering main tax expenditures.",1,"06/30/2014","M","Annually, starting end-June 2014. Met for R2.",5,1,"30-Jun-14",NA,NA,NA,NA,43.260980041775,0.4791,28.2738613218304,0.106275401403098,47.728426891862,47.8347022932651,1,0,1
"RWA",2013,706,"RWANDA",714,"PSI","2-Dec-13","1-Dec-16",2016,"31-Dec-17",NA,NA,"8-Jun-16","P1","R5","BLANK","SB",20.8,"1.8. Budget preparation (e.g., submission or approval)","Prepare tax expenditure budget covering main tax expenditures.",1,"06/30/2015","SB","Annually starting in June 2014.",5,1,"30-Jun-15",NA,NA,NA,NA,43.260980041775,0.4791,28.2738613218304,0.106275401403098,47.728426891862,47.8347022932651,1,0,1
"RWA",2013,706,"RWANDA",714,"PSI","2-Dec-13","1-Dec-16",2016,"31-Dec-17",NA,NA,"8-Jun-16","P1","R5","BLANK","SB",20.8,"1.8. Budget preparation (e.g., submission or approval)","Prepare tax expenditure budget covering main tax expenditures.",1,"Other","SB","Introduced at R0. Annually starting end-June 2014. Macroeconomic rationale: to enhance revenue mobilization.",5,1,"27-Jun-26",NA,NA,NA,NA,43.260980041775,0.4791,28.2738613218304,0.106275401403098,47.728426891862,47.8347022932651,1,0,1
"RWA",2013,706,"RWANDA",714,"PSI","2-Dec-13","1-Dec-16",2016,"31-Dec-17",NA,NA,"8-Jun-16","P1","R5","BLANK","SB",21.1,"2.1. Central bank operations and reforms","Prepare plan, based on MCM TA recommendations and NBR assessment, for strengthening monetary and exchange rate operations.",1,"03/31/2014","M","Introduced at R0. Macroeconomic rationale: to strengthen monetary and exchange rate operations and foster greater exchange rate (flexibility). At R1, met.",5,1,"31-Mar-14",NA,NA,NA,NA,43.260980041775,0.4791,28.2738613218304,0.106275401403098,47.728426891862,47.8347022932651,1,0,1
"RWA",2013,706,"RWANDA",714,"PSI","2-Dec-13","1-Dec-16",2016,"1-Dec-18",NA,NA,"28-Nov-18","P1","R10","L","SB",20.7,"1.7. Fiscal transparency (publication, parliamentary oversight)","Sub-national entities (416) to produce monthly, quarterly, and annual financial reports using a uniform template.",1,"Continuous","SB","Continuous starting Q4 2015.",10,1,"27-Jun-26",NA,NA,NA,NA,43.260980041775,0.4791,28.2738613218304,0.106275401403098,47.728426891862,47.8347022932651,1,0,1
"RWA",2013,706,"RWANDA",714,"PSI","2-Dec-13","1-Dec-16",2016,"1-Dec-18",NA,NA,"28-Nov-18","P1","R10","L","SB",20.7,"1.7. Fiscal transparency (publication, parliamentary oversight)","MINECOFIN to publish (and put on its website) quarterly reports of budget execution against annual fiscal policy objectives, within 45 days of end of each quarter.",2,"05/31/2014","NM","At R2, not met. Report published with delay.",10,2,"31-May-14",NA,NA,NA,NA,43.260980041775,0.4791,28.2738613218304,0.106275401403098,47.728426891862,47.8347022932651,1,0,1
"RWA",2013,706,"RWANDA",714,"PSI","2-Dec-13","1-Dec-16",2016,"1-Dec-18",NA,NA,"28-Nov-18","P1","R10","L","SB",20.7,"1.7. Fiscal transparency (publication, parliamentary oversight)","MINECOFIN to publish (and put on its website) quarterly reports of budget execution against annual fiscal policy objectives, within 45 days of end of each quarter.",2,"12/31/2014","MD","At R3, report published with delay.",10,2,"31-Dec-14",NA,NA,NA,NA,43.260980041775,0.4791,28.2738613218304,0.106275401403098,47.728426891862,47.8347022932651,1,0,1
"RWA",2013,706,"RWANDA",714,"PSI","2-Dec-13","1-Dec-16",2016,"1-Dec-18",NA,NA,"28-Nov-18","P1","R10","L","SB",20.1,"1.1. Revenue measures, excluding trade policy","Revise legislation on the taxation of property.",2,"12/31/2014","MOD-SB","Introduced at R0. Macroeconomic rationale: to enhance revenue mobilization. At R2, replaced with 2 measures (""revise law on Dencentralized Local Government.."" and ""Fully migrate one district in Kigali..."")",10,2,"31-Dec-14",NA,NA,NA,NA,43.260980041775,0.4791,28.2738613218304,0.106275401403098,47.728426891862,47.8347022932651,1,0,1
"RWA",2013,706,"RWANDA",714,"PSI","2-Dec-13","1-Dec-16",2016,"1-Dec-18",NA,NA,"28-Nov-18","P1","R10","L","SB",20.1,"1.1. Revenue measures, excluding trade policy","Produce a tax expenditure report on measures associated with the Investment Tax Policy and Made In Rwanda campaign with the objective of designing a cost/benefits framework to monitor the impact of these incentives.",3,"09/30/2017","M","At R7, the new content is replaced of ""Share draft study on new tax regime for agriculture"".",10,3,"30-Sep-17",NA,NA,NA,NA,43.260980041775,0.4791,28.2738613218304,0.106275401403098,47.728426891862,47.8347022932651,1,0,1
"RWA",2013,706,"RWANDA",714,"PSI","2-Dec-13","1-Dec-16",2016,"1-Dec-18",NA,NA,"28-Nov-18","P1","R10","L","SB",20.1,"1.1. Revenue measures, excluding trade policy","Prepare legislative proposal for new tax regime for mining.",4,"12/31/2014","MOD-DATE","Introduced at R0. Macroeconomic rationale: to enhance revenue mobilization. At R2, new test date of end-January 2015 specified.",10,4,"31-Dec-14",NA,NA,NA,NA,43.260980041775,0.4791,28.2738613218304,0.106275401403098,47.728426891862,47.8347022932651,1,0,1
"RWA",2013,706,"RWANDA",714,"PSI","2-Dec-13","1-Dec-16",2016,"1-Dec-18",NA,NA,"28-Nov-18","P1","R10","L","SB",20.1,"1.1. Revenue measures, excluding trade policy","Prepare legislative proposal for new tax regime for mining.",4,"01/31/2015","MOD-DATE","At R2, new test date. At R3, not met. Date changed to end September 2015 as  part of the proposed Income Tax Law.",10,4,"31-Jan-15",NA,NA,NA,NA,43.260980041775,0.4791,28.2738613218304,0.106275401403098,47.728426891862,47.8347022932651,1,0,1
"RWA",2013,706,"RWANDA",714,"PSI","2-Dec-13","1-Dec-16",2016,"1-Dec-18",NA,NA,"28-Nov-18","P1","R10","L","SB",20.1,"1.1. Revenue measures, excluding trade policy","Prepare legislative proposal for new tax regime for mining.",4,"09/30/2015","M","At R4, met.",10,4,"30-Sep-15",NA,NA,NA,NA,43.260980041775,0.4791,28.2738613218304,0.106275401403098,47.728426891862,47.8347022932651,1,0,1
"RWA",2013,706,"RWANDA",714,"PSI","2-Dec-13","1-Dec-16",2016,"1-Dec-18",NA,NA,"28-Nov-18","P1","R10","L","SB",20.1,"1.1. Revenue measures, excluding trade policy","Revise law on Decentralized Local government taxes to enable the migration from Land Lease Fees to Fixed Asset Tax.",5,"06/30/2015","M","Macreconomic rationale: To enhance revenue mobilization. At R3, the rationale is now to raise the property tax rate to 0.2 percent.",10,5,"30-Jun-15",NA,NA,NA,NA,43.260980041775,0.4791,28.2738613218304,0.106275401403098,47.728426891862,47.8347022932651,1,0,1
"RWA",2013,706,"RWANDA",714,"PSI","2-Dec-13","1-Dec-16",2016,"1-Dec-18",NA,NA,"28-Nov-18","P1","R10","L","SB",20.1,"1.1. Revenue measures, excluding trade policy","Fully migrate one district in Kigali from Land Lease Fee to Fixed Asset Tax.",6,"12/31/2015","SB","Macroeconomic rationale: To enhance revenue mobilization. At R3, Property tax legislation will apply countrywide immediately.",10,6,"31-Dec-15",NA,NA,NA,NA,43.260980041775,0.4791,28.2738613218304,0.106275401403098,47.728426891862,47.8347022932651,1,0,1
"RWA",2013,706,"RWANDA",714,"PSI","2-Dec-13","1-Dec-16",2016,"1-Dec-18",NA,NA,"28-Nov-18","P1","R10","L","SB",20.1,"1.1. Revenue measures, excluding trade policy","Prepare study on new tax regime for agriculture.",7,"12/31/2015","MOD-DATE","Introduced at R3. At R4, new test date specified.",10,7,"31-Dec-15",NA,NA,NA,NA,43.260980041775,0.4791,28.2738613218304,0.106275401403098,47.728426891862,47.8347022932651,1,0,1
"RWA",2013,706,"RWANDA",714,"PSI","2-Dec-13","1-Dec-16",2016,"1-Dec-18",NA,NA,"28-Nov-18","P1","R10","L","SB",20.1,"1.1. Revenue measures, excluding trade policy","Prepare study on new tax regime for agriculture.",7,"03/31/2016","SB","At R4, new test date.",10,7,"31-Mar-16",NA,NA,NA,NA,43.260980041775,0.4791,28.2738613218304,0.106275401403098,47.728426891862,47.8347022932651,1,0,1
"RWA",2013,706,"RWANDA",714,"PSI","2-Dec-13","1-Dec-16",2016,"1-Dec-18",NA,NA,"12-Jan-18","P1","R8","BLANK","SB",20.6,"1.6. Expenditure auditing, accounting, and financial controls","Design a strategy to incorporate fiscal risks and foreign exchange needs into project planning assessments, starting with PPPs.",6,"06/30/2017","M","Introduced at R5.",8,6,"30-Jun-17",NA,NA,NA,NA,43.260980041775,0.4791,28.2738613218304,0.106275401403098,47.728426891862,47.8347022932651,1,0,1
"RWA",2013,706,"RWANDA",714,"PSI","2-Dec-13","1-Dec-16",2016,"1-Dec-18",NA,NA,"12-Jan-18","P1","R8","BLANK","SB",20.6,"1.6. Expenditure auditing, accounting, and financial controls","Set up framework for recording donor project support in one sector (e.g. health, education, infrastructure), as an initial step to establishing it more broadly.",7,"12/31/2016","MOD-DATE","Introduced at R5. At R6, new test date of end-March 2017.",8,7,"31-Dec-16",NA,NA,NA,NA,43.260980041775,0.4791,28.2738613218304,0.106275401403098,47.728426891862,47.8347022932651,1,0,1
"RWA",2013,706,"RWANDA",714,"PSI","2-Dec-13","1-Dec-16",2016,"1-Dec-18",NA,NA,"12-Jan-18","P1","R8","BLANK","SB",20.6,"1.6. Expenditure auditing, accounting, and financial controls","Set up framework for recording donor project support in one sector (e.g. health, education, infrastructure), as an initial step to establishing it more broadly.",7,"03/31/2017","NM","At R6, new test date.",8,7,"31-Mar-17",NA,NA,NA,NA,43.260980041775,0.4791,28.2738613218304,0.106275401403098,47.728426891862,47.8347022932651,1,0,1
"RWA",2013,706,"RWANDA",714,"PSI","2-Dec-13","1-Dec-16",2016,"1-Dec-18",NA,NA,"12-Jan-18","P1","R8","BLANK","SB",20.6,"1.6. Expenditure auditing, accounting, and financial controls","Produce detailed report on tax expenditures for FY15/16.",8,"12/31/2016","M","Introduced at R5.",8,8,"31-Dec-16",NA,NA,NA,NA,43.260980041775,0.4791,28.2738613218304,0.106275401403098,47.728426891862,47.8347022932651,1,0,1
"RWA",2013,706,"RWANDA",714,"PSI","2-Dec-13","1-Dec-16",2016,"1-Dec-18",NA,NA,"12-Jan-18","P1","R8","BLANK","SB",20.6,"1.6. Expenditure auditing, accounting, and financial controls","Produce an inventory of project accounts at the central bank, for the purposes of improving accounting for inflows and outflows.",9,"3/31/2017","M","Introduced at R1 of SCF.",8,9,"31-Mar-17",NA,NA,NA,NA,43.260980041775,0.4791,28.2738613218304,0.106275401403098,47.728426891862,47.8347022932651,1,0,1
"RWA",2013,706,"RWANDA",714,"PSI","2-Dec-13","1-Dec-16",2016,"1-Dec-18",NA,NA,"12-Jan-18","P1","R8","BLANK","SB",20.6,"1.6. Expenditure auditing, accounting, and financial controls","Initiate a fiscal risk analysis of hotel and insurance sectors to assess potential contingent liabilities..",10,"06/30/2018","SB","Introduced at R8 for R9.",8,10,"30-Jun-18",NA,NA,NA,NA,43.260980041775,0.4791,28.2738613218304,0.106275401403098,47.728426891862,47.8347022932651,1,0,1
"RWA",2013,706,"RWANDA",714,"PSI","2-Dec-13","1-Dec-16",2016,"1-Dec-18",NA,NA,"12-Jan-18","P1","R8","BLANK","SB",20.7,"1.7. Fiscal transparency (publication, parliamentary oversight)","Sub-national entities (416) to produce monthly, quarterly, and annual financial reports using a uniform template.",1,"12/31/2015","M","Introduced at R0. Macroeconomic rationale: to improve comprehensiveness and transparency of intergovernmental transfers. At R4, ongoing.",8,1,"31-Dec-15",NA,NA,NA,NA,43.260980041775,0.4791,28.2738613218304,0.106275401403098,47.728426891862,47.8347022932651,1,0,1
"RWA",2013,706,"RWANDA",714,"PSI","2-Dec-13","1-Dec-16",2016,"1-Dec-18",NA,NA,"12-Jan-18","P1","R8","BLANK","SB",20.7,"1.7. Fiscal transparency (publication, parliamentary oversight)","Sub-national entities (416) to produce monthly, quarterly, and annual financial reports using a uniform template.",1,"Continuous","SB","Continuous starting Q4 2015.",8,1,"27-Jun-26",NA,NA,NA,NA,43.260980041775,0.4791,28.2738613218304,0.106275401403098,47.728426891862,47.8347022932651,1,0,1
"RWA",2013,706,"RWANDA",714,"PSI","2-Dec-13","1-Dec-16",2016,"1-Dec-18",NA,NA,"12-Jan-18","P1","R8","BLANK","SB",20.7,"1.7. Fiscal transparency (publication, parliamentary oversight)","MINECOFIN to publish (and put on its website) quarterly reports of budget execution against annual fiscal policy objectives, within 45 days of end of each quarter.",2,"05/31/2014","NM","At R2, not met. Report published with delay.",8,2,"31-May-14",NA,NA,NA,NA,43.260980041775,0.4791,28.2738613218304,0.106275401403098,47.728426891862,47.8347022932651,1,0,1
"RWA",2013,706,"RWANDA",714,"PSI","2-Dec-13","1-Dec-16",2016,"1-Dec-18",NA,NA,"12-Jan-18","P1","R8","BLANK","SB",20.7,"1.7. Fiscal transparency (publication, parliamentary oversight)","MINECOFIN to publish (and put on its website) quarterly reports of budget execution against annual fiscal policy objectives, within 45 days of end of each quarter.",2,"12/31/2014","MD","At R3, report published with delay.",8,2,"31-Dec-14",NA,NA,NA,NA,43.260980041775,0.4791,28.2738613218304,0.106275401403098,47.728426891862,47.8347022932651,1,0,1
"RWA",2013,706,"RWANDA",714,"PSI","2-Dec-13","1-Dec-16",2016,"1-Dec-18",NA,NA,"12-Jan-18","P1","R8","BLANK","SB",20.7,"1.7. Fiscal transparency (publication, parliamentary oversight)","MINECOFIN to publish (and put on its website) quarterly reports of budget execution against annual fiscal policy objectives, within 45 days of end of each quarter.",2,"06/30/2015","NM","At R4, not met.",8,2,"30-Jun-15",NA,NA,NA,NA,43.260980041775,0.4791,28.2738613218304,0.106275401403098,47.728426891862,47.8347022932651,1,0,1
"RWA",2013,706,"RWANDA",714,"PSI","2-Dec-13","1-Dec-16",2016,"1-Dec-18",NA,NA,"28-Nov-18","P1","R10","L","SB",20.2,"1.2. Revenue administration, including customs","Review the block grant formula on the basis of the Local Government Revenue Potential Study.",2,"06/30/2014","MOD-DATE","Introduced at R0. Macroeconomic rationale: to enhance collection of districts own revenues. At R1, test date revised from end-June 2014 to end-September 2014.",10,2,"30-Jun-14",NA,NA,NA,NA,43.260980041775,0.4791,28.2738613218304,0.106275401403098,47.728426891862,47.8347022932651,1,0,1
"RWA",2013,706,"RWANDA",714,"PSI","2-Dec-13","1-Dec-16",2016,"1-Dec-18",NA,NA,"28-Nov-18","P1","R10","L","SB",20.2,"1.2. Revenue administration, including customs","Review the block grant formula on the basis of the Local Government Revenue Potential Study.",2,"09/30/2014","M","At R1, new test date specified. At R2, met.",10,2,"30-Sep-14",NA,NA,NA,NA,43.260980041775,0.4791,28.2738613218304,0.106275401403098,47.728426891862,47.8347022932651,1,0,1
"RWA",2013,706,"RWANDA",714,"PSI","2-Dec-13","1-Dec-16",2016,"1-Dec-18",NA,NA,"28-Nov-18","P1","R10","L","SB",20.2,"1.2. Revenue administration, including customs","Approve new risk management plan for FY17/18 to improve tax compliance.",3,"06/30/2017","M","Introduced at R1 of SCF.",10,3,"30-Jun-17",NA,NA,NA,NA,43.260980041775,0.4791,28.2738613218304,0.106275401403098,47.728426891862,47.8347022932651,1,0,1
"RWA",2013,706,"RWANDA",714,"PSI","2-Dec-13","1-Dec-16",2016,"1-Dec-18",NA,NA,"28-Nov-18","P1","R10","L","SB",20.2,"1.2. Revenue administration, including customs","Issue report on ""clean up"" of tax registry.",4,"09/30/2017","M","Introduced at R1 of SCF.",10,4,"30-Sep-17",NA,NA,NA,NA,43.260980041775,0.4791,28.2738613218304,0.106275401403098,47.728426891862,47.8347022932651,1,0,1
"RWA",2013,706,"RWANDA",714,"PSI","2-Dec-13","1-Dec-16",2016,"1-Dec-18",NA,NA,"12-Jan-18","P1","R8","BLANK","SB",20.7,"1.7. Fiscal transparency (publication, parliamentary oversight)","Provide quarterly revenues, expenditures, and financing estimates for the budgetary central government levels within 60 days of the end of each quarter.",4,"9/30/2016","M","Met at R6 for PSI (R1 for SCF). Quarterly.",8,4,"30-Sep-16",NA,NA,NA,NA,43.260980041775,0.4791,28.2738613218304,0.106275401403098,47.728426891862,47.8347022932651,1,0,1
"RWA",2013,706,"RWANDA",714,"PSI","2-Dec-13","1-Dec-16",2016,"1-Dec-18",NA,NA,"12-Jan-18","P1","R8","BLANK","SB",20.7,"1.7. Fiscal transparency (publication, parliamentary oversight)","Provide quarterly revenues, expenditures, and financing estimates for the budgetary central government levels within 60 days of the end of each quarter.",4,"Quarterly","SB","Met at R6 for PSI (R1 for SCF). Quarterly.",8,4,"27-Jun-26",NA,NA,NA,NA,43.260980041775,0.4791,28.2738613218304,0.106275401403098,47.728426891862,47.8347022932651,1,0,1
"RWA",2013,706,"RWANDA",714,"PSI","2-Dec-13","1-Dec-16",2016,"1-Dec-18",NA,NA,"12-Jan-18","P1","R8","BLANK","SB",20.7,"1.7. Fiscal transparency (publication, parliamentary oversight)","Begin publishing in GFS 2014 format for the quarter ending September 2018..",5,"12/01/2018","SB","Introduced at R8 for R10.",8,5,"1-Dec-18",NA,NA,NA,NA,43.260980041775,0.4791,28.2738613218304,0.106275401403098,47.728426891862,47.8347022932651,1,0,1
"RWA",2013,706,"RWANDA",714,"PSI","2-Dec-13","1-Dec-16",2016,"1-Dec-18",NA,NA,"12-Jan-18","P1","R8","BLANK","SB",20.8,"1.8. Budget preparation (e.g., submission or approval)","Prepare tax expenditure budget covering main tax expenditures.",1,"06/30/2014","M","Annually, starting end-June 2014. Met for R2.",8,1,"30-Jun-14",NA,NA,NA,NA,43.260980041775,0.4791,28.2738613218304,0.106275401403098,47.728426891862,47.8347022932651,1,0,1
"RWA",2013,706,"RWANDA",714,"PSI","2-Dec-13","1-Dec-16",2016,"1-Dec-18",NA,NA,"12-Jan-18","P1","R8","BLANK","SB",20.8,"1.8. Budget preparation (e.g., submission or approval)","Prepare tax expenditure budget covering main tax expenditures.",1,"06/30/2015","SB","Annually starting in June 2014.",8,1,"30-Jun-15",NA,NA,NA,NA,43.260980041775,0.4791,28.2738613218304,0.106275401403098,47.728426891862,47.8347022932651,1,0,1
"RWA",2013,706,"RWANDA",714,"PSI","2-Dec-13","1-Dec-16",2016,"1-Dec-18",NA,NA,"12-Jan-18","P1","R8","BLANK","SB",20.8,"1.8. Budget preparation (e.g., submission or approval)","Prepare tax expenditure budget covering main tax expenditures.",1,"Other","SB","Introduced at R0. Annually starting end-June 2014. Macroeconomic rationale: to enhance revenue mobilization.",8,1,"27-Jun-26",NA,NA,NA,NA,43.260980041775,0.4791,28.2738613218304,0.106275401403098,47.728426891862,47.8347022932651,1,0,1
"RWA",2013,706,"RWANDA",714,"PSI","2-Dec-13","1-Dec-16",2016,"1-Dec-18",NA,NA,"12-Jan-18","P1","R8","BLANK","SB",21.1,"2.1. Central bank operations and reforms","Prepare plan, based on MCM TA recommendations and NBR assessment, for strengthening monetary and exchange rate operations.",1,"3/31/2014","M","Introduced at R0. Macroeconomic rationale: to strengthen monetary and exchange rate operations and foster greater exchange rate (flexibility). At R1, met.",8,1,"31-Mar-14",NA,NA,NA,NA,43.260980041775,0.4791,28.2738613218304,0.106275401403098,47.728426891862,47.8347022932651,1,0,1
"RWA",2013,706,"RWANDA",714,"PSI","2-Dec-13","1-Dec-16",2016,"1-Dec-18",NA,NA,"12-Jan-18","P1","R8","BLANK","SB",21.1,"2.1. Central bank operations and reforms","Use Treasury bills (or other tradable securities) as the underlying collateral in liquidity absorbing repos.",2,"6/30/2014","M","Introduced at R0. Macroeconomic rationale: to develop money market instruments.",8,2,"30-Jun-14",NA,NA,NA,NA,43.260980041775,0.4791,28.2738613218304,0.106275401403098,47.728426891862,47.8347022932651,1,0,1
"RWA",2013,706,"RWANDA",714,"PSI","2-Dec-13","1-Dec-16",2016,"1-Dec-18",NA,NA,"12-Jan-18","P1","R8","BLANK","SB",21.1,"2.1. Central bank operations and reforms","Issue Treasury bills with maturities of six months and longer as a monetary policy instrument to absorb longer-term liquidity.",3,"12/31/2013","M","Introduced at R0. Macroeconomic rationale: to develop money market instruments. At R1, met.",8,3,"31-Dec-13",NA,NA,NA,NA,43.260980041775,0.4791,28.2738613218304,0.106275401403098,47.728426891862,47.8347022932651,1,0,1
"RWA",2013,706,"RWANDA",714,"PSI","2-Dec-13","1-Dec-16",2016,"1-Dec-18",NA,NA,"12-Jan-18","P1","R8","BLANK","SB",21.1,"2.1. Central bank operations and reforms","Start publishing money market rates (interbank, repo, and T-bill) for different maturities bi-weekly.",4,"12/31/2013","M","Introduced at R0. Macroeconomic rationale: to develop money market instruments. At R1, met.",8,4,"31-Dec-13",NA,NA,NA,NA,43.260980041775,0.4791,28.2738613218304,0.106275401403098,47.728426891862,47.8347022932651,1,0,1
"RWA",2013,706,"RWANDA",714,"PSI","2-Dec-13","1-Dec-16",2016,"1-Dec-18",NA,NA,"12-Jan-18","P1","R8","BLANK","SB",21.1,"2.1. Central bank operations and reforms","Start publishing quarterly inflation reports.",5,"3/31/2014","M","Introduced at R0. Macroeconomic rationale: to improve transparency of monetary policy. At R1, met.",8,5,"31-Mar-14",NA,NA,NA,NA,43.260980041775,0.4791,28.2738613218304,0.106275401403098,47.728426891862,47.8347022932651,1,0,1
"RWA",2013,706,"RWANDA",714,"PSI","2-Dec-13","1-Dec-16",2016,"1-Dec-18",NA,NA,"12-Jan-18","P1","R8","BLANK","SB",21.1,"2.1. Central bank operations and reforms","Start issuing government bonds with maturities of 7 and 10 years.",6,"6/30/2015","M","Introduced at R2. Macroeconomic rationale: To develop money market instruments.",8,6,"30-Jun-15",NA,NA,NA,NA,43.260980041775,0.4791,28.2738613218304,0.106275401403098,47.728426891862,47.8347022932651,1,0,1
"RWA",2013,706,"RWANDA",714,"PSI","2-Dec-13","1-Dec-16",2016,"1-Dec-18",NA,NA,"12-Jan-18","P1","R8","BLANK","SB",21.1,"2.1. Central bank operations and reforms","Develop a methodology to identify policy interest rate consistent with the identified range of excess reserves.",7,"06/30/2017","M","Introduced at R5.",8,7,"30-Jun-17",NA,NA,NA,NA,43.260980041775,0.4791,28.2738613218304,0.106275401403098,47.728426891862,47.8347022932651,1,0,1
"RWA",2013,706,"RWANDA",714,"PSI","2-Dec-13","1-Dec-16",2016,"1-Dec-18",NA,NA,"12-Jan-18","P1","R8","BLANK","SB",21.1,"2.1. Central bank operations and reforms","Establish an optimal level of headline or core inflation target range for monetary policy.",8,"12/01/2018","SB","Introduced at R8 for R10.",8,8,"1-Dec-18",NA,NA,NA,NA,43.260980041775,0.4791,28.2738613218304,0.106275401403098,47.728426891862,47.8347022932651,1,0,1
"RWA",2013,706,"RWANDA",714,"PSI","2-Dec-13","1-Dec-16",2016,"1-Dec-18",NA,NA,"12-Jan-18","P1","R8","BLANK","SB",21.1,"2.1. Central bank operations and reforms","Develop and adopt a communication strategy on the objectives and operations of the monetary policy framework to enhance BNR transparency and accountability.",9,"12/01/2018","SB","Introduced at R8 for R10.",8,9,"1-Dec-18",NA,NA,NA,NA,43.260980041775,0.4791,28.2738613218304,0.106275401403098,47.728426891862,47.8347022932651,1,0,1
"RWA",2013,706,"RWANDA",714,"PSI","2-Dec-13","1-Dec-16",2016,"1-Dec-18",NA,NA,"12-Jan-18","P1","R8","BLANK","SB",25.1,"6.1. Financial sector legal reforms, regulation, and supervision","Design a deposit guarantee scheme.",1,"6/30/2014","M","Introduced at R0. Macroeconomic rationale: to increase confidence in banking system.",8,1,"30-Jun-14",NA,NA,NA,NA,43.260980041775,0.4791,28.2738613218304,0.106275401403098,47.728426891862,47.8347022932651,1,0,1
"RWA",2013,706,"RWANDA",714,"PSI","2-Dec-13","1-Dec-16",2016,"1-Dec-18",NA,NA,"12-Jan-18","P1","R8","BLANK","SB",25.1,"6.1. Financial sector legal reforms, regulation, and supervision","Issue a 15-year Government T-Bond",2,"5/31/2016","M","Introduced at R4. Macroeconomic rationale: To extend the yield curve.",8,2,"31-May-16",NA,NA,NA,NA,43.260980041775,0.4791,28.2738613218304,0.106275401403098,47.728426891862,47.8347022932651,1,0,1
"RWA",2013,706,"RWANDA",714,"PSI","2-Dec-13","1-Dec-16",2016,"1-Dec-18",NA,NA,"12-Jan-18","P1","R8","BLANK","SB",25.1,"6.1. Financial sector legal reforms, regulation, and supervision","Establish a framework of market intermediaries for government securities.",3,"9/30/2016","SB","Introduced at R4. Macroeconomic rationale: To deepen secondary market.",8,3,"30-Sep-16",NA,NA,NA,NA,43.260980041775,0.4791,28.2738613218304,0.106275401403098,47.728426891862,47.8347022932651,1,0,1
"RWA",2013,706,"RWANDA",714,"PSI","2-Dec-13","1-Dec-16",2016,"1-Dec-18",NA,NA,"12-Jan-18","P1","R8","BLANK","SB",25.1,"6.1. Financial sector legal reforms, regulation, and supervision","Establish the road map for secondary market development of Government debt securities. In addition, develop the capacity building plan for banks’ treasurers on domestic securities.",4,"9/30/2016","M","Introduced at R5. Met at R6 for PSI (R1 for SCF).",8,4,"30-Sep-16",NA,NA,NA,NA,43.260980041775,0.4791,28.2738613218304,0.106275401403098,47.728426891862,47.8347022932651,1,0,1
"RWA",2013,706,"RWANDA",714,"PSI","2-Dec-13","1-Dec-16",2016,"1-Dec-18",NA,NA,"12-Jan-18","P1","R8","BLANK","SB",25.1,"6.1. Financial sector legal reforms, regulation, and supervision","Define and target a range of excess reserves conducive to developing the interbank market.",5,"12/31/2016","M","Introduced at R5. Met at R7.",8,5,"31-Dec-16",NA,NA,NA,NA,43.260980041775,0.4791,28.2738613218304,0.106275401403098,47.728426891862,47.8347022932651,1,0,1
"RWA",2013,706,"RWANDA",714,"PSI","2-Dec-13","1-Dec-16",2016,"1-Dec-18",NA,NA,"12-Jan-18","P1","R8","BLANK","SB",25.1,"6.1. Financial sector legal reforms, regulation, and supervision","Introduce the real horizontal REPOs including transfer of collateral across banks in order to facilitate transactions between banks and boost the trading of debt securities.",6,"3/31/2017","M","Introduced at R5. Met at R7.",8,6,"31-Mar-17",NA,NA,NA,NA,43.260980041775,0.4791,28.2738613218304,0.106275401403098,47.728426891862,47.8347022932651,1,0,1
"RWA",2013,706,"RWANDA",714,"PSI","2-Dec-13","1-Dec-16",2016,"1-Dec-18",NA,NA,"12-Jan-18","P1","R8","BLANK","SB",25.1,"6.1. Financial sector legal reforms, regulation, and supervision","Establish an electronic interbank trading platform intended to improve banks’ counterparty visibility and price formation in the market.",7,"12/01/2018","SB","Introduced at R8 for R10.",8,7,"1-Dec-18",NA,NA,NA,NA,43.260980041775,0.4791,28.2738613218304,0.106275401403098,47.728426891862,47.8347022932651,1,0,1
"RWA",2013,706,"RWANDA",714,"PSI","2-Dec-13","1-Dec-16",2016,"1-Dec-18",NA,NA,"12-Jan-18","P1","R8","BLANK","SB",25.1,"6.1. Financial sector legal reforms, regulation, and supervision","Introduce Government bond reopening mechanisms with objective to develop benchmark bonds and promote depth and liquidity in the government bond market.",8,"06/30/2018","SB","Introduced at R8 for R9.",8,8,"30-Jun-18",NA,NA,NA,NA,43.260980041775,0.4791,28.2738613218304,0.106275401403098,47.728426891862,47.8347022932651,1,0,1
"RWA",2013,706,"RWANDA",714,"PSI","2-Dec-13","1-Dec-16",2016,"1-Dec-18",NA,NA,"12-Jan-18","P1","R8","BLANK","SB",29,"10. Economic statistics (excluding fiscal and central bank transparency and similar measures)","NBR to gather high frequency data and undertake economic sentiment surveys.",1,"12/31/2013","M","Introduced at R0. Macroeconomic rationale: to improve quality and timeliness of economic data. At R1, met.",8,1,"31-Dec-13",NA,NA,NA,NA,43.260980041775,0.4791,28.2738613218304,0.106275401403098,47.728426891862,47.8347022932651,1,0,1
"RWA",2013,706,"RWANDA",714,"PSI","2-Dec-13","1-Dec-16",2016,"1-Dec-18",NA,NA,"11-Jun-18","P1","R9","BLANK","SB",20,"1. General government","Submit revised National Investment Policy (NIP) to Cabinet.",1,"06/30/2016","NM","Introduced at R4. Macroeconomic rationale: To enable private sector involvement in PPPs. Not met at R6 for PSI (R1 for SCF).",9,1,"30-Jun-16",NA,NA,NA,NA,43.260980041775,0.4791,28.2738613218304,0.106275401403098,47.728426891862,47.8347022932651,1,0,1
"RWA",2013,706,"RWANDA",714,"PSI","2-Dec-13","1-Dec-16",2016,"1-Dec-18",NA,NA,"11-Jun-18","P1","R9","BLANK","SB",20.1,"1.1. Revenue measures, excluding trade policy","Revise exemption and zero-rating schedules under the VAT-code.",1,"06/30/2014","M","Introduced at R0. Macroeconomic rationale: to enhance revenue mobilization.",9,1,"30-Jun-14",NA,NA,NA,NA,43.260980041775,0.4791,28.2738613218304,0.106275401403098,47.728426891862,47.8347022932651,1,0,1
"RWA",2013,706,"RWANDA",714,"PSI","2-Dec-13","1-Dec-16",2016,"1-Dec-18",NA,NA,"11-Jun-18","P1","R9","BLANK","SB",20.1,"1.1. Revenue measures, excluding trade policy","Revise legislation on the taxation of property.",2,"12/31/2014","MOD-SB","Introduced at R0. Macroeconomic rationale: to enhance revenue mobilization. At R2, replaced with 2 measures (""revise law on Dencentralized Local Government.."" and ""Fully migrate one district in Kigali..."")",9,2,"31-Dec-14",NA,NA,NA,NA,43.260980041775,0.4791,28.2738613218304,0.106275401403098,47.728426891862,47.8347022932651,1,0,1
"RWA",2013,706,"RWANDA",714,"PSI","2-Dec-13","1-Dec-16",2016,"1-Dec-18",NA,NA,"11-Jun-18","P1","R9","BLANK","SB",20.1,"1.1. Revenue measures, excluding trade policy","Produce a tax expenditure report on measures associated with the Investment Tax Policy and Made In Rwanda campaign with the objective of designing a cost/benefits framework to monitor the impact of these incentives.",3,"09/30/2017","M","At R7, the new content is replaced of ""Share draft study on new tax regime for agriculture"".",9,3,"30-Sep-17",NA,NA,NA,NA,43.260980041775,0.4791,28.2738613218304,0.106275401403098,47.728426891862,47.8347022932651,1,0,1
"RWA",2013,706,"RWANDA",714,"PSI","2-Dec-13","1-Dec-16",2016,"1-Dec-18",NA,NA,"11-Jun-18","P1","R9","BLANK","SB",20.1,"1.1. Revenue measures, excluding trade policy","Prepare legislative proposal for new tax regime for mining.",4,"12/31/2014","MOD-DATE","Introduced at R0. Macroeconomic rationale: to enhance revenue mobilization. At R2, new test date of end-January 2015 specified.",9,4,"31-Dec-14",NA,NA,NA,NA,43.260980041775,0.4791,28.2738613218304,0.106275401403098,47.728426891862,47.8347022932651,1,0,1
"RWA",2013,706,"RWANDA",714,"PSI","2-Dec-13","1-Dec-16",2016,"1-Dec-18",NA,NA,"11-Jun-18","P1","R9","BLANK","SB",20.1,"1.1. Revenue measures, excluding trade policy","Prepare legislative proposal for new tax regime for mining.",4,"01/31/2015","MOD-DATE","At R2, new test date. At R3, not met. Date changed to end September 2015 as  part of the proposed Income Tax Law.",9,4,"31-Jan-15",NA,NA,NA,NA,43.260980041775,0.4791,28.2738613218304,0.106275401403098,47.728426891862,47.8347022932651,1,0,1
"RWA",2013,706,"RWANDA",714,"PSI","2-Dec-13","1-Dec-16",2016,"1-Dec-18",NA,NA,"11-Jun-18","P1","R9","BLANK","SB",20.1,"1.1. Revenue measures, excluding trade policy","Prepare legislative proposal for new tax regime for mining.",4,"09/30/2015","M","At R4, met.",9,4,"30-Sep-15",NA,NA,NA,NA,43.260980041775,0.4791,28.2738613218304,0.106275401403098,47.728426891862,47.8347022932651,1,0,1
"RWA",2013,706,"RWANDA",714,"PSI","2-Dec-13","1-Dec-16",2016,"31-Dec-17",NA,NA,"8-Jun-16","P1","R5","BLANK","SB",20.2,"1.2. Revenue administration, including customs","Review the block grant formula on the basis of the Local Government Revenue Potential Study.",2,"09/30/2014","M","At R1, new test date specified. At R2, met.",5,2,"30-Sep-14",NA,NA,NA,NA,43.260980041775,0.4791,28.2738613218304,0.106275401403098,47.728426891862,47.8347022932651,1,0,1
"RWA",2013,706,"RWANDA",714,"PSI","2-Dec-13","1-Dec-16",2016,"31-Dec-17",NA,NA,"8-Jun-16","P1","R5","BLANK","SB",20.3,"1.3. Expenditure measures, including arrears clearance","Submit revised National Investment Policy to Cabinet.",1,"06/30/2016","SB","Introduced at R5.",5,1,"30-Jun-16",NA,NA,NA,NA,43.260980041775,0.4791,28.2738613218304,0.106275401403098,47.728426891862,47.8347022932651,1,0,1
"RWA",2013,706,"RWANDA",714,"PSI","2-Dec-13","1-Dec-16",2016,"31-Dec-17",NA,NA,"8-Jun-16","P1","R5","BLANK","SB",20.6,"1.6. Expenditure auditing, accounting, and financial controls","Pilot the extension of IFMIS to 20 development projects.",1,"06/30/2014","M","Introduced at R0. Macroeconomic rationale: to strengthen budget execution and controls.",5,1,"30-Jun-14",NA,NA,NA,NA,43.260980041775,0.4791,28.2738613218304,0.106275401403098,47.728426891862,47.8347022932651,1,0,1
"RWA",2013,706,"RWANDA",714,"PSI","2-Dec-13","1-Dec-16",2016,"31-Dec-17",NA,NA,"8-Jun-16","P1","R5","BLANK","SB",20.6,"1.6. Expenditure auditing, accounting, and financial controls","Share IPSAS roadmap which includes government accounting policy for fixed assets is developed and implemented.",2,"06/30/2016","MOD-SB","Introduced at R4. Macroeconomic rationale: To improve accountability and help Rwanda attain the EAMU fiscal reporting convergence. At R5, text of condition is revised to ""Develop and implement IPSAS roadmap...""",5,2,"30-Jun-16",NA,NA,NA,NA,43.260980041775,0.4791,28.2738613218304,0.106275401403098,47.728426891862,47.8347022932651,1,0,1
"RWA",2013,706,"RWANDA",714,"PSI","2-Dec-13","1-Dec-16",2016,"31-Dec-17",NA,NA,"8-Jun-16","P1","R5","BLANK","SB",20.6,"1.6. Expenditure auditing, accounting, and financial controls","Operationalize IFMIS and E-Procurement interface protocols.",3,"12/31/2016","SB","Introduced at R4. Macroeconomic rationale: To improve efficiency, transparency, and controls in public procurement. This SB also applies to SCF program.",5,3,"31-Dec-16",NA,NA,NA,NA,43.260980041775,0.4791,28.2738613218304,0.106275401403098,47.728426891862,47.8347022932651,1,0,1
"RWA",2013,706,"RWANDA",714,"PSI","2-Dec-13","1-Dec-16",2016,"31-Dec-17",NA,NA,"8-Jun-16","P1","R5","BLANK","SB",20.6,"1.6. Expenditure auditing, accounting, and financial controls","Develop and implement IPSAS roadmap which includes government accounting policy for fixed assets.",4,"06/30/2016","SB","At R5, a revised text on the SB on ""Share the IPSAS roadmap..""",5,4,"30-Jun-16",NA,NA,NA,NA,43.260980041775,0.4791,28.2738613218304,0.106275401403098,47.728426891862,47.8347022932651,1,0,1
"RWA",2013,706,"RWANDA",714,"PSI","2-Dec-13","1-Dec-16",2016,"31-Dec-17",NA,NA,"8-Jun-16","P1","R5","BLANK","SB",20.6,"1.6. Expenditure auditing, accounting, and financial controls","Establish a timeline for the transition of fiscal reporting into the GFS14 framework.",5,"09/30/2016","SB","Introduced at R5.",5,5,"30-Sep-16",NA,NA,NA,NA,43.260980041775,0.4791,28.2738613218304,0.106275401403098,47.728426891862,47.8347022932651,1,0,1
"RWA",2013,706,"RWANDA",714,"PSI","2-Dec-13","1-Dec-16",2016,"31-Dec-17",NA,NA,"8-Jun-16","P1","R5","BLANK","SB",20.6,"1.6. Expenditure auditing, accounting, and financial controls","Design a strategy to incorporate fiscal risks and foreign exchange needs into project planning assessments, starting with PPPs.",6,"06/30/2017","SB","Introduced at R5.",5,6,"30-Jun-17",NA,NA,NA,NA,43.260980041775,0.4791,28.2738613218304,0.106275401403098,47.728426891862,47.8347022932651,1,0,1
"RWA",2013,706,"RWANDA",714,"PSI","2-Dec-13","1-Dec-16",2016,"31-Dec-17",NA,NA,"8-Jun-16","P1","R5","BLANK","SB",20.6,"1.6. Expenditure auditing, accounting, and financial controls","Set up framework for recording donor project support in one sector (e.g. health, education, infrastructure), as an initial step to establishing it more broadly.",7,"12/31/2016","SB","Introduced at R5.",5,7,"31-Dec-16",NA,NA,NA,NA,43.260980041775,0.4791,28.2738613218304,0.106275401403098,47.728426891862,47.8347022932651,1,0,1
"RWA",2013,706,"RWANDA",714,"PSI","2-Dec-13","1-Dec-16",2016,"31-Dec-17",NA,NA,"8-Jun-16","P1","R5","BLANK","SB",20.6,"1.6. Expenditure auditing, accounting, and financial controls","Produce detailed report on tax expenditures for FY15/16.",8,"12/31/2016","SB","Introduced at R5.",5,8,"31-Dec-16",NA,NA,NA,NA,43.260980041775,0.4791,28.2738613218304,0.106275401403098,47.728426891862,47.8347022932651,1,0,1
"RWA",2013,706,"RWANDA",714,"PSI","2-Dec-13","1-Dec-16",2016,"31-Dec-17",NA,NA,"8-Jun-16","P1","R5","BLANK","SB",20.7,"1.7. Fiscal transparency (publication, parliamentary oversight)","Sub-national entities (416) to produce monthly, quarterly, and annual financial reports using a uniform template.",1,"12/31/2015","M","Introduced at R0. Macroeconomic rationale: to improve comprehensiveness and transparency of intergovernmental transfers. At R4, ongoing.",5,1,"31-Dec-15",NA,NA,NA,NA,43.260980041775,0.4791,28.2738613218304,0.106275401403098,47.728426891862,47.8347022932651,1,0,1
"RWA",2013,706,"RWANDA",714,"PSI","2-Dec-13","1-Dec-16",2016,"31-Dec-17",NA,NA,"8-Jun-16","P1","R5","BLANK","SB",20.7,"1.7. Fiscal transparency (publication, parliamentary oversight)","Sub-national entities (416) to produce monthly, quarterly, and annual financial reports using a uniform template.",1,"Continuous","SB","Continuous starting Q4 2015.",5,1,"27-Jun-26",NA,NA,NA,NA,43.260980041775,0.4791,28.2738613218304,0.106275401403098,47.728426891862,47.8347022932651,1,0,1
"RWA",2013,706,"RWANDA",714,"PSI","2-Dec-13","1-Dec-16",2016,"31-Dec-17",NA,NA,"8-Jun-16","P1","R5","BLANK","SB",20.7,"1.7. Fiscal transparency (publication, parliamentary oversight)","MINECOFIN to publish (and put on its website) quarterly reports of budget execution against annual fiscal policy objectives, within 45 days of end of each quarter.",2,"05/31/2014","NM","At R2, not met. Report published with delay.",5,2,"31-May-14",NA,NA,NA,NA,43.260980041775,0.4791,28.2738613218304,0.106275401403098,47.728426891862,47.8347022932651,1,0,1
"RWA",2013,706,"RWANDA",714,"PSI","2-Dec-13","1-Dec-16",2016,"31-Dec-17",NA,NA,"8-Jun-16","P1","R5","BLANK","SB",20.7,"1.7. Fiscal transparency (publication, parliamentary oversight)","MINECOFIN to publish (and put on its website) quarterly reports of budget execution against annual fiscal policy objectives, within 45 days of end of each quarter.",2,"12/31/2014","MD","At R3, report published with delay.",5,2,"31-Dec-14",NA,NA,NA,NA,43.260980041775,0.4791,28.2738613218304,0.106275401403098,47.728426891862,47.8347022932651,1,0,1
"RWA",2013,706,"RWANDA",714,"PSI","2-Dec-13","1-Dec-16",2016,"31-Dec-17",NA,NA,"8-Jun-16","P1","R5","BLANK","SB",20.7,"1.7. Fiscal transparency (publication, parliamentary oversight)","MINECOFIN to publish (and put on its website) quarterly reports of budget execution against annual fiscal policy objectives, within 45 days of end of each quarter.",2,"06/30/2015","NM","At R4, not met.",5,2,"30-Jun-15",NA,NA,NA,NA,43.260980041775,0.4791,28.2738613218304,0.106275401403098,47.728426891862,47.8347022932651,1,0,1
"RWA",2013,706,"RWANDA",714,"PSI","2-Dec-13","1-Dec-16",2016,"31-Dec-17",NA,NA,"8-Jun-16","P1","R5","BLANK","SB",20.7,"1.7. Fiscal transparency (publication, parliamentary oversight)","MINECOFIN to publish (and put on its website) quarterly reports of budget execution against annual fiscal policy objectives, within 45 days of end of each quarter.",2,"12/31/2015","MD",NA,5,2,"31-Dec-15",NA,NA,NA,NA,43.260980041775,0.4791,28.2738613218304,0.106275401403098,47.728426891862,47.8347022932651,1,0,1
"RWA",2013,706,"RWANDA",714,"PSI","2-Dec-13","1-Dec-16",2016,"31-Jan-18",NA,NA,"12-Jul-17","P1","R7","BLANK","SB",20.7,"1.7. Fiscal transparency (publication, parliamentary oversight)","Sub-national entities (416) to produce monthly, quarterly, and annual financial reports using a uniform template.",1,"12/31/2015","M","Introduced at R0. Macroeconomic rationale: to improve comprehensiveness and transparency of intergovernmental transfers. At R4, ongoing.",7,1,"31-Dec-15",NA,NA,NA,NA,43.260980041775,0.4791,28.2738613218304,0.106275401403098,47.728426891862,47.8347022932651,1,0,1
"RWA",2013,706,"RWANDA",714,"PSI","2-Dec-13","1-Dec-16",2016,"31-Jan-18",NA,NA,"12-Jul-17","P1","R7","BLANK","SB",20.7,"1.7. Fiscal transparency (publication, parliamentary oversight)","Sub-national entities (416) to produce monthly, quarterly, and annual financial reports using a uniform template.",1,"Continuous","SB","Continuous starting Q4 2015.",7,1,"27-Jun-26",NA,NA,NA,NA,43.260980041775,0.4791,28.2738613218304,0.106275401403098,47.728426891862,47.8347022932651,1,0,1
"RWA",2013,706,"RWANDA",714,"PSI","2-Dec-13","1-Dec-16",2016,"31-Jan-18",NA,NA,"12-Jul-17","P1","R7","BLANK","SB",20.7,"1.7. Fiscal transparency (publication, parliamentary oversight)","MINECOFIN to publish (and put on its website) quarterly reports of budget execution against annual fiscal policy objectives, within 45 days of end of each quarter.",2,"05/31/2014","NM","At R2, not met. Report published with delay.",7,2,"31-May-14",NA,NA,NA,NA,43.260980041775,0.4791,28.2738613218304,0.106275401403098,47.728426891862,47.8347022932651,1,0,1
"RWA",2013,706,"RWANDA",714,"PSI","2-Dec-13","1-Dec-16",2016,"31-Jan-18",NA,NA,"12-Jul-17","P1","R7","BLANK","SB",20.7,"1.7. Fiscal transparency (publication, parliamentary oversight)","MINECOFIN to publish (and put on its website) quarterly reports of budget execution against annual fiscal policy objectives, within 45 days of end of each quarter.",2,"12/31/2014","MD","At R3, report published with delay.",7,2,"31-Dec-14",NA,NA,NA,NA,43.260980041775,0.4791,28.2738613218304,0.106275401403098,47.728426891862,47.8347022932651,1,0,1
"RWA",2013,706,"RWANDA",714,"PSI","2-Dec-13","1-Dec-16",2016,"31-Jan-18",NA,NA,"12-Jul-17","P1","R7","BLANK","SB",20.7,"1.7. Fiscal transparency (publication, parliamentary oversight)","MINECOFIN to publish (and put on its website) quarterly reports of budget execution against annual fiscal policy objectives, within 45 days of end of each quarter.",2,"06/30/2015","NM","At R4, not met.",7,2,"30-Jun-15",NA,NA,NA,NA,43.260980041775,0.4791,28.2738613218304,0.106275401403098,47.728426891862,47.8347022932651,1,0,1
"RWA",2013,706,"RWANDA",714,"PSI","2-Dec-13","1-Dec-16",2016,"31-Jan-18",NA,NA,"12-Jul-17","P1","R7","BLANK","SB",20.7,"1.7. Fiscal transparency (publication, parliamentary oversight)","MINECOFIN to publish (and put on its website) quarterly reports of budget execution against annual fiscal policy objectives, within 45 days of end of each quarter.",2,"12/31/2015","MD",NA,7,2,"31-Dec-15",NA,NA,NA,NA,43.260980041775,0.4791,28.2738613218304,0.106275401403098,47.728426891862,47.8347022932651,1,0,1
"RWA",2013,706,"RWANDA",714,"PSI","2-Dec-13","1-Dec-16",2016,"31-Jan-18",NA,NA,"12-Jul-17","P1","R7","BLANK","SB",20.7,"1.7. Fiscal transparency (publication, parliamentary oversight)","MINECOFIN to publish (and put on its website) quarterly reports of budget execution against annual fiscal policy objectives, within 45 days of end of each quarter.",2,"03/31/2016","MD","At R4, new test date. At R5, implemented with delay.",7,2,"31-Mar-16",NA,NA,NA,NA,43.260980041775,0.4791,28.2738613218304,0.106275401403098,47.728426891862,47.8347022932651,1,0,1
"RWA",2013,706,"RWANDA",714,"PSI","2-Dec-13","1-Dec-16",2016,NA,NA,NA,"15-Jan-16","P1","R4","BLANK","SB",20.1,"1.1. Revenue measures, excluding trade policy","Revise exemption and zero-rating schedules under the VAT-code.",1,"06/30/2014","M","Introduced at R0. Macroeconomic rationale: to enhance revenue mobilization.",4,1,"30-Jun-14",NA,NA,NA,NA,43.260980041775,0.4791,28.2738613218304,0.106275401403098,47.728426891862,47.8347022932651,1,0,1
"RWA",2013,706,"RWANDA",714,"PSI","2-Dec-13","1-Dec-16",2016,NA,NA,NA,"8-Dec-14","P1","R2","BLANK","SB",21.1,"2.1. Central bank operations and reforms","Prepare plan, based on MCM TA recommendations and NBR assessment, for strengthening monetary and exchange rate operations.",1,"03/31/2014","M","Introduced at R0. Macroeconomic rationale: to strengthen monetary and exchange rate operations and foster greater exchange rate (flexibility). At R1, met.",2,1,"31-Mar-14",NA,NA,NA,NA,43.260980041775,0.4791,28.2738613218304,0.106275401403098,47.728426891862,47.8347022932651,1,0,1
"RWA",2013,706,"RWANDA",714,"PSI","2-Dec-13","1-Dec-16",2016,NA,NA,NA,"8-Dec-14","P1","R2","BLANK","SB",21.1,"2.1. Central bank operations and reforms","Use Treasury bills (or other tradable securities) as the underlying collateral in liquidity absorbing repos.",2,"06/30/2014","M","Introduced at R0. Macroeconomic rationale: to develop money market instruments.",2,2,"30-Jun-14",NA,NA,NA,NA,43.260980041775,0.4791,28.2738613218304,0.106275401403098,47.728426891862,47.8347022932651,1,0,1
"RWA",2013,706,"RWANDA",714,"PSI","2-Dec-13","1-Dec-16",2016,NA,NA,NA,"8-Dec-14","P1","R2","BLANK","SB",21.1,"2.1. Central bank operations and reforms","Issue Treasury bills with maturities of six months and longer as a monetary policy instrument to absorb longer-term liquidity.",3,"12/31/2013","M","Introduced at R0. Macroeconomic rationale: to develop money market instruments. At R1, met.",2,3,"31-Dec-13",NA,NA,NA,NA,43.260980041775,0.4791,28.2738613218304,0.106275401403098,47.728426891862,47.8347022932651,1,0,1
"RWA",2013,706,"RWANDA",714,"PSI","2-Dec-13","1-Dec-16",2016,NA,NA,NA,"8-Dec-14","P1","R2","BLANK","SB",21.1,"2.1. Central bank operations and reforms","Start publishing money market rates (interbank, repo, and T-bill) for different maturities bi-weekly.",4,"12/31/2013","M","Introduced at R0. Macroeconomic rationale: to develop money market instruments. At R1, met.",2,4,"31-Dec-13",NA,NA,NA,NA,43.260980041775,0.4791,28.2738613218304,0.106275401403098,47.728426891862,47.8347022932651,1,0,1
"RWA",2013,706,"RWANDA",714,"PSI","2-Dec-13","1-Dec-16",2016,NA,NA,NA,"8-Dec-14","P1","R2","BLANK","SB",21.1,"2.1. Central bank operations and reforms","Start publishing quarterly inflation reports.",5,"03/31/2014","M","Introduced at R0. Macroeconomic rationale: to improve transparency of monetary policy. At R1, met.",2,5,"31-Mar-14",NA,NA,NA,NA,43.260980041775,0.4791,28.2738613218304,0.106275401403098,47.728426891862,47.8347022932651,1,0,1
"RWA",2013,706,"RWANDA",714,"PSI","2-Dec-13","1-Dec-16",2016,NA,NA,NA,"8-Dec-14","P1","R2","BLANK","SB",21.1,"2.1. Central bank operations and reforms","Start issuing government bonds with maturities of 7 and 10 years.",6,"06/30/2015","SB","Introduced at R2. Macroeconomic rationale: To develop money market instruments.",2,6,"30-Jun-15",NA,NA,NA,NA,43.260980041775,0.4791,28.2738613218304,0.106275401403098,47.728426891862,47.8347022932651,1,0,1
"RWA",2013,706,"RWANDA",714,"PSI","2-Dec-13","1-Dec-16",2016,NA,NA,NA,"8-Dec-14","P1","R2","BLANK","SB",25.1,"6.1. Financial sector legal reforms, regulation, and supervision","Design a deposit guarantee scheme.",1,"06/30/2014","M","Introduced at R0. Macroeconomic rationale: to increase confidence in banking system.",2,1,"30-Jun-14",NA,NA,NA,NA,43.260980041775,0.4791,28.2738613218304,0.106275401403098,47.728426891862,47.8347022932651,1,0,1
"RWA",2013,706,"RWANDA",714,"PSI","2-Dec-13","1-Dec-16",2016,NA,NA,NA,"8-Dec-14","P1","R2","BLANK","SB",29,"10. Economic statistics (excluding fiscal and central bank transparency and similar measures)","NBR to gather high frequency data and undertake economic sentiment surveys.",1,"12/31/2013","M","Introduced at R0. Macroeconomic rationale: to improve quality and timeliness of economic data. At R1, met.",2,1,"31-Dec-13",NA,NA,NA,NA,43.260980041775,0.4791,28.2738613218304,0.106275401403098,47.728426891862,47.8347022932651,1,0,1
"RWA",2013,706,"RWANDA",714,"PSI","2-Dec-13","1-Dec-16",2016,NA,NA,NA,"29-May-15","P1","R3","BLANK","SB",20.1,"1.1. Revenue measures, excluding trade policy","Revise exemption and zero-rating schedules under the VAT-code.",1,"06/30/2014","M","Introduced at R0. Macroeconomic rationale: to enhance revenue mobilization.",3,1,"30-Jun-14",NA,NA,NA,NA,43.260980041775,0.4791,28.2738613218304,0.106275401403098,47.728426891862,47.8347022932651,1,0,1
"RWA",2013,706,"RWANDA",714,"PSI","2-Dec-13","1-Dec-16",2016,NA,NA,NA,"29-May-15","P1","R3","BLANK","SB",20.1,"1.1. Revenue measures, excluding trade policy","Revise legislation on the taxation of property.",2,"12/31/2014","MOD-SB","Introduced at R0. Macroeconomic rationale: to enhance revenue mobilization. At R2, replaced with 2 measures (""revise law on Dencentralized Local Government.."" and ""Fully migrate one district in Kigali..."")",3,2,"31-Dec-14",NA,NA,NA,NA,43.260980041775,0.4791,28.2738613218304,0.106275401403098,47.728426891862,47.8347022932651,1,0,1
"RWA",2013,706,"RWANDA",714,"PSI","2-Dec-13","1-Dec-16",2016,NA,NA,NA,"29-May-15","P1","R3","BLANK","SB",20.1,"1.1. Revenue measures, excluding trade policy","Prepare legislative proposal for new tax regime for agriculture.",3,"12/31/2014","MOD-DATE","Introduced at R0. Macroeconomic rationale: to enhance revenue mobilization. At R2, new test date of end-December 2015.",3,3,"31-Dec-14",NA,NA,NA,NA,43.260980041775,0.4791,28.2738613218304,0.106275401403098,47.728426891862,47.8347022932651,1,0,1
"RWA",2013,706,"RWANDA",714,"PSI","2-Dec-13","1-Dec-16",2016,NA,NA,NA,"29-May-15","P1","R3","BLANK","SB",20.1,"1.1. Revenue measures, excluding trade policy","Prepare legislative proposal for new tax regime for agriculture.",3,"12/31/2015","MOD-SB","At R2, new test date. At R3, split into 2 benchmarks -- 1. ""Prepare study on new tax regime for agriculture."" with test date of end-Dec. 2015; and 2. same text as original benchmark but with end-June 2016 test date.",3,3,"31-Dec-15",NA,NA,NA,NA,43.260980041775,0.4791,28.2738613218304,0.106275401403098,47.728426891862,47.8347022932651,1,0,1
"RWA",2013,706,"RWANDA",714,"PSI","2-Dec-13","1-Dec-16",2016,NA,NA,NA,"29-May-15","P1","R3","BLANK","SB",20.7,"1.7. Fiscal transparency (publication, parliamentary oversight)","MINECOFIN to publish (and put on its website) quarterly reports of budget execution against annual fiscal policy objectives, within 45 days of end of each quarter.",2,"12/31/2014","MD","At R3, report published with delay.",3,2,"31-Dec-14",NA,NA,NA,NA,43.260980041775,0.4791,28.2738613218304,0.106275401403098,47.728426891862,47.8347022932651,1,0,1
"RWA",2013,706,"RWANDA",714,"PSI","2-Dec-13","1-Dec-16",2016,NA,NA,NA,"29-May-15","P1","R3","BLANK","SB",20.7,"1.7. Fiscal transparency (publication, parliamentary oversight)","MINECOFIN to publish (and put on its website) quarterly reports of budget execution against annual fiscal policy objectives, within 45 days of end of each quarter.",2,"Quarterly","SB","Introduced at R1. Continuous starting mid-May 2014. Macroeconomic rationale: To improve fiscal transparency",3,2,"27-Jun-26",NA,NA,NA,NA,43.260980041775,0.4791,28.2738613218304,0.106275401403098,47.728426891862,47.8347022932651,1,0,1
"RWA",2013,706,"RWANDA",714,"PSI","2-Dec-13","1-Dec-16",2016,NA,NA,NA,"29-May-15","P1","R3","BLANK","SB",20.8,"1.8. Budget preparation (e.g., submission or approval)","Prepare tax expenditure budget covering main tax expenditures.",1,"06/30/2014","M","Annually, starting end-June 2014. Met for R2.",3,1,"30-Jun-14",NA,NA,NA,NA,43.260980041775,0.4791,28.2738613218304,0.106275401403098,47.728426891862,47.8347022932651,1,0,1
"RWA",2013,706,"RWANDA",714,"PSI","2-Dec-13","1-Dec-16",2016,NA,NA,NA,"29-May-15","P1","R3","BLANK","SB",20.8,"1.8. Budget preparation (e.g., submission or approval)","Prepare tax expenditure budget covering main tax expenditures.",1,"06/30/2015","SB","Annually starting in June 2014.",3,1,"30-Jun-15",NA,NA,NA,NA,43.260980041775,0.4791,28.2738613218304,0.106275401403098,47.728426891862,47.8347022932651,1,0,1
"RWA",2013,706,"RWANDA",714,"PSI","2-Dec-13","1-Dec-16",2016,NA,NA,NA,"29-May-15","P1","R3","BLANK","SB",20.8,"1.8. Budget preparation (e.g., submission or approval)","Prepare tax expenditure budget covering main tax expenditures.",1,"Other","SB","Introduced at R0. Annually starting end-June 2014. Macroeconomic rationale: to enhance revenue mobilization.",3,1,"27-Jun-26",NA,NA,NA,NA,43.260980041775,0.4791,28.2738613218304,0.106275401403098,47.728426891862,47.8347022932651,1,0,1
"RWA",2013,706,"RWANDA",714,"PSI","2-Dec-13","1-Dec-16",2016,NA,NA,NA,"29-May-15","P1","R3","BLANK","SB",21.1,"2.1. Central bank operations and reforms","Prepare plan, based on MCM TA recommendations and NBR assessment, for strengthening monetary and exchange rate operations.",1,"03/31/2014","M","Introduced at R0. Macroeconomic rationale: to strengthen monetary and exchange rate operations and foster greater exchange rate (flexibility). At R1, met.",3,1,"31-Mar-14",NA,NA,NA,NA,43.260980041775,0.4791,28.2738613218304,0.106275401403098,47.728426891862,47.8347022932651,1,0,1
"RWA",2013,706,"RWANDA",714,"PSI","2-Dec-13","1-Dec-16",2016,NA,NA,NA,"29-May-15","P1","R3","BLANK","SB",21.1,"2.1. Central bank operations and reforms","Use Treasury bills (or other tradable securities) as the underlying collateral in liquidity absorbing repos.",2,"06/30/2014","M","Introduced at R0. Macroeconomic rationale: to develop money market instruments.",3,2,"30-Jun-14",NA,NA,NA,NA,43.260980041775,0.4791,28.2738613218304,0.106275401403098,47.728426891862,47.8347022932651,1,0,1
"RWA",2013,706,"RWANDA",714,"PSI","2-Dec-13","1-Dec-16",2016,NA,NA,NA,"29-May-15","P1","R3","BLANK","SB",20.7,"1.7. Fiscal transparency (publication, parliamentary oversight)","Sub-national entities (416) to produce monthly, quarterly, and annual financial reports using a uniform template.",1,"12/31/2015","SB","Introduced at R0. Macroeconomic rationale: to improve comprehensiveness and transparency of intergovernmental transfers.",3,1,"31-Dec-15",NA,NA,NA,NA,43.260980041775,0.4791,28.2738613218304,0.106275401403098,47.728426891862,47.8347022932651,1,0,1
"RWA",2013,706,"RWANDA",714,"PSI","2-Dec-13","1-Dec-16",2016,NA,NA,NA,"29-May-15","P1","R3","BLANK","SB",20.7,"1.7. Fiscal transparency (publication, parliamentary oversight)","MINECOFIN to publish (and put on its website) quarterly reports of budget execution against annual fiscal policy objectives, within 45 days of end of each quarter.",2,"05/31/2014","NM","At R2, not met. Report published with delay.",3,2,"31-May-14",NA,NA,NA,NA,43.260980041775,0.4791,28.2738613218304,0.106275401403098,47.728426891862,47.8347022932651,1,0,1
"RWA",2013,706,"RWANDA",714,"PSI","2-Dec-13","1-Dec-16",2016,NA,NA,NA,"15-Jan-16","P1","R4","BLANK","SB",20.1,"1.1. Revenue measures, excluding trade policy","Prepare legislative proposal for new tax regime for agriculture.",3,"12/31/2015","MOD-SB","At R2, new test date. At R3, split into 2 benchmarks -- 1. ""Prepare study on new tax regime for agriculture."" with test date of end-Dec. 2015; and 2. same text as original benchmark but with end-June 2016 test date.",4,3,"31-Dec-15",NA,NA,NA,NA,43.260980041775,0.4791,28.2738613218304,0.106275401403098,47.728426891862,47.8347022932651,1,0,1
"RWA",2013,706,"RWANDA",714,"PSI","2-Dec-13","1-Dec-16",2016,NA,NA,NA,"29-May-15","P1","R3","BLANK","SB",20.6,"1.6. Expenditure auditing, accounting, and financial controls","Pilot the extension of IFMIS to 20 development projects.",1,"06/30/2014","M","Introduced at R0. Macroeconomic rationale: to strengthen budget execution and controls.",3,1,"30-Jun-14",NA,NA,NA,NA,43.260980041775,0.4791,28.2738613218304,0.106275401403098,47.728426891862,47.8347022932651,1,0,1
"RWA",2013,706,"RWANDA",714,"PSI","2-Dec-13","1-Dec-16",2016,NA,NA,NA,"15-Jan-16","P1","R4","BLANK","SB",20.1,"1.1. Revenue measures, excluding trade policy","Revise legislation on the taxation of property.",2,"12/31/2014","MOD-SB","Introduced at R0. Macroeconomic rationale: to enhance revenue mobilization. At R2, replaced with 2 measures (""revise law on Dencentralized Local Government.."" and ""Fully migrate one district in Kigali..."")",4,2,"31-Dec-14",NA,NA,NA,NA,43.260980041775,0.4791,28.2738613218304,0.106275401403098,47.728426891862,47.8347022932651,1,0,1
"RWA",2013,706,"RWANDA",714,"PSI","2-Dec-13","1-Dec-16",2016,NA,NA,NA,"15-Jan-16","P1","R4","BLANK","SB",20.1,"1.1. Revenue measures, excluding trade policy","Prepare legislative proposal for new tax regime for agriculture.",3,"12/31/2014","MOD-DATE","Introduced at R0. Macroeconomic rationale: to enhance revenue mobilization. At R2, new test date of end-December 2015.",4,3,"31-Dec-14",NA,NA,NA,NA,43.260980041775,0.4791,28.2738613218304,0.106275401403098,47.728426891862,47.8347022932651,1,0,1
"RWA",2013,706,"RWANDA",714,"PSI","2-Dec-13","1-Dec-16",2016,NA,NA,NA,"15-Jan-16","P1","R4","BLANK","SB",20.1,"1.1. Revenue measures, excluding trade policy","Prepare legislative proposal for new tax regime for mining.",4,"12/31/2014","MOD-DATE","Introduced at R0. Macroeconomic rationale: to enhance revenue mobilization. At R2, new test date of end-January 2015 specified.",4,4,"31-Dec-14",NA,NA,NA,NA,43.260980041775,0.4791,28.2738613218304,0.106275401403098,47.728426891862,47.8347022932651,1,0,1
"RWA",2013,706,"RWANDA",714,"PSI","2-Dec-13","1-Dec-16",2016,"1-Dec-18",NA,NA,"11-Jun-18","P1","R9","BLANK","SB",21.1,"2.1. Central bank operations and reforms","Issue Treasury bills with maturities of six months and longer as a monetary policy instrument to absorb longer-term liquidity.",3,"12/31/2013","M","Introduced at R0. Macroeconomic rationale: to develop money market instruments. At R1, met.",9,3,"31-Dec-13",NA,NA,NA,NA,43.260980041775,0.4791,28.2738613218304,0.106275401403098,47.728426891862,47.8347022932651,1,0,1
"RWA",2013,706,"RWANDA",714,"PSI","2-Dec-13","1-Dec-16",2016,"1-Dec-18",NA,NA,"11-Jun-18","P1","R9","BLANK","SB",21.1,"2.1. Central bank operations and reforms","Start publishing money market rates (interbank, repo, and T-bill) for different maturities bi-weekly.",4,"12/31/2013","M","Introduced at R0. Macroeconomic rationale: to develop money market instruments. At R1, met.",9,4,"31-Dec-13",NA,NA,NA,NA,43.260980041775,0.4791,28.2738613218304,0.106275401403098,47.728426891862,47.8347022932651,1,0,1
"RWA",2013,706,"RWANDA",714,"PSI","2-Dec-13","1-Dec-16",2016,"1-Dec-18",NA,NA,"11-Jun-18","P1","R9","BLANK","SB",21.1,"2.1. Central bank operations and reforms","Start publishing quarterly inflation reports.",5,"03/31/2014","M","Introduced at R0. Macroeconomic rationale: to improve transparency of monetary policy. At R1, met.",9,5,"31-Mar-14",NA,NA,NA,NA,43.260980041775,0.4791,28.2738613218304,0.106275401403098,47.728426891862,47.8347022932651,1,0,1
"RWA",2013,706,"RWANDA",714,"PSI","2-Dec-13","1-Dec-16",2016,"1-Dec-18",NA,NA,"11-Jun-18","P1","R9","BLANK","SB",21.1,"2.1. Central bank operations and reforms","Start issuing government bonds with maturities of 7 and 10 years.",6,"06/30/2015","M","Introduced at R2. Macroeconomic rationale: To develop money market instruments.",9,6,"30-Jun-15",NA,NA,NA,NA,43.260980041775,0.4791,28.2738613218304,0.106275401403098,47.728426891862,47.8347022932651,1,0,1
"RWA",2013,706,"RWANDA",714,"PSI","2-Dec-13","1-Dec-16",2016,"1-Dec-18",NA,NA,"11-Jun-18","P1","R9","BLANK","SB",21.1,"2.1. Central bank operations and reforms","Develop a methodology to identify policy interest rate consistent with the identified range of excess reserves.",7,"06/30/2017","M","Introduced at R5.",9,7,"30-Jun-17",NA,NA,NA,NA,43.260980041775,0.4791,28.2738613218304,0.106275401403098,47.728426891862,47.8347022932651,1,0,1
"RWA",2013,706,"RWANDA",714,"PSI","2-Dec-13","1-Dec-16",2016,"1-Dec-18",NA,NA,"11-Jun-18","P1","R9","BLANK","SB",21.1,"2.1. Central bank operations and reforms","Establish an optimal level of headline or core inflation target range for monetary policy.",8,"12/01/2018","SB","Introduced at R8 for R10.",9,8,"1-Dec-18",NA,NA,NA,NA,43.260980041775,0.4791,28.2738613218304,0.106275401403098,47.728426891862,47.8347022932651,1,0,1
"RWA",2013,706,"RWANDA",714,"PSI","2-Dec-13","1-Dec-16",2016,"1-Dec-18",NA,NA,"11-Jun-18","P1","R9","BLANK","SB",21.1,"2.1. Central bank operations and reforms","Develop and adopt a communication strategy on the objectives and operations of the monetary policy framework to enhance BNR transparency and accountability.",9,"12/01/2018","SB","Introduced at R8 for R10.",9,9,"1-Dec-18",NA,NA,NA,NA,43.260980041775,0.4791,28.2738613218304,0.106275401403098,47.728426891862,47.8347022932651,1,0,1
"RWA",2013,706,"RWANDA",714,"PSI","2-Dec-13","1-Dec-16",2016,"1-Dec-18",NA,NA,"11-Jun-18","P1","R9","BLANK","SB",25.1,"6.1. Financial sector legal reforms, regulation, and supervision","Design a deposit guarantee scheme.",1,"06/30/2014","M","Introduced at R0. Macroeconomic rationale: to increase confidence in banking system.",9,1,"30-Jun-14",NA,NA,NA,NA,43.260980041775,0.4791,28.2738613218304,0.106275401403098,47.728426891862,47.8347022932651,1,0,1
"RWA",2013,706,"RWANDA",714,"PSI","2-Dec-13","1-Dec-16",2016,"1-Dec-18",NA,NA,"12-Jan-18","P1","R8","BLANK","SB",20.1,"1.1. Revenue measures, excluding trade policy","Submit revised Law on Tax Procedures to Cabinet.",9,"6/30/2016","M","Introduced at R4. Macroeconomic rationale: To enhance revenue mobilization. This SB also applies to SCF program.  Met at R6 for PSI (R1 for SCF).",8,9,"30-Jun-16",NA,NA,NA,NA,43.260980041775,0.4791,28.2738613218304,0.106275401403098,47.728426891862,47.8347022932651,1,0,1
"RWA",2013,706,"RWANDA",714,"PSI","2-Dec-13","1-Dec-16",2016,"1-Dec-18",NA,NA,"12-Jan-18","P1","R8","BLANK","SB",20.1,"1.1. Revenue measures, excluding trade policy","Share draft study on new tax regime for agriculture.",10,"11/30/2016","MOD-DATE","Introduced at R4. Macroeconomic rationale: To enhance revenue mobilization.",8,10,"30-Nov-16",NA,NA,NA,NA,43.260980041775,0.4791,28.2738613218304,0.106275401403098,47.728426891862,47.8347022932651,1,0,1
"RWA",2013,706,"RWANDA",714,"PSI","2-Dec-13","1-Dec-16",2016,"1-Dec-18",NA,NA,"12-Jan-18","P1","R8","BLANK","SB",20.1,"1.1. Revenue measures, excluding trade policy","Share draft study on new tax regime for agriculture.",10,"09/30/2017","MOD-SB","Introduced at R5. At R7, the content is modified as a new SB.",8,10,"30-Sep-17",NA,NA,NA,NA,43.260980041775,0.4791,28.2738613218304,0.106275401403098,47.728426891862,47.8347022932651,1,0,1
"RWA",2013,706,"RWANDA",714,"PSI","2-Dec-13","1-Dec-16",2016,"1-Dec-18",NA,NA,"12-Jan-18","P1","R8","BLANK","SB",20.1,"1.1. Revenue measures, excluding trade policy","Submit to Parliament revised legislation on fixed asset tax.",12,"03/31/2017","MOD-DATE","Introduced at R5. At R7, not met, reset test date to 8th PSI review.",8,12,"31-Mar-17",NA,NA,NA,NA,43.260980041775,0.4791,28.2738613218304,0.106275401403098,47.728426891862,47.8347022932651,1,0,1
"RWA",2013,706,"RWANDA",714,"PSI","2-Dec-13","1-Dec-16",2016,"1-Dec-18",NA,NA,"12-Jan-18","P1","R8","BLANK","SB",20.1,"1.1. Revenue measures, excluding trade policy","Submit to Parliament revised legislation on fixed asset tax.",12,"11/30/2017","M","Reset test date at R7.",8,12,"30-Nov-17",NA,NA,NA,NA,43.260980041775,0.4791,28.2738613218304,0.106275401403098,47.728426891862,47.8347022932651,1,0,1
"RWA",2013,706,"RWANDA",714,"PSI","2-Dec-13","1-Dec-16",2016,"1-Dec-18",NA,NA,"12-Jan-18","P1","R8","BLANK","SB",20.1,"1.1. Revenue measures, excluding trade policy","Initiate the rollout of ""EBM for all"" pilot, with the intent of reaching 10,000 taxpayers within one year.",13,"10/31/2017","M","Introduced at R1 of SCF.",8,13,"31-Oct-17",NA,NA,NA,NA,43.260980041775,0.4791,28.2738613218304,0.106275401403098,47.728426891862,47.8347022932651,1,0,1
"RWA",2013,706,"RWANDA",714,"PSI","2-Dec-13","1-Dec-16",2016,"1-Dec-18",NA,NA,"12-Jan-18","P1","R8","BLANK","SB",20.1,"1.1. Revenue measures, excluding trade policy","Initiate the rollout of “EBM version 2” pilot, with the intent of reaching 1,000 new EBM users",14,"12/01/2018","SB","Introduced at R8 for R10.",8,14,"1-Dec-18",NA,NA,NA,NA,43.260980041775,0.4791,28.2738613218304,0.106275401403098,47.728426891862,47.8347022932651,1,0,1
"RWA",2013,706,"RWANDA",714,"PSI","2-Dec-13","1-Dec-16",2016,"1-Dec-18",NA,NA,"12-Jan-18","P1","R8","BLANK","SB",20.2,"1.2. Revenue administration, including customs","Implement plan for better enforcement of tax payer compliance.",1,"6/30/2014","M","Introduced at R0. Macroeconomic rationale: to enhance revenue mobilization.",8,1,"30-Jun-14",NA,NA,NA,NA,43.260980041775,0.4791,28.2738613218304,0.106275401403098,47.728426891862,47.8347022932651,1,0,1
"RWA",2013,706,"RWANDA",714,"PSI","2-Dec-13","1-Dec-16",2016,"1-Dec-18",NA,NA,"12-Jan-18","P1","R8","BLANK","SB",20.2,"1.2. Revenue administration, including customs","Review the block grant formula on the basis of the Local Government Revenue Potential Study.",2,"06/30/2014","MOD-DATE","Introduced at R0. Macroeconomic rationale: to enhance collection of districts own revenues. At R1, test date revised from end-June 2014 to end-September 2014.",8,2,"30-Jun-14",NA,NA,NA,NA,43.260980041775,0.4791,28.2738613218304,0.106275401403098,47.728426891862,47.8347022932651,1,0,1
"RWA",2013,706,"RWANDA",714,"PSI","2-Dec-13","1-Dec-16",2016,"1-Dec-18",NA,NA,"12-Jan-18","P1","R8","BLANK","SB",20.2,"1.2. Revenue administration, including customs","Review the block grant formula on the basis of the Local Government Revenue Potential Study.",2,"09/30/2014","M","At R1, new test date specified. At R2, met.",8,2,"30-Sep-14",NA,NA,NA,NA,43.260980041775,0.4791,28.2738613218304,0.106275401403098,47.728426891862,47.8347022932651,1,0,1
"RWA",2013,706,"RWANDA",714,"PSI","2-Dec-13","1-Dec-16",2016,"1-Dec-18",NA,NA,"12-Jan-18","P1","R8","BLANK","SB",20.2,"1.2. Revenue administration, including customs","Approve new risk management plan for FY17/18 to improve tax compliance.",3,"06/30/2017","M","Introduced at R1 of SCF.",8,3,"30-Jun-17",NA,NA,NA,NA,43.260980041775,0.4791,28.2738613218304,0.106275401403098,47.728426891862,47.8347022932651,1,0,1
"RWA",2013,706,"RWANDA",714,"PSI","2-Dec-13","1-Dec-16",2016,"1-Dec-18",NA,NA,"12-Jan-18","P1","R8","BLANK","SB",20.2,"1.2. Revenue administration, including customs","Issue report on ""clean up"" of tax registry.",4,"09/30/2017","M","Introduced at R1 of SCF.",8,4,"30-Sep-17",NA,NA,NA,NA,43.260980041775,0.4791,28.2738613218304,0.106275401403098,47.728426891862,47.8347022932651,1,0,1
"RWA",2013,706,"RWANDA",714,"PSI","2-Dec-13","1-Dec-16",2016,"1-Dec-18",NA,NA,"12-Jan-18","P1","R8","BLANK","SB",20.3,"1.3. Expenditure measures, including arrears clearance","Submit revised National Investment Policy to Cabinet.",1,"06/30/2016","MOD-DATE","Introduced at R5. At R6, not met, reset test date to March 2017.",8,1,"30-Jun-16",NA,NA,NA,NA,43.260980041775,0.4791,28.2738613218304,0.106275401403098,47.728426891862,47.8347022932651,1,0,1
"RWA",2013,706,"RWANDA",714,"PSI","2-Dec-13","1-Dec-16",2016,"1-Dec-18",NA,NA,"12-Jan-18","P1","R8","BLANK","SB",20.3,"1.3. Expenditure measures, including arrears clearance","Submit revised National Investment Policy to Cabinet.",1,"3/31/2017","MD","Reset test date at R6. At R7, not met, completed in April 2017.",8,1,"31-Mar-17",NA,NA,NA,NA,43.260980041775,0.4791,28.2738613218304,0.106275401403098,47.728426891862,47.8347022932651,1,0,1
"RWA",2013,706,"RWANDA",714,"PSI","2-Dec-13","1-Dec-16",2016,"1-Dec-18",NA,NA,"12-Jan-18","P1","R8","BLANK","SB",20.6,"1.6. Expenditure auditing, accounting, and financial controls","Pilot the extension of IFMIS to 20 development projects.",1,"6/30/2014","M","Introduced at R0. Macroeconomic rationale: to strengthen budget execution and controls.",8,1,"30-Jun-14",NA,NA,NA,NA,43.260980041775,0.4791,28.2738613218304,0.106275401403098,47.728426891862,47.8347022932651,1,0,1
"RWA",2013,706,"RWANDA",714,"PSI","2-Dec-13","1-Dec-16",2016,"1-Dec-18",NA,NA,"12-Jan-18","P1","R8","BLANK","SB",20.6,"1.6. Expenditure auditing, accounting, and financial controls","Share IPSAS roadmap which includes government accounting policy for fixed assets is developed and implemented.",2,"06/30/2016","MOD-SB","Introduced at R4. Macroeconomic rationale: To improve accountability and help Rwanda attain the EAMU fiscal reporting convergence. At R5, text of condition is revised to ""Develop and implement IPSAS roadmap...""",8,2,"30-Jun-16",NA,NA,NA,NA,43.260980041775,0.4791,28.2738613218304,0.106275401403098,47.728426891862,47.8347022932651,1,0,1
"RWA",2013,706,"RWANDA",714,"PSI","2-Dec-13","1-Dec-16",2016,"1-Dec-18",NA,NA,"12-Jan-18","P1","R8","BLANK","SB",20.6,"1.6. Expenditure auditing, accounting, and financial controls","Operationalize IFMIS and E-Procurement interface protocols.",3,"12/31/2016","M","Introduced at R4. Macroeconomic rationale: To improve efficiency, transparency, and controls in public procurement. This SB also applies to SCF program.",8,3,"31-Dec-16",NA,NA,NA,NA,43.260980041775,0.4791,28.2738613218304,0.106275401403098,47.728426891862,47.8347022932651,1,0,1
"RWA",2013,706,"RWANDA",714,"PSI","2-Dec-13","1-Dec-16",2016,"1-Dec-18",NA,NA,"12-Jan-18","P1","R8","BLANK","SB",20.6,"1.6. Expenditure auditing, accounting, and financial controls","Develop and implement IPSAS roadmap which includes government accounting policy for fixed assets.",4,"6/30/2016","M","At R5, a revised text on the SB on ""Share the IPSAS roadmap.."" Met at R6 for PSI (R1 for SCF).",8,4,"30-Jun-16",NA,NA,NA,NA,43.260980041775,0.4791,28.2738613218304,0.106275401403098,47.728426891862,47.8347022932651,1,0,1
"RWA",2013,706,"RWANDA",714,"PSI","2-Dec-13","1-Dec-16",2016,"1-Dec-18",NA,NA,"12-Jan-18","P1","R8","BLANK","SB",20.6,"1.6. Expenditure auditing, accounting, and financial controls","Establish a timeline for the transition of fiscal reporting into the GFS14 framework.",5,"9/30/2016","M","Introduced at R5. Met at R6 for PSI (R1 for SCF).",8,5,"30-Sep-16",NA,NA,NA,NA,43.260980041775,0.4791,28.2738613218304,0.106275401403098,47.728426891862,47.8347022932651,1,0,1
"RWA",2013,706,"RWANDA",714,"PSI","2-Dec-13","1-Dec-16",2016,NA,NA,NA,"29-May-14","P1","R1","BLANK","SB",20.7,"1.7. Fiscal transparency (publication, parliamentary oversight)","MINECOFIN to publish (and put on its website) quarterly reports of budget execution against annual fiscal policy objectives, within 45 days of end of each quarter.",2,"Quarterly","SB","Introduced at R1. Continuous starting mid-May 2014. Macroeconomic rationale: To improve fiscal transparency",1,2,"27-Jun-26",NA,NA,NA,NA,43.260980041775,0.4791,28.2738613218304,0.106275401403098,47.728426891862,47.8347022932651,1,0,1
"RWA",2013,706,"RWANDA",714,"PSI","2-Dec-13","1-Dec-16",2016,NA,NA,NA,"29-May-14","P1","R1","BLANK","SB",20.8,"1.8. Budget preparation (e.g., submission or approval)","Prepare tax expenditure budget covering main tax expenditures.",1,"06/30/2014","SB","Annually, starting end-June 2014.",1,1,"30-Jun-14",NA,NA,NA,NA,43.260980041775,0.4791,28.2738613218304,0.106275401403098,47.728426891862,47.8347022932651,1,0,1
"RWA",2013,706,"RWANDA",714,"PSI","2-Dec-13","1-Dec-16",2016,NA,NA,NA,"29-May-14","P1","R1","BLANK","SB",20.8,"1.8. Budget preparation (e.g., submission or approval)","Prepare tax expenditure budget covering main tax expenditures.",1,"Other","SB","Introduced at R0. Annually starting end-June 2014. Macroeconomic rationale: to enhance revenue mobilization.",1,1,"27-Jun-26",NA,NA,NA,NA,43.260980041775,0.4791,28.2738613218304,0.106275401403098,47.728426891862,47.8347022932651,1,0,1
"RWA",2013,706,"RWANDA",714,"PSI","2-Dec-13","1-Dec-16",2016,NA,NA,NA,"29-May-14","P1","R1","BLANK","SB",21.1,"2.1. Central bank operations and reforms","Prepare plan, based on MCM TA recommendations and NBR assessment, for strengthening monetary and exchange rate operations.",1,"03/31/2014","M","Introduced at R0. Macroeconomic rationale: to strengthen monetary and exchange rate operations and foster greater exchange rate (flexibility). At R1, met.",1,1,"31-Mar-14",NA,NA,NA,NA,43.260980041775,0.4791,28.2738613218304,0.106275401403098,47.728426891862,47.8347022932651,1,0,1
"RWA",2013,706,"RWANDA",714,"PSI","2-Dec-13","1-Dec-16",2016,NA,NA,NA,"29-May-14","P1","R1","BLANK","SB",21.1,"2.1. Central bank operations and reforms","Use Treasury bills (or other tradable securities) as the underlying collateral in liquidity absorbing repos.",2,"06/30/2014","SB","Introduced at R0. Macroeconomic rationale: to develop money market instruments.",1,2,"30-Jun-14",NA,NA,NA,NA,43.260980041775,0.4791,28.2738613218304,0.106275401403098,47.728426891862,47.8347022932651,1,0,1
"RWA",2013,706,"RWANDA",714,"PSI","2-Dec-13","1-Dec-16",2016,NA,NA,NA,"29-May-14","P1","R1","BLANK","SB",21.1,"2.1. Central bank operations and reforms","Issue Treasury bills with maturities of six months and longer as a monetary policy instrument to absorb longer-term liquidity.",3,"12/31/2013","M","Introduced at R0. Macroeconomic rationale: to develop money market instruments. At R1, met.",1,3,"31-Dec-13",NA,NA,NA,NA,43.260980041775,0.4791,28.2738613218304,0.106275401403098,47.728426891862,47.8347022932651,1,0,1
"RWA",2013,706,"RWANDA",714,"PSI","2-Dec-13","1-Dec-16",2016,NA,NA,NA,"29-May-14","P1","R1","BLANK","SB",21.1,"2.1. Central bank operations and reforms","Start publishing money market rates (interbank, repo, and T-bill) for different maturities bi-weekly.",4,"12/31/2013","M","Introduced at R0. Macroeconomic rationale: to develop money market instruments. At R1, met.",1,4,"31-Dec-13",NA,NA,NA,NA,43.260980041775,0.4791,28.2738613218304,0.106275401403098,47.728426891862,47.8347022932651,1,0,1
"RWA",2013,706,"RWANDA",714,"PSI","2-Dec-13","1-Dec-16",2016,NA,NA,NA,"29-May-14","P1","R1","BLANK","SB",21.1,"2.1. Central bank operations and reforms","Start publishing quarterly inflation reports.",5,"03/31/2014","M","Introduced at R0. Macroeconomic rationale: to improve transparency of monetary policy. At R1, met.",1,5,"31-Mar-14",NA,NA,NA,NA,43.260980041775,0.4791,28.2738613218304,0.106275401403098,47.728426891862,47.8347022932651,1,0,1
"RWA",2013,706,"RWANDA",714,"PSI","2-Dec-13","1-Dec-16",2016,NA,NA,NA,"29-May-14","P1","R1","BLANK","SB",25.1,"6.1. Financial sector legal reforms, regulation, and supervision","Design a deposit guarantee scheme.",1,"06/30/2014","SB","Introduced at R0. Macroeconomic rationale: to increase confidence in banking system.",1,1,"30-Jun-14",NA,NA,NA,NA,43.260980041775,0.4791,28.2738613218304,0.106275401403098,47.728426891862,47.8347022932651,1,0,1
"RWA",2013,706,"RWANDA",714,"PSI","2-Dec-13","1-Dec-16",2016,NA,NA,NA,"29-May-14","P1","R1","BLANK","SB",29,"10. Economic statistics (excluding fiscal and central bank transparency and similar measures)","NBR to gather high frequency data and undertake economic sentiment surveys.",1,"12/31/2013","M","Introduced at R0. Macroeconomic rationale: to improve quality and timeliness of economic data. At R1, met.",1,1,"31-Dec-13",NA,NA,NA,NA,43.260980041775,0.4791,28.2738613218304,0.106275401403098,47.728426891862,47.8347022932651,1,0,1
"RWA",2013,706,"RWANDA",714,"PSI","2-Dec-13","1-Dec-16",2016,"1-Dec-18",NA,NA,"12-Jan-18","P1","R8","BLANK","SB",20.7,"1.7. Fiscal transparency (publication, parliamentary oversight)","MINECOFIN to publish (and put on its website) quarterly reports of budget execution against annual fiscal policy objectives, within 45 days of end of each quarter.",2,"12/31/2015","MD",NA,8,2,"31-Dec-15",NA,NA,NA,NA,43.260980041775,0.4791,28.2738613218304,0.106275401403098,47.728426891862,47.8347022932651,1,0,1
"RWA",2013,706,"RWANDA",714,"PSI","2-Dec-13","1-Dec-16",2016,"1-Dec-18",NA,NA,"12-Jan-18","P1","R8","BLANK","SB",20.7,"1.7. Fiscal transparency (publication, parliamentary oversight)","MINECOFIN to publish (and put on its website) quarterly reports of budget execution against annual fiscal policy objectives, within 45 days of end of each quarter.",2,"03/31/2016","MD","At R4, new test date. At R5, implemented with delay.",8,2,"31-Mar-16",NA,NA,NA,NA,43.260980041775,0.4791,28.2738613218304,0.106275401403098,47.728426891862,47.8347022932651,1,0,1
"RWA",2013,706,"RWANDA",714,"PSI","2-Dec-13","1-Dec-16",2016,"1-Dec-18",NA,NA,"12-Jan-18","P1","R8","BLANK","SB",20.7,"1.7. Fiscal transparency (publication, parliamentary oversight)","MINECOFIN to publish (and put on its website) quarterly reports of budget execution against annual fiscal policy objectives, within 45 days of end of each quarter.",2,"Quarterly","SB","Introduced at R1. Continuous starting mid-May 2014. Macroeconomic rationale: To improve fiscal transparency",8,2,"27-Jun-26",NA,NA,NA,NA,43.260980041775,0.4791,28.2738613218304,0.106275401403098,47.728426891862,47.8347022932651,1,0,1
"RWA",2013,706,"RWANDA",714,"PSI","2-Dec-13","1-Dec-16",2016,"1-Dec-18",NA,NA,"12-Jan-18","P1","R8","BLANK","SB",20.7,"1.7. Fiscal transparency (publication, parliamentary oversight)","Publish quarterly reports of budget execution against annual fiscal policy objectives, within 60 days of end of each quarter, initially excluding foreign-financed projects.",3,"Continuous","SB","Introduced at R4. Continuous, starting Q4 2015. Macroeconomic rationale: To improve accounting, transparency and accountability.",8,3,"27-Jun-26",NA,NA,NA,NA,43.260980041775,0.4791,28.2738613218304,0.106275401403098,47.728426891862,47.8347022932651,1,0,1
"RWA",2013,706,"RWANDA",714,"PSI","2-Dec-13","1-Dec-16",2016,NA,NA,NA,"2-Dec-13","P1","R0","E","SB",20.1,"1.1. Revenue measures, excluding trade policy","Revise exemption and zero-rating schedules under the VAT-code.",1,"06/30/2014","SB","Introduced at R0. Macroeconomic rationale: to enhance revenue mobilization.",0,1,"30-Jun-14",NA,NA,NA,NA,43.260980041775,0.4791,28.2738613218304,0.106275401403098,47.728426891862,47.8347022932651,1,0,1
"RWA",2013,706,"RWANDA",714,"PSI","2-Dec-13","1-Dec-16",2016,NA,NA,NA,"2-Dec-13","P1","R0","E","SB",20.1,"1.1. Revenue measures, excluding trade policy","Revise legislation on the taxation of property.",2,"12/31/2014","SB","Introduced at R0. Macroeconomic rationale: to enhance revenue mobilization.",0,2,"31-Dec-14",NA,NA,NA,NA,43.260980041775,0.4791,28.2738613218304,0.106275401403098,47.728426891862,47.8347022932651,1,0,1
"RWA",2013,706,"RWANDA",714,"PSI","2-Dec-13","1-Dec-16",2016,NA,NA,NA,"2-Dec-13","P1","R0","E","SB",20.1,"1.1. Revenue measures, excluding trade policy","Prepare legislative proposal for new tax regime for agriculture.",3,"12/31/2014","SB","Introduced at R0. Macroeconomic rationale: to enhance revenue mobilization.",0,3,"31-Dec-14",NA,NA,NA,NA,43.260980041775,0.4791,28.2738613218304,0.106275401403098,47.728426891862,47.8347022932651,1,0,1
"RWA",2013,706,"RWANDA",714,"PSI","2-Dec-13","1-Dec-16",2016,NA,NA,NA,"2-Dec-13","P1","R0","E","SB",20.1,"1.1. Revenue measures, excluding trade policy","Prepare legislative proposal for new tax regime for mining.",4,"12/31/2014","SB","Introduced at R0. Macroeconomic rationale: to enhance revenue mobilization.",0,4,"31-Dec-14",NA,NA,NA,NA,43.260980041775,0.4791,28.2738613218304,0.106275401403098,47.728426891862,47.8347022932651,1,0,1
"RWA",2013,706,"RWANDA",714,"PSI","2-Dec-13","1-Dec-16",2016,NA,NA,NA,"2-Dec-13","P1","R0","E","SB",20.2,"1.2. Revenue administration, including customs","Implement plan for better enforcement of tax payer compliance.",1,"06/30/2014","SB","Introduced at R0. Macroeconomic rationale: to enhance revenue mobilization.",0,1,"30-Jun-14",NA,NA,NA,NA,43.260980041775,0.4791,28.2738613218304,0.106275401403098,47.728426891862,47.8347022932651,1,0,1
"RWA",2013,706,"RWANDA",714,"PSI","2-Dec-13","1-Dec-16",2016,NA,NA,NA,"2-Dec-13","P1","R0","E","SB",20.2,"1.2. Revenue administration, including customs","Review the block grant formula on the basis of the Local Government Revenue Potential Study.",2,"06/30/2014","SB","Introduced at R0. Macroeconomic rationale: to enhance collection of districts own revenues.",0,2,"30-Jun-14",NA,NA,NA,NA,43.260980041775,0.4791,28.2738613218304,0.106275401403098,47.728426891862,47.8347022932651,1,0,1
"RWA",2013,706,"RWANDA",714,"PSI","2-Dec-13","1-Dec-16",2016,NA,NA,NA,"2-Dec-13","P1","R0","E","SB",20.6,"1.6. Expenditure auditing, accounting, and financial controls","Pilot the extension of IFMIS to 20 development projects.",1,"06/30/2014","SB","Introduced at R0. Macroeconomic rationale: to strengthen budget execution and controls.",0,1,"30-Jun-14",NA,NA,NA,NA,43.260980041775,0.4791,28.2738613218304,0.106275401403098,47.728426891862,47.8347022932651,1,0,1
"RWA",2013,706,"RWANDA",714,"PSI","2-Dec-13","1-Dec-16",2016,NA,NA,NA,"2-Dec-13","P1","R0","E","SB",20.7,"1.7. Fiscal transparency (publication, parliamentary oversight)","Sub-national entities (416) to produce monthly, quarterly, and annual financial reports using a uniform template.",1,"12/31/2015","SB","Introduced at R0. Macroeconomic rationale: to improve comprehensiveness and transparency of intergovernmental transfers.",0,1,"31-Dec-15",NA,NA,NA,NA,43.260980041775,0.4791,28.2738613218304,0.106275401403098,47.728426891862,47.8347022932651,1,0,1
"RWA",2013,706,"RWANDA",714,"PSI","2-Dec-13","1-Dec-16",2016,NA,NA,NA,"2-Dec-13","P1","R0","E","SB",20.8,"1.8. Budget preparation (e.g., submission or approval)","Prepare tax expenditure budget covering main tax expenditures.",1,"06/30/2014","SB","Annually, starting end-June 2014.",0,1,"30-Jun-14",NA,NA,NA,NA,43.260980041775,0.4791,28.2738613218304,0.106275401403098,47.728426891862,47.8347022932651,1,0,1
"RWA",2013,706,"RWANDA",714,"PSI","2-Dec-13","1-Dec-16",2016,NA,NA,NA,"2-Dec-13","P1","R0","E","SB",20.8,"1.8. Budget preparation (e.g., submission or approval)","Prepare tax expenditure budget covering main tax expenditures.",1,"Other","SB","Introduced at R0. Annually starting end-June 2014. Macroeconomic rationale: to enhance revenue mobilization.",0,1,"27-Jun-26",NA,NA,NA,NA,43.260980041775,0.4791,28.2738613218304,0.106275401403098,47.728426891862,47.8347022932651,1,0,1
"RWA",2013,706,"RWANDA",714,"PSI","2-Dec-13","1-Dec-16",2016,NA,NA,NA,"2-Dec-13","P1","R0","E","SB",21.1,"2.1. Central bank operations and reforms","Prepare plan, based on MCM TA recommendations and NBR assessment, for strengthening monetary and exchange rate operations.",1,"03/31/2014","SB","Introduced at R0. Macroeconomic rationale: to strengthen monetary and exchange rate operations and foster greater exchange rate (flexibility)",0,1,"31-Mar-14",NA,NA,NA,NA,43.260980041775,0.4791,28.2738613218304,0.106275401403098,47.728426891862,47.8347022932651,1,0,1
"RWA",2013,706,"RWANDA",714,"PSI","2-Dec-13","1-Dec-16",2016,NA,NA,NA,"2-Dec-13","P1","R0","E","SB",21.1,"2.1. Central bank operations and reforms","Use Treasury bills (or other tradable securities) as the underlying collateral in liquidity absorbing repos.",2,"06/30/2014","SB","Introduced at R0. Macroeconomic rationale: to develop money market instruments.",0,2,"30-Jun-14",NA,NA,NA,NA,43.260980041775,0.4791,28.2738613218304,0.106275401403098,47.728426891862,47.8347022932651,1,0,1
"RWA",2013,706,"RWANDA",714,"PSI","2-Dec-13","1-Dec-16",2016,NA,NA,NA,"2-Dec-13","P1","R0","E","SB",21.1,"2.1. Central bank operations and reforms","Issue Treasury bills with maturities of six months and longer as a monetary policy instrument to absorb longer-term liquidity.",3,"12/31/2013","SB","Introduced at R0. Macroeconomic rationale: to develop money market instruments.",0,3,"31-Dec-13",NA,NA,NA,NA,43.260980041775,0.4791,28.2738613218304,0.106275401403098,47.728426891862,47.8347022932651,1,0,1
"RWA",2013,706,"RWANDA",714,"PSI","2-Dec-13","1-Dec-16",2016,NA,NA,NA,"2-Dec-13","P1","R0","E","SB",21.1,"2.1. Central bank operations and reforms","Start publishing money market rates (interbank, repo, and T-bill) for different maturities bi-weekly.",4,"12/31/2013","SB","Introduced at R0. Macroeconomic rationale: to develop money market instruments.",0,4,"31-Dec-13",NA,NA,NA,NA,43.260980041775,0.4791,28.2738613218304,0.106275401403098,47.728426891862,47.8347022932651,1,0,1
"RWA",2013,706,"RWANDA",714,"PSI","2-Dec-13","1-Dec-16",2016,NA,NA,NA,"2-Dec-13","P1","R0","E","SB",21.1,"2.1. Central bank operations and reforms","Start publishing quarterly inflation reports.",5,"03/31/2014","SB","Introduced at R0. Macroeconomic rationale: to improve transparency of monetary policy.",0,5,"31-Mar-14",NA,NA,NA,NA,43.260980041775,0.4791,28.2738613218304,0.106275401403098,47.728426891862,47.8347022932651,1,0,1
"RWA",2013,706,"RWANDA",714,"PSI","2-Dec-13","1-Dec-16",2016,NA,NA,NA,"2-Dec-13","P1","R0","E","SB",25.1,"6.1. Financial sector legal reforms, regulation, and supervision","Design a deposit guarantee scheme.",1,"06/30/2014","SB","Introduced at R0. Macroeconomic rationale: to increase confidence in banking system.",0,1,"30-Jun-14",NA,NA,NA,NA,43.260980041775,0.4791,28.2738613218304,0.106275401403098,47.728426891862,47.8347022932651,1,0,1
"RWA",2013,706,"RWANDA",714,"PSI","2-Dec-13","1-Dec-16",2016,NA,NA,NA,"2-Dec-13","P1","R0","E","SB",29,"10. Economic statistics (excluding fiscal and central bank transparency and similar measures)","NBR to gather high frequency data and undertake economic sentiment surveys.",1,"12/31/2013","SB","Introduced at R0. Macroeconomic rationale: to improve quality and timeliness of economic data.",0,1,"31-Dec-13",NA,NA,NA,NA,43.260980041775,0.4791,28.2738613218304,0.106275401403098,47.728426891862,47.8347022932651,1,0,1
"RWA",2013,706,"RWANDA",714,"PSI","2-Dec-13","1-Dec-16",2016,NA,NA,NA,"29-May-14","P1","R1","BLANK","SB",20.1,"1.1. Revenue measures, excluding trade policy","Revise exemption and zero-rating schedules under the VAT-code.",1,"06/30/2014","SB","Introduced at R0. Macroeconomic rationale: to enhance revenue mobilization.",1,1,"30-Jun-14",NA,NA,NA,NA,43.260980041775,0.4791,28.2738613218304,0.106275401403098,47.728426891862,47.8347022932651,1,0,1
"RWA",2013,706,"RWANDA",714,"PSI","2-Dec-13","1-Dec-16",2016,NA,NA,NA,"29-May-14","P1","R1","BLANK","SB",20.1,"1.1. Revenue measures, excluding trade policy","Revise legislation on the taxation of property.",2,"12/31/2014","SB","Introduced at R0. Macroeconomic rationale: to enhance revenue mobilization.",1,2,"31-Dec-14",NA,NA,NA,NA,43.260980041775,0.4791,28.2738613218304,0.106275401403098,47.728426891862,47.8347022932651,1,0,1
"RWA",2013,706,"RWANDA",714,"PSI","2-Dec-13","1-Dec-16",2016,NA,NA,NA,"29-May-14","P1","R1","BLANK","SB",20.1,"1.1. Revenue measures, excluding trade policy","Prepare legislative proposal for new tax regime for agriculture.",3,"12/31/2014","SB","Introduced at R0. Macroeconomic rationale: to enhance revenue mobilization.",1,3,"31-Dec-14",NA,NA,NA,NA,43.260980041775,0.4791,28.2738613218304,0.106275401403098,47.728426891862,47.8347022932651,1,0,1
"RWA",2013,706,"RWANDA",714,"PSI","2-Dec-13","1-Dec-16",2016,NA,NA,NA,"29-May-14","P1","R1","BLANK","SB",20.1,"1.1. Revenue measures, excluding trade policy","Prepare legislative proposal for new tax regime for mining.",4,"12/31/2014","SB","Introduced at R0. Macroeconomic rationale: to enhance revenue mobilization.",1,4,"31-Dec-14",NA,NA,NA,NA,43.260980041775,0.4791,28.2738613218304,0.106275401403098,47.728426891862,47.8347022932651,1,0,1
"RWA",2013,706,"RWANDA",714,"PSI","2-Dec-13","1-Dec-16",2016,NA,NA,NA,"29-May-14","P1","R1","BLANK","SB",20.2,"1.2. Revenue administration, including customs","Implement plan for better enforcement of tax payer compliance.",1,"06/30/2014","SB","Introduced at R0. Macroeconomic rationale: to enhance revenue mobilization.",1,1,"30-Jun-14",NA,NA,NA,NA,43.260980041775,0.4791,28.2738613218304,0.106275401403098,47.728426891862,47.8347022932651,1,0,1
"RWA",2013,706,"RWANDA",714,"PSI","2-Dec-13","1-Dec-16",2016,NA,NA,NA,"29-May-14","P1","R1","BLANK","SB",20.2,"1.2. Revenue administration, including customs","Review the block grant formula on the basis of the Local Government Revenue Potential Study.",2,"06/30/2014","MOD-DATE","Introduced at R0. Macroeconomic rationale: to enhance collection of districts own revenues. At R1, test date revised from end-June 2014 to end-September 2014.",1,2,"30-Jun-14",NA,NA,NA,NA,43.260980041775,0.4791,28.2738613218304,0.106275401403098,47.728426891862,47.8347022932651,1,0,1
"RWA",2013,706,"RWANDA",714,"PSI","2-Dec-13","1-Dec-16",2016,NA,NA,NA,"29-May-14","P1","R1","BLANK","SB",20.2,"1.2. Revenue administration, including customs","Review the block grant formula on the basis of the Local Government Revenue Potential Study.",2,"09/30/2014","SB","At R1, new test date specified.",1,2,"30-Sep-14",NA,NA,NA,NA,43.260980041775,0.4791,28.2738613218304,0.106275401403098,47.728426891862,47.8347022932651,1,0,1
"RWA",2013,706,"RWANDA",714,"PSI","2-Dec-13","1-Dec-16",2016,NA,NA,NA,"29-May-14","P1","R1","BLANK","SB",20.6,"1.6. Expenditure auditing, accounting, and financial controls","Pilot the extension of IFMIS to 20 development projects.",1,"06/30/2014","SB","Introduced at R0. Macroeconomic rationale: to strengthen budget execution and controls.",1,1,"30-Jun-14",NA,NA,NA,NA,43.260980041775,0.4791,28.2738613218304,0.106275401403098,47.728426891862,47.8347022932651,1,0,1
"RWA",2013,706,"RWANDA",714,"PSI","2-Dec-13","1-Dec-16",2016,NA,NA,NA,"29-May-14","P1","R1","BLANK","SB",20.7,"1.7. Fiscal transparency (publication, parliamentary oversight)","Sub-national entities (416) to produce monthly, quarterly, and annual financial reports using a uniform template.",1,"12/31/2015","SB","Introduced at R0. Macroeconomic rationale: to improve comprehensiveness and transparency of intergovernmental transfers.",1,1,"31-Dec-15",NA,NA,NA,NA,43.260980041775,0.4791,28.2738613218304,0.106275401403098,47.728426891862,47.8347022932651,1,0,1
"RWA",2013,706,"RWANDA",714,"PSI","2-Dec-13","1-Dec-16",2016,NA,NA,NA,"29-May-15","P1","R3","BLANK","SB",20.1,"1.1. Revenue measures, excluding trade policy","Prepare legislative proposal for new tax regime for mining.",4,"12/31/2014","MOD-DATE","Introduced at R0. Macroeconomic rationale: to enhance revenue mobilization. At R2, new test date of end-January 2015 specified.",3,4,"31-Dec-14",NA,NA,NA,NA,43.260980041775,0.4791,28.2738613218304,0.106275401403098,47.728426891862,47.8347022932651,1,0,1
"RWA",2013,706,"RWANDA",714,"PSI","2-Dec-13","1-Dec-16",2016,NA,NA,NA,"29-May-15","P1","R3","BLANK","SB",20.1,"1.1. Revenue measures, excluding trade policy","Prepare legislative proposal for new tax regime for mining.",4,"01/31/2015","MOD-DATE","At R2, new test date. At R3, not met. Date changed to end September 2015 as  part of the proposed Income Tax Law.",3,4,"31-Jan-15",NA,NA,NA,NA,43.260980041775,0.4791,28.2738613218304,0.106275401403098,47.728426891862,47.8347022932651,1,0,1
"RWA",2013,706,"RWANDA",714,"PSI","2-Dec-13","1-Dec-16",2016,NA,NA,NA,"29-May-15","P1","R3","BLANK","SB",20.1,"1.1. Revenue measures, excluding trade policy","Prepare legislative proposal for new tax regime for mining.",4,"09/30/2015","SB",NA,3,4,"30-Sep-15",NA,NA,NA,NA,43.260980041775,0.4791,28.2738613218304,0.106275401403098,47.728426891862,47.8347022932651,1,0,1
"RWA",2013,706,"RWANDA",714,"PSI","2-Dec-13","1-Dec-16",2016,NA,NA,NA,"29-May-15","P1","R3","BLANK","SB",20.1,"1.1. Revenue measures, excluding trade policy","Revise law on Decentralized Local government taxes to enable the migration from Land Lease Fees to Fixed Asset Tax.",5,"06/30/2015","SB","Macreconomic rationale: To enhance revenue mobilization. At R3, the rationale is now to raise the property tax rate to 0.2 percent.",3,5,"30-Jun-15",NA,NA,NA,NA,43.260980041775,0.4791,28.2738613218304,0.106275401403098,47.728426891862,47.8347022932651,1,0,1
"RWA",2013,706,"RWANDA",714,"PSI","2-Dec-13","1-Dec-16",2016,NA,NA,NA,"29-May-15","P1","R3","BLANK","SB",20.1,"1.1. Revenue measures, excluding trade policy","Fully migrate one district in Kigali from Land Lease Fee to Fixed Asset Tax.",6,"12/31/2015","SB","Macroeconomic rationale: To enhance revenue mobilization. At R3, Property tax legislation will apply countrywide immediately.",3,6,"31-Dec-15",NA,NA,NA,NA,43.260980041775,0.4791,28.2738613218304,0.106275401403098,47.728426891862,47.8347022932651,1,0,1
"RWA",2013,706,"RWANDA",714,"PSI","2-Dec-13","1-Dec-16",2016,NA,NA,NA,"29-May-15","P1","R3","BLANK","SB",20.1,"1.1. Revenue measures, excluding trade policy","Prepare study on new tax regime for agriculture.",7,"12/31/2015","SB","Introduced at R3.",3,7,"31-Dec-15",NA,NA,NA,NA,43.260980041775,0.4791,28.2738613218304,0.106275401403098,47.728426891862,47.8347022932651,1,0,1
"RWA",2013,706,"RWANDA",714,"PSI","2-Dec-13","1-Dec-16",2016,NA,NA,NA,"29-May-15","P1","R3","BLANK","SB",20.1,"1.1. Revenue measures, excluding trade policy","Prepare legislative proposal for new tax regime for agriculture.",8,"06/30/2016","SB","This replaces original benchmark of end-December 2015 test date.",3,8,"30-Jun-16",NA,NA,NA,NA,43.260980041775,0.4791,28.2738613218304,0.106275401403098,47.728426891862,47.8347022932651,1,0,1
"RWA",2013,706,"RWANDA",714,"PSI","2-Dec-13","1-Dec-16",2016,NA,NA,NA,"29-May-15","P1","R3","BLANK","SB",20.2,"1.2. Revenue administration, including customs","Implement plan for better enforcement of tax payer compliance.",1,"06/30/2014","M","Introduced at R0. Macroeconomic rationale: to enhance revenue mobilization.",3,1,"30-Jun-14",NA,NA,NA,NA,43.260980041775,0.4791,28.2738613218304,0.106275401403098,47.728426891862,47.8347022932651,1,0,1
"RWA",2013,706,"RWANDA",714,"PSI","2-Dec-13","1-Dec-16",2016,NA,NA,NA,"29-May-15","P1","R3","BLANK","SB",20.2,"1.2. Revenue administration, including customs","Review the block grant formula on the basis of the Local Government Revenue Potential Study.",2,"06/30/2014","MOD-DATE","Introduced at R0. Macroeconomic rationale: to enhance collection of districts own revenues. At R1, test date revised from end-June 2014 to end-September 2014.",3,2,"30-Jun-14",NA,NA,NA,NA,43.260980041775,0.4791,28.2738613218304,0.106275401403098,47.728426891862,47.8347022932651,1,0,1
"RWA",2013,706,"RWANDA",714,"PSI","2-Dec-13","1-Dec-16",2016,NA,NA,NA,"29-May-15","P1","R3","BLANK","SB",20.2,"1.2. Revenue administration, including customs","Review the block grant formula on the basis of the Local Government Revenue Potential Study.",2,"09/30/2014","M","At R1, new test date specified. At R2, met.",3,2,"30-Sep-14",NA,NA,NA,NA,43.260980041775,0.4791,28.2738613218304,0.106275401403098,47.728426891862,47.8347022932651,1,0,1
"RWA",2013,706,"RWANDA",714,"PSI","2-Dec-13","1-Dec-16",2016,NA,NA,NA,"8-Dec-14","P1","R2","BLANK","SB",20.1,"1.1. Revenue measures, excluding trade policy","Revise exemption and zero-rating schedules under the VAT-code.",1,"06/30/2014","M","Introduced at R0. Macroeconomic rationale: to enhance revenue mobilization.",2,1,"30-Jun-14",NA,NA,NA,NA,43.260980041775,0.4791,28.2738613218304,0.106275401403098,47.728426891862,47.8347022932651,1,0,1
"RWA",2013,706,"RWANDA",714,"PSI","2-Dec-13","1-Dec-16",2016,NA,NA,NA,"8-Dec-14","P1","R2","BLANK","SB",20.1,"1.1. Revenue measures, excluding trade policy","Revise legislation on the taxation of property.",2,"12/31/2014","MOD-SB","Introduced at R0. Macroeconomic rationale: to enhance revenue mobilization. At R2, replaced with 2 measures (""revise law on Dencentralized Local Government.."" and ""Fully migrate one district in Kigali..."")",2,2,"31-Dec-14",NA,NA,NA,NA,43.260980041775,0.4791,28.2738613218304,0.106275401403098,47.728426891862,47.8347022932651,1,0,1
"RWA",2013,706,"RWANDA",714,"PSI","2-Dec-13","1-Dec-16",2016,NA,NA,NA,"8-Dec-14","P1","R2","BLANK","SB",20.1,"1.1. Revenue measures, excluding trade policy","Prepare legislative proposal for new tax regime for agriculture.",3,"12/31/2014","MOD-DATE","Introduced at R0. Macroeconomic rationale: to enhance revenue mobilization. At R2, new test date of end-December 2015.",2,3,"31-Dec-14",NA,NA,NA,NA,43.260980041775,0.4791,28.2738613218304,0.106275401403098,47.728426891862,47.8347022932651,1,0,1
"RWA",2013,706,"RWANDA",714,"PSI","2-Dec-13","1-Dec-16",2016,NA,NA,NA,"8-Dec-14","P1","R2","BLANK","SB",20.1,"1.1. Revenue measures, excluding trade policy","Prepare legislative proposal for new tax regime for agriculture.",3,"12/31/2015","SB","At R2, new test date.",2,3,"31-Dec-15",NA,NA,NA,NA,43.260980041775,0.4791,28.2738613218304,0.106275401403098,47.728426891862,47.8347022932651,1,0,1
"RWA",2013,706,"RWANDA",714,"PSI","2-Dec-13","1-Dec-16",2016,NA,NA,NA,"8-Dec-14","P1","R2","BLANK","SB",20.1,"1.1. Revenue measures, excluding trade policy","Prepare legislative proposal for new tax regime for mining.",4,"12/31/2014","MOD-DATE","Introduced at R0. Macroeconomic rationale: to enhance revenue mobilization. At R2, new test date of end-January 2015 specified.",2,4,"31-Dec-14",NA,NA,NA,NA,43.260980041775,0.4791,28.2738613218304,0.106275401403098,47.728426891862,47.8347022932651,1,0,1
"RWA",2013,706,"RWANDA",714,"PSI","2-Dec-13","1-Dec-16",2016,NA,NA,NA,"8-Dec-14","P1","R2","BLANK","SB",20.1,"1.1. Revenue measures, excluding trade policy","Prepare legislative proposal for new tax regime for mining.",4,"01/31/2015","SB","At R2, new test date.",2,4,"31-Jan-15",NA,NA,NA,NA,43.260980041775,0.4791,28.2738613218304,0.106275401403098,47.728426891862,47.8347022932651,1,0,1
"RWA",2013,706,"RWANDA",714,"PSI","2-Dec-13","1-Dec-16",2016,NA,NA,NA,"8-Dec-14","P1","R2","BLANK","SB",20.1,"1.1. Revenue measures, excluding trade policy","Revise law on Decentralized Local government taxes to enable the migration from Land Lease Fees to Fixed Asset Tax.",5,"06/30/2015","SB","Macreconomic rationale: To enhance revenue mobilization.",2,5,"30-Jun-15",NA,NA,NA,NA,43.260980041775,0.4791,28.2738613218304,0.106275401403098,47.728426891862,47.8347022932651,1,0,1
"RWA",2013,706,"RWANDA",714,"PSI","2-Dec-13","1-Dec-16",2016,NA,NA,NA,"8-Dec-14","P1","R2","BLANK","SB",20.1,"1.1. Revenue measures, excluding trade policy","Fully migrate one district in Kigali from Land Lease Fee to Fixed Asset Tax.",6,"12/31/2015","SB","Macroeconomic rationale: To enhance revenue mobilization",2,6,"31-Dec-15",NA,NA,NA,NA,43.260980041775,0.4791,28.2738613218304,0.106275401403098,47.728426891862,47.8347022932651,1,0,1
"RWA",2013,706,"RWANDA",714,"PSI","2-Dec-13","1-Dec-16",2016,NA,NA,NA,"8-Dec-14","P1","R2","BLANK","SB",20.2,"1.2. Revenue administration, including customs","Implement plan for better enforcement of tax payer compliance.",1,"06/30/2014","M","Introduced at R0. Macroeconomic rationale: to enhance revenue mobilization.",2,1,"30-Jun-14",NA,NA,NA,NA,43.260980041775,0.4791,28.2738613218304,0.106275401403098,47.728426891862,47.8347022932651,1,0,1
"RWA",2013,706,"RWANDA",714,"PSI","2-Dec-13","1-Dec-16",2016,NA,NA,NA,"8-Dec-14","P1","R2","BLANK","SB",20.2,"1.2. Revenue administration, including customs","Review the block grant formula on the basis of the Local Government Revenue Potential Study.",2,"06/30/2014","MOD-DATE","Introduced at R0. Macroeconomic rationale: to enhance collection of districts own revenues. At R1, test date revised from end-June 2014 to end-September 2014.",2,2,"30-Jun-14",NA,NA,NA,NA,43.260980041775,0.4791,28.2738613218304,0.106275401403098,47.728426891862,47.8347022932651,1,0,1
"RWA",2013,706,"RWANDA",714,"PSI","2-Dec-13","1-Dec-16",2016,NA,NA,NA,"29-May-15","P1","R3","BLANK","SB",21.1,"2.1. Central bank operations and reforms","Issue Treasury bills with maturities of six months and longer as a monetary policy instrument to absorb longer-term liquidity.",3,"12/31/2013","M","Introduced at R0. Macroeconomic rationale: to develop money market instruments. At R1, met.",3,3,"31-Dec-13",NA,NA,NA,NA,43.260980041775,0.4791,28.2738613218304,0.106275401403098,47.728426891862,47.8347022932651,1,0,1
"RWA",2013,706,"RWANDA",714,"PSI","2-Dec-13","1-Dec-16",2016,NA,NA,NA,"29-May-15","P1","R3","BLANK","SB",21.1,"2.1. Central bank operations and reforms","Start publishing money market rates (interbank, repo, and T-bill) for different maturities bi-weekly.",4,"12/31/2013","M","Introduced at R0. Macroeconomic rationale: to develop money market instruments. At R1, met.",3,4,"31-Dec-13",NA,NA,NA,NA,43.260980041775,0.4791,28.2738613218304,0.106275401403098,47.728426891862,47.8347022932651,1,0,1
"RWA",2013,706,"RWANDA",714,"PSI","2-Dec-13","1-Dec-16",2016,NA,NA,NA,"29-May-15","P1","R3","BLANK","SB",21.1,"2.1. Central bank operations and reforms","Start publishing quarterly inflation reports.",5,"03/31/2014","M","Introduced at R0. Macroeconomic rationale: to improve transparency of monetary policy. At R1, met.",3,5,"31-Mar-14",NA,NA,NA,NA,43.260980041775,0.4791,28.2738613218304,0.106275401403098,47.728426891862,47.8347022932651,1,0,1
"RWA",2013,706,"RWANDA",714,"PSI","2-Dec-13","1-Dec-16",2016,NA,NA,NA,"29-May-15","P1","R3","BLANK","SB",21.1,"2.1. Central bank operations and reforms","Start issuing government bonds with maturities of 7 and 10 years.",6,"06/30/2015","SB","Introduced at R2. Macroeconomic rationale: To develop money market instruments.",3,6,"30-Jun-15",NA,NA,NA,NA,43.260980041775,0.4791,28.2738613218304,0.106275401403098,47.728426891862,47.8347022932651,1,0,1
"RWA",2013,706,"RWANDA",714,"PSI","2-Dec-13","1-Dec-16",2016,NA,NA,NA,"29-May-15","P1","R3","BLANK","SB",25.1,"6.1. Financial sector legal reforms, regulation, and supervision","Design a deposit guarantee scheme.",1,"06/30/2014","M","Introduced at R0. Macroeconomic rationale: to increase confidence in banking system.",3,1,"30-Jun-14",NA,NA,NA,NA,43.260980041775,0.4791,28.2738613218304,0.106275401403098,47.728426891862,47.8347022932651,1,0,1
"RWA",2013,706,"RWANDA",714,"PSI","2-Dec-13","1-Dec-16",2016,NA,NA,NA,"29-May-15","P1","R3","BLANK","SB",29,"10. Economic statistics (excluding fiscal and central bank transparency and similar measures)","NBR to gather high frequency data and undertake economic sentiment surveys.",1,"12/31/2013","M","Introduced at R0. Macroeconomic rationale: to improve quality and timeliness of economic data. At R1, met.",3,1,"31-Dec-13",NA,NA,NA,NA,43.260980041775,0.4791,28.2738613218304,0.106275401403098,47.728426891862,47.8347022932651,1,0,1
"RWA",2013,706,"RWANDA",714,"PSI","2-Dec-13","1-Dec-16",2016,NA,NA,NA,"15-Jan-16","P1","R4","BLANK","SB",20,"1. General government","Submit revised National Investment Policy (NIP) to Cabinet.",1,"06/30/2016","SB","Introduced at R4. Macroeconomic rationale: To enable private sector involvement in PPPs.",4,1,"30-Jun-16",NA,NA,NA,NA,43.260980041775,0.4791,28.2738613218304,0.106275401403098,47.728426891862,47.8347022932651,1,0,1
"RWA",2013,706,"RWANDA",714,"PSI","2-Dec-13","1-Dec-16",2016,"1-Dec-18",NA,NA,"11-Jun-18","P1","R9","BLANK","SB",25.1,"6.1. Financial sector legal reforms, regulation, and supervision","Establish an electronic interbank trading platform intended to improve banks’ counterparty visibility and price formation in the market.",7,"12/01/2018","SB","Introduced at R8 for R10.",9,7,"1-Dec-18",NA,NA,NA,NA,43.260980041775,0.4791,28.2738613218304,0.106275401403098,47.728426891862,47.8347022932651,1,0,1
"RWA",2013,706,"RWANDA",714,"PSI","2-Dec-13","1-Dec-16",2016,"1-Dec-18",NA,NA,"11-Jun-18","P1","R9","BLANK","SB",25.1,"6.1. Financial sector legal reforms, regulation, and supervision","Introduce Government bond reopening mechanisms with objective to develop benchmark bonds and promote depth and liquidity in the government bond market.",8,"06/30/2018","M","Introduced at R8 for R9.",9,8,"30-Jun-18",NA,NA,NA,NA,43.260980041775,0.4791,28.2738613218304,0.106275401403098,47.728426891862,47.8347022932651,1,0,1
"RWA",2013,706,"RWANDA",714,"PSI","2-Dec-13","1-Dec-16",2016,"1-Dec-18",NA,NA,"11-Jun-18","P1","R9","BLANK","SB",29,"10. Economic statistics (excluding fiscal and central bank transparency and similar measures)","NBR to gather high frequency data and undertake economic sentiment surveys.",1,"12/31/2013","M","Introduced at R0. Macroeconomic rationale: to improve quality and timeliness of economic data. At R1, met.",9,1,"31-Dec-13",NA,NA,NA,NA,43.260980041775,0.4791,28.2738613218304,0.106275401403098,47.728426891862,47.8347022932651,1,0,1
"RWA",2013,706,"RWANDA",714,"PSI","2-Dec-13","1-Dec-16",2016,"1-Dec-18",NA,NA,"28-Nov-18","P1","R10","L","SB",20,"1. General government","Submit revised National Investment Policy (NIP) to Cabinet.",1,"06/30/2016","NM","Introduced at R4. Macroeconomic rationale: To enable private sector involvement in PPPs. Not met at R6 for PSI (R1 for SCF).",10,1,"30-Jun-16",NA,NA,NA,NA,43.260980041775,0.4791,28.2738613218304,0.106275401403098,47.728426891862,47.8347022932651,1,0,1
"RWA",2013,706,"RWANDA",714,"PSI","2-Dec-13","1-Dec-16",2016,"1-Dec-18",NA,NA,"28-Nov-18","P1","R10","L","SB",20.1,"1.1. Revenue measures, excluding trade policy","Revise exemption and zero-rating schedules under the VAT-code.",1,"06/30/2014","M","Introduced at R0. Macroeconomic rationale: to enhance revenue mobilization.",10,1,"30-Jun-14",NA,NA,NA,NA,43.260980041775,0.4791,28.2738613218304,0.106275401403098,47.728426891862,47.8347022932651,1,0,1
"RWA",2013,706,"RWANDA",714,"PSI","2-Dec-13","1-Dec-16",2016,NA,NA,NA,"15-Jan-16","P1","R4","BLANK","SB",20.1,"1.1. Revenue measures, excluding trade policy","Prepare legislative proposal for new tax regime for mining.",4,"01/31/2015","MOD-DATE","At R2, new test date. At R3, not met. Date changed to end September 2015 as  part of the proposed Income Tax Law.",4,4,"31-Jan-15",NA,NA,NA,NA,43.260980041775,0.4791,28.2738613218304,0.106275401403098,47.728426891862,47.8347022932651,1,0,1
"RWA",2013,706,"RWANDA",714,"PSI","2-Dec-13","1-Dec-16",2016,NA,NA,NA,"15-Jan-16","P1","R4","BLANK","SB",20.1,"1.1. Revenue measures, excluding trade policy","Prepare legislative proposal for new tax regime for mining.",4,"09/30/2015","M","At R4, met.",4,4,"30-Sep-15",NA,NA,NA,NA,43.260980041775,0.4791,28.2738613218304,0.106275401403098,47.728426891862,47.8347022932651,1,0,1
"RWA",2013,706,"RWANDA",714,"PSI","2-Dec-13","1-Dec-16",2016,NA,NA,NA,"15-Jan-16","P1","R4","BLANK","SB",20.1,"1.1. Revenue measures, excluding trade policy","Revise law on Decentralized Local government taxes to enable the migration from Land Lease Fees to Fixed Asset Tax.",5,"06/30/2015","M","Macreconomic rationale: To enhance revenue mobilization. At R3, the rationale is now to raise the property tax rate to 0.2 percent.",4,5,"30-Jun-15",NA,NA,NA,NA,43.260980041775,0.4791,28.2738613218304,0.106275401403098,47.728426891862,47.8347022932651,1,0,1
"RWA",2013,706,"RWANDA",714,"PSI","2-Dec-13","1-Dec-16",2016,NA,NA,NA,"15-Jan-16","P1","R4","BLANK","SB",20.1,"1.1. Revenue measures, excluding trade policy","Fully migrate one district in Kigali from Land Lease Fee to Fixed Asset Tax.",6,"12/31/2015","SB","Macroeconomic rationale: To enhance revenue mobilization. At R3, Property tax legislation will apply countrywide immediately.",4,6,"31-Dec-15",NA,NA,NA,NA,43.260980041775,0.4791,28.2738613218304,0.106275401403098,47.728426891862,47.8347022932651,1,0,1
"RWA",2013,706,"RWANDA",714,"PSI","2-Dec-13","1-Dec-16",2016,NA,NA,NA,"15-Jan-16","P1","R4","BLANK","SB",20.1,"1.1. Revenue measures, excluding trade policy","Prepare study on new tax regime for agriculture.",7,"12/31/2015","MOD-DATE","Introduced at R3. At R4, new test date specified.",4,7,"31-Dec-15",NA,NA,NA,NA,43.260980041775,0.4791,28.2738613218304,0.106275401403098,47.728426891862,47.8347022932651,1,0,1
"RWA",2013,706,"RWANDA",714,"PSI","2-Dec-13","1-Dec-16",2016,NA,NA,NA,"15-Jan-16","P1","R4","BLANK","SB",20.1,"1.1. Revenue measures, excluding trade policy","Prepare study on new tax regime for agriculture.",7,"03/31/2016","SB","At R4, new test date.",4,7,"31-Mar-16",NA,NA,NA,NA,43.260980041775,0.4791,28.2738613218304,0.106275401403098,47.728426891862,47.8347022932651,1,0,1
"RWA",2013,706,"RWANDA",714,"PSI","2-Dec-13","1-Dec-16",2016,NA,NA,NA,"15-Jan-16","P1","R4","BLANK","SB",20.1,"1.1. Revenue measures, excluding trade policy","Prepare legislative proposal for new tax regime for agriculture.",8,"06/30/2016","SB","This replaces original benchmark of end-December 2015 test date.",4,8,"30-Jun-16",NA,NA,NA,NA,43.260980041775,0.4791,28.2738613218304,0.106275401403098,47.728426891862,47.8347022932651,1,0,1
"RWA",2013,706,"RWANDA",714,"PSI","2-Dec-13","1-Dec-16",2016,NA,NA,NA,"15-Jan-16","P1","R4","BLANK","SB",20.1,"1.1. Revenue measures, excluding trade policy","Submit revised Law on Tax Procedures to Cabinet.",9,"06/30/2016","SB","Introduced at R4. Macroeconomic rationale: To enhance revenue mobilization.",4,9,"30-Jun-16",NA,NA,NA,NA,43.260980041775,0.4791,28.2738613218304,0.106275401403098,47.728426891862,47.8347022932651,1,0,1
"RWA",2013,706,"RWANDA",714,"PSI","2-Dec-13","1-Dec-16",2016,NA,NA,NA,"15-Jan-16","P1","R4","BLANK","SB",20.1,"1.1. Revenue measures, excluding trade policy","Share draft study on new tax regime for agriculture.",10,"11/30/2016","SB","Introduced at R4. Macroeconomic rationale: To enhance revenue mobilization.",4,10,"30-Nov-16",NA,NA,NA,NA,43.260980041775,0.4791,28.2738613218304,0.106275401403098,47.728426891862,47.8347022932651,1,0,1
"RWA",2013,706,"RWANDA",714,"PSI","2-Dec-13","1-Dec-16",2016,NA,NA,NA,"15-Jan-16","P1","R4","BLANK","SB",20.2,"1.2. Revenue administration, including customs","Implement plan for better enforcement of tax payer compliance.",1,"06/30/2014","M","Introduced at R0. Macroeconomic rationale: to enhance revenue mobilization.",4,1,"30-Jun-14",NA,NA,NA,NA,43.260980041775,0.4791,28.2738613218304,0.106275401403098,47.728426891862,47.8347022932651,1,0,1
"RWA",2013,706,"RWANDA",714,"PSI","2-Dec-13","1-Dec-16",2016,NA,NA,NA,"15-Jan-16","P1","R4","BLANK","SB",20.2,"1.2. Revenue administration, including customs","Review the block grant formula on the basis of the Local Government Revenue Potential Study.",2,"06/30/2014","MOD-DATE","Introduced at R0. Macroeconomic rationale: to enhance collection of districts own revenues. At R1, test date revised from end-June 2014 to end-September 2014.",4,2,"30-Jun-14",NA,NA,NA,NA,43.260980041775,0.4791,28.2738613218304,0.106275401403098,47.728426891862,47.8347022932651,1,0,1
"RWA",2013,706,"RWANDA",714,"PSI","2-Dec-13","1-Dec-16",2016,NA,NA,NA,"15-Jan-16","P1","R4","BLANK","SB",20.2,"1.2. Revenue administration, including customs","Review the block grant formula on the basis of the Local Government Revenue Potential Study.",2,"09/30/2014","M","At R1, new test date specified. At R2, met.",4,2,"30-Sep-14",NA,NA,NA,NA,43.260980041775,0.4791,28.2738613218304,0.106275401403098,47.728426891862,47.8347022932651,1,0,1
"RWA",2013,706,"RWANDA",714,"PSI","2-Dec-13","1-Dec-16",2016,NA,NA,NA,"15-Jan-16","P1","R4","BLANK","SB",20.6,"1.6. Expenditure auditing, accounting, and financial controls","Pilot the extension of IFMIS to 20 development projects.",1,"06/30/2014","M","Introduced at R0. Macroeconomic rationale: to strengthen budget execution and controls.",4,1,"30-Jun-14",NA,NA,NA,NA,43.260980041775,0.4791,28.2738613218304,0.106275401403098,47.728426891862,47.8347022932651,1,0,1
"RWA",2013,706,"RWANDA",714,"PSI","2-Dec-13","1-Dec-16",2016,NA,NA,NA,"15-Jan-16","P1","R4","BLANK","SB",20.6,"1.6. Expenditure auditing, accounting, and financial controls","Share IPSAS roadmap which includes government accounting policy for fixed assets is developed and implemented.",2,"06/30/2016","SB","Introduced at R4. Macroeconomic rationale: To improve accountability and help Rwanda attain the EAMU fiscal reporting convergence.",4,2,"30-Jun-16",NA,NA,NA,NA,43.260980041775,0.4791,28.2738613218304,0.106275401403098,47.728426891862,47.8347022932651,1,0,1
"RWA",2013,706,"RWANDA",714,"PSI","2-Dec-13","1-Dec-16",2016,NA,NA,NA,"15-Jan-16","P1","R4","BLANK","SB",20.6,"1.6. Expenditure auditing, accounting, and financial controls","Operationalize IFMIS and E-Procurement interface protocols.",3,"12/31/2016","SB","Introduced at R4. Macroeconomic rationale: To improve efficiency, transparency, and controls in public procurement.",4,3,"31-Dec-16",NA,NA,NA,NA,43.260980041775,0.4791,28.2738613218304,0.106275401403098,47.728426891862,47.8347022932651,1,0,1
"RWA",2013,706,"RWANDA",714,"PSI","2-Dec-13","1-Dec-16",2016,NA,NA,NA,"15-Jan-16","P1","R4","BLANK","SB",20.7,"1.7. Fiscal transparency (publication, parliamentary oversight)","Sub-national entities (416) to produce monthly, quarterly, and annual financial reports using a uniform template.",1,"12/31/2015","SB","Introduced at R0. Macroeconomic rationale: to improve comprehensiveness and transparency of intergovernmental transfers. At R4, ongoing.",4,1,"31-Dec-15",NA,NA,NA,NA,43.260980041775,0.4791,28.2738613218304,0.106275401403098,47.728426891862,47.8347022932651,1,0,1
"RWA",2013,706,"RWANDA",714,"PSI","2-Dec-13","1-Dec-16",2016,NA,NA,NA,"15-Jan-16","P1","R4","BLANK","SB",20.7,"1.7. Fiscal transparency (publication, parliamentary oversight)","MINECOFIN to publish (and put on its website) quarterly reports of budget execution against annual fiscal policy objectives, within 45 days of end of each quarter.",2,"05/31/2014","NM","At R2, not met. Report published with delay.",4,2,"31-May-14",NA,NA,NA,NA,43.260980041775,0.4791,28.2738613218304,0.106275401403098,47.728426891862,47.8347022932651,1,0,1
"RWA",2013,706,"RWANDA",714,"PSI","2-Dec-13","1-Dec-16",2016,NA,NA,NA,"15-Jan-16","P1","R4","BLANK","SB",20.7,"1.7. Fiscal transparency (publication, parliamentary oversight)","MINECOFIN to publish (and put on its website) quarterly reports of budget execution against annual fiscal policy objectives, within 45 days of end of each quarter.",2,"12/31/2014","MD","At R3, report published with delay.",4,2,"31-Dec-14",NA,NA,NA,NA,43.260980041775,0.4791,28.2738613218304,0.106275401403098,47.728426891862,47.8347022932651,1,0,1
"RWA",2013,706,"RWANDA",714,"PSI","2-Dec-13","1-Dec-16",2016,NA,NA,NA,"15-Jan-16","P1","R4","BLANK","SB",20.7,"1.7. Fiscal transparency (publication, parliamentary oversight)","MINECOFIN to publish (and put on its website) quarterly reports of budget execution against annual fiscal policy objectives, within 45 days of end of each quarter.",2,"06/30/2015","NM","At R4, not met.",4,2,"30-Jun-15",NA,NA,NA,NA,43.260980041775,0.4791,28.2738613218304,0.106275401403098,47.728426891862,47.8347022932651,1,0,1
"RWA",2013,706,"RWANDA",714,"PSI","2-Dec-13","1-Dec-16",2016,NA,NA,NA,"15-Jan-16","P1","R4","BLANK","SB",20.7,"1.7. Fiscal transparency (publication, parliamentary oversight)","MINECOFIN to publish (and put on its website) quarterly reports of budget execution against annual fiscal policy objectives, within 45 days of end of each quarter.",2,"03/31/2016","SB","At R4, new test date.",4,2,"31-Mar-16",NA,NA,NA,NA,43.260980041775,0.4791,28.2738613218304,0.106275401403098,47.728426891862,47.8347022932651,1,0,1
"RWA",2013,706,"RWANDA",714,"PSI","2-Dec-13","1-Dec-16",2016,NA,NA,NA,"15-Jan-16","P1","R4","BLANK","SB",20.7,"1.7. Fiscal transparency (publication, parliamentary oversight)","MINECOFIN to publish (and put on its website) quarterly reports of budget execution against annual fiscal policy objectives, within 45 days of end of each quarter.",2,"Quarterly","SB","Introduced at R1. Continuous starting mid-May 2014. Macroeconomic rationale: To improve fiscal transparency",4,2,"27-Jun-26",NA,NA,NA,NA,43.260980041775,0.4791,28.2738613218304,0.106275401403098,47.728426891862,47.8347022932651,1,0,1
"RWA",2013,706,"RWANDA",714,"PSI","2-Dec-13","1-Dec-16",2016,NA,NA,NA,"15-Jan-16","P1","R4","BLANK","SB",20.7,"1.7. Fiscal transparency (publication, parliamentary oversight)","Publish quarterly reports of budget execution against annual fiscal policy objectives, within 60 days of end of each quarter, initially excluding foreign-financed projects.",3,"Continuous","SB","Introduced at R4. Continuous, starting Q4 2015. Macroeconomic rationale: To improve accounting, transparency and accountability.",4,3,"27-Jun-26",NA,NA,NA,NA,43.260980041775,0.4791,28.2738613218304,0.106275401403098,47.728426891862,47.8347022932651,1,0,1
"RWA",2013,706,"RWANDA",714,"PSI","2-Dec-13","1-Dec-16",2016,NA,NA,NA,"15-Jan-16","P1","R4","BLANK","SB",20.8,"1.8. Budget preparation (e.g., submission or approval)","Prepare tax expenditure budget covering main tax expenditures.",1,"06/30/2014","M","Annually, starting end-June 2014. Met for R2.",4,1,"30-Jun-14",NA,NA,NA,NA,43.260980041775,0.4791,28.2738613218304,0.106275401403098,47.728426891862,47.8347022932651,1,0,1
"RWA",2013,706,"RWANDA",714,"PSI","2-Dec-13","1-Dec-16",2016,NA,NA,NA,"15-Jan-16","P1","R4","BLANK","SB",20.8,"1.8. Budget preparation (e.g., submission or approval)","Prepare tax expenditure budget covering main tax expenditures.",1,"06/30/2015","SB","Annually starting in June 2014.",4,1,"30-Jun-15",NA,NA,NA,NA,43.260980041775,0.4791,28.2738613218304,0.106275401403098,47.728426891862,47.8347022932651,1,0,1
"RWA",2013,706,"RWANDA",714,"PSI","2-Dec-13","1-Dec-16",2016,NA,NA,NA,"15-Jan-16","P1","R4","BLANK","SB",20.8,"1.8. Budget preparation (e.g., submission or approval)","Prepare tax expenditure budget covering main tax expenditures.",1,"Other","SB","Introduced at R0. Annually starting end-June 2014. Macroeconomic rationale: to enhance revenue mobilization.",4,1,"27-Jun-26",NA,NA,NA,NA,43.260980041775,0.4791,28.2738613218304,0.106275401403098,47.728426891862,47.8347022932651,1,0,1
"RWA",2013,706,"RWANDA",714,"PSI","2-Dec-13","1-Dec-16",2016,NA,NA,NA,"15-Jan-16","P1","R4","BLANK","SB",21.1,"2.1. Central bank operations and reforms","Prepare plan, based on MCM TA recommendations and NBR assessment, for strengthening monetary and exchange rate operations.",1,"03/31/2014","M","Introduced at R0. Macroeconomic rationale: to strengthen monetary and exchange rate operations and foster greater exchange rate (flexibility). At R1, met.",4,1,"31-Mar-14",NA,NA,NA,NA,43.260980041775,0.4791,28.2738613218304,0.106275401403098,47.728426891862,47.8347022932651,1,0,1
"RWA",2013,706,"RWANDA",714,"PSI","2-Dec-13","1-Dec-16",2016,NA,NA,NA,"15-Jan-16","P1","R4","BLANK","SB",21.1,"2.1. Central bank operations and reforms","Use Treasury bills (or other tradable securities) as the underlying collateral in liquidity absorbing repos.",2,"06/30/2014","M","Introduced at R0. Macroeconomic rationale: to develop money market instruments.",4,2,"30-Jun-14",NA,NA,NA,NA,43.260980041775,0.4791,28.2738613218304,0.106275401403098,47.728426891862,47.8347022932651,1,0,1
"RWA",2013,706,"RWANDA",714,"PSI","2-Dec-13","1-Dec-16",2016,NA,NA,NA,"15-Jan-16","P1","R4","BLANK","SB",21.1,"2.1. Central bank operations and reforms","Issue Treasury bills with maturities of six months and longer as a monetary policy instrument to absorb longer-term liquidity.",3,"12/31/2013","M","Introduced at R0. Macroeconomic rationale: to develop money market instruments. At R1, met.",4,3,"31-Dec-13",NA,NA,NA,NA,43.260980041775,0.4791,28.2738613218304,0.106275401403098,47.728426891862,47.8347022932651,1,0,1
"RWA",2013,706,"RWANDA",714,"PSI","2-Dec-13","1-Dec-16",2016,NA,NA,NA,"15-Jan-16","P1","R4","BLANK","SB",21.1,"2.1. Central bank operations and reforms","Start publishing money market rates (interbank, repo, and T-bill) for different maturities bi-weekly.",4,"12/31/2013","M","Introduced at R0. Macroeconomic rationale: to develop money market instruments. At R1, met.",4,4,"31-Dec-13",NA,NA,NA,NA,43.260980041775,0.4791,28.2738613218304,0.106275401403098,47.728426891862,47.8347022932651,1,0,1
"RWA",2013,706,"RWANDA",714,"PSI","2-Dec-13","1-Dec-16",2016,NA,NA,NA,"15-Jan-16","P1","R4","BLANK","SB",21.1,"2.1. Central bank operations and reforms","Start publishing quarterly inflation reports.",5,"03/31/2014","M","Introduced at R0. Macroeconomic rationale: to improve transparency of monetary policy. At R1, met.",4,5,"31-Mar-14",NA,NA,NA,NA,43.260980041775,0.4791,28.2738613218304,0.106275401403098,47.728426891862,47.8347022932651,1,0,1
"RWA",2013,706,"RWANDA",714,"PSI","2-Dec-13","1-Dec-16",2016,"1-Dec-18",NA,NA,"11-Jun-18","P1","R9","BLANK","SB",25.1,"6.1. Financial sector legal reforms, regulation, and supervision","Issue a 15-year Government T-Bond",2,"05/31/2016","M","Introduced at R4. Macroeconomic rationale: To extend the yield curve.",9,2,"31-May-16",NA,NA,NA,NA,43.260980041775,0.4791,28.2738613218304,0.106275401403098,47.728426891862,47.8347022932651,1,0,1
"RWA",2013,706,"RWANDA",714,"PSI","2-Dec-13","1-Dec-16",2016,"1-Dec-18",NA,NA,"11-Jun-18","P1","R9","BLANK","SB",25.1,"6.1. Financial sector legal reforms, regulation, and supervision","Establish a framework of market intermediaries for government securities.",3,"09/30/2016","SB","Introduced at R4. Macroeconomic rationale: To deepen secondary market.",9,3,"30-Sep-16",NA,NA,NA,NA,43.260980041775,0.4791,28.2738613218304,0.106275401403098,47.728426891862,47.8347022932651,1,0,1
"RWA",2013,706,"RWANDA",714,"PSI","2-Dec-13","1-Dec-16",2016,"1-Dec-18",NA,NA,"11-Jun-18","P1","R9","BLANK","SB",25.1,"6.1. Financial sector legal reforms, regulation, and supervision","Establish the road map for secondary market development of Government debt securities. In addition, develop the capacity building plan for banks’ treasurers on domestic securities.",4,"09/30/2016","M","Introduced at R5. Met at R6 for PSI (R1 for SCF).",9,4,"30-Sep-16",NA,NA,NA,NA,43.260980041775,0.4791,28.2738613218304,0.106275401403098,47.728426891862,47.8347022932651,1,0,1
"RWA",2013,706,"RWANDA",714,"PSI","2-Dec-13","1-Dec-16",2016,"1-Dec-18",NA,NA,"11-Jun-18","P1","R9","BLANK","SB",25.1,"6.1. Financial sector legal reforms, regulation, and supervision","Define and target a range of excess reserves conducive to developing the interbank market.",5,"12/31/2016","M","Introduced at R5. Met at R7.",9,5,"31-Dec-16",NA,NA,NA,NA,43.260980041775,0.4791,28.2738613218304,0.106275401403098,47.728426891862,47.8347022932651,1,0,1
"RWA",2013,706,"RWANDA",714,"PSI","2-Dec-13","1-Dec-16",2016,"1-Dec-18",NA,NA,"11-Jun-18","P1","R9","BLANK","SB",25.1,"6.1. Financial sector legal reforms, regulation, and supervision","Introduce the real horizontal REPOs including transfer of collateral across banks in order to facilitate transactions between banks and boost the trading of debt securities.",6,"03/31/2017","M","Introduced at R5. Met at R7.",9,6,"31-Mar-17",NA,NA,NA,NA,43.260980041775,0.4791,28.2738613218304,0.106275401403098,47.728426891862,47.8347022932651,1,0,1
"RWA",2013,706,"RWANDA",714,"PSI","2-Dec-13","1-Dec-16",2016,"31-Dec-17",NA,NA,"8-Jun-16","P1","R5","BLANK","SB",20,"1. General government","Submit revised National Investment Policy (NIP) to Cabinet.",1,"06/30/2016","SB","Introduced at R4. Macroeconomic rationale: To enable private sector involvement in PPPs.",5,1,"30-Jun-16",NA,NA,NA,NA,43.260980041775,0.4791,28.2738613218304,0.106275401403098,47.728426891862,47.8347022932651,1,0,1
"RWA",2013,706,"RWANDA",714,"PSI","2-Dec-13","1-Dec-16",2016,"31-Dec-17",NA,NA,"8-Jun-16","P1","R5","BLANK","SB",20.1,"1.1. Revenue measures, excluding trade policy","Revise exemption and zero-rating schedules under the VAT-code.",1,"06/30/2014","M","Introduced at R0. Macroeconomic rationale: to enhance revenue mobilization.",5,1,"30-Jun-14",NA,NA,NA,NA,43.260980041775,0.4791,28.2738613218304,0.106275401403098,47.728426891862,47.8347022932651,1,0,1
"RWA",2013,706,"RWANDA",714,"PSI","2-Dec-13","1-Dec-16",2016,"31-Dec-17",NA,NA,"8-Jun-16","P1","R5","BLANK","SB",20.1,"1.1. Revenue measures, excluding trade policy","Revise legislation on the taxation of property.",2,"12/31/2014","MOD-SB","Introduced at R0. Macroeconomic rationale: to enhance revenue mobilization. At R2, replaced with 2 measures (""revise law on Dencentralized Local Government.."" and ""Fully migrate one district in Kigali..."")",5,2,"31-Dec-14",NA,NA,NA,NA,43.260980041775,0.4791,28.2738613218304,0.106275401403098,47.728426891862,47.8347022932651,1,0,1
"RWA",2013,706,"RWANDA",714,"PSI","2-Dec-13","1-Dec-16",2016,"31-Dec-17",NA,NA,"8-Jun-16","P1","R5","BLANK","SB",20.1,"1.1. Revenue measures, excluding trade policy","Prepare legislative proposal for new tax regime for agriculture.",3,"12/31/2014","MOD-DATE","Introduced at R0. Macroeconomic rationale: to enhance revenue mobilization. At R2, new test date of end-December 2015.",5,3,"31-Dec-14",NA,NA,NA,NA,43.260980041775,0.4791,28.2738613218304,0.106275401403098,47.728426891862,47.8347022932651,1,0,1
"RWA",2013,706,"RWANDA",714,"PSI","2-Dec-13","1-Dec-16",2016,"31-Dec-17",NA,NA,"8-Jun-16","P1","R5","BLANK","SB",20.1,"1.1. Revenue measures, excluding trade policy","Prepare legislative proposal for new tax regime for agriculture.",3,"12/31/2015","MOD-SB","At R2, new test date. At R3, split into 2 benchmarks -- 1. ""Prepare study on new tax regime for agriculture."" with test date of end-Dec. 2015; and 2. same text as original benchmark but with end-June 2016 test date.",5,3,"31-Dec-15",NA,NA,NA,NA,43.260980041775,0.4791,28.2738613218304,0.106275401403098,47.728426891862,47.8347022932651,1,0,1
"RWA",2013,706,"RWANDA",714,"PSI","2-Dec-13","1-Dec-16",2016,"31-Dec-17",NA,NA,"8-Jun-16","P1","R5","BLANK","SB",20.1,"1.1. Revenue measures, excluding trade policy","Prepare legislative proposal for new tax regime for mining.",4,"12/31/2014","MOD-DATE","Introduced at R0. Macroeconomic rationale: to enhance revenue mobilization. At R2, new test date of end-January 2015 specified.",5,4,"31-Dec-14",NA,NA,NA,NA,43.260980041775,0.4791,28.2738613218304,0.106275401403098,47.728426891862,47.8347022932651,1,0,1
"RWA",2013,706,"RWANDA",714,"PSI","2-Dec-13","1-Dec-16",2016,"31-Dec-17",NA,NA,"8-Jun-16","P1","R5","BLANK","SB",20.1,"1.1. Revenue measures, excluding trade policy","Prepare legislative proposal for new tax regime for mining.",4,"01/31/2015","MOD-DATE","At R2, new test date. At R3, not met. Date changed to end September 2015 as  part of the proposed Income Tax Law.",5,4,"31-Jan-15",NA,NA,NA,NA,43.260980041775,0.4791,28.2738613218304,0.106275401403098,47.728426891862,47.8347022932651,1,0,1
"RWA",2013,706,"RWANDA",714,"PSI","2-Dec-13","1-Dec-16",2016,"31-Dec-17",NA,NA,"8-Jun-16","P1","R5","BLANK","SB",20.1,"1.1. Revenue measures, excluding trade policy","Prepare legislative proposal for new tax regime for mining.",4,"09/30/2015","M","At R4, met.",5,4,"30-Sep-15",NA,NA,NA,NA,43.260980041775,0.4791,28.2738613218304,0.106275401403098,47.728426891862,47.8347022932651,1,0,1
"RWA",2013,706,"RWANDA",714,"PSI","2-Dec-13","1-Dec-16",2016,"31-Dec-17",NA,NA,"8-Jun-16","P1","R5","BLANK","SB",20.1,"1.1. Revenue measures, excluding trade policy","Revise law on Decentralized Local government taxes to enable the migration from Land Lease Fees to Fixed Asset Tax.",5,"06/30/2015","M","Macreconomic rationale: To enhance revenue mobilization. At R3, the rationale is now to raise the property tax rate to 0.2 percent.",5,5,"30-Jun-15",NA,NA,NA,NA,43.260980041775,0.4791,28.2738613218304,0.106275401403098,47.728426891862,47.8347022932651,1,0,1
"RWA",2013,706,"RWANDA",714,"PSI","2-Dec-13","1-Dec-16",2016,"31-Dec-17",NA,NA,"8-Jun-16","P1","R5","BLANK","SB",20.1,"1.1. Revenue measures, excluding trade policy","Fully migrate one district in Kigali from Land Lease Fee to Fixed Asset Tax.",6,"12/31/2015","SB","Macroeconomic rationale: To enhance revenue mobilization. At R3, Property tax legislation will apply countrywide immediately.",5,6,"31-Dec-15",NA,NA,NA,NA,43.260980041775,0.4791,28.2738613218304,0.106275401403098,47.728426891862,47.8347022932651,1,0,1
"RWA",2013,706,"RWANDA",714,"PSI","2-Dec-13","1-Dec-16",2016,"31-Dec-17",NA,NA,"8-Jun-16","P1","R5","BLANK","SB",20.1,"1.1. Revenue measures, excluding trade policy","Prepare study on new tax regime for agriculture.",7,"12/31/2015","MOD-DATE","Introduced at R3. At R4, new test date specified.",5,7,"31-Dec-15",NA,NA,NA,NA,43.260980041775,0.4791,28.2738613218304,0.106275401403098,47.728426891862,47.8347022932651,1,0,1
"RWA",2013,706,"RWANDA",714,"PSI","2-Dec-13","1-Dec-16",2016,"31-Dec-17",NA,NA,"8-Jun-16","P1","R5","BLANK","SB",20.1,"1.1. Revenue measures, excluding trade policy","Prepare study on new tax regime for agriculture.",7,"03/31/2016","SB","At R4, new test date.",5,7,"31-Mar-16",NA,NA,NA,NA,43.260980041775,0.4791,28.2738613218304,0.106275401403098,47.728426891862,47.8347022932651,1,0,1
"RWA",2013,706,"RWANDA",714,"PSI","2-Dec-13","1-Dec-16",2016,"31-Dec-17",NA,NA,"8-Jun-16","P1","R5","BLANK","SB",20.1,"1.1. Revenue measures, excluding trade policy","Prepare legislative proposal for new tax regime for agriculture.",8,"06/30/2016","SB","This replaces original benchmark of end-December 2015 test date.",5,8,"30-Jun-16",NA,NA,NA,NA,43.260980041775,0.4791,28.2738613218304,0.106275401403098,47.728426891862,47.8347022932651,1,0,1
"RWA",2013,706,"RWANDA",714,"PSI","2-Dec-13","1-Dec-16",2016,"31-Dec-17",NA,NA,"8-Jun-16","P1","R5","BLANK","SB",20.1,"1.1. Revenue measures, excluding trade policy","Submit revised Law on Tax Procedures to Cabinet.",9,"06/30/2016","SB","Introduced at R4. Macroeconomic rationale: To enhance revenue mobilization. This SB also applies to SCF program.",5,9,"30-Jun-16",NA,NA,NA,NA,43.260980041775,0.4791,28.2738613218304,0.106275401403098,47.728426891862,47.8347022932651,1,0,1
"RWA",2013,706,"RWANDA",714,"PSI","2-Dec-13","1-Dec-16",2016,"31-Dec-17",NA,NA,"8-Jun-16","P1","R5","BLANK","SB",20.1,"1.1. Revenue measures, excluding trade policy","Share draft study on new tax regime for agriculture.",10,"11/30/2016","MOD-DATE","Introduced at R4. Macroeconomic rationale: To enhance revenue mobilization. At R5, rescheduled for end-Sept 2017.",5,10,"30-Nov-16",NA,NA,NA,NA,43.260980041775,0.4791,28.2738613218304,0.106275401403098,47.728426891862,47.8347022932651,1,0,1
"RWA",2013,706,"RWANDA",714,"PSI","2-Dec-13","1-Dec-16",2016,"31-Dec-17",NA,NA,"8-Jun-16","P1","R5","BLANK","SB",20.1,"1.1. Revenue measures, excluding trade policy","Share draft study on new tax regime for agriculture.",10,"09/30/2017","SB","At R5, new test date.",5,10,"30-Sep-17",NA,NA,NA,NA,43.260980041775,0.4791,28.2738613218304,0.106275401403098,47.728426891862,47.8347022932651,1,0,1
"RWA",2013,706,"RWANDA",714,"PSI","2-Dec-13","1-Dec-16",2016,"31-Dec-17",NA,NA,"8-Jun-16","P1","R5","BLANK","SB",20.1,"1.1. Revenue measures, excluding trade policy","Submit to Parliament revised legislation on fixed asset tax.",12,"03/31/2017","SB","Introduced at R5.",5,12,"31-Mar-17",NA,NA,NA,NA,43.260980041775,0.4791,28.2738613218304,0.106275401403098,47.728426891862,47.8347022932651,1,0,1
"RWA",2013,706,"RWANDA",714,"PSI","2-Dec-13","1-Dec-16",2016,"31-Dec-17",NA,NA,"8-Jun-16","P1","R5","BLANK","SB",20.2,"1.2. Revenue administration, including customs","Implement plan for better enforcement of tax payer compliance.",1,"06/30/2014","M","Introduced at R0. Macroeconomic rationale: to enhance revenue mobilization.",5,1,"30-Jun-14",NA,NA,NA,NA,43.260980041775,0.4791,28.2738613218304,0.106275401403098,47.728426891862,47.8347022932651,1,0,1
"RWA",2013,706,"RWANDA",714,"PSI","2-Dec-13","1-Dec-16",2016,"31-Dec-17",NA,NA,"8-Jun-16","P1","R5","BLANK","SB",20.2,"1.2. Revenue administration, including customs","Review the block grant formula on the basis of the Local Government Revenue Potential Study.",2,"06/30/2014","MOD-DATE","Introduced at R0. Macroeconomic rationale: to enhance collection of districts own revenues. At R1, test date revised from end-June 2014 to end-September 2014.",5,2,"30-Jun-14",NA,NA,NA,NA,43.260980041775,0.4791,28.2738613218304,0.106275401403098,47.728426891862,47.8347022932651,1,0,1
"RWA",2013,706,"RWANDA",714,"PSI","2-Dec-13","1-Dec-16",2016,NA,NA,NA,"15-Jan-16","P1","R4","BLANK","SB",25.1,"6.1. Financial sector legal reforms, regulation, and supervision","Design a deposit guarantee scheme.",1,"06/30/2014","M","Introduced at R0. Macroeconomic rationale: to increase confidence in banking system.",4,1,"30-Jun-14",NA,NA,NA,NA,43.260980041775,0.4791,28.2738613218304,0.106275401403098,47.728426891862,47.8347022932651,1,0,1
"RWA",2013,706,"RWANDA",714,"PSI","2-Dec-13","1-Dec-16",2016,NA,NA,NA,"15-Jan-16","P1","R4","BLANK","SB",25.1,"6.1. Financial sector legal reforms, regulation, and supervision","Issue a 15-year Government T-Bond",2,"05/31/2016","SB","Introduced at R4. Macroeconomic rationale: To extend the yield curve.",4,2,"31-May-16",NA,NA,NA,NA,43.260980041775,0.4791,28.2738613218304,0.106275401403098,47.728426891862,47.8347022932651,1,0,1
"RWA",2013,706,"RWANDA",714,"PSI","2-Dec-13","1-Dec-16",2016,NA,NA,NA,"15-Jan-16","P1","R4","BLANK","SB",25.1,"6.1. Financial sector legal reforms, regulation, and supervision","Establish a framework of market intermediaries for government securities.",3,"09/30/2016","SB","Introduced at R4. Macroeconomic rationale: To deepen secondary market.",4,3,"30-Sep-16",NA,NA,NA,NA,43.260980041775,0.4791,28.2738613218304,0.106275401403098,47.728426891862,47.8347022932651,1,0,1
"RWA",2013,706,"RWANDA",714,"PSI","2-Dec-13","1-Dec-16",2016,NA,NA,NA,"15-Jan-16","P1","R4","BLANK","SB",21.1,"2.1. Central bank operations and reforms","Start issuing government bonds with maturities of 7 and 10 years.",6,"06/30/2015","M","Introduced at R2. Macroeconomic rationale: To develop money market instruments.",4,6,"30-Jun-15",NA,NA,NA,NA,43.260980041775,0.4791,28.2738613218304,0.106275401403098,47.728426891862,47.8347022932651,1,0,1
"RWA",2013,706,"RWANDA",714,"PSI","2-Dec-13","1-Dec-16",2016,NA,NA,NA,"15-Jan-16","P1","R4","BLANK","SB",29,"10. Economic statistics (excluding fiscal and central bank transparency and similar measures)","NBR to gather high frequency data and undertake economic sentiment surveys.",1,"12/31/2013","M","Introduced at R0. Macroeconomic rationale: to improve quality and timeliness of economic data. At R1, met.",4,1,"31-Dec-13",NA,NA,NA,NA,43.260980041775,0.4791,28.2738613218304,0.106275401403098,47.728426891862,47.8347022932651,1,0,1
"RWA",2019,780,"RWANDA",714,"PCI","28-Jun-19","27-Jun-22",2022,NA,NA,NA,"28-Jun-19","P1","R0","E","SB",25,"6. Financial sector","Produce a study on consumer payment behavor analyzing micro-level data on consumer payment choices",2,"12/31/2020","SB","Deepen financial markets",0,2,"31-Dec-20",NA,NA,NA,NA,48.892715033759,5.2709,22.4796314887124,1.91424345145403,14.8783110729202,16.7925545243742,1,1,1
"RWA",2019,780,"RWANDA",714,"PCI","28-Jun-19","27-Jun-22",2022,NA,NA,NA,"28-Jun-19","P1","R0","E","SB",30,"11. Other structural measures","Procure an IT system that will capture all RSSB processes",1,"06/30/2019","SB","Improve resource efficiency",0,1,"30-Jun-19",NA,NA,NA,NA,48.892715033759,5.2709,22.4796314887124,1.91424345145403,14.8783110729202,16.7925545243742,1,1,1
"RWA",2019,780,"RWANDA",714,"PCI","28-Jun-19","27-Jun-22",2022,NA,NA,NA,"28-Jun-19","P1","R0","E","SB",30,"11. Other structural measures","Contract a diagnostic study on optimal RSSB asset allocation.",2,"06/30/2020","SB","Improve resource efficiency",0,2,"30-Jun-20",NA,NA,NA,NA,48.892715033759,5.2709,22.4796314887124,1.91424345145403,14.8783110729202,16.7925545243742,1,1,1
"RWA",2019,780,"RWANDA",714,"PCI","28-Jun-19","27-Jun-22",2022,NA,NA,NA,"17-Jan-20","P1","R1","BLANK","SB",20.7,"1.7. Fiscal transparency (publication, parliamentary oversight)","Expand coverage in fiscal reporting in GFS 2014 from budgetary central govt to central govt (i.e. including extrabudgetary entities) and local governments.",3,"06/30/2020","SB","Improve fiscal transparency/PFM",1,3,"30-Jun-20",NA,NA,NA,NA,48.892715033759,5.2709,22.4796314887124,1.91424345145403,14.8783110729202,16.7925545243742,1,1,1
"RWA",2019,780,"RWANDA",714,"PCI","28-Jun-19","27-Jun-22",2022,NA,NA,NA,"28-Jun-19","P1","R0","E","SB",21.1,"2.1. Central bank operations and reforms","Publish macro projections for MPC decision making in quarterly inflation reports, according to best practices established by other central banks.",2,"06/30/2020","SB","Support new monetary policy framework",0,2,"30-Jun-20",NA,NA,NA,NA,48.892715033759,5.2709,22.4796314887124,1.91424345145403,14.8783110729202,16.7925545243742,1,1,1
"RWA",2019,780,"RWANDA",714,"PCI","28-Jun-19","27-Jun-22",2022,NA,NA,NA,"28-Jun-19","P1","R0","E","SB",21.1,"2.1. Central bank operations and reforms","Expand industrial and market expectation surveys that feed into macro forecasting, begin collecting data to construct a purchasing manager's index, and accelerate publication of foreign private capital survey",3,"12/31/2020","SB","Support new monetary policy framework",0,3,"31-Dec-20",NA,NA,NA,NA,48.892715033759,5.2709,22.4796314887124,1.91424345145403,14.8783110729202,16.7925545243742,1,1,1
"RWA",2019,780,"RWANDA",714,"PCI","28-Jun-19","27-Jun-22",2022,NA,NA,NA,"28-Jun-19","P1","R0","E","SB",21.1,"2.1. Central bank operations and reforms","Update the regulatory framework on true repo to rollout Global Master Repurchase Agreement (GMRA)",4,"06/30/2021","SB","Support new monetary policy framework",0,4,"30-Jun-21",NA,NA,NA,NA,48.892715033759,5.2709,22.4796314887124,1.91424345145403,14.8783110729202,16.7925545243742,1,1,1
"RWA",2019,780,"RWANDA",714,"PCI","28-Jun-19","27-Jun-22",2022,NA,NA,NA,"17-Jan-20","P1","R1","BLANK","SB",21.1,"2.1. Central bank operations and reforms","Expand industrial and market expectation surveys that feed into macro forecasting, begin collecting data to construct a purchasing manager's index, and accelerate publication of foreign private capital survey",3,"12/31/2020","SB","Support new monetary policy framework",1,3,"31-Dec-20",NA,NA,NA,NA,48.892715033759,5.2709,22.4796314887124,1.91424345145403,14.8783110729202,16.7925545243742,1,1,1
"RWA",2019,780,"RWANDA",714,"PCI","28-Jun-19","27-Jun-22",2022,NA,NA,NA,"17-Jan-20","P1","R1","BLANK","SB",21.1,"2.1. Central bank operations and reforms","Update the regulatory framework on true repo to rollout Global Master Repurchase Agreement (GMRA)",4,"06/30/2021","SB","Support new monetary policy framework",1,4,"30-Jun-21",NA,NA,NA,NA,48.892715033759,5.2709,22.4796314887124,1.91424345145403,14.8783110729202,16.7925545243742,1,1,1
"RWA",2019,780,"RWANDA",714,"PCI","28-Jun-19","27-Jun-22",2022,NA,NA,NA,"17-Jan-20","P1","R1","BLANK","SB",25,"6. Financial sector","Introduce a platform for issuing government securities  using mobile phones",1,"06/30/2020","SB","Deepen financial markets",1,1,"30-Jun-20",NA,NA,NA,NA,48.892715033759,5.2709,22.4796314887124,1.91424345145403,14.8783110729202,16.7925545243742,1,1,1
"RWA",2019,780,"RWANDA",714,"PCI","28-Jun-19","27-Jun-22",2022,NA,NA,NA,"17-Jan-20","P1","R1","BLANK","SB",25,"6. Financial sector","Produce a study on consumer payment behavor analyzing micro-level data on consumer payment choices",2,"12/31/2020","SB","Deepen financial markets",1,2,"31-Dec-20",NA,NA,NA,NA,48.892715033759,5.2709,22.4796314887124,1.91424345145403,14.8783110729202,16.7925545243742,1,1,1
"RWA",2019,780,"RWANDA",714,"PCI","28-Jun-19","27-Jun-22",2022,NA,NA,NA,"17-Jan-20","P1","R1","BLANK","SB",20.1,"1.1. Revenue measures, excluding trade policy","Produce annual tax expenditure report with updated methodology, and a description of broad categories of beneficiaries",1,"06/30/2019","SB","Improve DRM",1,1,"30-Jun-19",NA,NA,NA,NA,48.892715033759,5.2709,22.4796314887124,1.91424345145403,14.8783110729202,16.7925545243742,1,1,1
"RWA",2019,780,"RWANDA",714,"PCI","28-Jun-19","27-Jun-22",2022,NA,NA,NA,"17-Jan-20","P1","R1","BLANK","SB",20.2,"1.2. Revenue administration, including customs","Produce a report outlining detailed options for improving functioning of VAT, including measures that could be implemented in FY20/21.",1,"12/31/2019","SB","Improve DRM",1,1,"31-Dec-19",NA,NA,NA,NA,48.892715033759,5.2709,22.4796314887124,1.91424345145403,14.8783110729202,16.7925545243742,1,1,1
"RWA",2019,780,"RWANDA",714,"PCI","28-Jun-19","27-Jun-22",2022,NA,NA,NA,"17-Jan-20","P1","R1","BLANK","SB",20.2,"1.2. Revenue administration, including customs","Automating the risk based verification process for refund claims",2,"12/31/2019","SB","Improve DRM",1,2,"31-Dec-19",NA,NA,NA,NA,48.892715033759,5.2709,22.4796314887124,1.91424345145403,14.8783110729202,16.7925545243742,1,1,1
"RWA",2019,780,"RWANDA",714,"PCI","28-Jun-19","27-Jun-22",2022,NA,NA,NA,"17-Jan-20","P1","R1","BLANK","SB",20.7,"1.7. Fiscal transparency (publication, parliamentary oversight)","Begin producing quarterly budget execution reports in GFS 2014 format",1,"12/31/2019","SB","Improve fiscal transparency",1,1,"31-Dec-19",NA,NA,NA,NA,48.892715033759,5.2709,22.4796314887124,1.91424345145403,14.8783110729202,16.7925545243742,1,1,1
"RWA",2019,780,"RWANDA",714,"PCI","28-Jun-19","27-Jun-22",2022,NA,NA,NA,"17-Jan-20","P1","R1","BLANK","SB",20.7,"1.7. Fiscal transparency (publication, parliamentary oversight)","Produce a comprehensive fiscal risk analysis report",2,"06/30/2020","SB","Mitigate fiscal risks",1,2,"30-Jun-20",NA,NA,NA,NA,48.892715033759,5.2709,22.4796314887124,1.91424345145403,14.8783110729202,16.7925545243742,1,1,1
"RWA",2019,780,"RWANDA",714,"PCI","28-Jun-19","27-Jun-22",2022,"27-Jun-23",NA,NA,"10-Jan-22","P1","R5","BLANK","SB",20.7,"1.7. Fiscal transparency (publication, parliamentary oversight)","Expand the coverage in quarterly fiscal reporting in GFS 2014 to include the whole general government (i.e. including RSSB).",9,"03/31/2023","SB","Improve fiscal transparency/PFM",5,9,"31-Mar-23","R4",NA,"SB_20.70_9",NA,48.892715033759,5.2709,22.4796314887124,1.91424345145403,14.8783110729202,16.7925545243742,1,1,1
"RWA",2019,780,"RWANDA",714,"PCI","28-Jun-19","27-Jun-22",2022,"27-Jun-23",NA,NA,"10-Jan-22","P1","R5","BLANK","SB",20.7,"1.7. Fiscal transparency (publication, parliamentary oversight)","Produce financial and management reports from the IT system for all schemes managed by RSSB",4,"12/31/2020","M","Improve fiscal tranparency and strengthen management and sustainability of all schemes managed by RSSB. The SB was met ahead of time in R3.",5,4,"31-Dec-20",NA,NA,"SB_20.70_4",NA,48.892715033759,5.2709,22.4796314887124,1.91424345145403,14.8783110729202,16.7925545243742,1,1,1
"RWA",2019,780,"RWANDA",714,"PCI","28-Jun-19","27-Jun-22",2022,"27-Jun-23",NA,NA,"10-Jan-22","P1","R5","BLANK","SB",20.7,"1.7. Fiscal transparency (publication, parliamentary oversight)","Begin producing quarterly budget execution reports in GFS 2014 format",1,"12/31/2019","M","Improve fiscal transparency",5,1,"31-Dec-19",NA,NA,"SB_20.70_1",NA,48.892715033759,5.2709,22.4796314887124,1.91424345145403,14.8783110729202,16.7925545243742,1,1,1
"RWA",2019,780,"RWANDA",714,"PCI","28-Jun-19","27-Jun-22",2022,"27-Jun-23",NA,NA,"10-Jan-22","P1","R5","BLANK","SB",20.7,"1.7. Fiscal transparency (publication, parliamentary oversight)","Produce a comprehensive fiscal risk analysis report",2,"06/30/2020","M","Mitigate fiscal risks",5,2,"30-Jun-20",NA,NA,"SB_20.70_2",NA,48.892715033759,5.2709,22.4796314887124,1.91424345145403,14.8783110729202,16.7925545243742,1,1,1
"RWA",2019,780,"RWANDA",714,"PCI","28-Jun-19","27-Jun-22",2022,"27-Jun-23",NA,NA,"10-Jan-22","P1","R5","BLANK","SB",20.7,"1.7. Fiscal transparency (publication, parliamentary oversight)","Expand coverage in fiscal reporting in GFS 2014 from budgetary central govt to central govt (i.e. including extrabudgetary entities) and local governments.",3,"12/31/2020","M","Improve fiscal transparency/PFM",5,3,"31-Dec-20",NA,"R4","SB_20.70_3",NA,48.892715033759,5.2709,22.4796314887124,1.91424345145403,14.8783110729202,16.7925545243742,1,1,1
"RWA",2019,780,"RWANDA",714,"PCI","28-Jun-19","27-Jun-22",2022,"27-Jun-23",NA,NA,"10-Jan-22","P1","R5","BLANK","SB",20.7,"1.7. Fiscal transparency (publication, parliamentary oversight)","Publication of consolidated fiscal statistics for public corporations, the general government, and the non-financial public sector for FY16/17 through FY19/20.",7,"12/31/2021","SB","Improve fiscal transparency/PFM",5,7,"31-Dec-21","R4",NA,"SB_20.70_7",NA,48.892715033759,5.2709,22.4796314887124,1.91424345145403,14.8783110729202,16.7925545243742,1,1,1
"RWA",2019,780,"RWANDA",714,"PCI","28-Jun-19","27-Jun-22",2022,"27-Jun-23",NA,NA,"10-Jan-22","P1","R5","BLANK","SB",20.7,"1.7. Fiscal transparency (publication, parliamentary oversight)","Conduct a fiscal risk assessment of public-private partnerships and submit the outcome and mitigation options to the fiscal risk committee",8,"04/30/2022","SB","Improve fiscal transparency/PFM",5,8,"30-Apr-22","R4",NA,"SB_20.70_8",NA,48.892715033759,5.2709,22.4796314887124,1.91424345145403,14.8783110729202,16.7925545243742,1,1,1
"RWA",2019,780,"RWANDA",714,"PCI","28-Jun-19","27-Jun-22",2022,NA,NA,NA,"28-Jun-19","P1","R0","E","SB",20.1,"1.1. Revenue measures, excluding trade policy","Produce annual tax expenditure report with updated methodology, and a description of broad categories of beneficiaries",1,"06/30/2019","SB","Improve DRM",0,1,"30-Jun-19",NA,NA,NA,NA,48.892715033759,5.2709,22.4796314887124,1.91424345145403,14.8783110729202,16.7925545243742,1,1,1
"RWA",2019,780,"RWANDA",714,"PCI","28-Jun-19","27-Jun-22",2022,NA,NA,NA,"28-Jun-19","P1","R0","E","SB",20.2,"1.2. Revenue administration, including customs","Produce a report outlining detailed options for improving functioning of VAT, including measures that could be implemented in FY20/21.",1,"12/31/2019","SB","Improve DRM",0,1,"31-Dec-19",NA,NA,NA,NA,48.892715033759,5.2709,22.4796314887124,1.91424345145403,14.8783110729202,16.7925545243742,1,1,1
"RWA",2019,780,"RWANDA",714,"PCI","28-Jun-19","27-Jun-22",2022,NA,NA,NA,"28-Jun-19","P1","R0","E","SB",20.2,"1.2. Revenue administration, including customs","Automating the risk based verification process for refund claims",2,"12/31/2019","SB","Improve DRM",0,2,"31-Dec-19",NA,NA,NA,NA,48.892715033759,5.2709,22.4796314887124,1.91424345145403,14.8783110729202,16.7925545243742,1,1,1
"RWA",2019,780,"RWANDA",714,"PCI","28-Jun-19","27-Jun-22",2022,NA,NA,NA,"28-Jun-19","P1","R0","E","SB",20.7,"1.7. Fiscal transparency (publication, parliamentary oversight)","Begin producing quarterly budget execution reports in GFS 2014 format",1,"12/31/2019","SB","Improve fiscal transparency",0,1,"31-Dec-19",NA,NA,NA,NA,48.892715033759,5.2709,22.4796314887124,1.91424345145403,14.8783110729202,16.7925545243742,1,1,1
"RWA",2019,780,"RWANDA",714,"PCI","28-Jun-19","27-Jun-22",2022,NA,NA,NA,"28-Jun-19","P1","R0","E","SB",20.7,"1.7. Fiscal transparency (publication, parliamentary oversight)","Produce a comprehensive fiscal risk analysis report",2,"06/30/2020","SB","Mitigate fiscal risks",0,2,"30-Jun-20",NA,NA,NA,NA,48.892715033759,5.2709,22.4796314887124,1.91424345145403,14.8783110729202,16.7925545243742,1,1,1
"RWA",2019,780,"RWANDA",714,"PCI","28-Jun-19","27-Jun-22",2022,NA,NA,NA,"28-Jun-19","P1","R0","E","SB",20.7,"1.7. Fiscal transparency (publication, parliamentary oversight)","Expand coverage in fiscal reporting in GFS 2014 from budgetary central govt to central govt (i.e. including extrabudgetary entities)",3,"06/30/2020","SB","Improve fiscal transparency/PFM",0,3,"30-Jun-20",NA,NA,NA,NA,48.892715033759,5.2709,22.4796314887124,1.91424345145403,14.8783110729202,16.7925545243742,1,1,1
"RWA",2019,780,"RWANDA",714,"PCI","28-Jun-19","27-Jun-22",2022,NA,NA,NA,"28-Jun-19","P1","R0","E","SB",20.7,"1.7. Fiscal transparency (publication, parliamentary oversight)","Produce financial and management reports from the IT system for all schemes managed by RSSB",4,"12/31/2020","SB","Improve fiscal tranparency and strengthen management and sustainability of all schemes managed by RSSB",0,4,"31-Dec-20",NA,NA,NA,NA,48.892715033759,5.2709,22.4796314887124,1.91424345145403,14.8783110729202,16.7925545243742,1,1,1
"RWA",2019,780,"RWANDA",714,"PCI","28-Jun-19","27-Jun-22",2022,NA,NA,NA,"28-Jun-19","P1","R0","E","SB",21.1,"2.1. Central bank operations and reforms","Improve communication for monetary policy by organizing quarterly outreach after each MPC meeting, including roundtable discussions with CEOs of commercial banks and other financial institutions, as well as other interested stakeholders.",1,"12/31/2019","SB","Support new monetary policy framework",0,1,"31-Dec-19",NA,NA,NA,NA,48.892715033759,5.2709,22.4796314887124,1.91424345145403,14.8783110729202,16.7925545243742,1,1,1
"RWA",2019,780,"RWANDA",714,"PCI","28-Jun-19","27-Jun-22",2022,"27-Jun-23",NA,NA,"10-Jan-22","P1","R5","BLANK","SB",20.7,"1.7. Fiscal transparency (publication, parliamentary oversight)","Conduct a ""health-check"" assessment of fiscal risks from SOEs using available data and submit the outcome and mitigation options to the fiscal risk committee.",5,"05/31/2021","M","Improve fiscal transparency",5,5,"31-May-21",NA,"R4","SB_20.70_5",NA,48.892715033759,5.2709,22.4796314887124,1.91424345145403,14.8783110729202,16.7925545243742,1,1,1
"RWA",2019,780,"RWANDA",714,"PCI","28-Jun-19","27-Jun-22",2022,"27-Jun-23",NA,NA,"10-Jan-22","P1","R5","BLANK","SB",20.7,"1.7. Fiscal transparency (publication, parliamentary oversight)","Select advisory firm to conduct a review of RSSB asset allocation.",6,"06/30/2021","MOD-DATE","Improve resource efficiency.",5,6,"30-Jun-21","R4",NA,"SB_20.70_6",NA,48.892715033759,5.2709,22.4796314887124,1.91424345145403,14.8783110729202,16.7925545243742,1,1,1
"RWA",2019,780,"RWANDA",714,"PCI","28-Jun-19","27-Jun-22",2022,"27-Jun-23",NA,NA,"10-Jan-22","P1","R5","BLANK","SB",20.7,"1.7. Fiscal transparency (publication, parliamentary oversight)","Select advisory firm to conduct a review of RSSB asset allocation.",6,"01/31/2022","SB","Improve resource efficiency.",5,6,"31-Jan-22","R5",NA,"SB_20.70_6",NA,48.892715033759,5.2709,22.4796314887124,1.91424345145403,14.8783110729202,16.7925545243742,1,1,1
"RWA",2019,780,"RWANDA",714,"PCI","28-Jun-19","27-Jun-22",2022,NA,NA,NA,"28-Jun-19","P1","R0","E","SB",25,"6. Financial sector","Introduce a platform for issuing government securities  using mobile phones",1,"06/30/2020","SB","Deepen financial markets",0,1,"30-Jun-20",NA,NA,NA,NA,48.892715033759,5.2709,22.4796314887124,1.91424345145403,14.8783110729202,16.7925545243742,1,1,1
"RWA",2019,780,"RWANDA",714,"PCI","28-Jun-19","27-Jun-22",2022,"27-Jun-23",NA,NA,"1-Jul-21","P1","R4","BLANK","SB",20.2,"1.2. Revenue administration, including customs","Produce a report outlining detailed options for improving functioning of VAT, including measures that could be implemented in FY20/21.",1,"12/31/2019","M","Improve DRM",4,1,"31-Dec-19",NA,NA,"SB_20.20_1",NA,48.892715033759,5.2709,22.4796314887124,1.91424345145403,14.8783110729202,16.7925545243742,1,1,1
"RWA",2019,780,"RWANDA",714,"PCI","28-Jun-19","27-Jun-22",2022,"27-Jun-23",NA,NA,"1-Jul-21","P1","R4","BLANK","SB",20.2,"1.2. Revenue administration, including customs","Automating the risk based verification process for refund claims",2,"12/31/2019","MOD-DATE","Improve DRM. The SB was not met at R3 and was reset with a new test date.",4,2,"31-Dec-19",NA,NA,"SB_20.20_2",NA,48.892715033759,5.2709,22.4796314887124,1.91424345145403,14.8783110729202,16.7925545243742,1,1,1
"RWA",2019,780,"RWANDA",714,"PCI","28-Jun-19","27-Jun-22",2022,"27-Jun-23",NA,NA,"1-Jul-21","P1","R4","BLANK","SB",20.2,"1.2. Revenue administration, including customs","Automating the risk based verification process for refund claims",2,"12/31/2020","MOD-DATE","Improve DRM. The SB was not met at R3 and was reset with a new test date.",4,2,"31-Dec-20",NA,NA,"SB_20.20_2",NA,48.892715033759,5.2709,22.4796314887124,1.91424345145403,14.8783110729202,16.7925545243742,1,1,1
"RWA",2019,780,"RWANDA",714,"PCI","28-Jun-19","27-Jun-22",2022,"27-Jun-23",NA,NA,"1-Jul-21","P1","R4","BLANK","SB",20.2,"1.2. Revenue administration, including customs","Automating the risk based verification process for refund claims",2,"10/31/2021","SB","Improve DRM. The SB was not met at R4 and was reset with a new test date.",4,2,"31-Oct-21","R4",NA,"SB_20.20_2",NA,48.892715033759,5.2709,22.4796314887124,1.91424345145403,14.8783110729202,16.7925545243742,1,1,1
"RWA",2019,780,"RWANDA",714,"PCI","28-Jun-19","27-Jun-22",2022,"27-Jun-23",NA,NA,"1-Jul-21","P1","R4","BLANK","SB",20.7,"1.7. Fiscal transparency (publication, parliamentary oversight)","Begin producing quarterly budget execution reports in GFS 2014 format",1,"12/31/2019","M","Improve fiscal transparency",4,1,"31-Dec-19",NA,NA,"SB_20.70_1",NA,48.892715033759,5.2709,22.4796314887124,1.91424345145403,14.8783110729202,16.7925545243742,1,1,1
"RWA",2019,780,"RWANDA",714,"PCI","28-Jun-19","27-Jun-22",2022,"12-Dec-22",NA,NA,"22-Jun-22","P1","R6","L","SB",21.1,"2.1. Central bank operations and reforms","Expand industrial and market expectation surveys that feed into macro forecasting, begin collecting data to construct a purchasing manager's index, and accelerate publication of foreign private capital survey",3,"12/31/2020","M","Support new monetary policy framework",6,3,"31-Dec-20",NA,"R4","SB_21.10_3",NA,48.892715033759,5.2709,22.4796314887124,1.91424345145403,14.8783110729202,16.7925545243742,1,1,1
"RWA",2019,780,"RWANDA",714,"PCI","28-Jun-19","27-Jun-22",2022,"12-Dec-22",NA,NA,"22-Jun-22","P1","R6","L","SB",21.1,"2.1. Central bank operations and reforms","Update the regulatory framework on true repo to rollout Global Master Repurchase Agreement (GMRA)",4,"06/30/2021","MOD-DATE","Support new monetary policy framework",6,4,"30-Jun-21",NA,NA,"SB_21.10_4",NA,48.892715033759,5.2709,22.4796314887124,1.91424345145403,14.8783110729202,16.7925545243742,1,1,1
"RWA",2019,780,"RWANDA",714,"PCI","28-Jun-19","27-Jun-22",2022,"12-Dec-22",NA,NA,"22-Jun-22","P1","R6","L","SB",21.1,"2.1. Central bank operations and reforms","Conduct a legal assessment to identify gaps in the regulatory framework for true repo ahead of Global Master Repurchase Agreement (GMRA) rollout",5,"11/30/2021","MOD-DATE","Support new monetary policy framework. SB was reformulated and reset with a new test date at R4. The original content of the SB is ""Update the regulatory framework on true repo to rollout Global Master Repurchase Agreement (GMRA)""",6,5,"30-Nov-21","R4",NA,"SB_21.10_5",NA,48.892715033759,5.2709,22.4796314887124,1.91424345145403,14.8783110729202,16.7925545243742,1,1,1
"RWA",2019,780,"RWANDA",714,"PCI","28-Jun-19","27-Jun-22",2022,"12-Dec-22",NA,NA,"22-Jun-22","P1","R6","L","SB",21.1,"2.1. Central bank operations and reforms","Conduct a legal assessment to identify gaps in the regulatory framework for true repo ahead of Global Master Repurchase Agreement (GMRA) rollout",5,"03/31/2022","M","Support new monetary policy framework. SB was reformulated and reset with a new test date at R4. The original content of the SB is ""Update the regulatory framework on true repo to rollout Global Master Repurchase Agreement (GMRA)""",6,5,"31-Mar-22","R5","R6","SB_21.10_5",NA,48.892715033759,5.2709,22.4796314887124,1.91424345145403,14.8783110729202,16.7925545243742,1,1,1
"RWA",2019,780,"RWANDA",714,"PCI","28-Jun-19","27-Jun-22",2022,"12-Dec-22",NA,NA,"22-Jun-22","P1","R6","L","SB",21.1,"2.1. Central bank operations and reforms","Conduct a study on the regulatory aspects and feasibility of extending true repo to non-bank financial institutions ahead of GMRA rollout.",6,"03/31/2022","MOD-DATE","Support new monetary policy framework.",6,6,"31-Mar-22","R4",NA,"SB_21.10_6",NA,48.892715033759,5.2709,22.4796314887124,1.91424345145403,14.8783110729202,16.7925545243742,1,1,1
"RWA",2019,780,"RWANDA",714,"PCI","28-Jun-19","27-Jun-22",2022,"12-Dec-22",NA,NA,"22-Jun-22","P1","R6","L","SB",21.1,"2.1. Central bank operations and reforms","Conduct a study on the regulatory aspects and feasibility of extending true repo to non-bank financial institutions ahead of GMRA rollout.",6,"06/30/2022","MD","Support new monetary policy framework. Completed in November 2022.",6,6,"30-Jun-22","R5","R6","SB_21.10_6",NA,48.892715033759,5.2709,22.4796314887124,1.91424345145403,14.8783110729202,16.7925545243742,1,1,1
"RWA",2019,780,"RWANDA",714,"PCI","28-Jun-19","27-Jun-22",2022,"12-Dec-22",NA,NA,"22-Jun-22","P1","R6","L","SB",21.1,"2.1. Central bank operations and reforms","Provide capacity building on all aspects of GMRA terms to market participants and secure the signing of the GMRA by all banks as a final step in the operationalization of the GMRA.",7,"06/30/2022","MOD-DATE","Support new monetary policy framework.",6,7,"30-Jun-22","R4",NA,"SB_21.10_7",NA,48.892715033759,5.2709,22.4796314887124,1.91424345145403,14.8783110729202,16.7925545243742,1,1,1
"RWA",2019,780,"RWANDA",714,"PCI","28-Jun-19","27-Jun-22",2022,"12-Dec-22",NA,NA,"22-Jun-22","P1","R6","L","SB",21.1,"2.1. Central bank operations and reforms","Provide capacity building on all aspects of GMRA terms to market participants and secure the signing of the GMRA by all banks as a final step in the operationalization of the GMRA.",7,"12/31/2022","SB","Support new monetary policy framework.",6,7,"31-Dec-22","R5",NA,"SB_21.10_7",NA,48.892715033759,5.2709,22.4796314887124,1.91424345145403,14.8783110729202,16.7925545243742,1,1,1
"RWA",2019,780,"RWANDA",714,"PCI","28-Jun-19","27-Jun-22",2022,"12-Dec-22",NA,NA,"22-Jun-22","P1","R6","L","SB",25,"6. Financial sector","Introduce a platform for issuing government securities  using mobile phones",1,"06/30/2020","MOD-DATE","Deepen financial markets. The SB was not met at R3 and was reset with a new test date.",6,1,"30-Jun-20",NA,NA,"SB_25.00_1",NA,48.892715033759,5.2709,22.4796314887124,1.91424345145403,14.8783110729202,16.7925545243742,1,1,1
"RWA",2019,780,"RWANDA",714,"PCI","28-Jun-19","27-Jun-22",2022,"12-Dec-22",NA,NA,"22-Jun-22","P1","R6","L","SB",25,"6. Financial sector","Introduce a platform for issuing government securities  using mobile phones",1,"06/30/2021","M","Deepen financial markets. The SB was not met at R3 and was reset with a new test date.",6,1,"30-Jun-21",NA,"R5","SB_25.00_1",NA,48.892715033759,5.2709,22.4796314887124,1.91424345145403,14.8783110729202,16.7925545243742,1,1,1
"RWA",2019,780,"RWANDA",714,"PCI","28-Jun-19","27-Jun-22",2022,"12-Dec-22",NA,NA,"22-Jun-22","P1","R6","L","SB",25,"6. Financial sector","Produce a study on consumer payment behavor analyzing micro-level data on consumer payment choices",2,"12/31/2020","MOD-DATE","Deepen financial markets. The SB was not met at R3 and was reset with a new test date.",6,2,"31-Dec-20",NA,NA,"SB_25.00_2",NA,48.892715033759,5.2709,22.4796314887124,1.91424345145403,14.8783110729202,16.7925545243742,1,1,1
"RWA",2019,780,"RWANDA",714,"PCI","28-Jun-19","27-Jun-22",2022,"12-Dec-22",NA,NA,"22-Jun-22","P1","R6","L","SB",25,"6. Financial sector","Produce a study on consumer payment behavor analyzing micro-level data on consumer payment choices",2,"12/31/2021","MOD-SB","Deepen financial markets. The SB was not met at R3 and was reset with a new test date.",6,2,"31-Dec-21",NA,NA,"SB_25.00_2",NA,48.892715033759,5.2709,22.4796314887124,1.91424345145403,14.8783110729202,16.7925545243742,1,1,1
"RWA",2019,780,"RWANDA",714,"PCI","28-Jun-19","27-Jun-22",2022,"12-Dec-22",NA,NA,"22-Jun-22","P1","R6","L","SB",25,"6. Financial sector","Produce a study on consumer and merchant payment behavior and the pricing of digital payment services leveraging micro data.",3,"12/31/2021","MD","Deepen financial markets. The SB was reformulated at R4. Completed in May 2022.",6,3,"31-Dec-21","R4","R6","SB_25.00_3",NA,48.892715033759,5.2709,22.4796314887124,1.91424345145403,14.8783110729202,16.7925545243742,1,1,1
"RWA",2019,780,"RWANDA",714,"PCI","28-Jun-19","27-Jun-22",2022,"12-Dec-22",NA,NA,"22-Jun-22","P1","R6","L","SB",30,"11. Other structural measures","Procure an IT system that will capture all RSSB processes",1,"06/30/2019","M","Improve resource efficiency",6,1,"30-Jun-19",NA,NA,"SB_30.00_1",NA,48.892715033759,5.2709,22.4796314887124,1.91424345145403,14.8783110729202,16.7925545243742,1,1,1
"RWA",2019,780,"RWANDA",714,"PCI","28-Jun-19","27-Jun-22",2022,"12-Dec-22",NA,NA,"22-Jun-22","P1","R6","L","SB",30,"11. Other structural measures","Contract a diagnostic study on optimal RSSB asset allocation.",2,"06/30/2020","MOD-SB","Improve resource efficiency. This SB was not met at R3 and was reset with a new content and test date.",6,2,"30-Jun-20",NA,NA,"SB_30.00_2",NA,48.892715033759,5.2709,22.4796314887124,1.91424345145403,14.8783110729202,16.7925545243742,1,1,1
"RWA",2019,780,"RWANDA",714,"PCI","28-Jun-19","27-Jun-22",2022,"12-Dec-22",NA,NA,"22-Jun-22","P1","R6","L","SB",30,"11. Other structural measures","Conduct a review of RSSB asset allocation and submit the associated report to RSSB management.",3,"06/30/2021","MOD-DATE","Improve resource efficiency. This SB was not met at R3 and was reset with a new content and test date.",6,3,"30-Jun-21",NA,NA,"SB_30.00_3",NA,48.892715033759,5.2709,22.4796314887124,1.91424345145403,14.8783110729202,16.7925545243742,1,1,1
"RWA",2019,780,"RWANDA",714,"PCI","28-Jun-19","27-Jun-22",2022,"12-Dec-22",NA,NA,"22-Jun-22","P1","R6","L","SB",30,"11. Other structural measures","Conduct a review of RSSB asset allocation and submit the associated report to RSSB management.",3,"12/31/2021","MOD-DATE","Improve resource efficiency. This SB was reset at R4 with a new test date.",6,3,"31-Dec-21","R4",NA,"SB_30.00_3",NA,48.892715033759,5.2709,22.4796314887124,1.91424345145403,14.8783110729202,16.7925545243742,1,1,1
"RWA",2019,780,"RWANDA",714,"PCI","28-Jun-19","27-Jun-22",2022,"12-Dec-22",NA,NA,"22-Jun-22","P1","R6","L","SB",30,"11. Other structural measures","Conduct a review of RSSB asset allocation and submit the associated report to RSSB management.",3,"06/30/2022","MOD-DATE","Improve resource efficiency. This SB was reset at R6 with a new test date.",6,3,"30-Jun-22","R5",NA,"SB_30.00_3",NA,48.892715033759,5.2709,22.4796314887124,1.91424345145403,14.8783110729202,16.7925545243742,1,1,1
"RWA",2019,780,"RWANDA",714,"PCI","28-Jun-19","27-Jun-22",2022,NA,NA,NA,"16-Dec-20","P1","R3","BLANK","SB",20.7,"1.7. Fiscal transparency (publication, parliamentary oversight)","Begin producing quarterly budget execution reports in GFS 2014 format",1,"12/31/2019","M","Improve fiscal transparency",3,1,"31-Dec-19",NA,NA,"SB_20.70_1",NA,48.892715033759,5.2709,22.4796314887124,1.91424345145403,14.8783110729202,16.7925545243742,1,1,1
"RWA",2019,780,"RWANDA",714,"PCI","28-Jun-19","27-Jun-22",2022,NA,NA,NA,"16-Dec-20","P1","R3","BLANK","SB",20.7,"1.7. Fiscal transparency (publication, parliamentary oversight)","Produce a comprehensive fiscal risk analysis report",2,"06/30/2020","M","Mitigate fiscal risks",3,2,"30-Jun-20",NA,NA,"SB_20.70_2",NA,48.892715033759,5.2709,22.4796314887124,1.91424345145403,14.8783110729202,16.7925545243742,1,1,1
"RWA",2019,780,"RWANDA",714,"PCI","28-Jun-19","27-Jun-22",2022,NA,NA,NA,"16-Dec-20","P1","R3","BLANK","SB",20.7,"1.7. Fiscal transparency (publication, parliamentary oversight)","Expand coverage in fiscal reporting in GFS 2014 from budgetary central govt to central govt (i.e. including extrabudgetary entities) and local governments.",3,"12/31/2020","SB","Improve fiscal transparency/PFM",3,3,"31-Dec-20",NA,NA,"SB_20.70_3",NA,48.892715033759,5.2709,22.4796314887124,1.91424345145403,14.8783110729202,16.7925545243742,1,1,1
"RWA",2019,780,"RWANDA",714,"PCI","28-Jun-19","27-Jun-22",2022,NA,NA,NA,"16-Dec-20","P1","R3","BLANK","SB",20.7,"1.7. Fiscal transparency (publication, parliamentary oversight)","Produce financial and management reports from the IT system for all schemes managed by RSSB",4,"12/31/2020","M","Improve fiscal tranparency and strengthen management and sustainability of all schemes managed by RSSB. The SB was met ahead of time in R3.",3,4,"31-Dec-20",NA,NA,"SB_20.70_4",NA,48.892715033759,5.2709,22.4796314887124,1.91424345145403,14.8783110729202,16.7925545243742,1,1,1
"RWA",2019,780,"RWANDA",714,"PCI","28-Jun-19","27-Jun-22",2022,NA,NA,NA,"16-Dec-20","P1","R3","BLANK","SB",20.7,"1.7. Fiscal transparency (publication, parliamentary oversight)","Conduct a ""health-check"" assessment of fiscal risks from SOEs using available data and submit the outcome and mitigation options to the fiscal risk committee.",5,"05/31/2021","SB","Improve fiscal transparency",3,5,"31-May-21",NA,NA,"SB_20.70_5",NA,48.892715033759,5.2709,22.4796314887124,1.91424345145403,14.8783110729202,16.7925545243742,1,1,1
"RWA",2019,780,"RWANDA",714,"PCI","28-Jun-19","27-Jun-22",2022,NA,NA,NA,"16-Dec-20","P1","R3","BLANK","SB",21.1,"2.1. Central bank operations and reforms","Improve communication for monetary policy by organizing quarterly outreach after each MPC meeting, including roundtable discussions with CEOs of commercial banks and other financial institutions, as well as other interested stakeholders.",1,"12/31/2019","M","Support new monetary policy framework",3,1,"31-Dec-19",NA,NA,"SB_21.10_1",NA,48.892715033759,5.2709,22.4796314887124,1.91424345145403,14.8783110729202,16.7925545243742,1,1,1
"RWA",2019,780,"RWANDA",714,"PCI","28-Jun-19","27-Jun-22",2022,NA,NA,NA,"16-Dec-20","P1","R3","BLANK","SB",21.1,"2.1. Central bank operations and reforms","Publish macro projections for MPC decision making in quarterly inflation reports, according to best practices established by other central banks.",2,"06/30/2020","M","Support new monetary policy framework",3,2,"30-Jun-20",NA,NA,"SB_21.10_2",NA,48.892715033759,5.2709,22.4796314887124,1.91424345145403,14.8783110729202,16.7925545243742,1,1,1
"RWA",2019,780,"RWANDA",714,"PCI","28-Jun-19","27-Jun-22",2022,NA,NA,NA,"16-Dec-20","P1","R3","BLANK","SB",21.1,"2.1. Central bank operations and reforms","Expand industrial and market expectation surveys that feed into macro forecasting, begin collecting data to construct a purchasing manager's index, and accelerate publication of foreign private capital survey",3,"12/31/2020","SB","Support new monetary policy framework",3,3,"31-Dec-20",NA,NA,"SB_21.10_3",NA,48.892715033759,5.2709,22.4796314887124,1.91424345145403,14.8783110729202,16.7925545243742,1,1,1
"RWA",2019,780,"RWANDA",714,"PCI","28-Jun-19","27-Jun-22",2022,NA,NA,NA,"16-Dec-20","P1","R3","BLANK","SB",21.1,"2.1. Central bank operations and reforms","Update the regulatory framework on true repo to rollout Global Master Repurchase Agreement (GMRA)",4,"06/30/2021","SB","Support new monetary policy framework",3,4,"30-Jun-21",NA,NA,"SB_21.10_4",NA,48.892715033759,5.2709,22.4796314887124,1.91424345145403,14.8783110729202,16.7925545243742,1,1,1
"RWA",2019,780,"RWANDA",714,"PCI","28-Jun-19","27-Jun-22",2022,NA,NA,NA,"16-Dec-20","P1","R3","BLANK","SB",25,"6. Financial sector","Introduce a platform for issuing government securities  using mobile phones",1,"06/30/2020","MOD-DATE","Deepen financial markets. The SB was not met at R3 and was reset with a new test date.",3,1,"30-Jun-20",NA,NA,"SB_25.00_1",NA,48.892715033759,5.2709,22.4796314887124,1.91424345145403,14.8783110729202,16.7925545243742,1,1,1
"RWA",2019,780,"RWANDA",714,"PCI","28-Jun-19","27-Jun-22",2022,NA,NA,NA,"16-Dec-20","P1","R3","BLANK","SB",25,"6. Financial sector","Introduce a platform for issuing government securities  using mobile phones",1,"06/30/2021","SB","Deepen financial markets. The SB was not met at R3 and was reset with a new test date.",3,1,"30-Jun-21",NA,NA,"SB_25.00_1",NA,48.892715033759,5.2709,22.4796314887124,1.91424345145403,14.8783110729202,16.7925545243742,1,1,1
"RWA",2019,780,"RWANDA",714,"PCI","28-Jun-19","27-Jun-22",2022,NA,NA,NA,"16-Dec-20","P1","R3","BLANK","SB",25,"6. Financial sector","Produce a study on consumer payment behavor analyzing micro-level data on consumer payment choices",2,"12/31/2020","MOD-DATE","Deepen financial markets. The SB was not met at R3 and was reset with a new test date.",3,2,"31-Dec-20",NA,NA,"SB_25.00_2",NA,48.892715033759,5.2709,22.4796314887124,1.91424345145403,14.8783110729202,16.7925545243742,1,1,1
"RWA",2019,780,"RWANDA",714,"PCI","28-Jun-19","27-Jun-22",2022,"27-Jun-23",NA,NA,"1-Jul-21","P1","R4","BLANK","SB",20.7,"1.7. Fiscal transparency (publication, parliamentary oversight)","Conduct a ""health-check"" assessment of fiscal risks from SOEs using available data and submit the outcome and mitigation options to the fiscal risk committee.",5,"05/31/2021","M","Improve fiscal transparency",4,5,"31-May-21",NA,"R4","SB_20.70_5",NA,48.892715033759,5.2709,22.4796314887124,1.91424345145403,14.8783110729202,16.7925545243742,1,1,1
"RWA",2019,780,"RWANDA",714,"PCI","28-Jun-19","27-Jun-22",2022,"27-Jun-23",NA,NA,"1-Jul-21","P1","R4","BLANK","SB",20.7,"1.7. Fiscal transparency (publication, parliamentary oversight)","Select advisory firm to conduct a review of RSSB asset allocation.",6,"06/30/2021","SB","Improve resource efficiency.",4,6,"30-Jun-21","R4",NA,"SB_20.70_6",NA,48.892715033759,5.2709,22.4796314887124,1.91424345145403,14.8783110729202,16.7925545243742,1,1,1
"RWA",2019,780,"RWANDA",714,"PCI","28-Jun-19","27-Jun-22",2022,"27-Jun-23",NA,NA,"1-Jul-21","P1","R4","BLANK","SB",20.7,"1.7. Fiscal transparency (publication, parliamentary oversight)","Publication of consolidated fiscal statistics for public corporations, the general government, and the non-financial public sector for FY16/17 through FY19/20.",7,"12/31/2021","SB","Improve fiscal transparency/PFM",4,7,"31-Dec-21","R4",NA,"SB_20.70_7",NA,48.892715033759,5.2709,22.4796314887124,1.91424345145403,14.8783110729202,16.7925545243742,1,1,1
"RWA",2019,780,"RWANDA",714,"PCI","28-Jun-19","27-Jun-22",2022,"27-Jun-23",NA,NA,"1-Jul-21","P1","R4","BLANK","SB",20.7,"1.7. Fiscal transparency (publication, parliamentary oversight)","Conduct a fiscal risk assessment of public-private partnerships and submit the outcome and mitigation options to the fiscal risk committee",8,"04/30/2022","SB","Improve fiscal transparency/PFM",4,8,"30-Apr-22","R4",NA,"SB_20.70_8",NA,48.892715033759,5.2709,22.4796314887124,1.91424345145403,14.8783110729202,16.7925545243742,1,1,1
"RWA",2019,780,"RWANDA",714,"PCI","28-Jun-19","27-Jun-22",2022,"27-Jun-23",NA,NA,"1-Jul-21","P1","R4","BLANK","SB",20.7,"1.7. Fiscal transparency (publication, parliamentary oversight)","Expand the coverage in quarterly fiscal reporting in GFS 2014 to include the whole general government (i.e. including RSSB).",9,"03/31/2023","SB","Improve fiscal transparency/PFM",4,9,"31-Mar-23","R4",NA,"SB_20.70_9",NA,48.892715033759,5.2709,22.4796314887124,1.91424345145403,14.8783110729202,16.7925545243742,1,1,1
"RWA",2019,780,"RWANDA",714,"PCI","28-Jun-19","27-Jun-22",2022,"27-Jun-23",NA,NA,"1-Jul-21","P1","R4","BLANK","SB",21.1,"2.1. Central bank operations and reforms","Improve communication for monetary policy by organizing quarterly outreach after each MPC meeting, including roundtable discussions with CEOs of commercial banks and other financial institutions, as well as other interested stakeholders.",1,"12/31/2019","M","Support new monetary policy framework",4,1,"31-Dec-19",NA,NA,"SB_21.10_1",NA,48.892715033759,5.2709,22.4796314887124,1.91424345145403,14.8783110729202,16.7925545243742,1,1,1
"RWA",2019,780,"RWANDA",714,"PCI","28-Jun-19","27-Jun-22",2022,"27-Jun-23",NA,NA,"1-Jul-21","P1","R4","BLANK","SB",21.1,"2.1. Central bank operations and reforms","Publish macro projections for MPC decision making in quarterly inflation reports, according to best practices established by other central banks.",2,"06/30/2020","M","Support new monetary policy framework",4,2,"30-Jun-20",NA,NA,"SB_21.10_2",NA,48.892715033759,5.2709,22.4796314887124,1.91424345145403,14.8783110729202,16.7925545243742,1,1,1
"RWA",2019,780,"RWANDA",714,"PCI","28-Jun-19","27-Jun-22",2022,"27-Jun-23",NA,NA,"1-Jul-21","P1","R4","BLANK","SB",21.1,"2.1. Central bank operations and reforms","Expand industrial and market expectation surveys that feed into macro forecasting, begin collecting data to construct a purchasing manager's index, and accelerate publication of foreign private capital survey",3,"12/31/2020","M","Support new monetary policy framework",4,3,"31-Dec-20",NA,"R4","SB_21.10_3",NA,48.892715033759,5.2709,22.4796314887124,1.91424345145403,14.8783110729202,16.7925545243742,1,1,1
"RWA",2019,780,"RWANDA",714,"PCI","28-Jun-19","27-Jun-22",2022,"27-Jun-23",NA,NA,"1-Jul-21","P1","R4","BLANK","SB",21.1,"2.1. Central bank operations and reforms","Update the regulatory framework on true repo to rollout Global Master Repurchase Agreement (GMRA)",4,"06/30/2021","MOD-DATE","Support new monetary policy framework",4,4,"30-Jun-21",NA,NA,"SB_21.10_4",NA,48.892715033759,5.2709,22.4796314887124,1.91424345145403,14.8783110729202,16.7925545243742,1,1,1
"RWA",2019,780,"RWANDA",714,"PCI","28-Jun-19","27-Jun-22",2022,"27-Jun-23",NA,NA,"1-Jul-21","P1","R4","BLANK","SB",21.1,"2.1. Central bank operations and reforms","Conduct a legal assessment to identify gaps in the regulatory framework for true repo ahead of Global Master Repurchase Agreement (GMRA) rollout",5,"11/30/2021","SB","Support new monetary policy framework. SB was reformulated and reset with a new test date at R4. The original content of the SB is ""Update the regulatory framework on true repo to rollout Global Master Repurchase Agreement (GMRA)""",4,5,"30-Nov-21","R4",NA,"SB_21.10_5",NA,48.892715033759,5.2709,22.4796314887124,1.91424345145403,14.8783110729202,16.7925545243742,1,1,1
"RWA",2019,780,"RWANDA",714,"PCI","28-Jun-19","27-Jun-22",2022,"27-Jun-23",NA,NA,"1-Jul-21","P1","R4","BLANK","SB",20.7,"1.7. Fiscal transparency (publication, parliamentary oversight)","Produce a comprehensive fiscal risk analysis report",2,"06/30/2020","M","Mitigate fiscal risks",4,2,"30-Jun-20",NA,NA,"SB_20.70_2",NA,48.892715033759,5.2709,22.4796314887124,1.91424345145403,14.8783110729202,16.7925545243742,1,1,1
"RWA",2019,780,"RWANDA",714,"PCI","28-Jun-19","27-Jun-22",2022,"27-Jun-23",NA,NA,"1-Jul-21","P1","R4","BLANK","SB",20.7,"1.7. Fiscal transparency (publication, parliamentary oversight)","Expand coverage in fiscal reporting in GFS 2014 from budgetary central govt to central govt (i.e. including extrabudgetary entities) and local governments.",3,"12/31/2020","M","Improve fiscal transparency/PFM",4,3,"31-Dec-20",NA,"R4","SB_20.70_3",NA,48.892715033759,5.2709,22.4796314887124,1.91424345145403,14.8783110729202,16.7925545243742,1,1,1
"RWA",2019,780,"RWANDA",714,"PCI","28-Jun-19","27-Jun-22",2022,"27-Jun-23",NA,NA,"1-Jul-21","P1","R4","BLANK","SB",20.7,"1.7. Fiscal transparency (publication, parliamentary oversight)","Produce financial and management reports from the IT system for all schemes managed by RSSB",4,"12/31/2020","M","Improve fiscal tranparency and strengthen management and sustainability of all schemes managed by RSSB. The SB was met ahead of time in R3.",4,4,"31-Dec-20",NA,NA,"SB_20.70_4",NA,48.892715033759,5.2709,22.4796314887124,1.91424345145403,14.8783110729202,16.7925545243742,1,1,1
"RWA",2019,780,"RWANDA",714,"PCI","28-Jun-19","27-Jun-22",2022,"27-Jun-23",NA,NA,"1-Jul-21","P1","R4","BLANK","SB",25,"6. Financial sector","Introduce a platform for issuing government securities  using mobile phones",1,"06/30/2021","SB","Deepen financial markets. The SB was not met at R3 and was reset with a new test date.",4,1,"30-Jun-21",NA,NA,"SB_25.00_1",NA,48.892715033759,5.2709,22.4796314887124,1.91424345145403,14.8783110729202,16.7925545243742,1,1,1
"RWA",2019,780,"RWANDA",714,"PCI","28-Jun-19","27-Jun-22",2022,"27-Jun-23",NA,NA,"1-Jul-21","P1","R4","BLANK","SB",25,"6. Financial sector","Produce a study on consumer payment behavor analyzing micro-level data on consumer payment choices",2,"12/31/2020","MOD-DATE","Deepen financial markets. The SB was not met at R3 and was reset with a new test date.",4,2,"31-Dec-20",NA,NA,"SB_25.00_2",NA,48.892715033759,5.2709,22.4796314887124,1.91424345145403,14.8783110729202,16.7925545243742,1,1,1
"RWA",2019,780,"RWANDA",714,"PCI","28-Jun-19","27-Jun-22",2022,"27-Jun-23",NA,NA,"1-Jul-21","P1","R4","BLANK","SB",25,"6. Financial sector","Produce a study on consumer payment behavor analyzing micro-level data on consumer payment choices",2,"12/31/2021","MOD-SB","Deepen financial markets. The SB was not met at R3 and was reset with a new test date.",4,2,"31-Dec-21",NA,NA,"SB_25.00_2",NA,48.892715033759,5.2709,22.4796314887124,1.91424345145403,14.8783110729202,16.7925545243742,1,1,1
"RWA",2019,780,"RWANDA",714,"PCI","28-Jun-19","27-Jun-22",2022,"27-Jun-23",NA,NA,"1-Jul-21","P1","R4","BLANK","SB",25,"6. Financial sector","Produce a study on consumer and merchant payment behavior and the pricing of digital payment services leveraging micro data.",3,"12/31/2021","SB","Deepen financial markets. The SB was reformulated at R4.",4,3,"31-Dec-21","R4",NA,"SB_25.00_3",NA,48.892715033759,5.2709,22.4796314887124,1.91424345145403,14.8783110729202,16.7925545243742,1,1,1
"RWA",2019,780,"RWANDA",714,"PCI","28-Jun-19","27-Jun-22",2022,"27-Jun-23",NA,NA,"1-Jul-21","P1","R4","BLANK","SB",30,"11. Other structural measures","Procure an IT system that will capture all RSSB processes",1,"06/30/2019","M","Improve resource efficiency",4,1,"30-Jun-19",NA,NA,"SB_30.00_1",NA,48.892715033759,5.2709,22.4796314887124,1.91424345145403,14.8783110729202,16.7925545243742,1,1,1
"RWA",2019,780,"RWANDA",714,"PCI","28-Jun-19","27-Jun-22",2022,"12-Dec-22",NA,NA,"22-Jun-22","P1","R6","L","SB",30,"11. Other structural measures","Conduct a review of RSSB asset allocation and submit the associated report to RSSB management.",3,"09/30/2022","MOD-DATE","Improve resource efficiency. This SB was reset and proposed under the new PCI.",6,3,"30-Sep-22","R6",NA,"SB_30.00_3",NA,48.892715033759,5.2709,22.4796314887124,1.91424345145403,14.8783110729202,16.7925545243742,1,1,1
"RWA",2019,780,"RWANDA",714,"PCI","28-Jun-19","27-Jun-22",2022,"27-Jun-23",NA,NA,"1-Jul-21","P1","R4","BLANK","SB",21.1,"2.1. Central bank operations and reforms","Conduct a study on the regulatory aspects and feasibility of extending true repo to non-bank financial institutions ahead of GMRA rollout.",6,"03/31/2022","SB","Support new monetary policy framework.",4,6,"31-Mar-22","R4",NA,"SB_21.10_6",NA,48.892715033759,5.2709,22.4796314887124,1.91424345145403,14.8783110729202,16.7925545243742,1,1,1
"RWA",2019,780,"RWANDA",714,"PCI","28-Jun-19","27-Jun-22",2022,"27-Jun-23",NA,NA,"1-Jul-21","P1","R4","BLANK","SB",21.1,"2.1. Central bank operations and reforms","Provide capacity building on all aspects of GMRA terms to market participants and secure the signing of the GMRA by all banks as a final step in the operationalization of the GMRA.",7,"06/30/2022","SB","Support new monetary policy framework.",4,7,"30-Jun-22","R4",NA,"SB_21.10_7",NA,48.892715033759,5.2709,22.4796314887124,1.91424345145403,14.8783110729202,16.7925545243742,1,1,1
"RWA",2019,780,"RWANDA",714,"PCI","28-Jun-19","27-Jun-22",2022,"27-Jun-23",NA,NA,"1-Jul-21","P1","R4","BLANK","SB",25,"6. Financial sector","Introduce a platform for issuing government securities  using mobile phones",1,"06/30/2020","MOD-DATE","Deepen financial markets. The SB was not met at R3 and was reset with a new test date.",4,1,"30-Jun-20",NA,NA,"SB_25.00_1",NA,48.892715033759,5.2709,22.4796314887124,1.91424345145403,14.8783110729202,16.7925545243742,1,1,1
"RWA",2019,780,"RWANDA",714,"PCI","28-Jun-19","27-Jun-22",2022,NA,NA,NA,"17-Jan-20","P1","R1","BLANK","SB",30,"11. Other structural measures","Procure an IT system that will capture all RSSB processes",1,"06/30/2019","SB","Improve resource efficiency",1,1,"30-Jun-19",NA,NA,NA,NA,48.892715033759,5.2709,22.4796314887124,1.91424345145403,14.8783110729202,16.7925545243742,1,1,1
"RWA",2019,780,"RWANDA",714,"PCI","28-Jun-19","27-Jun-22",2022,NA,NA,NA,"17-Jan-20","P1","R1","BLANK","SB",30,"11. Other structural measures","Contract a diagnostic study on optimal RSSB asset allocation.",2,"06/30/2020","SB","Improve resource efficiency",1,2,"30-Jun-20",NA,NA,NA,NA,48.892715033759,5.2709,22.4796314887124,1.91424345145403,14.8783110729202,16.7925545243742,1,1,1
"RWA",2019,780,"RWANDA",714,"PCI","28-Jun-19","27-Jun-22",2022,NA,NA,NA,"16-Dec-20","P1","R3","BLANK","SB",20.1,"1.1. Revenue measures, excluding trade policy","Produce annual tax expenditure report with updated methodology, and a description of broad categories of beneficiaries",1,"06/30/2019","M","Improve DRM",3,1,"30-Jun-19",NA,NA,"SB_20.10_1",NA,48.892715033759,5.2709,22.4796314887124,1.91424345145403,14.8783110729202,16.7925545243742,1,1,1
"RWA",2019,780,"RWANDA",714,"PCI","28-Jun-19","27-Jun-22",2022,NA,NA,NA,"16-Dec-20","P1","R3","BLANK","SB",20.2,"1.2. Revenue administration, including customs","Produce a report outlining detailed options for improving functioning of VAT, including measures that could be implemented in FY20/21.",1,"12/31/2019","M","Improve DRM",3,1,"31-Dec-19",NA,NA,"SB_20.20_1",NA,48.892715033759,5.2709,22.4796314887124,1.91424345145403,14.8783110729202,16.7925545243742,1,1,1
"RWA",2019,780,"RWANDA",714,"PCI","28-Jun-19","27-Jun-22",2022,NA,NA,NA,"16-Dec-20","P1","R3","BLANK","SB",20.2,"1.2. Revenue administration, including customs","Automating the risk based verification process for refund claims",2,"12/31/2019","MOD-DATE","Improve DRM. The SB was not met at R3 and was reset with a new test date.",3,2,"31-Dec-19",NA,NA,"SB_20.20_2",NA,48.892715033759,5.2709,22.4796314887124,1.91424345145403,14.8783110729202,16.7925545243742,1,1,1
"RWA",2019,780,"RWANDA",714,"PCI","28-Jun-19","27-Jun-22",2022,NA,NA,NA,"16-Dec-20","P1","R3","BLANK","SB",20.2,"1.2. Revenue administration, including customs","Automating the risk based verification process for refund claims",2,"12/31/2020","SB","Improve DRM. The SB was not met at R3 and was reset with a new test date.",3,2,"31-Dec-20",NA,NA,"SB_20.20_2",NA,48.892715033759,5.2709,22.4796314887124,1.91424345145403,14.8783110729202,16.7925545243742,1,1,1
"RWA",2019,780,"RWANDA",714,"PCI","28-Jun-19","27-Jun-22",2022,NA,NA,NA,"17-Jan-20","P1","R1","BLANK","SB",20.7,"1.7. Fiscal transparency (publication, parliamentary oversight)","Produce financial and management reports from the IT system for all schemes managed by RSSB",4,"12/31/2020","SB","Improve fiscal tranparency and strengthen management and sustainability of all schemes managed by RSSB",1,4,"31-Dec-20",NA,NA,NA,NA,48.892715033759,5.2709,22.4796314887124,1.91424345145403,14.8783110729202,16.7925545243742,1,1,1
"RWA",2019,780,"RWANDA",714,"PCI","28-Jun-19","27-Jun-22",2022,NA,NA,NA,"17-Jan-20","P1","R1","BLANK","SB",21.1,"2.1. Central bank operations and reforms","Improve communication for monetary policy by organizing quarterly outreach after each MPC meeting, including roundtable discussions with CEOs of commercial banks and other financial institutions, as well as other interested stakeholders.",1,"12/31/2019","SB","Support new monetary policy framework",1,1,"31-Dec-19",NA,NA,NA,NA,48.892715033759,5.2709,22.4796314887124,1.91424345145403,14.8783110729202,16.7925545243742,1,1,1
"RWA",2019,780,"RWANDA",714,"PCI","28-Jun-19","27-Jun-22",2022,NA,NA,NA,"17-Jan-20","P1","R1","BLANK","SB",21.1,"2.1. Central bank operations and reforms","Publish macro projections for MPC decision making in quarterly inflation reports, according to best practices established by other central banks.",2,"06/30/2020","SB","Support new monetary policy framework",1,2,"30-Jun-20",NA,NA,NA,NA,48.892715033759,5.2709,22.4796314887124,1.91424345145403,14.8783110729202,16.7925545243742,1,1,1
"RWA",2019,780,"RWANDA",714,"PCI","28-Jun-19","27-Jun-22",2022,"27-Jun-23",NA,NA,"1-Jul-21","P1","R4","BLANK","SB",30,"11. Other structural measures","Contract a diagnostic study on optimal RSSB asset allocation.",2,"06/30/2020","MOD-SB","Improve resource efficiency. This SB was not met at R3 and was reset with a new content and test date.",4,2,"30-Jun-20",NA,NA,"SB_30.00_2",NA,48.892715033759,5.2709,22.4796314887124,1.91424345145403,14.8783110729202,16.7925545243742,1,1,1
"RWA",2019,780,"RWANDA",714,"PCI","28-Jun-19","27-Jun-22",2022,"27-Jun-23",NA,NA,"1-Jul-21","P1","R4","BLANK","SB",30,"11. Other structural measures","Conduct a review of RSSB asset allocation and submit the associated report to RSSB management.",3,"06/30/2021","MOD-DATE","Improve resource efficiency. This SB was not met at R3 and was reset with a new content and test date.",4,3,"30-Jun-21",NA,NA,"SB_30.00_3",NA,48.892715033759,5.2709,22.4796314887124,1.91424345145403,14.8783110729202,16.7925545243742,1,1,1
"RWA",2019,780,"RWANDA",714,"PCI","28-Jun-19","27-Jun-22",2022,"27-Jun-23",NA,NA,"1-Jul-21","P1","R4","BLANK","SB",30,"11. Other structural measures","Conduct a review of RSSB asset allocation and submit the associated report to RSSB management.",3,"12/31/2021","SB","Improve resource efficiency. This SB was reset at R4 with a new test date.",4,3,"31-Dec-21","R4",NA,"SB_30.00_3",NA,48.892715033759,5.2709,22.4796314887124,1.91424345145403,14.8783110729202,16.7925545243742,1,1,1
"RWA",2019,780,"RWANDA",714,"PCI","28-Jun-19","27-Jun-22",2022,"27-Jun-23",NA,NA,"10-Jan-22","P1","R5","BLANK","SB",20.1,"1.1. Revenue measures, excluding trade policy","Produce annual tax expenditure report with updated methodology, and a description of broad categories of beneficiaries",1,"06/30/2019","M","Improve DRM",5,1,"30-Jun-19",NA,NA,"SB_20.10_1",NA,48.892715033759,5.2709,22.4796314887124,1.91424345145403,14.8783110729202,16.7925545243742,1,1,1
"RWA",2019,780,"RWANDA",714,"PCI","28-Jun-19","27-Jun-22",2022,"27-Jun-23",NA,NA,"10-Jan-22","P1","R5","BLANK","SB",20.1,"1.1. Revenue measures, excluding trade policy","Approve a Medium-Term Revenue Strategy for FY 21/22-23/24 by Cabinet.",2,"01/31/2022","SB","Improve DRM.",5,2,"31-Jan-22","R5",NA,"SB_20.10_2",NA,48.892715033759,5.2709,22.4796314887124,1.91424345145403,14.8783110729202,16.7925545243742,1,1,1
"RWA",2019,780,"RWANDA",714,"PCI","28-Jun-19","27-Jun-22",2022,"27-Jun-23",NA,NA,"10-Jan-22","P1","R5","BLANK","SB",20.1,"1.1. Revenue measures, excluding trade policy","Conduct a review of the Medium-Term Revenue Strategy for FY 21/22-23/24.",3,"12/31/2022","SB","Improve DRM.",5,3,"31-Dec-22","R5",NA,"SB_20.10_3",NA,48.892715033759,5.2709,22.4796314887124,1.91424345145403,14.8783110729202,16.7925545243742,1,1,1
"RWA",2019,780,"RWANDA",714,"PCI","28-Jun-19","27-Jun-22",2022,"27-Jun-23",NA,NA,"10-Jan-22","P1","R5","BLANK","SB",20.2,"1.2. Revenue administration, including customs","Produce a report outlining detailed options for improving functioning of VAT, including measures that could be implemented in FY20/21.",1,"12/31/2019","M","Improve DRM",5,1,"31-Dec-19",NA,NA,"SB_20.20_1",NA,48.892715033759,5.2709,22.4796314887124,1.91424345145403,14.8783110729202,16.7925545243742,1,1,1
"RWA",2019,780,"RWANDA",714,"PCI","28-Jun-19","27-Jun-22",2022,"27-Jun-23",NA,NA,"10-Jan-22","P1","R5","BLANK","SB",20.2,"1.2. Revenue administration, including customs","Automating the risk based verification process for refund claims",2,"12/31/2019","MOD-DATE","Improve DRM. The SB was not met at R3 and was reset with a new test date.",5,2,"31-Dec-19",NA,NA,"SB_20.20_2",NA,48.892715033759,5.2709,22.4796314887124,1.91424345145403,14.8783110729202,16.7925545243742,1,1,1
"RWA",2019,780,"RWANDA",714,"PCI","28-Jun-19","27-Jun-22",2022,"27-Jun-23",NA,NA,"10-Jan-22","P1","R5","BLANK","SB",20.2,"1.2. Revenue administration, including customs","Automating the risk based verification process for refund claims",2,"12/31/2020","MOD-DATE","Improve DRM. The SB was not met at R3 and was reset with a new test date.",5,2,"31-Dec-20",NA,NA,"SB_20.20_2",NA,48.892715033759,5.2709,22.4796314887124,1.91424345145403,14.8783110729202,16.7925545243742,1,1,1
"RWA",2019,780,"RWANDA",714,"PCI","28-Jun-19","27-Jun-22",2022,"27-Jun-23",NA,NA,"10-Jan-22","P1","R5","BLANK","SB",20.2,"1.2. Revenue administration, including customs","Automating the risk based verification process for refund claims",2,"10/31/2021","NM","Improve DRM. The SB was not met at R4 and was reset with a new test date.",5,2,"31-Oct-21","R4","R5","SB_20.20_2",NA,48.892715033759,5.2709,22.4796314887124,1.91424345145403,14.8783110729202,16.7925545243742,1,1,1
"RWA",2019,780,"RWANDA",714,"PCI","28-Jun-19","27-Jun-22",2022,"12-Dec-22",NA,NA,"22-Jun-22","P1","R6","L","SB",20.7,"1.7. Fiscal transparency (publication, parliamentary oversight)","Produce financial and management reports from the IT system for all schemes managed by RSSB",4,"12/31/2020","M","Improve fiscal tranparency and strengthen management and sustainability of all schemes managed by RSSB. The SB was met ahead of time in R3.",6,4,"31-Dec-20",NA,NA,"SB_20.70_4",NA,48.892715033759,5.2709,22.4796314887124,1.91424345145403,14.8783110729202,16.7925545243742,1,1,1
"RWA",2019,780,"RWANDA",714,"PCI","28-Jun-19","27-Jun-22",2022,"12-Dec-22",NA,NA,"22-Jun-22","P1","R6","L","SB",20.7,"1.7. Fiscal transparency (publication, parliamentary oversight)","Conduct a ""health-check"" assessment of fiscal risks from SOEs using available data and submit the outcome and mitigation options to the fiscal risk committee.",5,"05/31/2021","M","Improve fiscal transparency",6,5,"31-May-21",NA,"R4","SB_20.70_5",NA,48.892715033759,5.2709,22.4796314887124,1.91424345145403,14.8783110729202,16.7925545243742,1,1,1
"RWA",2019,780,"RWANDA",714,"PCI","28-Jun-19","27-Jun-22",2022,"12-Dec-22",NA,NA,"22-Jun-22","P1","R6","L","SB",20.7,"1.7. Fiscal transparency (publication, parliamentary oversight)","Select advisory firm to conduct a review of RSSB asset allocation.",6,"06/30/2021","MOD-DATE","Improve resource efficiency.",6,6,"30-Jun-21","R4",NA,"SB_20.70_6",NA,48.892715033759,5.2709,22.4796314887124,1.91424345145403,14.8783110729202,16.7925545243742,1,1,1
"RWA",2019,780,"RWANDA",714,"PCI","28-Jun-19","27-Jun-22",2022,"12-Dec-22",NA,NA,"22-Jun-22","P1","R6","L","SB",20.7,"1.7. Fiscal transparency (publication, parliamentary oversight)","Select advisory firm to conduct a review of RSSB asset allocation.",6,"01/31/2022","MD","Improve resource efficiency. Completed in Apr.2022.",6,6,"31-Jan-22","R5","R6","SB_20.70_6",NA,48.892715033759,5.2709,22.4796314887124,1.91424345145403,14.8783110729202,16.7925545243742,1,1,1
"RWA",2019,780,"RWANDA",714,"PCI","28-Jun-19","27-Jun-22",2022,"12-Dec-22",NA,NA,"22-Jun-22","P1","R6","L","SB",20.7,"1.7. Fiscal transparency (publication, parliamentary oversight)","Publication of consolidated fiscal statistics for public corporations, the general government, and the non-financial public sector for FY16/17 through FY19/20.",7,"12/31/2021","MD","Improve fiscal transparency/. Completed in Mar. 2022.",6,7,"31-Dec-21","R4","R6","SB_20.70_7",NA,48.892715033759,5.2709,22.4796314887124,1.91424345145403,14.8783110729202,16.7925545243742,1,1,1
"RWA",2019,780,"RWANDA",714,"PCI","28-Jun-19","27-Jun-22",2022,"12-Dec-22",NA,NA,"22-Jun-22","P1","R6","L","SB",20.7,"1.7. Fiscal transparency (publication, parliamentary oversight)","Conduct a fiscal risk assessment of public-private partnerships and submit the outcome and mitigation options to the fiscal risk committee",8,"04/30/2022","M","Improve fiscal transparency/PFM",6,8,"30-Apr-22","R4","R6","SB_20.70_8",NA,48.892715033759,5.2709,22.4796314887124,1.91424345145403,14.8783110729202,16.7925545243742,1,1,1
"RWA",2019,780,"RWANDA",714,"PCI","28-Jun-19","27-Jun-22",2022,"12-Dec-22",NA,NA,"22-Jun-22","P1","R6","L","SB",20.7,"1.7. Fiscal transparency (publication, parliamentary oversight)","Expand the coverage in quarterly fiscal reporting in GFS 2014 to include the whole general government (i.e. including RSSB).",9,"03/31/2023","SB","Improve fiscal transparency/PFM",6,9,"31-Mar-23","R4",NA,"SB_20.70_9",NA,48.892715033759,5.2709,22.4796314887124,1.91424345145403,14.8783110729202,16.7925545243742,1,1,1
"RWA",2019,780,"RWANDA",714,"PCI","28-Jun-19","27-Jun-22",2022,"12-Dec-22",NA,NA,"22-Jun-22","P1","R6","L","SB",20.7,"1.7. Fiscal transparency (publication, parliamentary oversight)","Expanding the fiscal risk statement to incorporate a long-term fiscal sustainability analysis.",10,"04/30/2023","SB","Mitigate fiscal risks",6,10,"30-Apr-23","R6",NA,"SB_20.70_10",NA,48.892715033759,5.2709,22.4796314887124,1.91424345145403,14.8783110729202,16.7925545243742,1,1,1
"RWA",2019,780,"RWANDA",714,"PCI","28-Jun-19","27-Jun-22",2022,"12-Dec-22",NA,NA,"22-Jun-22","P1","R6","L","SB",21.1,"2.1. Central bank operations and reforms","Improve communication for monetary policy by organizing quarterly outreach after each MPC meeting, including roundtable discussions with CEOs of commercial banks and other financial institutions, as well as other interested stakeholders.",1,"12/31/2019","M","Support new monetary policy framework",6,1,"31-Dec-19",NA,NA,"SB_21.10_1",NA,48.892715033759,5.2709,22.4796314887124,1.91424345145403,14.8783110729202,16.7925545243742,1,1,1
"RWA",2019,780,"RWANDA",714,"PCI","28-Jun-19","27-Jun-22",2022,"12-Dec-22",NA,NA,"22-Jun-22","P1","R6","L","SB",21.1,"2.1. Central bank operations and reforms","Publish macro projections for MPC decision making in quarterly inflation reports, according to best practices established by other central banks.",2,"06/30/2020","M","Support new monetary policy framework",6,2,"30-Jun-20",NA,NA,"SB_21.10_2",NA,48.892715033759,5.2709,22.4796314887124,1.91424345145403,14.8783110729202,16.7925545243742,1,1,1
"RWA",2019,780,"RWANDA",714,"PCI","28-Jun-19","27-Jun-22",2022,"27-Jun-23",NA,NA,"10-Jan-22","P1","R5","BLANK","SB",21.1,"2.1. Central bank operations and reforms","Improve communication for monetary policy by organizing quarterly outreach after each MPC meeting, including roundtable discussions with CEOs of commercial banks and other financial institutions, as well as other interested stakeholders.",1,"12/31/2019","M","Support new monetary policy framework",5,1,"31-Dec-19",NA,NA,"SB_21.10_1",NA,48.892715033759,5.2709,22.4796314887124,1.91424345145403,14.8783110729202,16.7925545243742,1,1,1
"RWA",2019,780,"RWANDA",714,"PCI","28-Jun-19","27-Jun-22",2022,"27-Jun-23",NA,NA,"10-Jan-22","P1","R5","BLANK","SB",21.1,"2.1. Central bank operations and reforms","Publish macro projections for MPC decision making in quarterly inflation reports, according to best practices established by other central banks.",2,"06/30/2020","M","Support new monetary policy framework",5,2,"30-Jun-20",NA,NA,"SB_21.10_2",NA,48.892715033759,5.2709,22.4796314887124,1.91424345145403,14.8783110729202,16.7925545243742,1,1,1
"RWA",2019,780,"RWANDA",714,"PCI","28-Jun-19","27-Jun-22",2022,"27-Jun-23",NA,NA,"10-Jan-22","P1","R5","BLANK","SB",21.1,"2.1. Central bank operations and reforms","Expand industrial and market expectation surveys that feed into macro forecasting, begin collecting data to construct a purchasing manager's index, and accelerate publication of foreign private capital survey",3,"12/31/2020","M","Support new monetary policy framework",5,3,"31-Dec-20",NA,"R4","SB_21.10_3",NA,48.892715033759,5.2709,22.4796314887124,1.91424345145403,14.8783110729202,16.7925545243742,1,1,1
"RWA",2019,780,"RWANDA",714,"PCI","28-Jun-19","27-Jun-22",2022,"27-Jun-23",NA,NA,"10-Jan-22","P1","R5","BLANK","SB",21.1,"2.1. Central bank operations and reforms","Update the regulatory framework on true repo to rollout Global Master Repurchase Agreement (GMRA)",4,"06/30/2021","MOD-DATE","Support new monetary policy framework",5,4,"30-Jun-21",NA,NA,"SB_21.10_4",NA,48.892715033759,5.2709,22.4796314887124,1.91424345145403,14.8783110729202,16.7925545243742,1,1,1
"RWA",2019,780,"RWANDA",714,"PCI","28-Jun-19","27-Jun-22",2022,"27-Jun-23",NA,NA,"10-Jan-22","P1","R5","BLANK","SB",21.1,"2.1. Central bank operations and reforms","Conduct a legal assessment to identify gaps in the regulatory framework for true repo ahead of Global Master Repurchase Agreement (GMRA) rollout",5,"11/30/2021","MOD-DATE","Support new monetary policy framework. SB was reformulated and reset with a new test date at R4. The original content of the SB is ""Update the regulatory framework on true repo to rollout Global Master Repurchase Agreement (GMRA)""",5,5,"30-Nov-21","R4",NA,"SB_21.10_5",NA,48.892715033759,5.2709,22.4796314887124,1.91424345145403,14.8783110729202,16.7925545243742,1,1,1
"RWA",2019,780,"RWANDA",714,"PCI","28-Jun-19","27-Jun-22",2022,"27-Jun-23",NA,NA,"10-Jan-22","P1","R5","BLANK","SB",21.1,"2.1. Central bank operations and reforms","Conduct a legal assessment to identify gaps in the regulatory framework for true repo ahead of Global Master Repurchase Agreement (GMRA) rollout",5,"03/31/2022","SB","Support new monetary policy framework. SB was reformulated and reset with a new test date at R4. The original content of the SB is ""Update the regulatory framework on true repo to rollout Global Master Repurchase Agreement (GMRA)""",5,5,"31-Mar-22","R5",NA,"SB_21.10_5",NA,48.892715033759,5.2709,22.4796314887124,1.91424345145403,14.8783110729202,16.7925545243742,1,1,1
"RWA",2019,780,"RWANDA",714,"PCI","28-Jun-19","27-Jun-22",2022,"27-Jun-23",NA,NA,"10-Jan-22","P1","R5","BLANK","SB",21.1,"2.1. Central bank operations and reforms","Conduct a study on the regulatory aspects and feasibility of extending true repo to non-bank financial institutions ahead of GMRA rollout.",6,"03/31/2022","MOD-DATE","Support new monetary policy framework.",5,6,"31-Mar-22","R4",NA,"SB_21.10_6",NA,48.892715033759,5.2709,22.4796314887124,1.91424345145403,14.8783110729202,16.7925545243742,1,1,1
"RWA",2019,780,"RWANDA",714,"PCI","28-Jun-19","27-Jun-22",2022,"27-Jun-23",NA,NA,"10-Jan-22","P1","R5","BLANK","SB",21.1,"2.1. Central bank operations and reforms","Conduct a study on the regulatory aspects and feasibility of extending true repo to non-bank financial institutions ahead of GMRA rollout.",6,"06/30/2022","SB","Support new monetary policy framework.",5,6,"30-Jun-22","R5",NA,"SB_21.10_6",NA,48.892715033759,5.2709,22.4796314887124,1.91424345145403,14.8783110729202,16.7925545243742,1,1,1
"RWA",2019,780,"RWANDA",714,"PCI","28-Jun-19","27-Jun-22",2022,"27-Jun-23",NA,NA,"10-Jan-22","P1","R5","BLANK","SB",21.1,"2.1. Central bank operations and reforms","Provide capacity building on all aspects of GMRA terms to market participants and secure the signing of the GMRA by all banks as a final step in the operationalization of the GMRA.",7,"06/30/2022","MOD-DATE","Support new monetary policy framework.",5,7,"30-Jun-22","R4",NA,"SB_21.10_7",NA,48.892715033759,5.2709,22.4796314887124,1.91424345145403,14.8783110729202,16.7925545243742,1,1,1
"RWA",2019,780,"RWANDA",714,"PCI","28-Jun-19","27-Jun-22",2022,"27-Jun-23",NA,NA,"10-Jan-22","P1","R5","BLANK","SB",21.1,"2.1. Central bank operations and reforms","Provide capacity building on all aspects of GMRA terms to market participants and secure the signing of the GMRA by all banks as a final step in the operationalization of the GMRA.",7,"12/31/2022","SB","Support new monetary policy framework.",5,7,"31-Dec-22","R5",NA,"SB_21.10_7",NA,48.892715033759,5.2709,22.4796314887124,1.91424345145403,14.8783110729202,16.7925545243742,1,1,1
"RWA",2019,780,"RWANDA",714,"PCI","28-Jun-19","27-Jun-22",2022,"27-Jun-23",NA,NA,"10-Jan-22","P1","R5","BLANK","SB",25,"6. Financial sector","Introduce a platform for issuing government securities  using mobile phones",1,"06/30/2020","MOD-DATE","Deepen financial markets. The SB was not met at R3 and was reset with a new test date.",5,1,"30-Jun-20",NA,NA,"SB_25.00_1",NA,48.892715033759,5.2709,22.4796314887124,1.91424345145403,14.8783110729202,16.7925545243742,1,1,1
"RWA",2019,780,"RWANDA",714,"PCI","28-Jun-19","27-Jun-22",2022,"27-Jun-23",NA,NA,"10-Jan-22","P1","R5","BLANK","SB",25,"6. Financial sector","Introduce a platform for issuing government securities  using mobile phones",1,"06/30/2021","M","Deepen financial markets. The SB was not met at R3 and was reset with a new test date.",5,1,"30-Jun-21",NA,"R5","SB_25.00_1",NA,48.892715033759,5.2709,22.4796314887124,1.91424345145403,14.8783110729202,16.7925545243742,1,1,1
"RWA",2019,780,"RWANDA",714,"PCI","28-Jun-19","27-Jun-22",2022,"27-Jun-23",NA,NA,"10-Jan-22","P1","R5","BLANK","SB",25,"6. Financial sector","Produce a study on consumer and merchant payment behavior and the pricing of digital payment services leveraging micro data.",3,"12/31/2021","SB","Deepen financial markets. The SB was reformulated at R4.",5,3,"31-Dec-21","R4",NA,"SB_25.00_3",NA,48.892715033759,5.2709,22.4796314887124,1.91424345145403,14.8783110729202,16.7925545243742,1,1,1
"RWA",2019,780,"RWANDA",714,"PCI","28-Jun-19","27-Jun-22",2022,"27-Jun-23",NA,NA,"10-Jan-22","P1","R5","BLANK","SB",30,"11. Other structural measures","Procure an IT system that will capture all RSSB processes",1,"06/30/2019","M","Improve resource efficiency",5,1,"30-Jun-19",NA,NA,"SB_30.00_1",NA,48.892715033759,5.2709,22.4796314887124,1.91424345145403,14.8783110729202,16.7925545243742,1,1,1
"RWA",2019,780,"RWANDA",714,"PCI","28-Jun-19","27-Jun-22",2022,"27-Jun-23",NA,NA,"10-Jan-22","P1","R5","BLANK","SB",30,"11. Other structural measures","Contract a diagnostic study on optimal RSSB asset allocation.",2,"06/30/2020","MOD-SB","Improve resource efficiency. This SB was not met at R3 and was reset with a new content and test date.",5,2,"30-Jun-20",NA,NA,"SB_30.00_2",NA,48.892715033759,5.2709,22.4796314887124,1.91424345145403,14.8783110729202,16.7925545243742,1,1,1
"RWA",2019,780,"RWANDA",714,"PCI","28-Jun-19","27-Jun-22",2022,"27-Jun-23",NA,NA,"10-Jan-22","P1","R5","BLANK","SB",30,"11. Other structural measures","Conduct a review of RSSB asset allocation and submit the associated report to RSSB management.",3,"06/30/2021","MOD-DATE","Improve resource efficiency. This SB was not met at R3 and was reset with a new content and test date.",5,3,"30-Jun-21",NA,NA,"SB_30.00_3",NA,48.892715033759,5.2709,22.4796314887124,1.91424345145403,14.8783110729202,16.7925545243742,1,1,1
"RWA",2019,780,"RWANDA",714,"PCI","28-Jun-19","27-Jun-22",2022,"27-Jun-23",NA,NA,"10-Jan-22","P1","R5","BLANK","SB",30,"11. Other structural measures","Conduct a review of RSSB asset allocation and submit the associated report to RSSB management.",3,"12/31/2021","MOD-DATE","Improve resource efficiency. This SB was reset at R4 with a new test date.",5,3,"31-Dec-21","R4",NA,"SB_30.00_3",NA,48.892715033759,5.2709,22.4796314887124,1.91424345145403,14.8783110729202,16.7925545243742,1,1,1
"RWA",2019,780,"RWANDA",714,"PCI","28-Jun-19","27-Jun-22",2022,"27-Jun-23",NA,NA,"10-Jan-22","P1","R5","BLANK","SB",30,"11. Other structural measures","Conduct a review of RSSB asset allocation and submit the associated report to RSSB management.",3,"06/30/2022","SB",NA,5,3,"30-Jun-22","R5",NA,"SB_30.00_3",NA,48.892715033759,5.2709,22.4796314887124,1.91424345145403,14.8783110729202,16.7925545243742,1,1,1
"RWA",2019,780,"RWANDA",714,"PCI","28-Jun-19","27-Jun-22",2022,"12-Dec-22",NA,NA,"22-Jun-22","P1","R6","L","SB",20.1,"1.1. Revenue measures, excluding trade policy","Produce annual tax expenditure report with updated methodology, and a description of broad categories of beneficiaries",1,"06/30/2019","M","Improve DRM",6,1,"30-Jun-19",NA,NA,"SB_20.10_1",NA,48.892715033759,5.2709,22.4796314887124,1.91424345145403,14.8783110729202,16.7925545243742,1,1,1
"RWA",2019,780,"RWANDA",714,"PCI","28-Jun-19","27-Jun-22",2022,"12-Dec-22",NA,NA,"22-Jun-22","P1","R6","L","SB",20.1,"1.1. Revenue measures, excluding trade policy","Approve a Medium-Term Revenue Strategy for FY 21/22-23/24 by Cabinet.",2,"01/31/2022","MD","Improve DRM. Completed in May 2022.",6,2,"31-Jan-22","R5","R6","SB_20.10_2",NA,48.892715033759,5.2709,22.4796314887124,1.91424345145403,14.8783110729202,16.7925545243742,1,1,1
"RWA",2019,780,"RWANDA",714,"PCI","28-Jun-19","27-Jun-22",2022,"12-Dec-22",NA,NA,"22-Jun-22","P1","R6","L","SB",20.1,"1.1. Revenue measures, excluding trade policy","Conduct a review of the Medium-Term Revenue Strategy for FY 21/22-23/24.",3,"12/31/2022","CAN","Improve DRM.",6,3,"31-Dec-22","R5",NA,"SB_20.10_3",NA,48.892715033759,5.2709,22.4796314887124,1.91424345145403,14.8783110729202,16.7925545243742,1,1,1
"RWA",2019,780,"RWANDA",714,"PCI","28-Jun-19","27-Jun-22",2022,"12-Dec-22",NA,NA,"22-Jun-22","P1","R6","L","SB",20.1,"1.1. Revenue measures, excluding trade policy","Submit revisions to the excise tax law to Cabinet.",4,"07/31/2022","MD","Improve DRM. Completedf in November 2022.",6,4,"31-Jul-22","R6","R6","SB_20.10_4",NA,48.892715033759,5.2709,22.4796314887124,1.91424345145403,14.8783110729202,16.7925545243742,1,1,1
"RWA",2019,780,"RWANDA",714,"PCI","28-Jun-19","27-Jun-22",2022,"12-Dec-22",NA,NA,"22-Jun-22","P1","R6","L","SB",20.1,"1.1. Revenue measures, excluding trade policy","Submit revisions to the corporate income tax law to Cabinet.",5,"01/31/2023","SB","Improve DRM",6,5,"31-Jan-23","R6",NA,"SB_20.10_5",NA,48.892715033759,5.2709,22.4796314887124,1.91424345145403,14.8783110729202,16.7925545243742,1,1,1
"RWA",2019,780,"RWANDA",714,"PCI","28-Jun-19","27-Jun-22",2022,"12-Dec-22",NA,NA,"22-Jun-22","P1","R6","L","SB",20.2,"1.2. Revenue administration, including customs","Produce a report outlining detailed options for improving functioning of VAT, including measures that could be implemented in FY20/21.",1,"12/31/2019","M","Improve DRM",6,1,"31-Dec-19",NA,NA,"SB_20.20_1",NA,48.892715033759,5.2709,22.4796314887124,1.91424345145403,14.8783110729202,16.7925545243742,1,1,1
"RWA",2019,780,"RWANDA",714,"PCI","28-Jun-19","27-Jun-22",2022,"12-Dec-22",NA,NA,"22-Jun-22","P1","R6","L","SB",20.2,"1.2. Revenue administration, including customs","Automating the risk based verification process for refund claims",2,"12/31/2019","MOD-DATE","Improve DRM. The SB was not met at R3 and was reset with a new test date.",6,2,"31-Dec-19",NA,NA,"SB_20.20_2",NA,48.892715033759,5.2709,22.4796314887124,1.91424345145403,14.8783110729202,16.7925545243742,1,1,1
"RWA",2019,780,"RWANDA",714,"PCI","28-Jun-19","27-Jun-22",2022,"12-Dec-22",NA,NA,"22-Jun-22","P1","R6","L","SB",20.2,"1.2. Revenue administration, including customs","Automating the risk based verification process for refund claims",2,"12/31/2020","MOD-DATE","Improve DRM. The SB was not met at R3 and was reset with a new test date.",6,2,"31-Dec-20",NA,NA,"SB_20.20_2",NA,48.892715033759,5.2709,22.4796314887124,1.91424345145403,14.8783110729202,16.7925545243742,1,1,1
"RWA",2019,780,"RWANDA",714,"PCI","28-Jun-19","27-Jun-22",2022,"12-Dec-22",NA,NA,"22-Jun-22","P1","R6","L","SB",20.2,"1.2. Revenue administration, including customs","Automating the risk based verification process for refund claims",2,"10/31/2021","MD","Improve DRM. The SB was not met at R4 and was reset with a new test date. Completed in Nov. 2021",6,2,"31-Oct-21","R4","R6","SB_20.20_2",NA,48.892715033759,5.2709,22.4796314887124,1.91424345145403,14.8783110729202,16.7925545243742,1,1,1
"RWA",2019,780,"RWANDA",714,"PCI","28-Jun-19","27-Jun-22",2022,"12-Dec-22",NA,NA,"22-Jun-22","P1","R6","L","SB",20.7,"1.7. Fiscal transparency (publication, parliamentary oversight)","Begin producing quarterly budget execution reports in GFS 2014 format",1,"12/31/2019","M","Improve fiscal transparency",6,1,"31-Dec-19",NA,NA,"SB_20.70_1",NA,48.892715033759,5.2709,22.4796314887124,1.91424345145403,14.8783110729202,16.7925545243742,1,1,1
"RWA",2019,780,"RWANDA",714,"PCI","28-Jun-19","27-Jun-22",2022,"12-Dec-22",NA,NA,"22-Jun-22","P1","R6","L","SB",20.7,"1.7. Fiscal transparency (publication, parliamentary oversight)","Produce a comprehensive fiscal risk analysis report",2,"06/30/2020","M","Mitigate fiscal risks",6,2,"30-Jun-20",NA,NA,"SB_20.70_2",NA,48.892715033759,5.2709,22.4796314887124,1.91424345145403,14.8783110729202,16.7925545243742,1,1,1
"RWA",2019,780,"RWANDA",714,"PCI","28-Jun-19","27-Jun-22",2022,"12-Dec-22",NA,NA,"22-Jun-22","P1","R6","L","SB",20.7,"1.7. Fiscal transparency (publication, parliamentary oversight)","Expand coverage in fiscal reporting in GFS 2014 from budgetary central govt to central govt (i.e. including extrabudgetary entities) and local governments.",3,"12/31/2020","M","Improve fiscal transparency/PFM",6,3,"31-Dec-20",NA,"R4","SB_20.70_3",NA,48.892715033759,5.2709,22.4796314887124,1.91424345145403,14.8783110729202,16.7925545243742,1,1,1
"RWA",2019,780,"RWANDA",714,"PCI","28-Jun-19","27-Jun-22",2022,NA,NA,NA,"16-Dec-20","P1","R3","BLANK","SB",25,"6. Financial sector","Produce a study on consumer payment behavor analyzing micro-level data on consumer payment choices",2,"12/31/2021","SB","Deepen financial markets. The SB was not met at R3 and was reset with a new test date.",3,2,"31-Dec-21",NA,NA,"SB_25.00_2",NA,48.892715033759,5.2709,22.4796314887124,1.91424345145403,14.8783110729202,16.7925545243742,1,1,1
"RWA",2019,780,"RWANDA",714,"PCI","28-Jun-19","27-Jun-22",2022,NA,NA,NA,"16-Dec-20","P1","R3","BLANK","SB",30,"11. Other structural measures","Procure an IT system that will capture all RSSB processes",1,"06/30/2019","M","Improve resource efficiency",3,1,"30-Jun-19",NA,NA,"SB_30.00_1",NA,48.892715033759,5.2709,22.4796314887124,1.91424345145403,14.8783110729202,16.7925545243742,1,1,1
"RWA",2019,780,"RWANDA",714,"PCI","28-Jun-19","27-Jun-22",2022,NA,NA,NA,"16-Dec-20","P1","R3","BLANK","SB",30,"11. Other structural measures","Contract a diagnostic study on optimal RSSB asset allocation.",2,"06/30/2020","MOD-SB","Improve resource efficiency. This SB was not met at R3 and was reset with a new content and test date.",3,2,"30-Jun-20",NA,NA,"SB_30.00_2",NA,48.892715033759,5.2709,22.4796314887124,1.91424345145403,14.8783110729202,16.7925545243742,1,1,1
"RWA",2019,780,"RWANDA",714,"PCI","28-Jun-19","27-Jun-22",2022,NA,NA,NA,"16-Dec-20","P1","R3","BLANK","SB",30,"11. Other structural measures","Conduct a review of RSSB asset allocation and submit the associated report to RSSB management.",3,"06/30/2021","SB","Improve resource efficiency. This SB was not met at R3 and was reset with a new content and test date.",3,3,"30-Jun-21",NA,NA,"SB_30.00_3",NA,48.892715033759,5.2709,22.4796314887124,1.91424345145403,14.8783110729202,16.7925545243742,1,1,1
"RWA",2019,780,"RWANDA",714,"PCI","28-Jun-19","27-Jun-22",2022,"27-Jun-23",NA,NA,"1-Jul-21","P1","R4","BLANK","SB",20.1,"1.1. Revenue measures, excluding trade policy","Produce annual tax expenditure report with updated methodology, and a description of broad categories of beneficiaries",1,"06/30/2019","M","Improve DRM",4,1,"30-Jun-19",NA,NA,"SB_20.10_1",NA,48.892715033759,5.2709,22.4796314887124,1.91424345145403,14.8783110729202,16.7925545243742,1,1,1
