"ISO3","Year","country","nrcondtype_all","nrquarterssmpl","source","avgcondtype_count","nrcntprogram","ExtBalGDP","XDebtGNI","GFCFGDP","DebtServGNI","ResXDebt","NetUSAid","nomGDP","USaidGDP","imf_conc_gdp","imf_noconc_gdp","UseIMFCredit","UseIMFCredGDP","imf_sum_gdp","ExportGDP","FuelExportPct","MineralExportPct","resource_dep","legelec","legelec_l","unsc","unsc3"
"AFG",2006,"afghanistan,islamic republic of",77,12,"historical_DSV_MONA",6.41666666666667,1,NA,13.7928583731895,NA,0.153432094486591,NA,1403709960.9375,6971758282.29351,20.1342316256512,0,0,40171993.2,0.576210355743782,0,NA,NA,NA,NA,0,1,0,0
"AFG",2011,"AFGHANISTAN,ISLAMIC REPUBLIC OF",54,12,"current_Combined_ISO",4.5,2,NA,13.9770517017747,NA,0.0580764280918365,255.283575583065,3054949951.17188,17805098206.3141,17.1577259264345,0,0.106268573083692,372555169.2,2.09240726944086,0.106268573083692,NA,NA,0.305786388425507,NA,0,1,0,0
"AFG",2016,"AFGHANISTAN,ISLAMIC REPUBLIC OF",277,14,"current_Combined_ISO",19.7857142857143,3,NA,14.1470450360055,NA,0.324902542065687,280.499616022613,1375758544.92188,18116572395.0772,7.59392292824504,0,-0.0811020886268337,276984771.4,1.52890273810991,-0.0811020886268337,NA,NA,1.12452208638717,NA,0,0,0,0
"AFG",2020,"AFGHANISTAN,ISLAMIC REPUBLIC OF",16,14,"current_Combined_ISO",1.14285714285714,4,-25.8682602741689,15.1208585304773,11.4556283331357,0.228321083128007,320.681395865271,1009472412.10938,19955929052.1496,5.05850872425627,0,1.64943898397225,628740557.2,3.15064538241718,1.64943898397225,10.4208171386207,NA,NA,NA,0,0,0,0
"AGO",2009,"ANGOLA",170,10,"current_Combined_ISO",17,1,-0.464410466101613,31.9407468104196,43.000397140869,5.38398574426579,67.3862436646591,41500000,81705175408.8809,0.0507923761161024,0,0.432396340295476,787056610.5,0.96328856349833,0.432396340295476,50.899386395701,97.9163484511435,2.00203147222072,99.9183799233642,0,1,0,0
"AGO",2018,"ANGOLA",308,13,"current_Combined_ISO",23.6923076923077,2,13.4263266097586,84.2843625797666,23.8941137322217,14.1503747201825,24.9393651478579,50564968.1091309,90506061877.2765,0.0558691507069388,0,1.11866709168372,1374114587.4,1.51825696411723,1.11866709168372,35.848110999411,95.6723202169276,2.9599977992618,98.6323180161894,1,1,0,0
"ALB",1993,"albania",29,12,"historical_DSV_MONA",2.41666666666667,1,-48.5606731436399,64.4704411333546,13.6761374504386,0.661960482418398,21.1835352121756,2.9e+07,1185315468.46295,2.4466060531215,0.405022757884481,0.997830933172344,29662027.2,2.50245845846119,1.40285369105683,15.9788298133865,NA,NA,NA,0,1,0,0
"ALB",1998,"albania",162,13,"historical_DSV_MONA",12.4615384615385,2,-24.6760190508985,23.3403259411991,22.2095424976303,0.800380486620656,66.8897163278807,14170000.0762939,2600356999.20614,0.544925180681723,-0.0448196882334159,0.307059203887682,64445534.6,2.47833411411104,0.262239515654267,11.2273038242118,1.16927644792172,12.5983303691208,13.7676068170425,0,1,0,0
"ALB",2002,"albania",118,14,"historical_DSV_MONA",8.42857142857143,3,-25.6490931670533,25.5397783430657,36.0225168477628,1.31495100458878,73.3688144776657,61790000.9155273,4515003116.68036,1.36854835575303,-0.126561381073894,-0.0634384257547518,144218235.1,3.19420012285697,-0.189999806828645,20.1711859333135,2.00964296137502,3.43255983968605,5.44220280106107,0,1,0,0
"ALB",2006,"albania",97,12,"historical_DSV_MONA",8.08333333333333,4,-23.1847250835661,26.7503739581707,38.3733064639202,1.92426828790108,71.995324774825,40580001.8310547,9150528132.17633,0.443471690867348,0.0391548689676326,-0.0830051051730228,162459042.7,1.77540618807279,-0.0438502362053902,24.5085919324007,13.6870930880734,37.8643455707951,51.5514386588685,0,1,0,0
"ALB",2014,"ALBANIA",536,12,"current_Combined_ISO",44.6666666666667,5,-18.8845153333134,63.4459677291758,26.5299242007892,5.46162563344014,31.3076239405158,17750000,13296322588.1684,0.133495557755155,0.522075039468205,-0.0500931460998609,150856823.2,1.13457553545097,0.471981893368344,28.0683434875498,1.56752332146237,4.58216010178408,6.14968342324645,0,1,0,0
"ARG",1992,"argentina",110,12,"historical_DSV_MONA",9.16666666666667,1,-1.53460564227824,30.556438109999,16.7024057741857,2.18868342773184,16.6852628027786,-1e+07,228778917308.17,-0.00437103213777771,0,-0.0327070809585162,2313851375,1.01139187221661,-0.0327070809585162,6.5981874720374,8.83930605509692,1.16809954166824,10.0074055967652,0,1,0,0
"ARG",1996,"argentina",43,7,"historical_DSV_MONA",6.14285714285714,2,-0.649274893693637,41.6825294657416,18.0821812623381,4.86176856315191,17.7416235593116,NA,272149750000,NA,0,0.134243428149392,6292570603.8,2.31217210517371,0.134243428149392,10.4285967560139,12.9690098612611,1.16622888074536,14.1352387420065,0,1,0,0
"ARG",1998,"argentina",72,12,"historical_DSV_MONA",6,3,-2.51886405088506,48.5365413234134,19.9349616865126,6.64369900809839,17.5653361104881,270000.010728836,298948250000,9.03166386586428e-05,0,-0.219747954838337,5442162800.7,1.82043641355987,-0.219747954838337,10.4155819610919,8.61176447846474,2.72640652681059,11.3381710052753,0,1,0,1
"ARG",2000,"argentina",81,12,"historical_DSV_MONA",6.75,4,-0.649694312619028,54.2417099417586,16.192649393261,8.98216214611374,16.7610465477656,-2470000.02861023,284203750000,-0.000869094805614011,0,0.286658887963301,5470438316.2,1.92482974492771,0.286658887963301,10.9863752325576,17.6241830605225,2.95260482914875,20.5767878896713,0,1,1,1
"ARG",2018,"ARGENTINA",74,12,"current_Combined_ISO",6.16666666666667,5,-1.88916445518585,54.8960712180333,15.2510495001607,8.4967566020713,23.8356244191513,4214079.85687256,524819892360.176,0.000802957341788505,0,5.45391332437459,30922512047.7,5.892023625217,5.45391332437459,14.4366857499034,4.11930419519493,0.475460975897366,4.5947651710923,0,1,0,0
"ARG",2022,"ARGENTINA",390,11,"current_Combined_ISO",35.4545454545455,6,0.983156190025194,40.0821942544545,17.6177901931028,5.44795117325952,17.9917815681201,2861679.07714844,633993756301.08,0.000451373384786055,0,1.04605242821201,52289985533.7,8.24771301199815,1.04605242821201,16.2816677253254,6.17703046770052,0.279738031699619,6.45676849940014,0,1,0,0
"ARG",2025,"ARGENTINA",53,3,"current_Combined_ISO",17.6666666666667,7,0.746688558525354,NA,16.0000347499037,NA,NA,NA,683097891618.597,NA,0,0,NA,0,0,15.5556611218587,NA,NA,NA,NA,NA,0,0
"ARM",1995,"armenia",71,4,"historical_DSV_MONA",17.75,1,-38.2590154100344,24.5820006708766,16.1539554329991,0.747868298965232,29.9960089166889,6e+07,1468317435.20148,4.08630985109612,0,3.13870063074448,70236653,4.78347878436533,3.13870063074448,23.9279208283617,NA,NA,NA,1,0,0,0
"ARM",1996,"armenia",115,16,"historical_DSV_MONA",7.1875,2,-32.7495531112478,31.7076435721137,17.8845109452511,2.60096618797693,32.3126680542976,8.8e+07,1596968946.23708,5.51043902308516,0,3.06817141406869,116474762.4,7.29348949924469,3.06817141406869,23.2400035043381,NA,NA,NA,0,1,0,0
"ARM",2001,"armenia",139,15,"historical_DSV_MONA",9.26666666666667,3,-21.5725576012725,64.6369814678621,20.8374465760359,2.56603749292096,23.3711746231509,77949996.9482422,2118467913.37873,3.67954579136959,0,0.161475166954225,283191109.6,13.3677318316491,0.161475166954225,24.1458543956306,7.86912485968109,27.4245575233752,35.2936823830563,0,0,0,0
"ARM",2005,"armenia",94,12,"historical_DSV_MONA",7.83333333333333,4,-15.5133426835103,38.5750336386734,35.0941906901967,2.78605690992253,33.9867997524662,53259998.3215332,4900469511.10191,1.0868346022942,0,-0.503935701345626,302158624.8,6.16591173795625,-0.503935701345626,27.3131979500115,2.21920980265978,9.40870946056114,11.6279192632209,0,0,0,0
"ARM",2009,"ARMENIA",44,9,"current_Combined_ISO",4.88888888888889,5,-27.9324342519268,54.7919777524588,42.8838785721266,4.70579306393001,40.6006069455793,78449996.9482422,8647937081.2562,0.907152725686188,0,5.1146829670938,724646923.3,8.37941946722325,5.1146829670938,14.6709007461363,0.0903876860458172,44.0860659129662,44.176453599012,0,0,0,0
"ARM",2010,"ARMENIA",167,13,"current_Combined_ISO",12.8461538461538,6,-25.1461453399825,64.8981549562732,39.3751094408429,9.97484568864901,29.5825877386077,9.1e+07,9260285755.62424,0.982691057289794,0,1.75916794361405,876270384.8,9.4626711089104,1.75916794361405,19.7484153168252,3.02154436932198,50.7772242753667,53.7987686446887,0,0,0,0
"ARM",2014,"ARMENIA",195,14,"current_Combined_ISO",13.9285714285714,7,-18.6581036515499,70.522973244206,19.9950573934454,11.8399743116241,17.4088735967411,30479999.5422363,11609513246.7958,0.26254330301616,0,-0.976532001729616,569570168.5,4.90606415955639,-0.976532001729616,28.5603816555446,5.94447107873547,35.230494315673,41.1749653944085,0,0,0,0
"ARM",2019,"ARMENIA",182,12,"current_Combined_ISO",15.1666666666667,8,-13.3217901647448,86.0748926105104,15.8155984319769,15.0095189990006,23.9778537148483,26072788.2385254,13619290539.2116,0.191440135324661,0,-0.535932343831364,374965602.2,2.75319482406538,-0.535932343831364,42.2626073502911,2.85017379117155,36.1418001345159,38.9919739256874,0,1,0,0
"ARM",2022,"ARMENIA",218,12,"current_Combined_ISO",18.1666666666667,9,-0.736788482208693,83.8849419476276,21.0691132267399,10.4634511975494,25.809119072306,32471935.2722168,19513506553.1251,0.166407483882062,0,0.303223413684835,757666658.2,3.88278065829567,0.303223413684835,51.5709203656497,1.90126435030844,21.8592963976107,23.7605607479191,0,1,0,0
"ARM",2025,"ARMENIA",13,NA,"current_Combined_ISO",NA,10,-5.50813095465082,NA,21.4155284899405,NA,NA,NA,29243452882.3545,NA,0,0,NA,0,0,48.0989027205254,NA,NA,NA,NA,NA,0,0
"AZE",1995,"azerbaijan",57,4,"historical_DSV_MONA",14.25,1,-20.920423657325,13.2997889166133,15.6434529946574,0.41986579796242,37.6600733092241,1.1e+07,2417331192.9526,0.455047286531072,0,4.25923166838558,100873212.2,4.17291649957119,4.25923166838558,32.4866435467242,NA,NA,NA,1,0,0,0
"AZE",1996,"azerbaijan",541,12,"historical_DSV_MONA",45.0833333333333,2,-30.9924613920808,13.838491545296,29.1078094122813,0.310800821209025,48.7466166940701,9e+06,3176507376.31836,0.283330051965162,0,2.45977927778528,174970976.3,5.50828175638601,2.45977927778528,24.9286393910561,66.3947992137644,1.1840505050034,67.5788497187678,0,1,0,0
"AZE",2001,"azerbaijan",142,16,"historical_DSV_MONA",8.875,3,4.18203025058319,27.3204317935916,22.8817066746934,2.52721066588383,47.7022411199561,30909999.8474121,5707616203.72011,0.541557083450453,0,-0.509293548523002,488207206.5,8.5536095819091,-0.509293548523002,41.4986078711716,91.3282886838079,0.998665830465038,92.3269545142729,0,0,0,0
"BDI",2004,"burundi",102,16,"historical_DSV_MONA",6.375,1,NA,152.927943930632,NA,9.95090738529661,4.87311300946989,43790000.9155273,915257323.3961,4.78444693051378,4.2747683083075,-3.11701855540942,62271042,6.80366498122525,1.15774975289809,NA,0.00597765777574388,0.731753556244,0.737731214019744,0,0,0,0
"BDI",2012,"BURUNDI",145,17,"current_Combined_ISO",8.52941176470588,2,NA,28.5334432668174,NA,0.893023845405583,46.5047086848843,41909999.8474121,2327402362.81574,1.80072000084715,0.328731268053874,0,248682069.7,10.6849625003877,0.328731268053874,NA,9.34357775887626e-05,7.47997046218224,7.48006389795983,0,0,0,0
"BDI",2023,"BURUNDI",8,6,"current_Combined_ISO",1.33333333333333,3,NA,39.0377219531154,NA,1.31637868361843,8.74039311681112,87159477.2338867,3419558408.35408,2.54885183481451,1.62681373899316,0,435441543.4,12.7338530710926,1.62681373899316,NA,1.88698422568729,1.90126959438202,3.78825382006931,0,0,0,0
"BEN",1993,"benin",39,12,"historical_DSV_MONA",3.25,1,-10.4530330601494,56.8575663419115,13.8825185296768,1.41404273596358,NA,1.1e+07,2274558082.76135,0.48361042452017,0.960781905972234,0,42992426.5,1.89014414825611,0.960781905972234,22.4643830367555,NA,NA,NA,0,0,0,0
"BEN",1996,"benin",45,16,"historical_DSV_MONA",2.8125,2,-3.52016833646983,59.4996075929279,16.3402660242417,1.89612055283627,NA,7e+06,2361116449.39308,0.296469917940699,0.758629401976522,0,99132964.4,4.19856311726946,0.758629401976522,26.4988115545834,NA,NA,NA,0,1,0,0
"BEN",2000,"benin",100,15,"historical_DSV_MONA",6.66666666666667,3,-6.13754640337354,42.8816395497772,18.7260035737058,2.23471394799084,NA,29719999.3133545,3519991440.47913,0.844320215429533,-0.0445539975457022,0,96163878.4,2.73193500683372,-0.0445539975457022,20.6053025489554,NA,0.0658852459178777,NA,0,1,0,0
"BEN",2005,"benin",57,16,"historical_DSV_MONA",3.5625,4,-2.12865122698031,28.6476157952963,15.0410868587762,0.916247440069114,NA,24409999.8474121,6567654954.38903,0.371669949425394,-0.0940031707340863,0,66245235.2,1.00865888448859,-0.0940031707340863,18.483639980467,0,0.549277174532844,0.549277174532844,0,0,1,1
"BEN",2010,"BENIN",229,16,"current_Combined_ISO",14.3125,5,-5.28676381518234,24.0894770387043,17.6499967380481,0.516834149751289,NA,100260002.13623,9535345015.78355,1.0514564703246,0.169950886655656,0,145620815.4,1.52716881412218,0.169950886655656,23.0720480670551,0.0107280032335427,0.99834562553885,1.00907362877239,0,0,0,0
"BEN",2017,"BENIN",216,14,"current_Combined_ISO",15.4285714285714,6,-7.06540739508102,38.8078591798797,23.4384503972218,1.00006878959903,NA,120440460.205078,12701655836.9467,0.948226449773105,0.217165502310057,0,226384650.1,1.78232391907117,0.217165502310057,27.2055947818832,0.0293425152703835,0.536547485699829,0.565890000970212,0,0,0,0
"BEN",2022,"BENIN",152,14,"current_Combined_ISO",10.8571428571429,7,-2.75093279285089,63.163660783078,30.7328757658114,2.98698917205464,NA,116161163.330078,17425405090.862,0.666619586313053,0.501520274818913,1.10897704123584,944060643.8,5.4177256647828,1.61049731605475,20.8153300474458,0.00331545034449681,0.357911777997014,0.361227228341511,0,0,0,0
"BFA",1993,"burkina faso",47,13,"historical_DSV_MONA",3.61538461538462,1,-11.7219973906899,35.1762492542278,18.7529870388975,1.19368297070242,NA,1.8e+07,3199536465.23328,0.562581492525281,0,0.385809314384544,20823168.9,0.650818302159334,0.385809314384544,8.95154328138584,NA,NA,NA,0,1,0,0
"BFA",1996,"burkina faso",54,12,"historical_DSV_MONA",4.5,2,-17.0530873580527,50.1827029123971,22.5521355859493,1.87148079428584,NA,9e+06,2586550595.41013,0.347953758027027,0,0.336657114515839,81270624.9,3.14204659457332,0.336657114515839,10.5636052055707,0.142014873449478,0.432632274648513,0.574647148097991,0,0,0,0
"BFA",1999,"burkina faso",58,13,"historical_DSV_MONA",4.46153846153846,3,-18.5468047700204,47.3921860313128,17.0912927238886,1.91413227956183,NA,11199999.8092651,3389566712.66037,0.330425708024332,0,0.334993477413753,133598747.1,3.94146976370152,0.334993477413753,8.35400550573099,1.0802573806444,0.0839413614151795,1.16419874205958,0,0,0,0
"BFA",2003,"burkina faso",70,13,"historical_DSV_MONA",5.38461538461539,4,-11.9273730909208,37.5117673258691,14.3992388574488,1.00642264118007,NA,14130000.1144409,4740768142.67494,0.298052967139375,0,0.0302139053607417,138635057.1,2.92431633287546,0.0302139053607417,9.22043165840572,0.0392168571814168,0.0213163134052237,0.0605331705866405,0,1,0,0
"BFA",2007,"burkina faso",30,12,"historical_DSV_MONA",2.5,5,-13.0826328559089,25.9043169252733,18.1832239589598,1.52406767416152,NA,21809999.4659424,7625722836.76847,0.286005667040277,0,0.0100376897559048,52352102.3,0.686519867304607,0.0100376897559048,10.3485422167992,11.5064923076897,0.178953782654883,11.6854460903446,1,0,0,1
"BFA",2010,"BURKINA FASO",244,14,"current_Combined_ISO",17.4285714285714,6,-8.04154082900233,49.0210269923812,20.1227742664708,4.51482721144374,NA,44049999.2370605,10109619740.6994,0.435723601548767,0,0.199480541476873,217415936,2.15058470621526,0.199480541476873,20.5158488554008,2.81555837145725,0.491640973412152,3.3071993448694,0,0,0,0
"BFA",2013,"BURKINA FASO",226,15,"current_Combined_ISO",15.0666666666667,7,-9.88188039635833,68.3909839730337,23.4825820678442,7.85249755763381,NA,153399993.896484,13444300485.8412,1.14100390762641,0,0.0153165566491811,303917956.6,2.2605709900643,0.0153165566491811,27.0769854530325,4.62626483089881,1.0683296718819,5.69459450278071,0,1,0,0
"BFA",2018,"BURKINA FASO",179,12,"current_Combined_ISO",14.9166666666667,8,-4.43781333980506,69.0514156278439,20.1522963589389,19.4957172264465,NA,61965938.5681152,15890066221.2882,0.389966521883328,0,-0.0542259747694208,268945710.4,1.69253989665373,-0.0542259747694208,28.0789061419219,0.828034728125843,5.856068296676,6.68410302480184,0,0,0,0
"BFA",2023,"BURKINA FASO",235,9,"current_Combined_ISO",26.1111111111111,9,-5.25419263161518,53.7746197762312,18.3661917906075,3.82128834288618,NA,175223800.65918,20106062971.6533,0.871497323499985,0,0.46482566692327,632346311.8,3.14505287629666,0.46482566692327,28.9494254778906,0.0160865926865482,0.322414970435841,0.338501563122389,0,0,0,0
"BGD",2003,"bangladesh",101,16,"historical_DSV_MONA",6.3125,1,-4.79558750827543,29.4649511156153,24.6791888612834,1.05322602424316,14.2330258441052,56610000.6103516,60158929188.2556,0.0941007451000361,0,-0.00566877510290819,143574421.4,0.238658538869121,-0.00566877510290819,11.4311486959413,0.32333946274161,0.0234516661687324,0.346791128910342,0,0,0,0
"BGD",2012,"BANGLADESH",230,14,"current_Combined_ISO",16.4285714285714,2,-7.78774502092175,20.1641903015642,28.2623350097187,1.15911362651345,43.7448109265041,187820007.324219,133310747603.483,0.140888871078022,0,-0.0443344765988364,1212874143.2,0.909809722774603,-0.0443344765988364,20.1615888640625,1.82373354611352,0.417876025550295,2.24160957166381,0,0,0,0
"BGD",2023,"BANGLADESH",93,12,"current_Combined_ISO",7.75,3,-4.66864374221875,22.285488486933,30.9512000834944,1.64311682080107,21.5641144045852,449813873.291016,437415333018.291,0.102834500607734,0,0.210764129194678,3932112861.3,0.898942621459402,0.210764129194678,13.1571638341204,NA,NA,NA,0,0,0,0
"BGR",1994,"bulgaria",32,4,"historical_DSV_MONA",8,1,-0.625183740757142,103.278283812224,13.7607406938795,7.22804643086712,14.2129772146619,1e+07,9709230161.35834,0.102994777482966,0,2.72145904782046,940744828.3,9.68918042590091,2.72145904782046,45.0474655869843,NA,NA,NA,0,0,0,0
"BGR",1996,"bulgaria",23,7,"historical_DSV_MONA",3.28571428571429,2,11.1731913516104,87.137654548603,4.45233960435174,10.6987851525927,8.33553037989671,9e+06,12295588923.8007,0.0731969819077036,0,-0.884041011566287,585607783.7,4.76274692761103,-0.884041011566287,48.4969586842486,6.50524222323851,9.65207598604901,16.1573182092875,0,0,0,0
"BGR",1997,"bulgaria",107,5,"historical_DSV_MONA",21.4,3,12.6886299479298,101.279459928496,9.68098126725783,9.25012198611501,22.3917435161717,5e+06,11316706412.4362,0.0441824663269993,0,3.53572016996297,941803456.4,8.32223989980892,3.53572016996297,49.5761831408403,7.5928837840656,10.998269189294,18.5911529733596,0,0,0,0
"BGR",1998,"bulgaria",232,12,"historical_DSV_MONA",19.3333333333333,4,6.83748692881209,77.332349149359,14.5937766399254,9.34959818977679,26.8044993070516,7360000.1335144,15031821788.158,0.0489627953100972,0,0.850658664678522,1115532914.2,7.4211424930464,0.850658664678522,41.9413442477275,6.23805886907848,9.00882473018314,15.2468835992616,0,0,0,0
"BGR",2002,"bulgaria",91,8,"historical_DSV_MONA",11.375,5,-7.97500254606249,73.528507135529,18.9772762631082,8.42863048269482,39.358713259288,47529998.7792969,16403880782.9964,0.289748501638494,0,-0.878138727082894,1879708564.2,11.4589260252881,-0.878138727082894,33.6473094348292,6.00638403640999,9.77907729735915,15.7854613337691,0,1,1,1
"BGR",2004,"bulgaria",124,11,"historical_DSV_MONA",11.2727272727273,6,-11.1506199572797,62.8051151479317,20.9507199957922,9.30048251142869,56.1790252120746,38880001.0681152,26159078743.1056,0.148629091452092,0,-0.210763649367931,2132016600,8.15019756978983,-0.210763649367931,40.9566423668749,7.99389645248731,12.4085273371493,20.4024237896366,0,0,0,0
"BIH",1998,"bosnia and herzegovina",126,12,"historical_DSV_MONA",10.5,1,-71.0602146060908,NA,32.566671673001,NA,NA,216449996.948242,4116774300.60671,5.25775719393562,0,0,76793958,1.86539150297072,0,27.3031972254601,NA,NA,NA,0,NA,0,0
"BIH",2002,"bosnia and herzegovina",60,6,"historical_DSV_MONA",10,2,-40.4754545843996,44.5825322331046,28.9681332665159,2.47222659934324,41.8697259324451,75779998.7792969,6728220982.88398,1.12630068144424,0,0.270185013932285,167058160.2,2.48294698739803,0.270185013932285,19.1260118891002,NA,NA,NA,1,0,0,0
"BIH",2009,"BOSNIA AND HERZEGOVINA",68,12,"current_Combined_ISO",5.66666666666667,3,-23.7287366547885,76.9743710097013,24.1708852113612,2.56219946526365,32.4928648727908,31069999.6948242,17613949091.2294,0.176394285766927,0,1.59932094013074,538526947.6,3.05738903190172,1.59932094013074,25.0093787853569,13.1911783291495,10.7185151072861,23.9096934364356,0,0,0,1
"BIH",2012,"BOSNIA AND HERZEGOVINA",351,11,"current_Combined_ISO",31.9090909090909,4,-23.444025986971,75.2172904132291,22.3136710302915,6.69423484706372,33.6171002783203,38360000.6103516,17226735995.6905,0.222677125950893,0,0.699145859262775,887905090.6,5.1542270736727,0.699145859262775,32.3505414379409,8.96086345617272,13.8812201411414,22.8420835973141,0,0,0,0
"BIH",2016,"BOSNIA AND HERZEGOVINA",82,15,"current_Combined_ISO",5.46666666666667,5,-16.4266161782473,68.0557464337731,21.0912445723715,7.2063979522799,44.0339757730232,42729057.3120117,17116926553.8513,0.249630429724533,0,-0.0343272916520049,770392168.5,4.50076224885514,-0.0343272916520049,35.9087089120132,6.79971818242652,7.31568328422097,14.1154014666475,0,0,0,0
"BLR",1995,"belarus",64,4,"historical_DSV_MONA",16,1,-4.38786520926172,12.127012460773,24.6979069709974,1.30493016061031,22.2595949081746,NA,13972683273.5692,NA,0,1.3041176009814,282730400.1,2.02345100482464,1.3041176009814,49.6651647817599,NA,NA,NA,1,0,0,0
"BLR",2009,"BELARUS",82,5,"current_Combined_ISO",16.4,2,-10.8827211799737,44.3708130088257,35.5374326225462,3.3793230275455,25.5459693030571,12159999.8474121,50873167326.0414,0.0239025806462566,0,5.55340380301782,3449281044.1,6.78015784233342,5.55340380301782,48.8764618241933,37.44466887987,0.594920082534629,38.0395889624046,0,1,0,0
"BOL",1994,"bolivia",74,15,"historical_DSV_MONA",4.93333333333333,1,-5.53422701721605,85.6255239458622,14.8514771414085,6.11093746174916,15.9790298515369,8.9e+07,5981222858.82727,1.48799003315269,0,0.478709104740063,263552551.5,4.40633224543776,0.478709104740063,21.6633117424271,9.52179302499781,28.3131675463629,37.8349605713607,0,1,0,0
"BOL",1998,"bolivia",130,15,"historical_DSV_MONA",8.66666666666667,2,-12.8837931687789,68.2426729808307,23.1532159881584,5.26800153707607,21.4278847568791,92309997.5585938,8497494652.12546,1.08632016067824,0,0.123790556283185,264183043,3.10895215372593,0.123790556283185,19.6986848946719,7.28497112896233,23.9613251655874,31.2462962945497,0,1,0,0
"BOL",2003,"bolivia",121,12,"historical_DSV_MONA",10.0833333333333,3,-0.766367540183534,75.369178578816,12.6639226700099,5.59406828563265,18.7059258345077,248320007.324219,8082399639.54305,3.07235497375453,0,0.878715178256334,318333409.2,3.93860021029593,0.878715178256334,25.6007344519017,30.1389419296459,17.6932791680357,47.8322210976816,0,1,0,0
"BRA",2001,"brazil",52,4,"historical_DSV_MONA",13,1,-2.19286368220403,42.4435005758245,18.4180865009209,9.24142917170136,15.5968384095422,-70750000,559983634798.981,-0.0126342977907555,0,1.1997390068036,8787813968.2,1.56929835482685,1.1997390068036,12.37171066993,3.58999518895038,8.59153360869163,12.181528797642,0,0,0,0
"BRB",2018,"BARBADOS",334,16,"current_Combined_ISO",20.875,1,NA,NA,NA,NA,NA,NA,6001101550,NA,0,0,NA,0,0,NA,4.63274425971415,1.43572166566511,6.06846592537926,1,0,0,0
"BRB",2022,"BARBADOS",138,12,"current_Combined_ISO",11.5,2,NA,NA,NA,NA,NA,NA,6886644900,NA,0,0,NA,0,0,NA,9.75673125996316,3.7291549541843,13.4858862141475,1,0,0,0
"CAF",1994,"central african republic",28,4,"historical_DSV_MONA",7,1,-1.61921045503792,106.945357657912,11.9350115113759,2.78818482058542,24.1288509421745,1e+07,851174356.781737,1.17484742348321,0,1.24198827370346,41373607.5,4.86076761715805,1.24198827370346,23.3994108884074,0.392976755337262,41.1962704801338,41.5892472354711,0,1,0,0
"CAF",1998,"central african republic",52,14,"historical_DSV_MONA",3.71428571428571,2,-5.73575873120454,96.8603868447739,8.24993910805123,3.50488853850435,16.2058947227232,340000.003576279,967338389.650578,0.0351479903220934,0,-0.185702688864533,17563766.7,1.81567969264038,-0.185702688864533,22.6568865727558,0.196795627435537,0.836027816293992,1.03282344372953,1,0,0,0
"CAF",2006,"central african republic",24,12,"historical_DSV_MONA",2,3,-7.7638599316759,72.2197221182806,10.2342110190608,4.91899736707384,12.6420101867723,20950000.7629395,1461859762.33459,1.43310605454263,0,0.288572502554076,56111111.2,3.83833748254966,0.288572502554076,14.3160051485309,0.0134845615699792,15.7146700640248,15.7281546255948,0,1,0,0
"CAF",2012,"CENTRAL AFRICAN REPUBLIC",16,8,"current_Combined_ISO",2,4,-9.9591825906063,24.8590362138999,10.7696005106273,0.183961503019233,25.1925333983863,15399999.6185303,2510126512.22831,0.61351487837397,0,0.424891237475202,182908929.8,7.28684107788761,0.424891237475202,11.5501330018626,0.046403868360573,57.8085217674326,57.8549256357932,0,1,0,0
"CAF",2016,"CENTRAL AFRICAN REPUBLIC",190,13,"current_Combined_ISO",14.6153846153846,5,-20.8868847062827,40.2590003485294,20.8776384260612,1.36665790616347,32.2353111184096,79264884.9487305,1825018144.65595,4.3432381853756,0,0.84743218281348,184643967.2,10.1173770650269,0.84743218281348,14.8218796578137,0.0462492040248339,2.19732333466574,2.24357253869057,1,0,0,0
"CAF",2019,"CENTRAL AFRICAN REPUBLIC",24,12,"current_Combined_ISO",2,6,-18.5550399978701,36.3671939851117,14.3881299969725,1.32690403992435,40.3703328528045,103968803.405762,2221301351.43918,4.68053572913016,0,0.854586735280243,296484719.1,13.3473433898515,0.854586735280243,15.7553800018083,0.0113438958450479,4.84862130405419,4.85996519989924,0,0,0,0
"CAF",2023,"CENTRAL AFRICAN REPUBLIC",88,11,"current_Combined_ISO",8,7,-14.5989177896113,40.0325737775072,14.5948464881829,1.44523876302135,44.2634270780256,124425300.598145,2555492085.94725,4.86893703495951,0,0.677702153539656,504139050.6,19.7276701959783,0.677702153539656,14.4408262093734,0.00634066374558888,12.6689665953919,12.6753072591375,0,0,0,0
"CIV",1994,"cote d'ivoire",63,12,"historical_DSV_MONA",5.25,1,11.2181457113775,230.722651270129,11.5492123049503,16.5023234987143,NA,2.3e+07,8313557510.14757,0.276656533282245,0,1.13031129435625,328102737,3.94659851212331,1.13031129435625,40.5274018640381,NA,NA,NA,0,0,0,0
"CIV",1998,"cote d'ivoire",20,12,"historical_DSV_MONA",1.66666666666667,2,0.715073703668715,123.550836840313,18.2057867732971,11.5090820439872,NA,20809999.4659424,19619654755.679,0.106067103244612,0,0.856569032395208,643954087.5,3.28218868027535,0.856569032395208,27.1844537490724,9.81237327522455,0.130442877751062,9.94281615297561,0,0,0,0
"CIV",2002,"cote d'ivoire",27,12,"historical_DSV_MONA",2.25,3,6.82037464757313,107.837610728743,15.4588639483726,7.65306406925786,NA,53060001.373291,18054383320.8474,0.293889857273733,0,-0.058495153848901,542288056.7,3.00363655220403,-0.058495153848901,31.361161437556,11.359930059128,0.163403618117846,11.5233336772458,0,1,0,0
"CIV",2009,"COTE D'IVOIRE",92,12,"current_Combined_ISO",7.66666666666667,4,4.15257886270211,63.5530027715313,16.1081607755506,4.83465362911298,NA,230660003.662109,33886813250.2036,0.680677766773254,0,0.464800187427048,839175295.4,2.47640664586529,0.464800187427048,35.4127413048103,29.4292929780665,0.403566085971238,29.8328590640377,0,0,0,0
"CIV",2011,"COTE D'IVOIRE",756,17,"current_Combined_ISO",44.4705882352941,5,5.84684964279227,52.3637452575251,17.8470592312248,2.99276624574005,NA,73540000.9155273,36693710801.3976,0.200415818704077,0,0.64839933030414,1090425757,2.9716966019105,0.64839933030414,35.2813763519634,24.3289042874042,0.189149965439685,24.5180542528439,1,0,0,0
"CIV",2016,"COTE D'IVOIRE",341,16,"current_Combined_ISO",21.3125,6,2.31814654527666,24.2006866364198,23.2965012963668,3.31055558668332,NA,145879776.000977,48407761036.8238,0.301356172804617,0,0.0675046624758006,1494849865.1,3.0880376061245,0.0675046624758006,24.9418624533151,12.2606024304154,0.182949942529029,12.4435523729444,1,0,0,0
"CIV",2023,"COTE D'IVOIRE",94,11,"current_Combined_ISO",8.54545454545454,7,-3.94632580890499,47.4826411328516,20.602742584353,4.67228133755145,NA,278951812.744141,80780312569.1646,0.345321531784494,0,0.827528340804133,4002292913.2,4.95454001836551,0.827528340804133,22.4353390507141,15.7704493008516,0.932912891480029,16.7033621923316,1,0,0,0
"CMR",1994,"cameroon",59,6,"historical_DSV_MONA",9.83333333333333,1,6.00092002100725,110.432485969231,17.171935822125,4.53671172191232,0.146827975667637,8e+06,8902446252.18372,0.0898629407398853,0,0.29030708939872,43664112.1,0.490473189762751,0.29030708939872,21.4810205130997,NA,NA,NA,0,0,0,0
"CMR",1995,"cameroon",39,4,"historical_DSV_MONA",9.75,2,6.55470326949317,106.176483562182,17.3335706462687,4.17974330290856,0.140340684731432,3e+06,10864772470.9043,0.0276121751102838,0,0.0628413408406308,51150121.3,0.470788702082619,0.0628413408406308,21.6184879665971,29.1641558322289,8.36562564417253,37.5297814764014,0,0,0,0
"CMR",1997,"cameroon",55,14,"historical_DSV_MONA",3.92857142857143,3,4.83167539248671,105.151917778336,18.1600090472405,4.98401662614714,0.0888752882437582,2e+06,10789458432.6416,0.0185366115684672,0,0.239826649887419,92982211.7,0.861787570529942,0.239826649887419,26.6506553314661,33.1458606165961,5.73926757291675,38.8851281895129,1,0,0,0
"CMR",2000,"cameroon",91,16,"historical_DSV_MONA",5.6875,4,1.78568121739437,105.913054667327,17.4902233300344,5.61254764053721,2.08515809310946,2529999.97138977,10566579294.9831,0.0239434153737055,0,0.483945688310682,267051729.9,2.52732433500777,0.483945688310682,24.8568127317047,54.1507311617527,5.59191006685656,59.7426412286093,0,0,0,0
"CMR",2005,"cameroon",112,12,"historical_DSV_MONA",9.33333333333333,5,-0.506768551616935,40.4822044777476,18.5802837690659,4.30513575442862,12.5290160988282,13750000,19509852206.9341,0.070477212508627,0,-0.178054515388146,306983756,1.57348068424062,-0.178054515388146,22.2454563981154,56.8647779866486,4.78205402791316,61.6468320145618,0,0,0,0
"CMR",2017,"CAMEROON",463,13,"current_Combined_ISO",35.6153846153846,6,-2.49682443925859,28.3602661682383,19.2961406888504,2.03159319490275,31.8093315326756,84700332.6416016,36098547033.1655,0.234636403963249,0,0.715701092242395,602413053,1.6688013854035,0.715701092242395,18.3510985830022,43.4494115764582,5.59093811728154,49.0403496937397,0,0,0,0
"CMR",2021,"CAMEROON",540,16,"current_Combined_ISO",33.75,7,-3.71306664529957,34.7277913710517,18.1895394723663,4.37874157258801,27.9608443681917,141055496.21582,45011937346.8384,0.313373528290774,0,0.393075877931363,1777204255.4,3.94829540818427,0.393075877931363,16.5088840367781,51.8663592754246,2.0203363785866,53.8866956540112,0,1,0,0
"COD",2002,"congo, democratic republic of",132,13,"historical_DSV_MONA",10.1538461538462,1,2.02583997059498,119.231451776205,7.42893344939399,11.0190275962517,0.734791423290156,79989997.8637695,8728038525.14034,0.916471640602472,0,1.78000471758346,688337211.7,7.88650519492215,1.78000471758346,15.6713428067886,NA,NA,NA,0,0,0,0
"COD",2009,"CONGO,DEMOCRATIC REPUBLIC OF",126,12,"current_Combined_ISO",10.5,2,-9.34086007998969,73.2987319245404,22.0972606754888,3.5043076671946,7.90787493144617,238690002.441406,18607259480.5447,1.28277892126444,0,0.707938771626911,1600700624.2,8.60255980131654,0.707938771626911,26.8725722352707,NA,NA,NA,0,0,0,0
"COD",2021,"CONGO,DEMOCRATIC REPUBLIC OF",215,12,"current_Combined_ISO",17.9166666666667,3,0.271969752548739,19.6554775760053,32.558394122872,0.562503853106939,33.0707549129425,898854614.257813,59067289573.5102,1.52174684287684,0,0.722688579215659,3317275326.7,5.61609538993929,0.722688579215659,37.829511069311,0.00244527725898267,71.0236615792102,71.0261068564692,0,0,0,0
"COD",2025,"CONGO,DEMOCRATIC REPUBLIC OF",66,4,"current_Combined_ISO",16.5,4,-0.499320329433102,NA,28.7902886433381,NA,NA,NA,91030531316.9936,NA,0,0,NA,0,0,43.4174837745438,NA,NA,NA,NA,NA,0,0
"COG",1994,"congo, republic of",29,4,"historical_DSV_MONA",7.25,1,-15.7022059122928,357.48106456542,52.9388411580276,36.7384282289449,1.0089648112035,1e+07,1769365437.78801,0.565174371920681,0,0.849833294969197,20437899.4,1.15509769567731,0.849833294969197,58.5170212549371,83.3777756517366,1.0871533621195,84.4649290138561,0,1,0,0
"COG",1996,"congo, republic of",15,4,"historical_DSV_MONA",3.75,2,8.50876356082173,358.803248977687,31.7209356005232,25.0350378755527,1.82158031037665,1e+07,2540697539.05773,0.393592698314995,0,0.79403409456924,37956393,1.49393591391744,0.79403409456924,68.4582134338693,NA,NA,NA,0,0,0,0
"COG",2004,"congo, republic of",81,14,"historical_DSV_MONA",5.78571428571429,3,29.691386949263,215.769598558709,21.9054699242609,6.70060033366041,1.82130351816687,349999.994039536,4656974940.12721,0.00751560827660317,0,-0.00658746297637625,44144309.3,0.947918119971549,-0.00658746297637625,80.5297928332926,NA,NA,NA,0,0,0,0
"COG",2019,"CONGO, REPUBLIC OF",12,7,"current_Combined_ISO",1.71428571428571,4,20.8218739475296,66.812566750599,26.1155301471499,4.02116124170304,11.7695148860798,7469379.90188599,13976637779.9763,0.0534418936762247,0,0.307157429961477,157171955.8,1.12453336971481,0.307157429961477,56.1988143702835,83.9394174364415,1.55912218977186,85.4985396262134,0,0,0,0
"COG",2022,"CONGO, REPUBLIC OF",209,12,"current_Combined_ISO",17.4166666666667,5,29.4629570203849,51.9845941753511,20.6905597045862,9.4083769756282,11.4004065878658,12032168.3883667,15817030154.6941,0.0760709707871161,0,1.09652440947347,528289080.6,3.34000172872666,1.09652440947347,63.8121468562925,87.4554561831864,1.43657443739868,88.8920306205851,1,0,0,0
"COL",1999,"colombia",74,12,"historical_DSV_MONA",6.16666666666667,1,0.543878186128783,41.0313495533181,13.2478542787631,7.82693047993946,23.254215979647,183820007.324219,86186158684.7685,0.213282515579506,0,0,156838089.3,0.181975959589574,0,18.3465787501541,40.4790768527767,0.679749505864758,41.1588263586415,1,0,0,0
"COL",2003,"colombia",64,9,"historical_DSV_MONA",7.11111111111111,2,-3.36558409370468,40.8305173251463,18.1097505002846,9.44004609470031,29.2577821652215,670849975.585938,94644969157.0987,0.708806798248739,0,0,169803277.9,0.179410780533034,0,16.5752997117627,37.1903540205232,1.01255652251846,38.2029105430417,0,1,0,0
"COL",2005,"colombia",30,6,"historical_DSV_MONA",5,3,-3.48061001662929,26.4288454610035,20.9561543150332,7.23512615105319,39.8816404917104,448940002.441406,145600529605.803,0.308336792219685,0,0,163324112.2,0.112172745966091,0,16.9710437391629,39.2456236749078,1.34002058452425,40.585644259432,0,0,0,0
"COM",2009,"COMOROS",254,17,"current_Combined_ISO",14.9411764705882,1,-19.2730449813987,31.7186112888939,16.6441195996643,1.31248831181925,52.6209862986815,379999.995231628,905341172.70583,0.0419731264508723,0,0.530720687941276,23446658.6,2.58981468057219,0.530720687941276,9.31193867197775,0.0236698103289717,0.0372923820621511,0.0609621923911228,1,0,0,0
"COM",2023,"COMOROS",192,10,"current_Combined_ISO",19.2,2,-23.8181908135897,26.5476534847055,12.1036211014277,1.2813715517818,85.0235095063537,1262644.05250549,1465977684.31307,0.0861298276240229,0,0.200838411901176,60773606.7,4.14560244336034,0.200838411901176,10.3108363180596,0.00485457345334166,1.23197156881377,1.23682614226711,0,0,0,0
"CPV",1998,"cape verde",51,8,"historical_DSV_MONA",6.375,1,-36.2891080003425,47.7855002394687,NA,3.80612953149519,3.37055121217225,5239999.77111816,521910560.524868,1.00400339971057,0,0,NA,0,0,22.7961528751425,0,0.172889637554244,0.172889637554244,0,0,0,0
"CPV",2002,"cape verde",74,13,"historical_DSV_MONA",5.69230769230769,2,-35.9997888675246,64.0311671711992,NA,3.78168471873979,19.8825892262737,5010000.22888184,620507387.466174,0.807403800515582,0,0.513349907566354,4187321.6,0.67482219947434,0.513349907566354,32.5449567130458,NA,0.041923266103174,NA,0,1,0,0
"CPV",2006,"cape verde",59,12,"historical_DSV_MONA",4.91666666666667,3,-27.5522867112186,49.3282468372477,NA,2.97207627654988,48.5575617849621,7090000.15258789,1107571457.90614,0.64013929773809,0,0,13930744,1.25777383486714,0,45.1322052608015,0,0.252610584713906,0.252610584713906,1,0,0,0
"CPV",2010,"CAPE VERDE",32,5,"current_Combined_ISO",6.4,4,-24.9808045265782,50.5191117434846,NA,1.99913822635139,43.1904364200831,36729999.5422363,1824751467.92957,2.01287683214808,0,-0.123680086831809,22685687.6,1.24322067956685,-0.123680086831809,30.2838226775205,0,0.886651706391125,0.886651706391125,0,0,0,0
"CPV",2019,"CAPE VERDE",49,7,"current_Combined_ISO",7,5,-10.1925901895359,97.4432945234761,NA,3.17641310040712,34.2729983351114,1047335.98232269,2252177124.32402,0.0465032688153709,0,0,12679127.8,0.562972053266262,0,46.7050331370949,0,0.162556583851755,0.162556583851755,0,0,0,0
"CPV",2022,"CAPE VERDE",188,14,"current_Combined_ISO",13.4285714285714,6,-19.6256284173089,108.275748298134,NA,4.73384975387339,30.3660227232231,2370434.04579163,2247003344.34242,0.105493124955065,0,0.670614462499157,88958920.8,3.95900259890506,0.670614462499157,38.6842542170134,0,0.00576283024949212,0.00576283024949212,0,1,0,0
"CRI",1993,"costa rica",19,3,"historical_DSV_MONA",6.33333333333333,1,-7.27789177491338,NA,20.3928927834186,NA,NA,2.1e+07,9564816062.90368,0.219554666413782,0,0,NA,0,0,36.0372233840502,NA,NA,NA,0,0,0,0
"CRI",1995,"costa rica",57,5,"historical_DSV_MONA",11.4,2,-3.51594328645412,NA,19.7915160657945,NA,NA,-1.9e+07,11578594332.7952,-0.164095912283449,0,0,NA,0,0,38.1292151516333,0.774151131794269,1.06186090125111,1.83601203304538,0,1,0,0
"CRI",2009,"COSTA RICA",23,5,"current_Combined_ISO",4.6,3,-0.494707643916997,NA,21.0035627921125,NA,NA,-550000.011920929,30745714234.4959,-0.00178886724740271,0,0,NA,0,0,34.6323048229081,0.564266128388826,0.736285165169548,1.30055129355837,0,0,1,1
"CRI",2021,"COSTA RICA",80,14,"current_Combined_ISO",5.71428571428571,4,1.55602414945586,NA,17.0714011536962,NA,NA,32484409.3322754,65588938787.0243,0.0495272677573828,0,0,NA,0,0,35.8298587276824,0.021567003753793,1.65528808128059,1.67685508503438,0,0,0,0
"CYP",2013,"CYPRUS",332,12,"current_Combined_ISO",27.6666666666667,1,1.66698022310659,NA,14.0795248605542,NA,NA,NA,23959708956.2926,NA,0,0,NA,0,0,61.2965904312478,2.30321642764847e-05,11.4983139277849,11.4983369599492,0,0,0,0
"CZE",1993,"czech republic",25,4,"historical_DSV_MONA",6.25,1,1.11758038860498,NA,27.6669550715873,NA,NA,1e+06,41155654032.1751,0.00242979980154904,0,0,NA,0,0,39.6576592858123,6.08108817860597,3.2678678546284,9.34895603323437,0,1,0,1
"DJI",1996,"djibouti",149,12,"historical_DSV_MONA",12.4166666666667,1,NA,56.4719360635592,NA,2.28060443823395,26.7388120816913,NA,494004647.73437,NA,0,0.844907435414318,4134135.1,0.836861579938607,0.844907435414318,NA,NA,NA,NA,0,0,0,0
"DJI",1999,"djibouti",112,13,"historical_DSV_MONA",8.61538461538461,2,NA,49.1563697223289,NA,1.76197222887835,26.1886167740645,1389999.98569489,536080148.097299,0.259289583960233,0,0.760370835306546,14352336.5,2.67727438722373,0.760370835306546,NA,NA,NA,NA,0,0,0,0
"DMA",2002,"dominica",56,6,"historical_DSV_MONA",9.33333333333333,1,NA,71.6685662277576,NA,3.71605694795804,18.2806353125478,29999.9993294477,375200000,0.00799573542895728,0,0.707483582089552,3592395.6,0.957461513859275,0.707483582089552,NA,0,3.74047696678161,3.74047696678161,NA,NA,0,0
"DMA",2003,"dominica",91,12,"historical_DSV_MONA",7.58333333333333,2,NA,88.764556172978,NA,4.59544683017825,15.5290238861307,NA,373318518.518519,NA,0.883527132029048,0.345842045319258,8801994.7,2.35777071411564,1.22936917734831,NA,0,4.38973183206148,4.38973183206148,NA,NA,0,0
"DOM",1993,"dominican republic",17,3,"historical_DSV_MONA",5.66666666666667,1,-5.22423197710911,40.0299376946578,16.9601774243924,2.6781719133972,13.2784557376359,-7.7e+07,13081042400,-0.588638104253832,0,0.491484584592433,186089902.3,1.42259230273575,0.491484584592433,36.3893323975465,NA,NA,NA,0,0,0,0
"DOM",2003,"dominican republic",72,8,"historical_DSV_MONA",9,2,-0.143506865617647,36.3807929652978,20.0537203514849,4.46154029709031,3.84155226343977,-6260000.22888184,21403167848.1444,-0.0292480079271282,0,0.442517428597428,177045895.7,0.827194819739497,0.442517428597428,42.1529981602708,2.5885470393514,0.451525526676631,3.04007256602803,0,1,0,0
"DOM",2005,"dominican republic",179,12,"historical_DSV_MONA",14.9166666666667,3,-4.99128243289493,22.8845011207424,22.6126199111617,2.16205017568532,24.8954762689644,18920000.0762939,35777560683.9366,0.0528823086722863,0,0.614678106041864,445624947,1.24554312390581,0.614678106041864,28.3311381514539,5.2442182706843,0.66806770432309,5.91228597500739,0,0,0,0
"DOM",2009,"DOMINICAN REPUBLIC",80,9,"current_Combined_ISO",8.88888888888889,4,-8.46457245856992,25.4907687635134,22.9926848813914,3.02384821916826,30.2026382779909,14119999.8855591,48223781476.8909,0.0292801589861332,0,0.541688116733814,1093881075.3,2.26834363004941,0.541688116733814,21.0931826103163,5.84510534150755,2.50389439109212,8.34899973259967,0,0,0,0
"DZA",1993,"algeria",35,12,"historical_DSV_MONA",2.91666666666667,1,-1.3550593775306,54.5167130333748,27.0068601489891,18.8725342977374,13.913282330517,2e+06,49945584452.6506,0.00400435798663251,0,-0.658277636357806,470753334.5,0.942532437369481,-0.658277636357806,21.7838769961664,95.85586696523,0.309517892757541,96.1653848579875,1,1,0,0
"DZA",1994,"algeria",46,4,"historical_DSV_MONA",11.5,2,-3.52298729730466,74.1009926226152,28.4009383036092,12.5381800895411,15.917948716275,1e+06,42543176828.9237,0.00235055318981288,0,1.51828023867944,1158785097.7,2.72378600770636,1.51828023867944,22.5307252452381,97.0698867747908,0.327071508258852,97.3969582830497,0,1,0,0
"DZA",1995,"algeria",172,12,"historical_DSV_MONA",14.3333333333333,3,-2.80145325003168,83.5110015824393,29.1369442926136,10.7403951718414,12.6004885673955,NA,41764291671.7711,NA,0,0.72766149247399,1477675125.4,3.53813046085677,0.72766149247399,26.1947759790559,95.2155009809702,0.515464278037815,95.730965259008,0,0,0,0
"ECU",1994,"ecuador",26,6,"historical_DSV_MONA",4.33333333333333,1,-3.21811135491377,83.1739205763006,13.9602919622357,4.58255203197953,11.062589428131,2.1e+07,22708673336.6683,0.0924756796166104,0,0.529465269579857,198141054.7,0.872534699682594,0.529465269579857,20.279818070143,33.9521101790798,0.221832671094404,34.1739428501742,1,0,0,0
"ECU",2000,"ecuador",89,7,"historical_DSV_MONA",12.7142857142857,2,9.69782412951918,106.424172888522,15.0108794950112,19.4542262914438,6.86119786680427,47060001.373291,17539454727.3637,0.268309375090616,0,0.852386479647828,190583160.3,1.0865968370309,0.852386479647828,37.5510597560791,50.6508422802778,0.203257023837646,50.8540993041154,0,0,0,0
"ECU",2003,"ecuador",64,4,"historical_DSV_MONA",16,3,1.32600433363794,67.744877233119,15.4365667429071,8.49305388867002,5.83353234017495,72589996.3378906,30965208000,0.234424378282525,0,0.160848496803251,438756418,1.41693354037861,0.160848496803251,26.8417735156179,43.1626885974467,0.188013321764884,43.3507019192116,0,1,0,0
"ECU",2019,"ECUADOR",88,12,"current_Combined_ISO",7.33333333333333,4,0.0144197038119414,49.6566686043124,20.6549277978524,8.98365343512755,5.66194579175655,29935638.4277344,107595830000,0.0278223035481342,0,1.25710571366939,2114249049.6,1.96499162616246,1.25710571366939,24.0486345985713,39.1701538590398,1.39691194692572,40.5670658059655,0,0,0,0
"ECU",2020,"ECUADOR",189,9,"current_Combined_ISO",21,5,2.57781339064587,60.9453501649796,17.9954424258669,10.0419834531579,12.6541377163322,56976745.6054688,95865473000,0.0594340629868574,0,4.61939022863842,6780523249.5,7.07295654766133,4.61939022863842,23.2835621642424,26.0572897017572,4.12023735620389,30.1775270579611,0,0,0,0
"ECU",2024,"ECUADOR",197,6,"current_Combined_ISO",32.8333333333333,6,3.55211120588043,49.7486298154549,18.9666209470264,7.05120123664656,11.4433443189908,NA,123802374000,NA,0,0.777804161009061,9920738609.7,8.01336702129799,0.777804161009061,30.4978780132278,27.4813880702454,6.88594032491159,34.367328395157,NA,1,1,1
"EGY",1993,"egypt",28,12,"historical_DSV_MONA",2.33333333333333,1,-4.25257731958763,65.4923875025721,21.0903350515464,4.70662516056192,45.1997201242423,9.39e+08,46578631452.581,2.01594587628866,0,0,202188024.9,0.43407892974665,0,25.8376288659794,NA,NA,NA,0,0,0,0
"EGY",1996,"egypt",71,8,"historical_DSV_MONA",8.875,2,-5.44899738448126,46.2968747922495,23.9268962510898,3.42066449080303,58.0606974212669,7.25e+08,67629716981.1321,1.0720139494333,0,-0.127347678423714,15673764.3,0.0231758537513513,-0.127347678423714,20.7497820401046,47.5909842920212,5.94605150043486,53.5370357924561,0,1,1,1
"EGY",2016,"EGYPT",259,12,"current_Combined_ISO",21.5833333333333,3,-9.55562117073891,21.0959884446522,14.4681479294309,2.02315058781381,34.1714098122744,-129937042.236328,332441717791.411,-0.0390856608188556,0,0.82374884021573,3856218340.9,1.15996823940116,0.82374884021573,10.3454639403558,13.7657934284608,3.66341693440169,17.4292103628625,0,1,1,1
"EGY",2020,"EGYPT",27,4,"current_Combined_ISO",6.75,4,-7.18070409257875,35.5843178235706,16.958684133537,3.34145512147015,29.404851483048,-112596641.540527,383817841547.099,-0.0293359581948225,0,1.68506833039088,20362115178.3,5.30515077053846,1.68506833039088,12.4727757370868,20.6229583667758,3.63017505658444,24.2531334233602,0,0,0,0
"EGY",2022,"EGYPT",180,12,"current_Combined_ISO",15,5,-6.80905323557539,35.3832819125992,18.0439910742748,3.88917591191881,19.7067253909647,123851417.541504,476747720364.742,0.0259783974314025,0,-0.161306370487026,21752962125.5,4.56278261988492,-0.161306370487026,15.0870258208479,35.9532117277136,2.91694131479414,38.8701530425077,0,0,0,0
"EST",1993,"estonia",49,6,"historical_DSV_MONA",8.16666666666667,1,-3.87281017808869,NA,24.3601362525639,NA,NA,NA,4013091682.2914,NA,0,0,NA,0,0,64.1267812766853,NA,NA,NA,0,NA,0,0
"EST",1995,"estonia",30,5,"historical_DSV_MONA",6,2,-7.28477885742362,NA,26.5046102966203,NA,NA,NA,4502970889.06373,NA,0,0,NA,0,0,65.9013474101197,7.07357374536226,3.09674140680994,10.1703151521722,0,0,0,0
"EST",1996,"estonia",53,4,"historical_DSV_MONA",13.25,3,-10.4189436326927,NA,27.0301388326535,NA,NA,1e+06,4786018988.16491,0.020894192072218,0,0,NA,0,0,61.2792495590997,6.39286243147543,2.37430717010453,8.76716960157996,1,0,0,0
"EST",1997,"estonia",47,5,"historical_DSV_MONA",9.4,4,-10.2866126015252,NA,28.5961825514181,NA,NA,NA,5154420649.23354,NA,0,0,NA,0,0,70.3823658944387,6.33594123744046,3.0842210569668,9.42016229440726,1,1,0,0
"EST",2000,"estonia",49,6,"historical_DSV_MONA",8.16666666666667,5,-3.24083773451,NA,26.6871960393056,NA,NA,1799999.95231628,5686579747.53524,0.0316534724250805,0,0,NA,0,0,61.6273943170743,4.49531276691932,5.4978307127511,9.99314347967042,0,1,0,0
"ETH",1992,"ethiopia",21,12,"historical_DSV_MONA",1.75,1,NA,87.5085987299979,NA,1.02463381466516,2.88656848317751,6.5e+07,10754799036.5745,0.604381353653848,0,0.184937056772146,19415000,0.180524061249069,0.184937056772146,NA,NA,NA,NA,0,0,0,0
"ETH",1996,"ethiopia",34,12,"historical_DSV_MONA",2.83333333333333,2,NA,115.76246726728,NA,3.99255383862183,8.3564364713291,5.6e+07,8761215548.48614,0.639180712882658,0,0.244333335728726,92266705.2,1.05312675723339,0.244333335728726,NA,NA,NA,NA,0,1,0,0
"ETH",2001,"ethiopia",85,14,"historical_DSV_MONA",6.07142857142857,3,NA,70.241995024966,NA,2.23742693905702,8.52607722510068,94419998.1689453,8231326016.47494,1.14708125981117,0,0.393218585137042,119615561.4,1.45317487316856,0.393218585137042,NA,0.00266192229379073,0.614876874188377,0.617538796482168,0,1,0,0
"ETH",2009,"ETHIOPIA",24,5,"current_Combined_ISO",4.8,4,NA,16.5497677481654,NA,0.295734862350697,33.2164688138407,726039978.027344,32437389116.038,2.23828118665805,0,0.508622706685191,368235550.7,1.13521945117936,0.508622706685191,NA,0.00140983458174667,1.26154404333598,1.26295387791773,0,0,0,0
"ETH",2019,"ETHIOPIA",13,12,"current_Combined_ISO",1.08333333333333,5,-12.9353638787573,31.8677861051946,35.2639756233364,2.42687863920334,9.85176687079036,865980712.890625,91834517113.6386,0.942979546371476,0.135724184345375,-0.0512956473018836,318290495.6,0.346591353233925,0.0844285370434916,7.93996502525176,0.000100158271942029,0.417258764730303,0.417358923002245,0,0,0,0
"ETH",2024,"ETHIOPIA",77,6,"current_Combined_ISO",12.8333333333333,6,-6.3218942153461,NA,20.5754723151817,0.907861728046778,10.3544942459446,NA,149740297952.375,NA,-0.146626961213762,0.906394617320496,2246343206.5,1.5001594341788,0.759767656106734,5.53927082166771,NA,NA,NA,NA,0,0,0
"GAB",1994,"gabon",26,4,"historical_DSV_MONA",6.5,1,23.4245931572443,113.008897324389,21.072197860428,7.23925559101763,4.31584019385876,2e+06,4190819344.22255,0.0477233647104639,0,0.974978994413799,89663984.2,2.13953350968494,0.974978994413799,61.6756399787038,86.6007005145186,3.40569349524068,90.0063940097593,0,0,0,0
"GAB",1995,"gabon",42,14,"historical_DSV_MONA",3,2,23.639301874596,101.614298768865,22.6769546016484,10.625098544808,3.50814104573712,2e+06,4958845648.04778,0.0403319671945701,0,0.108036546814259,96550499.2,1.94703578317689,0.108036546814259,59.3869990303814,NA,NA,NA,0,0,0,0
"GAB",2000,"gabon",118,6,"historical_DSV_MONA",19.6666666666667,3,36.3624244775788,91.4060951554922,21.9020564270273,8.19593165567317,4.92619624216543,1340000.0333786,5080483628.53013,0.0263754424057909,0,0.149931669048677,107445776.1,2.11487299155191,0.149931669048677,69.0321767086082,83.3255028286385,1.72758181671812,85.0530846453566,0,0,0,0
"GAB",2004,"gabon",58,5,"historical_DSV_MONA",11.6,4,28.3107734118977,62.5130970565072,21.4960127218042,3.62741859559148,10.9219293951205,2880000.11444092,7770219008.21293,0.0370645938215748,0,0.475718326097753,121838293.5,1.56801620869656,0.475718326097753,55.0391552768837,76.1833932062393,5.50841106598959,81.6918042722289,0,0,0,0
"GAB",2007,"gabon",50,12,"historical_DSV_MONA",4.16666666666667,5,31.9247300086101,48.2969273788531,23.6449269564322,8.21111295972813,24.1251490739474,1049999.95231628,12455409587.3371,0.0084300716484167,0,-0.272995114785861,46957128.8,0.37700188396646,-0.272995114785861,58.528604586134,83.4131671985386,3.60059532421835,87.0137625227569,0,1,0,0
"GAB",2017,"GABON",175,12,"current_Combined_ISO",14.5833333333333,6,25.3847674995213,47.0383134247217,21.2964674161829,4.46606283436715,14.6694853489707,4847919.94094849,14929487485.1623,0.0324721122929813,0,1.32696756333325,412399367.2,2.76231429652132,1.32696756333325,50.2267539725926,62.2945642697917,3.31591796865075,65.6104822384424,0,0,0,0
"GAB",2021,"GABON",68,12,"current_Combined_ISO",5.66666666666667,7,36.52992877974,45.9389652789504,17.4565506185946,6.28589207675795,16.6511067504691,2428289.89028931,19444935097.2333,0.0124880328895251,0,0.54981315682155,1427381374,7.34063326445915,0.54981315682155,60.9391204926094,52.3128650846528,6.75461904672039,59.0674841313732,0,0,0,1
"GEO",1995,"georgia",46,4,"historical_DSV_MONA",11.5,1,-16.8248873912072,48.1849837682768,4.03290267446782,0.778493128295506,16.0043811163773,5.2e+07,2693732611.81599,1.93040689235091,0,2.81342000937905,115500273.9,4.28774086163419,2.81342000937905,25.5018957089734,NA,NA,NA,1,0,0,0
"GEO",1996,"georgia",89,14,"historical_DSV_MONA",6.35714285714286,2,-19.0441411399767,45.0218422323182,18.5654620654,0.427128198955668,14.0579161108046,5.5e+07,3094936177.1918,1.77709641980095,0,2.60341617684372,191536275.8,6.1886987270216,2.60341617684372,13.3262039550213,18.8418675432238,8.02757993438701,26.8694474776108,0,1,0,0
"GEO",2001,"georgia",95,12,"historical_DSV_MONA",7.91666666666667,3,-14.4071920887024,58.9445103087218,27.2349145939467,2.51587325718164,8.48090346509542,94339996.3378906,3219462262.0075,2.93030290962519,0,0.592165978305714,468269397.3,14.5449568651881,0.592165978305714,24.4613664968535,9.12813885756339,26.2634854473157,35.3916243048791,0,0,0,0
"GEO",2004,"georgia",105,13,"historical_DSV_MONA",8.07692307692308,4,-16.7828751157843,44.5575413523862,28.1618028765408,4.58665403293385,16.6914033517703,92260002.1362305,5125365191.98664,1.80006689631553,0,-0.665050903168674,489543522.3,9.55138812479913,-0.665050903168674,31.1289353948882,3.52462707764719,24.1908885799925,27.7155156576397,1,1,0,0
"GEO",2012,"GEORGIA",7,8,"current_Combined_ISO",0.875,5,-18.4557203283507,80.8332989234343,21.5841309101337,9.20550286025759,21.2543266682517,137059997.558594,16894392033.2256,0.811275110042687,0,-1.44971584427734,965258523.7,5.71348481674665,-1.44971584427734,35.6395798831416,2.9506292384286,10.54586482423,13.4964940626586,1,0,0,0
"GEO",2014,"GEORGIA",22,12,"current_Combined_ISO",1.83333333333333,6,-16.5869264233024,79.5047029311935,21.4425215938465,10.8924394292149,19.1398638204665,150169998.168945,17966015109.3043,0.835855904914465,0,-0.733763494007797,420420037.6,2.34008507196608,-0.733763494007797,39.1818857575184,3.7699143071261,7.02141310273315,10.7913274098592,0,0,0,0
"GEO",2017,"GEORGIA",372,16,"current_Combined_ISO",23.25,7,-10.8311727140784,102.048777144568,25.1354716981132,16.4664643058149,18.9884320493199,93770477.2949219,16473125375.0684,0.569233069984648,0,0.427643887823609,397275061.6,2.41165566675808,0.427643887823609,45.8765524915336,4.10234077225929,24.3437615637949,28.4461023360542,0,1,0,0
"GEO",2022,"GEORGIA",51,12,"current_Combined_ISO",4.25,8,-9.73767924787263,100.312545728071,19.7501572879495,13.2948331743094,20.9538653079122,59609310.1501465,24984568959.605,0.238584504885887,0,-0.0669539795825418,1084129288.8,4.33919548723381,-0.0669539795825418,52.4788792204227,2.60573425303883,32.7979025501132,35.403636803152,0,0,0,0
"GHA",1995,"ghana",78,16,"historical_DSV_MONA",4.875,1,-8.4302024072139,93.7533418821525,21.1308487170556,6.41048582295311,13.5419669284502,5.4e+07,6464382807.67884,0.835346569139672,0,-1.01999074871736,648472348.4,10.0314657669979,-1.01999074871736,24.4964459408904,NA,NA,NA,0,0,0,0
"GHA",1999,"ghana",139,15,"historical_DSV_MONA",9.26666666666667,2,-17.5484261265902,94.0360761469128,20.4674438041186,6.96510116446105,7.52781665980326,40880001.0681152,7718109982.26093,0.529663365280782,0,-0.196123599362933,396405583.1,5.136044757215,-0.196123599362933,32.0783389537313,4.41563742023779,7.69066693696787,12.1063043572057,0,0,0,0
"GHA",2003,"ghana",86,14,"historical_DSV_MONA",6.14285714285714,3,-15.9290604117132,111.158074007368,22.9369279766376,6.72483660330599,17.7094465886763,83930000.3051758,7632723555.66221,1.09960749518976,0,0.937393048211773,546685391.1,7.16238950766729,0.937393048211773,40.67904265112,0.0481803318787904,2.46857072038619,2.51675105226498,0,0,0,0
"GHA",2009,"GHANA",176,12,"current_Combined_ISO",14.6666666666667,4,-13.0110065711427,49.9435765043797,15.4788295907556,1.37119873017275,28.4806289961588,150539993.286133,26048720005.5233,0.577917046419989,0,0.400591430511266,826123368.5,3.17145475219063,0.400591430511266,29.2918659785048,1.75329081764514,1.74904889698946,3.5023397146346,0,1,0,0
"GHA",2015,"GHANA",374,16,"current_Combined_ISO",23.375,5,-8.85786127758497,65.2895144150849,27.0126255383172,2.59522702070256,18.3432463946771,184977157.592773,49436806230.4839,0.374168907130396,0,0.348898113271812,1241945787.5,2.5121885538273,0.348898113271812,33.8317048233696,21.7019621780148,1.53114850582018,23.233110683835,0,0,0,0
"GHA",2023,"GHANA",182,11,"current_Combined_ISO",16.5454545454545,6,-0.846228541309404,55.2963757239878,9.86731842450444,5.04497765700373,8.69027246258012,196889007.568359,80547146875.9526,0.244439455902243,0,0.59361406610263,3630001073.4,4.50667865243001,0.59361406610263,31.7708164943996,24.5298166225955,3.79789972324939,28.3277163458449,0,0,1,1
"GIN",1997,"guinea",106,16,"historical_DSV_MONA",6.625,1,-2.25838620386926,64.4703891429978,13.4652634736586,2.93750599528898,3.48988402391335,2.2e+07,5516916163.0949,0.398773505879385,0,0.400910476906581,99026851.5,1.79496748858419,0.400910476906581,13.415700645078,0.0060625301669842,67.3647586841412,67.3708212143082,0,0,0,0
"GIN",2001,"guinea",47,12,"historical_DSV_MONA",3.91666666666667,2,-0.987318893805299,72.0556909029891,10.6300763246785,2.88514838852743,7.16732964003467,34909999.8474121,4125527603.22908,0.846194795063007,0,0.428383271176447,145388580.2,3.52412089271208,0.428383271176447,19.6002796228163,0.763842770128623,53.9995857757205,54.7634285458491,0,0,0,1
"GIN",2007,"guinea",36,12,"historical_DSV_MONA",3,3,-24.019120268479,53.1176167375387,24.6699587204815,2.60386042082192,1.41713322716656,24739999.7711182,6281918226.34408,0.393828745929351,0,-0.16983334573282,92498353.5,1.47245395701102,-0.16983334573282,23.5509559790113,0.864102683278354,73.4419716903088,74.3060743735872,0,0,0,0
"GIN",2012,"GUINEA",493,19,"current_Combined_ISO",25.9473684210526,4,-20.3995428290922,17.8091159273094,25.1177815471196,1.69162044229919,56.9965890445029,19930000.3051758,7638044556.84656,0.260930663036144,0,0.204026479343214,214693578.1,2.81084479806489,0.204026479343214,33.137394501583,NA,NA,NA,0,0,0,0
"GIN",2017,"GUINEA",238,12,"current_Combined_ISO",19.8333333333333,5,-11.9310368621866,23.2615121059829,25.7658241420525,0.792923488518344,41.0193050684563,74041259.765625,10324668271.1362,0.717129672559223,0,0.231152888143821,426088145.3,4.12689428958389,0.231152888143821,44.6602984531211,NA,NA,NA,0,0,0,0
"GMB",1998,"gambia, the",79,14,"historical_DSV_MONA",5.64285714285714,1,-3.25981296197113,56.3839941753448,4.88440201890588,3.1587862075088,23.1463084928651,4139999.8664856,840285264.631545,0.492689809132966,0,-0.0272878044696575,10429278.5,1.24115927518652,-0.0272878044696575,25.3055746540899,0.017383370126219,0.474663642317632,0.492047012443851,0,1,1,1
"GMB",2002,"gambia, the",16,12,"historical_DSV_MONA",1.33333333333333,2,-5.32818175253291,107.058361132109,7.27832762883119,2.7578778448864,18.3079552521825,2809999.94277954,578235309.327198,0.48596132014994,0,0.647170285113542,38910821.9,6.72923657070933,0.647170285113542,27.1573845831505,0.00692766205053044,NA,NA,1,0,0,0
"GMB",2007,"gambia, the",57,12,"historical_DSV_MONA",4.75,3,-8.2279295450467,55.0960767922269,12.5665208782691,2.70891275985202,20.6687692848746,1659999.9666214,1279703047.0221,0.129717591161814,0,0.190807852312462,14413460.3,1.1263128843477,0.190807852312462,18.0329574603162,NA,0,NA,1,0,0,0
"GMB",2012,"GAMBIA, THE",44,12,"current_Combined_ISO",3.66666666666667,4,-8.01730864452303,40.8138633096458,20.8771686494917,1.94985968301847,41.7700454165916,2250000,1415004738.26621,0.159010068245913,0,0.988302450289678,94437658,6.67401708602852,0.988302450289678,19.8416822348377,0,0.45786601607713,0.45786601607713,1,0,0,0
"GMB",2020,"GAMBIA, THE",194,13,"current_Combined_ISO",14.9230769230769,5,-28.1802323969395,53.9987549889751,32.34205468872,2.27878619116826,40.1492854201049,2703732.01370239,1812170891.19069,0.14919851250485,0,1.22373867761605,103378149.7,5.7046578886429,1.22373867761605,9.60764388834478,0,7.45944989729253,7.45944989729253,1,1,0,0
"GMB",2024,"GAMBIA, THE",192,8,"current_Combined_ISO",24,6,-24.6729326463948,66.3566127091875,29.9390742901818,3.25027198001642,38.2821078744936,NA,2404888737.54853,NA,0,1.15826598815522,271428236.1,11.2865194909884,1.15826598815522,8.74884228082436,0,7.25401728860874,7.25401728860874,NA,0,0,0
"GNB",1995,"guinea-bissau",50,13,"historical_DSV_MONA",3.84615384615385,1,-23.4760937096149,140.331279782394,22.301054752872,2.42620006801508,NA,6e+06,660195402.013602,0.90882183997343,0,0.189598548578533,5908797.8,0.895007414771159,0.189598548578533,11.6671695917697,NA,NA,NA,0,1,0,1
"GNB",2000,"guinea-bissau",20,12,"historical_DSV_MONA",1.66666666666667,2,-26.5517771905592,251.248486073042,19.9436147571396,1.38104649213402,NA,560000.002384186,391345597.488269,0.143096027137746,0,2.13753003833159,26299759.5,6.7203412198315,2.13753003833159,13.0927844637276,NA,NA,NA,0,1,0,0
"GNB",2010,"GUINEA-BISSAU",84,12,"current_Combined_ISO",7,3,-18.2357562385884,114.577031848083,19.366452387911,2.20511976257595,NA,6519999.98092651,940112538.936436,0.693533987782217,0,0.806699654126491,24669366.3,2.62408650861192,0.806699654126491,12.6394156999785,NA,NA,NA,0,0,0,0
"GNB",2015,"GUINEA-BISSAU",146,16,"current_Combined_ISO",9.125,4,-4.27695166467783,48.9945036240335,16.1944098294004,0.593499501505658,NA,3399895.90644836,1152384166.79638,0.295031466450988,0,0.344808095641086,37743143.7,3.27522234229629,0.344808095641086,25.0467119622253,0.00207808733428507,NA,NA,0,1,0,0
"GNB",2023,"GUINEA-BISSAU",513,12,"current_Combined_ISO",42.75,5,-14.9525319177062,68.0698341582062,21.3237368607229,2.6287127060734,NA,5326470.85189819,2076748678.11987,0.256481244361276,0,0.60736448434479,108381409.8,5.2188023973185,0.60736448434479,13.7413098032507,NA,NA,NA,1,0,0,0
"GNQ",1993,"equatorial guinea",28,12,"historical_DSV_MONA",2.33333333333333,1,NA,NA,NA,NA,NA,NA,136047906.245408,NA,0,0,NA,0,0,NA,NA,NA,NA,1,0,0,0
"GNQ",2019,"EQUATORIAL GUINEA",13,12,"current_Combined_ISO",1.08333333333333,2,7.38270667104612,NA,11.3929818569737,NA,NA,338847.011327744,11364133549.7478,0.00298172324220234,0,0,NA,0,0,51.1307495482003,NA,NA,NA,0,0,1,1
"GRC",2010,"GREECE",172,12,"current_Combined_ISO",14.3333333333333,1,-7.46485939603497,NA,16.8200572069043,NA,NA,NA,296417644404.034,NA,0,0,NA,0,0,21.7288294018439,26.0765746817089,8.28992249752207,34.366497179231,0,1,0,0
"GRC",2012,"GREECE",336,16,"current_Combined_ISO",21,2,-4.46256767459159,NA,12.2795312839599,NA,NA,NA,238841140018.233,NA,0,0,NA,0,0,28.9658220302701,38.9473786760151,7.57301310927524,46.5203917852903,1,0,0,0
"GRD",2006,"grenada",14,12,"historical_DSV_MONA",1.16666666666667,1,NA,67.5670741702514,NA,2.24601597443012,22.08725714651,1750000,698700666.666667,0.250464910581641,0,0.0970829043624785,10900882.4,1.56016487747256,0.0970829043624785,NA,0,0.080101458919477,0.080101458919477,0,0,0,0
"GRD",2010,"GRENADA",33,12,"current_Combined_ISO",2.75,2,NA,76.6738678956156,NA,3.56116675823739,21.2552822808329,19999.9995529652,771014814.814815,0.00259398382089051,0,0.832220883011327,46308959.3,6.00623469357364,0.832220883011327,NA,0,0.0118265832367857,0.0118265832367857,0,0,0,0
"GRD",2014,"GRENADA",212,12,"current_Combined_ISO",17.6666666666667,3,NA,77.034502464976,NA,2.53653839839124,26.6186837729347,NA,911496296.296296,NA,0,0.377116957465137,45714145,5.0152858750772,0.377116957465137,NA,0.194185696350986,0.0494167521988235,0.24360244854981,0,1,0,0
"GTM",2002,"guatemala",26,4,"historical_DSV_MONA",6.5,1,-13.6522579301409,22.4939459874726,19.6197975058803,2.10799940530705,52.4245593320643,64730003.3569336,20444205991.025,0.316617839721191,0,0,37628794.6,0.184056033364754,0,26.7262767971618,7.15402228818343,0.524514055435472,7.6785363436189,0,0,0,0
"GTM",2003,"guatemala",26,3,"historical_DSV_MONA",8.66666666666667,2,-14.6401397532838,24.2612615996527,18.9615918933206,2.17248720844936,56.7120212913201,67940002.4414063,21576351798.9145,0.314881788518225,0,0,41128677.7,0.190619239449318,0,26.1810997164793,8.19705664111192,0.385124889688843,8.58218153080076,1,0,0,0
"GTM",2009,"GUATEMALA",15,6,"current_Combined_ISO",2.5,3,-9.30503400974752,40.7299655235998,15.377603213332,4.84983205237893,35.1098383241386,83889999.3896484,37126148264.6383,0.225959339470589,0,0,314966170.3,0.848367484972841,0,24.3678264820599,4.05012640218242,5.14889014336207,9.19901654554449,0,0,0,0
"GUY",1994,"guyana",58,15,"historical_DSV_MONA",3.86666666666667,1,-12.0656626266377,448.075401127103,27.0030369172015,21.0481498970614,12.0439055879556,6e+06,545278380.33261,1.10035538110646,0,-1.66796072025672,178468116.7,32.7297254277967,-1.66796072025672,104.104425290405,NA,NA,NA,0,0,0,0
"GUY",1998,"guyana",47,18,"historical_DSV_MONA",2.61111111111111,2,-11.9769217164568,223.915440060235,28.9207551153805,20.3247208698387,18.6780348778461,11789999.961853,717530683.169567,1.64313530255915,0,-1.31171608695872,154177880.6,21.4872874730522,-1.31171608695872,95.9327548902846,0.0422657639337464,15.8691994226337,15.9114651865674,0,1,0,0
"GUY",2002,"guyana",132,16,"historical_DSV_MONA",8.25,3,-12.1187075133344,207.135131207836,20.8604990254453,9.63521732585121,20.4632260747042,11510000.2288818,726131434.715338,1.58511251250182,0,-0.25161534298763,115911315.7,15.9628560558654,-0.25161534298763,92.3031854232478,1.10729463309816e-05,7.04053135173573,7.04054242468206,0,1,0,0
"HND",1992,"honduras",41,18,"historical_DSV_MONA",2.27777777777778,1,-1.6226231967177,86.2066347235239,21.4518904133763,10.3680594748921,5.15279414567496,8.7e+07,4122846905.18198,2.1101923501125,0,1.97479570482393,111856250,2.71308279381921,1.97479570482393,41.5679181188512,NA,NA,NA,0,0,0,0
"HND",1999,"honduras",100,15,"historical_DSV_MONA",6.66666666666667,2,-13.8506591452038,89.3163803016224,29.6446413936213,7.88600539070483,22.6329043933259,86080001.8310547,6394090592.33449,1.34624307535228,0,1.56728249080706,236605619.5,3.70037953143255,1.56728249080706,53.8257232287652,0.527798327516472,6.30463346590148,6.83243179341795,0,0,0,0
"HND",2004,"honduras",76,12,"historical_DSV_MONA",6.33333333333333,3,-18.6157918362924,73.7515862582538,27.0803523056205,3.93344775750424,31.9030293553917,112080001.831055,8869299234.3377,1.26368497521354,0,0.236555904200099,224821492.7,2.53482813872824,0.236555904200099,58.4229834527808,0.10107453163439,6.35794151098228,6.45901604261667,0,0,0,0
"HND",2008,"honduras",20,4,"historical_DSV_MONA",5,4,-33.0984018178707,26.102311013799,33.5973788273545,2.74786115415144,70.851524567029,96330001.8310547,13881731875.7466,0.693933600600349,0,0,60685097.7,0.437157973105832,0,51.3252766875914,NA,NA,NA,0,0,0,0
"HND",2010,"HONDURAS",39,6,"current_Combined_ISO",6.5,5,-17.9240258481853,26.524712211213,21.5558696364013,3.40999088520232,67.4064711552552,100839996.337891,15839344591.9842,0.636642480705439,0,-0.00979758594800289,220493207,1.39206016839601,-0.00979758594800289,45.7589061967483,8.0723038762939,6.01471210389409,14.087015980188,0,1,0,0
"HND",2014,"HONDURAS",150,12,"current_Combined_ISO",12.5,6,-17.8497878246693,40.5914778097745,22.2854400331859,3.8725294451938,46.8924350969364,80449996.9482422,19756533971.8698,0.407207038758875,0,-0.0312902162332826,185328241.2,0.938060499194233,-0.0312902162332826,47.5626547300206,0.0260914911819797,3.88606656605623,3.91215805723821,0,1,0,0
"HND",2019,"HONDURAS",150,10,"current_Combined_ISO",15,7,-19.0224932644832,42.5213273366261,22.8046970698247,3.88386078331619,58.8811793892231,126280746.459961,24882225741.8119,0.507513868615699,0,0,171262948.4,0.688294327754655,0,40.2185209903792,0.0140768372959928,2.70409749738022,2.71817433467621,0,0,0,0
"HND",2023,"HONDURAS",112,9,"current_Combined_ISO",12.4444444444444,8,-24.0546188908926,40.7591366324123,23.75620763328,5.56769234468993,58.2768595437127,217314361.572266,34355805527.9795,0.63254043452797,0,0.132201919594086,1102822872.7,3.21000441046814,0.132201919594086,37.3686804713719,0.0650199693590328,3.40869496897492,3.47371493833395,0,0,0,0
"HRV",1994,"croatia",49,6,"historical_DSV_MONA",8.16666666666667,1,NA,NA,NA,NA,NA,1.1e+07,15062911616.8222,0.0730270500141237,0,0,NA,0,0,NA,9.0683373606827,1.95963810579541,11.0279754664781,0,0,0,0
"HRV",1997,"croatia",45,12,"historical_DSV_MONA",3.75,2,-12.7989821882952,NA,21.4758269720102,NA,NA,3e+06,24175272571.5846,0.0124093740458015,0,0,NA,0,0,31.0432569974555,9.82433696400253,2.58408258027762,12.4084195442802,0,0,0,0
"HRV",2001,"croatia",74,5,"historical_DSV_MONA",14.8,3,-5.17161049852462,NA,20.4107780711291,NA,NA,28540000.9155273,23067071477.8294,0.123726156321829,0,0,NA,0,0,37.1330952011182,10.2151778121735,2.66229103665213,12.8774688488256,0,1,0,0
"HRV",2003,"croatia",53,5,"historical_DSV_MONA",10.6,4,-10.3508039926822,NA,25.5640786982059,NA,NA,45970001.2207031,35244797328.5582,0.130430601691826,0,0,NA,0,0,35.5457842539397,9.62307738195106,2.27026881473396,11.893346196685,1,0,0,0
"HRV",2004,"croatia",81,9,"historical_DSV_MONA",9,5,-8.52139267980852,NA,25.4333541462254,NA,NA,45900001.5258789,41836096243.0481,0.109713873061247,0,0,NA,0,0,36.5623048791366,11.3262188190272,3.40409153854028,14.7303103575675,0,1,0,0
"HTI",1995,"haiti",28,4,"historical_DSV_MONA",7,1,-19.580691341546,29.6845256176047,NA,3.72869132277952,23.7375063822217,3.82e+08,2813313278.81082,13.5782958434501,0.0751792918310902,-0.331540677330561,28689370.7,1.01977163069898,-0.256361385499471,9.13356386088413,NA,0.0459361705918063,NA,1,0,0,0
"HTI",1996,"haiti",22,12,"historical_DSV_MONA",1.83333333333333,2,-17.5681179925826,31.6474069205418,NA,1.06240137832191,24.1380469170785,6.7e+07,2907517603.76719,2.30437125860184,0,-0.0888261896214746,24875193,0.855547459721995,-0.0888261896214746,11.3276309301777,1.15759498066816e-05,0.0965993718117905,0.0966109477615972,0,1,0,0
"HTI",2006,"haiti",79,12,"historical_DSV_MONA",6.58333333333333,3,-19.0147342790937,19.9450764434324,14.3527712251236,0.832681485317082,24.1210571697215,190710006.713867,7638739122.67242,2.49661630867617,0.19547407314489,-0.0579076445597014,52690169,0.68977573594065,0.137566428585188,9.02116806690294,NA,NA,NA,1,0,0,0
"HTI",2010,"HAITI",475,18,"current_Combined_ISO",26.3888888888889,4,-27.5809478097158,8.79534948788437,24.988217664925,1.11444364233545,185.082098629197,1077900024.41406,11859312725.1448,9.08905979120218,0,1.05230207510593,134918560.6,1.1376591858813,1.05230207510593,8.57028815816493,NA,NA,NA,0,0,0,0
"HTI",2015,"HAITI",14,6,"current_Combined_ISO",2.33333333333333,5,-18.4102441483084,15.0430551793435,13.9737286463314,0.249822488117228,84.934881968091,398958099.365234,14849629308.6025,2.68665359298979,0,0.0670717550789645,177541638.3,1.19559643281566,0.0670717550789645,11.767746984448,NA,NA,NA,1,0,0,0
"HUN",1993,"hungary",21,5,"historical_DSV_MONA",4.2,1,-7.12259007813796,NA,20.444577664727,NA,NA,2e+06,40256233360.3817,0.00496817469755704,0,0,NA,0,0,23.1454729965833,3.73384477563345,4.17694821132152,7.91079298695497,0,0,1,1
"HUN",1996,"hungary",77,8,"historical_DSV_MONA",9.625,2,0.520267113534442,NA,22.7893893148991,NA,NA,1e+07,46833767123.6915,0.0213521153948373,0,0,NA,0,0,41.7711238743212,3.380550495906,4.05074275305343,7.43129324895943,0,0,0,0
"IRL",2010,"IRELAND",377,12,"current_Combined_ISO",31.4166666666667,1,16.5738839248173,NA,17.5913855594315,NA,NA,NA,221732824603.484,NA,0,0,NA,0,0,103.327078355769,1.13011667576576,1.13574439508563,2.26586107085139,0,0,0,0
"IRQ",2005,"iraq",75,8,"historical_DSV_MONA",9.375,1,-7.04679914849156,NA,13.8472241177654,NA,NA,11227790039.0625,50065104667.8159,22.4263788392322,0,0,NA,0,0,54.3478705800752,96.3555657715066,0.03433026854802,96.3898960400546,1,0,0,0
"IRQ",2007,"iraq",34,5,"historical_DSV_MONA",6.8,2,17.7068252412933,NA,6.75640343045579,NA,NA,3749340087.89063,88837057319.5179,4.22046857586185,0,0,NA,0,0,45.8998391733957,99.6294248203056,8.8879210934631e-05,99.6295136995165,0,0,0,0
"IRQ",2010,"IRAQ",87,12,"current_Combined_ISO",7.25,3,5.33617880831575,NA,16.1989616416181,NA,NA,1609609985.35156,138516722649.573,1.1620329694225,0,0,NA,0,0,39.41682921428,99.7045850237878,0.000470060145031071,99.7050550839328,1,0,0,0
"IRQ",2016,"IRAQ",79,12,"current_Combined_ISO",6.58333333333333,4,1.62872716992017,14.1379782009615,14.5757696096639,0.821513048005352,193.969501392406,415112030.029297,166743557747.671,0.248952364718927,0.727661853620817,0,3946683802.4,2.36691831199405,0.727661853620817,28.1085236792986,99.9864810010682,NA,NA,0,0,0,0
"JAM",1992,"jamaica",87,13,"historical_DSV_MONA",6.69230769230769,1,NA,142.879068047908,NA,21.128741438525,6.99874449605892,6.6e+07,3535460089.80719,1.86680087806052,0,-0.555761782084537,357077875,10.0998983422119,-0.555761782084537,NA,0.979387820049748,54.8640645666223,55.843452386672,0,0,0,0
"JAM",2010,"JAMAICA",65,9,"current_Combined_ISO",7.22222222222222,2,NA,111.477878300425,NA,9.36156082284817,17.6299813114687,-3799999.95231628,13220549908.2494,-0.0287431307977979,0,5.88533003392314,1188200367.3,8.98752605259319,5.88533003392314,NA,22.6130787526814,44.2998718718147,66.9129506244961,0,0,0,0
"JAM",2013,"JAMAICA",823,16,"current_Combined_ISO",51.4375,3,NA,92.5263767855286,NA,8.69088166243484,14.1073433123507,1340000.0333786,14264205152.6126,0.00939414442684995,0,0.0150754029193568,1239481651.7,8.68945474661082,0.0150754029193568,NA,23.8316795122739,45.5969371537392,69.4286166660131,0,0,0,0
"JAM",2016,"JAMAICA",162,12,"current_Combined_ISO",13.5,4,NA,103.886277698998,NA,13.2662411333678,23.5003330661397,14102461.8148804,14898999754.1229,0.0946537488932968,0,0.75545889427143,1102854822.9,7.40220713538044,0.75545889427143,NA,15.8992712670727,50.4129949655701,66.3122662326428,1,0,0,0
"JAM",2023,"JAMAICA",29,8,"current_Combined_ISO",3.625,5,NA,80.4588971641398,NA,14.0987427533461,31.6244028116851,44909908.2946777,21418797832.8216,0.209675205140874,0,0.087191414969996,1611393458.1,7.52326750864954,0.087191414969996,NA,28.7976547528445,37.604098048612,66.4017528014565,0,0,0,0
"JOR",1994,"jordan",71,7,"historical_DSV_MONA",10.1428571428571,1,-22.6116861359099,127.554052364155,31.9280288251899,9.65582878268722,26.4384811550472,3.4e+07,6236295978.24531,0.545195419181604,0,0.911966523051431,144364561.9,2.31490876000115,0.911966523051431,47.8622449682143,0.00898874921233926,25.4120619462173,25.4210506954296,0,1,0,0
"JOR",1996,"jordan",96,12,"historical_DSV_MONA",8,2,-25.3013254336672,111.367141017405,29.4160762277058,14.7529461505768,27.8421277734441,4.5e+07,6927503526.09309,0.649584656731004,0,1.40278722391074,339513866.4,4.90095551913022,1.40278722391074,52.8788989331379,NA,NA,NA,0,0,0,0
"JOR",1999,"jordan",88,12,"historical_DSV_MONA",7.33333333333333,3,-17.8488032812419,101.384262064357,23.4099994808162,6.87363015209529,34.1716191048558,170199996.948242,8149929478.13822,2.08836159140757,0,0.494178251579184,521210656.5,6.39527811741343,0.494178251579184,43.3107851790319,0.00361283657224328,25.5662900245799,25.5699028611521,0,0,0,0
"JOR",2002,"jordan",50,8,"historical_DSV_MONA",6.25,4,-19.1963497203415,134.858416337977,18.9476008242567,7.38006755666457,31.6261918101737,286809997.558594,9582510578.27927,2.99305693654759,0,0.142006235097144,505594611.8,5.27622284024433,0.142006235097144,47.4212540476891,0.00638352187104476,16.7360177189512,16.7424012408222,0,0,0,0
"JOR",2012,"JORDAN",149,12,"current_Combined_ISO",12.4166666666667,5,NA,58.5598260044692,NA,2.74106684827946,48.2601308716103,546960021.972656,34854017887.3239,1.56928829192912,0,1.10163289564284,642156845.8,1.84241842038403,1.10163289564284,NA,0.282058142253294,11.1113902698849,11.3934484121382,0,0,0,0
"JOR",2016,"JORDAN",138,15,"current_Combined_ISO",9.2,6,NA,68.4833967118955,NA,5.65265081894841,57.3337787130011,873982116.699219,43688498732.3944,2.00048557871634,0,-0.44655215757126,1819895841.2,4.16561771176306,-0.44655215757126,NA,0.104709249071117,8.81527005731854,8.91997930638966,1,0,0,0
"JOR",2020,"JORDAN",365,16,"current_Combined_ISO",22.8125,7,NA,87.2903094132487,NA,6.50085977616248,44.5907950178061,1212795288.08594,47931770985.9155,2.53025344805706,0,1.03270620679852,1271031160.2,2.65175088267339,1.03270620679852,NA,1.33182496918067,6.5270659968103,7.85889096599097,0,0,0,0
"JOR",2024,"JORDAN",104,8,"current_Combined_ISO",13,8,NA,90.1349716229773,NA,7.84961814398842,46.7126871088204,NA,58618380563.3803,NA,0,0.335519979244985,2650358897.9,4.52137857175078,0.335519979244985,NA,0.264858580668078,8.49611967128758,8.76097825195566,NA,0,0,0
"KAZ",1994,"kazakhstan",44,5,"historical_DSV_MONA",8.8,1,-10.0522635906116,13.1868044954173,26.1305673523055,0.32284716738667,43.5973774865532,1.2e+07,21250792886.1054,0.056468481267097,0,0.917328185563651,289050290.8,1.36018591094073,0.917328185563651,37.0647377091299,NA,NA,NA,1,0,0,0
"KAZ",1995,"kazakhstan",42,4,"historical_DSV_MONA",10.5,2,-4.57468521677398,18.5351082484006,23.0540234078427,1.15964616641997,44.2609128214048,8e+06,20374302652.3819,0.0392651475561778,0,0.691213759326069,432301025.1,2.1217954424048,0.691213759326069,38.9738609136355,24.9891959336264,24.1366611305836,49.12585706421,1,1,0,0
"KAZ",1996,"kazakhstan",194,12,"historical_DSV_MONA",16.1666666666667,3,-0.735963426303393,14.0343192466923,17.2259263060412,1.5479271121035,67.0747900838798,6.3e+07,21035357936.8796,0.299495735651577,0,0.640334313797662,551601467,2.6222585261215,0.640334313797662,35.2688049307021,32.9430392621694,19.7169188372026,52.659958099372,0,1,0,0
"KAZ",1999,"kazakhstan",41,12,"historical_DSV_MONA",3.41666666666667,4,2.34503966190589,40.4455503446454,16.1798001771722,8.46213468118845,30.3154616915408,44549999.2370605,16870817181.7799,0.264065449569174,0,-1.04163191330048,931659169.5,5.52231204607072,-1.04163191330048,42.4620955088389,43.6437785324875,20.7940340287217,64.4378125612092,1,0,0,0
"KEN",1993,"kenya",19,4,"historical_DSV_MONA",4.75,1,4.94877897604404,131.899672456245,16.9376161081051,11.7209103655482,6.14137511762975,3.8e+07,5751786642.55871,0.660664283317288,0,-0.527890902199613,363089584.8,6.3126400084701,-0.527890902199613,38.9036301698042,9.37527958674352,2.88021447148963,12.2554940582332,0,1,0,0
"KEN",1996,"kenya",24,12,"historical_DSV_MONA",2,2,-6.91090680496164,57.6458704752809,16.0090581658668,7.0870480843467,11.3877129667137,1.1e+07,12045865396.1323,0.0913176400222096,0,-0.204187421917377,337223196.1,2.7994933116908,-0.204187421917377,25.2006019494243,6.99579226673001,2.74478502031921,9.74057728704922,0,0,0,1
"KEN",2000,"kenya",45,12,"historical_DSV_MONA",3.75,3,-10.1339021027024,48.8816816711472,16.7088065135105,4.71450208236973,14.6062137376271,45880001.0681152,12705350097.8044,0.361107727964487,0,0.0149182052081158,174880488.9,1.37643187754599,0.0149182052081158,21.5875711417625,8.07794915983307,3.15992851899508,11.2378776788282,0,0,0,0
"KEN",2003,"kenya",84,16,"historical_DSV_MONA",5.25,4,-5.95863528488702,45.5616989858586,15.8382091250789,3.94362831712598,22.0714590468592,111220001.220703,14904517649.8476,0.746216709816438,0,0.102944875912552,167284558.7,1.12237485727497,0.102944875912552,24.086815305421,19.1551044918056,2.9543556082054,22.109460100011,0,1,0,0
"KEN",2011,"KENYA",37,12,"current_Combined_ISO",3.08333333333333,5,-15.3032518329067,23.9314455090232,20.7086390580308,1.05363687668992,42.472666004945,712090026.855469,46869473150.61,1.51930452592724,0,0.625183854656122,1099534524.6,2.34595025437296,0.625183854656122,21.5494770708279,NA,NA,NA,0,0,0,0
"KEN",2015,"KENYA",43,5,"current_Combined_ISO",8.6,6,-10.0699168850011,31.3058278228131,22.0910367724206,1.40888517813813,37.9850175926342,711729614.257813,70120446896.8359,1.01501009442358,0,-0.0940592051517232,1204763864.6,1.71813489205581,-0.0940592051517232,15.1287339034504,10.4002054705089,4.08741066311494,14.4876161336238,0,0,0,0
"KEN",2016,"KENYA",26,10,"current_Combined_ISO",2.6,7,-8.36552997183063,28.5315668521598,19.3917380733162,1.51580806262624,35.8723664031553,805718261.71875,74815144163.8931,1.07694541088327,0,-0.0903986861962637,1103364324.7,1.47478740705615,-0.0903986861962637,13.2497448006759,7.46355756592411,4.26489839463264,11.7284559605568,0,0,0,0
"KEN",2021,"KENYA",211,13,"current_Combined_ISO",16.2307692307692,8,-8.78257137588336,38.1042168095825,19.686261552744,2.26098115506385,23.0254823086428,701439453.125,109703658904.994,0.639394765978101,0,0.773226429060686,2912915871.8,2.65525863118445,0.773226429060686,13.1097382018218,0.924149796237318,6.38746779763161,7.31161759386893,0,0,1,1
"KGZ",1993,"kyrgyz republic",34,4,"historical_DSV_MONA",8.5,1,-7.64375221767793,14.4572020838191,13.1062431135264,0.0698801867940284,16.5177137445025,5.9e+07,2026019252.61241,2.91211447886902,0,3.02296114516325,60244339.5,2.97353242928561,3.02296114516325,33.5312902683624,NA,NA,NA,0,0,0,0
"KGZ",1994,"kyrgyz republic",60,15,"historical_DSV_MONA",4,2,-6.30657614483493,27.1025468302634,12.0698548988285,0.993195823752804,5.86134207606262,2.2e+07,1681780847.41091,1.30813714723109,0,0.805533706776123,77839199.6,4.62837947761344,0.805533706776123,33.7618144302449,NA,NA,NA,0,0,0,0
"KGZ",1998,"kyrgyz republic",114,12,"historical_DSV_MONA",9.5,3,-21.5427103629459,96.0620695374272,12.8833225087328,7.33619027461354,12.4688359358013,29950000.7629395,1645963749.83146,1.81960269574626,0,0.183902628494093,175202585.1,10.6443768957816,0.183902628494093,36.4832920828287,5.63715555970328,3.34380879649995,8.98096435620323,0,0,0,0
"KGZ",2001,"kyrgyz republic",101,14,"historical_DSV_MONA",7.21428571428571,4,-0.297766077676342,124.409089324724,16.7975258345909,12.2276151759229,15.7088574776266,28079999.9237061,1525116370.27939,1.84117097363279,0,-0.134394918312005,285826893.5,18.7413169952165,-0.134394918312005,36.7245731455602,11.4432666212377,3.17010904135635,14.6133756625941,0,1,0,0
"KGZ",2005,"kyrgyz republic",99,13,"historical_DSV_MONA",7.61538461538461,5,-18.4728917573182,95.1289910008908,16.0060733880943,6.01145412823828,27.136089935651,40759998.3215332,2460246766.41401,1.65674431028493,0,-0.527345471076893,299008992.5,12.1536179452367,-0.527345471076893,38.3055564365228,7.53021666575875,4.01191709879507,11.5421337645538,1,0,0,0
"KGZ",2011,"KYRGYZ REPUBLIC",188,13,"current_Combined_ISO",14.4615384615385,6,-27.1028860890153,99.1762629048855,23.6912525687168,7.56180354412267,33.3395575989894,64019996.6430664,6197765984.28468,1.03295278985038,0,0.0945130167039708,311902373.5,5.03249677853073,0.0945130167039708,54.5384771657381,10.0198366401676,3.09382338750327,13.1136600276709,0,0,0,0
"KGZ",2015,"KYRGYZ REPUBLIC",171,12,"current_Combined_ISO",14.25,7,-40.5823697401144,120.298263428398,32.5880033283049,6.88029165826481,23.0299836610283,49542118.0725098,6678177511.66313,0.741850871528748,0,0.16731225368727,305629807.6,4.57654512876053,0.16731225368727,35.1896004872594,5.2179957360277,3.15939770942659,8.37739344545429,1,0,0,0
"KHM",1994,"cambodia",53,13,"historical_DSV_MONA",4.07692307692308,1,-12.8841131735365,63.5822374754583,10.6909780378212,0.0303515142626146,6.79753481399651,1.6e+07,2791435272.26653,0.573181837994354,0,0.718228206800623,29561961.6,1.05902371778791,0.718228206800623,25.7919593880254,NA,NA,NA,0,1,0,0
"KHM",1999,"cambodia",142,14,"historical_DSV_MONA",10.1428571428571,2,-13.0885157209085,60.4406256541795,15.9789286539458,0.489590539221268,24.6275309003251,14109999.6566772,3517242477.2548,0.401166531677112,0,0.229956471648004,94073205.4,2.67462951469368,0.229956471648004,40.5441861780561,NA,NA,NA,0,1,0,0
"KNA",2011,"ST. KITTS AND NEVIS",281,12,"current_Combined_ISO",23.4166666666667,1,NA,NA,NA,NA,NA,-389999.985694885,836092592.592593,-0.0466455496855385,0,0,NA,0,0,NA,0.00659375773280658,0.0966496001817182,0.103243357914525,NA,NA,0,0
"LAO",1993,"lao people's dem. rep.",57,16,"historical_DSV_MONA",3.5625,1,-9.70557348403309,149.630603542765,NA,2.13974250673503,3.50595117487936,NA,1327748689.88094,NA,0.616821696938326,0,36227643.7,2.72850155877379,0.616821696938326,21.4616192640886,NA,NA,NA,0,1,0,0
"LAO",2001,"lao people's dem. rep.",87,12,"historical_DSV_MONA",7.25,2,-10.1531191328383,149.169270500604,13.5436071724261,2.59831096750951,6.18550228637202,4519999.98092651,1768619058.34647,0.255566621856511,-0.201550412067407,0,49211033.4,2.78245522503917,-0.201550412067407,27.8731588735049,NA,NA,NA,0,0,0,0
"LBR",2008,"liberia",25,12,"historical_DSV_MONA",2.08333333333333,1,NA,201.789268647855,NA,59.6714042326353,5.08917627929797,275989990.234375,1.726e+09,15.9901500715165,17.5266040440324,13.09554297219,890329969.5,51.5834281286211,30.6221470162225,NA,NA,NA,NA,0,0,0,0
"LBR",2012,"LIBERIA",341,20,"current_Combined_ISO",17.05,2,NA,19.257770781185,NA,0.185700964246352,117.864747909303,175050003.051758,2791614000,6.27056616895309,0.648653216383067,0,266654086.9,9.5519683917619,0.648653216383067,NA,NA,NA,NA,0,1,0,0
"LBR",2019,"LIBERIA",206,16,"current_Combined_ISO",12.875,3,NA,42.699944211321,NA,1.28941622741146,23.4577197505084,182504470.825195,3319596500,5.4977907955137,0.272332911545123,0,396297069.6,11.9381096347101,0.272332911545123,NA,NA,29.3580325518457,NA,0,0,0,0
"LBR",2024,"LIBERIA",112,5,"current_Combined_ISO",22.4,4,NA,50.457044003161,NA,3.12403152349008,16.4543194672274,NA,4779300900,NA,-0.557326321512839,0,680446587.8,14.2373665529199,-0.557326321512839,NA,NA,NA,NA,NA,1,0,0
"LKA",2001,"sri lanka",44,5,"historical_DSV_MONA",8.8,1,-6.23622457897482,57.8751303065509,22.0011681130711,4.80952401043364,15.1634599878144,-9689999.5803833,15749753804.8344,-0.0615247685802488,0,0.382742045666115,303397243.1,1.92636181402958,0.382742045666115,37.3311884768914,0.42870794782658,0.300083134964803,0.728791082791383,1,0,0,0
"LKA",2003,"sri lanka",24,12,"historical_DSV_MONA",2,2,-6.02924166569729,57.3262074199874,20.0384314018134,3.26506862416402,21.7581848372383,-8550000.19073486,18881765437.2151,-0.0452817837355568,0,0.271584816422565,498584542.2,2.64056104212222,0.271584816422565,34.6535028324228,0.0186247651649952,2.85516105965057,2.87378582481557,0,0,0,0
"LKA",2009,"SRI LANKA",186,12,"current_Combined_ISO",15.5,3,-6.49240904325756,46.9067288289757,23.730516434061,3.42232055574493,27.4484977933376,32310001.373291,42066224093.0065,0.0768074674395664,0,1.28558589642921,1341224960.9,3.18836546378542,1.28558589642921,21.328366243783,0.0294628619921436,1.41195321485931,1.44141607685145,0,0,0,0
"LKA",2016,"SRI LANKA",307,16,"current_Combined_ISO",19.1875,4,-6.82346493974014,54.3824177664107,30.0891002437269,3.87298310292531,12.8757962849015,3232402.08625793,88000210878.1236,0.00367317538674386,0,-0.138195180314315,1085545207.1,1.23357114291855,-0.138195180314315,19.824036042668,1.60024589595184,0.597589673351454,2.19783556930329,0,1,0,0
"LKA",2023,"SRI LANKA",352,11,"current_Combined_ISO",32,5,-2.14861138509101,74.5886504230503,18.1649171368563,3.5055807270661,7.27580860908277,101450851.44043,84080307355.5983,0.120659467872027,0,0.601208401584586,2853755333.1,3.39408289866342,0.601208401584586,20.5995283672112,3.22549312462179,0.599148181330232,3.82464130595202,0,0,0,0
"LSO",1994,"lesotho",30,3,"historical_DSV_MONA",10,1,NA,51.5573454870473,NA,2.46482871949994,59.8536548979861,5e+06,878250945.280469,0.569313363893193,0,0.443192918939243,40340033.8,4.59322406844862,0.443192918939243,NA,NA,NA,NA,0,1,0,0
"LSO",1995,"lesotho",27,4,"historical_DSV_MONA",6.75,2,NA,51.1041039479169,NA,3.05178501576933,66.7398581235461,1.1e+07,1001894000.27846,1.09792053819493,0,-0.274403709298179,38382658.6,3.83100992613312,-0.274403709298179,NA,NA,NA,NA,0,0,0,0
"LSO",1996,"lesotho",38,4,"historical_DSV_MONA",9.5,3,NA,55.3598046402899,NA,3.01130509712973,65.671159433529,3e+06,946112492.844847,0.317087029575031,0,-0.359220370273384,33764739.4,3.56878697357367,-0.359220370273384,NA,NA,NA,NA,0,0,0,0
"LSO",2001,"lesotho",117,13,"historical_DSV_MONA",9,4,NA,57.301673167109,NA,5.75607798887767,56.470925217347,1669999.95708466,825706961.238689,0.20225092381193,0,0.555363999005261,19948075.3,2.41587830022346,0.555363999005261,NA,0.0170708075774557,0.0525032217130086,0.0695740292904643,0,0,0,0
"LSO",2010,"LESOTHO",122,14,"current_Combined_ISO",8.71428571428571,5,-65.8499176250898,27.4384612861811,29.3520153599159,1.2148250487108,188.561318067165,57229999.5422363,2234754241.91918,2.5609079722828,0,0.198017491901019,78815941.8,3.52682815504195,0.198017491901019,42.1262589311215,0.0769376796124365,0.442932312242704,0.51986999185514,0,0,0,0
"LTU",1993,"lithuania",39,6,"historical_DSV_MONA",6.5,1,NA,NA,NA,NA,NA,2.4e+07,NA,NA,NA,NA,NA,NA,NA,NA,NA,NA,NA,0,1,0,0
"LTU",1994,"lithuania",132,12,"historical_DSV_MONA",11,2,NA,NA,NA,NA,NA,1.5e+07,NA,NA,NA,NA,NA,NA,NA,NA,15.8644481700749,2.45533594652168,18.3197841165966,0,0,0,0
"LTU",2000,"lithuania",55,5,"historical_DSV_MONA",11,3,-6.17683498560436,NA,19.106143781843,NA,NA,2039999.96185303,11550695727.2335,0.0176612734853992,0,0,NA,0,0,38.5073296446036,20.8549209883702,2.07666716802062,22.9315881563908,1,0,0,0
"LTU",2001,"lithuania",50,6,"historical_DSV_MONA",8.33333333333333,4,-5.46122201968278,NA,20.5013949501313,NA,NA,-1190000.05722046,12260761329.3051,-0.00970575990559556,0,0,NA,0,0,44.0129576744504,23.1440094567078,1.80172877949119,24.945738236199,0,1,0,0
"LVA",1993,"latvia",49,5,"historical_DSV_MONA",9.8,1,NA,NA,NA,NA,NA,1e+06,NA,NA,NA,NA,NA,NA,NA,NA,NA,NA,NA,1,0,0,0
"LVA",1995,"latvia",30,4,"historical_DSV_MONA",7.5,2,-4.89500762369561,NA,14.1892283640129,NA,NA,1e+06,5608208784.9401,0.0178310051987603,0,0,NA,0,0,35.677496823884,1.74777814455668,0.937321931933965,2.68510007649065,1,0,0,0
"LVA",1996,"latvia",64,5,"historical_DSV_MONA",12.8,3,-9.28118868222216,NA,18.135660092583,NA,NA,4e+06,5799465288.41246,0.0689718758726282,0,0,NA,0,0,41.6403177406518,2.01828921418558,0.940917484443665,2.95920669862925,0,1,0,0
"LVA",1997,"latvia",51,6,"historical_DSV_MONA",8.5,4,-9.29301258783256,NA,17.5665492549178,NA,NA,2e+06,6349481006.53278,0.0314986374152827,0,0,NA,0,0,40.8165714994491,1.04821910340229,2.14568575355084,3.19390485695313,0,0,0,0
"LVA",1999,"latvia",61,5,"historical_DSV_MONA",12.2,5,-10.089006076132,NA,22.9011615541372,NA,NA,3809999.94277954,7324192889.74297,0.0520193828881157,0,0,NA,0,0,36.0307753713725,2.94565294258538,4.15960840031026,7.10526134289564,0,1,0,0
"LVA",2001,"latvia",34,7,"historical_DSV_MONA",4.85714285714286,6,-10.5839917788826,NA,27.1694812879386,NA,NA,1710000.03814697,8190888739.6463,0.0208768558883002,0,0,NA,0,0,38.7964180197711,1.37853759635479,5.31285377079389,6.69139136714868,0,0,0,0
"MDA",1993,"moldova",56,5,"historical_DSV_MONA",11.2,1,NA,11.631849241073,NA,0.0836836994531666,27.4935546865865,NA,2371813323.57343,NA,0,3.70909153033419,86534277,3.64844383577479,3.70909153033419,NA,NA,NA,NA,0,0,0,0
"MDA",1995,"moldova",46,4,"historical_DSV_MONA",11.5,2,-7.76433840068583,40.0696116828985,15.9542665070917,4.07738057010156,36.9713840304354,NA,1752999370.46158,NA,0,3.66975997732738,230182978.2,13.1308078073862,3.66975997732738,60.1260240612434,0.874796691513729,2.97331189947997,3.8481085909937,0,1,0,0
"MDA",1996,"moldova",189,16,"historical_DSV_MONA",11.8125,3,-18.5810257103438,48.3186934835135,19.7484034112201,4.80232421932797,36.8024876415556,NA,1695122173.91304,NA,0,1.49338943762166,247743257.4,14.6150679409795,1.49338943762166,55.3282551648836,0.00555187219967975,0.658998505075369,0.664550377275049,0,0,0,0
"MDA",2000,"moldova",66,12,"historical_DSV_MONA",5.5,4,-26.9628725087172,136.193940391912,15.4340587923837,11.6333930470562,12.0802796104173,3.5e+07,1288429391.79951,2.7164856858098,0,-0.961385705638069,307508358.3,23.8669158168235,-0.961385705638069,49.6001138108804,0.0904257523649786,1.45654637215288,1.54697212451786,0,0,0,0
"MDA",2006,"moldova",84,12,"historical_DSV_MONA",7,5,-46.6420900925057,68.8263439205978,28.3583478571748,8.96739865899911,29.5746666710747,23889999.3896484,3408255450.5509,0.700945094528842,0,1.16529502780023,318163415.2,9.33508124071431,1.16529502780023,45.256336863744,0.324050217151906,4.98885136775403,5.31290158490594,0,1,0,0
"MDA",2010,"MOLDOVA",144,13,"current_Combined_ISO",11.0769230769231,6,-32.2786257669851,63.1599967281012,22.5242792157291,5.27250942266619,36.3551689883271,20409999.8474121,6974982369.60155,0.292617224903151,0,2.5039795636068,508723618.6,7.29354701765449,2.5039795636068,27.8296130640861,0.335665843311511,4.08749205259118,4.42315789590269,1,1,0,0
"MDA",2016,"MOLDOVA",394,14,"current_Combined_ISO",28.1428571428571,7,-23.2716858489181,73.7875330771683,22.2296027518614,5.14865119522897,35.4765241499818,26852066.0400391,7980917075.7748,0.336453389818391,0,-0.462306811982732,573775582.6,7.18934399583768,-0.462306811982732,32.8664989349745,0.0593215893309068,1.26264239762192,1.32196398695283,0,0,0,0
"MDA",2021,"MOLDOVA",251,16,"current_Combined_ISO",15.6875,8,-27.173311114547,64.9616495706485,24.0883884467141,5.0423960657586,43.0316046101033,41081451.4160156,13691869264.0794,0.300042679517783,0,0.227462416557729,911954350.8,6.66055403547061,0.227462416557729,30.6487877126898,0.084563556459401,3.80559688805376,3.89016044451316,1,0,0,0
"MDG",1996,"madagascar",50,16,"historical_DSV_MONA",3.125,1,-1.83273703868657,86.9302334296664,9.52611618731957,1.7352506813034,5.81023803501995,3.3e+07,4931861038.70763,0.669118609405254,0,0.0568720139920041,73078566.6,1.48176451093095,0.0568720139920041,17.024861564074,3.24222477644898,15.5273823514809,18.7696071279299,0,0,0,0
"MDG",2001,"madagascar",81,16,"historical_DSV_MONA",5.0625,2,-0.894627252779893,78.1232609671663,14.5092173370671,1.26497856256338,9.52019229980757,37159999.8474121,5438332601.90798,0.683297668009031,0,0.517094893941094,151616934.1,2.78793051470973,0.517094893941094,20.070249419803,1.16599282715189,1.26899268046265,2.43498550761454,0,0,0,0
"MDG",2006,"madagascar",69,12,"historical_DSV_MONA",5.75,3,-7.12901137459279,24.4369416539954,20.3112680040621,0.971396581345625,38.1916091358978,61130001.0681152,6395712490.94304,0.955796577076929,0,0.180736349802609,57880285.6,0.904985733520139,0.180736349802609,27.4869137812158,5.51020605465603,3.60694833869441,9.11715439335044,0,0,0,0
"MDG",2016,"MADAGASCAR",241,15,"current_Combined_ISO",16.0666666666667,4,-2.64955961603378,26.0181703262019,18.9772554208421,1.07516935412392,39.7637876951396,116175155.639648,11848613858.442,0.980495752732076,0,0.24428003938518,300807674.5,2.53875835683242,0.24428003938518,29.0925694335543,2.55520071174556,24.9275155512368,27.4827162629824,0,0,0,0
"MDG",2021,"MADAGASCAR",180,14,"current_Combined_ISO",12.8571428571429,5,-9.03259439246039,37.9205140933986,23.2321902184147,1.19444935916537,43.6790686321069,153455261.230469,14354731964.3258,1.06902212881323,0,0.33262321385492,1304054763.3,9.08449399501726,0.33262321385492,23.091632100144,1.17584586276708,31.3612347027315,32.5370805654986,0,0,0,0
"MDG",2024,"MADAGASCAR",81,6,"current_Combined_ISO",13.5,6,-9.5211854361041,39.2117046150763,20.4410737587017,1.70883055567838,41.85063947352,NA,17592832696.1336,NA,0,-0.0520678600099071,1296946238.3,7.37201484662008,-0.0520678600099071,24.0079179466347,2.55012561538512,32.8646357716195,35.4147613870046,NA,0,0,0
"MDV",2009,"MALDIVES",24,12,"current_Combined_ISO",2,1,NA,66.16301742836,NA,4.70218163054019,18.8737224967609,-50000.0007450581,2345294875,-0.002131928111814,0,0.202240394184974,20895909.4,0.890971520159059,0.202240394184974,NA,0.0723389608650904,2.26226896637579,2.33460792724088,1,0,0,0
"MEX",1995,"mexico",49,8,"historical_DSV_MONA",6.125,1,2.06602211605181,45.4530367262507,16.2136300913179,7.14862688850772,10.2232027981104,3e+06,380157469866.849,0.000789146666261946,0,3.19440801527677,15828245234.3,4.16360231980813,3.19440801527677,22.8659269211958,10.2531586675514,2.87546156701292,13.1286202345643,0,1,0,0
"MEX",1999,"mexico",50,6,"historical_DSV_MONA",8.33333333333333,2,-1.17853107803576,30.0607831007405,20.8990237565587,5.75028759126384,17.1246052111051,11939999.5803833,631249359702.389,0.00189148700063832,0,-0.583204923682724,4871348033.3,0.771699481104688,-0.583204923682724,23.4168592490374,7.13956980803485,1.45461516317471,8.59418497120956,0,0,0,0
"MKD",1995,"macedonia (fyr)",47,4,"historical_DSV_MONA",11.75,1,-9.27592801341476,25.8937829018732,15.7180431941944,0.677231661614095,22.7626973796993,1e+06,4707041315.24202,0.0212447678494316,0,0.775566829672558,56615945.1,1.20279261022567,0.775566829672558,31.3839303239845,0.401984788426301,17.7163109954453,18.1182957838716,0,1,0,0
"MKD",1997,"macedonia (fyr)",60,12,"historical_DSV_MONA",5,2,-24.8523911010257,31.920319629172,16.4752661463843,3.10579794180449,22.7633707723092,NA,3912986090.97363,NA,0,0.629212630139296,88089831.4,2.25121759576921,0.629212630139296,23.4909339016574,0.449480505386375,10.2412157143296,10.690696219716,0,0,0,0
"MKD",2000,"macedonia (fyr)",52,12,"historical_DSV_MONA",4.33333333333333,3,-14.2664671862809,39.9114647653868,20.2967270738319,3.74841883659754,31.1402099874487,37290000.9155273,3772859034.20508,0.988375144087091,0,-0.412077733598008,92108823.7,2.44135343687461,-0.412077733598008,32.9468400859053,4.76462481642627,8.81660699540084,13.5812318118271,0,0,0,0
"MKD",2003,"macedonia (fyr)",60,5,"historical_DSV_MONA",12,4,-15.7565855582931,38.2041931695784,20.0737642076116,4.9910714750442,50.0721997872396,69839996.3378906,4946296599.08467,1.41196539550044,0,-0.100958684946716,80799164,1.63352848704932,-0.100958684946716,27.6563674663372,5.41118476069355,4.67499102445679,10.0861757851503,0,1,0,0
"MKD",2005,"macedonia (fyr)",147,12,"historical_DSV_MONA",12.25,5,-16.2258021637429,48.4285306586504,19.0373062471024,4.46490172249526,45.0117519839887,43659999.8474121,6258602872.67898,0.697599779624994,0,0.076102355380175,74142944,1.18465647219222,0.076102355380175,34.8076006574873,8.01509431727616,3.02525615728899,11.0403504745651,0,0,0,0
"MKD",2011,"NORTH MACEDONIA, REPUBLIC OF",1,8,"current_Combined_ISO",0.125,6,-18.9434838620725,58.0429260072242,23.529145644203,9.26836355350091,44.585201630204,19159999.8474121,10494626767.6445,0.182569616543996,0,2.95983297812618,403187811.2,3.84184993070025,2.95983297812618,47.1242131386987,8.7114019281988,5.90499182810197,14.6163937563008,1,0,0,0
"MKD",2022,"NORTH MACEDONIA, REPUBLIC OF",10,8,"current_Combined_ISO",1.25,7,-20.5765582954696,87.2903420648887,24.0204439739046,8.11209599737195,35.3972281471178,17475782.3944092,13932436550.0883,0.125432348689206,0,0.80857459565668,565033677,4.05552664796754,0.80857459565668,72.785399542204,4.38877249744942,4.62489506666878,9.0136675641182,0,0,0,0
"MLI",1992,"mali",40,15,"historical_DSV_MONA",2.66666666666667,1,-13.9376009015486,102.729883509804,22.0179715923747,1.5920532900768,NA,3e+07,3680775036.92681,0.815045736265586,0,0.213007782908301,65356500,1.77561788874139,0.213007782908301,12.0182170230674,NA,NA,NA,1,0,0,0
"MLI",1996,"mali",40,12,"historical_DSV_MONA",3.33333333333333,2,-10.9575775953217,110.108836839137,27.6842588585102,3.15260857711462,NA,5e+06,3743103419.72181,0.133578996873445,0,0.60466746605901,164843423.8,4.40392383847763,0.60466746605901,14.0179595846258,0,0.0256903235741376,0.0256903235741376,0,0,0,0
"MLI",1999,"mali",66,16,"historical_DSV_MONA",4.125,3,-7.24973153675573,94.754715438508,16.4518502775225,2.63294864968308,NA,34180000.3051758,4091446054.14913,0.835401465711956,0,0.284076489001078,215272697.2,5.26153087077104,0.284076489001078,16.6447857153142,0.00266405782726133,0.0223648173887448,0.0250288752160061,0,0,0,1
"MLI",2004,"mali",70,14,"historical_DSV_MONA",5,4,-6.39053594766842,47.3115599857406,21.3355187414397,1.56052556983051,NA,45500000,6485774930.41503,0.701535290511359,0,-0.248770120349636,169507935.5,2.6135340390104,-0.248770120349636,18.8107813475157,0.372089212769545,0.0545558717550678,0.426645084524613,0,0,0,0
"MLI",2008,"mali",11,12,"historical_DSV_MONA",0.916666666666667,5,-12.3078028385405,17.0708601515094,21.7931833848719,0.619978841631647,NA,53270000.4577637,11462490840.2195,0.46473319979328,0,0.248094348745019,64540393.5,0.563057317991838,0.248094348745019,20.6676082350038,1.49126725513355,0.195917061532098,1.68718431666565,0,1,0,0
"MLI",2011,"MALI",8,4,"current_Combined_ISO",2,6,-6.87842614491219,19.3256703955007,22.1785284648164,0.469813705509767,NA,260540008.544922,15452791788.9356,1.68603843307765,0,0.290481166853876,229811161,1.48718214895348,0.290481166853876,18.1515218842836,0.0326582678800252,0.756622607919208,0.789280875799233,0,0,0,0
"MLI",2013,"MALI",272,20,"current_Combined_ISO",13.6,7,-12.6466348679377,22.7159140936048,24.811057653999,0.722159735800239,NA,158460006.713867,15747192680.9971,1.006274641607,0,0.242241166236778,276568115,1.75630107919965,0.242241166236778,20.9783045590306,NA,NA,NA,1,0,0,0
"MLI",2019,"MALI",61,12,"current_Combined_ISO",5.08333333333333,8,-10.5442622808719,25.264051034063,24.0416131193112,1.15261361389332,NA,222185348.510742,20477421884.5414,1.08502598502633,0,0.0418335684457763,446739781.3,2.1816212207712,0.0418335684457763,21.7272254994959,0.731289909733974,0.15758018951255,0.888870099246524,0,0,0,0
"MNG",1993,"mongolia",42,12,"historical_DSV_MONA",3.5,1,-11.0776798376727,52.2728110287999,19.6653976082182,3.45416906253729,17.0328873218347,NA,768401634.154573,NA,0,1.68551702967808,31626217.9,4.11584469556685,1.68551702967808,59.3321899354297,NA,NA,NA,0,1,0,0
"MNG",1997,"mongolia",118,12,"historical_DSV_MONA",9.83333333333333,2,5.34124116332082,51.8599222038608,23.0401284783969,5.38780300005454,33.0520582903145,1.2e+07,1180934202.83801,1.01614467352726,0,0.575636194096452,47554314.8,4.02683864060486,0.575636194096452,52.6663450827481,0.0564053520173504,59.6657409885764,59.7221463405938,0,1,0,0
"MNG",2001,"mongolia",66,16,"historical_DSV_MONA",4.125,3,-15.1816448948706,74.7427449434986,21.5375323628587,3.69137073546605,21.8281487677376,12739999.7711182,1267997934.3125,1.00473347995048,0,-0.131526334142196,108120364,8.52685647777669,-0.131526334142196,50.3183409920047,0.73354422821076,33.9628085015687,34.6963527297795,0,1,0,0
"MNG",2009,"MONGOLIA",76,6,"current_Combined_ISO",12.6666666666667,4,-7.25775851045827,68.0906140732509,28.888994389193,2.83126295779082,44.4148375951545,34930000.3051758,4583850367.88972,0.762023135612444,0,3.46891541255095,258357019.3,5.63624461020399,3.46891541255095,50.2779993278591,NA,NA,NA,0,1,0,0
"MNG",2017,"MONGOLIA",199,12,"current_Combined_ISO",16.5833333333333,5,2.40045666608742,301.213847625128,22.3489597718333,37.4514331586045,10.1448658964212,13500929.8324585,11480847740.736,0.117595234579716,0,1.01301736358141,188875802.7,1.64513812015672,1.01301736358141,59.1666792670253,42.8047609310714,38.5693760214141,81.3741369524855,0,1,0,0
"MOZ",1994,"mozambique",22,6,"historical_DSV_MONA",3.66666666666667,1,-37.716142038566,255.628159508017,NA,4.36318336930794,2.45740283770492,7.3e+07,2958108170.32061,2.46779346111904,0.357276370284138,0,212028607.3,7.16770973513858,0.357276370284138,10.5130414490251,9.00553126353086,1.76183245211219,10.7673637156431,1,0,0,0
"MOZ",1996,"mozambique",63,12,"historical_DSV_MONA",5.25,2,-27.3232729363167,190.909281946399,NA,3.57287586998327,4.57680622715176,4.5e+07,4030146134.5706,1.11658482093217,-0.356520977657573,0,181021912.1,4.49169598459951,-0.356520977657573,11.8530098126603,1.19335648096955,3.95868810403167,5.15204458500122,0,0,0,0
"MOZ",1999,"mozambique",105,16,"historical_DSV_MONA",6.5625,3,-27.7595787815077,118.836795216164,NA,1.84929076792929,9.16888576051953,70589996.3378906,6285219691.22462,1.12311104155115,0.183248122831422,0,348971713.4,5.55225959543199,0.183248122831422,8.88401717701669,25.1558681048893,1.65775920871146,26.8136273136008,1,0,0,0
"MOZ",2004,"mozambique",85,12,"historical_DSV_MONA",7.08333333333333,4,-19.302773333095,77.1132943367781,NA,4.58322803516197,19.3590661440903,109959999.084473,7937255565.35765,1.38536548532463,-0.0847690583300101,0,366320979.7,4.61520958577694,-0.0847690583300101,26.3746134140712,12.4214437884527,61.5258863677345,73.9473301561872,1,0,0,0
"MOZ",2007,"mozambique",36,12,"historical_DSV_MONA",3,5,-9.47870244609904,55.588850001753,NA,11.6142117373203,26.8270251264371,153380004.882813,10811456005.9405,1.41868037754153,0.0461613171922245,0,187382973,1.73318906257436,0.0461613171922245,28.3208398689763,15.4818802550736,63.9600174907897,79.4418977458633,0,0,0,0
"MOZ",2010,"MOZAMBIQUE",118,13,"current_Combined_ISO",9.07692307692308,6,-15.1008877934758,101.617142296998,NA,1.71970349082749,20.1684538808784,267489990.234375,11411894723.864,2.34395774502733,0.187708012721195,0,357311686.7,3.1310461176338,0.187708012721195,29.3682327373567,19.6535941900502,54.4350322992141,74.0886264892643,0,1,0,0
"MOZ",2013,"MOZAMBIQUE",133,12,"current_Combined_ISO",11.0833333333333,7,-53.3977620574877,169.070905618775,NA,3.19719967032232,11.5721008393731,541169982.910156,17198073057.1981,3.1466896384863,-0.0172135017112336,0,350562416.9,2.03838194973404,-0.0172135017112336,27.9938072708211,33.4629142605243,31.0274419767266,64.4903562372509,0,0,0,0
"MOZ",2015,"MOZAMBIQUE",3,6,"current_Combined_ISO",0.5,8,-33.6166165854096,241.615881289574,NA,5.71995457886466,6.715252281864,301557525.634766,16208985769.615,1.86043426726957,0.536154627039716,0,398591543.4,2.45907763178613,0.536154627039716,32.5722935328402,31.0071856421793,38.1666974909423,69.1738831331216,0,1,0,0
"MOZ",2022,"MOZAMBIQUE",110,12,"current_Combined_ISO",9.16666666666667,9,-35.6243646579796,379.630335980732,NA,32.5357861987114,4.43318049163302,527947814.941406,18884232598.8698,2.79570701206573,0.670868681778375,0,1026788554.2,5.43727974554524,0.670868681778375,49.8250852205079,50.7186898345651,30.4675661590987,81.1862559936638,0,0,0,1
"MRT",1992,"mauritania",68,8,"historical_DSV_MONA",8.5,1,2.41600696075958,100.147820011299,39.3856672228845,4.13799207218767,3.0947504672592,2e+06,2164298425.48412,0.092408698192932,0,0.164792750297464,57776125,2.66950824894106,0.164792750297464,22.3719635407048,NA,NA,NA,1,0,0,0
"MRT",1995,"mauritania",81,12,"historical_DSV_MONA",6.75,2,9.55598615726965,118.496728411867,38.8245673019443,5.79375498614242,3.76078008241516,1e+06,2091726101.43014,0.0478074064915233,0,0.603275170270731,99794020.4,4.77089329868617,0.603275170270731,41.4864632067243,NA,NA,NA,0,0,0,0
"MRT",1999,"mauritania",183,14,"historical_DSV_MONA",13.0714285714286,3,-3.87856596315966,124.025762600086,28.8193727516557,5.25475087647938,1.54481152297537,2809999.94277954,1985922775.53351,0.141495932137877,0,-0.0488865283162476,119894235.2,6.03720530712937,-0.0488865283162476,22.5691860382982,NA,NA,NA,0,0,0,0
"MRT",2003,"mauritania",18,12,"historical_DSV_MONA",1.5,4,-17.0684799822981,109.949676021768,47.55897247437,2.60951978816297,1.37239206300779,27719999.3133545,2051147606.73687,1.35143854212685,0,-0.331023236830904,118724545.1,5.78820094224601,-0.331023236830904,19.1247721754728,NA,57.9052255149375,NA,0,0,0,0
"MRT",2006,"mauritania",39,12,"historical_DSV_MONA",3.25,5,1.9397054417611,40.5726487426479,36.396607225657,2.39306394721585,12.4666201243683,12180000.3051758,3919577285.92703,0.310747803057928,0,-0.585548198842871,14622768,0.373070026007703,-0.585548198842871,42.3641033273967,NA,NA,NA,1,0,0,0
"MRT",2010,"MAURITANIA",188,13,"current_Combined_ISO",14.4615384615385,6,-1.94204890803756,63.9658175195976,33.2788670078419,2.0496076029163,8.09372148959162,7429999.82833862,5628878797.98257,0.131997864850129,0,0.598566629504896,144848062.2,2.57330220455119,0.598566629504896,45.7393481127116,14.4296063553899,35.3547808620966,49.7843872174865,0,0,0,0
"MRT",2017,"MAURITANIA",309,13,"current_Combined_ISO",23.7692307692308,7,-9.80362512319905,78.1837937696366,30.2739569009753,4.78193359803271,16.6726937282476,10375260.3530884,6812472965.33868,0.152298004056338,0,0.128465924848847,199723433.1,2.93173175315597,0.128465924848847,34.5056775300947,NA,41.0389802400417,NA,0,0,0,0
"MRT",2023,"MAURITANIA",204,12,"current_Combined_ISO",17,8,-15.3512628847147,43.0383110395313,24.0052077930904,3.67116573826965,NA,32246482.8491211,10687541640.1299,0.301720301402533,0,0.326137059144841,595950841.2,5.57612649631517,0.326137059144841,38.4070908149798,0.479637265150761,38.0527188819004,38.5323561470512,1,0,0,0
"MWI",1994,"malawi",25,3,"historical_DSV_MONA",8.33333333333333,1,NA,117.512385843929,NA,4.62821683372026,2.3609685712155,2.8e+07,1719864761.30628,1.62803498449107,0,1.1886221091287,112255162.2,6.52697611611854,1.1886221091287,NA,0.0203903138247864,0.196309510528951,0.216699824353737,1,0,0,0
"MWI",1995,"malawi",64,17,"historical_DSV_MONA",3.76470588235294,2,NA,110.08383795428,NA,5.80401560001663,5.13547528063439,5.8e+07,2033701497.97085,2.85194263061075,0,0.0839303212247752,115975950.7,5.70270272287828,0.0839303212247752,NA,0.079504643346318,0.126760791134715,0.206265434481033,0,1,0,0
"MWI",2000,"malawi",70,16,"historical_DSV_MONA",4.375,3,NA,107.782579493177,NA,2.52232825247985,9.07548602464112,59319999.6948242,2537307580.32808,2.33791126289679,0,-0.0229771197043685,96841391.6,3.81669894303781,-0.0229771197043685,NA,0.175344633661665,0.216157815910987,0.391502449572652,0,1,0,0
"MWI",2005,"malawi",71,12,"historical_DSV_MONA",5.91666666666667,4,NA,60.5239315129805,NA,1.44244816102074,5.16994161628928,56340000.1525879,5320409651.47544,1.05894101851657,0,-0.122148840516402,90871557.4,1.70798046302318,-0.122148840516402,NA,0.0204440152807278,0.195519483895518,0.215963499176246,0,1,0,0
"MWI",2010,"MALAWI",26,12,"current_Combined_ISO",2.16666666666667,5,NA,10.1861815496722,NA,0.206029062471114,31.8727218660653,118129997.253418,10128323010.6049,1.16633323334702,0,0.20911599460072,248247656.8,2.4510242864497,0.20911599460072,NA,0.194092632314477,9.78759288872105,9.98168552103553,0,1,0,0
"MWI",2012,"MALAWI",299,20,"current_Combined_ISO",14.95,6,NA,15.4152516993896,NA,0.329779077876504,18.3682388432475,179830001.831055,8773203178.16512,2.04976447232658,0,0.408574988770485,282957152.3,3.22524335244199,0.408574988770485,NA,0.0920461716617677,10.9638195846174,11.0558657562792,0,0,0,0
"MWI",2018,"MALAWI",151,12,"current_Combined_ISO",12.5833333333333,7,-20.2332107868281,23.7046530017529,NA,0.885676278566445,33.8151640446414,442083892.822266,9879220354.29186,4.47488644820247,0,0.0271474965009245,314065770.5,3.17905420910628,0.0271474965009245,11.6727813510859,0.0658028178635877,0.520621161876729,0.586423979740317,0,0,0,0
"MWI",2023,"MALAWI",27,6,"current_Combined_ISO",4.5,8,-19.9475956201911,29.1854366990484,NA,1.14267840980968,NA,431212493.896484,13363669672.9405,3.22675211562305,0,0.0399905170570119,714608098.3,5.34739420974299,0.0399905170570119,11.2450363894528,0.000145544242795096,1.20089218272746,1.20103772697026,0,0,0,0
"NER",1994,"niger",30,4,"historical_DSV_MONA",7.5,1,-7.36046482450589,79.2162012575089,10.0086967702243,3.39689922979546,NA,1.9e+07,1938058175.21399,0.980362728167441,-0.373522126042512,0.6713792375486,60986691.6,3.14679365046749,0.297857111506089,13.1410318962769,NA,NA,NA,0,1,0,0
"NER",1996,"niger",64,12,"historical_DSV_MONA",5.33333333333333,2,-5.94814871996977,63.2532212899216,10.9699988705018,2.29509903026208,NA,1.2e+07,2405686940.0464,0.49881802159048,0.0948671276386437,0,52640840.8,2.18818333855962,0.0948671276386437,15.2959244617616,0.00015434614730999,64.2194446984041,64.2195990445514,1,0,0,0
"NER",2000,"niger",70,14,"historical_DSV_MONA",5,3,-6.03337330123339,73.6636960994648,12.8987592824872,1.13688089944176,NA,5269999.98092651,2241753192.81158,0.235083861944541,0.418456573635332,0,86212251.8,3.84575126630571,0.418456573635332,14.3397037015635,1.63998403949572,40.6733327252818,42.3133167647775,0,1,0,0
"NER",2005,"niger",85,14,"historical_DSV_MONA",6.07142857142857,4,-9.52490978478154,42.1240585306703,18.2210881945706,0.869406228501025,NA,29200000.7629395,4383315964.58718,0.666162352859031,0.275628921063596,0,141087529.5,3.21873966284535,0.275628921063596,14.411416011146,2.12115926909511,31.3150221527887,33.4361814218838,0,1,0,0
"NER",2008,"niger",12,12,"historical_DSV_MONA",1,5,-13.3502248604339,12.3261794013539,25.5219399888777,0.376578704333881,NA,45860000.6103516,7297600226.00536,0.628425772720835,0.162893022800003,0,65167283.4,0.892996072431772,0.162893022800003,13.1805095968022,1.52450199726818,43.11064435735,44.6351463546182,0,0,0,0
"NER",2012,"NIGER",235,19,"current_Combined_ISO",12.3684210526316,6,-12.884810329173,18.3017222078689,28.8051401650125,0.425763568710844,NA,100330001.831055,9426912647.59111,1.06429332255129,0.114924114659834,0,163620047.2,1.73566949558836,0.114924114659834,16.1005770719535,18.2797186370485,0.0709574206197524,18.3506760576683,0,1,0,0
"NER",2017,"NIGER",354,15,"current_Combined_ISO",23.6,7,-12.694473370089,26.1671298879706,29.6961017300787,1.14694716128081,NA,76497001.6479492,11359273443.3897,0.673432170016693,0.285447118265023,0,286917475.7,2.5258435509092,0.285447118265023,13.1677111332678,30.1595141410696,33.6473206443165,63.8068347853861,0,1,0,0
"NER",2021,"NIGER",375,16,"current_Combined_ISO",23.4375,8,-15.9217160471375,32.7020935952753,32.5491562948378,1.54079855713126,NA,261399230.957031,14936154253.3242,1.7501106812609,0.182790043788706,0,687211771.1,4.60099540647857,0.182790043788706,11.0621894157621,32.8874566845561,25.9041815242586,58.7916382088147,0,0,1,1
"NGA",2000,"nigeria",58,4,"historical_DSV_MONA",14.5,1,NA,NA,NA,NA,30.1347825661827,32529998.7792969,69171451627.2465,0.047028070127248,0,0,204758821.1,0.296016371325285,0,NA,99.6350330189836,0.00870537097689142,99.6437383899605,0,1,0,0
"NGA",2005,"nigeria",70,8,"historical_DSV_MONA",8.75,2,NA,NA,NA,NA,85.0760686893569,98959999.0844727,175670569969.346,0.0563327136137493,0,0,224616926.9,0.127862582183911,0,NA,NA,NA,NA,0,0,0,0
"NIC",1994,"nicaragua",17,12,"historical_DSV_MONA",1.41666666666667,1,-12.8014625545692,366.081767365174,NA,6.19212527453477,1.17676539304972,6e+07,3863185119.04762,1.55312256987549,0,0.663210022571123,50979420.3,1.31962147111831,0.663210022571123,13.1398768688125,1.01017562541799,0.797000884607161,1.80717651002515,0,0,0,0
"NIC",1998,"nicaragua",102,16,"historical_DSV_MONA",6.375,2,-18.3448340386227,143.356423298661,NA,5.76233052089032,5.5604216860117,65480003.3569336,4635347385.5446,1.41262343273632,0,0.492266963014663,51869010.4,1.11898863420149,0.492266963014663,19.3344405147071,0.578691644386838,0.527418263011501,1.10610990739834,0,0,0,0
"NIC",2002,"nicaragua",168,16,"historical_DSV_MONA",10.5,3,-20.3970126389422,128.350102249897,NA,3.13249818813778,7.0369086044675,66720001.2207031,5223727302.54906,1.27724893273325,0,0.0898819794384913,200901708.5,3.84594556461561,0.0898819794384913,18.8471358845682,1.64675180288481,0.551183282742895,2.19793508562771,0,1,0,0
"NIC",2007,"nicaragua",19,12,"historical_DSV_MONA",1.58333333333333,4,-26.8985841445982,56.9156498096097,25.6033444308362,5.54134236844898,26.8200832502841,76529998.7792969,7423375014.75729,1.03093267721433,0,0.245408916615209,115615830.8,1.55745642070031,0.245408916615209,33.0635730423674,0.846082875283833,2.18604355854271,3.03212643382654,0,1,0,0
"NPL",1992,"nepal",40,12,"historical_DSV_MONA",3.33333333333333,1,-9.77596087860739,52.6614471904227,19.171080133897,1.86299479166042,28.8271683753585,1.8e+07,3401211581.29176,0.529223177382094,0,0.199900136686521,43594375,1.28173075852703,0.199900136686521,15.9597261292976,NA,NA,NA,0,1,0,0
"NPL",2003,"nepal",112,16,"historical_DSV_MONA",7,2,-12.8481546265879,50.8284796603353,19.9241819389677,1.82960193694814,40.0291042230548,37799999.2370605,6330473096.54071,0.597111758641172,0,0.108095074343485,23470599,0.370755844659154,0.108095074343485,15.6998644945158,0.00357579146798016,4.29431059801483,4.29788638948281,0,0,0,0
"NPL",2022,"NEPAL",274,16,"current_Combined_ISO",17.125,3,-35.5686197495399,22.1714628607957,28.9800749913167,0.822833201071776,101.474078693782,129034332.275391,41182939519.8161,0.313319869295156,0,0.243503727925364,632511448.6,1.53585794500087,0.243503727925364,6.7023908652401,0.000422001355639369,1.44460468329415,1.44502668464979,1,0,0,0
"PAK",1993,"pakistan",38,4,"historical_DSV_MONA",9.5,1,-6.09512763960827,48.7852418739153,19.1122881213808,4.74145116122923,8.13189121507061,5.4e+07,51809999353.1614,0.10422698450913,0,-0.0107910341050001,1121515821.3,2.16467059506258,-0.0107910341050001,16.2020946178116,0.987440581622179,0.210025151378373,1.19746573300055,1,0,1,1
"PAK",1994,"pakistan",73,12,"historical_DSV_MONA",6.08333333333333,2,-2.74096257255592,54.0252940052037,17.8336110233508,6.77319344892089,13.5703928861133,-5.3e+07,52293470813.1336,-0.101351084898134,0,0.676057624408455,1557417565.5,2.97822565854407,0.676057624408455,16.1583805703018,NA,NA,NA,0,1,1,1
"PAK",1995,"pakistan",113,7,"historical_DSV_MONA",16.1428571428571,3,-2.71281436201513,51.3706485098005,17.0342061458089,5.44984402626809,8.36049477396596,-8.2e+07,60636071684.1918,-0.135233034928577,0,0.0473631051654807,1612773283.6,2.65975885113359,0.0473631051654807,16.709969655752,0.981747319429997,0.162229988621904,1.1439773080519,0,0,0,0
"PAK",1997,"pakistan",349,12,"historical_DSV_MONA",29.0833333333333,4,-4.68835965065445,49.9402691271551,16.342998757985,6.81237740559175,5.96430961552083,-7.6e+07,62433340468.0228,-0.121729831257268,0,-0.0498045228189033,1281173552.3,2.05206632016782,-0.0498045228189033,16.081953225121,0.868591964414218,0.181634423053205,1.05022638746742,1,0,0,0
"PAK",2000,"pakistan",110,3,"historical_DSV_MONA",36.6666666666667,5,-2.20071245725357,33.9620062505144,14.6006779173585,2.94617252282483,6.30545128971275,88459999.0844727,99484802344.5277,0.0889181030667631,0,-0.0894581104878633,1750716258.3,1.75978261708463,-0.0894581104878633,9.62962571560589,1.4399631383441,0.216655999337337,1.65661913768144,0,0,0,0
"PAK",2001,"pakistan",211,12,"historical_DSV_MONA",17.5833333333333,6,-2.32486268372141,34.0673947984518,14.2869087417283,3.16019148260331,13.0353707641788,775640014.648438,97145618479.9038,0.798430260453684,0,0.346046472872621,2020512684.5,2.07988040646216,0.346046472872621,10.6261723730627,2.14415468253663,0.184047332220487,2.32820201475712,0,0,0,0
"PAK",2013,"PAKISTAN",695,12,"current_Combined_ISO",57.9166666666667,7,-6.53527593204511,23.6165694934777,13.2723804456408,2.72944852701981,12.7056244123229,609849975.585938,258657231672.412,0.235775343160832,0,-0.986830584088497,5112541985.8,1.97657028676276,-0.986830584088497,12.1774992040696,2.10463441086617,2.09188614611273,4.1965205569789,1,0,1,1
"PAK",2019,"PAKISTAN",223,16,"current_Combined_ISO",13.9375,8,-10.1238499094978,34.9183625831205,13.7896449690024,3.52164122923967,15.0648827255287,318152282.714844,320909472770.669,0.0991408199851441,0,0.268664668373978,8097223701.1,2.52321118201659,0.268664668373978,9.3908635386027,1.59922046539897,2.7507753083849,4.34999577378387,0,1,0,0
"PAK",2023,"PAKISTAN",58,3,"current_Combined_ISO",19.3333333333333,9,-7.47977504467081,39.4498353457572,12.2581470393061,4.8621098368236,10.4795057107162,202717559.814453,336686348609.266,0.0602096166511677,0,-0.0245828416987745,11532067244.5,3.42516626888347,-0.0245828416987745,10.4939587511564,0.583319121620756,4.50449223225348,5.08781135387424,0,0,0,0
"PAK",2024,"PAKISTAN",134,5,"current_Combined_ISO",26.8,10,-6.79432464437714,35.6282760521045,11.4892532780615,4.49740601337941,14.1906403607238,NA,371747087751.306,NA,0,0.304292140455652,12320673663.8,3.31426232235674,0.304292140455652,10.3855031331012,1.71807476906982,4.33562939812151,6.05370416719133,NA,0,0,1
"PAN",1995,"panama",45,5,"historical_DSV_MONA",9,1,-13.2111783207146,NA,23.2334487561629,NA,NA,6e+06,9573813700,0.062670950031125,0,0,NA,0,0,66.8471008580416,3.14973180147998,1.13039304829347,4.28012484977345,0,1,0,0
"PAN",1997,"panama",95,12,"historical_DSV_MONA",7.91666666666667,2,3.12664929318392,NA,20.3160858954276,NA,NA,-1.3e+07,10058854400,-0.129239369445491,0,0,NA,0,0,88.9202561675413,3.87302911441908,1.70300331193586,5.57603242635494,0,0,0,0
"PAN",2000,"panama",26,7,"historical_DSV_MONA",3.71428571428571,3,-1.27770140250735,NA,22.398494730747,NA,NA,-8779999.73297119,11966497000,-0.0733715115874862,0,0,NA,0,0,68.9601167325743,6.92997905558577,2.17597163223667,9.10595068782244,0,1,0,0
"PAN",2021,"PANAMA",12,8,"current_Combined_ISO",1.5,4,3.07994437536104,NA,27.4342663073547,NA,NA,35596199.0356445,67396392500,0.0528161786042844,0,0,NA,0,0,41.6067039493249,0.183026429643391,79.9718329828951,80.1548594125385,0,0,0,0
"PER",1993,"peru",71,12,"historical_DSV_MONA",5.91666666666667,1,-3.86523636241284,70.2752260339722,18.3164997713889,8.23619428073253,16.5646848205674,1e+08,34832077220.8537,0.287091692424622,0,0.737502227246452,882767751.2,2.53435287709885,0.737502227246452,12.4506751041035,5.96920987995007,40.8387866660666,46.8079965460167,0,0,0,0
"PER",1996,"peru",60,11,"historical_DSV_MONA",5.45454545454545,2,-5.02116425526894,54.1476991229528,22.2364792118343,5.49197258421422,37.853332079851,5.1e+07,55252414130.3019,0.092303659130127,0,0,924156779,1.67260886885514,0,13.3165199179977,6.59278003963146,37.8576955936615,44.450475633293,0,1,0,0
"PER",1999,"peru",53,12,"historical_DSV_MONA",4.41666666666667,3,-2.4120005416257,59.5346640984021,21.2376147275093,5.18531474658266,30.8218406402957,123980003.356934,50187324567.883,0.247034494116616,0,-0.291840385119334,860178070.9,1.71393489951139,-0.291840385119334,15.3968880071118,4.21587853607109,32.1299436379435,36.3458221740146,0,0,0,0
"PER",2001,"peru",14,4,"historical_DSV_MONA",3.5,4,-1.86164238715368,54.165461935894,17.9666569877333,4.31102987903664,32.3927054994789,161630004.882813,52030158775.4055,0.310646764659144,0,-0.294816786668175,501581050.7,0.964019834852197,-0.294816786668175,16.6013795219337,6.06507631090828,30.6873942655311,36.7524705764394,1,1,0,0
"PER",2002,"peru",74,8,"historical_DSV_MONA",9.25,5,-0.699565625794666,53.0849788812544,16.7309319065239,6.43477729350454,34.1748359828558,143619995.117188,54777553515.0809,0.262187677070404,0,-0.316436444998002,360614039.5,0.658324471173614,-0.316436444998002,17.2748078529874,6.25870095624976,31.9798239013752,38.238524857625,0,1,0,0
"PER",2004,"peru",49,9,"historical_DSV_MONA",5.44444444444444,6,3.88838923377279,50.0708520347505,16.7885581415755,4.40645532280485,39.8982104894219,177910003.662109,66768703497.5687,0.266457178801723,0,-0.059374875238432,245676864,0.36795212596714,-0.059374875238432,22.91223375085,5.45456110464244,39.0245043877429,44.4790654923853,0,0,0,0
"PER",2007,"peru",70,8,"historical_DSV_MONA",8.75,7,7.35611977741145,34.1961375238097,19.9854235156854,9.60985919892475,86.1875113414646,94080001.8310547,102170981144.136,0.0920809419441054,0,-0.0200406130691006,144306849.8,0.14124054421717,-0.0200406130691006,31.5221165305465,8.57977598074378,49.5566787105114,58.1364546912552,0,1,1,1
"PHL",1994,"philippines",76,15,"historical_DSV_MONA",5.06666666666667,1,-4.37517208828552,53.6591815600724,NA,6.19789606897591,17.7552140112731,1.16e+08,73159336915.2718,0.158558025388261,0,-0.297881886152672,1063589742.1,1.45379904595332,-0.297881886152672,24.075665857016,1.61973914010873,4.04312567436281,5.66286481447154,0,0,0,0
"PHL",1998,"philippines",63,11,"historical_DSV_MONA",5.72727272727273,2,-4.46346472077811,63.1272199943038,NA,5.60046402660871,20.2231312149203,27329999.9237061,74492416329.9142,0.0366882983130339,0,0.874514811165276,1568489135.7,2.10556887932515,0.874514811165276,37.8068683988215,0.532909443822639,1.55244069789094,2.08535014171358,1,0,0,0
"PNG",1995,"papua new guinea",106,10,"historical_DSV_MONA",10.6,1,17.3379921545838,57.3362075708199,19.5355174584726,14.3315703433029,10.6437838630932,1e+06,4636057476.42568,0.02157005181849,0,0.740642273625842,49559577,1.06900264399245,0.740642273625842,61.0389865530211,NA,NA,NA,0,0,0,0
"PNG",2000,"papua new guinea",51,6,"historical_DSV_MONA",8.5,2,16.9348805439717,70.3975803949116,20.4163848887611,9.23553160284336,13.0816133485297,949999.988079071,3521339699.07407,0.0269783681571213,0,0.53208345689928,51054528.4,1.44986092689168,0.53208345689928,66.1783592514226,28.7528694150569,51.2996326718958,80.0525020869527,0,0,0,0
"PNG",2023,"PAPUA NEW GUINEA",117,11,"current_Combined_ISO",10.6363636363636,3,NA,54.2865345566668,NA,19.773527384496,25.1964937715463,36330654.1442871,30816328065.6492,0.117894169827406,0,0.569787346584379,1036547079.2,3.36362942720432,0.569787346584379,NA,42.6494855424319,29.8008015088604,72.4502870512923,0,1,0,0
"POL",1993,"poland",24,4,"historical_DSV_MONA",6,1,NA,NA,NA,NA,NA,2.1e+07,96043157272.862,0.0218651704049444,0,0,NA,0,0,NA,8.97510414334727,8.92609442368128,17.9011985670286,1,0,0,0
"POL",1994,"poland",44,6,"historical_DSV_MONA",7.33333333333333,2,NA,NA,NA,NA,NA,8.41e+08,110803635287.621,0.759000368369644,0,0,NA,0,0,NA,9.10334047152297,8.03251362117447,17.1358540926974,0,1,0,0
"PRT",2011,"PORTUGAL",527,13,"current_Combined_ISO",40.5384615384615,1,-4.18454948340754,NA,18.4841132585209,NA,NA,NA,245426767676.002,NA,0,0,NA,0,0,34.4115130933228,7.17046947947273,3.20271416306362,10.3731836425364,1,0,1,1
"PRY",2003,"paraguay",83,8,"historical_DSV_MONA",10.375,1,13.1619514225143,103.903258451342,17.7461734755594,5.55753414508739,14.4647397807226,12170000.0762939,7691367471.17992,0.158229341165868,0,0,20353331.1,0.264625649161418,0,47.1446575963153,49.5247503484133,0.16678446090689,49.6915348093202,1,0,0,0
"PRY",2006,"paraguay",72,9,"historical_DSV_MONA",8,2,7.85263905129832,78.9952280844534,19.2755065466128,3.63563610929835,17.7950494409416,17629999.1607666,13429430050.261,0.131278833835722,0,0,20605766.8,0.153437388801169,0,46.2930851780555,46.917218626047,0.571097196782024,47.488315822829,0,0,0,0
"PRY",2022,"PARAGUAY",192,13,"current_Combined_ISO",14.7692307692308,3,-5.07362407817159,62.1946052686948,22.1787736101507,5.27543539000941,37.713592650342,13871246.3378906,41841201626.7253,0.0331521223067136,0,0,383583775.9,0.916760898317492,0,34.4000035331202,16.7893199279441,1.48242293802149,18.2717428659656,0,0,0,0
"ROU",1994,"romania",128,12,"historical_DSV_MONA",10.6666666666667,1,-2.06436399637484,NA,20.2834059349892,NA,NA,1.5e+07,30072805104.2542,0.049878951923504,0,0,NA,0,0,24.9013530353956,9.97686869509133,3.649978553135,13.6268472482263,0,0,0,0
"ROU",1997,"romania",93,4,"historical_DSV_MONA",23.25,2,-6.81095368253458,NA,21.8356006447034,NA,NA,NA,35575214078.2428,NA,0,0,NA,0,0,28.1971443249242,6.11054330283464,4.27474896069196,10.3852922635266,0,1,0,0
"ROU",1999,"romania",92,6,"historical_DSV_MONA",15.3333333333333,3,-4.65004063388866,NA,18.0481584141174,NA,NA,18479999.5422363,35953156753.739,0.0514002140863874,0,0,NA,0,0,26.6618172055494,4.8647455837225,5.26828670152389,10.1330322852464,0,0,0,0
"ROU",2001,"romania",153,8,"historical_DSV_MONA",19.125,4,-7.71666408271816,NA,21.0397013750581,NA,NA,41810001.373291,40395116581.4832,0.103502613463075,0,0,NA,0,0,22.105963469215,6.206081416544,4.88636183878211,11.0924432553261,0,1,0,0
"ROU",2004,"romania",98,8,"historical_DSV_MONA",12.25,5,-9.13860613686882,NA,22.2953038620972,NA,NA,3.8e+07,74973656851.8076,0.0506844691797687,0,0,NA,0,0,25.743936265036,6.72753084722976,4.67662140096493,11.4041522481947,1,0,1,1
"ROU",2009,"ROMANIA",148,8,"current_Combined_ISO",18.5,6,-6.42530432103091,NA,26.0040880012718,NA,NA,NA,174110532658.867,NA,0,0,NA,0,0,26.022377022811,5.89456207294194,3.60848133654177,9.50304340948371,0,1,0,0
"ROU",2011,"ROMANIA",213,9,"current_Combined_ISO",23.6666666666667,7,-5.79813873491873,NA,26.7682443996015,NA,NA,NA,192623977894.173,NA,0,0,NA,0,0,35.2366088533551,5.49644320283291,4.14141567149189,9.6378588743248,0,0,0,0
"ROU",2013,"ROMANIA",51,8,"current_Combined_ISO",6.375,8,-0.906885949774711,NA,24.4051301861521,NA,NA,NA,189798603751.235,NA,0,0,NA,0,0,40.2453636124718,5.21153593145803,3.23653895835825,8.44807488981628,0,1,0,0
"RUS",1995,"russian federation",30,4,"historical_DSV_MONA",7.5,1,3.39511723339807,31.1283376666771,21.0777278139414,1.5703718486501,14.7644445403415,2.34e+08,395537185734.854,0.0591600507965541,0,1.37871508044647,9617293074.6,2.4314510547807,1.37871508044647,29.2890113495619,NA,NA,NA,0,0,1,1
"RUS",1996,"russian federation",240,16,"historical_DSV_MONA",15,2,4.22347544116268,32.8834236780997,20.0017421836195,1.8936533047332,12.7987030752166,4.16e+08,391724890744.498,0.106196979009775,0,0.825860498818823,12507607840.7,3.19295713298394,0.825860498818823,26.0729881302908,43.1222213192119,9.92371391351388,53.0459352327258,0,0,1,1
"RUS",1999,"russian federation",67,6,"historical_DSV_MONA",11.1666666666667,3,17.0466555268369,95.6702724203279,14.3866142910145,6.41368455148833,6.84564143817928,1350729980.46875,195907128350.934,0.689474646399364,0,-1.835484899487,23022598081.1,11.7517919204343,-1.835484899487,43.2199685128244,41.7695730347058,11.399865385519,53.1694384202248,1,0,1,1
"RWA",1998,"rwanda",155,16,"historical_DSV_MONA",9.6875,1,-21.9901515976653,62.3255007057734,43.3292582173319,1.05403922792537,13.7434651867135,22979999.5422363,1989343546.17594,1.15515490456186,0,0.692116649558441,56433843.7,2.83680733820366,0.692116649558441,5.4273748487722,NA,8.61258072307645,NA,0,0,0,0
"RWA",2002,"rwanda",117,14,"historical_DSV_MONA",8.35714285714286,2,-19.2011466621248,74.5796747820985,34.494788613033,0.97403396539942,16.7853483670789,46369998.9318848,1966003468.49117,2.35859191883684,0,-0.0879270167985344,103528807.5,5.26595243392191,-0.0879270167985344,6.05806431767301,0,35.088175963992,35.088175963992,0,0,0,0
"RWA",2006,"rwanda",75,12,"historical_DSV_MONA",6.25,3,-11.4038073078135,13.1771072556272,14.8913794456399,0.824985077458866,88.0507090626504,77589996.3378906,3274207945.36553,2.36973331054661,0,0.0768912128370924,24897820,0.760422685896953,0.0768912128370924,11.1270158683034,0.00416015534860654,31.4407560198606,31.4449161752092,0,0,0,0
"RWA",2010,"RWANDA",313,15,"current_Combined_ISO",20.8666666666667,4,-16.0373144845233,20.3065120591755,20.1174793003737,0.865695746014479,65.3844606154367,139779998.779297,6052276077.6354,2.3095443265686,0,-0.00143711553941508,133193820.5,2.20072281554014,-0.00143711553941508,10.8521050310467,0.0684734450545245,35.8800089645487,35.9484824096032,0,0,0,0
"RWA",2013,"RWANDA",533,20,"current_Combined_ISO",26.65,5,-15.9171539171313,30.1055329314487,23.9960116357761,1.44070175643094,28.2738613218304,155889999.389648,7714276919.73722,2.02079859216356,0,-0.0224776284030398,129764655.8,1.68213634472977,-0.0224776284030398,13.6719130623219,0.106275401403098,47.728426891862,47.8347022932651,1,0,1,1
"RWA",2016,"RWANDA",95,7,"current_Combined_ISO",13.5714285714286,6,-18.8538359480928,51.0672797854825,27.4533128460473,2.65883411413577,23.4745205794815,176753005.981445,8596812240.52305,2.05602961930795,0,1.14251820968029,203276405.3,2.36455560052609,1.14251820968029,15.6179503112336,0.0716792615878137,22.4094104292018,22.4810896907896,0,0,0,0
"RWA",2019,"RWANDA",156,16,"current_Combined_ISO",9.75,7,-4.83182439891146,65.1410718001911,21.5257396581554,3.18922194002494,22.4796314887124,184919128.417969,10519272170.3346,1.75790801325076,0,-0.00457090369194911,305607219.4,2.90521258934475,-0.00457090369194911,22.0304453174238,1.91424345145403,14.8783110729202,16.7925545243742,0,1,0,0
"RWA",2022,"RWANDA",122,12,"current_Combined_ISO",10.1666666666667,8,-17.3606868477735,74.3314388443279,31.5981609741809,2.58266407352341,17.8077969358787,170378799.438477,13747404814.2677,1.23935245772096,0,-0.233922121552896,613058505.2,4.45944899042865,-0.233922121552896,21.7992420465265,0.06254493579927,20.9179316429293,20.9804765787286,0,0,0,0
"RWA",2023,"RWANDA",15,4,"current_Combined_ISO",3.75,9,-19.4913718783119,81.0157835253365,34.0190985113631,3.75336341701201,16.110817991216,178903884.887695,14806501437.282,1.20827925249934,0,1.31212787992451,813435479.1,5.49377233065883,1.31212787992451,23.7006060278177,NA,NA,NA,0,0,0,0
"SDN",2021,"SUDAN",13,6,"current_Combined_ISO",2.16666666666667,1,0.372192217314337,69.8676399582301,3.46580920270714,9.31951744511758,NA,734117248.535156,34229513774.9936,2.14469084591983,-0.246495412276758,3.53169976718498,2504860089.6,7.31783719180355,3.28520435490822,2.2498704277993,NA,NA,NA,0,NA,0,0
"SEN",1994,"senegal",21,4,"historical_DSV_MONA",5.25,1,-12.2952564297142,75.5811698815374,17.1399920981717,4.78792517656306,NA,3e+07,5034588195.55806,0.595877931515204,-0.0226133629162455,0.808221515235362,299889676.8,5.95658800981157,0.785608152319116,21.2214390843733,NA,NA,NA,0,1,0,0
"SEN",1995,"senegal",55,14,"historical_DSV_MONA",3.92857142857143,2,-11.4116845887674,63.4521867031277,15.2995419739429,4.58378236262005,NA,2.2e+07,6326342633.4034,0.347752268172118,0.668713903932848,0,346810011.5,5.48199855108742,0.668713903932848,20.6568594195014,NA,NA,NA,0,0,0,0
"SEN",1998,"senegal",110,16,"historical_DSV_MONA",6.875,3,-10.9287430071833,63.5187721952003,18.7449802067005,5.01508126867059,NA,14140000.3433228,6505607909.05324,0.217350946152865,0.140482691667934,-0.32236356683617,292543583.9,4.49679089163819,-0.181880875168236,18.5849659047911,18.0209779500385,8.29268911952927,26.3136670695678,1,0,0,0
"SEN",2003,"senegal",64,12,"historical_DSV_MONA",5.33333333333333,4,-14.385166525871,50.6996951289096,17.4102276457347,2.81669967743153,NA,48110000.6103516,8768721563.18211,0.54865467290414,-0.308913469367478,0,276030815.2,3.14790261283915,-0.308913469367478,18.2180266837333,20.1132767842961,3.36692256599382,23.4801993502899,0,0,0,0
"SEN",2007,"senegal",19,12,"historical_DSV_MONA",1.58333333333333,5,-18.1625279005349,18.5671650352138,21.0584702020658,1.36612242085517,NA,39240001.6784668,13994218412.9619,0.280401523833024,0,0,66041808,0.471922089902712,0,20.5543882272223,19.2664367194943,4.09941776123282,23.3658544807271,1,0,0,0
"SEN",2010,"SENEGAL",357,16,"current_Combined_ISO",22.3125,6,-12.4953775413044,29.1069276963651,18.5165937108428,1.16687617127094,NA,102050003.051758,16121315909.0758,0.633012860906144,0.303012968516417,0,451434228.5,2.80023188582178,0.303012968516417,19.9812388274952,20.9065266421233,3.52640976199386,24.4329364041172,0,0,0,0
"SEN",2015,"SENEGAL",252,16,"current_Combined_ISO",15.75,7,-12.7559486708569,60.4794401983364,23.0173333396773,5.75508261820139,NA,267960632.324219,17774766696.1759,1.50753389287449,-0.19011814769569,0,344232104.4,1.93663360135162,-0.19011814769569,22.6771945016724,13.8780481897626,8.13298380367881,22.0110319934414,0,0,0,1
"SEN",2020,"SENEGAL",348,12,"current_Combined_ISO",29,8,-18.6457659025654,107.855994435083,30.4531772551564,5.42727113470893,NA,162129394.53125,24530513037.7518,0.660929489251763,0.594207666083771,1.22511248557051,689024434.1,2.80884640708333,1.81932015165428,20.7005528555706,15.9872308197167,6.7523481096606,22.7395789293773,0,0,0,0
"SEN",2021,"SENEGAL",124,6,"current_Combined_ISO",20.6666666666667,9,-20.096789757029,114.383429271668,33.9687017708203,5.5973405797999,NA,178511260.986328,27520784129.7508,0.648641623526097,0.223099691166234,0.446717015112582,1284765561.1,4.66834649420882,0.669816706278816,24.6396021156771,15.5262597724139,7.26296018851439,22.7892199609283,0,0,0,0
"SEN",2023,"SENEGAL",31,10,"current_Combined_ISO",3.1,10,-25.3813558219349,153.247351028687,35.3463132757735,7.88395216219706,NA,249546630.859375,30696331295.7826,0.812952624386291,0.703327796470786,1.38285279178727,2266353610.4,7.38314161572584,2.08618058825806,23.1064628813737,21.4769186750925,7.91160881238856,29.3885274874811,0,1,0,0
"SLB",2010,"SOLOMON ISLANDS",97,6,"current_Combined_ISO",16.1666666666667,1,-25.8457918011571,27.0135365745914,17.9438827663601,2.42296325430284,115.20147215912,230000.004172325,898128551.289162,0.0256088066504718,0,1.0601844230798,24868875.7,2.76896616462126,1.0601844230798,35.1513813705907,0.00230553770936948,0.145449273451894,0.147754811161263,1,0,0,0
"SLB",2011,"SOLOMON ISLANDS",29,4,"current_Combined_ISO",7.25,2,-6.94396923883064,26.0092463285008,15.0193617167081,1.54509129089137,160.103309366144,250000,1063898226.71892,0.0234984882690334,0,0.924809925695971,34372094.6,3.23076904696083,0.924809925695971,50.1517733779646,0.00377501229815091,0.231026951563001,0.234801963861152,0,1,0,0
"SLB",2012,"SOLOMON ISLANDS",166,13,"current_Combined_ISO",12.7692307692308,3,-5.00142454565872,20.2249196824666,16.0046285201669,2.6466903614847,218.681024610626,469999.998807907,1185217634.37393,0.039655164180558,0,0.0192559571660909,34638033.9,2.9225040950641,0.0192559571660909,49.9110050416539,0.00286407112644014,0.481516704333512,0.484380775459952,0,0,0,0
"SLE",1994,"sierra leone",55,15,"historical_DSV_MONA",3.66666666666667,1,3.86302521526721,195.132894307891,8.66377045690347,19.9075405983441,2.60848212657994,1e+07,911853802.365613,1.09666702864616,14.2827166988969,-8.12731559683572,146288644.2,16.0429932759489,6.15540110206121,29.5115463670498,NA,NA,NA,0,0,0,0
"SLE",2001,"sierra leone",181,15,"historical_DSV_MONA",12.0666666666667,2,-20.0308677565101,75.6757135902494,10.3479835903356,5.79909498723989,4.08288492307949,26360000.6103516,1681473893.76655,1.56767230868535,1.90130212062862,-2.83961198428389,173764286.9,10.3340460737552,-0.938309863655277,7.95364542581068,NA,NA,NA,0,0,0,0
"SLE",2006,"sierra leone",47,12,"historical_DSV_MONA",3.91666666666667,3,-3.06681393812118,54.6815421542596,10.3480655166595,0.882566561037913,12.0321489096854,21030000.6866455,3263697466.73514,0.644361216105088,0.273299602396139,0,61030499.2,1.86998028530666,0.273299602396139,9.51102626792313,NA,NA,NA,0,0,0,0
"SLE",2010,"SIERRA LEONE",71,12,"current_Combined_ISO",5.91666666666667,4,-8.16950629187856,22.0976274453058,34.2329697821293,0.275625773992094,43.9222249095519,21090000.1525879,4262805966.78755,0.494744548940409,0.954511913444262,0,266222853.2,6.24524914514525,0.954511913444262,9.89230981613018,NA,NA,NA,0,0,0,0
"SLE",2013,"SIERRA LEONE",253,13,"current_Combined_ISO",19.4615384615385,5,-15.4855466851079,19.807672602076,17.4626810057996,0.387631797593808,38.046017909709,15449999.8092651,7502762862.72657,0.205924138773199,0.0864293996577608,0,281144735.3,3.74721606485413,0.0864293996577608,18.9386089631519,NA,NA,NA,0,1,0,0
"SLE",2017,"SIERRA LEONE",15,6,"current_Combined_ISO",2.5,6,-13.8200883981017,31.7565767199893,18.8979192279547,1.05219433945407,30.6035747879682,74523323.059082,5749846528.48046,1.29609238594368,0.66333691536076,0,509458387.5,8.86038235936424,0.66333691536076,13.8506449181287,0.0564669332343084,9.23607569467904,9.29254262791335,0,0,0,0
"SLE",2018,"SIERRA LEONE",246,20,"current_Combined_ISO",12.3,7,-14.8998084147885,28.9998131303477,15.3862423615544,0.955405268046233,27.3394520213469,57992660.5224609,6390514688.52816,0.907480278960403,0.0567474339196806,0,501092466.8,7.84119106555735,0.0567474339196806,11.2388259485764,0.143317650742994,19.708507181177,19.85182483192,1,0,0,0
"SLE",2024,"SIERRA LEONE",64,5,"current_Combined_ISO",12.8,8,-6.01414833754199,31.1262398944279,19.5509247888101,2.22451958677664,18.597327427108,NA,6971127234.07241,NA,-0.202054619390034,0,841757608.3,12.0749138559082,-0.202054619390034,17.2656483673859,NA,NA,NA,NA,1,1,1
"SLV",1993,"el salvador",39,7,"historical_DSV_MONA",5.57142857142857,1,-14.7826842067981,30.3444178767025,17.9815043980563,4.62781626812241,36.1030136776585,2.07e+08,6680269200,3.09867752036101,0,0,0,0,0,19.372303140119,NA,NA,NA,0,0,0,0
"SLV",1995,"el salvador",29,5,"historical_DSV_MONA",5.8,2,-16.251751817717,29.112016709024,19.0624398568783,3.27257286990091,36.5761312894454,1.15e+08,8921947100,1.28895630865151,0,0,0,0,0,21.5545012590357,0.0565357655124746,2.86007290950737,2.91660867501984,0,1,0,0
"SLV",1997,"el salvador",55,5,"historical_DSV_MONA",11,3,-11.5134196924997,31.8470390183796,16.6605047793441,2.82185095950443,45.080724099611,8.9e+07,10221705900,0.870696152586429,0,0,0,0,0,26.0218365312193,3.28093904664212,1.88715125953098,5.1680903061731,1,0,0,0
"SLV",1998,"el salvador",28,6,"historical_DSV_MONA",4.66666666666667,4,-12.0991189466183,30.729217080632,17.1187026500635,4.23379450376004,52.8025920214415,39959999.0844727,10936669900,0.365376293239615,0,0,0,0,0,24.3865859021675,3.77818300040852,2.34983392388896,6.12801692429748,0,1,0,0
"SLV",2009,"EL SALVADOR",3,5,"current_Combined_ISO",0.6,5,-18.1687821916392,61.046537931965,15.1486056397082,6.91776635915908,29.9918129933645,82080001.8310547,17601620000,0.466320724064346,0,0,256798595.8,1.45894864109099,0,23.9512044914048,2.75552281120897,1.29712979888706,4.05265261009603,1,0,0,0
"SLV",2010,"EL SALVADOR",94,12,"current_Combined_ISO",7.83333333333333,6,-19.6439490197269,64.1870275761026,14.7530995364247,6.21574991108175,25.0682655910882,148160003.662109,18447920000,0.803125792295874,0,0,252267694.2,1.36745873897979,0,26.9466693264064,2.92291722483646,1.69920510445875,4.62212232929521,0,1,0,0
"SLV",2025,"EL SALVADOR",57,3,"current_Combined_ISO",19,7,-24.0649273416692,NA,27.1795796623689,NA,NA,NA,36708110000,NA,0,0,NA,0,0,32.0465695455309,NA,NA,NA,NA,NA,0,0
"SOM",2020,"SOMALIA",129,15,"current_Combined_ISO",8.6,1,-48.3889661566991,53.4531991684809,16.006026889198,9.55545529391223,NA,690421569.824219,8.628e+09,8.00210442540819,0,2.35537818845619,443673260.7,5.14224919680111,2.35537818845619,13.6532220676866,NA,NA,NA,0,0,0,0
"SOM",2023,"SOMALIA",66,8,"current_Combined_ISO",8.25,2,-59.2443876619821,28.3163805466625,23.6083226866216,0.238096273842572,NA,981230468.75,1.0958e+10,8.95446677085235,0,0.535664892316116,374635736.7,3.41883315112247,0.535664892316116,21.9383099105676,NA,NA,NA,0,0,0,0
"SRB",2001,"yugoslavia",66,4,"historical_DSV_MONA",16.5,1,-14.4573828864281,91.7185086054589,11.8296339650732,0.790467367873093,NA,210220001.220703,13599378661.9952,1.54580592573824,0,0.936140195550097,343828505.5,2.5282662836712,0.936140195550097,19.7188478657102,2.63905877065734,14.1530589793912,16.7921177500485,0,1,0,0
"SRB",2002,"serbia and montenegro",215,15,"historical_DSV_MONA",14.3333333333333,2,-15.9228581714492,63.8306322569174,14.6643831280374,1.33065018633448,NA,495369995.117188,17930583571.3055,2.76270983120669,0,1.44431160854373,643854800.8,3.59081899504023,1.44431160854373,19.1900123590639,3.40802673811775,12.147882359447,15.5559090975647,NA,0,0,0
"SRB",2009,"SERBIA,REPUBLIC OF",177,9,"current_Combined_ISO",19.6666666666667,3,-12.8125754731584,73.0399499538698,18.5980956940405,10.0370810519466,45.0408447418424,46500000,46955984409.7271,0.0990289109781018,0,3.3544143446255,2298516898.4,4.89504570566271,3.3544143446255,25.3445735712978,NA,NA,NA,NA,NA,0,0
"SRB",2011,"SERBIA,REPUBLIC OF",9,6,"current_Combined_ISO",1.5,4,-12.3022076340485,64.1515087547296,17.3249042888346,10.5572495878075,49.2244413973521,42159999.8474121,51251098408.0924,0.0822616512756635,0,0.14367515680088,2783104830,5.43033206398666,0.14367515680088,31.7235768364519,NA,NA,NA,NA,NA,0,0
"SRB",2015,"SERBIA,REPUBLIC OF",346,12,"current_Combined_ISO",28.8333333333333,5,-6.75790381589263,76.6569667101022,16.8018814009636,10.6056065670337,37.507543239069,21845748.9013672,41297410634.9586,0.052898592346307,0,-0.392446880102468,632878398,1.53248929719643,-0.392446880102468,43.3851219752155,NA,NA,NA,NA,NA,0,0
"SRB",2018,"SERBIA,REPUBLIC OF",154,10,"current_Combined_ISO",15.4,6,-8.22329254622046,61.8350318338554,19.9497037988206,11.0650937278724,41.4660899525128,24681060.7910156,52787520248.9242,0.0467554843922008,0,0,618952316.7,1.17253531475105,0,48.6702102411693,NA,NA,NA,NA,NA,0,0
"SRB",2021,"SERBIA,REPUBLIC OF",51,10,"current_Combined_ISO",5.1,7,-7.66149728164009,65.9213320272095,23.0512890463903,9.31235148474072,44.3160477563841,35011360.168457,66159884072.5308,0.0529193190998857,0,0,1501249137.5,2.26912298675461,0,52.3404005216526,NA,NA,NA,NA,NA,0,0
"SRB",2022,"SERBIA,REPUBLIC OF",102,8,"current_Combined_ISO",12.75,8,-10.4369572855669,70.4741891397955,23.9110631560903,9.59057653100188,46.1082013765065,19977155.6854248,66809895701.2152,0.0299014921004606,0,1.57393708351632,2473229412.1,3.70189084437534,1.57393708351632,60.7381674989747,NA,NA,NA,NA,NA,0,0
"SRB",2024,"SERBIA,REPUBLIC OF",39,4,"current_Combined_ISO",9.75,9,-4.55749497087105,62.2479849600107,23.7954199963938,12.2291836864949,58.6418653874566,NA,90088366320.4062,NA,0,0,2637080199.1,2.92721502987525,0,53.5837667090226,NA,NA,NA,NA,NA,0,0
"STP",2000,"sao tome and principe",55,12,"historical_DSV_MONA",4.58333333333333,1,NA,435.838780405848,NA,6.21937366196534,3.81838773551048,NA,76198394.8202671,NA,0,3.2923889091332,3285939,4.31234674660891,3.2923889091332,NA,NA,0.0146545594676596,NA,NA,NA,0,0
"STP",2005,"sao tome and principe",91,12,"historical_DSV_MONA",7.58333333333333,2,NA,248.838847943874,NA,3.48568414524598,8.03675933705943,140000.000596046,136450662.390592,0.102601187962939,0,0.355122863832583,4073419.5,2.98526912851458,0.355122863832583,NA,NA,0.0863198165301424,NA,NA,NA,0,0
"STP",2009,"SAO TOME AND PRINCIPE",47,12,"current_Combined_ISO",3.91666666666667,3,-53.7347256450824,76.6758226503177,21.0222619165879,1.048462610417,43.3848825747486,400000.005960464,200668065.03175,0.199334162063692,0,0.284409230691341,15578231.1,7.76318399120218,0.284409230691341,8.64674505945193,0,0.0217502397087677,0.0217502397087677,NA,NA,0,0
"STP",2012,"SAO TOME AND PRINCIPE",43,12,"current_Combined_ISO",3.58333333333333,4,-61.4813178900291,84.6264382872933,16.3922963990535,5.00478100713904,26.6823474796312,189999.997615814,229371348.441006,0.0828351051285212,0,0.247081121444322,16409787.4,7.15424463933017,0.247081121444322,10.8608509089641,0.746417733973855,0.120436900027286,0.866854634001141,NA,NA,0,0
"STP",2015,"SAO TOME AND PRINCIPE",98,14,"current_Combined_ISO",7,5,-45.2433042417593,89.0041060347429,14.4181284037979,1.05152951481769,31.0929678560395,160246.998071671,259999643.047388,0.061633545413162,0,-0.037130666361109,14185723.9,5.45605514443514,-0.037130666361109,33.708137548603,NA,1.31007931969682,NA,NA,NA,0,0
"STP",2019,"SAO TOME AND PRINCIPE",237,14,"current_Combined_ISO",16.9285714285714,6,-34.1356737066026,66.7996943664537,11.8344723672173,2.15110504396052,17.1099187455302,19362.9991263151,412976082.620705,0.00468864903832673,0,0.525270806540224,18835467.3,4.56090996371315,0.525270806540224,16.7195626461315,NA,0.625425440939643,NA,NA,NA,0,0
"STP",2024,"SAO TOME AND PRINCIPE",152,4,"current_Combined_ISO",38,7,-13.154496428608,42.7472134373302,6.83355080172846,0.622865459374986,18.0105142266124,NA,824992558.045383,NA,0,0.515422431212535,63918246.4,7.74773611915222,0.515422431212535,15.5622080265962,NA,NA,NA,NA,NA,0,0
"SUR",2016,"SURINAME",27,4,"current_Combined_ISO",6.75,1,NA,94.0048924623215,NA,17.7518061762898,12.863981294657,-94263.0022764206,3317421648.09918,-0.00284145376366105,0,2.43030289641341,196396115.5,5.92014330202889,2.43030289641341,NA,NA,0.125610426672316,NA,0,1,0,0
"SUR",2021,"SURINAME",768,13,"current_Combined_ISO",59.0769230769231,2,NA,152.48097804211,NA,14.4264096354628,23.9708210484945,234819.993376732,3107923197.96954,0.00755552754746784,0,1.14133089013185,351349838.3,11.3049717100327,1.14133089013185,NA,3.32497522013282,0.760178456916599,4.08515367704942,0,1,0,0
"SVK",1994,"slovak republic",16,7,"historical_DSV_MONA",2.28571428571429,1,2.34201076620609,NA,28.1790818089842,NA,NA,1e+06,16187735322.0356,0.00617751637339132,0,0,NA,0,0,54.7010987184473,4.63931341524545,3.52596348297409,8.16527689821954,1,0,0,0
"SYC",2009,"SEYCHELLES",228,16,"current_Combined_ISO",14.25,1,-11.1600081860195,NA,28.0272254229443,NA,NA,9999.99977648258,850901620.433301,0.00117522396671313,0,0,NA,0,0,105.386908585995,0.0564994412706798,0.00399654587486714,0.0604959871455469,NA,NA,0,0
"SYC",2014,"SEYCHELLES",130,12,"current_Combined_ISO",10.8333333333333,2,-14.9929711098983,NA,29.0548988749451,NA,NA,70000.0002980232,1387577870.08161,0.00504476194146179,0,0,NA,0,0,99.180749158294,0.00217217284401373,0.0111489055716854,0.0133210784156991,NA,NA,0,0
"SYC",2017,"SEYCHELLES",62,12,"current_Combined_ISO",5.16666666666667,3,-9.62309184538816,NA,24.5351766928824,NA,NA,NA,1675370641.01416,NA,0,0,NA,0,0,93.9095722862406,0.00647778733484981,0.265276042802722,0.271753830137572,NA,NA,0,0
"SYC",2021,"SEYCHELLES",90,11,"current_Combined_ISO",8.18181818181818,4,-23.2430720682805,NA,16.4677161262206,NA,NA,NA,1487173794.80528,NA,0,0,NA,0,0,80.2638714731898,0.00229167892575641,0.623680740993814,0.62597241991957,NA,NA,0,0
"SYC",2023,"SEYCHELLES",113,11,"current_Combined_ISO",10.2727272727273,5,-12.8298337768142,NA,24.3522026214645,NA,NA,NA,2171547935.38159,NA,0,0,NA,0,0,85.5061413882593,0,11.6900044741911,11.6900044741911,NA,NA,0,0
"TCD",1994,"chad",3,4,"historical_DSV_MONA",0.75,1,-18.7771473556135,66.8994960173519,11.7547995640832,1.33813157126581,10.2390326487774,8e+06,1179837963.22213,0.678059212313533,-0.148566545122263,1.25322681257174,42769224.1,3.62500830056337,1.10466026744947,16.10560200014,NA,NA,NA,0,0,0,0
"TCD",1995,"chad",65,15,"historical_DSV_MONA",4.33333333333333,2,-11.8385214779883,58.4321466762431,14.3571966427418,1.0627649019,17.4394775203692,1.2e+07,1445919894.57661,0.829921494614596,0.385101658873743,0,49005116.2,3.38919994003883,0.385101658873743,21.9290175473215,NA,NA,NA,0,0,0,0
"TCD",2000,"chad",107,16,"historical_DSV_MONA",6.6875,3,-17.7909791497046,80.1535120852676,20.9415491831803,1.82211424343938,10.3514986747896,4110000.1335144,1388506771.58756,0.29600144685036,0.929806117203071,0,90381563.8,6.50926345117219,0.929806117203071,16.8900964319303,NA,NA,NA,0,0,0,0
"TCD",2005,"chad",18,12,"historical_DSV_MONA",1.5,4,11.6072043648397,21.3556864281332,22.1110832933166,0.715429823068653,14.1921927166536,60849998.4741211,8655892392.92919,0.702989313081435,-0.0828965989210016,0,92841091.4,1.07257677412718,-0.0828965989210016,44.5923490073183,NA,NA,NA,0,0,0,0
"TCD",2014,"CHAD",50,12,"current_Combined_ISO",4.16666666666667,5,5.46644493686665,21.2331866901316,24.8559283651473,3.35966296477185,28.8885256133525,49990001.6784668,18144336903.7175,0.275512971037396,0.104439246804977,0,97578467.3,0.537790208690446,0.104439246804977,23.1390359613993,NA,NA,NA,0,0,1,1
"TCD",2017,"CHAD",162,12,"current_Combined_ISO",13.5,6,3.08117015521833,23.6912132934158,15.2004119098293,1.25715821186327,0.273834400477199,35130268.0969238,13349041408.7152,0.263166972229094,0.364109912553474,0,254233595,1.90450825056261,0.364109912553474,23.1856157702325,NA,NA,NA,0,0,0,0
"TCD",2021,"CHAD",45,12,"current_Combined_ISO",3.75,7,8.62019449109006,21.469664495408,16.3727111362785,1.97574568313718,5.90215797431901,111736633.300781,16871937697.5854,0.662263192903871,0.404911854373295,0,914315465.6,5.41914913383571,0.404911854373295,26.2833492963398,NA,NA,NA,0,0,0,0
"TCD",2025,"CHAD",21,2,"current_Combined_ISO",10.5,8,12.6959657418255,NA,16.3884089317989,NA,NA,NA,21472835225.4338,NA,0,0,NA,0,0,29.4140577724768,NA,NA,NA,NA,NA,0,0
"TGO",1994,"togo",28,12,"historical_DSV_MONA",2.33333333333333,1,-5.92312172933382,108.312707925008,9.77518928933471,1.70479875154932,NA,6e+06,1387662121.46736,0.432381911070355,0,0.636638671858984,81808531.5,5.89542153197155,0.636638671858984,25.8206173525239,0.577533278969365,42.1404004546313,42.7179337336007,1,0,0,0
"TGO",2008,"togo",15,12,"historical_DSV_MONA",1.25,2,-11.6545863558594,35.9008861999965,16.7467287184294,4.27861818125716,NA,3e+06,4578847112.70688,0.0655186759058764,0,1.04083402059314,65014796.8,1.4198944668752,1.04083402059314,25.3265405456755,7.3944656246369,18.3558829810484,25.7503486056853,0,1,0,0
"TGO",2017,"TOGO",230,12,"current_Combined_ISO",19.1666666666667,3,-7.60470554485008,25.5707759681039,16.9688001917549,1.69392623654067,NA,5026909.82818604,6387424239.8801,0.0787001088294771,0,0.678625202775222,226017223.5,3.53847208220262,0.678625202775222,25.3020773539116,8.28761016730883,8.63388209198161,16.9214922592904,0,0,0,0
"TGO",2024,"TOGO",47,7,"current_Combined_ISO",6.71428571428571,4,NA,43.1643453395059,NA,3.21770096859245,NA,NA,10643440332.2445,NA,0,0.939024807582339,676668509.8,6.35761077881952,0.939024807582339,NA,1.82642001645616,20.7477406306692,22.5741606471254,NA,0,0,0
"TJK",1998,"tajikistan",207,14,"historical_DSV_MONA",14.7857142857143,1,-9.16804837608505,95.4702051491546,13.4242368087389,6.8555642241842,4.54755984987093,25229999.5422363,1320199581.52261,1.91107465078409,0,4.91243633975423,98984511.3,7.49769297653006,4.91243633975423,48.8637471959427,NA,NA,NA,0,0,0,0
"TJK",2002,"tajikistan",112,13,"historical_DSV_MONA",8.61538461538461,2,-13.0655052884188,106.29896032498,6.2957366752585,8.22035367899404,7.13613284841378,75879997.253418,1221106220.2868,6.2140374025444,0,-1.96068938985314,205625260.1,16.8392607198172,-1.96068938985314,62.8092317719906,NA,NA,NA,0,0,0,0
"TJK",2009,"TAJIKISTAN",218,12,"current_Combined_ISO",18.1666666666667,3,-37.0361393218121,44.785263466694,26.2932350873791,7.83498900839415,9.5618304896345,40540000.9155273,4979472364.4534,0.814142502425102,0,0.504922262034883,169598075.1,3.40594470029993,0.504922262034883,24.4709988607994,NA,NA,NA,0,0,0,0
"TJK",2024,"TAJIKISTAN",95,8,"current_Combined_ISO",11.875,4,-36.6646360760001,37.3947720942707,30.2409940950252,3.04057198955028,52.0350541720444,NA,14425113699.7925,NA,0,0,506075963.3,3.50829791592755,0,11.2126477768242,NA,NA,NA,NA,0,0,0
"TUN",2013,"TUNISIA",271,10,"current_Combined_ISO",27.1,1,-9.17554603702786,56.327937751119,23.3100539589265,5.3013021282587,28.7486211611694,16840000.1525879,48685446413.953,0.0345893925042898,0,0.308402475399648,572226396.8,1.17535411287921,0.308402475399648,44.889705324588,15.2132858501248,1.49740188611581,16.7106877362406,0,0,0,0
"TUN",2016,"TUNISIA",324,16,"current_Combined_ISO",20.25,2,-10.5020732125822,68.0294246068561,20.4975710197309,4.82474560490556,20.7845127192957,30713470.4589844,44360072680.4476,0.0692367451249056,0,0.634838311759859,1987080971.7,4.47943578905775,0.634838311759859,38.2952955757822,5.6449759317471,1.62468650036307,7.26966243211017,0,0,0,0
"TUR",1994,"turkey",44,7,"historical_DSV_MONA",6.28571428571429,1,0.978410073484351,52.006057514151,24.4591764651962,8.05270003613205,13.0314244471714,-7.1e+07,130650447499.071,-0.054343480148053,0,0.258132087379493,343794664.1,0.263140823993308,0.258132087379493,21.3621312072128,1.34672958634563,2.62345553332915,3.97018511967478,0,0,0,0
"TZA",1996,"tanzania",89,12,"historical_DSV_MONA",7.41666666666667,1,-8.26790891563974,78.4495746884123,11.3429234260611,2.86402014461506,6.36947458402103,1.3e+07,9433528150.36609,0.137806341305034,0,0.165099945129178,206214971.8,2.18597929123684,0.165099945129178,13.7292988906544,NA,NA,NA,0,1,0,0
"TZA",2000,"tanzania",91,13,"historical_DSV_MONA",7,2,-2.363504760337,54.3095587148451,18.763909618931,1.27034057514596,13.8175512658499,24520000.4577637,13371767081.7428,0.183371429578984,0,0.319833705138289,364439561.9,2.72544054702829,0.319833705138289,10.8128051973219,0.102821315130766,0.443287698041927,0.546109013172693,1,0,0,0
"TZA",2003,"tanzania",85,16,"historical_DSV_MONA",5.3125,3,-0.262590302274078,48.7014242494431,21.7017881940806,0.587966906179532,27.8299260045952,75160003.6621094,15211487708.7684,0.494100281978236,0,0.115672480804474,483868981.2,3.18094449710584,0.115672480804474,15.0931227613293,0.0582492548746596,6.17005787028101,6.22830712515567,0,0,0,0
"TZA",2007,"tanzania",48,12,"historical_DSV_MONA",4,4,-8.39714360572449,23.3400355252746,33.8875320870203,0.34237637467871,57.2468510771602,166889999.389648,21860434823.4808,0.763434033848163,0,0.0196084837040651,67274403,0.307745035920964,0.0196084837040651,19.8306255869655,0.644600677919283,12.6269052492145,13.2715059271338,0,0,0,0
"TZA",2010,"TANZANIA",194,12,"current_Combined_ISO",16.1666666666667,5,-8.42538195619444,28.4398441804615,30.7705684106003,0.618858840774585,43.6750348214826,455730010.986328,32012892919.37,1.42358271754497,0,0.0934733917217903,647153582.7,2.02154045974529,0.0934733917217903,19.6075287366869,1.90135698578723,25.4274314948111,27.3287884805983,1,0,0,0
"TZA",2012,"TANZANIA",39,7,"current_Combined_ISO",5.57142857142857,6,-9.62472571249985,30.8385908393605,32.9644448669364,0.462168934612456,33.6235105791728,561780029.296875,39650394362.9287,1.41683339679999,0,-0.00757156328010416,640682596.8,1.61582906574823,-0.00757156328010416,22.372111684507,1.25025665065363,16.2993206590418,17.5495773096954,0,0,0,0
"TZA",2014,"TANZANIA",204,14,"current_Combined_ISO",14.5714285714286,7,-9.21760379114383,33.1451206470393,33.1703490007101,0.71306303320502,26.7848466467843,509010009.765625,49986726460.6805,1.01829034587014,0,-0.0551833631708166,682487134.6,1.3653367262144,-0.0551833631708166,18.0692092760813,1.67367486325445,13.3403283009553,15.0140031642097,0,0,0,0
"TZA",2022,"TANZANIA",131,14,"current_Combined_ISO",9.35714285714286,8,-4.1760306698628,40.9318313478855,42.8203518814369,2.68523266162735,NA,429445892.333984,75749121846.9703,0.566931842723613,0,0.203805495213374,1443892292.1,1.90615053599826,0.203805495213374,15.4137105201683,3.08582937747335,5.47998490709586,8.56581428456921,0,0,0,0
"UGA",1994,"uganda",55,13,"historical_DSV_MONA",4.23076923076923,1,-10.3582961954607,86.4667290553444,14.6343065311901,3.78536397050623,9.45874316986982,5.1e+07,3990430446.71216,1.2780576101012,0,0.690169515990228,383343459.2,9.60656912378585,0.690169515990228,8.74053183100128,0.0171159470848101,0.291634416035388,0.308750363120198,0,0,0,0
"UGA",1997,"uganda",99,14,"historical_DSV_MONA",7.07142857142857,2,-7.43953960782245,62.4972367429877,16.8941618081021,2.57350603306655,16.2103725333984,3.6e+07,6269333313.17108,0.57422373642774,0,0.0370069301487893,393627484.5,6.2786179141734,0.0370069301487893,13.359513678728,0.00758368720725879,0.115775172762046,0.123358859969305,0,1,0,0
"UGA",2002,"uganda",111,14,"historical_DSV_MONA",7.92857142857143,3,-13.8512358238939,66.5029849935238,19.9632838513961,1.1787115151162,23.2351513193553,109349998.474121,6178563591.12051,1.76982880990774,0,-0.275527195746037,296792732.6,4.80358789260556,-0.275527195746037,11.2132791661446,3.63329549166036,1.81303780824033,5.44633329990069,0,1,0,0
"UGA",2006,"uganda",20,5,"historical_DSV_MONA",4,4,-13.0824590228779,13.3693714686186,20.9249602485175,1.02636733527601,139.223757346745,246220001.220703,9977647682.96954,2.46771592908583,0,0.0294940760939372,53249742.4,0.53369034558005,0.0294940760939372,15.2754133833713,4.38781819523582,2.11282581613079,6.50064401136661,1,0,0,0
"UGA",2007,"uganda",38,12,"historical_DSV_MONA",3.16666666666667,5,-13.3272795975774,14.1602511482496,21.8688822859194,0.57067778719229,154.850976180176,301570007.324219,11902564494.8833,2.53365572985434,0,0,55934529,0.469936785673753,0,16.7250685273524,1.29891752827692,2.17189206117311,3.47080958945003,0,1,0,0
"UGA",2010,"UGANDA",252,13,"current_Combined_ISO",19.3846153846154,6,-10.6202832876087,11.340011180453,26.6490161355142,0.242043071550111,90.970314265413,342679992.675781,26673441430.7857,1.28472358381274,0,-0.00114415869730166,275450166.2,1.03267576819721,-0.00114415869730166,13.8244828747602,1.20826334740248,1.90384686894177,3.11211021634425,0,0,1,1
"UGA",2013,"UGANDA",450,17,"current_Combined_ISO",26.4705882352941,7,-10.083083530846,30.2751015651699,31.4664204101325,0.308915801241868,38.9903234021534,459079986.572266,28915786516.6123,1.58764481923575,0,-0.00630676014623466,270208654.5,0.934467593834127,-0.00630676014623466,16.5130356713113,1.07267010214049,0.886734970078216,1.95940507221871,0,0,0,0
"UGA",2021,"UGANDA",200,12,"current_Combined_ISO",16.6666666666667,8,-10.151614403423,52.1424485431174,23.3395824392817,2.1986757128253,23.6012010395494,630775695.800781,40529788748.6737,1.55632613757806,0,0.634432422025428,1484357439.5,3.66238632208162,0.634432422025428,15.7810081695276,3.44411222230529,0.744614230461867,4.18872645276716,1,0,0,0
"UKR",1995,"ukraine",40,4,"historical_DSV_MONA",10,1,-3.08319750269735,17.6919760042107,23.2802153919865,2.38581695057197,12.6780564077628,NA,48213856468.5718,NA,0,2.47967139400955,1541936088.6,3.19811813768747,2.47967139400955,47.0732494907039,NA,NA,NA,0,1,0,0
"UKR",1996,"ukraine",67,3,"historical_DSV_MONA",22.3333333333333,2,-2.55278094677315,21.6847987608499,20.7203226241735,2.85766346513566,20.6701286099578,NA,44558831005.0621,NA,0,1.74635814595674,2262342513.1,5.07720346802408,1.74635814595674,45.6519320649174,4.34658941214644,8.16137734247608,12.5079667546225,0,0,0,0
"UKR",1997,"ukraine",113,4,"historical_DSV_MONA",28.25,3,-3.05896385155037,22.4892081855559,19.8329140470198,2.73944651545231,21.1868349755496,NA,50151531591.7317,NA,0,0.568698822643777,2402423205.5,4.79032868837864,0.568698822643777,40.5912261554116,4.24247076886311,10.396229151201,14.6386999200641,0,0,0,0
"UKR",1998,"ukraine",260,17,"historical_DSV_MONA",15.2941176470588,4,-2.27403399842094,31.8764804703982,19.5880810581619,4.91454481965286,6.06557533276228,NA,41882523345.1804,NA,0,0.662425810912671,2795004385.1,6.67343837443747,0.662425810912671,41.8878472215453,4.11637172083702,12.5382130822996,16.6545848031366,1,0,0,0
"UKR",2004,"ukraine",25,4,"historical_DSV_MONA",6.25,5,7.41195489226501,49.9846110854182,22.424372944309,6.89322413050277,30.2665466409778,NA,67220154164.3166,NA,0,-0.444911390368039,3638889412.4,5.41339045951145,-0.444911390368039,58.6968317186137,10.4198172781886,6.20671410904734,16.6265313872359,0,0,0,0
"UKR",2010,"UKRAINE",39,10,"current_Combined_ISO",3.9,6,-2.81665380136268,91.5918932375376,18.016214744977,19.8712891691672,27.7621136781293,165130004.882813,141209170427.233,0.116940000697693,0,2.43139179297796,16261859619.3,11.5161498152699,2.43139179297796,46.4565383259637,7.11920021246899,8.12828542400859,15.2474856364776,0,0,0,0
"UKR",2014,"UKRAINE",52,8,"current_Combined_ISO",6.5,7,-3.50585885192339,96.7265802999128,14.1360438334756,15.9674824171691,5.90549930427595,158970001.220703,133503871861.723,0.119075199096365,0,0.662523182935186,7607476703.3,5.69831915525226,0.662523182935186,48.5929618158503,3.73321431712067,9.69361702554444,13.4268313426651,1,0,0,0
"UKR",2015,"UKRAINE",174,16,"current_Combined_ISO",10.875,8,-2.61125728170963,125.025871206995,13.5487069936597,31.334783979043,11.2181022873202,244440933.227539,91030967789.0717,0.268525029629405,0,5.77803279504564,12485727667.9,13.7159122561794,5.77803279504564,52.5976795082231,1.27997250942501,9.38171392918825,10.6616864386133,0,1,0,1
"UKR",2018,"UKRAINE",11,6,"current_Combined_ISO",1.83333333333333,9,-8.72934374668216,92.7372175750206,17.6472670015072,11.1726918428923,16.9850637975905,190858627.319336,130891088293.55,0.145814837211298,0,-0.526135899302425,12997230934,9.92980584350483,-0.526135899302425,45.2352356625927,1.81962240086264,9.38430227414885,11.2039246750115,0,0,0,0
"UKR",2020,"UKRAINE",48,7,"current_Combined_ISO",6.85714285714286,10,-1.51315979579472,83.3576019691388,13.3659764293256,10.8722201062308,21.8413289152456,236295043.945313,156617722013.342,0.150873758670289,0,0.633287294406891,12824418311.6,8.18835706888107,0.633287294406891,38.8216462901934,1.12836959729539,11.0877422634527,12.2161118607481,0,1,0,0
"UKR",2023,"UKRAINE",464,11,"current_Combined_ISO",42.1818181818182,11,-20.9086776461117,96.0800154118723,19.887850879026,4.16826304438913,22.6327453767898,11790043945.3125,181221517868.744,6.50587418313749,0,1.05630595506129,16476879008.2,9.09212062782409,1.05630595506129,28.300468273727,1.08400725933861,5.98222472007035,7.06623197940896,0,0,0,0
"URY",1996,"uruguay",28,4,"historical_DSV_MONA",7,1,-0.188476860115875,NA,13.9626307506779,NA,NA,1e+06,20515458113.5857,0.00487437323828407,0,0,NA,0,0,19.6699797975865,1.11078860301007,0.625960455667958,1.73674905867803,0,0,0,0
"URY",1997,"uruguay",48,7,"historical_DSV_MONA",6.85714285714286,2,-2.79070163591106,NA,16.0338535259841,NA,NA,1e+06,23969739233.8966,0.00417192690434387,0,0,NA,0,0,17.457847722398,0.648663078282303,0.666444312396714,1.31510739067902,0,0,0,0
"URY",1999,"uruguay",30,4,"historical_DSV_MONA",7.5,3,-3.19114278255311,NA,15.2379159103106,NA,NA,430000.007152557,23983945190.6202,0.00179286603490373,0,0,NA,0,0,15.0976530821748,0.575112781078327,0.434804100586546,1.00991688166487,1,0,0,0
"URY",2000,"uruguay",61,7,"historical_DSV_MONA",8.71428571428571,4,-3.3175402599512,NA,14.3185446156428,NA,NA,340000.003576279,22823270892.1094,0.00148970761107614,0,0,NA,0,0,16.6980989454195,1.52303122084986,0.481342281383309,2.00437350223317,0,1,0,0
"URY",2002,"uruguay",147,12,"historical_DSV_MONA",12.25,5,1.21427765679989,NA,12.3532722105302,NA,NA,-1740000.00953674,13606515722.5864,-0.0127879910258612,0,0,NA,0,0,20.6216724821799,0.792127333951963,0.451206613411574,1.24333394736354,0,0,0,0
"URY",2005,"uruguay",80,12,"historical_DSV_MONA",6.66666666666667,6,1.93034331490234,NA,16.5474574137668,NA,NA,-1539999.96185303,17362857683.8545,-0.00886950748484828,0,0,NA,0,0,30.4040198202399,4.73090812106706,0.515169701998772,5.24607782306583,0,1,0,0
"UZB",1995,"uzbekistan",43,5,"historical_DSV_MONA",8.6,1,NA,13.543465691997,24.1998260825338,1.83797258803907,NA,1e+06,13350461264.9969,0.00749037789894095,0,1.20408807088537,157493616.7,1.17968670575396,1.20408807088537,NA,NA,NA,NA,1,1,0,0
"VEN",1996,"venezuela",54,4,"historical_DSV_MONA",13.5,1,0,NA,0,NA,NA,NA,70543211119.099,NA,0,0,NA,0,0,0,80.7622668694753,4.49239975846932,85.2546666279446,0,0,0,0
"VNM",1993,"vietnam",45,5,"historical_DSV_MONA",9,1,-8.76670181736514,191.06388223495,NA,3.29664558646172,NA,2e+06,13180953598.1716,0.015173409003408,0,0.0100007521472715,99555625.3,0.755299110633467,0.0100007521472715,28.7227826669423,NA,NA,NA,0,1,0,0
"VNM",1994,"vietnam",49,12,"historical_DSV_MONA",4.08333333333333,2,-9.44694065388105,156.576320597098,NA,1.9343458906827,NA,1e+07,16286433533.3228,0.0614007970470609,0,1.0628951946159,282276587,1.7332007429524,1.0628951946159,34.0131286444039,NA,NA,NA,0,0,0,0
"VNM",2001,"vietnam",70,12,"historical_DSV_MONA",5.83333333333333,3,-1.83207143435938,39.1741871054437,29.1507287630248,3.77646694726055,29.0874210934157,8670000.07629395,32685198808.5549,0.0265257682141578,0,0.189192430378654,425827879.7,1.30281563283178,0.189192430378654,55.0619332820827,22.9046197135305,0.654006370246594,23.5586260837771,0,0,0,0
"YEM",1996,"yemen",55,5,"historical_DSV_MONA",11,1,-8.92691733621693,107.993500724525,22.642331396705,1.46373750334939,16.1828405231056,3e+06,6496163615.66086,0.0461811028399538,0,1.87726094376695,120788642.4,1.8593842388576,1.87726094376695,38.5060950534404,NA,NA,NA,0,0,0,0
"YEM",1997,"yemen",360,16,"historical_DSV_MONA",22.5,2,-7.5775872208751,62.9272702667056,24.236794723318,1.57298956821397,31.0853125628753,4e+06,6838298530.54911,0.058494082733162,0,2.03999759847861,250117211.2,3.65759421123014,2.03999759847861,36.2842007165864,NA,NA,NA,1,0,0,0
"YEM",2010,"YEMEN,REPUBLIC OF",5,7,"current_Combined_ISO",0.714285714285714,3,-4.39548165369922,22.3614461274604,11.6610683680339,0.883385630045413,91.3010827173345,47700000.7629395,30906749533.221,0.154335222834313,0,0.0841301353028119,435507090.4,1.40910026766769,0.0841301353028119,29.9950775630093,91.4220414145968,0.163699927451738,91.5857413420485,0,0,0,0
"YEM",2014,"YEMEN,REPUBLIC OF",29,6,"current_Combined_ISO",4.83333333333333,4,-5.27486635496798,18.9285075475327,6.69825102221284,0.890343372740738,56.4213885288526,161410003.662109,43228585321.3272,0.373387198452863,0,0.171372832465676,545715593.8,1.26239521775598,0.171372832465676,21.4840870786547,69.6394754134209,0.66927520794855,70.3087506213694,0,0,0,0
"ZMB",1995,"zambia",32,12,"historical_DSV_MONA",2.66666666666667,1,-3.42472126600992,195.170857636692,NA,73.2842551961662,3.20075301266255,2.1e+07,3806983413.16416,0.551617848593302,0,11.2474934778902,1238888343,32.5425201149039,11.2474934778902,32.9010267147932,3.25976744039326,86.5381177779718,89.7978852183651,0,0,0,0
"ZMB",1999,"zambia",170,16,"historical_DSV_MONA",10.625,2,-9.69309540307352,183.714702165448,NA,4.69306203246505,0.763131136423497,26579999.9237061,3404284890.5306,0.780780715434285,0,0.40166806068539,1265083604.7,37.161508081153,0.40166806068539,25.037219399921,0.977858760915913,62.8673096145898,63.8451683755057,0,0,0,0
"ZMB",2004,"zambia",122,13,"historical_DSV_MONA",9.38461538461539,3,-3.73311042962827,129.644064882373,NA,8.05757496290611,4.46591430694416,81769996.6430664,6221110219.45542,1.3143955621835,0,-0.0718242812356271,996373943.8,16.0160149660107,-0.0718242812356271,33.5399822510719,1.98338581633262,46.5515777026805,48.5349635190131,0,0,0,0
"ZMB",2008,"zambia",18,12,"historical_DSV_MONA",1.5,4,-1.61616971007423,17.7868258785837,NA,0.999022286953646,37.3035683405447,226490005.493164,17910858637.9048,1.26454018800552,0,0.0616650442242115,200709503.2,1.12060235222469,0.0616650442242115,28.9193597052566,0.421744083665289,79.7857145794274,80.2074586630927,0,0,0,0
"ZMB",2022,"ZAMBIA",357,14,"current_Combined_ISO",25.5,5,11.0906800035408,103.673945530947,25.1043252414273,5.31730642756499,10.4405689268511,408518035.888672,29163782140.4858,1.40077179949016,0,0.641874352915742,2058253693.4,7.05756778556745,0.641874352915742,40.1939977114306,2.81611636018103,75.6024881567735,78.4186045169545,0,1,0,0
"ZWE",1992,"zimbabwe",99,12,"historical_DSV_MONA",8.25,1,-9.25610658771281,84.3407178437299,22.3612139156181,12.2040669421989,9.69698248740051,9.1e+07,6.755e+09,1.34715025906736,0,3.27807384159882,216150000,3.19985196150999,3.27807384159882,27.2279792746114,0.38171848725272,15.1043961164309,15.4861146036836,0,0,1,1
"ZWE",1998,"zimbabwe",36,4,"historical_DSV_MONA",9,2,-1.7251473400726,119.490594216077,20.6002888255728,24.3243919164118,6.60979466107931,24200000.7629395,6405250000,0.377815085483619,0,0.0772093829280668,407171308.9,6.35683710862183,0.0772093829280668,43.394090784903,NA,NA,NA,0,0,0,0
"ZWE",1999,"zimbabwe",30,5,"historical_DSV_MONA",6,3,3.89492093565546,96.7891971374187,2.55410624499016,13.9661115896539,10.8624070796954,20159999.8474121,6861500000,0.29381330390457,0,-0.406102522771989,382930278.3,5.58085372440428,-0.406102522771989,37.4080011659258,1.83158199534957,10.7079416743596,12.5395236697092,0,0,0,0
