country_code,year,XDebtGNI,DebtServGNI,ResXDebt,FuelExportPct,MineralExportPct,Rohstoffabhängigkeit
AFG,2015,,11.0823,268.663397353037,3.45045583056684,1.06525272819338,4.51570855876022
AFG,2017,,17.0628,294.234021395487,5.23442813305688,0.83809143240314,6.07251956546002
AFG,2018,,16.1916,306.361182290885,10.2131805125,1.20988438299409,11.42306489549409
AFG,2019,,15.7742,319.258392395823,8.0512789669382,2.19992094192385,10.25119990886205
ALB,2002,65.9914650336802,2.4594,73.3688144776657,2.00964296137502,3.43255983968605,5.44220280106107
ALB,2003,64.8232150960777,9.6358,66.9518246439632,1.02973846823218,4.09518729937779,5.12492576760997
ALB,2004,65.0379383187697,0.0764,86.5032256324873,2.62772601236456,5.55303918360657,8.18076519597113
ALB,2005,69.1162926602322,7.2892,67.6833153779392,8.62320052650774,24.1407825764506,32.76398310295834
ALB,2006,72.2019089483674,15.3488,71.995324774825,13.6870930880734,37.8643455707951,51.551438658868506
ALB,2007,79.9119008919954,17.2057,72.8414546357907,7.45160846335455,13.556991094879,21.00859955823355
ALB,2008,75.2485472798728,26.9997,55.5139359453416,21.7778133829324,32.5786009009848,54.3564142839172
ALB,2009,73.3213575646169,14.7735,51.4264499903553,11.5960780358903,9.55255174912569,21.14862978501599
ALB,2010,75.5325329687378,13.667,46.7234649706761,17.9566359019427,12.8160980293912,30.772733931333903
ALB,2011,80.6989985298954,16.8348,38.1078843952678,21.1844242109543,11.8992063321516,33.0836305431059
ALB,2012,76.9683583166821,19.9022,35.2019352578895,26.5886649344812,10.9118328438961,37.5004977783773
ALB,2013,75.7506185619748,20.1704,32.0678588162755,30.9941380486986,9.78060057087312,40.77473861957172
ALB,2014,75.0212023084129,22.0266,31.3076239405158,1.56752332146237,4.58216010178408,6.14968342324645
ALB,2015,71.2794476606014,21.2299,37.1549499199685,8.80663865038583,7.54584263344886,16.352481283834692
ALB,2016,74.0144504546815,21.9524,36.5030425788844,11.1750623184928,8.80533257546907,19.980394893961872
ALB,2017,76.7873817898989,21.9252,36.6123906638343,0.824085099956457,5.05918674025811,5.883271840214567
ALB,2018,75.6940783717425,9.4774,40.3435214239874,1.66266621721824,2.02773332086022,3.69039953807846
ALB,2019,75.382128932689,9.1686,40.581045079257,0.602741338715028,3.10433628032436,3.707077619039388
ALB,2020,59.5206994391875,9.1977,45.9777272627769,0.905736426979895,4.08685599913531,4.9925924261152055
ALB,2021,75.5904040905009,11.0936,50.9684657779316,0.0239145120005926,2.47454305915757,2.4984575711581627
ALB,2022,84.6980435944865,12.3116,50.5411567584633,0.408202316704775,0.0613901739063739,0.46959249061114894
ALB,2023,82.3524933990723,10.6518,57.0519936029145,6.34538423879421,5.34944752843742,11.69483176723163
ALB,2024,79.4546360752224,11.5828,60.8214886591082,3.25771222753826,5.64934031462141,8.90705254215967
DZA,2002,56.5896052814114,0.4668,109.171596021343,96.8525631108902,0.427039949647696,97.2796030605379
DZA,2003,57.7691353044878,0.6122,149.158400536226,98.0418496791982,0.382587437708857,98.42443711690706
DZA,2004,61.3579975707176,1.9219,203.836785476992,98.1581027723641,0.414819808828625,98.57292258119273
DZA,2005,66.8404602203906,3.0207,346.369830534778,98.3968237779365,0.491152211167111,98.88797598910361
DZA,2006,65.9152919677621,9.1674,1380.88036861514,98.053114107359,0.721648354313415,98.77476246167241
DZA,2007,67.5454733939763,12.2289,1875.43328646224,98.3784356732768,0.508916486832056,98.88735216010885
DZA,2008,71.0284922505261,20.8912,2373.14937121932,98.1397675706731,0.632777159338741,98.77254473001184
DZA,2009,64.2847547238993,20.1293,2092.05111920334,98.33852819805,0.470471726874241,98.80899992492424
DZA,2010,63.4912159928425,24.5169,2350.20926724207,98.3108761995675,0.29121687605806,98.60209307562556
DZA,2011,62.2200899610479,18.8556,3160.74627701481,98.3333229077681,0.255945929207127,98.58926883697524
DZA,2012,60.7576393340605,21.8418,3635.83678984,98.4004104735679,0.24608003183097,98.64649050539887
DZA,2013,59.151008157244,25.3095,3839.05269641421,98.3397689163232,0.167011835510265,98.50678075183346
DZA,2014,56.9235419669867,35.7697,3375.1605630692,97.228399822397,0.179690702278308,97.4080905246753
DZA,2015,53.2046225904145,39.026,3223.74419531146,95.839787593179,0.309061621803374,96.14884921498238
DZA,2016,49.7609327925216,36.3517,2211.00427422367,95.3110605757096,0.251775038423141,95.56283561413275
DZA,2017,49.8208161712587,36.7334,1837.32022472738,96.1115601990579,0.165401420227525,96.27696161928543
AND,2002,,,,0.00340850271314777,2.14867273955292,2.152081242266068
AND,2003,,,,0.00718421522431373,2.35995314121409,2.3671373564384037
AND,2004,,,,0.0020915587513253,2.56704139737746,2.5691329561287852
AND,2005,,,,0.00139066416530204,2.18896354486335,2.1903542090286523
AND,2006,,,,8.77373640358075e-4,1.82200271689541,1.822880090535768
AND,2007,,,,0.0164949512104574,2.86275108752025,2.8792460387307073
AND,2008,,,,0.00639829246971588,3.61329476605585,3.619693058525566
AND,2009,,,,0.0674187377593231,2.87709545495436,2.944514192713683
AND,2010,,,,0.00171578894223204,4.28346709428229,4.285182883224523
AND,2011,,,,0.00296782977763237,3.45045818590949,3.453426015687122
AND,2012,,,,0.0954824010290095,3.60900357806592,3.7044859790949296
AND,2013,,,,0.126266414497508,3.23080975672319,3.3570761712206982
AND,2014,,,,0.113812116132643,3.9969773546561,4.110789470788743
AND,2015,,,,0.0444906582187301,4.50860643403967,4.5530970922584
AND,2016,,,,0.0106675178543429,2.4287686353391,2.4394361531934425
AND,2017,,,,0.00858196988222723,2.65224401857042,2.6608259884526473
AND,2018,,,,0.0136381879282452,3.21302764493708,3.2266658328653253
AND,2019,,,,0.0906269065381471,3.61898604647194,3.709612953010087
AND,2020,,,,0.0290968240410038,1.96973650891559,1.998833332956594
AND,2021,,,,0.0330618847275828,3.37964936679901,3.4127112515265927
AND,2022,,,,0.00558704941523787,1.30285025291511,1.308437302330348
AND,2023,,,,0.0101475994472374,1.77400635480091,1.7841539542481473
AGO,2007,97.2256307002466,19.008,93.7613880101388,97.2265175257191,2.6754262387962,99.90194376451531
AGO,2008,108.680408742706,15.3285,114.576685452338,97.6960413340041,1.91922873173295,99.61527006573704
AGO,2009,102.263183257504,12.7855,67.3862436646591,97.9163484511435,2.00203147222072,99.91837992336423
AGO,2010,90.9940631357987,17.0463,73.4399741115108,97.9075489248038,2.03762931763898,99.94517824244278
AGO,2011,89.0369443426985,17.479,77.9703283174297,98.1409863974632,1.82030992184898,99.96129631931217
AGO,2012,81.939478548327,24.0455,86.1647996818561,98.3701689632146,1.56671577949772,99.93688474271232
AGO,2013,77.3498013719917,26.1625,72.666055277642,98.2172596289667,1.70731149604581,99.9245711250125
AGO,2014,69.5801424480502,16.6796,58.8627891798385,97.7227216005661,2.18366735941927,99.90638895998538
AGO,2015,54.9793808780995,12.4058,48.779569003636,94.0159079753161,3.24392135052176,97.25982932583786
AGO,2016,46.3256130571521,7.6677,41.2162687466478,92.7010547736293,3.5430584083964,96.2441131820257
AGO,2017,44.9963253203189,6.3121,29.7132790690209,94.6912550619684,3.2888111877969,97.9800662497653
AGO,2018,58.2698953890633,4.5827,24.9393651478579,95.6723202169276,2.9599977992618,98.6323180161894
AGO,2019,60.3713068739603,4.147,26.2229690528548,95.2492483273439,3.54452524881699,98.7937735761609
AGO,2020,54.6604030683749,8.1806,21.0716867255243,93.0512900749378,5.37285733742943,98.42414741236723
AGO,2021,62.5287705320674,7.0271,21.9148430807675,94.1637464395459,4.73446732916134,98.89821376870725
AGO,2022,56.5380722280743,6.9361,22.5900353584516,94.9233435630702,4.13015252901342,99.05349609208362
AGO,2023,53.6070126498686,8.6092,24.3432052453284,94.1710862801417,4.34074978568308,98.51183606582478
AGO,2024,49.8489506740963,9.8896,24.2502122332294,94.1347736309318,4.35688565012152,98.49165928105333
ATG,2005,,,,0.724794167438721,1.5747754095473,2.299569576986021
ATG,2007,,,,0,0.54754745232019,0.54754745232019
ATG,2009,,,,0,6.14438097066872,6.14438097066872
ATG,2010,,,,0,1.77617053610648,1.77617053610648
ATG,2011,,,,0,1.98029913853413,1.98029913853413
ATG,2012,,,,0,2.70235544410556,2.70235544410556
ATG,2013,,,,0,30.9908270679986,30.9908270679986
ATG,2014,141.546161057996,,,0,17.5317077380815,17.5317077380815
ATG,2015,130.071549851721,,,0,15.6204515801356,15.6204515801356
ATG,2016,132.025917905085,,,0,7.50610085291906,7.50610085291906
ATG,2017,127.664323582144,,,0,7.27206580468804,7.27206580468804
ATG,2018,130.655152659419,,,0,0.307319818753686,0.307319818753686
ATG,2019,137.537783631991,,,0,0,0
ATG,2020,94.289529886499,,,0,7.38825540755649e-5,7.38825540755649e-5
ATG,2021,101.074960584779,,,0,0.514114116333737,0.514114116333737
ATG,2022,118.302584056113,,,0,0,0
ATG,2023,,,,0,0,0
ATG,2024,,,,0,0.482961925425427,0.482961925425427
ARG,2002,41.7527243585642,10.0018,7.07417151932966,17.0062379055992,3.86643385692681,20.87267176252601
ARG,2003,40.6447480311085,13.6967,8.66192564142803,17.0830633855413,3.00518542990703,20.08824881544833
ARG,2004,40.692646108947,15.8028,11.7021633452756,16.0002898523067,3.91732292241496,19.91761277472166
ARG,2005,40.5512709706238,26.7917,21.471093431729,16.3961455637403,3.21539774249875,19.61154330623905
ARG,2006,40.4334798719151,23.7556,26.9273167592192,15.2633165831813,4.22283436478006,19.48615094796136
ARG,2007,40.945170618571,15.8923,38.1974886724005,10.9263085486107,3.81560735354694,14.74191590215764
ARG,2008,40.4026733790382,14.9821,35.7494978189824,9.37098213409865,3.20115086300142,12.57213299710007
ARG,2009,34.0571269054879,14.4253,35.90807398205,10.1652445466661,3.75718173585009,13.92242628251619
ARG,2010,34.9710132635696,12.9602,41.2246740914074,7.90317746658418,4.2913752113995,12.19455267798368
ARG,2011,35.2061549999644,18.0185,32.3800236868594,5.97246544174461,3.93876593149719,9.911231373241801
ARG,2012,30.5265423717108,18.0529,30.9009464641601,6.22846935291873,4.06073948658929,10.28920883950802
ARG,2013,29.3339290021037,24.4245,20.325555608519,4.68210789818476,3.17808809731559,7.86019599550035
ARG,2014,28.4067936452275,22.0368,20.4240751880776,4.67799000825185,3.26437711403037,7.942367122282221
ARG,2015,22.4862260889792,33.5438,14.403427493594,2.5385946406222,2.74931567838647,5.28791031900867
ARG,2016,26.0938878488799,22.5816,21.1490268860778,2.4962680453126,3.21486753032155,5.711135575634151
ARG,2017,25.2896011376779,24.5687,24.4836392943006,2.78500093366595,3.19025791652857,5.975258850194519
ARG,2018,30.7625359549926,24.393,23.8356244191513,4.11930419519493,0.475460975897366,4.5947651710922965
ARG,2019,32.6306150458499,23.876,15.9897359980845,3.59772172153483,0.440466498242655,4.038188219777485
ARG,2020,30.203698807416,16.6691,15.4159862736889,2.67898842404181,0.217988929465899,2.896977353507709
ARG,2021,33.078689567466,17.7702,16.111821790222,2.64279316542856,0.0559330328460208,2.6987261982745805
ARG,2022,31.5801792606256,19.821,17.9917815681201,6.17703046770052,0.279738031699619,6.456768499400139
ARG,2023,26.6769512482215,21.8024,9.13018871139403,8.81364245499018,0.39379723312782,9.207439688118
ARG,2024,27.929760849367,20.046,12.1967144997341,8.77014211533671,0.170904833823205,8.941046949159915
ARM,2002,73.9845018432309,12.794,25.0632144034571,3.17595536456295,14.445423781967,17.62137914652995
ARM,2003,80.0513676022426,20.2391,25.1475013189965,1.96269179078979,19.2133766077605,21.176068398550292
ARM,2004,73.0706339919371,19.4505,25.9858192104295,3.05202767195407,21.287034246159,24.339061918113067
ARM,2005,70.1397385835334,15.1206,33.9867997524662,2.21920980265978,9.40870946056114,11.62791926322092
ARM,2006,61.0301379818566,14.3467,50.1157712953939,2.03225317294973,23.5372102420667,25.56946341501643
ARM,2007,56.9750470853147,16.2442,53.8327542010855,1.19645999429122,31.4565241791176,32.65298417340882
ARM,2008,54.5423279613666,14.4161,38.9426901449574,0.259782913208907,28.548310685311,28.808093598519907
ARM,2009,57.2742357441995,10.7228,40.6006069455793,0.0903876860458172,44.0860659129662,44.176453599012014
ARM,2010,64.642975973633,10.3967,29.5825877386077,3.02154436932198,50.7772242753667,53.79876864468868
ARM,2011,69.4355736620453,12.1942,26.0764547850923,7.83107688026681,47.3695609850977,55.20063786536451
ARM,2012,75.9616759606704,11.0205,23.5502746435028,7.4451684844257,40.221886097324,47.6670545817497
ARM,2013,77.5550481598824,13.2457,25.9369520862327,5.74395895307294,37.4789355590973,43.22289451217024
ARM,2014,75.778866962639,10.6154,17.4088735967411,5.94447107873547,35.230494315673,41.17496539440847
ARM,2015,71.6820743427575,7.515,20.1029241054579,5.9197338745284,40.9761824108989,46.8959162854273
ARM,2016,76.0779674593548,10.8731,22.3640247985952,3.48883009523153,34.6664941240264,38.15532421925793
ARM,2017,87.202376539837,8.6883,22.6246288769631,3.58398830414633,39.4460702351596,43.030058539305934
ARM,2018,92.473107021212,10.5701,21.0645038788923,3.7309961281298,33.9061842659703,37.637180394100106
ARM,2019,97.847004865327,13.4175,23.9778537148483,2.85017379117155,36.1418001345159,38.99197392568745
ARM,2020,70.1213571368789,12.2714,20.0242960055279,3.0020518152451,36.820585926971,39.8226377422161
ARM,2021,79.2489057647112,10.8547,23.0052590584504,1.84437960576672,39.6480325509172,41.49241215668392
ARM,2022,103.878629213508,20.3501,25.809119072306,1.90126435030844,21.8592963976107,23.76056074791914
ARM,2023,123.418750077627,19.6155,22.7761912444093,0.893985811730312,14.7119096760444,15.605895487774712
ARM,2024,150.064726588742,21.3397,22.4761097067798,0.679482108248347,16.1462440928624,16.825726201110747
ABW,2009,137.556575933708,,,0.00955674346080584,0.173127115119192,0.18268385857999783
ABW,2010,135.464654677581,,,0.106446012341249,0.203725059530665,0.310171071871914
ABW,2011,154.437786862887,,,0.0107756603770306,1.29325828901818,1.3040339493952107
ABW,2012,156.645197205944,,,0.0469829005505492,1.9733066698771,2.020289570427649
ABW,2013,155.731904522973,,,0.00338457142104372,1.82475490320263,1.8281394746236737
ABW,2014,156.491052864098,,,0.24352175025681,2.58868403929088,2.83220578954769
ABW,2015,140.493001133496,,,0.197299260830369,4.37936083511966,4.576660095950029
ABW,2016,136.887263320827,,,0.104981848860667,12.8205281680644,12.925510016925067
ABW,2017,138.716620095236,,,0.115122321702268,17.1621313741709,17.27725369587317
ABW,2018,138.824972245657,,,0.0596714795288132,6.46186099415558,6.521532473684393
ABW,2019,137.923249273411,,,0.0108719232886248,5.64271256444269,5.653584487731315
ABW,2020,123.24050373078,,,0.0453619365164954,4.16334665433535,4.208708590851845
ABW,2021,139.510902584073,,,0.028564634582758,3.68467599944075,3.7132406340235082
ABW,2022,160.558140997897,,,0.0231820084331402,6.71883194281519,6.74201395124833
ABW,2023,153.719158343959,,,0.0602540892919389,6.76571849783155,6.825972587123489
AUS,2002,41.3813128146921,,,20.6885878896859,18.2467566917432,38.9353445814291
AUS,2003,40.1348011794482,,,19.7891403177955,18.5657879828597,38.3549283006552
AUS,2004,36.9505159618289,,,20.2580997989942,19.8156853732279,40.0737851722221
AUS,2005,39.0978822564811,,,25.5954420135177,23.0063825416372,48.601824555154906
AUS,2006,41.4878923489153,,,24.0426378728198,27.362988550363,51.405626423182795
AUS,2007,41.9297451276561,,,22.753481991862,29.0846590114225,51.8381410032845
AUS,2008,42.7522207880308,,,32.0401854111947,27.8135739734934,59.853759384688104
AUS,2009,45.5936120867789,,,29.5069766889764,27.6964739947355,57.2034506837119
AUS,2010,40.3905070860606,,,28.8807033400941,33.9592479625193,62.8399513026134
AUS,2011,41.7219860149689,,,28.1410909707876,36.6251497222705,64.76624069305811
AUS,2012,43.0198495527558,,,28.4455055361525,34.1293825867081,62.5748881228606
AUS,2013,41.100511881056,,,25.8653275837181,38.2226138969482,64.0879414806663
AUS,2014,42.2993095385282,,,26.5990592811953,37.0261770580942,63.6252363392895
AUS,2015,41.4947506939901,,,25.2908141411795,32.1805032494418,57.471317390621294
AUS,2016,40.813402217321,,,25.5970925023236,31.5276869213515,57.1247794236751
AUS,2017,42.0354135251854,,,30.3161990720307,31.3992387696894,61.7154378417201
AUS,2018,43.5732253645218,,,35.535320392044,29.7317933529164,65.2671137449604
AUS,2019,46.0016827052171,,,32.4480251523319,34.4951798416859,66.9432049940178
AUS,2020,44.499564103879,,,21.3125228177134,40.6984142625159,62.0109370802293
AUS,2021,40.2022359390595,,,27.706071696529,42.8423223013758,70.54839399790481
AUS,2022,45.6946418805752,,,42.6954661318656,30.1757700607275,72.8712361925931
AUS,2023,49.044339318428,,,34.9834475509909,35.3042339341114,70.2876814851023
AUS,2024,47.1453811065195,,,33.1901228403116,34.1553248854625,67.34544772577411
AUS,2025,45.9014493880126,,,26.8943988141127,34.6431987175618,61.53759753167451
AUT,2002,87.5844937054619,,,2.24906607244156,2.24138777755563,4.4904538499971896
AUT,2003,86.8822263228608,,,2.5489056418814,2.51799343005021,5.06689907193161
AUT,2004,91.4742201880009,,,3.17656995734426,2.60321583463051,5.779785791974771
AUT,2005,94.6747547827805,,,4.60333218495356,2.70396684717196,7.3072990321255205
AUT,2006,98.7857253161241,,,5.2681877115794,3.27475544453107,8.54294315611047
AUT,2007,101.36495843546,,,2.66455677761046,3.35847359103035,6.023030368640811
AUT,2008,102.7437043613,,,3.35651236700774,3.37659472741913,6.73310709442687
AUT,2009,87.6004931021953,,,3.44074449282016,3.07543478256446,6.516179275384619
AUT,2010,99.6448825546716,,,3.21014269226814,3.83863185955932,7.04877455182746
AUT,2011,105.775098372378,,,3.37634985098465,3.82212306620259,7.198472917187241
AUT,2012,105.840791389706,,,3.66210720141734,3.72523120716525,7.38733840858259
AUT,2013,104.985374015367,,,2.70144215235651,3.23948473319676,5.94092688555327
AUT,2014,104.49673998926,,,2.39395279884492,3.07965916100777,5.47361195985269
AUT,2015,103.11758174626,,,1.96118695545097,3.27015967706261,5.23134663251358
AUT,2016,101.573494597172,,,1.69166556589744,3.14265791076177,4.834323476659209
AUT,2017,105.556066755438,,,1.8985454600636,3.39543254731648,5.29397800738008
AUT,2018,108.377969971828,,,2.09499489553737,3.1315905069502,5.22658540248757
AUT,2019,108.207284904426,,,2.2180900828378,2.90741836568379,5.12550844852159
AUT,2020,99.9482141095975,,,1.94118859387382,2.99075729896985,4.93194589284367
AUT,2021,111.032932124165,,,2.47004433673372,3.46976797539861,5.9398123121323305
AUT,2022,123.579578652902,,,3.8671447462232,3.44223633456495,7.30938108078815
AUT,2023,115.152914822732,,,3.56336364584427,3.02826727077609,6.59163091662036
AUT,2024,108.825777834405,,,2.77111216210029,3.27026243038932,6.0413745924896105
AZE,2002,92.8181443298969,4.8411,42.3396697839358,88.9208300128298,0.832718306060542,89.75354831889034
AZE,2003,107.551948506262,5.257,40.9766449688171,86.0089729413218,2.31054578108109,88.31951872240289
AZE,2004,121.507115894117,6.2939,49.0328993417294,82.2163751465054,2.80245606627803,85.01883121278343
AZE,2005,115.841884607706,8.1936,51.8817088305981,76.7637229555425,3.66815156425269,80.4318745197952
AZE,2006,105.262399846369,18.4371,88.6534658294577,84.5911224641435,3.77277718486295,88.36389964900644
AZE,2007,96.6418081486575,28.8451,108.885558294982,81.3989395177286,2.81091859291466,84.20985811064327
AZE,2008,89.2428968637573,25.1181,142.997640976669,97.082781910105,0.403601395200117,97.48638330530511
AZE,2009,74.7440416836369,12.992,117.121445646584,92.8567081297116,0.273775066472502,93.1304831961841
AZE,2010,74.9859884610856,13.7121,87.9700122168433,94.5094608476658,0.118246246777953,94.62770709444376
AZE,2011,80.5080450059522,1.1784,133.045169168427,94.7473907889811,0.194087430095086,94.94147821907617
AZE,2012,78.263069540422,15.024,103.874731461939,93.4193317126618,0.704493440603918,94.12382515326571
AZE,2013,74.6758447629851,15.145,143.206712543572,92.9958063644981,0.487873498318595,93.48367986281669
AZE,2014,69.4832251953347,16.6763,128.767205520909,92.7612993182849,0.512269048937149,93.27356836722204
AZE,2015,72.6015079073189,11.7422,53.6498229835831,88.4616496005164,0.863908492008998,89.3255580925254
AZE,2016,90.0773187345677,9.6475,46.2934549156154,91.6996216529,1.0959919101039,92.79561356300391
AZE,2017,90.4023156823216,4.4104,45.9295554056563,90.5986895127131,1.21424571242954,91.81293522514264
AZE,2018,91.6725765369825,3.4604,40.6734000451244,91.7363919755309,0.918083805378015,92.65447578090892
AZE,2019,85.8181454084561,3.7526,43.0074672150871,90.654373992013,0.999163914865887,91.6535379068789
AZE,2020,72.0178676487811,2.7597,47.4538716458074,87.2469415054118,1.29170993599265,88.53865144140445
AZE,2021,76.286865687015,0,53.2195100341387,88.4074490811342,1.24163681141355,89.64908589254776
AZE,2022,86.9822732541779,3.2754,73.3520002245554,92.537559408706,0.777041765952475,93.31460117465848
AZE,2023,83.5358861156321,4.0888,91.7206813783522,91.499871108591,0.762659458805416,92.26253056739641
AZE,2024,82.5675246316515,1.7904,104.096118672557,87.9785269977749,1.02707733667075,89.00560433444565
AZE,2025,79.8295815452306,,,85.9240304942722,1.52277391038872,87.44680440466092
BHR,2002,131.133634216392,,,69.3664039673791,17.4608099674132,86.8272139347923
BHR,2003,128.091582155216,,,72.5185966870439,17.2730286341837,89.7916253212276
BHR,2004,140.737310039923,,,75.5437259663915,15.3212359978619,90.86496196425341
BHR,2005,148.313525108923,,,78.1592802795663,15.2279471863808,93.3872274659471
BHR,2006,147.104181068989,,,80.5878626999227,13.8293818588166,94.4172445587393
BHR,2007,137.785050572304,,,80.8287980658625,10.8142981960867,91.6430962619492
BHR,2008,145.882511145821,,,69.062284938086,17.0844162960393,86.14670123412529
BHR,2009,117.963725409489,,,68.6020433823247,15.3644145121216,83.9664578944463
BHR,2010,115.561486449616,,,74.3474756294398,18.0993102406196,92.4467858700594
BHR,2011,167.529641035854,,,71.8441684413074,21.4450767553946,93.289245196702
BHR,2012,178.824020821684,,,64.1472033708371,21.0929435373761,85.2401469082132
BHR,2013,184.58950884485,,,59.0027891704387,18.3403450533954,77.3431342238341
BHR,2014,168.57585814186,,,66.8346508823664,15.091486540845,81.9261374232114
BHR,2015,147.916060172904,,,50.3566602372733,22.8877066172616,73.2443668545349
BHR,2016,132.822997902774,,,45.0173153136849,28.0139463125409,73.0312616262258
BHR,2017,136.429239810394,,,50.1771114184211,24.8675918731589,75.04470329157999
BHR,2018,144.075372574535,,,53.3203933261076,22.7763946036025,76.0967879297101
BHR,2019,135.417543398211,,,42.1282144838203,23.7550562090269,65.8832706928472
BHR,2020,135.460985012931,,,29.8191901321903,31.1602640812126,60.9794542134029
BHR,2021,153.799316485108,,,0.0520982100390362,41.522451201791,41.574549411830034
BHR,2022,167.141241152535,,,0.0426131887253156,44.1100396241829,44.152652812908215
BHR,2023,157.447854682297,,,0.252930709797225,62.3200686306776,62.57299934047483
BHR,2024,157.480869430187,,,3.71894251415909e-4,64.7786518591568,64.77902375340821
BGD,2002,28.9673807211649,3.4282,10.317457957716,0.305510455605223,0.0410228945664486,0.3465333501716716
BGD,2003,27.657884900158,3.3459,14.2330258441052,0.32333946274161,0.0234516661687324,0.3467911289103424
BGD,2004,26.8582341492431,3.6116,16.3424347662756,0.468507399136077,0.159890241832099,0.628397640968176
BGD,2005,34.396934864465,3.7206,15.2677497212828,0.579319820624958,0.197936065954641,0.777255886579599
BGD,2006,38.1119244325921,5.8429,19.2310716656831,0.761449863704974,0.334982177296064,1.096432041001038
BGD,2007,39.9423826531735,6.3635,24.519564425641,1.62282630256016,0.425047394742913,2.047873697303073
BGD,2008,42.6209140325589,8.1104,24.7885228337317,1.41061914831305,0.326725359622683,1.7373445079357328
BGD,2009,40.092796223023,7.6181,40.7503640612413,1.72665865195063,0.331266388916683,2.057925040867313
BGD,2010,37.8028426708321,11.092,42.0552900501765,1.87340450699641,0.461533261380147,2.334937768376557
BGD,2011,47.4208498356898,7.7768,33.9226537610405,1.15197562004724,0.448393262306309,1.600368882353549
BGD,2012,48.1109227490467,6.7127,43.7448109265041,1.82373354611352,0.417876025550295,2.241609571663815
BGD,2013,46.2964027228174,11.5015,55.7321325905839,1.13549487669373,0.314194015485004,1.449688892178734
BGD,2015,42.0859963070382,17.1025,70.9115641691622,0.561290711404927,0.171611767409981,0.732902478814908
BGD,2016,31.3341501346142,18.8471,77.6627826782279,0.799979316816806,0.199272689588463,0.999252006405269
BGD,2017,29.9997306724343,21.0795,65.464277679013,0.682738569544682,0.27752243063948,0.960261000184162
BGD,2018,32.5146317240884,15.8062,56.0667416901543,1.09687826106508,0.293795364051544,1.390673625116624
BRB,2002,,,,3.73760032054702,0.267299366235007,4.004899686782027
BRB,2003,,,,7.46599553600199,0.248965013559044,7.714960549561034
BRB,2004,,,,8.82521057867061,0.90613929572652,9.73134987439713
BRB,2005,,,,7.98236011070781,1.04846695480096,9.03082706550877
BRB,2006,,,,9.42184797011257,1.50545438389599,10.92730235400856
BRB,2007,,,,22.9869568801375,2.35329767281046,25.34025455294796
BRB,2008,,,,8.50996783072109,2.70525018431841,11.2152180150395
BRB,2009,,,,5.18456879487088,1.61300099265184,6.79756978752272
BRB,2010,,,,0.0215007876587993,1.01756538281327,1.0390661704720694
BRB,2011,,,,7.36580750644772,1.02356517998682,8.389372686434541
BRB,2012,,,,10.7950394747413,0.770534088698877,11.565573563440177
BRB,2013,,,,9.10293159403012,0.969629793579988,10.072561387610108
BRB,2014,,,,9.33818103701665,1.24356355057018,10.58174458758683
BRB,2015,,,,5.52690134911485,0.992124595163528,6.519025944278378
BRB,2016,,,,3.52972091368079,0.699242972272679,4.228963885953469
BRB,2017,,,,5.19912675338697,0.744969770357196,5.944096523744166
BRB,2018,,,,4.63274425971415,1.43572166566511,6.06846592537926
BRB,2019,,,,28.6991817107129,1.52044437203694,30.21962608274984
BRB,2020,,,,4.77621164002592,2.77842723237982,7.55463887240574
BRB,2021,,,,4.66497674571382,2.62466513476253,7.289641880476349
BRB,2022,,,,9.75673125996316,3.7291549541843,13.48588621414746
BRB,2023,,,,8.61083535758761,6.72142012750725,15.332255485094862
BRB,2024,,,,8.01009522603034,7.62916158715904,15.63925681318938
BLR,2002,131.002058282291,47.926,20.2224100029647,20.2522119679159,1.33298931592816,21.58520128384406
BLR,2003,134.141852273225,52.2527,16.8416526753307,22.0611954944767,0.981971061661872,23.043166556138573
BLR,2004,142.136510387704,63.8083,18.1894121893107,26.8898936681252,0.734917886077151,27.624811554202353
BLR,2005,118.88435169233,66.0932,25.3165072259079,34.7813440418958,0.531004118882829,35.312348160778626
BLR,2006,124.295103889386,66.7782,21.1275442955884,38.31545746177,0.492787628898696,38.8082450906687
BLR,2007,128.153877979073,58.7665,33.3589348579889,35.0680059075822,0.654563966483715,35.72256987406591
BLR,2008,129.599478545475,49.8781,20.2150382121315,37.1188986398407,0.50992269282586,37.62882133266656
BLR,2009,108.63564482836,41.108,25.5459693030571,37.44466887987,0.594920082534629,38.03958896240463
BLR,2010,115.917972989303,41.7558,17.6876484330789,27.7492513357239,0.704441491780973,28.453692827504874
BLR,2011,157.974255073313,39.6241,23.1732856665727,35.0487528909667,0.59268245732263,35.641435348289335
BLR,2012,153.085269313372,34.4691,23.9810899688808,35.5859989815444,0.612967215433543,36.19896619697794
BLR,2013,119.815965235724,35.5341,16.8148435583615,32.372417741947,0.912586019560614,33.28500376150761
BLR,2014,110.651424367582,32.0574,12.664909807008,33.4920515927579,0.862393216943491,34.35444480970139
BLR,2015,115.914826201946,29.9924,10.9070151443608,29.1387059964971,0.924685139506525,30.063391136003627
BLR,2016,125.209322899662,28.3131,13.081391526721,20.5995665315743,1.23443353839957,21.83400006997387
BLR,2017,133.367754723012,24.5668,18.4801835036805,23.5673852175462,1.24287299184423,24.81025820939043
BLR,2018,139.393736250171,24.572,18.4627536248226,25.1356889584766,1.09428113528576,26.22997009376236
BLR,2019,130.850406102184,25.0367,23.0613001630684,20.6985181763427,1.19713012809201,21.895648304434708
BLR,2020,118.934176146534,24.1229,17.8701144385843,12.612946389206,1.25760287868434,13.87054926789034
BEL,2002,136.085149488081,,,4.34668748676423,2.25101082413828,6.59769831090251
BEL,2003,132.715552833888,,,5.34845991089838,2.11990649413701,7.46836640503539
BEL,2004,136.918405348432,,,5.76918485611779,2.52377003609957,8.29295489221736
BEL,2005,144.529050669983,,,7.07173210089715,2.59857311443977,9.67030521533692
BEL,2006,149.567509299511,,,7.94534285062889,3.50468918414622,11.45003203477511
BEL,2007,152.468446875303,,,7.08101586489845,3.65372451520351,10.73474038010196
BEL,2008,161.088447790447,,,9.30589462902827,3.30904384994604,12.61493847897431
BEL,2009,135.13840572229,,,7.51109808223464,2.71486724599043,10.22596532822507
BEL,2010,150.162563621427,,,10.3739901023143,4.28571775446529,14.65970785677959
BEL,2011,160.765516888126,,,12.1931618935507,4.20088249123054,16.39404438478124
BEL,2012,160.383301425059,,,13.0325708988809,4.1306352162829,17.1632061151638
BEL,2013,157.573622782434,,,13.3095614294528,3.31591363730275,16.625475066755552
BEL,2014,158.571610953523,,,11.412711291998,2.7948775193134,14.2075888113114
BEL,2015,155.068682045926,,,8.79106425780424,2.78669944994158,11.57776370774582
BEL,2016,159.057696611945,,,6.4322902040803,2.41418719107926,8.84647739515956
BEL,2017,166.904078237791,,,7.24844554179977,2.7066942443397,9.955139786139469
BEL,2018,168.277692877218,,,8.57049718783793,3.5123631521487,12.08286033998663
BEL,2019,165.46547893199,,,7.37737113355612,3.78378864789919,11.16115978145531
BEL,2020,156.950121282783,,,5.01820736696729,4.36795342800232,9.386160794969609
BEL,2021,177.381912201075,,,8.81647347599391,4.92750514871567,13.74397862470958
BEL,2022,191.053418131592,,,20.0905155012378,3.9270101316318,24.0175256328696
BEL,2023,165.987440736442,,,13.169192837343,3.67137717060197,16.84057000794497
BEL,2024,159.023481148927,,,11.6008457411399,3.51802851603446,15.11887425717436
BLZ,2003,94.3631228859413,7.6274,7.97603665040269,0,9.66603817149925e-4,9.66603817149925e-4
BLZ,2004,86.3853536846826,0.1354,4.99593770724987,0,0.0158014912910243,0.0158014912910243
BLZ,2005,92.9971266332515,0.67,6.97420888353491,9.66092252654547e-5,0.0213526205113632,0.021449229736628654
BLZ,2006,98.8810743235728,0.7327,10.7871576101921,16.5478630134207,3.0049612469423e-4,16.548163509545393
BLZ,2007,95.9555511519831,0.6763,10.0895181042337,28.2080349952341,0.00201298987487365,28.210047985108975
BLZ,2008,105.461874277231,0.5866,13.0243875497991,40.2623125180607,0.00489429493888928,40.26720681299959
BLZ,2009,89.5808843860925,0.7365,16.5496119368874,25.8085704366833,4.66900444325505e-4,25.809037337127627
BLZ,2010,94.8581591507411,0.5301,16.7193515154338,37.1944862769906,1.6704211016779e-4,37.19465331910077
BLZ,2011,106.914960208874,0.6133,18.601737160654,44.5580996301928,2.5566940342559e-4,44.55835529959622
BLZ,2012,111.166652365429,0.513,24.1503780220397,27.4551312552667,7.20932903446682e-4,27.455852188170148
BLZ,2013,108.672614067831,0.458,32.2418495002666,20.9670865539507,0.0106100068352302,20.97769656078593
BLZ,2014,107.112517468788,0.4222,37.8351756496298,16.6705063912502,0.197689502696228,16.868195893946428
BLZ,2015,104.070958799941,0.5539,34.1441732760708,6.83236378761448,0.12295214623729,6.95531593385177
BLZ,2016,96.4998358304218,0.3174,29.186674977094,5.65364617406328,0.186814220100827,5.840460394164108
BLZ,2017,97.7072571800462,0.3586,23.3044181726528,5.15055462425894,0.255115152435969,5.405669776694909
BLZ,2018,100.989214362975,0.2692,21.8225401369113,6.265705329514,0.532374635412515,6.798079964926515
BLZ,2019,102.441856907677,0.3054,20.1452180597144,4.92119659816311,0.604867424732142,5.526064022895252
BLZ,2020,81.6431433128545,0.5228,22.7828036933756,1.33446382524292,0.559066913235734,1.893530738478654
BLZ,2021,98.9824369429997,0.6761,28.9300835883671,1.9752485159619,1.02940939359212,3.00465790955402
BLZ,2022,107.840250086037,0.6706,32.772425183168,0.490776969983607,0.690884201579686,1.181661171563293
BLZ,2023,106.400505850771,0.7638,31.2012141316462,0.358392074557063,0.716152282718424,1.074544357275487
BLZ,2024,108.972446521476,0.8433,31.9503098720715,0.00484169297304625,0.435202560735789,0.44004425370883526
BLZ,2025,,,,0.00968208800627305,0.578463558546483,0.588145646552756
BEN,2002,43.7684225364311,12.2049,,0.232344230707454,0.113155802213012,0.345500032920466
BEN,2003,41.6162305574334,9.3013,,0,0.168931912483678,0.168931912483678
BEN,2004,39.9029743365096,15.9927,,0,0.374631626779775,0.374631626779775
BEN,2005,39.0959311879142,13.7224,,0,0.549277174532844,0.549277174532844
BEN,2006,39.7746987128551,36.6579,,0.381017075307626,0.642109709843069,1.023126785150695
BEN,2007,49.1137841529705,29.163,,3.06388129136822,1.16023297032455,4.22411426169277
BEN,2008,47.7753592695169,28.8875,,0.266725846929541,1.78064272230666,2.047368569236201
BEN,2009,44.7026290629806,28.5887,,0.00831790015687306,0.717989245392386,0.726307145549259
BEN,2010,51.4308599492924,28.8059,,0.0107280032335427,0.99834562553885,1.0090736287723927
BEN,2011,47.2170288118403,32.954,,0.105567023678659,3.57189559019471,3.6774626138733693
BEN,2012,50.7367367791134,36.4578,,0.00511876177575908,2.23392683287111,2.239045594646869
BEN,2013,59.2001918331875,32.9829,,0.00237065230925798,2.87445918505393,2.876829837363188
BEN,2014,65.2682749404551,36.7196,,0.254303969330284,4.37903960709347,4.633343576423754
BEN,2015,56.7563131849476,35.7424,,0.0143291813305386,1.93424573435646,1.9485749156869987
BEN,2016,58.9869283378276,25.8247,,0.046990129189722,2.334836574266,2.3818267034557223
BEN,2017,61.4765969588474,19.1984,,0.0293425152703835,0.536547485699829,0.5658900009702125
BEN,2018,61.7951944903448,30.1014,,0.00438671659822245,0.221962327295871,0.22634904389409347
BEN,2019,63.68133231423,18.9051,,0.0242825113208234,0.133769155928354,0.1580516672491774
BEN,2020,44.8332333768726,17.2749,,0.0148050014116978,0.0730241971742847,0.0878291985859825
BEN,2021,48.0548608324409,17.3177,,0.0043567532119519,0.19442028260652,0.1987770358184719
BEN,2022,44.3815928877424,15.1548,,0.00331545034449681,0.357911777997014,0.36122722834151083
BEN,2023,44.6631308180211,10.3235,,0.00158718126210844,0.262688240888072,0.26427542215018046
BEN,2024,40.6398022401523,8.9652,,5.14745189857092e-6,0.0708610340008799,0.07086618145277847
BMU,2012,73.7823030616219,,,6.32006619145502,0.00381330277426609,6.323879494229286
BMU,2015,73.2954985174785,,,0.0476663771117887,0.0332040967569467,0.0808704738687354
BMU,2016,72.7499093828891,,,0.188436539399564,0.0307067518424352,0.21914329124199922
BMU,2017,72.3924284503794,,,0.151351973732955,0.0490028841356867,0.2003548578686417
BMU,2018,77.5552703807388,,,0.05428059229872,0.025894247335234,0.080174839633954
BMU,2019,77.5601016506443,,,0.0105468909554335,0.0076735153629815,0.018220406318414997
BMU,2020,70.5898221728952,,,0.0420551207893841,0.00491009500876803,0.04696521579815213
BMU,2021,72.9270921395872,,,0.0238260476397317,0.00318518842677152,0.02701123606650322
BMU,2022,77.9770526954316,,,0.0247682569255673,0.0323413065804343,0.0571095635060016
BMU,2023,77.6465295570053,,,0.00539830469000942,0.0338841219569918,0.03928242664700122
BMU,2024,80.2060884448408,,,4.11203555491298e-4,0.00379302354389126,0.004204227099382558
BTN,2005,97.7434135429344,1.9,71.1886434653154,30.9371095810558,8.37028143043405,39.30739101148985
BTN,2006,108.157794891125,2.2187,75.6226911411035,27.1858253436532,11.682288440842,38.8681137844952
BTN,2007,106.929022415,2.2465,87.2461399836154,36.5144600023802,14.8806861198291,51.3951461222093
BTN,2008,101.954235669521,1.1542,110.349130049691,48.9175130454485,1.30154272797893,50.21905577342743
BTN,2009,101.559411565244,0.6356,113.266122279805,42.4687234160254,10.2339953444031,52.702718760428496
BTN,2010,105.010666693593,0.6419,107.223166640726,1.17938116636528,21.9335876606203,23.11296882698558
BTN,2011,102.795600221106,0.7473,73.7645463454406,1.32603384643971,21.4084610573437,22.73449490378341
BTN,2012,94.0450271469571,5.1736,65.8558290345514,32.9166462100962,11.5094290221172,44.42607523221339
BTN,2016,76.3847528498375,0.0036,47.1729220112149,0.359959674945716,15.2900564619917,15.650016136937415
BTN,2017,76.7884016850221,0.111,44.5443158197883,0.837284350231017,17.1860065542424,18.023290904473416
BTN,2018,79.7397203296083,0.1626,37.2268313013716,0.923853378618622,20.7580663311228,21.681919709741422
BTN,2019,76.1235167041505,0.9906,44.1675414959742,0.564427068374655,33.939135678699,34.50356274707366
BTN,2020,71.8303510394637,0.0449,44.084711244871,0.031781268967114,23.0631201264381,23.094901395405216
BTN,2022,85.5712165226139,0.1743,26.1294905950373,8.49772301445061e-4,21.9845199576436,21.985369729945045
BTN,2023,81.7366278539811,0.0284,20.034922230407,1.26714234700656e-4,28.198015003149,28.1981417173837
BTN,2025,,,,1.36608692237691e-4,25.9975941717936,25.99773078048584
BOL,2002,49.3502603725957,7.2449,17.4804802175194,24.9742676784933,18.5272050685105,43.5014727470038
BOL,2003,51.967836443987,5.6618,18.7059258345077,30.1389419296459,17.6932791680357,47.8322210976816
BOL,2004,57.4642660901316,4.3344,20.2311948579188,37.5739969111581,18.5649435013146,56.13894041247269
BOL,2005,67.6419413613743,2.6084,25.7617303224468,47.8301459653094,16.3854420918351,64.2155880571445
BOL,2006,74.537848431547,9.8277,51.0566047007599,48.8382325972114,22.0373220569285,70.8755546541399
BOL,2007,76.0619114476148,4.4029,104.913345454048,47.5095338694939,26.2629671426936,73.7725010121875
BOL,2008,82.8670208961798,4.7365,135.409787673927,51.1866049934702,25.8817263896327,77.0683313831029
BOL,2009,68.6270739127592,5.2661,148.340758796825,39.5433516744626,31.9678407586727,71.5111924331353
BOL,2010,75.5116262512877,5.8225,168.45280249749499,43.2688115125649,32.876655560038,76.14546707260291
BOL,2011,82.4803954243518,5.2368,194.025796807015,45.3581817460597,34.4913812656436,79.8495630117033
BOL,2012,84.9487611684942,4.9834,210.428882034944,50.0146584363154,22.3428743824272,72.3575328187426
BOL,2013,81.2309075267174,3.0754,177.222385250549,54.5398474110676,20.5196465688681,75.0594939799357
BOL,2014,85.2644695625131,3.2519,170.297758297854,51.740358250386,19.8526075048587,71.5929657552447
BOL,2015,67.9328451905248,4.3051,131.878236973897,46.1471961581206,24.2831109200154,70.430307078136
BOL,2016,56.4010345026573,4.3204,91.4443892669961,31.1663267980126,32.6279589961985,63.794285794211106
BOL,2017,45.5761123650708,2.0785,78.8754726509033,33.2474626156162,34.6200209998608,67.867483615477
BOL,2018,46.9261953417368,5.3063,67.4015666576704,34.8526923233055,31.649587526274,66.5022798495795
BOL,2019,45.8209732749024,4.4564,45.1393716431982,32.0714901886577,28.7308578790733,60.802348067731
BOL,2020,37.5164342446486,3.7446,34.0284722019664,29.4701072049889,26.9900375271782,56.460144732167095
BOL,2021,47.6670843158984,4.7382,29.5163042137281,21.4767656503189,30.7299289920912,52.2066946424101
BOL,2022,57.5249335789631,3.9596,23.5529951100817,22.7288338190063,26.7709560207193,49.4997898397256
BOL,2023,49.6083255594597,4.8621,11.0350714087569,19.7390284484517,29.5215239053543,49.260552353806
BOL,2024,46.9778716148403,4.0423,12.5784309103071,18.9433899156143,43.5898503549869,62.5332402706012
BIH,2003,80.5694572639365,2.2939,40.0016333328699,4.48109797542237,14.1458087590531,18.62690673447547
BIH,2004,81.8126861817184,4.5123,43.4626047298721,7.81576837018185,16.9822050440838,24.79797341426565
BIH,2005,84.3554628217984,11.6067,36.0165042814636,8.88360780875633,22.5414758916863,31.42508370044263
BIH,2006,79.8299477752016,13.3597,42.242821884458,8.17226318795492,20.4268467439523,28.599109931907222
BIH,2007,83.551858889163,11.9069,43.2820521460693,7.91883942765507,17.5666810984185,25.485520526073568
BIH,2008,86.1628798430504,8.8147,33.983184152605,9.80567590825645,15.0294476539482,24.83512356220465
BIH,2009,73.7474942255023,10.3477,32.4928648727908,13.1911783291495,10.7185151072861,23.9096934364356
BIH,2010,80.9682159626823,8.0032,30.7253942732471,15.0867195793133,14.3518293177313,29.438548897044598
BIH,2011,87.8363477136556,10.7028,34.232582230897,13.9727649944684,14.7489634570659,28.7217284515343
BIH,2012,88.1451088628529,8.6685,33.6171002783203,8.96086345617272,13.8812201411414,22.842083597314122
BIH,2013,87.9312380280562,7.3703,36.0141763430431,11.384896219285,11.2081708994328,22.593067118717798
BIH,2014,90.5522780395662,5.9473,37.0142887410988,9.57797851169659,9.98664989459744,19.56462840629403
BIH,2015,88.291992587588,5.5471,41.1046253104467,7.01000092060972,9.04626554805388,16.0562664686636
BIH,2016,88.2440340022738,5.5482,44.0339757730232,6.79971818242652,7.31568328422097,14.11540146664749
BIH,2017,96.6458803566861,2.186,49.5595809392239,8.36280425942988,8.6133788945846,16.97618315401448
BIH,2018,98.4320694182631,22.8567,52.4472788370741,9.78065848601169,8.79749238974213,18.57815087575382
BIH,2019,94.516125154246,22.1271,56.7663415856987,8.09164661465603,6.95031546125849,15.041962075914519
BIH,2020,82.5216467994007,19.8782,62.2819521290763,6.74416697954237,5.5054757533271,12.24964273286947
BIH,2021,96.7391144408744,18.9512,68.9264335331916,8.53532677271493,9.55607236207608,18.09139913479101
BIH,2022,110.205283719751,19.5863,65.1912354434643,9.97765857658221,11.0691116965748,21.04677027315701
BIH,2023,99.6330317954442,20.8449,66.3735763351051,9.51399957988492,7.01678771456472,16.53078729444964
BIH,2024,94.7601778509961,22.1288,67.8177175008315,6.49177086548884,8.26696745615403,14.75873832164287
BIH,2025,95.1215717200063,,,6.50959880314454,9.70220134578208,16.21180014892662
BWA,2002,91.8357740585774,2.6457,1114.05678699853,0.0150951291427821,4.91441317938724,4.929508308530022
BWA,2003,85.8340425151264,4.4736,1038.6113916285601,0.0387045498035168,10.7245002172124,10.763204767015917
BWA,2004,90.9978228872631,4.0713,1097.60986919892,0.0353663109506885,11.2106514139581,11.24601772490879
BWA,2005,88.5053520573505,9.1197,1369.928922454,0.0896670943319664,11.4506030201838,11.540270114515767
BWA,2006,86.612433913524,0,2191.30845169159,0.139035466262334,16.6329202962184,16.771955762480736
BWA,2007,98.4965249407252,5.1741,2302.44161957135,0.248985732334312,23.2177835575531,23.466769289887413
BWA,2008,99.008222007989,10.0335,2033.10128091139,0.340599661785936,18.9550650392239,19.295664701009837
BWA,2009,88.4807886337378,9.6147,529.663216889198,0.31937447565658,15.7011045706592,16.02047904631578
BWA,2010,94.6390020873926,19.9232,436.385159533601,0.183842399501106,14.8128125013666,14.996654900867707
BWA,2011,98.9614677801469,16.9923,337.421678614236,0.671535557865948,8.65765255185259,9.329188109718539
BWA,2012,111.875280620952,16.5246,303.004443429937,0.983536494063304,9.36861731308661,10.352153807149914
BWA,2013,125.78303991122,16.7052,324.896734520726,0.683199567864681,9.17675940466915,9.859958972533832
BWA,2014,119.497541791464,16.8427,334.196373987034,0.721388991597743,6.87842773234643,7.599816723944173
BWA,2015,112.900891016005,17.301,339.457664192421,0.499566774779798,7.23455616795649,7.734122942736288
BWA,2016,100.464689766026,17.8611,338.90019048844,0.170072931434849,4.03406783470444,4.204140766139289
BWA,2017,81.9239513763494,6.2235,432.442116561293,0.150108239700374,2.5686042046248,2.718712444325174
BWA,2018,87.4551039946493,14.1413,375.25538337111,0.189801103867325,1.01152178764121,1.201322891508535
BWA,2019,83.0929813601175,8.8997,394.478446617987,0.293031074710632,0.782897705093807,1.075928779804439
BWA,2020,80.3250344865506,13.5849,308.230381544537,0.386274236787643,1.48964248285021,1.875916719637853
BWA,2021,91.0478497403998,7.8083,240.386165072404,0.389826717239094,2.50339632023003,2.893223037469124
BWA,2022,86.0696039867252,5.5939,213.65726831491,0.69397347454585,4.93737697816672,5.63135045271257
BWA,2023,70.1128327324509,13.2875,217.707693815969,0.667839081647159,10.746517291364,11.41435637301116
BRA,2002,27.6183574022309,10.0864,16.3108841746678,4.88298916852666,8.74037070967909,13.62335987820575
BRA,2003,28.1403847231593,10.4253,20.8968285410462,5.18581641390888,8.53329654962629,13.719112963535169
BRA,2004,29.6782524787535,11.4489,23.9856828473815,4.57386755418818,8.93935202180293,13.51321957599111
BRA,2005,27.0867952043315,12.7375,28.5612586000166,5.99044785506381,10.0039567544992,15.99440460956301
BRA,2006,26.04169989179,10.4594,44.1798907661141,7.6849024441964,11.5153137673912,19.200216211587602
BRA,2007,25.2926113755394,16.4592,75.6291960464507,8.3200987153992,11.824211244797,20.1443099601962
BRA,2008,27.257569417356,13.9353,73.6938698274653,9.54679022247767,12.9310514381352,22.477841660612867
BRA,2009,22.1059756060333,14.126,84.6932365251895,8.99747965310975,12.5107496684766,21.50822932158635
BRA,2010,22.772178113177,18.5865,81.8966425105897,9.90018294064999,18.1365432959484,28.03672623659839
BRA,2011,23.9344051758721,10.4295,87.1213007876383,10.5615058710782,20.1070531698883,30.6685590409665
BRA,2012,25.1142736107398,7.3968,84.7137024600593,11.0241509437928,16.3040965781489,27.328247521941698
BRA,2013,25.7859573274674,6.9266,74.1762629517995,7.66385116284542,17.5580001748735,25.221851337718917
BRA,2014,24.6854058131291,10.4461,65.2823505942913,9.34729459467066,15.4956460079532,24.84294060262386
BRA,2015,26.95362593736,9.6322,65.5993217832774,7.36062490155865,12.1341102758254,19.49473517738405
BRA,2016,24.5336820777006,10.5294,67.1843870480633,6.45092898767891,11.7957523334983,18.24668132117721
BRA,2017,24.3197343743057,9.6516,68.8683600237238,8.70889192124879,13.0831098475533,21.79200176880209
BRA,2018,28.8762033763866,11.9842,67.1805182543684,12.7686622344956,12.6374485933875,25.4061108278831
BRA,2019,28.8902578698964,13.9226,62.7537910605853,13.7087051192779,14.1508177854909,27.859522904768802
BRA,2020,32.3020785437939,12.5576,64.7361134180489,11.8904796185398,16.15139770501,28.0418773235498
BRA,2021,37.6563307598082,13.7874,63.412804189153,13.6578322774084,19.7712118224733,33.4290440998817
BRA,2022,38.8160659763397,11.6997,56.0499006823757,16.9977876592036,11.9487430335173,28.9465306927209
BRA,2023,33.6662298301438,13.2521,58.4505936079669,16.2396336722963,12.3830665434344,28.6227002157307
BRA,2024,35.5845239386244,13.9202,54.4594828398705,16.958206628778,12.6428158614818,29.6010224902598
BRA,2025,35.2914822615074,,,16.1168674307759,12.2050024227843,28.3218698535602
BGR,2002,75.269621415721,14.9682,39.358713259288,6.00638403640999,9.77907729735915,15.78546133376914
BGR,2003,79.0138894271643,18.6714,47.8670935674103,5.81062664539214,10.2773692422357,16.08799588762784
BGR,2004,93.0639046910296,19.6595,56.1790252120746,7.99389645248731,12.4085273371493,20.40242378963661
BGR,2005,99.714224874021,24.0037,46.9925699466908,10.3773641394536,14.2274001792765,24.6047643187301
BGR,2006,111.047459756649,28.7072,41.974808836245,13.2830276754215,20.1509339985827,33.4339616740042
BGR,2007,123.532578691039,32.0303,40.0355483282565,14.6037717311894,17.7706799962176,32.374451727407
BGR,2008,124.68876138203,34.5489,33.7880319148363,16.0612007530944,16.6980369422908,32.759237695385195
BGR,2009,92.6926410550003,31.9613,33.2635319971648,12.5832487308852,14.9950206940799,27.5782694249651
BGR,2010,103.380518426721,29.8699,33.9725935493527,13.2946322521776,16.8658433297609,30.1604755819385
BGR,2011,117.418101416931,26.9119,36.0618160382574,13.1295451738625,18.7636942529551,31.8932394268176
BGR,2012,123.97132336227,26.7942,39.8748882174313,16.170538450708,17.1531973742066,33.3237358249146
BGR,2013,129.688685003845,25.7951,38.4946572399017,14.7266669664733,15.9566320700464,30.6832990365197
BGR,2014,130.248372124871,23.6828,42.7609749309285,12.6042116928393,14.6635303250958,27.2677420179351
BGR,2015,126.736652288689,21.7263,54.863350610103,10.6156211238459,14.0130966871205,24.6287178109664
BGR,2016,122.805519071127,21.5265,62.9495632981558,9.01291878207578,11.488830046822,20.50174882889778
BGR,2017,129.634433774038,23.2646,69.2276725496065,9.90937160148424,14.1761487545018,24.08552035598604
BGR,2018,129.166502231244,23.8035,71.5924326477127,8.89258278500621,14.0561046130611,22.94868739806731
BGR,2019,125.260415075086,24.4308,68.8908263295596,9.52834880232102,12.7794276047779,22.30777640709892
BGR,2020,110.423903082333,25.339,80.781711681388,4.63757162036019,14.7513336995357,19.38890531989589
BGR,2021,121.214091012604,18.841,87.1869443872224,6.00494091479774,15.2812134441165,21.28615435891424
BGR,2022,138.844872770267,21.1636,86.8294173696535,12.1946716545187,13.122072543618,25.3167441981367
BGR,2023,119.899505851916,,,7.89104918636913,12.6457286634428,20.53677784981193
BGR,2024,110.226317731322,,,7.7644781218312,15.6388377530089,23.4033158748401
BFA,2002,31.3125228527966,0.718,,8.63672953402487e-4,0.0505931759200546,0.051456848873457084
BFA,2003,30.3682364077323,0.8043,,0.0392168571814168,0.0213163134052237,0.0605331705866405
BFA,2004,35.4809436017462,1.2391,,0.0416741597040804,0.151539848392103,0.1932140080961834
BFA,2005,34.1721697681049,1.1048,,0.0190765863294542,0.326762715126647,0.3458393014561012
BFA,2007,33.7797172895073,7.8705,,11.5064923076897,0.178953782654883,11.685446090344582
BFA,2008,35.3853169801502,0.3188,,13.9650548951695,0.211108783463173,14.176163678632673
BFA,2009,40.2959836735924,0,,9.91899952305688,0.273755032434139,10.19275455549102
BFA,2010,49.0732385398039,0,,2.81555837145725,0.491640973412152,3.307199344869402
BFA,2011,57.4972531038508,0,,2.34162617994846,0.32271966861051,2.6643458485589697
BFA,2012,61.2386079818398,0,,3.1238196970916,0.104225183245606,3.228044880337206
BFA,2013,64.0358513024234,0,,4.62626483089881,1.0683296718819,5.69459450278071
BFA,2014,58.8235624937426,0,,5.31459733428775,3.91985632282814,9.23445365711589
BFA,2015,59.0891813101662,0,,1.52651159000758,2.64907973391541,4.1755913239229905
BFA,2016,57.8931727994406,0,,0.423215904111974,3.70052450116218,4.1237404052741535
BFA,2017,59.2687802020168,0,,0.469899649942029,5.87685117621051,6.3467508261525385
BFA,2018,60.5956256236488,0,,0.828034728125843,5.856068296676,6.684103024801843
BFA,2019,60.4086928753226,0,,0.61215287637241,4.9165872152444,5.52874009161681
BFA,2020,60.7397786403239,0,,0.288204092292022,2.68969335407012,2.977897446362142
BFA,2021,62.4203586607795,0,,0.251332306917002,3.43899283581014,3.690325142727142
BFA,2022,67.5202901331655,0,,0.0103313189085969,1.43528940684307,1.445620725751667
BFA,2023,63.1530435873964,0,,0.0160865926865482,0.322414970435841,0.3385015631223892
BFA,2024,60.492898852298,0,,0.0208396744836875,0.247414696660435,0.2682543711441225
BDI,2003,,3.5269,4.996247180723,0.321407693409308,0.631444165985592,0.9528518593949
BDI,2004,,1.6614,4.87311300946989,0.00597765777574388,0.731753556244,0.7377312140197438
BDI,2005,,2.6447,7.80928543072218,0.0334083588515563,1.34042996357413,1.3738383224256863
BDI,2006,,2.7418,9.55888287372585,0,2.12838853762094,2.12838853762094
BDI,2007,,0.9789,12.5648814275369,3.78278962010338,2.06294116618935,5.84573078629273
BDI,2008,,1.2938,19.1713523432241,0.795630709133161,5.27097031201033,6.066601021143491
BDI,2009,,1.1528,53.2106344179644,1.39652274278431,3.59246932143744,4.98899206422175
BDI,2010,,2.5349,53.4860844226938,2.0684971085204,4.64547000400198,6.713967112522379
BDI,2011,,0.0698,48.8296493626849,0,5.71370430932496,5.71370430932496
BDI,2012,,1.0942,46.5047086848843,9.34357775887626e-5,7.47997046218224,7.480063897959829
BDI,2013,,4.5963,48.4120333544704,1.95383873247424e-4,5.34548600287672,5.345681386749968
BDI,2014,,6.9835,45.8871870992099,0.0327702577800271,2.69896464662459,2.7317349044046173
BDI,2015,,0.0422,21.7140448939051,0.00472582866856188,2.14053054373925,2.145256372407812
BDI,2016,,0.0438,15.7621319838246,0,3.86878972252472,3.86878972252472
BDI,2017,,0.0435,16.0090401663259,0.00100690518773408,5.67385991330614,5.674866818493874
BDI,2018,,0.0446,11.4735962192907,0.0120976852104859,8.70085637837147,8.712954063581956
BDI,2019,,0.0423,17.7149761871124,6.08940185484599e-4,7.82145535592867,7.822064296114155
BDI,2020,,0.0398,13.5804904150005,2.78971607149758e-4,5.87353339721305,5.8738123688202
BDI,2021,,0.0271,27.2715327193222,0.00674665519421405,10.216274425957,10.223021081151213
BDI,2022,,0.0279,16.7414939069207,0.0480615319376726,4.02652903670665,4.0745905686443225
BDI,2023,,0.0284,8.74039311681112,1.88698422568729,1.90126959438202,3.78825382006931
CPV,2005,104.343839857053,0.1968,36.5232961207803,0,0.0246615055571856,0.0246615055571856
CPV,2006,117.816697232822,0.1375,48.5575617849621,0,0.252610584713906,0.252610584713906
CPV,2007,94.2062075432498,0.2216,62.7754131414544,0,0,0
CPV,2009,80.4609561322904,0.2013,54.9109287999501,0,0.665352818458037,0.665352818458037
CPV,2010,85.5484498816191,0,43.1904364200831,0,0.886651706391125,0.886651706391125
CPV,2011,90.5564501122747,0,32.5118356177342,5.86435277576983e-4,0.942327818292646,0.942914253570223
CPV,2012,90.649916554117,22.3191,23.3776106102284,0,8.96488802989324e-5,8.96488802989324e-5
CPV,2019,103.602656463726,15.1147,34.2729983351114,0,0.162556583851755,0.162556583851755
CPV,2021,77.4550586265341,15.6804,31.3293377968434,0,0.173682604274348,0.173682604274348
CPV,2022,96.9941368513357,16.4615,30.3660227232231,0,0.00576283024949212,0.00576283024949212
CPV,2023,95.0324943346692,16.7177,34.0235392545612,0,5.83139625688506e-5,5.83139625688506e-5
KHM,2002,118.269562072288,0.002,38.1875517350876,6.63861490453446e-4,5.92878337197222e-4,0.001256739827650668
KHM,2003,120.074969093599,0.0014,36.6318181392395,9.46547702946242e-4,0.0199753195594025,0.02092186726234874
KHM,2004,131.351481056276,0.0011,38.6897402424635,0.00117347334534206,0.0072995346803209,0.00847300802566296
KHM,2005,133.551965265648,6e-4,39.4631733492496,7.95067134763237e-7,0.0149248014869918,0.014925596554126563
KHM,2008,130.393510678736,3.0603,99.6579282577158,1.23445790961278e-5,2.78724412660386,2.7872564711829564
KHM,2010,109.998400607758,9.4514,95.1779039640304,1.03593777569394e-4,0.130283280576471,0.1303868743540404
KHM,2012,116.740233418212,12.489,70.5213674959362,0.0146952518008779,0.157583279131326,0.1722785309322039
KHM,2013,124.887552768657,12.6348,65.5909032611767,9.0773896774651e-4,0.24245728980932,0.2433650287770665
KHM,2014,124.454908526693,13.0671,73.4148161117839,3.21354629705442e-7,0.259411640523026,0.2594119618776557
KHM,2015,122.109596815379,13.9823,78.1424206304612,2.94178463210652e-5,0.124488903858139,0.12451832170446006
KHM,2016,122.704555602667,17.1605,90.5621451315002,0.00771430550339896,0.127397850611072,0.13511215611447097
KHM,2017,121.155451298689,15.5528,106.712134273908,5.14269745698374e-6,0.28104413339852,0.281049276095977
KHM,2018,118.43765541305,17.4649,107.987312507338,7.11771727128381e-4,0.273950400208494,0.27466217193562237
KHM,2019,115.736679072448,22.2131,122.189546400821,6.86016223373177e-6,0.488076414316141,0.48808327447837474
KHM,2020,122.105396346568,21.4959,121.227102495065,2.05458542426352e-6,0.558161545736656,0.5581636003220802
KHM,2021,146.179846509715,22.131,101.094874959645,1.12840266428058e-4,1.17918260132275,1.179295441589178
KHM,2022,145.873632761406,20.5114,79.2095846353824,3.39233917665731e-6,1.11698274839515,1.1169861407343267
KHM,2023,134.206842395931,19.4039,88.684849592432,3.68599221364749e-6,2.39994779110805,2.3999514771002635
KHM,2024,143.447009703011,20.4818,107.285215601008,0.00124288090530598,2.32384862542691,2.325091506332216
CMR,2002,48.4817227279603,7.1519,6.22143057840454,49.1868871430921,4.32423576866907,53.51112291176117
CMR,2003,40.2431925894529,3.1607,5.71639891918845,48.803399799567,4.15754299713749,52.960942796704494
CMR,2004,41.8377424272557,5.0473,7.76019760785096,46.6846802011435,5.06553789677676,51.75021809792026
CMR,2005,44.9976813478478,4.3352,12.5290160988282,56.8647779866486,4.78205402791316,61.64683201456176
CMR,2006,47.1044341803567,14.4225,50.7600827145247,61.6106111571056,4.90759445036331,66.51820560746891
CMR,2007,53.2156908605178,7.6969,95.0152645333972,58.6794429285353,6.16185982086304,64.84130274939834
CMR,2008,56.9244171562734,1.4227,109.779667994316,1.24518390839419,12.7081290276679,13.95331293606209
CMR,2009,42.1761073594765,0.0784,113.535907056318,0.945267159471339,7.39040789002304,8.335675049494379
CMR,2010,47.2385853965951,0.272,114.183043856849,49.5472804943068,3.60510444872873,53.15238494303553
CMR,2011,51.521987603918,2.1975,103.367125077433,0.551609714806202,6.44601946508511,6.9976291798913115
CMR,2012,50.0360127271229,4.043,86.9544830110998,55.5396293908856,2.13266836486717,57.67229775575277
CMR,2013,49.6745363462134,8.5462,67.0530403516837,55.9326563524093,2.07848274318292,58.01113909559222
CMR,2014,50.8323893087648,3.0687,54.950901628458404,56.3232193165714,3.963613992554,60.2868333091254
CMR,2015,45.5401468279393,4.0911,48.409325339474,45.3849961218768,4.57387519048093,49.95887131235773
CMR,2016,40.6386315268268,3.3265,28.2084014112616,7.69262542590537,7.2820530562766,14.97467848218197
CMR,2017,39.1990216052629,5.2499,31.8093315326756,43.4494115764582,5.5909381172815404,49.04034969373974
CMR,2018,40.587602877028,3.9373,31.4343692468823,50.2692747814106,3.6994540520828,53.9687288334934
CMR,2019,43.3785132480415,2.918,28.7746550176534,54.0894133743251,2.87678049882067,56.96619387314577
CMR,2020,33.7388313623871,2.5008,26.9077020955959,45.6083100375046,3.30322583764507,48.911535875149674
CMR,2021,36.7308347188558,4.2269,27.9608443681917,51.8663592754246,2.0203363785866,53.8866956540112
CMR,2022,41.2866025594679,5.8098,33.9456107572576,62.1174175971395,1.70198514355599,63.81940274069549
CMR,2023,37.8903321242578,5.5705,31.6974350057547,54.0712041809673,2.21406928262342,56.28527346359072
CAN,2002,75.7069052324349,,,12.6185161385063,4.44360609524797,17.06212223375427
CAN,2003,69.8399832953973,,,16.1206014067341,4.45212340428914,20.57272481102324
CAN,2004,70.1923674409029,,,17.7567638842642,5.46924018318962,23.226004067453818
CAN,2005,69.7585441602155,,,21.4038513666457,5.85003684469677,27.25388821134247
CAN,2006,68.0508003453151,,,21.1379598727868,7.96768372439263,29.10564359717943
CAN,2007,66.2834197482347,,,22.1140329189937,9.24435217999991,31.358385098993608
CAN,2008,67.023446571123,,,29.1358336622959,8.25104308459543,37.38687674689133
CAN,2009,58.4742801830543,,,24.4206443987166,7.10416068916213,31.524805087878732
CAN,2010,60.2079046752442,,,25.3243673228047,7.99427194909637,33.31863927190107
CAN,2011,62.4984217100546,,,27.4324660090794,8.7097407762028,36.1422067852822
CAN,2012,62.5957887432013,,,25.624190392384,7.27699468961734,32.90118508200134
CAN,2013,62.2315329073432,,,26.361569817347,6.97314384892527,33.33471366627227
CAN,2014,64.3785976132125,,,28.8930710605179,7.06901814566853,35.962089206186434
CAN,2015,66.1648355844224,,,20.6034302087075,7.07782826449341,27.68125847320091
CAN,2016,65.3636199818813,,,17.6256219682134,6.85096938677528,24.47659135498868
CAN,2017,65.1009087910845,,,21.9517954420132,7.31666886721892,29.26846430923212
CAN,2018,66.59982627163,,,24.0190349725915,7.53044628928381,31.549481261875307
CAN,2019,66.1713422730605,,,22.1408507825001,6.52600997886215,28.666860761362248
CAN,2020,61.1566883386797,,,17.7117312023626,7.70223671673035,25.41396791909295
CAN,2021,62.2468612630348,,,23.8688657837555,8.29415109423537,32.16301687799087
CAN,2022,66.9531620692051,,,30.1749905885513,7.20264166838275,37.37763225693405
CAN,2023,66.5745425015033,,,25.1997448504993,6.86872537579518,32.06847022629448
CAN,2024,65.1214987304374,,,27.6974112165315,7.21859335754214,34.91600457407364
CYM,2020,105.472790158919,,,11.7959511435598,6.0539376234006,17.849888766960397
CYM,2021,,,,1.61638438846005,17.7054489449611,19.321833333421147
CYM,2022,,,,32.0119926704132,10.0991050334533,42.1110977038665
CYM,2023,,,,34.987450988698,5.56449812338449,40.55194911208249
CYM,2024,,,,52.3114359976797,3.80799663867728,56.11943263635698
CAF,2002,36.1085647794782,4.9853,11.891594709964,0.0778653069442277,21.7486667328819,21.82653203982613
CAF,2003,36.2312260023474,9.6419,13.0640736002624,0,36.5638934976707,36.5638934976707
CAF,2004,33.2439549188203,10.1609,13.9069490660465,0.183133391819856,36.7893669865716,36.97250037839146
CAF,2005,35.0709368656226,11.7864,13.885792066983,0.399435923020329,17.7717761821553,18.171212105175627
CAF,2006,36.3958702287378,12.2,12.6420101867723,0.0134845615699792,15.7146700640248,15.72815462559478
CAF,2008,34.4375218095517,10.2541,13.1889635627955,0.0243624066926479,35.656003903309,35.680366310001645
CAF,2011,34.4756183327299,21.6758,24.9008193588016,0.544915903295515,60.6801604344611,61.22507633775662
CAF,2012,33.0594485943314,17.3583,25.1925333983863,0.046403868360573,57.8085217674326,57.85492563579317
CAF,2013,38.3992875721315,17.6055,29.7593462953722,0.0930612129794418,45.7112889245984,45.80435013757784
CAF,2015,53.1451477769621,15.3536,28.8806540410498,0.0112891940575805,0.0123609137787959,0.023650107836376402
CAF,2016,50.53064402191,15.0567,32.2353111184096,0.0462492040248339,2.19732333466574,2.243572538690574
CAF,2017,57.1435457117119,14.4923,46.9404234809343,0.00690133272476388,3.71771062746912,3.724611960193884
CAF,2018,49.6602000024318,13.3622,43.3160280578681,0.0234095847313264,13.9117395814817,13.935149166213026
CAF,2019,50.0658000014868,14.3762,40.3703328528045,0.0113438958450479,4.84862130405419,4.859965199899238
CAF,2020,49.5210200011921,13.6393,47.6481324976744,0.0394378095226582,16.7055945931343,16.74503240265696
CAF,2023,43.480570208358,11.3823,44.2634270780256,0.00634066374558888,12.6689665953919,12.675307259137488
CAF,2024,46.4318999802251,12.0915,46.7811591431958,0.0317291209436773,6.31887204148749,6.350601162431167
CHL,2002,62.4838547414591,,,1.18807795624873,40.5582790018529,41.746356958101636
CHL,2003,65.6934161956491,,,2.86320450578717,41.0324638250931,43.89566833088027
CHL,2004,69.8893603825954,,,2.2540658481005,52.8933113223763,55.1473771704768
CHL,2005,72.062533372953,,,2.80898772504072,56.3235896677862,59.132577392826924
CHL,2006,73.7116341203328,,,2.43371733531432,62.5205610453167,64.95427838063102
CHL,2007,76.9770240591423,,,1.83161893626896,64.309994713649,66.14161364991797
CHL,2008,80.676626653784,,,2.35498882562469,55.7247442835048,58.079733109129485
CHL,2009,66.6860312494996,,,1.44690090747168,58.2801559676936,59.72705687516528
CHL,2010,69.7176802332624,,,1.10225699027131,63.2866711696578,64.38892815992911
CHL,2011,72.481642209343,,,1.29992761409464,60.7043853671838,62.00431298127844
CHL,2012,68.156143533927093,,,1.2828817129094,59.1484541659561,60.431335878865504
CHL,2013,65.1432877063737,,,1.3775568746199,56.5992316305558,57.9767885051757
CHL,2014,65.6346274347707,,,1.27302532739729,54.4938258485244,55.766851175921694
CHL,2015,59.3491105681231,,,0.898599873952062,52.3409634632125,53.23956333716457
CHL,2016,56.0578603070995,,,0.899956656800068,50.4034333744308,51.30339003123086
CHL,2017,56.0261586393213,,,1.06104376398313,54.0633105038381,55.12435426782123
CHL,2018,58.1770513035882,,,1.17911727055873,52.4217199941519,53.60083726471063
CHL,2019,57.6069157856537,,,0.996195388244754,51.3740514871807,52.37024687542546
CHL,2020,58.1687693933374,,,0.680307468385457,57.372617205842,58.052924674227455
CHL,2021,64.8399924791736,,,0.815333310737599,62.2188844607438,63.0342177714814
CHL,2022,75.2334197533759,,,1.69325787359142,49.8300184342932,51.52327630788462
CHL,2023,60.6766444736157,,,1.80543071190217,52.0026997226168,53.80813043451897
CHL,2024,63.9577465302563,,,1.32012360616343,56.1402892229553,57.46041282911873
CHL,2025,64.984377042281,,,0.891246166699904,57.1421752973795,58.0334214640794
CHN,2002,42.1944423387413,35.4135,160.536099662391,2.59070421728136,1.57791210521067,4.16861632249203
CHN,2003,51.0774801301803,42.5199,200.887343913492,2.5361753489702,1.59380319283648,4.12997854180668
CHN,2004,58.640334040843904,46.8023,251.839641153722,2.44053050133123,1.89169429050215,4.33222479183338
CHN,2005,61.3600749408237,51.8675,290.848050701714,2.31272376664692,1.79072067915524,4.103444445802159
CHN,2006,63.5695798621627,53.1147,331.094072844704,1.83393570516165,2.15043213751421,3.9843678426758604
CHN,2007,61.2664640006176,53.9241,409.362840457539,1.71119843888368,1.798056229728,3.50925466861168
CHN,2008,56.7111330003209,48.4412,508.77844651751,2.2208063178118,1.64162254167846,3.86242885949026
CHN,2009,44.4197644331119,52.9177,539.696971805164,1.69623692345059,1.16055322491633,2.85679014836692
CHN,2010,49.8540722338977,68.9776,392.293617225979,1.69056311409029,1.35551382378782,3.0460769378781096
CHN,2011,49.9458272253643,73.1696,308.731219860373,1.70007725545848,1.43198201047339,3.1320592659318702
CHN,2012,47.4802130784317,68.989,295.037284331311,1.51374985096957,1.22562185968402,2.73937171065359
CHN,2013,45.9160413795571,72.7489,262.102630204063,1.5294698347956,1.17807626251683,2.70754609731243
CHN,2014,44.0684564812532,69.6955,219.302852538992,1.47061074195033,1.24906371312883,2.71967445507916
CHN,2015,38.6971848362625,61.6481,255.310582227469,1.2272664163092,1.17086953037954,2.3981359466887398
CHN,2016,36.177170692978,56.6796,219.085442069193,1.28100094525523,1.12761789812447,2.4086188433797
CHN,2017,36.95085261586,60.242,189.13045865071,1.5635573554021,1.20473204723595,2.7682894026380502
CHN,2018,36.8943843914718,62.1392,161.514934701142,1.86764407076313,1.32756116052616,3.19520523128929
CHN,2019,35.4544350281407,57.0113,152.443123731408,1.87465304454538,1.26063099024319,3.1352840347885698
CHN,2020,34.337778473884,53.1431,144.320949030118,1.2143685449396,1.12206922684085,2.3364377717804503
CHN,2021,36.6428789643754,50.1807,125.825492388705,1.29170537075172,1.38279589662737,2.6745012673790898
CHN,2022,37.512555678171,49.9975,130.679171851976,1.79009011301844,1.51241196259416,3.3025020756126002
CHN,2023,36.7391496938394,52.5999,140.939390642577,1.8075643209073,1.32245246342569,3.13001678433299
CHN,2024,37.9560601372544,53.9653,142.820654521431,1.49786393169736,1.5142975856954,3.01216151739276
COL,2002,32.9826392144234,10.8958,32.2929993355215,35.9187562462727,0.825699801958899,36.7444560482316
COL,2003,36.51618351723,9.5273,29.2577821652215,37.1903540205232,1.01255652251846,38.20291054304166
COL,2004,35.8634269337995,13.3888,35.4018692317713,36.9076955307127,1.2620352687624,38.169730799475104
COL,2005,37.422697494955,15.0327,39.8816404917104,39.2456236749078,1.34002058452425,40.585644259432044
COL,2006,39.6413559606293,12.3313,39.9706034617783,38.4317055772282,2.38449374633024,40.81619932355844
COL,2007,37.0988970982903,11.6432,47.2696289558135,36.2508073999514,2.34100721501799,38.59181461496939
COL,2008,39.1676494164355,11.9747,50.3202280282476,45.9657263851576,1.99773759376982,47.96346397892742
COL,2009,35.1561285074585,7.4754,46.5504587873024,48.3004439860279,1.57475366846857,49.87519765449647
COL,2010,34.2646031687681,12.28,43.5747969210553,57.1597814442562,1.5548615358086,58.714642980064795
COL,2011,39.4704235545367,13.9124,41.8781580866045,64.8290275394886,1.18351924617809,66.0125467856667
COL,2012,38.835151018669,13.0393,46.6834651521563,65.7196385483131,1.08359471000988,66.80323325832298
COL,2013,37.9866487978457,11.7543,46.58112812819,66.7714032360418,1.09600943006824,67.86741266611004
COL,2014,37.4874656411103,11.6771,44.7252346920526,65.573054598972,0.968201673645253,66.54125627261726
COL,2015,38.3607641184453,10.5227,40.7538549447161,52.7863528817984,1.26412035679976,54.05047323859816
COL,2016,36.202652984202,9.3312,38.1960561052156,47.4972851001361,1.16347146041294,48.66075656054904
COL,2017,35.2829149424588,10.3212,37.3368574742294,54.1370602858504,1.24583665497229,55.38289694082269
COL,2018,36.5347527968973,11.181,35.892852571082,57.8787906155164,1.19144344591569,59.07023406143209
COL,2019,37.558533980839,11.2422,37.8585014687296,54.6948856458005,1.04528557470578,55.74017122050628
COL,2020,34.0555709680101,8.9176,37.5317967090333,41.5564453985501,1.30101834218228,42.857463740732385
COL,2021,40.0591463936128,9.2067,33.6831115835101,46.303559002575,1.65857830550253,47.96213730807753
COL,2022,48.2826551123359,10.4956,30.7345061127261,54.5165586087032,1.40491616097376,55.92147476967696
COL,2023,40.1333165322581,9.4277,30.0973296079977,50.7229439143258,1.77130475609424,52.49424867042004
COL,2024,36.3179938785373,9.4431,30.6784553696677,45.3036922636334,1.83962796660093,47.14332023023433
COM,2009,37.8969223253542,1.6544,52.6209862986815,0.0236698103289717,0.0372923820621511,0.0609621923911228
COM,2010,39.5501057977388,1.5889,52.4746999105647,0.054577510381982997,0.813905646134158,0.8684831565161409
COM,2011,40.0009485841888,1.6951,56.6013217544776,0.0700598923083429,0.847733671298026,0.9177935636063689
COM,2012,40.8104424055408,1.635,77.2903306337581,0.017388494580408,0.110774025742152,0.12816252032256
COM,2013,39.2433304243612,1.1261,122.094321825014,3.01260153144996e-5,0.0203651863526018,0.020395312367916297
COM,2014,39.2358265722767,1.1693,125.122443178617,1.60903288612314,0.0618031951656029,1.6708360812887428
COM,2015,37.8049520714563,1.1727,159.68006461965,5.64070725443839e-5,0.0444425057124696,0.04449891278501398
COM,2017,40.164358921352,0.6066,114.442183950465,0.00887808919349842,0.126857513563295,0.13573560275679342
COM,2018,42.996153341343,0.4622,74.5404372268097,4.1336953696259e-5,0.0877257182600293,0.08776705521372556
COM,2019,42.2680785350184,0.7004,74.6245257633542,0.0252436299290411,0.318173040040997,0.3434166699700381
COM,2020,33.7299346157491,0.4974,96.5614296607085,5.36366319081788e-5,0.75010829723588,0.7501619338677882
COM,2021,42.0677236496077,0.4191,93.7915551733444,0.0512060681375277,6.54854738738506,6.599753455522587
COM,2022,50.3887704882382,0.432,78.3609845229889,0.0130202623394348,0.517962654358925,0.5309829166983597
COM,2023,44.4398634497089,0.1187,85.0235095063537,0.00485457345334166,1.23197156881377,1.2368261422671116
CRI,2002,80.4139436754132,,,1.0166369899382799,0.814737294693017,1.831374284631297
CRI,2003,83.3277075502937,,,0.486551525474643,0.711479995835235,1.198031521309878
CRI,2004,85.2564775039755,,,0.074454462175117,1.03354286931436,1.107997331489477
CRI,2005,89.2226646399546,,,0.487124253138593,1.16819915002574,1.6553234031643331
CRI,2006,89.814554322106,,,0.609434003968108,1.58636848850852,2.195802492476628
CRI,2007,86.4565956113537,,,0.575984099270679,1.45732403864289,2.033308137913569
CRI,2008,86.4015124904847,,,0.843425730823885,1.40820985107273,2.2516355818966147
CRI,2009,69.7593172897331,,,0.564266128388826,0.736285165169548,1.300551293558374
CRI,2010,67.5120894036891,,,0.563620740553993,1.14213447976051,1.705755220314503
CRI,2011,68.6391459050112,,,0.325379365626922,1.47558229776724,1.8009616633941619
CRI,2012,67.0485391393947,,,0.0421607473129209,2.33207214786887,2.374232895181791
CRI,2013,64.0664108162845,,,0.0362385371324239,1.46279654613949,1.499035083271914
CRI,2014,65.1912422181011,,,0.0297900558114709,1.60539880440734,1.635188860218811
CRI,2015,60.7535621474841,,,0.0382753572012209,1.21795803880745,1.256233396008671
CRI,2016,62.178478293067,,,0.0337693844457477,1.09214883019012,1.1259182146358677
CRI,2017,65.0719536997344,,,0.0388898631200294,1.33459998968336,1.3734898528033894
CRI,2018,66.7874137887726,,,0.0326713597930168,1.43490019554813,1.4675715553411468
CRI,2019,65.4194732486775,,,0.0187875593840616,1.37490331980926,1.3936908791933216
CRI,2020,59.7463550719484,,,0.01611262540893,1.42269448012349,1.43880710553242
CRI,2021,70.103693305909,,,0.021567003753793,1.65528808128059,1.6768550850343829
CRI,2022,79.0523903153884,,,0.0216194838414378,1.45143574332589,1.4730552271673278
CRI,2023,71.4380310340536,,,0.0548257166859753,1.50937140629287,1.5641971229788454
CRI,2024,69.8533786394509,,,0.018380373927685,1.39829772346223,1.4166780973899151
HRV,2002,81.1605470544581,,,9.34895999478269,2.59431082175214,11.943270816534831
HRV,2003,81.4423725005617,,,9.62307738195106,2.27026881473396,11.89334619668502
HRV,2004,81.6460024380816,,,11.3262188190272,3.40409153854028,14.73031035756748
HRV,2005,81.4930488377878,,,13.8929040520858,3.77534154653081,17.66824559861661
HRV,2006,83.5173461635857,,,15.1071995455938,4.38216596713458,19.48936551272838
HRV,2007,83.2601359160464,,,12.9343181003839,4.58755890470055,17.52187700508445
HRV,2008,82.0792610890345,,,12.8972693206912,4.29179270428804,17.18906202497924
HRV,2009,69.7025315039058,,,13.0144815987687,3.62799684712098,16.64247844588968
HRV,2010,72.6475745178258,,,12.4673216838203,4.50785404777907,16.97517573159937
HRV,2011,77.7839261603843,,,12.0765969396262,5.16768820989798,17.24428514952418
HRV,2012,79.0091759505258,,,13.6718561971398,5.19459070846999,18.86644690560979
HRV,2013,80.919621854334,,,13.9912729854429,4.42951200166939,18.420784987112288
HRV,2014,85.2166354640278,,,13.507536869033,3.69162990852728,17.19916677756028
HRV,2015,90.6517861027716,,,10.9049883399332,2.82004732437204,13.725035664305238
HRV,2016,92.1393432283564,,,9.49404939744756,2.80371526734313,12.297764664790689
HRV,2017,97.2452344566878,,,10.6786816516462,3.80140504044553,14.48008669209173
HRV,2018,99.0845893099948,,,10.5649748380568,3.88320618536719,14.44818102342399
HRV,2019,101.395111645358,,,9.47847332414296,4.05184800780586,13.53032133194882
HRV,2020,89.5475327132272,,,9.04277575351903,4.38530028892353,13.428076042442559
HRV,2021,102.327614281062,,,11.8747173830894,4.9656928362241,16.8404102193135
HRV,2022,125.410793782261,,,19.3892953687712,4.48865562382228,23.87795099259348
HRV,2023,107.277801631602,,,11.9933049772166,4.01353681138671,16.00684178860331
HRV,2024,104.912403236133,,,13.0917820766944,4.33865937994052,17.43044145663492
CUB,2002,24.7293133475239,,,0.401734776982459,32.709320892927,33.11105566990946
CUB,2003,26.5871335777077,,,1.49855667171442,39.0646672561117,40.563223927826115
CUB,2004,31.3114153338743,,,0.500193591079981,47.6538390881152,48.15403267919518
CUB,2005,39.3613744331974,,,0.847512024990472,48.7993777218892,49.64688974687967
CUB,2006,37.1880142882062,,,2.78319364383238e-4,2.06230300373913,2.062581323103513
CUB,2016,27.2691132420785,,,4.16853497390377,23.2150531133196,27.38358808722337
CUB,2017,26.2224363787618,,,2.50525444623505,1.99053387712111,4.495788323356161
CUB,2018,27.0835484486147,,,3.22102076823463,7.22286231925514,10.44388308748977
CUB,2019,22.8208911354416,,,4.41313592514728,38.463494720428,42.87663064557528
CUB,2020,15.6829868097474,,,10.295499776988,43.1269888701656,53.4224886471536
CUB,2021,80.0237703083904,,,5.73613117163468,49.0118080736196,54.74793924525428
CYP,2002,123.64133212338,,,3.88475971601288,4.89470968618493,8.77946940219781
CYP,2003,114.004632981485,,,3.58841955792731,4.80124892620898,8.38966848413629
CYP,2004,113.903613489207,,,0.969512303635874,4.2997477985446,5.269260102180474
CYP,2005,111.917065271958,,,0.0386433074214067,6.94255296417022,6.981196271591627
CYP,2006,109.806498040343,,,0.052638153306894,12.567749867026,12.620388020332895
CYP,2007,111.275122844623,,,0.00758022597991503,14.2263785665861,14.233958792566014
CYP,2008,112.925930874708,,,0,12.6279004899326,12.6279004899326
CYP,2009,102.7910918992,,,0,11.0429912717288,11.0429912717288
CYP,2010,108.901699269523,,,0.00235021753249288,13.6898329003854,13.692183117917892
CYP,2011,110.617131287039,,,0.0136695432866564,16.8429285734584,16.856598116745058
CYP,2012,112.344273297273,,,0,16.4418305002461,16.4418305002461
CYP,2013,120.926200639389,,,2.30321642764847e-5,11.4983139277849,11.498336959949176
CYP,2014,130.84436307939,,,0,9.44378442725303,9.44378442725303
CYP,2015,137.276426477193,,,11.7142450504551,6.73410411229818,18.44834916275328
CYP,2016,139.022098457248,,,19.4642761267531,5.2934037971295,24.7576799238826
CYP,2017,148.013355558135,,,30.9936030304856,4.72481568108836,35.71841871157396
CYP,2018,147.623567410054,,,40.9673800485684,4.2218874609881,45.1892675095565
CYP,2019,150.50616312951001,,,26.3058906698995,4.57678906558326,30.88267973548276
CYP,2020,160.66871645997,,,20.0416896354461,4.87338889082273,24.91507852626883
CYP,2021,176.82773681987,,,26.2512977210872,6.84273158005649,33.09402930114369
CYP,2022,205.753530252705,,,27.4863879712593,6.70456092000687,34.190948891266174
CYP,2023,190.740957956519,,,48.7219908590275,3.98527553557786,52.70726639460536
CYP,2024,190.40287092076,,,49.0689211198229,4.42526376005569,53.494184879878595
DNK,2002,84.4845925538271,,,6.18038916103507,1.09363642130214,7.2740255823372095
DNK,2003,80.7613001763544,,,6.55280343105257,1.26762779172568,7.820431222778249
DNK,2004,82.0077308240144,,,7.84721688725071,1.4259873302526,9.27320421750331
DNK,2005,89.3987952460671,,,9.64491757214053,1.28683966061961,10.93175723276014
DNK,2006,97.4298607727841,,,10.0941238028224,1.45918813432424,11.55331193714664
DNK,2007,100.047674594039,,,8.36362331224985,1.79890080475418,10.162524117004029
DNK,2008,104.470310168489,,,9.58907657996195,1.70694764321709,11.29602422317904
DNK,2009,89.3948566562728,,,7.63371922050744,1.28710103290384,8.92082025341128
DNK,2010,94.3877282319057,,,8.07066918425641,1.62457039603576,9.69523958029217
DNK,2011,102.012930474308,,,8.90717292190029,1.65076046234192,10.55793338424221
DNK,2012,104.362280505171,,,9.36040400147185,1.43420672114477,10.79461072261662
DNK,2013,103.612813249189,,,8.57392151061066,1.29962030070922,9.87354181131988
DNK,2014,103.210859225139,,,6.55193063562233,1.51389259604188,8.065823231664211
DNK,2015,105.130362453899,,,4.82598352011379,1.30256286563184,6.12854638574563
DNK,2016,101.452783808643,,,3.52193023259605,1.30427258459606,4.82620281719211
DNK,2017,104.215676920442,,,4.02329225342572,1.47944287237049,5.50273512579621
DNK,2018,108.813985501909,,,4.31161076936038,1.51915585527309,5.83076662463347
DNK,2019,111.891475065653,,,3.99130782895772,1.34249528051417,5.333803109471891
DNK,2020,104.433432671151,,,2.08131278754721,1.37226205427576,3.45357484182297
DNK,2021,112.321472697291,,,4.12965844002045,1.91206467745315,6.0417231174736
DNK,2022,131.995824909071,,,5.97125968264802,1.88025218853746,7.85151187118548
DNK,2023,129.625337431278,,,3.93398583708542,2.00423993416193,5.93822577124735
DNK,2024,131.765030975207,,,3.77818245342826,1.96131728577918,5.7394997392074405
DNK,2025,129.222304332118,,,3.95080056852683,1.90947055917077,5.8602711276976
DJI,2009,,13.3812,26.9097393466472,6.47331941297147,0.318660143179232,6.791979556150703
DJI,2021,263.477728733891,20.9017,18.3505034676342,0.442789095210204,0.582915174231163,1.025704269441367
DJI,2022,302.285409231545,19.8086,18.5934542792423,1.24359395878011,0.719550395475568,1.963144354255678
DJI,2023,285.902043800644,13.9526,14.6416406107487,0.995238487819515,0.527328783503672,1.522567271323187
DMA,2002,,10.5847,18.2806353125478,0,3.74047696678161,3.74047696678161
DMA,2003,,24.0149,15.5290238861307,0,4.38973183206148,4.38973183206148
DMA,2004,,21.5873,13.0240091342828,0,5.61633075863733,5.61633075863733
DMA,2005,,13.787,16.712912538986,0,6.88983592826647,6.88983592826647
DMA,2006,,8.0647,23.1088356391439,0,6.85694733344657,6.85694733344657
DMA,2007,,7.3445,22.7932329227765,0,10.6387946960552,10.6387946960552
DMA,2008,,8.6948,21.1732318426972,0,14.2351086183328,14.2351086183328
DMA,2009,,8.1071,27.7560118829522,0,8.13231955829599,8.13231955829599
DMA,2010,,2.0412,28.039866412457,0.0528019163483777,6.70370779385094,6.7565097101993175
DMA,2012,,1.821,31.0266726830851,0,12.2485323706899,12.2485323706899
DMA,2013,,35.3801,17.8036864246859,0.00531517299232305,8.53038403437001,8.535699207362333
DMA,2016,,44.5695,41.3967352522725,7.33421155815325e-5,11.8288815609459,11.828954903061481
DMA,2017,,40.4874,40.7431606403416,0.223367956944298,8.1747999022035,8.398167859147797
DMA,2018,,42.2952,37.8537953192421,1.26027499782118e-4,6.26865631127784,6.268782338777622
DMA,2019,,37.2075,33.7177027197824,3.86000094456494e-4,3.09073303083036,3.091119030924817
DMA,2020,,29.6253,34.4798901842157,0.0428312278450149,2.14689437461653,2.189725602461545
DMA,2021,,24.8134,37.4213570129947,3.03990218018957e-4,5.72887239706608,5.7291763872841
DMA,2022,,33.0653,34.1007255382925,0.129024431220386,1.74623746065708,1.8752618918774662
DMA,2023,,28.5217,30.9898640316686,0.00752646170555339,0.929642781152361,0.9371692428579144
DOM,2002,68.7232829028777,29.8564,7.21960808642394,1.97124170560477,0.311642729585602,2.282884435190372
DOM,2003,84.4495031861592,14.1746,3.84155226343977,2.5885470393514,0.451525526676631,3.040072566028031
DOM,2004,81.3514229381911,11.7082,10.5694320020751,3.72611529328814,0.56342466433077,4.28953995761891
DOM,2005,61.6535587358027,11.4441,24.8954762689644,5.2442182706843,0.66806770432309,5.91228597500739
DOM,2006,63.7664826351505,15.1347,24.6796475482638,0.00912935198268182,0.934232233285488,0.9433615852681698
DOM,2007,61.229259153164,23.0742,28.3288898729026,5.52179161382597,1.25546262236398,6.77725423618995
DOM,2008,61.4285058325394,18.2836,25.3975080120664,7.74372386578028,2.23234163636278,9.97606550214306
DOM,2009,50.6509376792025,14.8042,30.2026382779909,5.84510534150755,2.50389439109212,8.348999732599669
DOM,2010,56.0573964175321,12.9959,28.7026303543611,0.099717507251035,3.68496953894326,3.784687046194295
DOM,2011,59.0692578401698,11.9226,27.2526959243008,2.93053082718266,4.62313088265565,7.553661709838309
DOM,2012,58.5062536731089,7.9328,16.1013256309648,6.3417919456367,3.93575854467474,10.277550490311441
DOM,2013,56.8137658014945,7.3171,19.6204216997875,1.96443334758797,3.88571548684355,5.85014883443152
DOM,2014,55.6601041506633,9.4643,18.507400538402,5.69909161592124,3.14640792194024,8.84549953786148
DOM,2015,52.3471238667007,11.8955,19.7027556098472,4.40638828054659,1.78327753384111,6.1896658143877
DOM,2016,51.7306571245477,10.79,21.6822846252072,3.83103177400536,1.34702483700504,5.1780566110104
DOM,2017,50.7595355508472,6.7948,23.3329352022841,4.70047640907006,1.40257834921898,6.10305475828904
DOM,2018,52.3351709577013,6.8647,24.2202534386287,5.08445416179815,1.88249411363481,6.96694827543296
DOM,2019,50.912982200697,7.166,25.2764929570998,4.36862169290227,1.7796768037,6.14829849660227
DOM,2020,44.7331613466756,5.3541,26.7378787475674,0.324398828760202,1.53332089649435,1.857719725254552
DOM,2021,51.9500227303115,5.2652,29.9071362720138,0.771514244911985,2.53117700795709,3.3026912528690753
DOM,2022,54.3781976712844,6.6563,30.0748039650802,1.09092148161125,2.53941382245587,3.6303353040671205
DOM,2023,49.8436131764417,7.5971,29.7895949403773,0.30547693742132,2.69043160707394,2.9959085444952596
DOM,2024,51.7835143952326,7.7828,25.2772745494584,0.435451263861145,3.28093047847441,3.716381742335555
ECU,2002,54.7966439366136,11.817,5.12824042284296,40.9750775445068,0.263377478596076,41.23845502310288
ECU,2003,52.3575426975979,8.5831,5.83353234017495,43.1626885974467,0.188013321764884,43.35070191921159
ECU,2004,56.0745467239942,8.3561,6.97879094784097,55.6625239238104,0.260353137241963,55.92287706105236
ECU,2005,61.9581507902572,7.441,10.5127761626376,59.4704452779803,0.448753824817946,59.91919910279825
ECU,2006,65.8423556166562,8.689,9.93655355347354,59.273668541052,0.70960134487095206,59.98326988592295
ECU,2007,68.8505854462677,8.9709,16.671773154245,59.9917457565675,0.824224237178258,60.81596999374575
ECU,2008,74.5902963648439,8.689,23.50025409168,62.2801482982578,0.654153512760265,62.93430181101807
ECU,2009,57.3473460627608,10.0585,28.3483233615266,50.2337945782196,0.49230884676117,50.72610342498077
ECU,2010,65.7773849135062,6.9133,17.0410043909034,55.3030204823096,0.62297890547862,55.92599938778822
ECU,2011,70.0356837525249,5.2225,18.2811681796554,57.7787990802791,0.62204150951619,58.40084058979529
ECU,2012,67.0029290916898,4.8153,15.2885627918126,57.846148412909,0.65714730012745,58.50329571303645
ECU,2013,63.4333003342414,4.4824,22.7595607581618,56.5210833601088,0.847310221074743,57.36839358118354
ECU,2014,61.4263766217565,4.0464,15.7753625980872,51.6086837081626,0.74278506267087,52.35146877083347
ECU,2015,47.8280397077826,3.7379,8.75622473743015,36.3427967688568,0.992358606198248,37.335155375055045
ECU,2016,40.5344917996647,2.4673,11.9100050743292,32.7169914569429,1.07250605981619,33.78949751675909
ECU,2017,43.6177233172817,2.6583,5.27001512810341,36.2561114099386,1.35925235768237,37.61536376762097
ECU,2018,48.0093476154836,2.3952,4.8000014305469,40.7852721644812,1.33949761872664,42.12476978320784
ECU,2019,48.0828494933307,1.7967,5.66194579175655,39.1701538590398,1.39691194692572,40.56706580596552
ECU,2020,43.9893109378389,2.0009,12.6541377163322,26.0572897017572,4.12023735620389,30.17752705796109
ECU,2021,53.261275610573,2.1561,13.6144818758088,32.2853645441255,6.61445465526514,38.89981919939064
ECU,2022,61.880792818786,3.1693,13.9401264028641,35.4829696314727,6.60995491048726,42.09292454195996
ECU,2023,57.1626938264309,3.3665,7.20354632324905,28.8613429479255,6.99936072862236,35.86070367654786
ECU,2024,57.4436448205751,1.0373000000000001,11.4433443189908,27.4813880702454,6.88594032491159,34.36732839515699
SLV,2002,65.9190907767708,19.0382,26.7194835477763,2.15866523854517,1.15584362357537,3.31450886212054
SLV,2003,68.23698247861,18.8011,23.0540371751175,2.00487312073414,1.31534426733791,3.32021738807205
SLV,2004,69.7822641767691,19.456,21.1633093142947,1.85819761530743,1.34659452951972,3.2047921448271497
SLV,2005,69.7158116750578,19.2932,19.2459114429845,1.86278033146763,1.44832477015354,3.3111051016211697
SLV,2006,73.4555675070266,12.8857,19.7007225925321,2.2630253508994,1.85692050804381,4.11994585894321
SLV,2007,77.6210560347995,13.0973,23.3440924611734,2.84937473805287,2.00278861682249,4.85216335487536
SLV,2008,80.6659739399085,14.43,24.7406295078484,3.44085217496394,1.74053641550667,5.181388590470609
SLV,2009,66.0711911744487,8.2957,29.9918129933645,2.75552281120897,1.29712979888706,4.05265261009603
SLV,2010,73.5372876725398,7.2709,25.0682655910882,2.92291722483646,1.69920510445875,4.62212232929521
SLV,2011,79.2766437025052,9.6051,19.5851246125203,3.17562525140071,2.00585034068723,5.18147559208794
SLV,2012,77.6485716222883,11.2658,23.4434116446167,3.18128162520571,1.77742535831435,4.95870698352006
SLV,2013,80.4511944908271,13.1121,19.4233749622711,2.310418912892,1.36818616220759,3.67860507509959
SLV,2014,78.1044257477935,13.2991,17.7495800309366,2.57051935028685,1.53576875268343,4.1062881029702805
SLV,2015,76.5602707370519,12.9298,17.857984740279498,1.9602368517525,1.23613153909728,3.1963683908497798
SLV,2016,72.8190933731491,15.2743,19.5281899219681,2.85703125629467,1.12619341923859,3.9832246755332603
SLV,2017,74.3046511916519,11.8852,20.7492439420718,3.1700621689001,1.15638828382003,4.326450452720129
SLV,2018,75.6336168879956,12.408,21.387276085268,3.53674673172561,1.26795177041228,4.80469850213789
SLV,2019,76.0420130991468,12.853,25.5968915246922,3.37096131973082,1.06688895694381,4.43785027667463
SLV,2020,66.4595069497083,10.1226,16.6773333744401,3.20991367903261,0.90218527850289,4.1120989575355
SLV,2021,81.8450759800765,11.1,16.8422672427423,3.88664003808006,1.06667410327226,4.95331414135232
SLV,2022,88.7011372097555,11.1788,12.7185831218883,4.79090726433674,1.12672812630008,5.9176353906368195
SLV,2023,79.8122651787866,12.7373,13.4686533899243,5.29654060272418,1.12538630226481,6.42192690498899
SLV,2024,85.6825726575292,10.6126,14.8416167448619,5.00115993975647,1.27838950619101,6.27954944594748
ERI,2002,76.5901636574451,5.7196,5.60009244253978,0,4.79801704740224,4.79801704740224
EST,2002,123.28234538757,,,5.31993030472275,2.13507929677069,7.45500960149344
EST,2003,122.744772807796,,,4.23761126864072,2.34375279542194,6.58136406406266
EST,2004,129.949500077661,,,4.57624631517245,2.42263556517411,6.99888188034656
EST,2005,135.912792115107,,,7.24164619557619,2.4066904836864502,9.648336679262641
EST,2006,136.620737662645,,,15.5473654441927,3.06963906723222,18.61700451142492
EST,2007,133.980829235754,,,4.33060211149002,3.52696244890846,7.85756456039848
EST,2008,136.681988157836,,,5.68918091433344,4.54683697485613,10.23601788918957
EST,2009,116.759079859802,,,7.55377119463788,2.57266405705559,10.12643525169347
EST,2010,143.671762256978,,,15.7557378331267,2.94612857707817,18.70186641020487
EST,2011,166.7460724339,,,16.759429812844,2.6179099640865,19.3773397769305
EST,2012,169.156067773865,,,16.1288814928579,2.68309199729124,18.81197349014914
EST,2013,164.601632156916,,,10.2328124082169,2.15486337484092,12.38767578305782
EST,2014,157.953944842229,,,11.0752147148655,1.90384941929347,12.97906413415897
EST,2015,148.507157123558,,,10.9620111254271,1.63649560074123,12.59850672616833
EST,2016,147.7462327097,,,8.25731127628323,1.66618656806521,9.923497844348441
EST,2017,144.635650944133,,,9.90908638679396,2.35841269089017,12.26749907768413
EST,2018,143.485224864735,,,6.25245637056531,2.75086658238913,9.00332295295444
EST,2019,140.352147998549,,,5.15338494755635,2.41631163524727,7.56969658280362
EST,2020,137.392641283846,,,4.86060996210624,2.13043592205078,6.99104588415702
EST,2021,160.471922305927,,,6.84172899377223,2.90267324961105,9.74440224338328
EST,2022,175.68711950524,,,14.6886476101958,2.1027438271375,16.7913914373333
EST,2023,154.592617111149,,,8.40546041427357,2.14143873651271,10.54689915078628
EST,2024,151.037702410455,,,7.77072769925022,1.87499765183745,9.64572535108767
SWZ,2002,,16.486,67.1369348240971,0.705024745662401,0.236438012252563,0.941462757914964
SWZ,2003,,11.3707,61.2003133395604,0.653258092351942,0.198614420455275,0.851872512807217
SWZ,2004,,8.938,69.7934899669165,0.657054524354526,0.21034852188841,0.8674030462429361
SWZ,2005,,18.3368,46.8767689424297,0.586971596349744,0.451465736637262,1.038437332987006
SWZ,2006,,9.2066,78.4311929830288,0.920284908992837,0.240303978887475,1.1605888878803121
SWZ,2007,,7.7954,155.532170268441,1.26022040911437,0.540540883857131,1.800761292971501
SWZ,2008,,9.9568,156.484828794772,1.7857614869689,0.719407974130607,2.505169461099507
SWZ,2009,,3.8484,181.894711180277,0.789199615676906,0.384051662581888,1.173251278258794
SWZ,2010,,20.5016,74.3781536869519,1.17852252583884,0.436095573162673,1.614618099001513
SWZ,2011,,15.6579,57.7878907141167,0.508342693376851,0.512942471203624,1.021285164580475
SWZ,2012,,4.5687,85.7801054601054,0.966255611612647,5.78637637833919,6.752631989951837
SWZ,2013,85.2034551274939,5.5335,101.107586057813,1.27806869478273,3.74428747787606,5.02235617265879
SWZ,2014,91.6200186943398,6.0781,128.556890882167,0.957817323760654,2.01180714958384,2.969624473344494
SWZ,2015,88.2620944023684,2.791,121.790559365023,0.774679896667241,0.157896597177095,0.932576493844336
SWZ,2016,89.3584874439935,7.6465,73.7250298002544,0.878224883829489,0.137876958421922,1.016101842251411
SWZ,2017,86.8801420302976,20.8271,64.5030198414947,1.18577885671476,0.208812083737069,1.394590940451829
SWZ,2018,85.4927768173538,1.8731,57.4980575768102,0.999438298059724,0.241373820860526,1.24081211892025
SWZ,2019,86.6407948477595,2.3577,52.7945958266164,0.8345161150458,0.191500644926506,1.026016759972306
SWZ,2020,84.0140188426878,2.7554,56.9732554517618,1.13422475123481,0.171358147893786,1.305582899128596
SWZ,2021,89.9313874866569,3.3549,48.538677976393,1.18486980833579,0.258104851670951,1.442974660006741
SWZ,2022,92.5715871298334,0.9579,36.2462125448906,2.79813710826975,0.427200574976774,3.225337683246524
SWZ,2023,99.7246110815617,4.6195,39.0230618626915,3.59794524294311,0.606121284662495,4.204066527605605
ETH,2002,,0.8686,14.7410175121634,0.00102779352734005,1.28504957578626,1.2860773693135998
ETH,2004,,1.1085,22.7884284341768,0.0041466902140579,0.962038149260378,0.9661848394744359
ETH,2005,,2.0711,16.8819310118665,0.00427410506095752,1.06218438683818,1.0664584918991376
ETH,2007,,2.5526,49.7518285711253,0.0103730569103196,4.97334641971951,4.98371947662983
ETH,2008,,2.036,30.5693010334458,0.00882169997172354,0.935603559938025,0.9444252599097486
ETH,2009,,4.2712,33.2164688138407,0.00140983458174667,1.26154404333598,1.2629538779177265
ETH,2010,,4.1452,30.7539173154047,0.00597790062470827,1.76352373238568,1.7695016330103883
ETH,2011,48.232935411689,2.1027,32.9631493319958,1.44284633759849e-5,1.64148270661664,1.641497135080016
ETH,2012,45.3979041835072,0.3448,21.9935937339013,0.00477153174932123,0.861647817788996,0.8664193495383172
ETH,2013,41.4717870807625,1.6196,18.7797111236408,0.00120079987025877,0.126242533310652,0.12744333318091075
ETH,2014,40.7410841498626,1.7219,20.8027686780386,0.0463693412234373,0.549836106787534,0.5962054480109713
ETH,2015,39.6561241449515,2.69,18.7600809382176,8.43578426363285e-7,0.46364536030442,0.4636462038828464
ETH,2016,34.8990210816111,3.9641,12.9545665150701,0.00792917271878003,0.489305949785615,0.497235122504395
ETH,2017,31.1036494929016,2.4226,11.6373756662727,0.00174724528051893,0.538936387709205,0.540683632989724
ETH,2018,31.1993689777881,2.511,13.3616849918449,8.76209733929005e-6,0.815476613183693,0.8154853752810323
ETH,2019,28.8152939292608,1.5874,9.85176687079036,1.00158271942029e-4,0.417258764730303,0.41735892300224503
ETH,2020,24.0061143414049,1.2611,9.41202874846541,0.00466762968720468,0.324961749379858,0.3296293790670627
ETH,2021,24.3450574655662,1.6603,5.13748663970079,6.92693626282324e-5,0.34981780344132,0.34988707280394826
ETH,2022,26.5954996964257,1.0613,3.89184533601214,0.0081728528551792,0.670250624917404,0.6784234777725832
ETH,2023,20.5982015071406,0.6071,6.09555279485726,0.0317976469871324,0.720590411591821,0.7523880585789534
FRO,2006,97.3947177610908,,,1.95138438103865,0.229729223000157,2.181113604038807
FRO,2007,99.5060041310306,,,1.7296457127819,0.198220149417045,1.927865862198945
FRO,2008,103.496222535589,,,2.12412708103002,0.180894038885145,2.305021119915165
FRO,2009,96.8608080332117,,,2.79966443731964,0.112920902098654,2.912585339418294
FJI,2002,126.052579068143,15.3185,169.806889583818,0,0.299304052544433,0.299304052544433
FJI,2005,117.740079365079,35.4748,106.15699843909,0.0511364147089981,0.695154837062384,0.7462912517713821
FJI,2006,118.048331674709,3.4814,83.9441994136829,0.0832784183467419,1.01455958643552,1.0978380047822618
FJI,2007,110.389514898623,5.347,132.754224500072,0.0751415823719438,1.12780489952063,1.2029464818925737
FJI,2008,130.997847976458,2.525,46.7527964577477,0.0480732391458322,1.1506532861719,1.1987265253177324
FJI,2009,108.869117411674,5.2532,53.3748968454316,0.178329937343879,0.889002820503783,1.067332757847662
FJI,2010,121.227903395671,7.0528,65.0619483631632,0.0856275797751915,1.43632067178433,1.5219482515595215
FJI,2011,124.476834805196,17.0208,73.4143315270382,0.121808650065764,1.90024418530722,2.022052835372984
FJI,2012,125.285791685112,19.9901,71.5719248584385,0.0387534750988617,2.00706569729676,2.045819172395622
FJI,2013,126.348386724849,19.2459,70.9811692358839,0.0271306692408987,2.40938662974436,2.4365172989852586
FJI,2014,110.812306063192,24.4726,63.9210681737961,0.00884780764239431,2.08859282078155,2.097440628423944
FJI,2015,101.189048956211,28.402,61.5732830088256,0.00420082497701858,2.32668047490659,2.330881299883609
FJI,2016,97.1744905841206,21.8403,64.8676586142717,0.0182944447660437,1.4716217264015,1.4899161711675437
FJI,2017,97.0216625258442,25.0385,67.145884895731,0.0491211110085218,1.30365771587364,1.3527788268821619
FJI,2018,103.235419948556,23.207,58.194913131244,0.0363052019446146,1.33442469289395,1.3707298948385647
FJI,2019,110.696192117501,20.4387,56.9582304356204,0.0196300015245936,1.15537275873902,1.1750027602636135
FJI,2020,78.0763651830605,15.763,52.8397855082084,0.0139017823943205,1.28185483309287,1.2957566154871907
FJI,2021,87.2159321837078,14.7106,60.7610713816014,0.0243939323785786,1.55906543051202,1.5834593628905986
FJI,2022,119.213746657784,17.0201,52.1002160236745,0.00896119294518203,1.70246176799379,1.711422960938972
FJI,2023,126.282134510517,23.7039,46.2500013163731,0.0304205173711805,1.4262914079969,1.4567119253680805
FJI,2024,118.962880886427,27.2248,41.3450459940034,0.038792893748014,2.26797286248223,2.306765756230244
FIN,2002,69.3209377526273,,,3.30941211057328,2.88066822484008,6.190080335413359
FIN,2003,68.0715029595159,,,3.94683112007066,2.83066230263387,6.777493422704531
FIN,2004,70.967802899062,,,4.27022224955802,3.48207640640233,7.752298655960351
FIN,2005,76.5889740444293,,,4.36052436203863,3.47465272509445,7.83517708713308
FIN,2006,82.0005669294983,,,5.19187760108048,4.93577190443786,10.12764950551834
FIN,2007,82.8631608209175,,,5.35882266984155,5.21294691962384,10.57176958946539
FIN,2008,86.1896598765527,,,6.8450443496946,4.28872396767722,11.133768317371821
FIN,2009,70.1279335295898,,,6.39187425472818,3.50881295975782,9.900687214486
FIN,2010,75.4612085231229,,,8.00778829788298,5.19161268948637,13.199400987369351
FIN,2011,78.7159444486606,,,9.48992983167928,5.4220720824758,14.91200191415508
FIN,2012,79.4303765882482,,,10.9192398514449,5.48506681026777,16.40430666171267
FIN,2013,77.485171771574,,,12.2157940645822,5.00267427474915,17.218468339331352
FIN,2014,74.6277719754196,,,10.7696389893942,5.12112673050603,15.89076571990023
FIN,2015,71.9618253787014,,,6.76312112992402,4.6061579259411,11.369279055865121
FIN,2016,71.7222101178859,,,7.66983539583826,4.88490053282647,12.55473592866473
FIN,2017,75.9387822310041,,,7.87281740072405,5.68640270333235,13.5592201040564
FIN,2018,79.1436148422846,,,8.47941929187425,5.86084315766425,14.3402624495385
FIN,2019,80.5641502947367,,,8.93949294379424,5.60325974345396,14.5427526872482
FIN,2020,72.1845955995888,,,7.01061120576107,6.87189065381557,13.88250185957664
FIN,2021,79.7892781913782,,,6.9991011506182,7.17679219447999,14.17589334509819
FIN,2022,94.5625340522667,,,10.4171336225174,7.75162787848801,18.16876150100541
FIN,2023,85.5141847218915,,,9.50214792822571,7.19073331390488,16.69288124213059
FIN,2024,83.4510295550974,,,7.5318060893789,7.95818749984781,15.48999358922671
FRA,2002,55.1325248503102,,,2.41044026064874,1.74724241978841,4.15768268043715
FRA,2003,52.5988822870657,,,2.62366263490054,1.69333593305147,4.31699856795201
FRA,2004,53.7497648292028,,,2.8665533683138,2.11089744571794,4.97745081403174
FRA,2005,55.8228361241299,,,4.1253866202006,2.12258436237601,6.24797098257661
FRA,2006,57.8692775292673,,,4.32619285530699,2.81772991319338,7.143922768500371
FRA,2007,58.1525611309659,,,3.84287489236502,2.88032413307707,6.72319902544209
FRA,2008,59.1797928411748,,,5.06960349418849,2.60547611123395,7.6750796054224395
FRA,2009,52.1991123027613,,,3.53134251252507,1.96884856912771,5.50019108165278
FRA,2010,56.587555247796,,,3.65811274413341,2.48276254260081,6.14087528673422
FRA,2011,60.6056354816406,,,4.54318211381377,2.63854694560427,7.181729059418039
FRA,2012,61.6589570771102,,,4.44640256167696,2.40010727643714,6.8465098381141
FRA,2013,61.8192338733962,,,3.91482105973503,2.25962213716718,6.17444319690221
FRA,2014,62.1992669379507,,,3.879573777375,2.23331096053479,6.1128847379097895
FRA,2015,63.5046871956484,,,2.95528102932916,2.06187886467425,5.0171598940034094
FRA,2016,63.3427564383351,,,2.30761310498294,1.93198020258662,4.23959330756956
FRA,2017,65.3958481559711,,,2.80075972124448,2.17114519793476,4.97190491917924
FRA,2018,66.8022607812266,,,3.29246555293983,2.16882045181769,5.46128600475752
FRA,2019,66.4289607281749,,,2.77533644087224,2.01518529515345,4.79052173602569
FRA,2020,58.8388907240647,,,2.17631318472775,2.05535644990595,4.2316696346337
FRA,2021,63.788482630872,,,3.67766725739694,2.62521550149252,6.30288275888946
FRA,2022,75.9630077981996,,,5.90288840625744,2.53388659273505,8.43677499899249
FRA,2023,70.6261450610225,,,5.1259997747409,2.2621472914111,7.3881470661519995
FRA,2024,68.1081875443744,,,4.40931574185064,2.39024182700127,6.79955756885191
PYF,2002,,,,0.00645300448843245,0.28626746205318,0.29272046654161243
PYF,2003,,,,0.0214943925019233,0.113161772368366,0.1346561648702893
PYF,2004,,,,0.00338294129752867,0.166103011301803,0.16948595259933166
PYF,2005,58.8757396449704,,,0.00800621780108058,0.0873750562090131,0.09538127401009369
PYF,2006,56.6132574828647,,,0.0236426764920299,0.141274787246371,0.16491746373840088
PYF,2007,57.455468093766,,,0.0517430310634784,0.205980185774453,0.2577232168379314
PYF,2008,58.0396477672874,,,0.068026533719118,0.240523391864856,0.308549925583974
PYF,2009,51.6750777052154,,,0.0577591067695771,0.285013270060359,0.3427723768299361
PYF,2010,54.0438821122259,,,0.0382118030297716,0.9723894346274,1.0106012376571716
PYF,2011,56.2319854247632,,,0.0334599624273103,0.974880424971493,1.0083403873988033
PYF,2012,57.8806819793666,,,0.0106824065439393,1.58978477108585,1.6004671776297892
PYF,2013,56.0619675585513,,,0.0181855927369479,0.626774186962112,0.6449597796990598
PYF,2014,56.2324578944225,,,0.00704890982201503,0.595821595561009,0.602870505383024
PYF,2015,55.6304686354336,,,0.00499563085842658,0.581936460905997,0.5869320917644236
PYF,2016,53.6164949427793,,,0.0144275858087006,0.319149064136548,0.3335766499452486
PYF,2017,54.5776905038178,,,0.0332785339045213,0.408382743228539,0.4416612771330603
PYF,2018,65.0146628512067,,,0.0141893928796097,0.390503836058389,0.4046932289379987
PYF,2019,63.3061124024003,,,0.030038461120385,0.470883746723041,0.500922207843426
PYF,2020,45.8331834386023,,,0.217449814572096,0.670466230407596,0.887916044979692
PYF,2021,52.9788183937695,,,0.057664844915583,0.4990261088779,0.556690953793483
PYF,2022,69.5264023221442,,,0.0345127528179326,0.416874202743597,0.4513869555615296
GAB,2002,84.7590815376223,6.5382,4.09584238222851,83.8178488029703,1.77445857699742,85.59230737996772
GAB,2003,80.3026082056312,8.5006,5.30438595496239,88.3710263827654,1.05563054621456,89.42665692897995
GAB,2004,81.7675371418698,4.4504,10.9219293951205,76.1833932062393,5.50841106598959,81.6918042722289
GAB,2005,83.9495998399241,6.1547,16.953304656094,84.0432355614467,3.59283990122888,87.63607546267559
GAB,2006,88.6494092562519,9.7823,25.6790696913332,85.6108217616136,3.15100423734133,88.76182599895492
GAB,2007,85.1324791636578,8.6978,24.1251490739474,83.4131671985386,3.60059532421835,87.01376252275695
GAB,2008,88.9988725945748,4.6305,77.7895270346854,89.172106484587,2.21111070998674,91.38321719457375
GAB,2009,83.5045774235636,3.823,73.5126027402267,83.1348290725266,3.03112583114056,86.16595490366716
GAB,2010,89.1576627248353,5.8434,59.5527825312156,90.0238109825846,2.48688091630774,92.51069189889235
GAB,2011,90.4983773331323,5.8132,67.7770827112681,85.8523172012879,3.8579113367887,89.7102285380766
GAB,2012,92.3428089420545,3.4281,72.5556039077438,71.2999874587435,1.21683062244485,72.51681808118835
GAB,2013,90.6350361478645,5.6605,62.2779522850069,65.7772359485275,1.3868214654464,67.16405741397391
GAB,2014,73.5203290162438,1.571,53.3394315418242,57.3466183308981,1.09231849999857,58.43893683089667
GAB,2015,73.9497814588281,4.1015,36.3070036950427,41.9546334620749,1.57938272358853,43.53401618566343
GAB,2016,70.1333810645308,4.4693,14.6534093625024,30.8820467592108,1.82553919658524,32.70758595579604
GAB,2017,75.0687404456638,3.151,14.6694853489707,62.2945642697917,3.31591796865075,65.61048223844244
GAB,2018,77.0365976973024,2.7171,19.1565890079185,53.4577795641384,3.11836475453618,56.57614431867458
GAB,2019,73.4280894486644,4.9331,18.8164911893315,54.8656896318362,4.31465619463794,59.18034582647414
GAB,2020,70.1140546463796,0.9768,17.9367466818875,52.9194386591688,6.19989793138207,59.119336590550866
GAB,2021,85.3483122054787,0.2149,16.6511067504691,52.3128650846528,6.75461904672039,59.06748413137319
GAB,2022,92.0630888496921,4.0583,17.7145145244664,67.2482428452105,6.4339342258012,73.6821770710117
GAB,2023,91.4786533179144,1.6365,19.1051573724264,53.9865618745688,23.3145469906779,77.3011088652467
GEO,2002,71.6291255364807,1.6286,9.93776020641878,5.45310800002804,21.0880785677073,26.541186567735338
GEO,2003,77.6333765369391,1.7724,9.13130483136033,5.05169366048303,25.0579102732238,30.10960393370683
GEO,2004,79.0407459055607,4.5871,16.6914033517703,3.52462707764719,24.1908885799925,27.71551565763969
GEO,2005,84.5295975354749,2.3362,22.1981120283383,3.23319790144088,17.0975788402177,20.330776741658582
GEO,2006,89.125374368197,16.9317,36.171554551052,3.14940175095062,21.6949403301736,24.84434208112422
GEO,2007,88.3934140686603,22.2185,45.5701152104545,3.72470307672767,19.5083700513852,23.23307312811287
GEO,2008,86.2982243681487,13.4236,19.1692633814818,2.95013231247938,20.2382480864755,23.18838039895488
GEO,2009,78.1930390303569,10.6601,24.332675725588,4.37767893286602,16.3767080410488,20.75438697391482
GEO,2010,81.6733870603639,12.5215,25.7530625924978,5.03344278022283,19.0136549836365,24.04709776385933
GEO,2011,85.4659350932986,13.1206,23.9209081079851,4.13445051636053,17.4166786620434,21.55112917840393
GEO,2012,89.7348800946338,15.9717,21.2543266682517,2.9506292384286,10.54586482423,13.4964940626586
GEO,2013,93.8139137895532,15.2867,20.7431663977262,3.26925426936962,7.38402919227685,10.65328346164647
GEO,2014,94.9506979383393,15.2493,19.1398638204665,3.7699143071261,7.02141310273315,10.79132740985925
GEO,2015,97.0163115086257,14.2291,17.5531670934591,8.13945677108545,15.2943151229285,23.43377189401395
GEO,2016,94.9262528383443,14.8722,17.4113069755128,3.43276010987525,23.1801819906018,26.61294210047705
GEO,2017,102.584277697146,15.263,18.9884320493199,4.10234077225929,24.3437615637949,28.44610233605419
GEO,2018,109.847740556266,13.5449,19.2231430432921,1.97412219775379,26.4965811398285,28.47070333758229
GEO,2019,117.810080239714,12.1379,18.6986424965008,0.719734166289668,31.7197591634292,32.439493329718864
GEO,2020,92.8910841752194,11.564,19.4850146886447,0.379604277824326,36.9196916215406,37.29929589936493
GEO,2021,101.60090754891,10.786,19.4197877982404,0.790798155963414,32.4372531660103,33.228051321973716
GEO,2022,114.695437688718,16.3328,20.9538653079122,2.60573425303883,32.7979025501132,35.40363680315203
GEO,2023,107.151179161579,17.2724,20.7362593587805,4.09034025162347,21.2397224759839,25.33006272760737
GEO,2024,103.456471463024,18.8015,17.6735486994519,2.33702072065557,13.6105213577844,15.94754207843997
DEU,2002,58.3325687248129,,,1.42402064167184,2.32325935289554,3.7472799945673803
DEU,2003,58.9145442942507,,,1.51275631349144,2.13366197300079,3.64641828649223
DEU,2004,62.9064909465164,,,1.86646970395014,2.32225166446631,4.18872136841645
DEU,2005,66.9531024934321,,,2.15737726367222,2.55683845334251,4.71421571701473
DEU,2006,72.7591934646234,,,2.52514172512018,3.24106059312103,5.76620231824121
DEU,2007,74.8838416816798,,,2.28098048790857,3.28306933470103,5.5640498226096
DEU,2008,76.1131665945746,,,2.61473020571424,3.11834578635162,5.73307599206586
DEU,2009,66.1391275757126,,,2.02575854491354,2.56724520881715,4.59300375373069
DEU,2010,73.8852351200263,,,1.96777437205077,3.00262778857456,4.97040216062533
DEU,2011,78.433002901442,,,2.29646861136678,3.30754600631597,5.60401461768275
DEU,2012,79.3316495670315,,,2.43490930670804,3.04691827865277,5.48182758536081
DEU,2013,77.5860288576931,,,2.41594718104658,2.76715898866833,5.18310616971491
DEU,2014,76.8483516336234,,,2.25199429341006,2.6811267823272,4.93312107573726
DEU,2015,77.7565815686922,,,2.13441977383123,2.46485437516914,4.599274149000371
DEU,2016,76.0059902166055,,,1.64382508639625,2.31084898157863,3.9546740679748797
DEU,2017,77.4548394742448,,,1.79687015135703,2.543077062625,4.33994721398203
DEU,2018,79.1252260463654,,,2.06424587714665,2.56915136679601,4.63339724394266
DEU,2019,79.0732427175683,,,2.21694997936172,2.55894433814177,4.775894317503489
DEU,2020,72.9335327120137,,,1.81843784726771,2.83242984391125,4.65086769117896
DEU,2021,79.9195348609851,,,2.60156267352484,3.37551358136732,5.977076254892159
DEU,2022,88.7857542130501,,,3.55065871383029,3.20293652588426,6.753595239714549
DEU,2023,81.9625483787634,,,2.0446709964022,2.72269311920232,4.76736411560452
DEU,2024,79.0907305894936,,,2.07454936630529,2.72353839400857,4.79808776031386
GHA,2003,97.2871457139532,9.1218,17.7094465886763,0.0481803318787904,2.46857072038619,2.5167510522649805
GHA,2004,99.6703343472122,7.6007,24.1550830330168,2.25891488923827,1.49737393398241,3.7562888232206797
GHA,2005,98.1715141146279,9.5381,23.4436293829066,2.42026667222042,3.60406853600616,6.02433520822658
GHA,2006,64.5190542439152,19.501,37.4426444714508,0.449413904187484,2.16102136221263,2.610435266400114
GHA,2007,65.3543222852532,14.6711,26.6903335506933,0.758742699996961,2.87234023304386,3.631082933040821
GHA,2008,69.5142256111434,11.1993,20.0242024793272,1.32905143391096,3.51368318139587,4.8427346153068305
GHA,2009,71.5947385281523,11.6577,28.4806289961588,1.75329081764514,1.74904889698946,3.5023397146346
GHA,2010,75.3778157916824,11.6317,28.6808407522775,0.114294159518324,4.01489450472122,4.129188664239544
GHA,2011,86.2954538549695,12.6413,27.7400934400547,40.4219396496718,1.36513638736008,41.78707603703188
GHA,2012,93.1680351286831,11.2644,25.203835852371,28.9638835969169,1.47263285139011,30.43651644830701
GHA,2013,60.7593219028775,12.8057,19.6002334524153,24.7444175029272,2.06865588093151,26.813073383858708
GHA,2014,63.8365624430783,10.7377,19.5099774614687,29.7421554112913,1.73605428922296,31.47820970051426
GHA,2015,76.5212709243242,10.5541,18.3432463946771,21.7019621780148,1.53114850582018,23.23311068383498
GHA,2016,67.8769994445865,8.007,16.8290270210254,12.9823297234949,1.90382388267575,14.88615360617065
GHA,2017,70.5483652904116,9.8819,20.8005425603772,25.3456087168229,1.94503330731125,27.290642024134147
GHA,2018,67.9585174644902,10.4056,17.9337863626706,30.6056138754779,2.79589844396489,33.40151231944279
GHA,2019,76.824802732152,14.1981,23.139465185671,31.7022617995334,3.04129705781624,34.74355885734964
GHA,2021,62.7078309128346,11.0377,21.288101163547,26.6641837008799,2.90277951595568,29.56696321683558
GHA,2022,70.1154557937915,10.6705,11.9372038402218,31.0014653616144,1.8752282216153,32.8766935832297
GHA,2023,64.3878615301086,9.0197,8.69027246258012,24.5298166225955,3.79789972324939,28.32771634584489
GRC,2002,50.0533371904633,,,8.44684246026498,8.55148654688925,16.99832900715423
GRC,2003,47.8943121550822,,,6.87847827377467,8.50894523857891,15.38742351235358
GRC,2004,49.825317672568,,,6.88338928268689,9.11717843994865,16.00056772263554
GRC,2005,50.3555334391407,,,9.41657727800125,8.30282845585775,17.719405733859
GRC,2006,51.1047465834807,,,13.0348086377202,10.755417817886,23.790226455606202
GRC,2007,54.5256818189044,,,12.1528824805951,10.6098047989006,22.7626872794957
GRC,2008,57.1052836264926,,,21.6364957928643,8.56804533371907,30.20454112658337
GRC,2009,46.3779593986083,,,20.3161042422237,6.7912478776731,27.107352119896802
GRC,2010,50.9225181997227,,,26.0765746817089,8.28992249752207,34.366497179230976
GRC,2011,56.2929957941907,,,30.8480811435532,8.82709112148929,39.67517226504249
GRC,2012,62.3942117351318,,,38.9473786760151,7.57301310927524,46.520391785290336
GRC,2013,62.9547272215374,,,39.8794687368643,7.28125080814386,47.160719545008156
GRC,2014,66.4335364513677,,,38.4497921134743,7.7342745445756,46.1840666580499
GRC,2015,65.2716454619318,,,29.8025044841914,8.84628292817813,38.64878741236953
GRC,2016,63.6575490882866,,,27.486746822351,8.61869070411616,36.10543752646716
GRC,2017,70.8824967397253,,,31.5206091430482,9.41025237648499,40.930861519533195
GRC,2018,79.2379908638706,,,34.3275993994739,9.05447796786826,43.382077367342156
GRC,2019,80.5900949510457,,,31.5508351157215,8.40877922249186,39.95961433821336
GRC,2020,70.2937464580745,,,21.8705262171051,8.68777585031482,30.558302067419916
GRC,2021,88.0126654490379,,,28.2003382348404,9.10974624952373,37.31008448436413
GRC,2022,108.121843229922,,,36.7819392981899,8.26741158029574,45.04935087848564
GRC,2023,92.4710882947018,,,32.3610109003756,7.74800044317647,40.10901134355207
GRC,2024,89.7765279446168,,,30.247817424431,8.40665835134244,38.654475775773435
GRL,2002,,,,0.0249555907424717,0.0145181041108657,0.0394736948533374
GRL,2003,87.2971972810315,,,0.0281728408231424,0.00748632465466788,0.03565916547781028
GRL,2004,88.1524357295282,,,0.0226810623140826,6.01902662586866,6.0417076881827425
GRL,2005,99.7079265489358,,,0.0221659742013441,6.37042726139033,6.392593235591674
GRL,2006,89.6938562419079,,,0.00772824321901131,7.32327087908504,7.330999122304052
GRL,2007,94.9670539629143,,,1.67003405452262e-5,11.7231862979607,11.723202998301245
GRL,2008,107.37322125158,,,3.33159559238594e-4,9.13540934473474,9.135742504293978
GRL,2009,85.7573657356888,,,6.18824327431985e-5,5.36033160111456,5.360393483547304
GRL,2010,110.472368234124,,,4.55948998286097e-4,0.833504873851636,0.833960822849922
GRL,2011,130.547942353994,,,2.57661457602088e-4,0.298395870459819,0.2986535319174211
GRL,2012,100.978401084907,,,1.23280752578384e-4,0.259648102396516,0.25977138314909437
GRL,2013,95.9116681587586,,,6.20130868764201e-5,0.115738013954152,0.11580002704102842
GRL,2014,87.0885837878503,,,3.18053570797951e-5,0.50339883995225,0.5034306453093298
GRL,2015,83.1013810084573,,,2.14372729150418e-4,0.151235407148698,0.1514497798778484
GRL,2016,85.8376729204278,,,5.35341984663745e-5,0.129451775323338,0.12950530952180436
GRL,2017,84.2072558673104,,,2.36138331680841e-4,0.0849913379861368,0.08522747631781764
GRL,2018,89.7766906266033,,,5.96039293306854e-5,0.103210288853998,0.10326989278332868
GRD,2002,,20.3991,23.6081829547546,0,0.0117925997789191,0.0117925997789191
GRD,2003,,17.1329,22.5497842725567,0.00343941143140668,0.144868009490849,0.14830742092225568
GRD,2004,,16.8341,28.335269036345,0,0.023615908855153,0.023615908855153
GRD,2005,,2.0298,26.0204842751624,0,0.0445847020661989,0.0445847020661989
GRD,2006,,7.2554,22.08725714651,0,0.080101458919477,0.080101458919477
GRD,2007,,9.2204,22.6729806612816,0.282854061652811,0.139005663097239,0.42185972475005
GRD,2008,,11.9168,19.5484559651929,0.0490860787754612,0.247129905210492,0.29621598398595317
GRD,2010,,6.703,21.2552822808329,0,0.0118265832367857,0.0118265832367857
GRD,2011,,2.973,22.6766117368366,0,0.00463454236291343,0.00463454236291343
GRD,2012,,12.0198,20.2769198743652,0.123575653560857,0.053928953223931,0.177504606784788
GRD,2013,,7.9149,25.6571899652299,1.10989463844751,0.0758615328759799,1.1857561713234899
GRD,2014,,12.3719,26.6186837729347,0.194185696350986,0.0494167521988235,0.2436024485498095
GRD,2015,,3.1525,32.8688689681037,0.184799628962762,0.132159967052998,0.31695959601576
GRD,2016,,4.2946,33.3143555314703,0.0114947152175975,0.0949684587437557,0.1064631739613532
GRD,2017,,3.9129,35.3582874174252,0.927466088837773,0.926490251114031,1.8539563399518042
GRD,2018,,2.8838,40.3011708934423,0.0167886799713183,1.37953013219299,1.3963188121643084
GRD,2019,,2.5262,43.1145945043593,0.0206872351411753,0.878414956986683,0.8991021921278584
GRD,2020,,12.2465,35.1618098392065,0.0304281169101189,0.664594764475158,0.6950228813852769
GRD,2021,,13.3854,38.7521827364846,0.0345900608543745,0.183026883838946,0.2176169446933205
GRD,2022,,7.5739,43.54636462308,1.12442719931046e-4,1.30927087490738,1.309383317627311
GRD,2023,,6.2699,45.8450130251055,0.00600336706493187,1.13207023013456,1.1380735971994917
GRD,2024,,1.8152,49.0297257496974,2.80506569057113e-4,1.48030890168803,1.4805894082570872
GTM,2002,67.1048115244645,27.226,52.4245593320643,7.15402228818343,0.524514055435472,7.6785363436189025
GTM,2003,67.0023391862425,30.435,56.7120212913201,8.19705664111192,0.385124889688843,8.582181530800764
GTM,2004,70.2148723581872,19.9638,43.5153916736391,8.27519812587276,0.499021938915106,8.774220064787867
GTM,2005,67.1036996082037,15.2837,39.7311111576204,5.65421306924021,0.504369281673816,6.158582350914027
GTM,2006,67.9119237396616,13.4658,37.0471617084246,8.78466264407755,1.05484688638205,9.8395095304596
GTM,2007,69.0013643101763,15.8066,34.031159162305,5.06236157782731,3.99130572305598,9.05366730088329
GTM,2008,65.1787305213103,15.5609,33.6678423122374,6.98086379688782,4.3044379205498,11.28530171743762
GTM,2009,58.0406869738673,8.2701,35.1098383241386,4.05012640218242,5.14889014336207,9.199016545544492
GTM,2010,63.1251925746222,10.5364,39.5434711798924,4.51771285671813,6.4814721290323,10.999184985750428
GTM,2011,65.0470510420457,13.9116,37.9218366331352,5.07864763153542,9.60398048065433,14.68262811218975
GTM,2012,61.9594193352042,6.0284,43.559113301248,3.95922978414064,6.24905586877563,10.20828565291627
GTM,2013,56.6852489007381,5.4072,41.5762643176387,4.60521260126621,5.68324807653903,10.28846067780524
GTM,2014,55.0832736168677,4.8749,37.5713800009515,6.54261244833977,8.36121793211082,14.90383038045059
GTM,2015,49.8934518550985,4.1421,38.0107648670804,4.11851881622466,7.32998592292712,11.44850473915178
GTM,2016,46.3727343925686,4.3559,43.3161465697598,3.19119223769435,6.51105731928332,9.70224955697767
GTM,2017,46.0694034412912,4.4801,50.5702040615554,3.46205566813166,3.57652400864886,7.03857967678052
GTM,2018,47.0116853424691,6.5858,51.8358720368274,4.18284694557494,1.05309087465843,5.23593782023337
GTM,2019,45.5167341849579,5.4406,60.1064661731239,4.5514849831038,0.763295310955501,5.3147802940593
GTM,2020,41.1407594007818,5.6964,75.8026351309076,2.36062512977755,0.965056394414869,3.3256815241924187
GTM,2021,49.261149442668,5.182,79.559640080038,2.71077430779677,1.34790558731064,4.05867989510741
GTM,2022,54.4490964612191,1.1959,80.7888916751576,2.88982472719425,1.0314912584959,3.92131598569015
GTM,2023,48.3297978472591,0.7378,83.0449852081302,1.91720908388626,0.880937617051219,2.798146700937479
GTM,2024,47.3052981448815,0.6308,90.2196292193644,2.87685268224686,0.800281678243913,3.677134360490773
GNB,2004,43.192131633446,10.8612,,0.809891939704249,0.0878671775223499,0.8977591172265988
GIN,2002,38.0284032674396,8.6437,8.32644581707585,0.0557014661652494,53.9134297315455,53.969131197710745
GIN,2004,34.5950959210535,2.0243,3.47807388641386,0.267168896482423,77.2956770112997,77.56284590778212
GIN,2005,47.9377003917167,5.0385,3.12730039628194,3.40567100019241e-5,65.0433136630908,65.0433477198008
GIN,2006,69.3862937148949,3.8805,1.25722564477921,0.307662074415899,55.8518318570931,56.159493931509004
GIN,2007,71.1210322265015,4.0248,1.41713322716656,0.864102683278354,73.4419716903088,74.30607437358717
GIN,2008,64.1842433909581,3.9021,1.74174886120997,1.02831082278776,51.5371217304826,52.56543255327036
GIN,2013,80.4264477180461,5.8877,50.8711415489504,0.289553832489308,30.74770496475,31.037258797239307
GIN,2014,76.7719658952305,3.4125,53.4414584979819,0.289042432328907,34.4442960467048,34.733338479033705
GIN,2015,72.4427307469345,4.9572,32.0952810082157,0.213868655725313,36.6907365805971,36.90460523632241
GIN,2016,111.839467415368,3.1823,37.9074981302271,0.466113470861431,25.8241585170912,26.29027198795263
GUY,2002,196.72507835983,9.0735,20.4632260747042,1.10729463309816e-5,7.04053135173573,7.040542424682061
GUY,2003,189.162485631386,8.1004,19.0066835325484,0.00118430580053243,5.36334743544851,5.364531741249043
GUY,2004,200.725286901642,8.3435,16.9424915170086,0.0178910056472955,5.16307269776892,5.180963703416215
GUY,2005,194.350757310172,6.7808,20.3314309240436,1.82487313548842e-4,7.06483449403864,7.065016981352189
GUY,2006,,13.9401,24.0409719723166,4.63444283185543e-4,8.51342561951512,8.513889063798306
GUY,2007,,21.5748,36.8824518184616,9.18260812129859e-4,13.2307571670555,13.23167542786763
GUY,2008,,23.8048,35.9329427112651,7.51225693066862e-4,16.9541362264923,16.954887452185364
GUY,2009,,31.6533,44.2187436287261,1.76657587114305e-4,11.5173362691517,11.517512926738815
GUY,2010,,23.6664,55.5285943296084,0,13.7928199089307,13.7928199089307
GUY,2011,,38.3723,39.9555486438582,0,12.0699101207659,12.0699101207659
GUY,2012,,29.7769,43.7658724350843,4.32445899138433e-5,11.2101939273392,11.210237171929114
GUY,2013,,44.5565,34.0405907815511,2.64255922135971e-6,10.3209281591119,10.320930801671123
GUY,2014,,39.2422,28.5200573742477,3.83814291986893e-4,11.2362283140168,11.236612128308787
GUY,2015,,19.0052,32.4932177881721,4.94357193637663e-5,9.34600643844565,9.346055874165014
GUY,2016,,14.7947,35.3425110141642,2.846192827259e-4,8.71851457860381,8.718799197886534
GUY,2017,,7.3023,35.7354902953513,0.00152946241564808,8.9595201197312,8.961049582146849
GUY,2018,,7.7288,32.2656599444385,0.00197253431649032,9.89146919230117,9.89344172661766
GUY,2019,,3.1763,37.4689050695799,5.52225782843934e-5,9.58751420362942,9.587569426207704
GUY,2020,,3.6064,45.174217674469,41.4530016432103,3.08115508881147,44.53415673202177
GUY,2021,,2.9973,41.8469798362876,68.9458186383787,2.03078175505954,70.97660039343823
GUY,2022,,2.6237,44.3395649123763,87.7912624605874,0.999218642106356,88.79048110269376
GUY,2023,,2.0415,30.321846757966,86.1240111243749,1.13100523084098,87.25501635521589
GUY,2024,,1.731,27.4277664754556,91.8941169807687,0.694800191106439,92.58891717187514
GUY,2025,,,,75.8885276423796,0.977452250892603,76.8659798932722
HTI,2014,42.3515259071619,7.0626,93.6398039485828,0.0043249718857523,9.45664716442303,9.460972136308783
HTI,2016,41.4109022161974,6.0448,90.4728777400358,1.049773608441e-4,3.90329778217313,3.903402759533974
HND,2002,117.997454450299,9.5397,27.8873857440774,0.0558140378246492,5.75154382363693,5.807357861461579
HND,2003,122.248277175534,7.6436,25.4370605845472,0.194978895207617,5.89556144708822,6.090540342295837
HND,2004,135.461758741854,6.8143,31.9030293553917,0.10107453163439,6.35794151098228,6.45901604261667
HND,2005,136.489768018486,6.2132,45.224074340791,0.608115568618842,7.55946701876683,8.167582587385672
HND,2006,133.13183510432,7.1408,66.2559434572677,0.337626779048706,7.16490680582052,7.502533584869226
HND,2007,135.070634917917,10.5241,84.5612207562029,5.38467318598085,7.36587469232269,12.75054787830354
HND,2009,96.9050060188904,6.4977,54.9995758467379,6.17707347229059,3.90285624713461,10.0799297194252
HND,2010,109.441838241682,9.3373,67.4064711552552,8.0723038762939,6.01471210389409,14.087015980187989
HND,2011,122.216902597337,6.0521,62.9806587134135,4.10902012802959,4.17320433144657,8.28222445947616
HND,2012,121.188215808285,7.8952,49.7774685394774,3.90978374073776,3.33445569742246,7.2442394381602195
HND,2014,112.97509728471,6.8287,46.8924350969364,0.0260914911819797,3.88606656605623,3.9121580572382095
HND,2015,107.26440535424,6.4288,49.1757286479242,0.0186038308259842,1.61786742021013,1.6364712510361141
HND,2016,99.8157169505924,5.7606,50.0354332575971,0.0219779608215723,1.26665531676927,1.2886332775908422
HND,2017,101.813111079622,5.6339,53.8086447532789,0.817041694657436,2.56662601397788,3.383667708635316
HND,2018,103.551162215452,7.6482,51.9676297383313,0.308822578147583,3.25414714557368,3.5629697237212627
HND,2019,99.4595352452417,7.9793,58.8811793892231,0.0140768372959928,2.70409749738022,2.718174334676213
HND,2020,88.0008563836292,5.6712,73.488758746513,0.009890520380133,3.16148759564147,3.1713781160216032
HND,2021,103.372643459918,8.1005,69.2918640610283,0.013241011947448,2.25309701265772,2.2663380246051683
HND,2023,98.7919798336365,11.5541,58.2768595437127,0.0650199693590328,3.40869496897492,3.473714938333953
HND,2024,91.6694117874122,12.3162,56.1983206870397,0.02883145069384,3.18629943072344,3.21513088141728
HKG,2002,255.996457369342,,,0.727912959261127,1.5339569453791,2.261869904640227
HKG,2003,292.454655919737,,,0.896646250430637,1.72441128137672,2.621057531807357
HKG,2004,326.841054589054,,,0.992647981806573,2.20832543286422,3.200973414670793
HKG,2005,342.689209524653,,,1.33685218489817,2.48868581414597,3.82553799904414
HKG,2006,359.208661184248,,,1.2664099639829,2.74763595973411,4.01404592371701
HKG,2007,362.14946363969,,,1.51790817690035,4.05180542171598,5.56971359861633
HKG,2008,376.656806171877,,,1.89987009504121,5.3612384995499,7.261108594591111
HKG,2009,348.397554309339,,,1.9405981440719,2.80739083433319,4.74798897840509
HKG,2010,404.770560908659,,,1.97471247684696,5.713833271617,7.6885457484639605
HKG,2011,421.854706554386,,,2.04710597899413,6.81578992521392,8.86289590420805
HKG,2012,430.568530415663,,,1.08377769821115,4.49757773775722,5.58135543596837
HKG,2013,442.620019127299,,,1.08391438680499,3.93181628441166,5.01573067121665
HKG,2014,425.975871734797,,,1.44114492800792,6.56347176912372,8.00461669713164
HKG,2015,389.405949263639,,,1.80642355129519,5.07885233064028,6.8852758819354705
HKG,2016,371.727231773253,,,0.882539406722337,2.57138135948508,3.453920766207417
HKG,2017,376.795666734722,,,0.106953953113915,1.27614189710421,1.383095850218125
HKG,2018,376.892773545026,,,0.119866004746752,1.15924264498164,1.2791086497283919
HKG,2019,353.743521139731,,,0.116930486380584,1.06667493972405,1.183605426104634
HKG,2020,350.679705044448,,,0.0860309283828553,1.47244036489582,1.5584712932786753
HKG,2021,402.459681454463,,,0.0950705144024559,2.25001097039149,2.345081484793946
HKG,2022,384.885909968308,,,0.124056862630244,1.74354603668291,1.8676028993131542
HKG,2023,353.194608900413,,,0.134003723009074,2.15847705664223,2.292480779651304
HKG,2024,359.390663042179,,,0.111838199290455,1.82537051234853,1.937208711638985
HUN,2002,118.269335242555,,,1.48652240672871,1.87762131135763,3.36414371808634
HUN,2003,116.787088540862,,,1.55166807212857,1.82588196687277,3.37755003900134
HUN,2004,123.615686104174,,,1.8029750084607,1.97921288683327,3.78218789529397
HUN,2005,128.004810647538,,,2.61978452250302,1.87151209714555,4.49129661964857
HUN,2006,149.231531568461,,,2.33860712342864,2.02612082094317,4.3647279443718094
HUN,2007,155.60143236807,,,2.79402124116207,1.78314883878328,4.5771700799453505
HUN,2008,158.453224115619,,,3.09137506197835,1.64535238442953,4.73672744640788
HUN,2009,145.30587733019,,,2.46413041965744,1.23602660843956,3.7001570280969998
HUN,2010,157.838960085896,,,2.65553407851758,1.65716826388936,4.31270234240694
HUN,2011,166.754347209897,,,3.48647939393779,1.94492768963375,5.43140708357154
HUN,2012,166.17569860957,,,4.03999139914224,1.84908758477489,5.88907898391713
HUN,2013,164.476024791467,,,3.59652575011648,1.70937207260648,5.30589782272296
HUN,2014,168.358355086413,,,3.33738014007523,1.4966513494331,4.83403148950833
HUN,2015,167.290738494524,,,2.29528126899766,1.27861929684595,3.57390056584361
HUN,2016,163.97194450015,,,1.82120979027414,1.20120060028288,3.02241039055702
HUN,2017,165.032855840268,,,2.49621747922648,1.38088988204167,3.87710736126815
HUN,2018,162.700858777925,,,2.80671616706979,1.48496935736457,4.29168552443436
HUN,2019,159.925556464831,,,2.62395420067476,1.30814909180621,3.93210329248097
HUN,2020,154.527002936377,,,2.1936775401752,1.22862887551063,3.4223064156858296
HUN,2021,159.187527332834,,,3.1975322289865,1.54208953732149,4.73962176630799
HUN,2022,184.969952581351,,,4.26893640063781,1.61848112861363,5.88741752925144
HUN,2023,158.618825607913,,,3.01091871227433,1.27806090595818,4.28897961823251
HUN,2024,147.926666538068,,,3.35037243793325,1.31939331705371,4.66976575498696
HUN,2025,140.779303903333,,,4.13195933028604,1.25428042781768,5.38623975810372
ISL,2002,68.7108314689249,,,0.40654344367881,19.3827236344298,19.78926707810861
ISL,2003,67.4009987460124,,,0.234564340543303,19.298011949165,19.532576289708306
ISL,2004,69.7326204452496,,,0.518432513761317,18.695152655043,19.213585168804318
ISL,2005,71.2106793861355,,,1.39645565158794,19.048120440224,20.44457609181194
ISL,2006,76.6308537686708,,,2.33075048398321,24.0938258840869,26.42457636807011
ISL,2007,73.6249668831341,,,1.45343457291812,27.0501532407185,28.50358781363662
ISL,2008,81.9027481853952,,,1.48265540558041,39.8608258566713,41.34348126225171
ISL,2009,89.00144405735,,,0.991646978305986,35.1152701752812,36.10691715358719
ISL,2010,92.4901528110187,,,1.02822593882239,41.9968812302979,43.02510716912029
ISL,2011,100.133252648313,,,1.93291585931758,40.3100501672604,42.24296602657798
ISL,2012,102.433137099998,,,2.01347115859458,37.7080328564274,39.72150401502198
ISL,2013,97.6980221861272,,,1.59881587921523,37.9497870960384,39.54860297525363
ISL,2014,95.2879194201667,,,1.990960030038,39.0143129278785,41.0052729579165
ISL,2015,94.8888027460231,,,1.61071182711898,40.2234723685203,41.83418419563928
ISL,2016,87.7600165983392,,,1.30876952578186,36.3625305906611,37.671300116442964
ISL,2017,86.3585336945067,,,1.18088468244248,41.5488472709282,42.72973195337068
ISL,2018,88.934996973139,,,2.01382640511231,40.9998053608375,43.01363176594981
ISL,2019,83.7923659518443,,,1.59354192827939,35.093777466838,36.68731939511739
ISL,2020,68.6550233460548,,,0.719497610466775,36.1126589413398,36.83215655180658
ISL,2021,76.2317249850944,,,1.14914806381892,39.8457077323209,40.994855796139824
ISL,2022,93.0164295134303,,,2.31523717434142,42.1109481069052,44.42618528124662
ISL,2023,87.2388810922276,,,2.4467295757755,36.3695667357812,38.8162963115567
ISL,2024,86.1815792789281,,,1.9525495830387,34.306807912609,36.259357495647706
ISL,2025,82.4877303813374,,,1.46008715611827,36.2222066543692,37.68229381048747
IND,2002,29.5086629350614,3.8707,67.7196714862146,4.64597767742237,4.25872737663468,8.90470505405705
IND,2003,30.592436132908,5.3219,87.258726981145,6.10097544845508,3.82716185417028,9.92813730262536
IND,2004,37.503814059447,5.5514,106.459372005668,8.06795716494028,5.80485000658225,13.872807171522531
IND,2005,42.0016696148691,7.2741,113.721097540285,10.4601583493885,7.5598167974124,18.0199751468009
IND,2006,45.7244804992652,15.7322,111.612105248727,14.8542991106596,8.02759324673593,22.88189235739553
IND,2007,45.686268679348,17.6876,135.539270475798,16.1895676050457,7.75049690967274,23.94006451471844
IND,2008,53.3682204392226,19.295,113.346273242114,18.0648893231602,6.43019011195547,24.49507943511567
IND,2009,46.2728696428837,18.1821,111.068783299851,13.5864051496825,6.31070592693835,19.89711107662085
IND,2010,49.2552064974161,19.4361,103.461319152171,17.2296552495647,7.59240821219674,24.82206346176144
IND,2011,55.6238800135298,23.3409,89.3361512583746,18.7585466086377,3.91432268407082,22.67286929270852
IND,2012,55.7937217287511,23.7785,76.5267053788125,18.7788936146643,3.44326884760231,22.22216246226661
IND,2013,53.8441319466777,21.6985,69.7708394619795,20.6668895706043,3.08061973564483,23.747509306249132
IND,2014,48.9221857470669,18.7044,71.0548132506624,19.6340746160473,3.16343902186514,22.79751363791244
IND,2015,41.9229138658647,17.0337,73.787840306062,11.8719127202525,3.37741762924188,15.249330349494379
IND,2016,40.082485713276,18.4248,79.3986952137363,10.6421920620902,3.15923171416737,13.801423776257568
IND,2017,40.7424969545225,19.0799,80.6554701626196,12.1859467424678,4.00964790911576,16.195594651583562
IND,2018,43.6169693323889,19.9402,76.5897509037981,15.06745126951,3.53369671804044,18.60114798755044
IND,2019,39.9054035306442,19.0331,82.6123941762793,13.7763501701928,3.54087990043718,17.31723007062998
IND,2020,37.7581053292768,18.3251,104.468842983349,10.0306929080613,4.703645380644,14.734338288705299
IND,2021,45.4230887840446,18.7329,104.329764836502,14.2846592727887,4.82679996577803,19.11145923856673
IND,2022,50.6979382758042,20.7746,92.1664366011073,21.7524651912837,3.72613048820678,25.478595679490482
IND,2023,46.3229520582338,19.6266,96.9479623776361,20.7059082080863,3.88575987351437,24.59166808160067
IND,2024,45.9166907678748,19.4803,89.7532492132288,17.094437885147,3.68720358535662,20.78164147050362
IDN,2002,59.0794617663723,13.7227,24.939689858145,24.334811208024,5.235108330847,29.569919538870998
IDN,2003,53.6164937473016,14.4945,26.981836298671,25.7292623898005,5.69921507004627,31.428477459846768
IDN,2004,59.761294836691,15.9545,26.3041558864467,25.9296959534362,6.4100507196535,32.3397466730897
IDN,2005,63.9879358688635,7.7551,24.4356295800576,27.6871048909906,8.4459049483566,36.1330098393472
IDN,2006,56.6571268148867,8.9786,31.3282612701241,27.4003143914625,9.91353850435018,37.31385289581268
IDN,2007,54.8292499782075,12.6197,38.5150304037133,25.6005070622317,10.6517979568693,36.252305019101
IDN,2008,58.5613996312961,12.9741,32.70128554457,29.0318557788815,7.91307569898443,36.94493147786593
IDN,2009,45.5121213687054,13.4051,36.8546175189665,28.2773498619135,9.09437717746705,37.37172703938055
IDN,2010,46.7012738758737,16.6671,48.5231893830568,29.6394103981532,9.79274966912068,39.43216006727388
IDN,2011,50.1800131841104,17.3808,50.146567838044,33.8640790574272,7.76117826342944,41.62525732085664
IDN,2012,49.5828982992627,17.5175,44.6505713440242,33.3477843794198,6.27516219022441,39.62294656964421
IDN,2013,48.6373726752893,17.4895,37.69737876467,31.4408284894275,7.0309491461098,38.4717776355373
IDN,2014,48.0801755855227,15.7092,38.2350714595132,29.0428546208956,4.73488924231125,33.77774386320685
IDN,2015,41.9376402415294,12.4836,34.4092876962145,23.0427750818147,5.47643413638519,28.51920921819989
IDN,2016,37.4213418023318,12.7518,36.4734834506098,19.2890340293455,5.74987617185474,25.038910201200242
IDN,2017,39.3554970704606,13.2124,36.816345447022,21.8451876585303,5.95372322129355,27.79891087982385
IDN,2018,43.0743089552002,12.6259,31.7652933728205,23.3100286060793,6.87227675160072,30.18230535768002
IDN,2019,37.6277775357108,11.1333,32.1056123208033,20.3380217373565,5.44737577698621,25.78539751434271
IDN,2020,32.9721754002427,10.6675,32.590899818207,15.6268808662289,5.57311674337461,21.19999760960351
IDN,2021,40.2047582749671,11.3269,34.6797924617942,19.4540368706185,6.81269893133157,26.26673580195007
IDN,2022,45.4646701959453,12.1256,34.6533350841829,24.2968093578513,8.59372096129526,32.890530319146556
IDN,2023,41.4604765447233,12.6257,36.6251387161778,22.988404985231,8.66175888912423,31.65016387435523
IDN,2024,42.809937870822,15.4664,36.980137806407,20.8482942182543,10.2519087023766,31.1002029206309
IDN,2025,43.391207051120404,,,16.0120291720516,9.15253296016074,25.16456213221234
IRQ,2002,119.762047746987,,,95.0954914415094,0.0262329660377358,95.12172440754713
IRQ,2004,120.233977121676,,,96.0061358572201,0.0235271930773391,96.02966305029744
IRQ,2005,115.742540308642,,,96.3555657715066,0.03433026854802,96.38989604005462
IRQ,2006,89.6505198581778,,,99.459181622694,0.00720020411497278,99.46638182680897
IRQ,2007,74.092853105498,,,99.6294248203056,8.8879210934631e-5,99.62951369951654
IRQ,2008,81.0555432665835,,,99.7568096571184,0.152130246604655,99.90893990372305
IRQ,2009,78.6873788189898,,,99.6937150677908,0.0481577138334307,99.74187278162424
IRQ,2010,73.4974796202443,,,99.7045850237878,4.70060145031071e-4,99.70505508393283
IRQ,2011,72.1713282233655,,,99.7790725268102,0.00338461831676954,99.78245714512697
IRQ,2012,73.6086845912812,,,99.749740585093,0.00431273185474657,99.75405331694775
IRQ,2013,67.4100184095672,,,99.7968723357044,3.9000741894287e-4,99.79726234312335
IRL,2002,163.719329359615,,,0.38490927404738,0.547073828220462,0.931983102267842
IRL,2003,146.531474021275,,,0.242554154325918,0.834027488783115,1.076581643109033
IRL,2004,146.587496370071,,,0.474636791778296,0.773327637734362,1.247964429512658
IRL,2005,148.175564253129,,,0.698321635168599,0.848373059474768,1.546694694643367
IRL,2006,150.021785809265,,,0.647972504993839,1.35003396023797,1.998006465231809
IRL,2007,153.396847068025,,,0.757906206164022,1.31431185162591,2.0722180577899323
IRL,2008,160.039420132474,,,0.940161474923173,1.0759070288858401,2.016068503809013
IRL,2009,173.591474874665,,,0.679163091127457,0.768181510681042,1.447344601808499
IRL,2010,190.08027278672,,,1.13011667576576,1.13574439508563,2.2658610708513898
IRL,2011,186.304879179038,,,1.4526452638135,1.35937647812609,2.81202174193959
IRL,2012,190.35568231798501,,,1.76087251684561,1.25215546913954,3.01302798598515
IRL,2013,199.742586224446,,,0.92254666819731,1.30319085814621,2.22573752634352
IRL,2014,211.181602002085,,,0.91411475748385,1.29762510611796,2.21173986360181
IRL,2015,223.702938290642,,,0.687610499497789,1.06081765439499,1.748428153892779
IRL,2016,239.708527798768,,,0.579429251892252,0.830317368885397,1.409746620777649
IRL,2017,233.304083346711,,,0.808444693249705,1.05124791225945,1.8596926055091552
IRL,2018,222.453716000399,,,0.726723345000767,1.01928317088799,1.746006515888757
IRL,2019,257.652772910421,,,0.580882302920306,0.823606863459568,1.404489166379874
IRL,2020,258.780437026252,,,0.48076376071733,0.613661867444033,1.094425628161363
IRL,2021,231.032350863586,,,0.573629367116036,0.850570043921372,1.4241994110374079
IRL,2022,237.755419559378,,,0.86266788917085,0.737702824148593,1.600370713319443
IRL,2023,239.649627585111,,,0.484641350208567,0.585779533272327,1.0704208834808941
IRL,2024,246.169874857401,,,0.35300599772993,0.609748885370901,0.962754883100831
ISR,2002,65.5319511383591,,,0.0399913280963511,1.25745313725903,1.2974444653553812
ISR,2003,66.9479946684859,,,0.0370735767811615,1.26223210934839,1.2993056861295513
ISR,2004,75.0388690350775,,,0.0260227295207333,1.27358345466053,1.2996061841812634
ISR,2005,78.416693799205,,,0.058722498086305,1.08444901247725,1.143171510563555
ISR,2006,78.5311825907368,,,0.0988995683933675,1.22098662647112,1.3198861948644875
ISR,2007,78.9364099576763,,,0.151946534194579,1.16541272414956,1.317359258344139
ISR,2008,75.4761705381509,,,0.911525798620534,1.36843726148863,2.279963060109164
ISR,2009,61.7597291545045,,,0.0458749912954342,1.15208813405695,1.1979631253523841
ISR,2010,65.717030394986,,,0.86528471011638,1.42794514949644,2.2932298596128198
ISR,2011,69.0009721692523,,,0.971529018503775,1.46038735313216,2.431916371635935
ISR,2012,70.0759039186632,,,1.70032816426379,1.45454508020073,3.15487324446452
ISR,2013,64.2271703557815,,,1.57983966956452,1.18202715323789,2.76186682280241
ISR,2014,61.8390527979395,,,1.14301444001863,1.18245908127786,2.32547352129649
ISR,2015,59.0201557126784,,,0.791842717525683,0.962617325591464,1.754460043117147
ISR,2016,57.9533051643572,,,1.38774761271954,0.963441072958899,2.351188685678439
ISR,2017,56.4519373834561,,,1.43726242593619,1.09444228427862,2.53170471021481
ISR,2018,58.8734013354625,,,2.26461032824839,1.15445068921132,3.4190610174597102
ISR,2019,56.528161844782304,,,2.05400326279715,1.10111966349058,3.15512292628773
ISR,2022,60.6358428266501,,,5.31969619319333,1.41284113227542,6.73253732546875
ITA,2002,47.8713186791542,,,1.74600962390738,1.32350167743371,3.06951130134109
ITA,2003,45.9940859777074,,,2.13590429760863,1.29515403814363,3.43105833575226
ITA,2004,47.2663923891771,,,2.34086220980734,1.43448920830144,3.77535141810878
ITA,2005,49.1221742288618,,,3.43872028627477,1.48703124007983,4.9257515263546
ITA,2006,52.9235429597012,,,3.60007386240689,2.05581028573271,5.6558841481396005
ITA,2007,54.8280415572531,,,3.92041828636441,1.99555279619232,5.91597108255673
ITA,2008,54.214254895667104,,,4.69330962737191,1.80554016349422,6.49884979086613
ITA,2009,45.1414765721604,,,3.447934596545,1.64167033158873,5.08960492813373
ITA,2010,51.6621118138339,,,4.63889398875227,2.15312731726185,6.79202130601412
ITA,2011,54.4722149449288,,,4.76073239440413,2.27013694546359,7.03086933986772
ITA,2012,54.8844952702204,,,4.69948477906981,2.0626853664562,6.76217014552601
ITA,2013,54.0341846317499,,,4.27731648308039,1.98671514125351,6.264031624333899
ITA,2014,54.4545299332032,,,3.73903759474597,2.00835153385994,5.74738912860591
ITA,2015,55.4356858148221,,,3.2944073725625,1.9364198973376,5.2308272699001
ITA,2016,54.4321467018313,,,2.66359462149532,1.90982215322686,4.57341677472218
ITA,2017,57.5829940274911,,,3.27256247837187,2.07230829145132,5.34487076982319
ITA,2018,59.2749835128154,,,3.47059391265364,2.09661757092006,5.5672114835737
ITA,2019,58.6941902594738,,,3.04947553200783,2.1396705602172,5.18914609222503
ITA,2020,53.9394839042764,,,2.14179213063523,2.36923313520368,4.51102526583891
ITA,2021,60.3019776202798,,,3.09783025955749,2.89371816843881,5.9915484279963
ITA,2022,72.0165023032697,,,4.97853512208366,2.84846667997646,7.82700180206012
ITA,2023,65.1028419441908,,,3.62874175899833,2.3671450406078,5.99588679960613
ITA,2024,62.5926144915658,,,3.05293641850331,2.40552881733977,5.4584652358430805
JAM,2002,,13.93,29.3695656819628,2.64190745289582,65.8349797571158,68.47688721001163
JAM,2003,,17.2664,20.8883496016139,2.35339242140386,67.4192690897854,69.77266151118926
JAM,2004,,16.8327,28.3341622255071,2.41870813664498,67.5771349962895,69.99584313293448
JAM,2005,,9.3368,32.922457006849,7.44355134298701,69.8264509321408,77.27000227512781
JAM,2006,,13.5788,28.6781743222781,13.7321281176911,64.388837177649,78.1209652953401
JAM,2007,,14.5709,17.8498605124424,15.0885821931643,64.2235693524351,79.3121515455994
JAM,2008,,12.0641,16.994647302527,18.2762892220308,57.7399342148308,76.0162234368616
JAM,2009,,6.7266,18.6727747626361,17.2367914033147,37.4724718537071,54.7092632570218
JAM,2010,,7.6722,17.6299813114687,22.6130787526814,44.2998718718147,66.9129506244961
JAM,2011,,6.9067,15.9712117058001,24.2170027316131,48.9598085498852,73.1768112814983
JAM,2012,,12.3809,14.012902561274,23.6002811643404,39.3061776314495,62.9064587957899
JAM,2013,,11.1626,14.1073433123507,23.8316795122739,45.5969371537392,69.4286166660131
JAM,2014,,10.8554,17.566996244715,21.8088405769211,50.0197883808134,71.82862895773451
JAM,2015,,10.6647,20.7302394466165,16.0277563138799,56.4341402998641,72.461896613744
JAM,2016,,11.7642,23.5003330661397,15.8992712670727,50.4129949655701,66.3122662326428
JAM,2017,,12.2038,25.9260370678797,18.8089818871207,50.1049158741135,68.91389776123421
JAM,2018,,12.4907,20.1481015996809,14.6465520335904,65.2013439008651,79.8478959344555
JAM,2019,,15.5812,25.1031515482983,19.628162448872,53.8234637203428,73.4516261692148
JAM,2020,,14.6016,27.1787901725615,18.9033420448084,45.3383675601283,64.2417096049367
JAM,2021,,14.0202,30.1660757213439,27.0688967873524,37.0167324348966,64.085629222249
JAM,2022,,13.9354,28.5888163738908,40.3851242137235,23.4441969813905,63.829321195114005
JAM,2023,,17.1236,31.6244028116851,28.7976547528445,37.604098048612,66.4017528014565
JPN,2002,20.1432481553025,,,0.336838530943305,1.30458455245236,1.6414230833956651
JPN,2003,21.0750119103347,,,0.330277857113262,1.32840485295458,1.658682710067842
JPN,2004,23.4324185456932,,,0.40443333428467,1.55315826979317,1.95759160407784
JPN,2005,25.9909279228382,,,0.748696218083002,1.74672948868638,2.495425706769382
JPN,2006,29.714872929485,,,0.911800481133708,2.23362413033632,3.1454246114700277
JPN,2007,32.4957200262739,,,1.29910132558477,2.42206298603946,3.72116431162423
JPN,2008,33.7738026089171,,,2.40280339631499,2.4147697205401,4.81757311685509
JPN,2009,24.1730393019729,,,1.81331656588565,2.63029185657313,4.44360842245878
JPN,2010,28.2400150860666,,,1.69502618164654,2.57283126658044,4.26785744822698
JPN,2011,29.9713853558472,,,1.97930812274285,2.57453394705375,4.5538420697966
JPN,2012,30.174299547803,,,1.68214490249087,2.74337339795033,4.4255183004412
JPN,2013,33.5913694460807,,,2.33284299920258,2.80664770663769,5.13949070584027
JPN,2014,36.7643250218282,,,2.29264163422113,2.67378416411769,4.96642579833882
JPN,2015,34.7276305886293,,,1.82112089122004,2.47487398731731,4.29599487853735
JPN,2016,30.6562793068554,,,1.45314833400369,2.31280447850218,3.76595281250587
JPN,2017,33.6888336792782,,,1.62989701847048,2.4236894271064,4.0535864455768795
JPN,2018,35.8035749582494,,,1.81010139690813,2.51618461172461,4.32628600863274
JPN,2019,34.3582972799989,,,1.98546863293334,2.42229921438742,4.40776784732076
JPN,2020,30.5192226892273,,,1.18928797948461,3.12739508129515,4.31668306077976
JPN,2021,35.4253927340539,,,1.35105888659274,3.50428845966949,4.85534734626223
JPN,2022,44.86063102004,,,2.4439279415333,3.4405823594586,5.8845103009919
JPN,2023,43.5950833802735,,,1.77262134601493,3.36894550677221,5.14156685278714
JPN,2024,44.8529388577573,,,1.39430977776367,3.40853387907624,4.80284365683991
JPN,2025,,,,1.18502310670015,3.56324938693145,4.7482724936316
JOR,2002,114.03885781572,40.9143,31.6261918101737,0.00638352187104476,16.7360177189512,16.742401240822243
JOR,2003,115.706835253918,39.6263,42.9514536559466,0.275406105524519,16.1105492429046,16.385955348429118
JOR,2004,134.621611934395,41.9343,42.2377141334675,0.681552349591884,14.1003646191113,14.781916968703184
JOR,2005,146.908891279018,44.9769,42.7767249427235,0.972445920300149,76.8482479774029,77.82069389770305
JOR,2006,141.747381831126,47.6327,50.3880844582081,1.02627219723761,12.767111640863,13.79338383810061
JOR,2007,145.994246288526,50.0844,53.3217237195438,0.827504244451735,7.19113589256071,8.018640137012445
JOR,2008,,62.2069,64.5381379783004,0.150133122256453,10.5113104275044,10.661443549760852
JOR,2009,,59.6928,85.0410142788599,0.561906843612745,9.08221567014082,9.644122513753565
JOR,2010,,53.5615,80.696164368883,1.07702929489453,8.34627088879283,9.42330018368736
JOR,2011,,54.8935,69.2013311103472,0.184803898952021,11.6963850840199,11.88118898297192
JOR,2012,,53.2112,48.2601308716103,0.282058142253294,11.1113902698849,11.393448412138195
JOR,2013,,47.2672,60.1049159311643,0.173899859349714,7.33262407510611,7.5065239344558234
JOR,2014,,45.1283,66.5162713757684,0.167919629735253,8.1849601413612,8.352879771096454
JOR,2015,,40.2628,64.7378053598565,0.120929763386295,9.01353326875913,9.134463032145424
JOR,2016,,38.6182,57.3337787130011,0.104709249071117,8.81527005731854,8.919979306389656
JOR,2017,,36.3788,51.8142207010819,0.123590689364973,8.14396429922163,8.267554988586602
JOR,2018,,36.0543,45.6694374437538,1.71392273426769,7.71070807339597,9.42463080766366
JOR,2019,,36.7156,45.9807613460011,2.03314518398133,7.09697939752347,9.1301245815048
JOR,2020,,37.0248,44.5907950178061,1.33182496918067,6.5270659968103,7.8588909659909705
JOR,2021,,37.374,45.7151588172955,0.706962713297216,8.69874576135076,9.405708474647977
JOR,2022,,38.2012,44.2024222435831,0.917109884625019,11.2956928860016,12.212802770626618
JOR,2023,,35.8479,42.7944494129774,0.498739629336105,9.38432509607852,9.883064725414625
JOR,2024,,38.1091,46.7126871088204,0.264858580668078,8.49611967128758,8.760978251955658
KAZ,2002,94.03168564978,9.9906,17.0353326117411,58.2968412422144,17.7177876738248,76.0146289160392
KAZ,2003,91.4633324250457,12.1105,21.3637698632737,61.2210355625118,14.153219045929,75.3742546084408
KAZ,2004,96.4091997009336,11.864,27.9139122633383,64.2555866804038,15.2290794239696,79.48466610437339
KAZ,2005,97.7625030243024,18.4726,16.1181446719513,70.1188445046683,14.0126443093885,84.13148881405681
KAZ,2006,91.4535267973373,16.7188,25.695182376329,68.714090971935,15.7778618856574,84.4919528575924
KAZ,2007,92.1616330969975,11.98,18.3301279681237,66.0104725340561,15.092274830169501,81.1027473642256
KAZ,2008,94.2948046483658,8.8878,18.6278498914513,68.7221352878897,12.2115410251468,80.9336763130365
KAZ,2009,75.7660674636533,6.365,21.1252105164387,69.514157362947,11.7030070174124,81.2171643803594
KAZ,2010,74.1382658957842,7.4397,23.7218015474829,71.6806270855298,11.5473437580521,83.22797084358191
KAZ,2011,73.1178570509129,7.0422,23.4981251408587,72.0210784152868,13.1836858542643,85.20476426955109
KAZ,2012,73.7237324891671,6.6899,20.8357193631031,69.8792646239037,13.1924949381927,83.07175956209639
KAZ,2013,65.4076093299538,6.2531,16.2583331260009,76.2956655965256,10.2213021546156,86.5169677511412
KAZ,2014,64.9720346513507,6.1044,18.2555730687253,76.3925592249518,8.96795902235569,85.36051824730748
KAZ,2015,53.0497288072652,4.0092,17.8388585013977,67.7181648737463,12.7083992552071,80.4265641289534
KAZ,2016,60.3115965864153,4.0318,17.7285877588253,60.7328771938903,15.5906292955463,76.3235064894366
KAZ,2017,56.825387935971,4.7087,18.8554414076969,63.3269144379605,16.1720512068241,79.49896564478459
KAZ,2018,63.5279565118188,5.1907,19.2200898039653,70.0337201158019,12.3470889684396,82.38080908424149
KAZ,2019,64.8586165517565,5.2854,16.9643451928874,66.2407564398188,14.7750977836769,81.0158542234957
KAZ,2020,57.0264423660931,5.504,20.6132314221737,65.3889791619589,12.1957647364909,77.5847438984498
KAZ,2021,58.6686085779207,6.9541,19.826926280196,65.6108725080086,12.4082628140823,78.0191353220909
KAZ,2022,68.3343147415612,9.6622,20.6852391034401,68.0182146754446,9.14600106668177,77.16421574212637
KAZ,2023,62.3342837675021,11.2986,20.9726120221524,58.9305033328289,14.6008672804896,73.5313706133185
KAZ,2024,57.1613431963924,11.6956,27.3420275033964,56.7199106286709,15.4598535578386,72.1797641865095
KEN,2002,55.1726722640053,10.8002,17.5223654715719,16.6165342326688,2.17858807244344,18.79512230511224
KEN,2003,54.132265895729,10.3024,22.0714590468592,19.1551044918056,2.9543556082054,22.109460100011
KEN,2004,59.4770033484289,9.5738,21.9694668567627,0.901139664414074,5.50820095089847,6.409340615312543
KEN,2005,64.4788661639796,7.5401,27.6739618120626,18.3199226649607,1.93568467588894,20.25560734084964
KEN,2006,55.2364851257303,8.7786,35.9553028638688,7.27291530118403,2.45940713366363,9.73232243484766
KEN,2007,53.8947888046059,12.7657,44.2860507707484,4.26371122113361,2.8267779266884,7.0904891478220105
KEN,2008,57.5785986473131,12.3566,37.428952039636,2.09821677072516,3.22160944495378,5.31982621567894
KEN,2009,45.9451918127805,11.1878,44.8360795474852,4.20130504014462,1.96524408325836,6.16654912340298
KEN,2010,50.3942873502834,11.7201,48.6296450219419,4.19535073962597,1.9852461441657001,6.18059688379167
KEN,2013,47.4646425127304,17.5649,47.9030272226377,0.93827196300241,2.20574818456868,3.1440201475710903
KEN,2015,40.3273846919019,13.6387,37.9850175926342,10.4002054705089,4.08741066311494,14.487616133623842
KEN,2016,34.8650195731824,10.1351,35.8723664031553,7.46355756592411,4.26489839463264,11.72845596055675
KEN,2017,35.9950578754074,9.8572,27.1801605463288,1.00602573407941,5.36354394694724,6.3695696810266496
KEN,2018,34.4147531767425,8.1006,25.973252621977,0.834754874486309,5.99535617568078,6.83011105016709
KEN,2019,31.759461841481,7.4892,26.0674293528311,7.73708033046599,4.98578217433066,12.72286250479665
KEN,2020,30.3991387830411,6.0288,21.8128323436254,6.74832493327525,5.13265627350615,11.8809812067814
KEN,2021,35.0020477795269,5.9073,23.0254823086428,0.924149796237318,6.38746779763161,7.311617593868927
KEN,2022,40.2753238373561,6.1631,19.1775689415999,1.37369379382007,6.78261238103048,8.15630617485055
KEN,2023,40.9337677377556,6.5611,17.1096987463284,1.8648287478394,5.32428005533122,7.189108803170621
KEN,2024,40.0062529666939,4.6816,23.4728753335776,1.63087288958127,5.12139249435883,6.7522653839401
KIR,2005,123.594268587865,,,0.0170988965474781,1.60919926231274,1.6262981588602181
KIR,2007,96.159058729974,,,2.46463252329078e-4,0.661359491299847,0.6616059545521761
KIR,2008,95.4419286649569,,,0.0629045096507676,1.12225156908775,1.1851560787385176
KIR,2012,96.1286959983954,,,1.71954230598533e-4,0.320316340758947,0.3204882949895455
KIR,2014,104.187967755713,,,8.28238106938328,0.974363608585811,9.256744677969092
KIR,2015,109.889098401931,,,9.66602186156077,0.510515392144981,10.176537253705751
KIR,2016,111.269790749303,,,8.28238200390099,0.974359202207304,9.256741206108295
KIR,2017,100.49175257732,,,7.23596248463997,0.488136500343848,7.724098984983818
KIR,2018,83.2436102236422,,,15.1631521771927,0.942702357232301,16.105854534425
KIR,2020,78.4012076801363,,,3.39645842254512,0.451514991354771,3.8479734138998913
KIR,2021,74.450510015529,,,0.0166411164417841,0.602701750126473,0.6193428665682571
KWT,2002,81.2251941328732,,,92.4986204166316,0.146239801825248,92.64486021845684
KWT,2003,86.5551755074577,,,93.4376463361072,0.167306428093533,93.60495276420075
KWT,2004,89.2976416790834,,,94.598596572397,0.116351416305104,94.71494798870211
KWT,2006,89.7130931980522,,,96.4752875038565,0.185916868050557,96.66120437190706
KWT,2007,91.7325033915889,,,96.3029607314663,0.204697302958067,96.50765803442437
KWT,2008,92.6834562516721,,,96.4909871739516,0.133162279913271,96.62414945386486
KWT,2009,88.8110649851457,,,93.2082155716075,0.222934071000115,93.43114964260761
KWT,2010,97.0280216600064,,,92.7518711482029,0.236538127835728,92.98840927603862
KWT,2011,99.1164927646913,,,94.8418724155951,0.178163576211141,95.02003599180625
KWT,2013,97.6054913328151,,,94.2171787337716,0.15535925893358,94.37253799270519
KWT,2014,100.037189841844,,,95.2169457886681,0.155491386100118,95.37243717476822
KWT,2015,98.6999884455485,,,92.4993007083526,0.161552848461689,92.6608535568143
KWT,2016,96.1576723758617,,,92.7391106201563,0.185593259346522,92.92470387950281
KWT,2017,97.840046457409,,,93.5741930367838,0.160652911913752,93.73484594869755
KWT,2018,102.785630655,,,90.8951500827978,0.166819303869064,91.06196938666686
KWT,2019,91.6857123895953,,,94.3677444960455,0.144591531581481,94.51233602762699
KWT,2020,82.0125101293052,,,92.8791686402667,0.189371199096136,93.06853983936283
KWT,2021,82.0003751775886,,,94.6305212160108,0.162222705074137,94.79274392108495
KWT,2022,90.9188102023425,,,96.0382613795238,0.0733627337730976,96.1116241132969
KWT,2023,96.0343509693162,,,95.5164366055485,0.137319652411819,95.65375625796032
KWT,2024,93.9909162684119,,,90.7321487415169,0.129047853313013,90.8611965948299
KGZ,2002,82.9207290212667,0.5237,16.2110259070364,12.6345861548401,3.99363816893904,16.62822432377914
KGZ,2003,83.9327828079655,1.7449,18.5846983257849,3.34268565099241,3.10243524678608,6.44512089777849
KGZ,2004,93.8157321567302,12.7896,22.0451134856598,3.13861104105455,4.38744236626253,7.52605340731708
KGZ,2005,95.0840046303638,5.862,27.136089935651,7.53021666575875,4.01191709879507,11.542133764553821
KGZ,2006,120.749981766273,7.9539,31.4761525257546,12.9258426825477,3.9013475501861,16.8271902327338
KGZ,2007,137.058387838563,11.0898,40.8685003939075,11.7161195680667,3.5670540289719,15.283173597038601
KGZ,2008,146.106082230139,10.7729,33.7679631813063,3.80008942757725,2.91474833895845,6.7148377665357
KGZ,2009,133.379153167955,10.2892,38.465761142092,3.40065461229958,1.62765199628751,5.028306608587091
KGZ,2010,133.232850492333,4.7332,41.7719968391651,7.42229646661121,2.06134394189887,9.48364040851008
KGZ,2011,136.179840420492,3.4237,33.3395575989894,10.0198366401676,3.09382338750327,13.113660027670871
KGZ,2012,139.675937840309,3.5379,34.240153786925,12.2201146937536,6.06023395382128,18.28034864757488
KGZ,2013,134.026785643922,4.5159,32.8441049632451,10.7827888923468,2.79732339723069,13.580112289577489
KGZ,2014,125.126181075833,4.2941,26.8695671101478,7.60556472633859,4.01043456712793,11.615999293466519
KGZ,2015,110.961570714633,4.5578,23.0299836610283,5.2179957360277,3.15939770942659,8.37739344545429
KGZ,2016,105.823574017406,4.5396,24.678973788035,3.43976515656774,6.63813457325965,10.07789972982739
KGZ,2017,100.617445813258,4.3784,26.7801371556518,4.95863467834871,12.3309597631682,17.28959444151691
KGZ,2018,98.8755599017608,5.6014,26.4214015567488,7.58951017001161,15.4276468814993,23.01715705151091
KGZ,2019,94.4302823542939,6.1119,28.7257424122295,6.0392466709208,13.9136412048231,19.9528878757439
KGZ,2020,78.9922784304738,6.0487,32.4083200734643,4.384725562171,10.2386431417202,14.623368703891199
KGZ,2021,100.261376861569,5.9446,32.9176143425875,3.63308306570475,12.6261137766156,16.25919684232035
KGZ,2022,133.786718048766,9.9778,28.7149081120481,8.81937517612303,11.6674586086112,20.48683378473423
KGZ,2023,132.373403912336,11.5842,31.8335843916949,5.93991117441845,10.0562615076351,15.99617268205355
KGZ,2024,130.100743509033,13.667,43.5308801163739,7.31721333967097,9.15208447252274,16.46929781219371
KGZ,2025,92.4074476416439,,,9.40463737109047,18.6199016432669,28.02453901435737
LAO,2010,84.7203378916677,0.8821,19.0315234456725,0.870340616162543,50.2168628992353,51.087203515397846
LAO,2011,91.6986958680216,0.8293,17.3545104321508,0.770085009604707,62.5003690223523,63.27045403195701
LAO,2012,98.1851264313662,0.8198,17.925484647541,0.673677614506647,56.4399674429617,57.11364505746835
LAO,2013,98.1791466159604,10.0533,13.5829790332344,0.616634276575787,57.2548464474494,57.87148072402519
LAO,2014,99.0597382933399,8.7318,13.0803934625049,0.0421233410444505,46.8833424966076,46.92546583765205
LAO,2015,85.798321703681,6.0812,9.30391547896413,0.176088512136599,40.3151982457758,40.4912867579124
LAO,2016,75.0918909204124,5.3368,6.77131559228808,0.240806629071139,36.9265235809299,37.16733021000104
LAO,2017,,4.9413,7.46627034581468,26.3264153582686,24.5288042004796,50.8552195587482
LAO,2018,,2.5307,6.14479406486575,24.2519769448921,26.3496762535103,50.6016531984024
LAO,2019,,3.0722,5.83499208463094,27.0504530988954,22.4776810760171,49.528134174912495
LAO,2020,,4.8186,9.27134187223629,16.8657167141044,15.7371132898682,32.6028300039726
LAO,2021,,4.6018,10.4239251228343,27.4177584302158,12.0566454155105,39.4744038457263
LAO,2022,,4.057,8.52158143812842,24.9508670533214,16.1081894779321,41.0590565312535
LAO,2023,,0.7762,9.80115434721168,1.82681289929622,20.1790222280288,22.00583512732502
LVA,2002,85.9772056778195,,,1.47360238005683,5.60555696488159,7.07915934493842
LVA,2003,88.5815580418672,,,1.37720878864708,3.95101708379676,5.32822587244384
LVA,2004,97.2352655771748,,,4.61661637596288,3.24040197402701,7.85701834998989
LVA,2005,104.517156602918,,,8.89393859080471,3.52246380055115,12.41640239135586
LVA,2006,105.695342080455,,,5.17629395531379,3.97173874478011,9.1480327000939
LVA,2007,100.880910871828,,,3.6584237794238,3.50414380735867,7.162567586782471
LVA,2008,95.7681628438571,,,3.43291102396638,4.18138197861875,7.614293002585129
LVA,2009,88.8320494963692,,,5.05888376986903,2.78955575667289,7.84843952654192
LVA,2010,110.86235386272,,,5.30562593988955,3.73214791947913,9.03777385936868
LVA,2011,129.734758014485,,,8.25566913336159,4.5552170741267,12.81088620748829
LVA,2012,133.211503650958,,,7.83977671803602,3.57382626439348,11.413602982429499
LVA,2013,129.677184929099,,,7.69649141673201,3.17966387249577,10.87615528922778
LVA,2014,130.042252244959,,,8.65082249449374,2.83228555629035,11.48310805078409
LVA,2015,126.380014406006,,,7.45689836614869,2.21080177918085,9.66770014532954
LVA,2016,123.330518429659,,,5.68606068331057,1.7324035353265,7.41846421863707
LVA,2017,128.714003328884,,,5.31242487702386,2.0850315423882,7.39745641941206
LVA,2018,128.234095559822,,,5.3963542900298,2.24600909807457,7.6423633881043695
LVA,2019,125.29163170793,,,4.50961883437534,1.77168747370953,6.28130630808487
LVA,2020,123.88319804656,,,3.57235217180195,1.75418689739946,5.32653906920141
LVA,2021,136.796615414819,,,5.8995850568737,2.59066285295254,8.49024790982624
LVA,2022,159.892778190649,,,12.3436383153413,1.89303068075529,14.23666899609659
LVA,2023,135.642989154266,,,7.19706147644703,1.78596783445736,8.98302931090439
LVA,2024,131.309582395769,,,7.00435280229489,1.78688571916691,8.7912385214618
LVA,2025,129.724453873327,,,8.23196552918001,1.64692308335735,9.878888612537361
LBN,2002,51.0425325574951,13.6785,59.4241703961966,0.44816388749621,5.6852442083825,6.13340809587871
LBN,2003,54.0908340214699,13.7251,85.9390095245644,0.231199844950283,7.41199982338085,7.643199668331134
LBN,2004,90.9727970270956,15.7296,69.1711333229182,0.26287180715628,10.4295979786321,10.69246978578838
LBN,2005,92.762656272585,12.4544,72.9273699718163,0.34821472762562,11.3261589994321,11.67437372705772
LBN,2006,91.0693970298409,13.2712,79.4165090546782,0.299487266437649,10.7073982921193,11.00688555855695
LBN,2007,97.9677079660494,16.5197,79.4506594142924,0.217321452649323,14.0018864556331,14.219207908282423
LBN,2008,106.625673176194,6.9912,64.2216446270783,0.33284833912779,11.0920416531535,11.424889992281289
LBN,2009,90.3978388619092,6.4998,84.8115179380496,0.338561740289721,5.75747151447646,6.096033254766182
LBN,2010,95.0966529416243,7.4578,92.9888597039508,0.132265054585668,8.61330220292034,8.745567257506007
LBN,2011,102.139882412503,6.7848,96.3553812752871,0.098238163773614,9.91304966732045,10.011287831094064
LBN,2012,88.5455019230591,7.405,94.2511400004259,2.01796275219873,8.28040319401358,10.29836594621231
LBN,2013,86.1743285920565,11.526,77.0386555501103,8.55737748124045,10.8313325383782,19.38871001961865
LBN,2014,79.8171565925627,12.4177,78.594332004519,0.975199707169866,8.30753174435821,9.282731451528075
LBN,2015,71.8390426347811,12.2802,71.1268400005479,0.812714035495173,7.6287112013812,8.441425236876373
LBN,2016,67.7236177908116,11.2973,77.5353368348257,0.476668921652208,6.14197008535402,6.6186390070062275
LBN,2017,68.4554292593276,11.8125,74.6897332712628,1.51877124152991,9.531113389086,11.04988463061591
LBN,2018,68.2573073043718,6.9621,65.7453455499033,0.704025606732419,8.79160657959927,9.495632186331688
LBN,2019,62.98091601016,6.7147,70.6403675506343,1.45409543694151,6.12915291617678,7.58324835311829
LBN,2020,50.1298042879627,14.7373,61.5971535562138,0.340577463595891,6.98125587350249,7.321833337098381
LBN,2021,78.8286204025241,19.211,52.6554891598088,0.241436727400156,10.4101088610053,10.651545588405456
LBN,2022,114.888278265666,23.1281,48.4537196528351,0.433020096745865,11.0482493293111,11.481269426056965
LBN,2023,104.206410069182,25.8651,41.4444327819085,9.88237160097366,8.60379953605471,18.48617113702837
LBN,2024,82.2323604617121,28.2609,49.4164836919352,7.70940000965568,9.34050438527481,17.04990439493049
LSO,2002,,7.9991,57.0281785579949,0.00340130170595996,0.0657612002029595,0.06916250190891947
LSO,2003,,0.1416,65.2251160278052,0.0624084448535018,0.0974033934785549,0.1598118383320567
LSO,2004,,1.0343,64.8410361785327,0.0175765760189479,0.0475347806597082,0.0651113566786561
LSO,2007,165.048948833372,0.2917,146.28490944054,0.122346649228984,0.483044966560215,0.605391615789199
LSO,2008,161.126590593391,0.2856,138.780657968107,0.0417391701900564,0.255444865389448,0.2971840355795044
LSO,2009,158.894737585637,0.3915,195.980534397518,0.0168129994467445,0.104317436196333,0.1211304356430775
LSO,2010,150.102435487333,0,188.561318067165,0.0769376796124365,0.442932312242704,0.5198699918551405
LSO,2011,149.796606699153,0.4916,111.095076133596,0.14791613707775,0.192080755656678,0.339996892734428
LSO,2012,150.208575358438,0,110.536017685705,0.12209171884117,0.176395233303756,0.298486952144926
LSO,2013,133.36548975517,8e-4,114.611240913035,0.0815062744684557,4.11336141524726,4.194867689715716
LSO,2014,126.292475360578,0.0237,118.549182314897,0.0376734422723571,46.9397510539114,46.97742449618376
LSO,2015,129.722773082867,3.4715,104.707485463184,0.0530542243747911,31.4254236706505,31.47847789502529
LSO,2016,136.31524774176,2.8257,68.1261134806299,0.080583696996223,0.257535354573301,0.33811905156952404
LSO,2017,146.366771329494,0.0257,43.7229136234102,0.07923485972243,0.329155539469625,0.408390399192055
LSO,2018,144.434955465602,0.0347,49.7829198251556,0.0379892296059272,1.23558386743794,1.2735730970438672
LSO,2019,140.51663349168,0.0229,48.8856740378065,0.0343344578962748,0.223234842534879,0.2575693004311538
LSO,2020,141.096605062998,0.118,42.027661763103,0.014452161241193,0.179631190163663,0.194083351404856
LSO,2021,139.186479465407,0.1411,43.5440399322074,0.033559777615051,0.192321778563757,0.225881556178808
LSO,2022,142.373981074229,0.7984,42.6258608862953,0.0246048491285881,0.19064142421531,0.2152462733438981
LSO,2023,140.722487877528,0.1895,48.1010462114031,0.0242983712046877,0.178601333491684,0.2028997046963717
LSO,2024,152.474389103105,0.1825,56.8402880531113,0.0200440072118683,1.45669819893022,1.4767422061420883
LBR,2017,,0,52.409280785769504,0.775447041377955,22.2746134221442,23.050060463522154
LBR,2018,,0,28.7001367269325,0.0234035467882422,9.40313760246578,9.426541149254021
LBR,2020,,0,23.3562082649845,8.44383013972209e-4,43.2333831498581,43.23422753287207
LBR,2021,,0,37.9204440557665,2.6015195105444,0.158186306044195,2.759705816588595
LBR,2022,,0,31.2008355579145,4.88453332769609,0.655892560057936,5.540425887754026
LBR,2023,,0.0037,20.9640422283664,1.8414552089698,0.060568928284225,1.902024137254025
LBY,2007,102.732315500893,,,96.6247227091457,0.00719080698552263,96.63191351613122
LBY,2008,103.242158045544,,,96.7377076938414,0.00717185363701543,96.74487954747842
LBY,2009,107.620930501039,,,97.8939049801398,1.57557103320555e-4,97.89406253724312
LBY,2010,98.077213074239,,,97.7181660474755,3.91595444128488e-4,97.71855764291963
LBY,2016,41.1101760615135,,,89.0527915280661,1.25265817119731,90.3054496992634
LBY,2017,47.5489661921214,,,89.0527915280661,1.25265817119731,90.3054496992634
LBY,2018,63.7811335968183,,,95.3967472853869,0.664788411642842,96.06153569702974
LBY,2019,78.9939691850138,,,94.4050188673453,0.710524366427344,95.11554323377266
LTU,2002,100.332229474818,,,18.617772431732,1.84617028631996,20.46394271805196
LTU,2003,98.0914043206711,,,19.4332920697522,1.57872741824083,21.01201948799303
LTU,2004,104.072070698543,,,25.0656944009742,1.89642449160213,26.962118892576328
LTU,2005,117.449691165186,,,26.630710134146,1.49856400555868,28.12927413970468
LTU,2006,124.613633047292,,,23.5040961235158,1.70876014224856,25.212856265764362
LTU,2007,116.295810328172,,,13.32657182512,2.04846144785701,15.37503327297701
LTU,2008,126.759707831841,,,24.8328249799445,1.73357011313373,26.56639509307823
LTU,2009,105.040251236614,,,21.3157018262962,1.07189998735884,22.38760181365504
LTU,2010,131.626507396009,,,23.3502789739783,1.43948232775385,24.78976130173215
LTU,2011,149.645306927215,,,25.2868447389065,1.77618677176912,27.063031510675618
LTU,2012,156.638925650513,,,24.5019872706115,1.50992417836651,26.01191144897801
LTU,2013,156.626637927418,,,23.0352983143341,1.344888559106,24.3801868734401
LTU,2014,143.290115780694,,,17.549203568535,1.35881273697137,18.90801630550637
LTU,2015,138.195575009601,,,16.3053888986238,1.29746135292864,17.60285025155244
LTU,2016,134.690449650877,,,13.7741952160399,1.26489658252207,15.03909179856197
LTU,2017,144.918393101325,,,14.5163890708749,1.70950127378266,16.22589034465756
LTU,2018,147.202132525221,,,14.6035767557735,1.89636990440123,16.49994666017473
LTU,2019,148.374996011818,,,13.1348449849943,1.89532194590274,15.03016693089704
LTU,2020,135.796565563519,,,6.90948542694294,2.18434852775421,9.09383395469715
LTU,2021,154.726303914099,,,9.86311783561991,2.94343073725516,12.80654857287507
LTU,2022,176.631817072239,,,16.6723674962133,2.10566830666842,18.77803580288172
LTU,2023,147.990751776428,,,14.3006675662309,1.79129603184735,16.091963598078248
LTU,2024,142.41991022479,,,14.0701332953485,1.85501572595526,15.92514902130376
LTU,2025,142.106304695382,,,13.5992487753918,1.83506115336091,15.43430992875271
LUX,2002,250.689192191641,,,0.564341586554429,4.63525235552184,5.199593942076269
LUX,2003,244.977946060528,,,0.479403294690643,4.48418168653265,4.963584981223293
LUX,2004,265.226884855637,,,0.56940493730028,4.96726016697274,5.53666510427302
LUX,2005,284.077242335139,,,0.484746205652523,5.73763427230509,6.222380477957613
LUX,2006,305.879493786271,,,0.755468291334598,6.98490411811247,7.740372409447068
LUX,2007,307.485020085196,,,0.772267080770856,6.76715018214194,7.539417262912796
LUX,2008,292.21348078343,,,0.866779918350193,6.14523127870348,7.012011197053672
LUX,2009,263.532701541684,,,1.24434505311501,4.87700606297509,6.1213511160901
LUX,2010,293.671876906939,,,0.950253839201478,5.54609346818979,6.496347307391268
LUX,2011,308.714453874162,,,0.823809485060464,5.41454927226148,6.238358757321944
LUX,2012,311.786835204686,,,0.906015716616703,5.29168706624439,6.197702782861093
LUX,2013,320.533506316768,,,0.9124571972713,4.94103541308824,5.85349261035954
LUX,2014,333.428836459172,,,0.792755481602913,4.72256737546925,5.515322857072163
LUX,2015,351.13195404466,,,0.482115060084286,4.80090229210457,5.283017352188856
LUX,2016,348.437409376889,,,0.0630612554097925,4.25377629362931,4.316837549039103
LUX,2017,353.793991980303,,,0.0944590084151069,5.01406241825481,5.108521426669917
LUX,2018,361.865445198667,,,0.0980118110705392,4.59205275755081,4.69006456862135
LUX,2019,382.66078058442,,,0.0974079283313646,4.47027456687779,4.567682495209154
LUX,2020,375.581394826026,,,0.0826630989449791,4.41434886286635,4.49701196181133
LUX,2021,397.506180867971,,,0.159643807540975,5.01803676746935,5.177680575010325
LUX,2022,412.177169924175,,,0.226212692957831,5.3449508908293,5.571163583787131
LUX,2023,402.566968197345,,,0.153930719722596,4.33708298279887,4.4910137025214665
LUX,2024,351.267921153192,,,0.123247093741778,4.29982018624819,4.423067279989968
MAC,2002,152.382640999662,,,3.48400332375004e-5,0.00565120557847524,0.005686045611712741
MAC,2003,150.78839554326,,,0,0.310894097207751,0.310894097207751
MAC,2004,148.903750204961,,,0,1.13780725729118,1.13780725729118
MAC,2005,136.372221937073,,,0,2.06201141324786,2.06201141324786
MAC,2006,128.785689078596,,,0,2.65374780351676,2.65374780351676
MAC,2007,130.670598794717,,,0,0,0
MAC,2008,126.607131209269,,,0,0,0
MAC,2009,113.55459255005,,,0,0,0
MAC,2010,119.938411439898,,,0,0,0
MAC,2011,122.886868700544,,,0,0,0
MAC,2012,123.711349167944,,,0,0,0
MAC,2013,121.375076167887,,,0,0,0
MAC,2014,118.580835443557,,,0,10.4037261799776,10.4037261799776
MAC,2015,119.250436813256,,,0,2.11555351510338,2.11555351510338
MAC,2017,115.454662557842,,,0,18.3860611104044,18.3860611104044
MAC,2018,116.568676845013,,,0,22.6052016974852,22.6052016974852
MAC,2019,115.23129893555,,,0,19.277132468758,19.277132468758
MAC,2020,123.43437444297,,,0,17.9232048667689,17.9232048667689
MAC,2022,170.368049338506,,,0,21.6225375889091,21.6225375889091
MAC,2023,145.874467252327,,,0,19.8622104081638,19.8622104081638
MDG,2002,50.1816919379298,5.0934,7.99474632940757,1.95967332286693,1.37329736562457,3.3329706884915
MDG,2003,34.030602917475,3.1405,8.31942526816063,4.28006818205514,1.41185429792336,5.6919224799784995
MDG,2004,48.7753818852156,1.9812,13.1649585735225,1.78555239202322,2.49119521107705,4.27674760310027
MDG,2005,59.1300849357677,2.8036,13.6518178836977,1.05388767197136,3.93978695499798,4.99367462696934
MDG,2006,62.1028389370244,14.4483,38.1916091358978,5.51020605465603,3.60694833869441,9.11715439335044
MDG,2007,66.7027353570049,34.2661,36.3027137951431,7.22250240687378,3.31374246344962,10.5362448703234
MDG,2008,74.357353960806,24.1949,38.7795962824066,5.84769983081265,2.99429861711979,8.84199844793244
MDG,2009,62.4116975958196,22.7852,34.4966645421389,4.51286687984066,2.82139609258415,7.33426297242481
MDG,2010,57.8748945101807,15.4032,37.118325144629,5.90511790300301,8.407930499621,14.313048402624009
MDG,2011,56.4830925951893,15.0095,39.5676987497473,6.39082701978839,9.62871472992812,16.01954174971651
MDG,2012,52.6517140811255,15.6446,35.1702533621386,6.85539091439205,19.1029482349438,25.95833914933585
MDG,2013,56.3675817900932,11.7338,26.3943251001083,4.4367725808305,29.9469137490599,34.383686329890395
MDG,2014,61.9694322111234,9.6406,26.111352617511,3.75711607521926,35.8201508250248,39.577266900244055
MDG,2015,61.2203788365078,6.7809,27.6611796721879,2.97134413180539,33.9889516567676,36.960295788572985
MDG,2016,60.8346984831423,6.8678,39.7637876951396,2.55520071174556,24.9275155512368,27.48271626298236
MDG,2017,65.3434015072915,5.2318,47.3017813033826,1.83435774159362,23.3050125115698,25.13937025316342
MDG,2018,67.8415046683582,7.2756,46.7616236484279,2.32534103909142,25.0397521272223,27.36509316631372
MDG,2019,62.6013230457128,6.9544,41.8599371205685,2.9314013074363,27.0785964227918,30.0099977302281
MDG,2020,49.0107073650291,5.6392,40.9127962327259,1.7001839819329,17.5126752610862,19.2128592430191
MDG,2021,55.2158585927485,4.3029,43.6790686321069,1.17584586276708,31.3612347027315,32.537080565498584
MDG,2022,70.4708546790091,3.0262,36.3904955127937,2.24692128137179,38.6910739823686,40.93799526374039
MDG,2023,62.7622147594312,1.9979,40.9361875163185,2.33410330754239,39.3062064198727,41.640309727415094
MDG,2024,57.5370213293734,1.5271,41.85063947352,2.55012561538512,32.8646357716195,35.41476138700462
MWI,2002,,4.1673,5.71799987396084,0.0177546819487274,0.269744707847486,0.2874993897962134
MWI,2003,,1.8535,4.0946585892019,0.113642390702768,0.103044705457276,0.216687096160044
MWI,2004,,1.1124,3.88178487672658,0.299259342979992,0.321710246678735,0.6209695896587271
MWI,2005,,1.3504,5.16994161628928,0.0204440152807278,0.195519483895518,0.2159634991762458
MWI,2006,,8.0404,16.3029193416539,0.147388673915268,0.103519814903851,0.250908488819119
MWI,2007,,7.0199,26.1597608648988,0.0380878763509734,0.0158415905432311,0.053929466894204504
MWI,2008,,8.4441,25.5243434483876,0.0272527561129214,0.0211694043715299,0.048422160484451304
MWI,2009,,5.8543,14.2668194014776,0.113743766090584,0.787664435165699,0.901408201256283
MWI,2010,,4.2124,31.8727218660653,0.194092632314477,9.78759288872105,9.981685521035528
MWI,2011,,3.1313,17.8835794565902,0.0985652602278643,8.81717154535936,8.915736805587224
MWI,2012,,1.6135,18.3682388432475,0.0920461716617677,10.9638195846174,11.055865756279168
MWI,2013,,1.3437,27.4207310045394,0.0365527439299261,11.3740204477911,11.410573191721026
MWI,2014,,1.2954,37.0956260203114,0.042371121340196,3.01877107061923,3.061142191959426
MWI,2015,,0.7356,39.5689224395441,0.104381619365554,0.177886221046924,0.282267840412478
MWI,2016,,2.3821,33.0491029747068,0.0979420401476056,1.03700262392103,1.1349446640686356
MWI,2017,45.3003137160008,2.4829,35.5346706983706,0.186801735338877,0.229142663268431,0.41594439860730803
MWI,2018,43.578773489,1.1211,33.8151640446414,0.0658028178635877,0.520621161876729,0.5864239797403167
MWI,2019,44.1954524635798,2.8133,34.8864598143722,0.151161717691401,0.352027471896745,0.503189189588146
MWI,2020,41.0323429397328,6.0251,20.0728170102111,0.155298013539324,0.553708230618883,0.709006244158207
MWI,2021,44.5957618170542,4.5344,,0.0231170831782384,1.01525000176507,1.0383670849433084
MWI,2022,43.616624856781,2.7166,,0.00474239695206218,1.27210127418756,1.276843671139622
MWI,2023,42.4376683990967,0.3818,,1.45544242795096e-4,1.20089218272746,1.201037726970255
MWI,2024,41.9038196485235,2.0144,,0.00487544410740339,0.849897159593092,0.8547726037004953
MYS,2002,199.356232695655,,,8.39065728551289,0.934102942850581,9.324760228363472
MYS,2003,194.195129056831,,,10.0750778982487,0.87114324922253,10.946221147471231
MYS,2004,210.374265897124,,,11.5989903056011,1.10960259462128,12.708592900222381
MYS,2005,203.854644595624,,,13.4060044181637,1.12341466163758,14.529419079801281
MYS,2006,202.577146840398,,,13.7316107502249,1.33413613927732,15.06574688950222
MYS,2007,192.465506357652,,,14.3947328217767,1.58482886498104,15.979561686757739
MYS,2008,176.668324785148,,,18.3497201239377,1.78781000240496,20.13753012634266
MYS,2009,162.558970452699,,,14.7636800620585,1.53300434287036,16.29668440492886
MYS,2010,157.944764886771,,,15.8464170995942,1.95008385089786,17.79650095049206
MYS,2011,154.937684607226,,,17.7387093045849,2.47740028216928,20.216109586754182
MYS,2012,147.841754766013,,,20.4071462425974,2.32139853223928,22.728544774836678
MYS,2013,142.720991464873,,,22.272387421079,3.29270010178921,25.56508752286821
MYS,2014,138.312231176843,,,22.0894873095308,2.8776981536232,24.967185463154
MYS,2015,131.37007244526,,,16.4637462888258,3.92523548375553,20.388981772581328
MYS,2016,126.8990100257,,,14.0025952445656,3.8542428518838,17.8568380964494
MYS,2017,133.155173371956,,,15.4036825994082,3.94778108538485,19.35146368479305
MYS,2018,130.402625502126,,,15.6707664196549,4.26651904642306,19.93728546607796
MYS,2019,123.028562027943,,,14.4392776477319,3.86055942973732,18.29983707746922
MYS,2020,116.788182437638,,,11.3856806445869,3.50293974590154,14.888620390488441
MYS,2021,134.035994690727,,,12.447410329578,4.71802600814694,17.16543633772494
MYS,2022,146.424604753908,,,17.0810793062688,3.94576691783134,21.02684622410014
MYS,2023,132.593461641599,,,16.512163379367,3.79046184791075,20.30262522727775
MYS,2024,137.362571161559,,,14.4033158188559,3.6968299912749,18.1001458101308
MYS,2025,136.39642032295,,,11.1592255377572,3.78593904372909,14.94516458148629
MDV,2004,,9.5454,59.9409567967105,0,0.438255966467697,0.438255966467697
MDV,2005,,15.5215,51.4426586870194,0,1.0353240813359,1.0353240813359
MDV,2008,,40.4624,20.9778520543893,0.0127117497924993,1.55282376608304,1.5655355158755393
MDV,2009,,43.6324,18.8737224967609,0.0723389608650904,2.26226896637579,2.33460792724088
MDV,2010,,15.6508,38.317699161806,0.0232160593731683,3.77091092852297,3.794126987896138
MDV,2011,,15.4425,38.028843929504,0.0454484866151526,2.83649657745698,2.8819450640721325
MDV,2012,,10.4361,32.4272488516392,0.0343073532681685,1.70076183820882,1.7350691914769887
MDV,2013,,8.101,35.9487175225745,0.0463037212773749,1.52378449038064,1.5700882116580148
MDV,2014,165.97925116043,12.9869,55.8245020179631,0.0466777384759983,2.02877491193347,2.0754526504094684
MDV,2015,143.720506661302,15.4344,56.1626103398814,0.0254986476186502,2.03404186677901,2.05954051439766
MDV,2016,144.380212278942,11.3124,41.0825994060119,0.00895963179760215,1.09072108953478,1.0996807213323823
MDV,2017,141.912110574952,7.5817,40.0778695306657,0.0014758312886858,1.32164504382369,1.3231208751123757
MDV,2018,142.491128546618,10.2142,30.6805999070867,0.0144801040854888,1.4349776544841,1.4494577585695887
MDV,2019,137.125230875185,12.4793,28.1700675725117,0.0463733052783601,2.12940975313823,2.17578305841659
MDV,2020,114.361902904327,11.1709,26.9009352448481,0.0176015951474777,2.13595952883617,2.1535611239836476
MDV,2021,142.607296696261,11.8376,19.6563989089578,0.0597032520931897,4.14323926353735,4.202942515630539
MDV,2022,162.243432933656,11.2987,20.8398612839181,0.143887093054331,3.72371466010848,3.867601753162811
MDV,2023,149.349976177434,2.462,14.763911806180401,0.158725024282173,3.07190390093365,3.2306289252158233
MDV,2024,156.473955741011,3.4057,14.3610285027953,0.10188003814864,4.2867360199549696,4.38861605810361
MLI,2002,46.3529227420157,5.1818,,1.017796835267,0.0251505306969446,1.0429473659639446
MLI,2003,46.8915346664544,1.1581,,0.572565493254135,0.0325521722557949,0.6051176655099298
MLI,2004,44.0120986426998,1.542,,0.372089212769545,0.0545558717550678,0.4266450845246128
MLI,2005,44.9124085072514,0.8607,,0.558612748270356,0.0401062590165369,0.5987190072868929
MLI,2006,49.0190773451934,1.9095,,0.581808556013265,0.044677138936644,0.626485694949909
MLI,2007,46.8977916237168,0.3463,,0.471951893295053,0.19335825731546,0.665310150610513
MLI,2008,53.6430193085481,0.3174,,1.49126725513355,0.195917061532098,1.687184316665648
MLI,2010,48.8166953656891,0.2498,,0.00864582465838409,0.121403497186661,0.13004932184504508
MLI,2011,43.1814699134793,6.6456,,0.0326582678800252,0.756622607919208,0.7892808757992332
MLI,2012,49.4252356224725,1.2642,,0.086795332522121793,1.01744530332626,1.1042406358483818
MLI,2016,53.6126193604252,2.0782,,0.0140747275186598,0.13851630766098,0.1525910351796398
MLI,2017,49.4919984941972,2.1191,,0.0217351376250624,0.355270255929781,0.3770053935548434
MLI,2018,50.6998462523276,2.3695,,1.22657222099501,0.190304416010658,1.416876637005668
MLI,2019,53.9987132798636,1.9935,,0.731289909733974,0.15758018951255,0.888870099246524
MLI,2020,56.0415474422019,1.2465,,0.470219345881592,0.273248645586813,0.743467991468405
MLI,2021,56.7150525565465,1.3345,,0.626444628424313,0.735906326423798,1.362350954848111
MLI,2022,61.5613274861987,0.8433,,0.442931031853676,0.465542416344314,0.9084734481979899
MLI,2023,57.6291572269296,1.0104,,1.57868932302188,0.734126231592023,2.312815554613903
MLT,2002,162.524076304792,,,0.0291609209400477,0.265965988689458,0.29512690962950566
MLT,2003,154.574162373723,,,0.0267497578529142,0.270556652480089,0.2973064103330032
MLT,2004,155.889918180937,,,3.20639228107414,0.327695056521099,3.5340873375952393
MLT,2005,157.548497906438,,,1.07958812749337,0.294107978510011,1.373696106003381
MLT,2006,182.434054006847,,,1.33168820016767,0.382928925211947,1.714617125379617
MLT,2007,184.831332722969,,,2.27499371281887,0.488217525161742,2.763211237980612
MLT,2008,185.749523071551,,,2.12654589178083,0.513446403588841,2.6399922953696713
MLT,2009,163.556849698349,,,1.53748328082834,0.515916800611779,2.053400081440119
MLT,2010,178.232954637612,,,25.5753710573871,0.477892592123463,26.053263649510562
MLT,2011,192.02734125861,,,42.4802360914303,0.434535962441697,42.914772053872
MLT,2012,199.213864790311,,,45.0780056700361,0.374505775644427,45.45251144568053
MLT,2013,187.432252396507,,,42.4419896280075,0.302521482475789,42.74451111048329
MLT,2014,181.301126701735,,,43.0419496539175,0.309689181938792,43.35163883585629
MLT,2015,207.196020605057,,,38.4493264489492,0.340715419409411,38.790041868358614
MLT,2016,213.35947198583,,,25.3681683821948,0.243055106955339,25.611223489150138
MLT,2017,213.047591305197,,,37.7911895860483,0.244516225241973,38.03570581129027
MLT,2018,228.098551105175,,,31.0009793297692,0.318104826522463,31.319084156291666
MLT,2019,233.070440941958,,,28.8435966465491,0.200423414426542,29.04402006097564
MLT,2020,242.361190373928,,,3.15924987147968,0.350022332274339,3.509272203754019
MLT,2021,220.072294790099,,,7.27457607208956,0.838589400866917,8.113165472956476
MLT,2022,244.581535518883,,,4.92130098012205,1.17818066286719,6.09948164298924
MLT,2023,221.133296375593,,,5.37807454562032,0.79359587623627,6.17167042185659
MLT,2024,217.730272683658,,,10.0847170807725,0.677896282605602,10.762613363378101
MRT,2007,86.0640556779132,42.9232,8.07507589707441,25.0244060870066,53.8583464092032,78.8827524962098
MRT,2008,94.1202110004251,40.3153,6.96726413345285,20.0629304074443,55.4904530517892,75.5533834592335
MRT,2009,82.0086176018151,33.1049,7.57039415358967,15.7158937808407,11.3512173171589,27.0671110979996
MRT,2010,93.4207451334608,30.5273,8.09372148959162,14.4296063553899,35.3547808620966,49.7843872174865
MRT,2011,98.485329604158,26.6945,13.4204849202352,4.38706517156351,7.61434261921362,12.00140779077713
MRT,2012,110.788122743421,24.4202,22.6454432152982,13.153296159352,51.2249230139277,64.3782191732797
MRT,2013,102.398824183169,23.2118,22.0654365717909,2.54249598571643,64.2633912019786,66.80588718769503
MRT,2014,91.610371363604,22.6291,14.0213256637451,2.78774056131248,50.5502707437565,53.33801130506898
MRT,2015,77.3467864944966,21.7451,16.466813550226,4.36087402426154,40.9750242282128,45.335898252474344
MRT,2020,86.7761681322741,18.9128,26.2651150319926,0.336546338455087,42.4009407093743,42.73748704782938
MRT,2021,88.3068737571235,3.7678,42.5960674302831,0.314621738979646,62.9785687040529,63.29319044303254
MRT,2022,102.025899125696,4.5272,,0.623249770541956,39.470645411406,40.09389518194795
MRT,2023,92.1654445146742,5.6284,,0.479637265150761,38.0527188819004,38.53235614705116
MRT,2024,93.5988355881472,4.7834,,0.520317315307166,33.7483319050619,34.26864922036907
MUS,2002,118.230470380251,0,61.1258052137645,0.0401835330744191,0.215656410297194,0.2558399433716131
MUS,2003,108.655579313428,0,49.6988327819496,0.0401834991377736,0.215656475142303,0.2558399742800766
MUS,2004,107.027698267505,0,49.0463624917208,0.0849911900389667,0.362424391879673,0.4474155819186397
MUS,2005,121.608743996836,0,37.7679699086529,6.52755918896807e-4,0.462901773398235,0.4635545293171318
MUS,2006,124.782280192468,0,37.3511008874173,0.0939486512849547,0.781936099464793,0.8758847507497477
MUS,2007,118.623600490745,0,32.2876988689189,0.131813370424682,0.727020678284967,0.858834048709649
MUS,2008,113.493057748566,0,27.569686844102,0.028596488416849,0.849435362047844,0.878031850464693
MUS,2009,102.458365840232,17.7927,31.6379932748081,0.0257222239793185,0.651406016254335,0.6771282402336535
MUS,2010,111.508202075575,18.7344,33.0271895992792,4.90474417017497e-4,0.355998519905526,0.3564889943225435
MUS,2011,115.552473002804,17.476,28.2006042253307,1.41832407252276e-4,0.725063019175926,0.7252048515831783
MUS,2012,117.447639083027,27.2953,28.5464486480285,1.61439325038509e-4,0.866348554664539,0.8665099939895775
MUS,2013,136.552117959236,23.4222,28.1702464906786,5.38922695063748e-4,0.655070066127879,0.6556089888229427
MUS,2014,135.099064765426,41.887,30.7301788329138,8.9030997636197e-4,0.598448366342473,0.599338676318835
MUS,2015,133.135069083677,46.1233,41.3470989977923,5.07291574020001e-4,0.444337519393904,0.444844810967924
MUS,2016,126.310008998042,44.3005,47.5093918036789,3.69375190893628e-4,0.324032041173332,0.32440141636422565
MUS,2017,126.964059884888,49.3019,56.2989175390223,1.55680273942026,0.373356537430083,1.9301592768503428
MUS,2018,123.538984386544,43.2178,56.5518328954857,1.10012600197178,0.665568678139165,1.765694680110945
MUS,2019,127.940899064133,46.2098,59.5616412953229,0.934537095576486,1.02397400870357,1.958511104280056
MUS,2020,121.12522550435,50.5306,58.7881955183512,0.290320929028787,2.1325117880145,2.422832717043287
MUS,2021,135.19300461461,50.4005,58.2482275375778,2.86817521553408e-4,3.60745133316616,3.6077381506877138
MUS,2022,147.663795034012,47.2364,44.1449408264985,0.00265203187452514,3.71676048721141,3.7194125190859353
MUS,2023,147.321392128852,49.4989,37.9882130463143,0.0019451184109659,2.71357901381266,2.715524132223626
MUS,2024,145.419812647383,54.7797,41.769963787588,6.27714235244367e-4,2.28264807314074,2.2832757873759846
MEX,2002,45.209829259652,12.3595,26.1919940934678,8.89924432899715,1.15409992527956,10.05334425427671
MEX,2003,48.7004168690455,11.4844,29.622851273624,11.2326729646685,1.2113452610816,12.444018225750101
MEX,2004,52.0406200335632,9.6705,30.566387526659,12.3851888996988,1.63807528761798,14.02326418731678
MEX,2005,52.5626446570451,10.173400000000001,33.960146246773,14.8856175708843,1.82472689148914,16.71034446237344
MEX,2006,54.4821160886169,11.837,34.4090920413741,15.4567464150127,2.37000075410409,17.82674716911679
MEX,2007,55.2585243990368,10.9163,34.7927248996609,15.6710828967322,2.73047590101559,18.40155879774779
MEX,2008,56.3652818731773,9.7398,38.3901856152129,17.2231627311777,2.6338838036573,19.857046534835
MEX,2009,54.5917421356323,10.1996,39.8684748231228,13.2781279220113,2.48075392025362,15.75888184226492
MEX,2010,59.2733845336286,13.7866,38.6068497465963,13.768244466265,2.92419977770177,16.69244424396677
MEX,2011,62.1623872764498,14.9088,42.425464739971,15.9452394736811,3.89167761244504,19.836917086126142
MEX,2012,64.2579318938989,17.5352,38.5867404753934,14.0716102135622,3.71577528064262,17.78738549420482
MEX,2013,62.6916747661852,18.3505,35.7443636882873,12.8121829522689,3.04389770048601,15.85608065275491
MEX,2014,64.0984090315875,14.9737,35.95984773988,10.4122287602677,2.28162965878083,12.69385841904853
MEX,2015,70.4129746799259,12.0355,33.0095938802976,5.89078579129835,1.99392018198418,7.8847059732825295
MEX,2016,75.6903034088551,8.6253,32.6681539321188,4.82276713809655,2.16352470294929,6.9862918410458406
MEX,2017,76.95212604414,7.5851,30.3245792441935,5.50774530391262,2.23108008587638,7.7388253897890005
MEX,2018,80.212661650262,9.3248,29.3006765593397,6.5678211804808,2.31464690168355,8.882468082164351
MEX,2019,77.4619722509459,8.9816,29.6471125817889,5.32160515060597,2.22337036962658,7.54497552023255
MEX,2020,76.8545557151738,7.5204,32.2804579375209,3.84267437174223,2.85135208518446,6.694026456926689
MEX,2021,83.0692976264524,7.821,34.5485089715367,5.5701378045074,2.49514955203276,8.06528735654016
MEX,2022,88.7984855897261,9.348,34.3287067517141,6.4977788316006,2.12395342069418,8.62173225229478
MEX,2023,73.7390758255664,10.1036,35.9603364379935,5.44687500653683,2.05900174904773,7.50587675558456
MEX,2024,75.4259015415068,10.3465,39.2445530230964,4.49492353677104,2.07437256506146,6.5692961018325
MEX,2025,79.9239525815655,,,2.99248712882047,2.35532371656973,5.3478108453902
MDA,2002,129.839525501535,24.8674,13.6836236163033,0.0237840533804297,2.24992159753649,2.27370565091692
MDA,2003,140.056529925052,25.553,14.2813883606869,0.595899462731542,2.80388501473551,3.399784477467052
MDA,2004,132.69906968032,28.0113,22.2441494709056,1.60356015061864,2.33510790735056,3.9386680579692
MDA,2005,143.023568469138,32.3335,26.9205541502462,0.193435475448262,3.01805200925169,3.211487484699952
MDA,2006,137.154763819994,32.1168,29.5746666710747,0.324050217151906,4.98885136775403,5.312901584905936
MDA,2007,142.720539023021,32.0616,39.6307300108626,0.238023798249035,8.85054915139805,9.088572949647086
MDA,2008,134.4216013477,36.4597,44.9034124114453,0.284927103422403,8.0099261849396,8.294853288362003
MDA,2009,110.363326850495,36.7577,39.8443359380021,0.353821508158087,2.08751047533606,2.441331983494147
MDA,2010,87.9378518951573,31.1305,36.3551689883271,0.335665843311511,4.08749205259118,4.423157895902691
MDA,2011,98.6175965326556,31.7317,37.6720491660886,0.68502128700707,5.95287591100589,6.6378971980129595
MDA,2012,96.3064098336294,24.4223,47.2735860175264,0.310258427322649,3.34348156038613,3.653739987708779
MDA,2013,95.6872968332383,29.4724,45.4642129520283,0.19312870034219,4.10880002281716,4.30192872315935
MDA,2014,94.2282919690928,25.215,36.8591289307132,0.253826139073276,2.31089245704511,2.5647185961183863
MDA,2015,88.9664154565323,19.8843,28.8248424830368,0.132510817158309,1.72711456511776,1.8596253822760689
MDA,2016,89.0046837188671,21.4053,35.4765241499818,0.0593215893309068,1.26264239762192,1.3219639869528268
MDA,2017,88.6233902754378,23.6711,40.2312797550398,0.0589373532158867,1.42442037974781,1.4833577329636969
MDA,2018,87.4467874275648,25.5969,41.1105192282937,0.0472646433145928,1.35269523704838,1.399959880362973
MDA,2019,87.6322371148906,24.1772,41.8481850835131,0.0159962974276266,1.16483916128771,1.1808354587153367
MDA,2020,79.265722119158,25.1139,47.6019385247358,0.0658157051824005,1.75455207746927,1.8203677826516704
MDA,2021,88.4708865399267,25.919,43.0316046101033,0.084563556459401,3.80559688805376,3.890160444513161
MDA,2022,112.117671579766,25.102,45.8795086384143,0.838479793482883,2.49722737438562,3.335707167868503
MDA,2023,93.9946211488052,26.4749,51.1420167690404,1.63810410209545,1.90626156763818,3.5443656697336303
MDA,2024,88.8924378793564,21.2992,52.2681609243914,2.38321762869108,2.30971292114317,4.69293054983425
MNG,2002,118.517253113943,4.0135,24.2564176295945,0.714758877370137,35.968627173726,36.683386051096136
MNG,2003,120.299393514881,18.4624,13.1777657052566,2.25359678877231,33.2836542198608,35.53725100863311
MNG,2004,131.329318233554,10.4793,13.0416712736563,2.99444650595482,39.8719187634697,42.86636526942452
MNG,2005,122.381459889773,1.7903,23.8583455811971,3.77821429287134,39.8484073517289,43.62662164460024
MNG,2006,112.929983096983,1.7928,48.154587470225,4.56321775978835,54.7060161699379,59.26923392972625
MNG,2007,117.880426425377,3.3319,57.4528702188576,9.01491232499679,61.1985671211292,70.21347944612599
MNG,2013,100.311989662943,7.7526,11.1480106309764,38.6504020917416,43.6262686220198,82.2766707137614
MNG,2014,109.322311877187,10.4755,7.28897122523014,25.9095084252338,57.8127429502267,83.7222513754605
MNG,2015,89.653663477814,10.0974,5.4837163323089,20.6125684700568,61.0710138062835,81.6835822763403
MNG,2016,101.055237224997,9.7993,4.93598409437114,26.7728424510213,45.8214514736479,72.5942939246692
MNG,2017,115.932901867963,10.6355,10.1448658964212,42.8047609310714,38.5693760214141,81.3741369524855
MNG,2018,126.355873241513,9.861,11.2276379251802,45.785866315202,42.0160927024391,87.80195901764111
MNG,2019,124.396514621165,8.6739,13.1013054821677,45.7377501391482,38.882707655427,84.6204577945752
MNG,2020,112.838647629317,3.9256,13.927791197072,30.1134721065071,40.085425006193,70.1988971127001
MNG,2021,119.098078437771,4.0517,12.5280221521305,33.0756927527797,49.359351617341,82.43504437012069
MNG,2022,136.327929944516,5.6888,10.0840987929418,53.8808530762002,30.9025030911564,84.7833561673566
MNG,2023,142.864246599181,5.46,14.0285814424811,61.1123302589933,26.2663019687269,87.3786322277202
MNE,2006,118.177129375183,0,,0.92548123185062,67.5652170808233,68.49069831267393
MNE,2007,128.844214152476,31.1696,53.0144515300064,1.99543215701857,68.3021237581418,70.29755591516037
MNE,2008,132.48054069386,40.0772,29.0040951447286,3.96298508922763,62.1106195693911,66.07360465861873
MNE,2009,99.8255760432413,51.2157,24.2972719474735,3.56507572855157,52.2114432308468,55.776518959398366
MNE,2010,98.8684992495822,4.1306,12.3508342181353,10.7555335190838,49.9867649311587,60.7422984502425
MNE,2011,106.752728264703,8.2358,7.10804362612921,14.982587258449,52.9193977737204,67.90198503216939
MNE,2012,108.779987603414,8.7112,7.42666092962055,13.8295391998569,44.1278838060498,57.957423005906705
MNE,2013,103.785966371179,6.9847,7.90758663665168,29.0084899472738,30.8965152222355,59.9050051695093
MNE,2014,100.438431458711,4.1894,9.80209911394032,14.5401879138033,31.9676096020072,46.5077975158105
MNE,2015,104.12510886943,3.6489,10.2161076267572,14.8138663452101,31.3732474514126,46.1871137966227
MNE,2016,104.135954584294,2.7756,12.64351489312,16.0949312242881,31.9442552043276,48.0391864286157
MNE,2017,106.711366689116,3.3927,13.931828199496,12.379382961741,37.7613784966757,50.1407614584167
MNE,2018,111.098935509174,2.6596,14.831006033554,20.8065874914252,31.2139381270913,52.0205256185165
MNE,2019,110.0161238696,3.3588,18.1208751010932,21.409146823304,27.9162126056811,49.325359428985095
MNE,2020,87.8612027134909,3.9065,20.2861971926128,16.6484633068611,29.1019535342757,45.7504168411368
MNE,2021,105.719249175045,4.8114,20.5612705844941,18.5244981131668,32.6450902392881,51.1695883524549
MNE,2022,125.455937754994,2.4023,23.1743550725943,29.9739700654918,30.7491925119269,60.723162577418705
MNE,2023,116.806669538329,1.9705,18.1611252446352,36.6525202900443,16.4553023665982,53.1078226566425
MNE,2024,109.944104480975,2.6907,19.9224930270522,25.2784229867546,16.4157801794885,41.6942031662431
MAR,2002,54.31012791421,9.3863,57.1942536380491,3.66191427532414,8.16544858736886,11.827362862693
MAR,2003,52.3318582669923,6.8153,76.9464895823585,2.61513516503521,7.06029662997887,9.675431795014081
MAR,2004,55.5516384744536,1.0434,97.1617457277258,4.49350581169632,8.19270869376801,12.68621450546433
MAR,2005,61.4938276863235,4.171,101.221382258645,5.0537343655877,8.73465911920544,13.78839348479314
MAR,2006,64.6721977787154,9.5948,115.175922516079,3.76178277627632,9.30186827180076,13.06365104807708
MAR,2007,71.3496467796657,9.228,118.842275088955,3.71752760896919,10.2574168739394,13.97494448290859
MAR,2008,77.8344716425602,7.7431,107.861032429655,4.18663978615364,15.4520646395586,19.63870442571224
MAR,2009,62.3709560152269,8.9184,95.0953027848137,3.58160008168939,8.36651286024193,11.948112941931319
MAR,2010,69.541979610144,10.045,86.6955009988499,3.31051983251718,11.5598510305131,14.87037086303028
MAR,2011,76.8258714906247,12.7825,67.1875150880496,4.34145432822333,13.1676881924562,17.509142520679532
MAR,2012,78.2221018956072,12.284,50.517667221372,5.76450248609948,12.0817038190653,17.84620630516478
MAR,2013,73.8577565315318,13.5702,47.6728162152023,7.21783053567622,9.08869186543583,16.30652240111205
MAR,2014,71.8935667539398,17.5521,46.775568114858,5.06512046366423,7.83879227001786,12.903912733682091
MAR,2015,67.2886759253849,15.3886,50.9789823769765,1.93131182632741,8.16155226057383,10.09286408690124
MAR,2016,71.1226603816864,18.6544,52.4681200089982,0.851631730088442,6.41215376931413,7.263785499402571
MAR,2017,74.1733578786573,14.4241,50.9940765996368,0.915717103285065,7.03658640570464,7.952303508989705
MAR,2018,77.2548875243989,14.6896,48.259788061806,1.16507270206512,6.17363219492484,7.33870489698996
MAR,2019,75.9981158798422,15.7299,47.7805660826586,1.5096725010458,5.43234682174159,6.94201932278739
MAR,2020,68.8438033904364,12.341,54.5337471997537,0.515055497762877,5.49442002494985,6.009475522712727
MAR,2021,75.5234171756506,13.8209,54.2696049329314,0.690786590320233,5.89803620420549,6.588822794525723
MAR,2022,100.906310201651,15.3153,49.7357998964729,1.00965161630831,5.85006591806819,6.8597175343765
MAR,2023,93.1178844179777,14.5906,52.1708206825416,1.21428847268287,4.40788917871175,5.622177651394621
MAR,2024,92.1872446062404,11.0366,54.6135499359302,0.759031246462188,3.15160489702946,3.910636143491648
MOZ,2002,73.309162757423,8.4913,16.190952764269,13.3385853092917,45.0710523770754,58.4096376863671
MOZ,2003,70.1683599479183,7.8717,17.5365301195872,13.0197593239368,54.8763997123292,67.896159036266
MOZ,2004,72.0520001612374,13.0988,19.3590661440903,12.4214437884527,61.5258863677345,73.9473301561872
MOZ,2005,72.0092609780982,11.6705,18.0229920753126,14.9128661991674,59.4119247777805,74.3247909769479
MOZ,2006,67.3498976872689,11.7377,24.7199686932108,14.6620455439789,59.89562468604,74.5576702300189
MOZ,2007,66.1203821840516,9.0782,26.8270251264371,15.4818802550736,63.9600174907897,79.4418977458633
MOZ,2008,64.981416499828,9.1148,26.0797841137184,10.8435592127921,57.1767016900715,68.0202609028636
MOZ,2009,67.898572768141,8.0381,27.5710997852061,17.4275034733367,3.89577007455685,21.32327354789355
MOZ,2010,73.8373532681892,5.4328,20.1684538808784,19.6535941900502,54.4350322992141,74.0886264892643
MOZ,2011,84.4062119333019,2.2489,19.2434110128692,16.2781018823468,50.6164892492421,66.8945911315889
MOZ,2012,105.934588060511,1.8988,14.9669235857298,27.8069556417501,38.9540091086089,66.760964750359
MOZ,2013,109.38537659913,2.5889,11.5721008393731,33.4629142605243,31.0274419767266,64.4903562372509
MOZ,2014,116.356855242217,1.6105,9.31635080828559,30.0376104079026,34.424834860925,64.46244526882761
MOZ,2015,98.7612036510901,2.6217,6.715252281864,31.0071856421793,38.1666974909423,69.17388313312159
MOZ,2016,110.394358201481,2.0167,4.71570646184642,27.8780163383368,32.537015600755,60.4150319390918
MOZ,2017,105.745640702087,3.1808,7.18728867176433,51.1579324800007,30.2596151140669,81.4175475940676
MOZ,2018,124.607457525372,3.4122,6.10974752335492,39.4919610313499,27.2619529507557,66.7539139821056
MOZ,2019,105.591171401921,3.8448,7.00398240753184,41.7750444782821,30.5783345210747,72.3533789993568
MOZ,2020,99.906146051979,4.006,6.75971794054006,36.8617331036982,34.9241235099286,71.7858566136268
MOZ,2021,112.078964458333,3.9977,5.86850349468397,41.1381955498654,34.7879108669746,75.92610641684
MOZ,2022,135.274535098995,2.3487,4.43318049163302,50.7186898345651,30.4675661590987,81.18625599366379
MOZ,2023,106.026083626657,2.0913,5.35358010362426,57.6135156555006,23.2868932752681,80.90040893076869
MOZ,2024,95.6303976635291,1.7369,5.50818681520143,58.9003236000415,23.2777710502032,82.1780946502447
MMR,2010,,11.7974,60.5126321400695,35.1816309091515,0.714114529020115,35.895745438171616
MMR,2011,,11.2966,68.0019478102691,35.9097187513172,0.772259417745363,36.68197816906256
MMR,2012,,8.926,66.6414330206222,24.3583262702265,1.24709767158348,25.605423941809978
MMR,2013,,0.3167,89.0987580630489,33.6174411817329,1.13070721638158,34.74814839811448
MMR,2014,,0.8915,44.8737590215783,42.7838695243051,1.72778717166188,44.511656695966984
MMR,2015,,0.9691,44.9968316203117,44.5178108638091,2.24793834601003,46.765749209819134
MMR,2016,,0.9006,48.320425649148,28.1623538928698,2.53534311966461,30.69769701253441
MMR,2017,,0.8978,48.3492389706595,26.6678823089386,4.0196903922581,30.6875727011967
MMR,2018,,0.9758,52.6151536984721,21.6446810949072,5.56324179550988,27.20792289041708
MMR,2019,,0.5895,52.0856293069647,24.6715993904913,5.16875976838706,29.840359158878357
MMR,2020,,0.5073,57.2167625702112,20.299108694666,6.3905243432933,26.6896330379593
MMR,2021,,0.2316,66.1744535029455,21.220208753714,3.10175654811143,24.32196530182543
MMR,2022,,0.2533,65.2708824322035,23.4942446170029,1.2515222317234,24.745766848726298
MMR,2023,,0.3662,76.7910189495269,24.2241759769846,1.40135875616036,25.62553473314496
MMR,2024,,0.5723,,21.9570193842403,2.43179309201462,24.38881247625492
NAM,2002,94.4152228948906,,,0.664641934763584,10.6573429449743,11.321984879737883
NAM,2003,95.9524743817213,,,0.993442611073116,7.20776304354371,8.201205654616826
NAM,2004,81.8622605916543,,,0.50311393659037,19.466650862059,19.969764798649372
NAM,2005,80.6803802939816,,,0.413471474512171,14.5929364315082,15.006407906020371
NAM,2006,86.8339693259998,,,0.458348069521536,25.6759432318379,26.134291301359433
NAM,2007,104.979303758915,,,0.410976169146749,34.5158930034676,34.92686917261435
NAM,2008,119.644498184785,,,0.444634545115881,30.9247117272254,31.369346272341282
NAM,2009,123.762844292976,,,0.817470145591871,26.3993027720677,27.21677291765957
NAM,2010,108.072477173606,,,1.27056274952211,27.2440537959122,28.51461654543431
NAM,2011,102.189147754138,,,1.29061847758195,27.0724156333109,28.36303411089285
NAM,2012,100.2134087743,,,0.953398782486897,28.525800951560502,29.4791997340474
NAM,2013,97.7249042303832,,,1.23502010241051,27.0692376564231,28.304257758833607
NAM,2014,103.080137009254,,,1.45563559780561,24.4448866918562,25.90052228966181
NAM,2015,97.2390317873478,,,2.64040078009281,26.2402867219328,28.880687502025612
NAM,2016,93.966187960162,,,1.32229917356492,20.6938330168728,22.016132190437723
NAM,2017,81.2196661011436,,,0.438934632215075,19.8156734654732,20.254608097688276
NAM,2018,81.7138652963804,,,0.578722935645166,28.2843145094375,28.863037445082668
NAM,2019,82.9011507426355,,,1.31156036060222,32.4864115651513,33.79797192575352
NAM,2020,76.9252424036465,,,1.14674893543043,31.1750030209145,32.321751956344926
NAM,2021,83.5443030923624,,,1.45482887043634,27.4732735217223,28.928102392158642
NAM,2022,99.2625547814064,,,3.60034377014636,26.518437687903,30.11878145804936
NAM,2023,109.8175996703,,,1.6576098963801,24.9383252013053,26.595935097685402
NAM,2024,108.00119146619,,,1.28285602218848,32.2873344750115,33.57019049719998
NPL,2003,44.2478836156195,1.7116,40.0291042230548,0.00357579146798016,4.29431059801483,4.2978863894828105
NPL,2009,47.0794477633688,1.1649,74.6475656142649,0.00168747349552898,5.46515419094088,5.466841664436409
NPL,2010,45.9849057742707,1.6105,79.2802138789552,4.5184108995034e-5,3.96000669177798,3.9600518758869754
NPL,2011,36.2967588899367,2.1953,96.7661443796271,5.17830048737702e-6,4.28805048306195,4.288055661362437
NPL,2012,37.921906058758,2.9659,115.953735647863,0.0127445401569673,4.12327922492228,4.136023765079248
NPL,2013,41.8653757376722,6.22,135.417164189566,0.00317309696043804,3.21910941485056,3.2222825118109983
NPL,2014,45.9826416115927,8.362,156.149152937093,0.00427691971404587,3.8595362414148,3.8638131611288458
NPL,2015,46.6657303895158,8.4344,196.611833763337,0.00156426563766798,2.00684420671161,2.008408472349278
NPL,2017,44.6424106217427,8.4863,190.09651408018,0.00266232718899826,1.74772512234926,1.7503874495382583
NPL,2018,48.4473869463778,4.5658,151.253248276102,0.015293107300744,2.34037873822339,2.355671845524134
NPL,2021,43.0538047912219,3.7983,109.272984641301,6.66375384580768e-6,0.96321770268593,0.9632243664397758
NPL,2022,48.9734014800201,3.5048,101.474078693782,4.22001355639369e-4,1.44460468329415,1.4450266846497892
NLD,2002,112.750024358671,,,5.58955834121391,1.72917054238921,7.31872888360312
NLD,2003,111.30450319576,,,5.65504410523909,1.98321794163608,7.63826204687517
NLD,2004,116.958160026939,,,5.86902375832662,2.21740941107599,8.08643316940261
NLD,2005,122.255849523252,,,7.50882922214862,2.25393522835657,9.76276445050519
NLD,2006,127.195613539333,,,8.62717139534594,2.86762998131529,11.49480137666123
NLD,2007,129.798241740597,,,8.87017479681396,2.92189856920429,11.792073366018249
NLD,2008,130.152049980117,,,10.7064144762756,2.34974708894427,13.05616156521987
NLD,2009,115.109660363107,,,8.24328756332864,1.90001527292617,10.14330283625481
NLD,2010,130.081707935343,,,10.1638647320306,2.3695600729325,12.5334248049631
NLD,2011,141.757099325776,,,12.7907635823148,2.83195484176319,15.62271842407799
NLD,2012,149.393223058131,,,14.4575331430104,2.55236345901496,17.00989660202536
NLD,2013,150.651850226949,,,14.4300357273789,2.28351003564609,16.71354576302499
NLD,2014,151.715891056501,,,12.5669371261896,2.48091417395346,15.04785130014306
NLD,2015,160.325812564809,,,10.2507452834652,2.46167603215343,12.71242131561863
NLD,2016,150.96552921165,,,9.14899567222457,2.27817186258673,11.4271675348113
NLD,2017,159.646059656847,,,10.2776722948672,2.39672769835099,12.67439999321819
NLD,2018,163.559146573044,,,10.7424825487341,2.47908378428291,13.22156633301701
NLD,2019,160.676671884999,,,10.6520866544886,2.33062444278619,12.982711097274791
NLD,2020,152.233230409706,,,7.458285978711,2.20823001994933,9.66651599866033
NLD,2021,163.154842689698,,,9.01362412065194,2.81345984335787,11.82708396400981
NLD,2022,184.107484252682,,,13.6080383440618,2.62242932433025,16.230467668392052
NLD,2023,165.030429478933,,,14.5347760829432,2.38352350050341,16.91829958344661
NLD,2024,153.956290574682,,,12.6812336694305,2.34432343327845,15.02555710270895
NCL,2002,56.1330040352377,,,1.21515188304097,22.6116024589446,23.82675434198557
NCL,2003,61.8880338996498,,,1.20968299198208,24.6814049197605,25.89108791174258
NCL,2004,58.5813378645702,,,1.06246162894908,30.2459246145513,31.30838624350038
NCL,2005,61.9103270015257,,,1.36678618953362,27.6457095821681,29.01249577170172
NCL,2006,68.0205144787445,,,0.442806999361754,35.3409467820001,35.78375378136186
NCL,2007,72.1743887166465,,,0.00500788056337396,38.6088457472696,38.613853627832974
NCL,2008,67.9174783843244,,,0.0108140183008771,45.891599590392,45.902413608692875
NCL,2009,56.0771570332275,,,0.0040061643914139,16.765402455695,16.769408620086413
NCL,2010,68.1684823937939,,,0.07563388867766,40.5339269449874,40.60956083366506
NCL,2011,66.8445220722878,,,0.0102142658700865,35.0389377394198,35.04915200528989
NCL,2012,63.7533913097757,,,0.016512784417616,35.0286470528162,35.04515983723381
NCL,2013,58.8723435046881,,,0.0140711061210529,39.0209778509536,39.03504895707465
NCL,2014,58.9577979346478,,,0.00205288658451224,32.1609542193376,32.16300710592211
NCL,2015,60.0467960954308,,,0.0110083934387515,37.7519607832418,37.76296917668055
NZL,2002,62.6559945554479,,,2.36516692704215,4.1279493752451,6.49311630228725
NZL,2003,57.914769345753,,,1.916169844061,3.79453628959584,5.71070613365684
NZL,2004,58.7995522745359,,,1.94341918955725,3.99377919212926,5.93719838168651
NZL,2005,58.0187434407163,,,2.51999137539208,4.3204880053099,6.84047938070198
NZL,2006,59.6032650403479,,,2.81028262416811,5.38990879263595,8.20019141680406
NZL,2007,58.4251605749091,,,4.55786219081734,5.25124018277207,9.80910237358941
NZL,2008,64.2611448527979,,,7.11229653620869,4.45123051001771,11.5635270462264
NZL,2009,55.0143501856026,,,5.00698247660389,3.32761532379507,8.33459780039896
NZL,2010,58.1047406012087,,,4.94449168586533,4.1672433557808,9.111735041646131
NZL,2011,59.1815679267669,,,5.48842765692453,3.96696454417491,9.45539220109944
NZL,2012,56.9257462326897,,,4.93027343608697,3.55947089616401,8.489744332250979
NZL,2013,56.0063219921147,,,3.7199909439371,3.26836249350515,6.98835343744225
NZL,2014,55.1213465284556,,,3.22930808775386,3.04246436425911,6.27177245201297
NZL,2015,54.8749505791536,,,1.89509750758523,3.13507882686078,5.0301763344460095
NZL,2016,52.4796021733125,,,1.4594492857246,3.14488195666464,4.60433124238924
NZL,2017,54.2775276299632,,,1.67396977687253,3.0287743551194,4.702744131991929
NZL,2018,55.9063918509538,,,1.8139755676727,3.0180641997771,4.8320397674498
NZL,2019,54.4612464097007,,,1.45188930086342,2.68523234719206,4.13712164805548
NZL,2020,43.8262466218168,,,1.09750251450979,2.46221492728178,3.5597174417915705
NZL,2021,48.4315370741539,,,1.18782807702254,3.23397796677983,4.42180604380237
NZL,2022,53.2091433736439,,,1.6450179073457,3.17983764822286,4.8248555555685595
NZL,2023,49.8655041498497,,,1.37017086236698,3.2657826564058,4.63595351877278
NZL,2024,50.6607664427853,,,1.11148609161885,3.30880641293208,4.420292504550931
NZL,2025,,,,0.920901173181989,3.24759379421406,4.168494967396049
NIC,2002,58.0912844080785,8.635,7.0369086044675,1.64675180288481,0.551183282742895,2.197935085627705
NIC,2003,62.1750658877514,8.714,7.41496406536697,1.27347438687548,0.65376741232376,1.92724179919924
NIC,2004,67.195316780004,9.7515,13.1102885602159,1.05198721073589,0.883286074457994,1.935273285193884
NIC,2005,71.6457237072991,10.7798,14.5233492151021,1.43527628331175,0.999479447891217,2.434755731202967
NIC,2006,87.309670832079,14.7325,22.000597712718,0.538810471712675,2.06013627773525,2.598946749447925
NIC,2007,93.025730229333,28.114,26.8200832502841,0.846082875283833,2.18604355854271,3.032126433826543
NIC,2008,96.7939847302055,24.3714,24.1804212956541,0.388425165510719,1.23420751891551,1.6226326844262289
NIC,2009,86.9936104453444,16.9162,26.5571929898809,0.816210626975069,1.18197532820163,1.998185955176699
NIC,2010,100.364058423919,19.9812,25.635762572288,1.22921221370131,1.75670058622749,2.9859127999288
NIC,2011,111.827453935999,18.3065,23.8373897420033,0.681368284394506,1.73255084269771,2.4139191270922162
NIC,2012,115.177288474198,18.6248,20.6149592072575,1.10190700694356,0.882055499437503,1.9839625063810629
NIC,2013,110.984207880382,16.583,19.4332141706496,0.431637900273764,0.869107131459725,1.300745031733489
NIC,2014,106.698200190796,13.7929,20.7584671806504,0.314075268911258,0.811310553411476,1.125385822322734
NIC,2015,98.194164594236,11.1242,21.6469512556608,0.279987065397259,0.77721391549123,1.057200980888489
NIC,2016,93.8137278130087,11.6134,20.0330225893227,0.163477050427033,0.734210848308071,0.897687898735104
NIC,2017,96.3805864351182,11.3368,21.6441496926903,0.234758388546043,0.730802106374299,0.965560494920342
NIC,2018,93.9847404925404,10.5685,17.370963941316,0.258275782295684,0.948880495617114,1.207156277912798
NIC,2019,94.0422159246213,8.8098,17.5216516145734,0.302230563340018,0.697279499253811,0.9995100625938291
NIC,2020,88.6381231228968,7.5255,23.2068208405372,0.437239912588308,0.766253218196019,1.203493130784327
NIC,2021,106.20739806697,7.2838,27.2960657039049,0.599657917570942,1.1082286483178,1.707886565888742
NIC,2022,115.454670931919,7.556,29.10784345983,0.8168503728216,0.862075378592764,1.678925751414364
NIC,2023,105.019535579852,6.7046,35.4611939828309,0.63621248699764,0.934234123515587,1.570446610513227
NIC,2024,99.146065089948,8.6903,39.4103176280348,0.738619250103537,1.12278358190894,1.8614028320124771
NER,2002,30.8343857497549,1.8429,,1.38278877027936,45.4245387152518,46.80732748553116
NER,2003,33.3827931416238,1.7917,,1.45476090691616,50.2575182155316,51.712279122447754
NER,2004,36.9641044464896,0.4859,,2.26423521417612,33.9798709322618,36.244106146437915
NER,2005,38.3477418070736,2.0391,,2.12115926909511,31.3150221527887,33.43618142188381
NER,2006,36.5313731842429,5.0336,,1.990173881654,32.9194044453079,34.9095783269619
NER,2007,35.5028028471007,23.9613,,2.33481800303613,47.9146894604503,50.249507463486424
NER,2008,39.7112440540383,9.7971,,1.52450199726818,43.11064435735,44.63514635461818
NER,2009,49.5122567031625,10.4542,,1.15100863832224,55.5650183630841,56.71602700140634
NER,2010,51.9459863027627,11.1113,,1.56427774932404,50.3002984500295,51.86457619935354
NER,2011,50.2463951569345,6.9687,,1.1073911463664,68.904579045996,70.0119701923624
NER,2012,45.08596447308,5.323,,18.2797186370485,0.0709574206197524,18.350676057668252
NER,2013,46.2951491493291,3.4898,,30.2015688488722,49.345601083404,79.5471699322762
NER,2014,45.7416008365932,3.2026,,27.0318711888367,45.9055426510308,72.9374138398675
NER,2015,44.727430371186,0.8677,,18.7837682118598,50.9043365371471,69.6881047490069
NER,2016,36.6748378115692,1.4304,,23.1922765559026,45.1943907569733,68.3866673128759
NER,2017,39.0298956366247,2.1261,,30.1595141410696,33.6473206443165,63.8068347853861
NER,2018,38.2929695977016,1.9103,,26.184088451235,23.3315968860907,49.5156853373257
NER,2019,39.289303673296,2.3423,,31.4828722853421,31.695630837349,63.1785031226911
NER,2020,36.3388196908038,1.0616,,25.9228946625832,36.0483403516329,61.971235014216106
NER,2021,38.0460948786617,0.8447,,32.8874566845561,25.9041815242586,58.7916382088147
NER,2022,37.1460454100715,0.7831,,28.80943031356,32.2263338332376,61.0357641467976
NER,2023,30.7176535069056,0.7738,,18.4030980615375,43.9810702361495,62.384168297687
NER,2024,24.388946208843,0.5587,,87.9926998279359,0.0225744207288111,88.01527424866471
NGA,2002,,6.1723,20.5733613074252,94.0374634853667,0.0285256210881831,94.06598910645488
NGA,2003,,8.0034,17.715346029234,97.8966781049368,0.00284400377525826,97.89952210871205
NGA,2006,,32.0965,244.316342018669,98.238856362994,0.00574614302506904,98.24460250601906
NGA,2007,,33.1765,266.399526098613,93.6663052169763,0.404775616248185,94.07108083322449
NGA,2008,,30.3176,262.491816860539,91.7432857907592,0.331171706573541,92.07445749733274
NGA,2009,,25.3952,189.590858075899,90.3621937439891,0.198132507701918,90.56032625169101
NGA,2010,,32.3875,114.258413283819,87.1326358652018,1.08132645763685,88.21396232283865
NGA,2011,,33.3263,98.7182609078603,89.1265273360995,0.316956342414508,89.44348367851401
NGA,2012,,39.4958,114.487430842219,84.0389730913749,0.43351869808324,84.47249178945813
NGA,2013,,36.0106,102.513890894791,87.6233751860233,0.628497950155988,88.25187313617928
NGA,2014,,27.0868,75.1412023681776,90.854209832539,0.369046050502819,91.22325588304182
NGA,2015,,19.646,64.4343302342419,87.8732996915055,0.336962635009992,88.21026232651549
NGA,2016,,14.9247,64.0667559603912,96.4782414446309,0.171031713155767,96.64927315778667
NGA,2017,,26.8208,62.1698908169799,96.031736150959,0.137564074740535,96.16930022569954
NGA,2018,,19.8706,62.9596498516965,94.1137913236198,0.309226565700945,94.42301788932073
NGA,2019,,25.6426,48.4151194229568,87.0392917835315,0.300890835359539,87.34018261889103
NGA,2020,,21.0337,43.4161554728028,88.7002181697857,0.301988963774128,89.00220713355982
NGA,2021,,19.2968,43.3511307176981,89.147069602161,0.896061886697277,90.04313148885828
NGA,2022,,20.8627,35.7153640411969,90.7270761068365,1.01390050979922,91.74097661663572
NGA,2023,,17.8523,32.6452593366926,91.6092141524306,1.17584162239168,92.78505577482228
NGA,2024,,20.4372,37.1523303374647,88.6153186443478,1.22423135300286,89.83954999735066
MKD,2002,71.5334846721143,4.7152,47.6950964779552,2.24805571882993,7.4574831438003,9.705538862630231
MKD,2003,71.0693204909674,2.707,50.0721997872396,5.41118476069355,4.67499102445679,10.08617578515034
MKD,2004,80.8704849956907,29.558,35.1362511456766,4.68116805411458,2.21075293876976,6.89192099288434
MKD,2005,85.8410034787176,26.8573,45.0117519839887,8.01509431727616,3.02525615728899,11.04035047456515
MKD,2006,92.5516664675666,26.3312,57.3735425182299,9.37664642247707,4.25909536308086,13.63574178555793
MKD,2007,106.092966003288,38.3836,54.4147524204191,4.86411659943398,4.559949390431,9.42406598986498
MKD,2008,111.570054713298,30.5416,49.1375348679382,7.8765298629422,6.4364821701674,14.313012033109601
MKD,2009,87.1767537660809,27.1086,43.9104425617022,7.49274471536935,6.10919773664511,13.601942452014459
MKD,2010,97.8810691156562,23.8116,44.4921365187013,7.67955676929367,7.38164592345343,15.0612026927471
MKD,2011,113.19191013947,26.4767,44.585201630204,8.7114019281988,5.90499182810197,14.61639375630077
MKD,2012,112.214834702155,27.5796,44.8923020074581,6.43808603826413,6.23227824787938,12.67036428614351
MKD,2013,104.857229956305,23.6732,43.2781339773431,2.47587519177111,6.27022767607195,8.74610286784306
MKD,2014,112.537928969299,23.5152,44.3071009405791,1.75457940767403,5.11846217600112,6.873041583675151
MKD,2015,113.698443879103,24.2055,37.4777325322215,1.359114992885,4.59806222249091,5.95717721537591
MKD,2016,116.185408418026,24.7285,37.3650954616682,1.18237950206005,3.85954518179231,5.0419246838523595
MKD,2017,124.13728389629,26.7342,33.2406648409559,1.50422782175584,5.32347724684427,6.82770506860011
MKD,2018,133.215207648008,28.5917,38.1370622391128,1.6979899541839,5.11231941639777,6.81030937058167
MKD,2019,138.576231840539,28.037,41.0923088212821,2.03944820565787,4.80139295051173,6.840841156169599
MKD,2020,128.241244322257,20.9136,40.5439344958366,1.41186953928734,4.46183356922234,5.87370310850968
MKD,2021,146.721411484074,22.4401,37.9838272331065,1.83319937769536,5.15801329013125,6.99121266782661
MKD,2022,166.147357379878,26.7452,35.3972281471178,4.38877249744942,4.62489506666878,9.013667564118201
MKD,2023,147.79425348309,25.0815,40.0570034861825,4.11524026538845,3.99367795124718,8.10891821663563
MKD,2024,136.324876175556,24.7676,40.9118025444744,3.46090673198231,4.69084691478699,8.1517536467693
NOR,2002,67.8482927970815,,,60.6325152586474,6.08305758284393,66.71557284149134
NOR,2003,66.5085380808884,,,61.1728639129257,6.64523026280214,67.81809417572784
NOR,2004,68.7028173740954,,,63.6222202285939,6.92259885660009,70.54481908519399
NOR,2005,70.2469613309236,,,67.6843283288731,6.00833281346051,73.6926611423336
NOR,2006,71.1687450210659,,,67.8034646421845,7.13924598873227,74.94271063091676
NOR,2007,71.1714206590972,,,64.2968133456296,8.32264604171929,72.6194593873489
NOR,2008,73.8668579713193,,,68.6853998054327,5.55182990833102,74.23722971376371
NOR,2009,66.3869035154741,,,63.662873718534,5.13787441249515,68.80074813102915
NOR,2010,67.1044480331039,,,63.6983768325339,6.32366583035729,70.0220426628912
NOR,2011,68.3082228214528,,,68.0283731997345,5.9434314323853,73.9718046321198
NOR,2012,67.2907057063447,,,69.815656349232,5.15669141196318,74.97234776119518
NOR,2013,66.6575278489713,,,67.6247146158353,4.75795522817943,72.38266984401473
NOR,2014,67.7741797940433,,,64.878121273836,5.32706000780678,70.20518128164278
NOR,2015,68.8351790107466,,,57.6867194348074,6.07882831005954,63.76554774486694
NOR,2016,67.3341230829057,,,52.9734980784027,6.23890729160383,59.21240537000653
NOR,2017,67.1957153368952,,,57.1858991050078,6.54067659978779,63.726575704795586
NOR,2018,68.1761206012317,,,62.1231169933481,6.18246132107391,68.30557831442201
NOR,2019,68.880243105732,,,55.9876673683571,6.69954220330805,62.68720957166515
NOR,2020,63.3673184179043,,,49.3175349328281,8.19836589342756,57.51590082625566
NOR,2021,69.1060572345311,,,68.9331407034111,5.60665182188866,74.53979252529976
NOR,2022,79.9216011363033,,,79.2652360834588,4.01517083066805,83.28040691412686
NOR,2023,77.401189583706,,,68.3629762990575,5.18768066986379,73.55065696892129
NOR,2024,79.5796368227724,,,65.5240372734242,5.22612607802498,70.75016335144917
NOR,2025,79.0528319312867,,,62.3076651968246,5.40227874514336,67.70994394196796
OMN,2002,83.6537485764543,,,77.4715518284881,0.600794858361952,78.07234668685005
OMN,2003,84.846636733578,,,76.8245303964233,0.0526365665882346,76.87716696301153
OMN,2004,88.611307129045,,,91.0888368510134,0.889688757838642,91.97852560885204
OMN,2005,86.7613020421318,,,91.8263316844317,0.813042854041652,92.63937453847335
OMN,2006,86.1457079854133,,,91.390046872855,0.900665298143283,92.29071217099828
OMN,2007,94.8657889777347,,,89.0570672014474,1.13049594089986,90.18756314234726
OMN,2008,94.7619029877161,,,86.3796075991984,1.31577074731665,87.69537834651504
OMN,2009,91.6279353346997,,,74.9705083996091,3.82754180988086,78.79805020948996
OMN,2010,96.3865546218487,,,77.7587802690782,2.67017753168595,80.42895780076415
OMN,2011,101.641731939942,,,74.3678691335376,2.5091411334202,76.8770102669578
OMN,2012,102.0747604043,,,83.5370778993057,3.53034182525696,87.06741972456265
OMN,2013,112.543521763774,,,82.6128731508305,4.84529095012406,87.45816410095455
OMN,2014,102.27872108813,,,81.6727512854849,3.94979866045857,85.62254994594348
OMN,2015,96.3775801852347,,,76.1568860871844,4.79658796032046,80.95347404750487
OMN,2016,82.8642642018901,,,76.052172528574,3.98223122115235,80.03440374972635
OMN,2017,88.9531480182956,,,73.6831825643426,6.23374311419373,79.91692567853633
OMN,2018,89.2792178262847,,,75.1858802471844,5.42181854803066,80.60769879521506
OMN,2019,86.4782010313236,,,76.3087021288282,5.05770874145454,81.36641087028275
OMN,2020,91.8758908014472,,,63.6348897569431,6.18457048755305,69.81946024449616
OMN,2021,95.9494877293305,,,65.2855836380628,6.14989195067512,71.43547558873793
OMN,2022,105.745009280655,,,74.0383980013691,6.45247223821924,80.49087023958835
OMN,2023,106.446731102604,,,74.1913838927866,5.94084621917315,80.13223011195976
OMN,2024,114.852671596819,,,77.1995042110729,5.47963321487277,82.67913742594567
PAK,2002,23.1290159545291,4.4895,25.6424358798132,1.93553718386706,0.202718457365695,2.138255641232755
PAK,2003,24.6501585248398,3.366,31.9451966675429,2.30724345077015,0.205644528839039,2.512887979609189
PAK,2004,24.8083348519064,3.3758,29.0622855478601,2.41400103063988,0.268714071505803,2.682715102145683
PAK,2005,29.8784940550747,3.563,32.1810936581436,4.23292058651293,0.410622606618719,4.643543193131649
PAK,2006,33.0497193672284,3.5104,34.1961889589579,5.00286798660188,0.57339350213325,5.57626148873513
PAK,2007,30.7878814312746,5.2382,37.1431471891843,5.77365206239681,1.11610039326653,6.88975245566334
PAK,2008,34.3489608135242,2.7338,18.0076134712079,6.18163514554564,1.28884444252292,7.47047958806856
PAK,2009,33.3268872863988,2.5752,23.9012740164053,4.11602958270657,1.05318875353553,5.1692183362421
PAK,2010,31.9890020462315,7.3602,27.2136059898191,5.71119451483388,1.57026675868481,7.2814612735186905
PAK,2011,32.3626382751438,5.5667,27.2230056202501,5.21587114782379,1.49042000633085,6.7062911541546395
PAK,2012,31.3189732760076,6.3043,21.4295428744028,1.35053487428845,2.0221530747153,3.3726879490037502
PAK,2013,30.8902743401844,7.725,12.7056244123229,2.10463441086617,2.09188614611273,4.1965205569789
PAK,2014,29.4698256903998,8.5358,22.2564493620379,2.64194644110697,1.8033611683323,4.44530760943927
PAK,2015,26.6881860172247,9.4272,29.1639450458718,1.21065579156664,1.56689191421064,2.77754770577728
PAK,2016,24.7015780480573,9.4778,29.3182704832787,0.761514396551207,1.49009381168309,2.251608208234297
PAK,2017,25.472035002344,9.3568,19.8278934956955,1.2032443709099,1.9663813915249,3.1696257624348
PAK,2018,27.6260570796337,8.0781,11.8229329162621,2.13426606062679,2.11969841349404,4.25396447412083
PAK,2019,28.9055769867032,8.4068,15.0648827255287,1.59922046539897,2.7507753083849,4.34999577378387
PAK,2020,26.7162807328814,6.1294,15.7032382071599,0.873349137853699,3.32696265002863,4.200311787882329
PAK,2021,27.0304204125548,6.9395,17.4463442234472,0.708780532335282,4.61896170905835,5.327742241393633
PAK,2022,33.031353478032,6.8716,7.77936658299889,1.19408655456312,4.40534065808737,5.5994272126504905
PAK,2023,28.4676925469837,6.8238,10.4795057107162,0.583319121620756,4.50449223225348,5.087811353874237
PAK,2024,27.5653309105795,7.4077,14.1906403607238,1.71807476906982,4.33562939812151,6.05370416719133
PLW,2012,144.101360548224,,,0.114750596836599,2.6679764068768,2.7827270037133993
PLW,2016,118.759866134181,,,0.0519903035025715,1.65555475871071,1.7075450622132815
PLW,2017,122.650636452895,,,0.45891123655713,3.44206013931985,3.90097137587698
PAN,2002,126.024482449851,,,6.14508383119904,1.42615727487893,7.57124110607797
PAN,2003,117.267478940646,,,0.48738090896957,1.97118764042385,2.45856854939342
PAN,2004,124.761756520445,,,0.542242410267676,3.90700674466538,4.449249154933056
PAN,2005,139.211165086724,,,0.733227944121935,3.972499789476,4.705727733597935
PAN,2006,141.47257128141,,,0.765380955226691,3.83653112428466,4.601912079511351
PAN,2007,148.665601089573,,,0.674192440397585,3.90298304261797,4.577175483015555
PAN,2008,164.58628613577,,,0.64056451768571,5.06174588859461,5.702310406280319
PAN,2009,137.046021610678,,,0.875574400423514,4.67619406187405,5.551768462297564
PAN,2010,145.44871880643,,,0.281711491723828,10.3195283017929,10.601239793516728
PAN,2011,158.208395346813,,,0.0983907574718079,12.7472710837079,12.845661841179709
PAN,2012,153.208620367102,,,0.0753639120297613,12.130833082517,12.206196994546762
PAN,2013,133.071568935782,,,0.426786972917861,11.133092124339,11.559879097256863
PAN,2014,114.970604927053,,,0.162765893534913,11.3451433207884,11.507909214323313
PAN,2015,96.5791573428957,,,0.0973531063398489,9.45423282530129,9.551585931641139
PAN,2016,84.3959718738111,,,0.0986954470520712,10.0045045186238,10.103199965675872
PAN,2017,84.0475372402933,,,0.0902071411253174,12.5124276504847,12.602634791610017
PAN,2018,86.1309615112445,,,0.117134615486909,12.563211703042,12.68034631852891
PAN,2019,80.4286505649569,,,0.16669467833959,8.52379811614123,8.69049279448082
PAN,2020,68.700423510603,,,0.376491754246236,32.3038837448821,32.68037549912834
PAN,2021,80.1334635232887,,,0.183026429643391,79.9718329828951,80.15485941253849
PAN,2022,93.4752688552496,,,0.234048810950767,78.9089923340266,79.14304114497737
PAN,2023,88.3489105169795,,,0.299834578646736,76.4718000052085,76.77163458385523
PAN,2024,83.6737788620216,,,1.00720752711517,9.59331459466598,10.60052212178115
PNG,2002,118.919110291279,2.6929,18.4788597993757,22.6338959885869,29.6189622824883,52.2528582710752
PNG,2003,123.449069006746,5.0446,27.9314888765355,20.3214983745957,46.2571238045423,66.578622179138
PNG,2004,131.082911016249,4.5204,37.3022709459499,19.9507275539953,21.1045623398456,41.0552898938409
PNG,2011,,0.9774,34.5897597573681,3.80250711386152,56.649862225745,60.45236933960652
PNG,2012,,1.7499,27.0409147916685,2.92438620097063,54.4459467483598,57.37033294933043
PNG,2019,,3.5045,12.3140649189532,42.0580648896277,41.467532578577,83.5255974682047
PNG,2020,,2.2101,14.8844937032197,42.416684834596,36.0411087665842,78.4577936011802
PNG,2021,,14.7619,16.4375417442916,45.4766421102089,27.3902084177837,72.8668505279926
PNG,2022,,15.5422,20.3123331090874,42.5611072343605,30.9204399891275,73.48154722348801
PNG,2023,,0.1205,25.1964937715463,42.6494855424319,29.8008015088604,72.45028705129229
PRY,2002,79.4415656482927,13.1388,19.0085273568195,59.3070147771271,0.208514130939562,59.51552890806666
PRY,2003,81.1273637701163,49.2746,14.4647397807226,49.5247503484133,0.16678446090689,49.69153480932019
PRY,2004,80.1044466155542,44.7054,15.8338568414631,45.9700928635756,0.405642122783139,46.375734986358744
PRY,2005,85.0219636540457,40.6969,15.6234013780331,47.5006800377429,0.66027654931864,48.16095658706154
PRY,2006,84.7335313048126,37.4264,17.7950494409416,46.917218626047,0.571097196782024,47.48831582282903
PRY,2007,79.0011374202968,33.5001,22.9741892990222,40.3640612058908,0.479965820376082,40.84402702626688
PRY,2008,80.777574657268,5.7903,22.8262944183612,30.3488335905218,0.475038193415667,30.823871783937467
PRY,2009,70.8419818624432,5.4539,27.4826560400241,37.7862941235128,0.360957490933964,38.147251614446766
PRY,2010,81.2575233746727,6.36,25.8421096371526,30.4900254347954,0.561772567696444,31.051798002491843
PRY,2011,78.4921238489348,7.7426,31.0418483902734,29.3273063330687,1.00217743381306,30.32948376688176
PRY,2012,74.7649574560794,9.6527,30.0743921603153,31.0190031322725,0.878036670471362,31.897039802743862
PRY,2013,73.3698713841075,9.6208,35.5820671216415,23.9672247141492,0.829578837918687,24.796803552067885
PRY,2014,69.0837249631346,10.1387,40.4192952400124,22.6879704306262,0.813048734524132,23.501019165150332
PRY,2015,66.9150655259573,10.8209,34.2963855958218,25.0543143453299,0.675987440151955,25.730301785481856
PRY,2016,67.7593152322047,10.38,39.8902569177504,25.3997644221531,0.52742858306544,25.92719300521854
PRY,2017,71.0801344038377,11.5264,46.1590805035902,24.7742524407046,0.730905901888808,25.505158342593408
PRY,2018,72.069223625915,13.3151,44.7524466275545,23.3215570806625,0.90508901482829,24.226646095490793
PRY,2019,71.2221617342433,12.6901,43.1766991274223,23.6534512064987,0.879827565258584,24.533278771757285
PRY,2020,62.7602174748561,9.0798,43.5692866682639,20.3980852968341,0.633689883641747,21.031775180475847
PRY,2021,69.7320126827159,8.2629,42.6387784786753,15.4139049713163,1.09645716000824,16.51036213132454
PRY,2022,73.8736311444119,9.176,37.713592650342,16.7893199279441,1.48242293802149,18.27174286596559
PRY,2023,82.5777252296516,10.386,37.1567268711603,13.0535954016273,1.10475195932188,14.158347360949179
PRY,2024,77.0944384539197,11.8786,31.9312805676475,10.8893279718454,1.49687210638199,12.38620007822739
PRY,2025,76.4780703309698,,,11.0219071227801,1.71796064330273,12.73986776608283
PER,2002,35.2491813317695,9.1017,34.1748359828558,6.25870095624976,31.9798239013752,38.23852485762496
PER,2003,37.6246103251002,8.3547,33.8892945335937,7.37984678551164,30.6922278826042,38.07207466811584
PER,2004,41.9360782679273,8.7331,39.8982104894219,5.45456110464244,39.0245043877429,44.47906549238534
PER,2005,47.3573174768394,10.8822,48.0161916087675,9.32481163862732,39.9606879450802,49.28549958370752
PER,2006,51.7850560338442,10.2814,59.5374925006574,8.00259770587774,47.4525510268847,55.45514873276244
PER,2007,55.6881132836815,16.5452,86.1875113414646,8.57977598074378,49.5566787105114,58.13645469125518
PER,2008,58.4337673899053,15.6118,89.9812588999722,9.14246326039836,43.0583368488927,52.20080010929106
PER,2009,48.1119296153519,12.796,88.8611684255871,7.73522159130539,36.6022097950135,44.33743138631889
PER,2010,51.6728089370033,15.1655,104.889048873868,10.4702501879076,39.9270984898696,50.3973486777772
PER,2011,55.9882802838607,14.0517,108.666597038112,10.5341949963562,39.9040907481187,50.438285744474896
PER,2012,52.6198952632294,14.5077,104.099597607514,13.3370389113402,36.903977189865,50.241016101205204
PER,2013,49.7871424471444,10.1497,103.490689965387,14.5603158131284,36.4157818681371,50.9760976812655
PER,2014,46.8531210912899,10.2757,92.0808439954729,12.2992414025362,38.9398253275215,51.2390667300577
PER,2015,45.1627686891148,10.43,90.8078314143264,7.824398915481,36.8868771785759,44.7112760940569
PER,2016,45.3888411964154,11.0511,87.9603924113684,6.41464787287933,42.8065553842375,49.22120325711683
PER,2017,47.5135503619971,12.7382,93.4977737099187,7.9436016945509,46.3213014126421,54.264903107193
PER,2018,48.631470171736,14.5456,87.7731203519341,8.8875264253518,45.6280434226608,54.5155698480126
PER,2019,46.9435053754409,13.1926,105.397019539887,6.86905379549647,45.4968752494035,52.36592904489997
PER,2020,44.245967197744,13.7394,100.150380965382,3.77608731917897,43.5085907829651,47.28467810214407
PER,2021,55.4083231938774,11.5587,88.3263250279221,6.99027941163955,47.8118088684,54.80208828003955
PER,2022,57.2727003111939,11.481,78.8839144851551,10.6830217836129,43.071188539675,53.7542103232879
PER,2023,50.9070307213493,13.5353,75.9581760839055,6.83058695991324,51.3043308679882,58.13491782790144
PER,2024,51.6811479870417,11.2304,84.9652732439322,5.71895551475461,47.7744538607891,53.49340937554371
PHL,2002,83.8448040937789,9.2574,27.1794876595095,1.18455225576668,1.44923205289897,2.63378430866565
PHL,2003,87.5746443636636,9.8491,27.2308890226373,1.55885386665635,1.72482301745632,3.28367688411267
PHL,2004,87.1252848232048,8.2554,26.5599574955485,1.26222116928397,2.39356179458319,3.6557829638671597
PHL,2005,83.8456745708051,10.9001,31.4893575289314,1.87758618141393,2.27096876092626,4.148554942340191
PHL,2006,80.8505386728775,8.6984,39.8766225397361,2.30498008929838,4.44204904598112,6.7470291352795
PHL,2007,73.6449799920629,11.9735,57.0282909358082,2.80484257220501,5.42409367069035,8.22893624289536
PHL,2008,67.6810707730401,12.0172,64.3674051990795,3.27690782996833,5.189114885564,8.466022715532329
PHL,2009,60.8865907869758,7.1508,78.9815950764493,1.90873424213089,3.91237655213636,5.82111079426725
PHL,2010,66.1042785137797,16.0866,95.3818566120814,2.0532774893495,3.9111085891633,5.9643860785128
PHL,2011,60.7958366999075,18.3225,114.224722339527,2.92009931957312,5.59382537456056,8.51392469413368
PHL,2012,57.8420055133082,24.1708,123.099709617415,2.4289829487911,5.04619608005299,7.4751790288440905
PHL,2013,55.8247812320298,22.0377,108.414688991777,3.76691271607425,6.11404772690842,9.88096044298267
PHL,2014,57.4681720875945,20.6462,101.184242466707,2.97281997503875,6.58834024151498,9.56116021655373
PHL,2015,59.1415921053094,18.9451,101.181945778322,1.32069608642356,5.0613767306783,6.38207281710186
PHL,2016,61.7760657653871,19.297,107.159366229349,1.3324937999703,4.00252116995127,5.33501496992157
PHL,2017,68.1683697426727,19.3953,110.618647926075,1.50884665872113,5.58406561295369,7.0929122716748205
PHL,2018,72.1633982990273,20.2828,99.9694752396332,1.69571571942116,4.9082068510258,6.60392257044696
PHL,2019,68.8418422595678,20.3964,106.100539394278,1.47588152909606,5.11553589688116,6.59141742597722
PHL,2020,58.1695603022281,14.4244,111.660447068071,1.08970257001447,6.59574178209328,7.6854443521077505
PHL,2021,63.4846098136712,14.1501,101.983932580629,1.18141567992806,7.4874740704197,8.668889750347759
PHL,2022,72.4296836107599,15.0025,86.6980306243405,1.56831669342497,6.93456443095209,8.50288112437706
PHL,2023,67.4199693171606,13.7345,83.3455313514581,1.13912732345338,7.87761742498115,9.01674474843453
PHL,2024,65.8637883882752,15.2865,77.5043160947368,1.25811696364744,7.50901105484672,8.76712801849416
POL,2002,60.7967990573911,,,5.05911451764353,4.02227590259449,9.08139042023802
POL,2003,69.2134479841788,,,4.37491050696475,3.75466809130164,8.12957859826639
POL,2004,70.9815765694162,,,5.46211818637387,4.08914996089988,9.551268147273749
POL,2005,70.3114790902584,,,5.11885167926726,4.02274429487668,9.14159597414394
POL,2006,77.7008035402352,,,4.48052463399187,5.22903327226686,9.70955790625873
POL,2007,80.745399056691,,,3.80069037569469,4.53281165240271,8.3335020280974
POL,2008,80.5746815569207,,,4.25109702767544,3.96214660186794,8.213243629543381
POL,2009,74.9685965264269,,,3.08375092897727,3.68530049292514,6.76905142190241
POL,2010,82.2258523219922,,,4.15472424869973,4.69486882284057,8.849593071540301
POL,2011,86.9236892837618,,,4.90163237623958,5.02501418840566,9.926646564645239
POL,2012,88.8299033066583,,,4.99907074685297,4.82897688239305,9.82804762924602
POL,2013,90.4175072415629,,,4.69900703686589,4.18057255756479,8.87957959443068
POL,2014,92.0340197113178,,,4.1379157284687,4.00955235840735,8.14746808687605
POL,2015,92.2554272741942,,,3.30871603888815,3.60543706487631,6.91415310376446
POL,2016,96.8659028060623,,,2.55309338877162,3.02516272847308,5.5782561172447
POL,2017,100.56589524628,,,2.54767073398979,3.1899653859486,5.73763611993839
POL,2018,102.442462168005,,,2.59802361348933,3.04370184401185,5.64172545750118
POL,2019,101.581033817373,,,2.23921588032246,3.23396660447958,5.47318248480204
POL,2020,99.2590912303436,,,1.58025447472635,3.22051878025648,4.80077325498283
POL,2021,110.874283021945,,,2.21476888193242,3.97229976431864,6.18706864625106
POL,2022,123.021332860345,,,3.73795572839486,3.45108388683856,7.18903961523342
POL,2023,110.024935041815,,,3.05116286755385,3.04634974229626,6.09751260985011
POL,2024,100.359442847164,,,2.58269731161847,3.20228542082086,5.78498273243933
PRT,2002,62.3082594169772,,,1.96287146335663,1.64152232751203,3.6043937908686603
PRT,2003,61.1389474883653,,,2.43742039737605,1.57531572685566,4.01273612423171
PRT,2004,63.2045936670279,,,2.39441970699357,1.85965386303846,4.2540735700320305
PRT,2005,62.944504560452,,,4.06601200793367,2.82012959705461,6.88614160498828
PRT,2006,68.5470531182009,,,5.29460541224119,3.82483146719832,9.11943687943951
PRT,2007,69.9461175817991,,,4.50288798565585,3.72775210015921,8.23064008581506
PRT,2008,72.0757429221604,,,5.55294244731062,3.20474396609653,8.75768641340715
PRT,2009,61.4926935267759,,,4.85933046059872,2.89606706746845,7.75539752806717
PRT,2010,67.6892401927983,,,6.40958476127026,3.50667270247104,9.9162574637413
PRT,2011,73.0075756700531,,,7.17046947947273,3.20271416306362,10.37318364253635
PRT,2012,75.9411067187813,,,8.31755836830232,2.83058672331513,11.148145091617451
PRT,2013,78.0305056874282,,,10.406916246067,2.32362938767847,12.730545633745471
PRT,2014,80.220669072079,,,8.35936140737731,2.25220653101037,10.61156793838768
PRT,2015,80.6346756266443,,,7.65643933312187,2.15813994544385,9.81457927856572
PRT,2016,79.5223464844001,,,6.2474425889393,2.00764618663799,8.25508877557729
PRT,2017,84.8077923069539,,,7.16639153411767,2.25281965305294,9.41921118717061
PRT,2018,86.7356954918399,,,6.89396581089387,2.4348516745380002,9.32881748543187
PRT,2019,86.7709889083586,,,6.09256453662211,2.16706704875644,8.25963158537855
PRT,2020,76.5086407209215,,,4.60416397341643,2.17126177491599,6.77542574833242
PRT,2021,85.8735452148975,,,5.7682700665625,2.93086469176063,8.69913475832313
PRT,2022,101.36414647943499,,,8.42233208891241,2.73426069633125,11.15659278524366
PRT,2023,93.1358537072038,,,6.4728964004123,2.52971110792555,9.00260750833785
PRT,2024,89.6615637070518,,,6.97069976539579,2.58903250022659,9.55973226562238
PRT,2025,86.3988769792664,,,5.07554801427069,2.70852169351224,7.78406970778293
QAT,2002,88.4697236252199,,,89.3048817670036,0.110910327832227,89.41579209483582
QAT,2003,90.1649486943021,,,92.3240924687122,0.11476394159958,92.43885641031177
QAT,2004,90.3724288385622,,,87.601550193793,0.127990870115735,87.72954106390874
QAT,2005,94.7455441696331,,,85.0601617861359,0.138772232521004,85.1989340186569
QAT,2006,98.570919313572,,,90.8536097539166,0.0895118209197128,90.94312157483631
QAT,2007,96.11443696558,,,90.657961505625,0.129421353793938,90.78738285941894
QAT,2008,89.4332931345959,,,92.0990432261148,0.408873281859897,92.5079165079747
QAT,2009,80.1441629727012,,,73.9077903042904,0.133761828512641,74.04155213280305
QAT,2010,86.0703268232169,,,92.5548513080755,0.265173247119746,92.82002455519525
QAT,2011,98.7216351018991,,,92.9962018469401,0.345141436873865,93.34134328381396
QAT,2012,105.746343435217,,,88.0489136744168,2.33134786640568,90.38026154082247
QAT,2013,102.383208106327,,,89.9813548660954,1.4549996311141,91.4363544972095
QAT,2014,99.0343747414317,,,87.8136789876161,0.250470194595494,88.0641491822116
QAT,2015,93.7076041736357,,,83.6583736058125,2.36949271094662,86.02786631675912
QAT,2016,89.5476001199351,,,85.0429975482696,2.54574439613324,87.58874194440284
QAT,2017,91.4945879195194,,,87.5565130224043,2.53602637474615,90.09253939715045
QAT,2018,91.838448978201,,,86.1296391093726,1.81446564020088,87.94410474957348
QAT,2019,90.0463755485388,,,88.8105651715138,2.24477154291504,91.05533671442885
QAT,2020,90.0190948833102,,,81.8145904890777,2.59716473860935,84.41175522768705
QAT,2021,92.7791585715125,,,84.4038969131069,2.79751145368207,87.20140836678898
QAT,2022,100.213647199618,,,87.2912521641352,2.46572186451205,89.75697402864725
QAT,2023,,,,86.5414333242433,2.33291761974842,88.87435094399171
QAT,2024,,,,83.7597865976017,2.49497468125356,86.25476127885527
ROU,2002,53.7102478139376,,,7.90898665930851,4.2419741366313,12.15096079593981
ROU,2003,56.1795270470243,,,6.47394621001543,4.14660575863074,10.620551968646168
ROU,2004,60.6264786669408,,,6.72753084722976,4.67662140096493,11.40415224819469
ROU,2005,59.3605494490555,,,10.6421419156508,3.92891510818202,14.57105702383282
ROU,2006,61.6836259265159,,,9.98308648469886,5.25412030982878,15.23720679452764
ROU,2007,63.5051566734658,,,7.53962745671053,5.20227714691062,12.741904603621151
ROU,2008,65.1752009979412,,,8.93544041712786,4.72324875734715,13.65868917447501
ROU,2009,58.4700583666529,,,5.89456207294194,3.60848133654177,9.503043409483709
ROU,2010,69.9549354932718,,,5.30027024365568,4.23715422099536,9.537424464651039
ROU,2011,76.271356441629,,,5.49644320283291,4.14141567149189,9.637858874324799
ROU,2012,76.5943239913672,,,5.52974013515212,3.79071454336541,9.32045467851753
ROU,2013,81.3976131747183,,,5.21153593145803,3.23653895835825,8.44807488981628
ROU,2014,83.3751429575201,,,5.99419923728229,2.69272331387427,8.68692255115656
ROU,2015,83.5205767017155,,,4.46156773088773,2.35870523830703,6.820272969194761
ROU,2016,85.8925282906884,,,3.59956212321768,2.00820906359327,5.60777118681095
ROU,2017,87.1560645667801,,,3.76905997733512,2.10951156385024,5.8785715411853605
ROU,2018,87.0911701095809,,,4.09581018076912,2.22792611963379,6.32373630040291
ROU,2019,84.9063630584793,,,3.78369321514142,2.1926188654676,5.97631208060902
ROU,2020,78.3616463562709,,,2.41690733716218,2.2989315798619,4.7158389170240795
ROU,2021,87.0711965460145,,,3.52321676540238,2.80466122236143,6.327877987763809
ROU,2022,93.9496509383447,,,7.6342305168134,2.78929714304173,10.423527659855129
ROU,2023,83.3753324062231,,,5.30806019443117,2.47796891956889,7.78602911400006
ROU,2024,77.2149837939003,,,4.87639833165149,2.68710025626505,7.56349858791654
RWA,2002,31.3172752974708,3.0151,16.7853483670789,0,35.088175963992,35.088175963992
RWA,2003,32.8189983492155,1.74,13.806516965337,0,26.6428584667642,26.6428584667642
RWA,2004,37.0316755294291,0.917,18.8326436671246,0.0207021893929761,34.1911048887464,34.21180707813938
RWA,2005,38.0262688816851,1.0065,16.8285512616186,0.0126880307428849,35.1376159794075,35.150304010150386
RWA,2006,33.6578390444203,4.4204,88.0507090626504,0.00416015534860654,31.4407560198606,31.444916175209208
RWA,2007,36.4479761431748,3.805,126.59960589429,0.0107732293468366,46.3016117072326,46.31238493657944
RWA,2008,37.9969638376772,0.7233,82.8189965337812,0.239934257663276,27.933112466431,28.173046724094277
RWA,2009,37.2137499920385,0.9214,91.693878487992,0.0536388840609877,25.0637471463376,25.11738603039859
RWA,2010,37.7415245466166,1.1454,65.3844606154367,0.0684734450545245,35.8800089645487,35.94848240960322
RWA,2011,40.1597511764349,7.6707,49.1248511140552,0.0358053478768208,45.1668198317922,45.20262517966903
RWA,2012,41.081185425557,4.7422,26.1516254006042,0.0183622895975197,39.8735818164701,39.89194410606762
RWA,2013,43.260980041775,0.4791,28.2738613218304,0.106275401403098,47.728426891862,47.834702293265096
RWA,2014,44.4828257252622,0.8586,32.4805009618856,0.200175871031657,45.3122231010092,45.512398972040856
RWA,2015,45.7348675761767,0.3264,26.5930545228427,0.134400288536825,29.177973798398,29.312374086934824
RWA,2016,50.08973657056,5.2473,23.4745205794815,0.0716792615878137,22.4094104292018,22.481089690789613
RWA,2017,54.2079656602139,6.0397,23.2270191273317,0.0762331071262711,29.4136298769588,29.48986298408507
RWA,2018,47.9830578657248,6.236,23.8454566844657,0.315761583690096,30.314438220422,30.6301998041121
RWA,2019,48.892715033759,5.2709,22.4796314887124,1.91424345145403,14.8783110729202,16.79255452437423
RWA,2020,44.3511840604967,4.6156,20.987784946524,0.0438835362111073,8.24267617414299,8.286559710354096
RWA,2021,59.8007993935018,4.4379,20.0398240385867,0.0491650847321846,14.4742019090766,14.523366993808784
RWA,2022,60.9591709408266,3.8842,17.8077969358787,0.06254493579927,20.9179316429293,20.98047657872857
WSM,2002,87.9199711386734,0.0063,42.1414060783037,0.730761730849719,0.00950478235098901,0.740266513200708
WSM,2003,76.272148769255,0,49.7652628226449,0.486557905447871,0.0248203386022644,0.5113782440501353
WSM,2004,72.5293703149674,0,48.8020067299891,0.28703178042822,0.00111426930334486,0.2881460497315648
WSM,2005,76.2247442670718,0,45.6876409461555,0.488165345312677,0.0719685217589917,0.5601338670716687
WSM,2006,82.4691938417408,0,45.8816042102801,0.772258106267942,0.002053820788203,0.774311927056145
WSM,2007,83.2022041824641,0,48.0913781171394,0.33309207155733,0.147258431580946,0.480350503138276
WSM,2008,73.8864270586579,0,39.5177604873679,0.15989845885989,0.130417124077179,0.29031558293706905
WSM,2009,75.9793921615973,0.0037,57.1312909298461,0.0711542909915566,0.183255903686575,0.2544101946781316
WSM,2010,78.5698016774915,0,53.2269208145038,0.0035772967375037,0.318967504451416,0.32254480118891965
WSM,2011,81.600955014363,0,34.7590259780425,0.00393270330163956,0.720787846781144,0.7247205500827836
WSM,2012,82.7339794775292,0,30.3498472001905,0.0127897540235653,0.576139172223999,0.5889289262475643
WSM,2013,77.877751737476,4.4122,27.5565542890559,0.517216883804058,1.0185790785436,1.5357959623476578
WSM,2014,80.5007740440855,6.9219,21.0217535836956,0.0182051517534925,1.28420364195849,1.3024087937119824
WSM,2015,74.6343550051873,6.1933,24.0711620472113,25.2875140647282,0.582488137297813,25.87000220202601
WSM,2016,75.2118174672901,5.995,20.0117855068155,21.4866855365958,0.573306948123184,22.059992484718983
WSM,2017,74.0110807608335,6.3747,26.1294771448222,29.0627630663918,1.53685838150667,30.599621447898468
WSM,2018,78.9349684295151,3.6443,36.4054515581672,25.7175192762981,1.29034091334291,27.007860189641008
WSM,2019,83.3310795816457,5.5896,40.7593206054742,24.7229883812226,0.638829194762302,25.3618175759849
WSM,2021,59.7697795919357,9.6264,58.2815144257053,10.8841841015502,1.34446918731882,12.22865328886902
WSM,2022,60.8477789845035,15.1473,68.2305504830073,27.8451229232458,1.23892376594614,29.08404668919194
WSM,2023,80.8405125709078,15.3574,103.374591782603,41.6559873310463,1.52450671582897,43.18049404687527
WSM,2024,79.5241475635456,17.3538,128.561899744944,33.2644249125196,1.31501150839331,34.57943642091291
SAU,2002,64.5927974099254,,,89.632681945671,0.223014841432731,89.85569678710372
SAU,2003,69.831170708742,,,89.6778492659469,0.182297848800483,89.86014711474739
SAU,2004,75.0828366569341,,,89.8201774712183,0.172369585319018,89.99254705653732
SAU,2005,81.9540759410158,,,91.041350268177,0.136856334587532,91.17820660276453
SAU,2006,89.9446046768984,,,90.9813789166803,0.218876090049362,91.20025500672966
SAU,2007,94.8633170967657,,,90.171950238549,0.283339865220026,90.45529010376903
SAU,2008,96.1026308742185,,,91.3714832745092,0.221472078668656,91.59295535317786
SAU,2009,84.8583415624843,,,87.8041747949147,0.231975459893341,88.03615025480804
SAU,2010,82.5496850227537,,,87.6208624921467,0.154478800944879,87.77534129309157
SAU,2011,84.3594342438995,,,88.7250786188123,0.122149631834301,88.84722825064661
SAU,2012,81.74067854616,,,88.6274591343223,0.13826943855079,88.76572857287309
SAU,2013,80.2515014286783,,,87.5705430575713,0.402796097147209,87.9733391547185
SAU,2014,78.000111117736,,,85.1657914409074,0.768227403977672,85.93401884488507
SAU,2015,67.105269230059207,,,78.4307733758804,1.31618970402186,79.74696307990227
SAU,2016,57.9216635110364,,,77.5498175972453,1.42046701416935,78.97028461141464
SAU,2017,59.5319791578229,,,79.8468152028451,1.41508824303705,81.26190344588214
SAU,2018,59.1029104697141,,,80.9954096508223,1.23841153981194,82.23382119063423
SAU,2019,56.7938204886513,,,80.0531128894226,1.28729151886568,81.34040440828828
SAU,2020,47.533159225048,,,72.5938015741335,2.00497032043963,74.59877189457312
SAU,2021,50.8839263398787,,,76.6076971781348,1.63492146185275,78.24261863998755
SAU,2022,56.8241647749332,,,82.1937028956426,1.53347926710053,83.72718216274313
SAU,2023,55.7974682325487,,,81.3099851483006,1.5019514801573,82.8119366284579
SAU,2024,56.4049374147889,,,79.3976376511523,1.88115150595924,81.27878915711153
SEN,2002,53.1442994641329,7.1272,,22.9536344852393,5.91623145355821,28.86986593879751
SEN,2003,50.8212198933376,3.5365,,20.1132767842961,3.36692256599382,23.480199350289922
SEN,2004,53.6592031275529,0.9074,,19.4159848839727,3.85826880765766,23.27425369163036
SEN,2005,54.9032435689485,0.9247,,21.0595789242314,2.80799127270505,23.867570196936448
SEN,2006,54.1362378092613,4.3468,,0.0256212638117457,6.80535867111246,6.830979934924206
SEN,2007,59.2713043549794,12.8453,,19.2664367194943,4.09941776123282,23.365854480727123
SEN,2008,62.7617698176319,6.9127,,33.9702380175562,4.20945765759815,38.17969567515435
SEN,2009,52.3072908773365,2e-4,,21.8492344378644,3.07138060847192,24.92061504633632
SEN,2010,52.4578551962948,0,,20.9065266421233,3.52640976199386,24.43293640411716
SEN,2011,57.5768785989578,0,,14.7310775200693,3.70911760141206,18.44019512148136
SEN,2012,61.9753040040375,0,,14.2516041589205,4.10510228785388,18.356706446774382
SEN,2013,60.6267663596737,0,,16.5051008208846,4.11404798239952,20.61914880328412
SEN,2014,58.4425289760992,12.5049,,16.7618632956865,4.62550762872484,21.38737092441134
SEN,2015,58.1103376742017,13.0454,,13.8780481897626,8.13298380367881,22.01103199344141
SEN,2016,54.1081692072139,13.2678,,10.6879023669804,6.69316539977657,17.38106776675697
SEN,2017,57.8165678119905,11.7525,,14.7788676948201,7.51256460856649,22.29143230338659
SEN,2018,61.7898394793183,10.9369,,15.7717618687425,6.89623747146186,22.66799934020436
SEN,2019,64.2362506061005,8.346,,19.9087625078162,6.62308019774993,26.531842705566127
SEN,2020,60.0468716137065,6.7004,,15.9872308197167,6.7523481096606,22.739578929377302
SEN,2021,69.3759939883832,9.4341,,15.5262597724139,7.26296018851439,22.78921996092829
SEN,2022,79.3974220189679,10.1619,,18.2530882668501,8.67310693880965,26.92619520565975
SEN,2023,71.5942815846823,10.6871,,21.4769186750925,7.91160881238856,29.38852748748106
SEN,2024,68.2363510312865,9.6932,,32.7114577390774,7.85005360318967,40.561511342267075
SRB,2002,54.302882889577,19.9269,,3.40802673811775,12.147882359447,15.555909097564749
SRB,2004,72.2876162455649,11.5963,,2.40451085264827,10.8968524632872,13.30136331593547
SRB,2005,71.9925488520017,13.874,,3.65981095135982,9.20219714313351,12.86200809449333
SRB,2006,75.529235364472,11.2685,59.7859916996022,3.50689025126194,11.2944829162076,14.80137316746954
SRB,2007,72.7165875771534,8.5793,54.2288736398521,2.62105665377349,10.2945597528689,12.915616406642389
SYC,2002,156.9298895573,,,5.11482906087217e-4,0.00759101136635465,0.008102494272441866
SYC,2003,168.844235034216,,,0,4.87825584131394e-4,4.87825584131394e-4
SYC,2004,149.54093675029,,,0,0.00199689155454377,0.00199689155454377
SYC,2005,171.101735954764,,,0,0.0121100850364656,0.0121100850364656
SYC,2006,177.56693551462,,,0,0.0170288977704726,0.0170288977704726
SYC,2007,174.928462798259,,,0,0.0105438213706045,0.0105438213706045
SYC,2008,208.842968505327,,,0.00387831635301445,0.00644599682818596,0.01032431318120041
SYC,2009,221.933825358009,,,0.0564994412706798,0.00399654587486714,0.060495987145546944
SYC,2010,198.162692424328,,,0.00559864131435949,0.0538854067505307,0.05948404806489019
SYC,2011,210.075382747992,,,2.17181210393764,0.0181881223731395,2.1900002263107794
SYC,2012,222.178254853141,,,0.00150958117338773,0.117272480478865,0.11878206165225273
SYC,2013,196.517733268793,,,0.00216450373450432,0.0246570604130509,0.02682156414755522
SYC,2014,213.354469426486,,,0.00217217284401373,0.0111489055716854,0.01332107841569913
SYC,2015,187.475012467679,,,0.00220439189802751,0.00898335667236647,0.01118774857039398
SYC,2016,180.866188390939,,,0.00188380561331842,0.0220737111352172,0.02395751674853562
SYC,2017,197.442236417869,,,0.00647778733484981,0.265276042802722,0.2717538301375718
SYC,2018,185.7075372109,,,0.00456395366876338,0.208781439922779,0.2133453935915424
SYC,2019,173.407846880196,,,0.00303471337037221,0.209249092826996,0.2122838061973682
SYC,2020,153.48333156592,,,11.4058627211284,0.335907813524439,11.74177053465284
SYC,2021,183.77081501466,,,0.00229167892575641,0.623680740993814,0.6259724199195704
SYC,2022,191.578843890135,,,0.022545363592114,0.708125394858405,0.730670758450519
SYC,2023,183.842116553333,,,0,11.6900044741911,11.6900044741911
SYC,2024,175.872982613261,,,0,13.7185316539041,13.7185316539041
SLE,2014,51.1187772788807,14.907,41.9182090026415,0.0128489031725622,86.4196189147314,86.43246781790397
SLE,2015,36.4823958242319,13.7305,37.1624174752316,0,0.988737482926271,0.988737482926271
SLE,2017,41.5213782343591,10.8705,30.6035747879682,0.0564669332343084,9.23607569467904,9.292542627913347
SLE,2018,37.3774603119412,10.282,27.3394520213469,0.143317650742994,19.708507181177,19.851824831919995
SGP,2002,349.746013985676,,,7.78467758368727,1.08067169213012,8.86534927581739
SGP,2003,377.218564301581,,,8.48131703942424,1.07415745191144,9.55547449133568
SGP,2004,401.523712538509,,,10.0011141121373,1.1723248694138,11.173438981551099
SGP,2005,420.430512920559,,,12.1549708258777,1.04800700996418,13.20297783584188
SGP,2006,425.363399543019,,,13.0404528247468,1.35240730496431,14.39286012971111
SGP,2007,394.288471919078,,,13.704672783184,1.67461991104337,15.37929269422737
SGP,2008,437.326714891057,,,18.3182362913508,1.35326163797883,19.67149792932963
SGP,2009,358.192811828842,,,15.1717738189152,1.19344097453952,16.36521479345472
SGP,2010,369.685555787646,,,16.058408945022,1.17367084813641,17.23207979315841
SGP,2011,379.098631377539,,,19.4524947487215,1.18276920275837,20.635263951479867
SGP,2012,369.212965787665,,,18.1822013277449,1.04030328151159,19.22250460925649
SGP,2013,367.041780049019,,,16.9980670047224,1.18662500123941,18.18469200596181
SGP,2014,360.467319166237,,,16.5313373923587,1.15860012116163,17.68993751352033
SGP,2015,329.471398940262,,,12.1908650025812,1.23964372978781,13.43050873236901
SGP,2016,301.338866227561,,,11.0718628236027,1.09646722509989,12.16833004870259
SGP,2017,315.401433455385,,,12.8070800638533,1.0282289180264,13.8353089818797
SGP,2018,325.725809994853,,,13.1200446541319,0.872884059699682,13.992928713831583
SGP,2019,324.270088576625,,,12.2634428523157,0.723461507461781,12.986904359777482
SGP,2020,331.080556828077,,,8.08880118903498,0.715717514808364,8.804518703843344
SGP,2021,326.53325458764,,,10.0411260925957,1.19554185193546,11.23666794453116
SGP,2022,330.246917062891,,,12.7477293277122,0.955098805547699,13.7028281332599
SGP,2023,323.7012199919,,,12.3816136808707,0.809638959840998,13.191252640711697
SGP,2024,313.299377202408,,,11.1356295723316,0.731093287901306,11.866722860232906
SVK,2002,120.599168045888,,,6.05883962338184,3.08982972415369,9.148669347535531
SVK,2003,125.998506220804,,,5.19410482746844,2.42643979216738,7.62054461963582
SVK,2004,140.222460021585,,,6.40910906998355,2.87450444611421,9.283613516097759
SVK,2005,148.705461161746,,,5.87429697719751,2.544834523225,8.419131500422509
SVK,2006,164.992205726236,,,5.45263721046917,3.62702670437243,9.0796639148416
SVK,2007,166.580025216882,,,4.46472981907327,2.78073501654963,7.2454648356229
SVK,2008,162.464472991641,,,5.03913291432862,2.44430465149053,7.48343756581915
SVK,2009,136.714352092364,,,4.59005046152452,2.34997546535549,6.9400259268800095
SVK,2010,155.108497681586,,,5.32107029549182,3.06339387755563,8.38446417304745
SVK,2011,169.178076311066,,,6.3427617336085,3.09128794797588,9.43404968158438
SVK,2012,176.968958181431,,,5.93405507461835,3.09189867854254,9.02595375316089
SVK,2013,180.903136491458,,,5.49862698466683,2.21886544374219,7.71749242840902
SVK,2014,176.756316098132,,,4.49660509450053,2.25569773540476,6.75230282990529
SVK,2015,179.42602289503,,,3.56775283331613,2.07702257913598,5.64477541245211
SVK,2016,182.757379596201,,,2.73717751869443,1.73795322119081,4.47513073988524
SVK,2017,186.644687399549,,,3.34003905555557,2.0947752210728,5.434814276628369
SVK,2018,188.732964699496,,,3.01754578371017,2.058891979144,5.0764377628541695
SVK,2019,183.722608631236,,,2.91237113875992,2.02562522713495,4.93799636589487
SVK,2020,167.534173320366,,,2.40048974080195,1.82530337418008,4.22579311498203
SVK,2021,181.97948448512,,,3.20008877955479,2.33537749533956,5.53546627489435
SVK,2022,204.056318531151,,,5.17128070125546,2.14228590243134,7.3135666036868
SVK,2023,181.39087235645,,,3.49514675824369,1.48495237277126,4.98009913101495
SVK,2024,171.212800151635,,,3.9692718459897,1.74565593994345,5.71492778593315
SVN,2002,104.880458289416,,,1.08354752383758,3.77904706345591,4.86259458729349
SVN,2003,103.280027127626,,,1.35327299535994,3.78112943777451,5.13440243313445
SVN,2004,112.399933466762,,,1.59552100048804,4.22241608055866,5.817937081046701
SVN,2005,121.127284217914,,,2.08257850226108,4.7822162511827,6.86479475344378
SVN,2006,130.517913086158,,,2.68558003854683,5.92423324066306,8.60981327920989
SVN,2007,137.66309435102,,,1.93255674677519,5.53923909402388,7.47179584079907
SVN,2008,135.387093664802,,,3.00499594144832,4.52088443668789,7.525880378136209
SVN,2009,114.482301023638,,,3.24574769598826,3.61372711076552,6.85947480675378
SVN,2010,128.606575425363,,,4.23077929584745,4.75514904527604,8.98592834112349
SVN,2011,140.332355750319,,,5.73633703059595,4.85705661189599,10.59339364249194
SVN,2012,143.656448572975,,,6.44555755032785,4.71471141059676,11.16026896092461
SVN,2013,145.168789432403,,,6.64007469250151,4.47652028853792,11.11659498103943
SVN,2014,146.471705096746,,,6.13707236135344,4.29552333310219,10.43259569445563
SVN,2015,147.218367714503,,,5.30512694060918,4.4784313285968,9.78355826920598
SVN,2016,148.238448080388,,,4.51020963826692,4.06286659046935,8.57307622873627
SVN,2017,158.70213584467,,,4.90399470047748,4.09263687333458,8.99663157381206
SVN,2018,162.613493975851,,,5.20932753188527,4.2822692607303,9.49159679261557
SVN,2019,160.044275685249,,,5.29699863123313,4.02979133902762,9.32678997026075
SVN,2020,147.549008584942,,,3.055900555541,3.63692852871633,6.69282908425733
SVN,2021,161.788727511439,,,4.10788382179874,4.34050714716847,8.44839096896721
SVN,2022,186.647076274632,,,7.89672737373254,3.90301974294686,11.7997471166794
SVN,2023,160.1596693009,,,5.56004798300167,3.13835009485939,8.69839807786106
SVN,2024,155.657928684474,,,4.65788147025927,3.02692030138335,7.68480177164262
SLB,2003,55.9586076145116,4.4521,20.4180704849402,3.83394351125216e-4,0.0410792651000092,0.041462659451134413
SLB,2004,62.8118968234281,6.7184,44.4292402215672,0,0.0284651218928002,0.0284651218928002
SLB,2005,66.5710774479487,9.1335,56.6497546149963,0.0190138586134433,0.0445471208959641,0.0635609795094074
SLB,2006,69.7893995920413,8.9125,59.6679275138549,0,0.0315310922323191,0.0315310922323191
SLB,2009,71.8849537891287,1.4631,84.6565303578218,1.2908280404646e-4,0.0455196295381308,0.04564871234217726
SLB,2010,96.1485545423385,1.738,115.20147215912,0.00230553770936948,0.145449273451894,0.1477548111612635
SLB,2011,107.24751599476,4.9906,160.103309366144,0.00377501229815091,0.231026951563001,0.2348019638611519
SLB,2012,104.823434628967,0.877,218.681024610626,0.00286407112644014,0.481516704333512,0.4843807754599522
SLB,2013,99.6074605551315,1.4707,255.170886976345,0.00744121369103079,0.286397571590278,0.2938387852813088
SLB,2014,93.4534073008692,7.9848,264.457838260241,7.58573980473933e-4,0.382901213722633,0.38365978770310694
SLB,2015,88.1884859107326,10.4717,250.436733369586,4.61049174268891e-4,0.709884794452891,0.7103458436271599
SLB,2016,85.54984577725,13.155,194.801297935845,4.37407361149661e-5,0.162552546552045,0.16259628728815997
SLB,2017,82.1974922027324,8.6362,177.984434508135,5.00466251375634e-6,4.22408530148576,4.224090306148273
ZAF,2002,53.4655016294369,22.9458,22.2700386591269,12.0727131541814,11.2346894321467,23.307402586328102
ZAF,2003,45.723862568979,27.9084,20.3276472343496,9.8173484464874,19.0277419846124,28.845090431099802
ZAF,2004,45.6435752240041,30.7792,33.8219233498875,9.10044404774694,21.9852655048325,31.08570955257944
ZAF,2005,47.4277813970329,38.9445,45.7355548037697,10.3556169994696,22.2629845616509,32.6186015611205
ZAF,2006,53.7681412741145,42.1022,44.1668314033607,9.50001852429468,28.4686593780611,37.96867790235578
ZAF,2007,57.125139137747,40.1348,45.2114739567134,10.5565719826577,29.3348942321308,39.8914662147885
ZAF,2008,65.9745237996233,42.2761,45.8671013222691,9.62652463034354,29.0413837735149,38.66790840385844
ZAF,2009,49.5875353278801,34.5844,46.9310779206797,11.1812947177261,29.2198675573527,40.4011622750788
ZAF,2010,50.4060871625999,27.8096,37.9948038167468,10.7102338605923,28.2409908532572,38.9512247138495
ZAF,2011,54.6363504358971,23.6172,39.2667554741774,10.535512006307,28.0454412835201,38.5809532898271
ZAF,2012,55.5826171933345,24.6549,34.2555684661855,11.4220012610139,25.2999847349273,36.721985995941196
ZAF,2013,58.875027630051,25.5854,35.0919859143031,10.704185952183,27.8724763359246,38.5766622881076
ZAF,2014,59.4995740550593,28.4264,32.8947931862437,10.1834786043196,24.2293790861848,34.412857690504396
ZAF,2015,56.7266761447156,28.981,35.9187018068811,9.75395048126192,23.2733809317436,33.02733141300552
ZAF,2016,55.8612575048782,25.8228,32.7506619677507,9.83410485960525,22.069403504453,31.903508364058247
ZAF,2017,53.5359318293741,23.36,28.9803615189887,12.0071561154403,24.185244340361,36.1924004558013
ZAF,2018,54.4855451276341,26.5647,28.6590572828737,10.9922042428029,25.6101432342632,36.602347477066104
ZAF,2019,53.8979964081406,23.3271,28.8631719153705,10.050875262098,28.4545998457312,38.5054751078292
ZAF,2020,50.7596590804177,21.1352,31.3568350032757,8.10609432073402,31.4389170033873,39.54501132412132
ZAF,2021,56.1647136277546,21.4178,33.991161210797,8.68304384294431,37.7780356859312,46.46107952887551
ZAF,2022,64.94713440234,25.0093,35.260316224232,14.3272920099043,31.5450035556722,45.8722955655765
ZAF,2023,65.6798759740707,25.4577,37.6820466410088,10.7279305896972,29.1169283744823,39.8448589641795
ZAF,2024,61.646770473025,26.6228,37.2010311106082,9.60851603889865,29.1712554651673,38.77977150406595
ZAF,2025,60.9110971393628,,,8.21099773633968,30.3392517456071,38.55024948194678
ESP,2002,55.1021415309759,,,2.60672035617192,2.02416535084025,4.630885707012171
ESP,2003,53.4357897202258,,,3.05533457844303,1.98483622334095,5.04017080178398
ESP,2004,54.4795182656074,,,3.78571549652604,2.00605504938666,5.7917705459127
ESP,2005,54.6991667043772,,,4.34620832186207,2.46943236876249,6.81564069062456
ESP,2006,56.0839263823216,,,4.60264900576493,3.19753365298321,7.80018265874814
ESP,2007,57.6269487657546,,,4.8114865843448,2.95925759273902,7.77074417708382
ESP,2008,55.8281315172523,,,6.61111921226571,2.70479062059669,9.3159098328624
ESP,2009,46.8366899971109,,,4.60706504658886,2.49931426717884,7.1063793137677
ESP,2010,52.6933699734019,,,5.21853657306203,3.38387629327614,8.60241286633817
ESP,2011,58.5118228859632,,,6.34959376901464,3.83147061891332,10.181064387927961
ESP,2012,60.5540346961864,,,7.66160598985677,3.746022846104,11.40762883596077
ESP,2013,61.6687726441327,,,7.07385916029595,3.41226150663797,10.486120666933921
ESP,2014,63.39926213895,,,7.49300278485712,3.37388702291901,10.866889807776131
ESP,2015,63.5820412248232,,,5.17263082839127,3.431949189632,8.60458001802327
ESP,2016,63.1886778507294,,,4.06976370711053,3.12394579217233,7.1937094992828605
ESP,2017,66.167446137857,,,5.82886221239074,3.72813715185895,9.55699936424969
ESP,2018,67.0094103982921,,,6.55643130447885,3.78115212635428,10.33758343083313
ESP,2019,66.3662250440692,,,6.17053042090891,3.47791209244656,9.64844251335547
ESP,2020,59.4461280147076,,,4.04918305116398,3.20291695687462,7.2521000080385996
ESP,2021,66.524588943191,,,6.00550281136412,3.88819800713491,9.89370081849903
ESP,2022,78.4657338703054,,,8.748152923734,3.70351654042085,12.45166946415485
ESP,2023,71.7976366055733,,,6.80944454760639,3.20080590303441,10.0102504506408
ESP,2024,69.9502612382631,,,5.79530570621524,3.42743394375482,9.222739649970059
LKA,2002,76.3351317826517,9.3255,16.8444680512211,0.304586211573665,1.86793085461174,2.1725170661854047
LKA,2003,75.336247330543,7.0669,21.7581848372383,0.0186247651649952,2.85516105965057,2.8737858248155654
LKA,2004,79.4829449011187,8.8876,19.0068005430546,0.150369711535244,3.12078954906743,3.271159260602674
LKA,2005,73.6039729580533,6.8329,24.2029671201775,0.00821077727954495,3.6175738210404,3.6257845983199446
LKA,2006,71.2611784883009,5.834,23.8926075524645,0.11625628378638,1.82413360827755,1.94038989206393
LKA,2007,68.6065116601391,9.4441,24.8452675211771,0.0283395744133274,2.1019368588222,2.1302764332355273
LKA,2008,63.369043608222,16.6966,16.0320332012605,0.0214090522245665,1.65493324221432,1.6763422944388864
LKA,2009,49.1491415308235,18.2192,27.4484977933376,0.0294628619921436,1.41195321485931,1.4414160768514535
LKA,2010,,11.1399,33.1824783035151,0.15783503417986,0.875207413596527,1.033042447776387
LKA,2011,,13.862,26.1255953673826,0.440288017795888,0.611659075040682,1.05194709283657
LKA,2012,,17.9623,19.8860491688514,0.359491962840932,0.757834426205087,1.117326389046019
LKA,2013,,17.234,19.0761089701795,0.316453474817973,0.621745135398051,0.938198610216024
LKA,2014,,17.3318,19.427124467104,2.6384817081413,0.555241520911473,3.193723229052773
LKA,2015,46.9179708088698,17.2733,16.6233164182209,1.80834526900714,0.537232352990438,2.345577621997578
LKA,2016,46.4715370250761,15.886,12.8757962849015,1.60024589595184,0.597589673351454,2.197835569303294
LKA,2017,47.1404098001494,15.7797,15.6777039844927,2.5584319412636,0.778839492862646,3.337271434126246
LKA,2019,49.4255238852768,15.0426,13.6287911430045,2.85971752760838,0.73801712721378,3.59773465482216
LKA,2020,37.0891188568192,14.7622,9.95865627802019,2.73757863569001,0.552811053515783,3.290389689205793
LKA,2021,41.2288463294978,14.6851,5.34029778106969,1.92719188762874,0.681639263401587,2.608831151030327
LKA,2022,46.6826080179359,14.6283,3.22934612583032,2.25446590051031,0.67746966890084,2.93193556941115
LKA,2023,43.3476681195134,12.0528,7.27580860908277,3.22549312462179,0.599148181330232,3.8246413059520217
LKA,2024,42.1196098331113,10.2379,10.723581895283,3.43981418083681,0.566958693554718,4.006772874391528
KNA,2002,,,,0.0137734167481874,0.0425300579747911,0.056303474722978496
KNA,2003,,,,0.00599353607026028,0.00931644656773286,0.01530998263799314
KNA,2004,,,,0,0.0211463460843657,0.0211463460843657
KNA,2005,,,,0,0.00253207213112203,0.00253207213112203
KNA,2006,,,,0.110972709836761,0.0117410235455413,0.12271373338230229
KNA,2007,,,,0,0.0794212512445077,0.0794212512445077
KNA,2008,,,,6.97416001647576e-6,1.42210561839958,1.4221125925595963
KNA,2009,,,,1.06885636857759e-4,5.4969756098276e-5,1.6185539295603498e-4
KNA,2010,,,,0.00330405564570371,0.125152371407093,0.12845642705279672
KNA,2011,,,,0.00659375773280658,0.0966496001817182,0.10324335791452478
KNA,2012,,,,0.00891954955625865,0.663710320981995,0.6726298705382536
KNA,2013,,,,5.74331406451465e-4,0.25645333126574,0.25702766267219146
KNA,2014,,,,0.00157014128585019,0.0467042406053462,0.048274381891196386
KNA,2016,,,,3.82770768561946e-4,0,3.82770768561946e-4
KNA,2017,,,,0.0268583062948506,0.00218395725279318,0.02904226354764378
LCA,2002,,30.3505,32.0188627337819,4.65779722708289e-6,0.20453086293705,0.20453552073427708
LCA,2003,,31.9054,31.5554491624967,0,0.787650852471263,0.787650852471263
LCA,2004,,30.0515,36.5410973523452,0,1.94223944219887,1.94223944219887
LCA,2005,,41.6285,27.5287248480789,0.00100535863731771,1.11631436129806,1.1173197199353777
LCA,2006,,31.1421,35.8105232551518,0.00131823671963586,1.19845807486672,1.1997763115863558
LCA,2007,,36.0325,31.9572681510315,0.00988460952761213,3.16042707918615,3.170311688713762
LCA,2008,,61.4521,17.0401286002143,0.0244756326544062,5.30678657115583,5.331262203810236
LCA,2009,,19.275,39.8342056668462,0.043728191256287,1.08884936114442,1.1325775524007071
LCA,2010,,38.5279,35.2705343424899,0.0148817020539109,2.19040487440918,2.205286576463091
LCA,2011,,21.9242,46.8227490348595,0.0119591230817601,2.78501702156017,2.79697614464193
LCA,2012,,10.2201,53.6088875220746,0.00748242101936943,4.96253255078906,4.970014971808429
LCA,2013,,15.0825,40.1018533203627,0.015304192223615,4.18877073461455,4.204074926838166
LCA,2014,,21.9074,47.9713474492124,0.217435779830686,9.40543475850765,9.622870538338335
LCA,2015,,14.482,59.9154310937296,0.333602934278503,5.63058112994969,5.964184064228194
LCA,2016,,14.9927,56.1965316647223,2.23779823283694,1.58011911213473,3.8179173449716703
LCA,2017,,16.6978,51.7397390953929,5.61684465419438,2.91551437375661,8.53235902795099
LCA,2018,,14.803,46.4380805084844,3.45461978250823,4.69292529223214,8.14754507474037
LCA,2019,,11.7327,40.8294471387308,3.50822670156863,4.92284119131449,8.431067892883119
LCA,2020,,10.6091,31.5275873719674,3.40129879745195,5.53904086850376,8.94033966595571
VCT,2002,,1.3454,30.2912709575176,0.00178779058218407,0.0534957706613413,0.05528356124352537
VCT,2003,,1.615,25.6892570126793,0,0.001395085630749,0.001395085630749
VCT,2004,,1.5553,32.7956746108389,0,0.133162897071613,0.133162897071613
VCT,2005,,1.6947,27.5303907327682,3.30114442424327e-4,0.00309777034810686,0.003427884790531187
VCT,2006,,0.2,31.9764610993267,0,0.0427757262012383,0.0427757262012383
VCT,2007,,0.7621,42.3979628011596,0,0.265095739534328,0.265095739534328
VCT,2008,,0.0752,36.2405035854215,0.00922107011131294,1.14826437926426,1.1574854493755729
VCT,2009,,0.2084,35.7282461205811,0,1.69667310572261,1.69667310572261
VCT,2010,,4e-4,37.9365095044543,9.84389652510453e-4,1.92629512001782,1.9272795096703303
VCT,2011,,0.0048,29.3392187381065,4.06347277908394e-4,1.36661867422287,1.3670250215007784
VCT,2012,,0.0051,38.0432987867203,0.00213569092699155,2.45168953411327,2.4538252250402617
VCT,2013,,0,42.2228154924916,0.00117666872751556,0.721602537320296,0.7227792060478115
VCT,2014,,0,44.0287156478163,4.81629370627451e-4,0.135554960686441,0.13603659005706845
VCT,2015,,0.0315,44.7018757640879,8.85660871928843e-4,0.296389267761542,0.2972749286334708
VCT,2016,,1.1327,53.2075835511006,0.0075001228049118,0.107003458529325,0.1145035813342368
VCT,2017,,0.0965,51.2328914454022,4.936099721061e-5,0.189189733197777,0.1892390941949876
VCT,2018,,0,51.3623393439773,1.56746171494033e-4,0.4323342066836,0.43249095285509404
VCT,2019,,0,56.7825068681889,0.0355111551676567,0.561131287387612,0.5966424425552687
VCT,2020,,11.9557,45.4291950086721,5.66106728655353e-4,0.50565329870237,0.5062194054310253
VCT,2021,,10.9339,54.5828306113621,0.00896749106470206,0.29005424716515,0.29902173822985206
VCT,2022,,10.6786,51.2735246474554,0.127187932824762,0.20767748079,0.334865413614762
VCT,2023,,9.492,40.1692458115115,0.0296524826098655,0.575679248473049,0.6053317310829145
SDN,2002,25.6255617213052,29.9448,1.54094033528764,69.154548147896,0.330233190585116,69.48478133848111
SDN,2003,26.4402280670553,31.346,3.05170063464863,79.3941833513699,0.41099560051547,79.80517895188538
SDN,2004,30.4323376195052,32.6525,7.26989488808125,82.4299602575403,0.59751495834652,83.02747521588682
SDN,2005,35.8715914021946,32.6521,10.5743666457027,85.9564188906075,0.402155047754506,86.358573938362
SDN,2006,36.2025936172703,32.118,8.93430969007924,89.8084265113846,0.349035372679534,90.15746188406413
SDN,2007,34.4033361615632,32.6324,6.887327581023,94.5522940026881,0.335207865383974,94.88750186807208
SDN,2008,36.7410978273835,32.9842,6.79679533174035,94.4501109296076,0.545178576144779,94.99528950575238
SDN,2009,32.7808783344833,31.7519,5.1227563272712,91.2006730418623,0.249499824867255,91.45017286672956
SDN,2010,32.728309950035,32.2735,4.58658478176806,84.9525613268194,0.214431109195651,85.16699243601505
SDN,2011,27.512339023518,25.7268,0.897121953232508,82.485132408608,0.400279894271093,82.88541230287909
SDN,2012,21.8561745247301,25.1792,0.872499230027041,0.00542955620642858,1.04079144900625,1.0462210052126786
SDN,2013,26.8585245020134,24.3009,0.849223562469715,5.0106381194167,0.0836333261397869,5.094271445556487
SDN,2014,20.8451090041313,24.2576,0.825859013638499,50.1544816247277,0.558258819063773,50.712740443791475
SDN,2015,18.3782728546541,23.8005,0.801179172293315,53.7125503293282,0.421694483467272,54.13424481279547
SDN,2016,15.2816698903461,24.0608,0.78780750521544,10.625447909553,2.23902261626485,12.86447052581785
SDN,2017,17.8313898297102,24.7118,0.809900680014072,12.9417898676253,0.818729040062267,13.760518907687567
SDN,2018,21.8679187274323,25.225,,14.3046984999341,0.686044401891745,14.990742901825845
SUR,2002,,,,2.3515328254537,0.186358015395229,2.5378908408489287
SUR,2003,,,,1.47668364193191,0.101216137699506,1.577899779631416
SUR,2004,,,,2.11062852087501,0.181339482302297,2.291968003177307
SUR,2005,,,,2.87744571746287,0.146094386423322,3.0235401038861918
SUR,2006,98.1681931723564,,,4.73431803965722,0.227621018985144,4.961939058642364
SUR,2007,101.377000372162,,,4.50358008606127,0.350272925378514,4.853853011439783
SUR,2008,109.166838523407,,,10.9907802662005,0.302921501407796,11.293701767608297
SUR,2009,87.9206617785298,,,4.49743857000698,0.264139279409153,4.761577849416133
SUR,2010,90.9613941465855,,,13.0155883378502,0.256200614780289,13.271788952630489
SUR,2011,,,,8.96836701330816,0.360168963523823,9.328535976831983
SUR,2012,,,,5.31565595692279,0.430536274855499,5.74619223177829
SUR,2013,,,,8.01445757640754,0.369679086339385,8.384136662746926
SUR,2014,,,,10.6347481949111,0.348019789328195,10.982767984239295
SUR,2015,,16.3148,12.8873554300331,7.86774138635102e-4,0.20871706618307,0.2095038403217051
SUR,2017,,10.193,13.5745027863987,6.82415992288861,0.329613334121727,7.153773257010337
SUR,2018,,9.0775,16.4054337631284,0.0125714234070272,0.316538273973665,0.32910969738069223
SUR,2019,,9.1502,16.4972333965209,0.00152713645779294,0.32483152120101,0.32635865765880295
SUR,2020,,9.0898,15.0529871757294,9.14915962686836e-4,0.237126388461746,0.23804130442443283
SUR,2021,,12.2623,23.9708210484945,3.32497522013282,0.760178456916599,4.085153677049419
SUR,2022,,9.8281,28.4776315782815,7.16006554262453,0.549141405957667,7.709206948582197
SUR,2023,,5.0821,33.2576107703889,0.0169201822896738,1.10150303041812,1.1184232127077938
SUR,2024,,,,3.1404327843252,3.9843319988084,7.1247647831336
SWE,2002,77.0853186972402,,,2.89073046611425,2.4167864230731,5.30751688918735
SWE,2003,75.3282174864238,,,3.12791621451129,2.33474581873445,5.46266203324574
SWE,2004,78.7358819187356,,,3.84503652460961,2.65485241504412,6.499888939653729
SWE,2005,84.167923018031,,,4.97850612726257,3.08552531635167,8.06403144361424
SWE,2006,88.3302608918239,,,5.57557405608037,3.8634693315986,9.43904338767897
SWE,2007,89.5469236610223,,,4.97189729555259,3.88152149242944,8.85341878798203
SWE,2008,92.8083687095596,,,7.36848254501507,3.99775423131116,11.366236776326229
SWE,2009,81.958313967393,,,6.14691587571342,3.70919048007781,9.85610635579123
SWE,2010,85.0914849272733,,,6.98170290674573,4.81890262733144,11.800605534077171
SWE,2011,86.3907448060188,,,7.30520174490473,5.21123306380418,12.51643480870891
SWE,2012,85.2980605424359,,,9.38407844374559,5.2789312392961,14.66300968304169
SWE,2013,81.6402521329964,,,7.84874568644373,4.66026191009486,12.509007596538591
SWE,2014,83.8229810483527,,,8.08175321120022,4.67743376747936,12.75918697867958
SWE,2015,84.1730765958171,,,6.17712163770696,4.00896573366298,10.18608737136994
SWE,2016,83.4519478574149,,,5.64525345959308,3.99595434992421,9.64120780951729
SWE,2017,86.0693088740521,,,6.43406589912351,4.76473096014425,11.198796859267759
SWE,2018,90.4087142361701,,,7.4346745116462,4.56420997427681,11.99888448592301
SWE,2019,92.7511390290561,,,6.36260198244691,4.37747790322695,10.740079885673861
SWE,2020,84.4745958141618,,,4.5414669608976,4.98753114074155,9.52899810163915
SWE,2021,91.110237441304207,,,6.95473124929989,6.00596153517669,12.96069278447658
SWE,2022,107.111751826512,,,10.1622003847406,5.48872826646114,15.650928651201742
SWE,2023,107.619709443974,,,7.47686102725083,5.1056533111485,12.58251433839933
SWE,2024,105.967492313344,,,7.12163407305459,5.53625805390112,12.65789212695571
CHE,2002,90.8996540981166,,,2.01166143611286,3.64695686219904,5.6586182983119
CHE,2003,89.7492121342442,,,2.01154346324827,3.06662604068372,5.07816950393199
CHE,2004,95.0327601603667,,,1.85628442811306,3.12039211621662,4.97667654432968
CHE,2005,101.668892487876,,,2.13026998220451,2.72136103638806,4.85163101859257
CHE,2006,105.761916866753,,,2.53655172319853,3.5014418517828,6.03799357498133
CHE,2007,112.709971761703,,,2.10764465051033,3.05194762079875,5.15959227130908
CHE,2008,116.342641744869,,,2.55296088355365,3.05437539041993,5.60733627397358
CHE,2009,109.062731270231,,,2.39168704251515,2.39258904866423,4.784276091179381
CHE,2010,119.202460523177,,,2.81909988892528,4.0129442729803,6.83204416190558
CHE,2011,125.047367558638,,,3.11448555253805,3.71805123531328,6.83253678785133
CHE,2012,125.865940588688,,,2.34454491424553,2.92128708262365,5.26583199686918
CHE,2013,132.800535321539,,,1.01914238115344,2.40172909909558,3.42087148024902
CHE,2014,119.230530793932,,,1.11392904766745,2.20032513980616,3.31425418747361
CHE,2015,116.370019931647,,,0.949399913937568,1.63770810947011,2.587108023407678
CHE,2016,122.941735178779,,,0.61728947027059,1.47295448047255,2.0902439507431403
CHE,2017,122.948395589146,,,0.691126392932899,1.63892100363295,2.330047396565849
CHE,2018,123.499829706856,,,0.936365801100422,1.69967135131589,2.636037152416312
CHE,2019,123.022509832864,,,0.812850763704472,1.88762308659221,2.7004738502966816
CHE,2020,121.451100609762,,,0.610244776322465,1.99548928724067,2.605734063563135
CHE,2021,128.004119652561,,,1.12619429120116,2.17657553050765,3.30276982170881
CHE,2022,136.235871048363,,,2.46227430117859,1.92124997304165,4.38352427422024
CHE,2023,129.7371945484,,,1.46216131906984,1.56807129365079,3.0302326127206296
CHE,2024,130.354516041578,,,1.20770479250597,1.49057879417026,2.6982835866762303
SYR,2002,71.2388878454941,,,72.166474936787,0.827703116152759,72.99417805293976
SYR,2003,61.5469905405418,,,71.3450037704146,0.869046643727821,72.21405041414243
SYR,2004,78.1150532903158,,,67.6287275526281,1.06286010191439,68.6915876545425
SYR,2005,80.1330802847908,,,67.8265560151955,1.25954881691309,69.08610483210859
SYR,2006,74.2051735962788,,,40.3468565868188,1.15322881237854,41.500085399197346
SYR,2007,76.3793296606986,,,41.1071680586458,1.16946728726448,42.27663534591028
SYR,2008,74.2279603412154,10.86,330.019615312397,38.5735492232992,4.09131667695063,42.664865900249836
SYR,2009,59.9438413962102,13.3652,321.700833818135,37.8241187413365,2.20676154252829,40.03088028386479
SYR,2010,64.0101621944449,10.655,391.009144584658,49.8858724288123,2.663429877637,52.5493023064493
TJK,2014,54.6071596053705,22.7272,10.0052716247837,5.51644345733579,51.6850011417489,57.20144459908469
TJK,2015,49.9378160689555,18.6719,9.59135028684938,5.49192101578871,42.6690219316894,48.16094294747811
TJK,2016,55.7246446907573,15.7104,12.4459793126469,5.81923896321381,51.5458244203429,57.365063383556716
TJK,2017,53.7861046057767,16.9016,22.0246508212244,5.25467690168705,62.2793348129521,67.53401171463915
TJK,2018,55.8461114113303,14.4913,21.0964455514831,7.36617456242305,58.7751933427573,66.14136790518035
TJK,2019,56.0450159145896,20.5635,22.1069491176953,3.98604005919133,56.9267333181742,60.91277337736553
TJK,2020,55.7491040194954,16.2562,32.4220210889045,7.8481141362019,48.1251680938906,55.9732822300925
TJK,2021,71.825937435383,7.7035,37.9141586656127,6.50457125272094,40.4377820028109,46.94235325553184
TJK,2022,65.4355115893577,9.3024,57.2221942548859,7.0095165575397,62.3955743796389,69.4050909371786
TJK,2023,65.6347010367354,6.1138,50.141132083886,8.01704211635926,52.7838225011079,60.800864617467155
TZA,2002,27.4992172734904,9.9449,21.7087584987869,0.0812585603414405,8.74938757282012,8.830646133161562
TZA,2003,30.4488358249326,11.2623,27.8299260045952,0.0582492548746596,6.17005787028101,6.22830712515567
TZA,2004,33.609786736665,13.0828,26.5896754698464,0.12217167726015,8.33073598329359,8.45290766055374
TZA,2005,36.9592732894013,11.9028,24.3086988515947,0.129026854555102,7.65185121660297,7.780878071158072
TZA,2006,42.7681664691467,24.3555,54.9922000710872,0.145882226834011,11.1375397749838,11.283422001817812
TZA,2007,48.0583947796554,20.5594,57.2468510771602,0.644600677919283,12.6269052492145,13.271505927133784
TZA,2008,49.0265445510865,22.2735,47.4419338334306,2.21753896919901,12.7364924429117,14.95403141211071
TZA,2009,43.5326006456317,18.0612,44.7215566059687,0.710369569143214,17.8323997537099,18.542769322853115
TZA,2010,47.6404394295683,15.5367,43.6750348214826,1.90135698578723,25.4274314948111,27.32878848059833
TZA,2011,56.1661241821809,16.2561,36.7844529619566,0.757162545025763,22.5778719904617,23.335034535487463
TZA,2012,54.3689490815138,17.2574,33.6235105791728,1.25025665065363,16.2993206590418,17.54957730969543
TZA,2013,48.6316275295495,11.2296,33.4539175706276,2.25065372364093,10.0805702581627,12.33122398180363
TZA,2014,45.3560223433065,11.593,26.7848466467843,1.67367486325445,13.3403283009553,15.014003164209749
TZA,2015,40.7576808778314,12.1677,22.2483682552389,2.19577000835359,9.71497005387568,11.91074006222927
TZA,2016,35.4204704002636,13.2222,22.276090326466,0.872530009193527,7.39038816130408,8.262918170497606
TZA,2017,33.1125919853124,12.8783,27.2376304885537,1.13284838395326,2.37246365533661,3.50531203928987
TZA,2018,32.6426099043737,12.5099,22.3144990122985,0.886836468069654,1.33472814164304,2.221564609712694
TZA,2019,33.0185892502311,12.4604,,0.824331183688424,1.19349009849919,2.0178212821876143
TZA,2020,27.9630151969884,13.3569,,0.824710521238149,7.16842722557704,7.993137746815189
TZA,2021,29.9151840074048,13.4357,,0.912020513109267,3.952845900026,4.864866413135267
TZA,2022,35.0034517101994,14.6731,,3.08582937747335,5.47998490709586,8.56581428456921
TZA,2023,38.212034806339,13.1664,,3.5711825305577,4.97181072389695,8.54299325445465
TZA,2024,41.3081068648568,9.3084,,2.24873032924646,5.64619619149418,7.89492652074064
THA,2002,114.969743021067,18.9424,61.8277187702912,2.6712090250728,1.11668522195147,3.78789424702427
THA,2003,116.692819704865,18.7432,72.1293890627082,2.64684449404633,0.989806399078282,3.636650893124612
THA,2004,127.411873720393,19.6656,85.3293688916739,3.54811625679733,1.1496641197681,4.697780376565429
THA,2005,137.853866832247,27.3627,88.9808326110292,4.3299915080277,1.24270806747185,5.572699575499549
THA,2006,134.086946191268,28.4008,106.842438623616,4.98295530009268,1.50426840498653,6.48722370507921
THA,2007,129.873226989717,28.9679,138.502212070852,4.45405635204966,1.78117708143106,6.23523343348072
THA,2008,140.437011540931,30.6637,166.408794884002,6.42325899751744,1.2994420060433,7.72270100356074
THA,2009,119.269418854589,41.1268,171.03335253961,5.10728746220298,1.06440966686133,6.17169712906431
THA,2010,127.250522638251,47.2697,160.524914767394,4.9376917798405,1.27347411007709,6.21116588991759
THA,2011,139.675407224576,40.1835,148.614328620024,5.62505333864812,1.38498108484036,7.01003442348848
THA,2012,137.67493851024,38.493,120.070545144059,6.50877994657611,1.31509391319902,7.82387385977513
THA,2013,132.462274174269,40.236,108.708853318396,6.26560639926067,1.28548754173568,7.55109394099635
THA,2014,130.905495444398,38.1476,106.968034122092,5.26621612167818,1.3163815435656,6.582597665243781
THA,2015,124.839662152526,35.1282,127.215088660496,3.93607403286042,1.13618740026878,5.072261433129199
THA,2016,120.57522728913,35.0876,131.052514009653,2.90326663511656,1.19789494768318,4.10116158279974
THA,2017,120.891427433638,38.6481,131.88535442564,3.48826255211954,1.48384617050478,4.97210872262432
THA,2018,120.841864730984,31.3347,119.488644090048,4.22547410116581,1.61255552650403,5.83802962766984
THA,2019,109.689514715166,30.139,133.069785385635,3.44094593348334,1.64938216526872,5.09032809875206
THA,2020,97.6624419371158,34.65,138.122709930963,2.65541449875509,1.85814213636656,4.51355663512165
THA,2021,117.131472183199,31.9144,125.091815262929,3.58403042035946,2.56033524529213,6.1443656656515895
THA,2022,132.813458288082,33.9776,107.684258951183,3.88472768383787,2.64263355598009,6.52736123981796
THA,2023,128.792359690165,35.3588,115.294555805185,3.86700213725135,2.33563248838574,6.20263462563709
THA,2024,135.724935837766,36.1742,123.514160762489,3.42247697644995,2.78898927714551,6.21146625359546
TLS,2004,107.330819562041,0,,0,1.43426258249878e-4,1.43426258249878e-4
TLS,2005,74.6712513087646,0,,0,0,0
TLS,2017,58.6347507796182,2.3915,437.218013480747,2.00942216935424,0.259350202320542,2.268772371674782
TLS,2018,64.8191831225499,1.6386,426.368892149188,0.00850496745962208,0.319096505701208,0.3276014731608301
TLS,2019,70.6142440551536,0.7359,322.624814377322,83.1835532250999,0.0441639666989068,83.2277171917988
TLS,2020,84.7503111042388,0.1867,288.043220159994,93.5117422163185,0.0206415451127129,93.5323837614312
TLS,2021,99.8600009384765,0.3768,351.72646035033,93.1332287570022,0.0174046353746236,93.15063339237682
TLS,2022,97.621108820704,0.1173,303.457313947374,68.6133661101721,0.018868788949626,68.63223489912173
TLS,2023,89.3046490972644,3.0548,269.934648635984,67.3710544691603,0.063626117225633,67.43468058638594
TGO,2002,51.609565282441,12.4503,,0.533479697726589,16.7416940474733,17.275173745199886
TGO,2003,55.389978417259,10.1581,,0.346442128078205,9.24136066925989,9.587802797338096
TGO,2004,57.8710938708872,10.6497,,0.366559632933694,12.6916701690283,13.058229801961993
TGO,2005,61.4542800128481,12.9052,,1.24822513505645,10.2685491438283,11.51677427888475
TGO,2007,61.7740721086659,15.7748,,0.00463204022037913,12.7952856450931,12.79991768531348
TGO,2008,62.3076674472105,6.5845,,7.3944656246369,18.3558829810484,25.7503486056853
TGO,2009,62.210419994299,2.7158,,0.0360564758677565,19.4071524468103,19.443208922678057
TGO,2010,66.7974885937104,3.0123,,0.0996200817549501,13.0495189234842,13.14913900523915
TGO,2011,77.732312664143,0.9077,,0.717613946994863,14.2058822449102,14.923496191905063
TGO,2012,75.7132085684163,6.5173,,1.8449525964001,17.9715547687622,19.8165073651623
TGO,2013,82.1477877564195,9.3485,,0.995085721621672,19.0603278855612,20.05541360718287
TGO,2014,70.9156517502517,8.5968,,1.39324210617526,19.9518236467291,21.34506575290436
TGO,2015,69.1281378813376,5.7343,,4.63562887731634,12.9963915509866,17.63202042830294
TGO,2016,66.4450409805081,4.7845,,1.90111905444501,14.8244197612232,16.725538815668212
TGO,2017,58.2088602526732,16.3859,,8.28761016730883,8.63388209198161,16.92149225929044
TGO,2018,57.5737388499452,16.312,,13.029113502464,11.7056150408771,24.7347285433411
TGO,2019,56.3398500747576,16.1384,,15.2883516784544,8.53426798670881,23.82261966516321
TGO,2020,55.0659513954403,12.4695,,2.34573498901327,12.3894738229348,14.73520881194807
TGO,2021,56.3775580757321,11.3468,,2.54671881262005,14.7940324439184,17.34075125653845
TGO,2022,61.575092396894,5.179,,1.70661010633555,28.4433162164688,30.14992632280435
TGO,2023,59.9291777017427,2.9182,,1.94652343603962,26.975189515959,28.921712951998618
TGO,2024,,3.402,,1.82642001645616,20.7477406306692,22.57416064712536
TON,2005,76.2080494394572,0.1325,52.6385730540236,1.5220791276173e-4,0.469642588423411,0.4697947963361727
TON,2008,72.6563791156237,0,70.487284982891,0,19.7321675028637,19.7321675028637
TON,2009,74.3406648891028,0,83.2975667750447,0.0577899536538936,1.54885027361735,1.6066402272712434
TON,2012,77.9722872799652,0.0186,76.972910754275,6.27710156638937e-4,2.49705986334678,2.497687573503419
TON,2013,82.731581196292,0.0018,77.9307486054123,0.163251711013709,3.31934538079337,3.482597091807079
TON,2014,74.7304254735603,8e-4,81.0439296475114,1.36818670385216e-4,5.82776390132419,5.827900719994576
TON,2017,88.0434925855836,0,102.822812046139,0.00224189500111809,0.0508092745092541,0.05305116951037219
TON,2018,86.1039702691392,0,115.052852468173,0.00438876910332535,0.108257657853997,0.11264642695732235
TON,2019,88.045385533046,0,117.03806363227,0.00463581123447533,0.346181381753334,0.35081719298780933
TON,2020,81.849496682175,0,153.637884841325,0.00308319758126392,0.225097004293308,0.22818020187457191
TON,2021,68.5461517477239,0,161.79275250979,0.00110217653287937,0.57061476983779,0.5717169463706694
TON,2022,70.1272718284375,0,178.90199638291,0.00819857054237116,0.160033769317215,0.16823233985958616
TON,2023,79.6239257000079,0,201.844268106099,0.00849687157590321,0.95672762850806,0.9652245000839632
TTO,2002,,,,60.0829711319212,0.206390272379381,60.28936140430058
TTO,2003,,,,68.2654581398313,0.1909207079365,68.4563788477678
TTO,2004,,,,60.2063701255845,0.228356130176136,60.43472625576064
TTO,2005,,,,70.197056162298,0.418130554026797,70.6151867163248
TTO,2006,,,,76.4552383952739,0.318617090225899,76.7738554854998
TTO,2007,,,,66.0755016748446,2.84379093378492,68.91929260862952
TTO,2008,,,,69.9704650947023,2.92849978893305,72.89896488363536
TTO,2009,,,,78.9953016332006,2.47563274602388,81.47093437922447
TTO,2010,,,,66.1219789511805,0.308859878720351,66.43083882990085
TTO,2011,,,,59.0819297966593,0.419406020175253,59.501335816834555
TTO,2012,,,,57.7826792923969,0.3619512574049,58.144630549801796
TTO,2013,,,,63.7733597433398,0.716669840864406,64.49002958420421
TTO,2014,,,,59.6473978210789,0.513719638878181,60.161117459957076
TTO,2015,,,,49.3249076151988,3.43591047689388,52.760818092092684
TTO,2016,,,,37.9854222651475,3.69452325219084,41.67994551733834
TTO,2017,,,,52.8728277639535,0.38432209586331,53.25714985981681
TTO,2018,,,,54.8147436915782,0.549153041636741,55.36389673321494
TTO,2019,,,,43.1589413099804,0.777561785050153,43.93650309503055
TTO,2020,,,,29.2295729004686,2.57243662842193,31.80200952889053
TTO,2021,,,,23.7683810299102,0.770894440188744,24.539275470098943
TTO,2022,,,,28.8193289128539,0.464563420310877,29.28389233316478
TTO,2023,,,,27.8972629571135,2.67042704744757,30.567690004561072
TTO,2024,,,,31.3102540191418,0.773937569548522,32.084191588690324
TUN,2002,85.3421759692656,19.8638,15.2472645032712,9.35398364910013,1.38670442651623,10.74068807561636
TUN,2003,82.390340709916,18.0065,16.7471029161295,10.0082146574565,1.33578364625531,11.34399830371181
TUN,2004,86.9253446966283,16.9923,20.4778197956476,9.57818211201145,1.06995980926129,10.64814192127274
TUN,2005,90.2512478803945,17.3723,25.2044569663475,12.9344851365638,1.1528723753659,14.087357511929701
TUN,2006,93.9409304094309,17.712,36.7007879804757,12.9823968293614,1.24100072200247,14.22339755136387
TUN,2007,104.059400976647,19.2428,38.7850810751737,16.1951851598677,1.36955082361609,17.564735983483793
TUN,2008,114.343660218696,20.0699,41.8949853999067,17.3145503371259,1.71851769670089,19.03306803382679
TUN,2009,93.0168787876722,21.1103,49.3103450630527,13.6321769184984,1.24526974063459,14.87744665913299
TUN,2010,100.151009836799,21.9725,43.0914221352426,14.1724455435595,1.56058678205267,15.73303232561217
TUN,2011,100.106379304237,21.6446,34.0467256491033,14.5522463732087,1.65292293453506,16.20516930774376
TUN,2012,101.550723929668,24.51,34.2998702702523,16.7803635249074,1.69041089721155,18.47077442211895
TUN,2013,98.9549566862038,25.0238,28.7486211611694,15.2132858501248,1.49740188611581,16.710687736240608
TUN,2014,96.1071038558701,24.8068,27.1706668988314,13.186068132323,1.59015720781767,14.77622534014067
TUN,2015,87.2485306596052,23.317,26.8084735294719,7.20969744410097,1.39887400159344,8.608571445694409
TUN,2016,87.0926643641466,22.6706,20.7845127192957,5.6449759317471,1.62468650036307,7.26966243211017
TUN,2017,95.8091979825804,22.1223,18.2237137103293,5.96058193974094,1.82183831733188,7.78242025707282
TUN,2018,103.871824260635,22.9621,16.0628575336662,5.68962559679174,1.83645151845132,7.52607711524306
TUN,2019,102.332614725789,28.417,19.6894396307859,5.52195852371031,1.75045612626091,7.27241464997122
TUN,2020,84.3333297071767,25.3276,23.3712354296899,5.66992261834971,1.83166986977073,7.50159248812044
TUN,2021,93.6334140664079,31.3537,20.5605276137182,6.55409542266409,2.02720053386233,8.58129595652642
TUN,2022,116.095794384146,33.44,19.7224385892283,8.02677004326783,1.77628583182134,9.80305587508917
TUN,2023,112.128858013354,36.7974,21.7880502711453,6.20798342748048,1.42589803126179,7.63388145874227
TUN,2024,106.298549204247,39.3722,23.0935009843821,6.23208030817829,1.52690825348576,7.75898856166405
TCA,2006,,,,0.00156157219542911,0.392181758826588,0.39374333102201714
TCA,2007,,,,0.0189464937483337,0.0235785423822608,0.042525036130594496
TCA,2008,,,,1.93235129326059,0.0248897282090127,1.9572410214696028
TCA,2009,,,,0.171452697169157,0.245626824123737,0.417079521292894
TCA,2011,,,,0.0217987202276068,1.70739062169833,1.7291893419259368
TCA,2012,,,,0.0104815937297078,0.831080495089627,0.8415620888193348
UGA,2002,36.2777941561831,3.9426,23.2351513193553,3.63329549166036,1.81303780824033,5.44633329990069
UGA,2003,36.5857264641268,3.2294,23.5981743892541,2.9815736307981,0.34518152165646,3.32675515245456
UGA,2004,35.4600862456436,2.8128,27.3122128379488,2.15744861584744,0.371713098517081,2.529161714364521
UGA,2005,38.9942854839061,1.7642,30.1356662379808,1.66663556012777,2.41799274891198,4.08462830903975
UGA,2006,43.6332857896204,11.3837,139.223757346745,4.38781819523582,2.11282581613079,6.50064401136661
UGA,2007,46.7774166522822,1.6004,154.850976180176,1.29891752827692,2.17189206117311,3.47080958945003
UGA,2008,56.2582682050634,19.9851,100.33486567302,1.2724566456655,2.23975133840974,3.51220798407524
UGA,2009,47.0638780748379,8.5127,108.370183190604,1.37508672939007,2.46285043236365,3.83793716175372
UGA,2010,38.2692490371291,0.8815,90.970314265413,1.20826334740248,1.90384686894177,3.11211021634425
UGA,2011,39.7552255606122,0.8037,80.2263479594075,5.74523774419087,1.12817381744177,6.87341156163264
UGA,2012,43.5021371397314,0.6944,83.8730895359693,6.61880937018064,1.10642751669081,7.72523688687145
UGA,2013,43.1091548734687,5.4841,38.9903234021534,1.07267010214049,0.886734970078216,1.959405072218706
UGA,2014,36.0144010819085,6.16,38.3332006206083,2.11407660369841,0.604683661904989,2.7187602656033993
UGA,2015,37.6892983324358,5.792,30.3935449340986,1.05985415174367,0.48170424939709,1.54155840114076
UGA,2016,31.2093620232119,4.9752,30.7077183687882,1.14300324387532,0.459348713405027,1.6023519572803469
UGA,2017,36.8370529334101,4.0504,31.8562056100853,2.45925296695196,0.374878241048121,2.834131208000081
UGA,2018,36.6384055999567,4.1272,26.2243710321097,5.40337893135784,0.350411758566397,5.753790689924236
UGA,2019,39.3610539647435,6.7997,23.2022296078196,4.97635328996552,0.266865230610442,5.243218520575962
UGA,2020,37.0006923916369,6.7293,22.1033563422171,2.37578872053309,0.252231889793945,2.628020610327035
UGA,2021,41.7136307424781,8.572,23.6012010395494,3.44411222230529,0.744614230461867,4.188726452767157
UGA,2022,34.5053019270937,8.1911,19.3925808858776,4.24312411159032,1.37573978710851,5.61886389869883
UGA,2023,33.3416963302219,2.393,19.4190099538259,2.96068890680383,1.45187874568621,4.41256765249004
UGA,2024,42.6527889088562,2.5276,16.96135260843,2.32497095855221,0.711051042553324,3.036022001105534
UKR,2002,95.994669810112,37.5301,19.0002228872985,9.17967636907921,8.62422286786132,17.80389923694053
UKR,2003,102.590182257396,34.8526,26.8540701522434,11.9347721509607,6.51814296015948,18.45291511112018
UKR,2004,109.981708544962,32.5137,30.2665466409778,10.4198172781886,6.20671410904734,16.62653138723594
UKR,2005,94.6475701087848,34.3673,55.2367261899151,9.76678612675717,7.04988734349557,16.816673470252738
UKR,2006,89.181052639031,28.3043,41.2011686103508,6.65543968377137,6.92489059011881,13.58033027389018
UKR,2007,88.0465606718626,28.3544,40.1970526958696,5.33567920429434,6.40853145429686,11.7442106585912
UKR,2008,94.1718921417534,20.7346,31.6946136764801,6.13750401903014,6.82167565134447,12.95917967037461
UKR,2009,87.4761626200316,18.872,25.1656725710659,5.36779503400886,6.89443871110542,12.26223374511428
UKR,2010,95.72973045329,21.8939,27.7621136781293,7.11920021246899,8.12828542400859,15.247485636477581
UKR,2011,104.805073904259,23.8646,23.1807986949788,8.32111642019338,8.74589706978953,17.067013489982912
UKR,2012,102.622788356626,25.9822,18.357625569266,5.29842708103909,7.57914598549043,12.877573066529521
UKR,2013,94.0016694501782,23.6995,13.8928429120288,4.52519470348902,8.98527430630586,13.510469009794878
UKR,2014,100.691782483624,17.7736,5.90549930427595,3.73321431712067,9.69361702554444,13.426831342665109
UKR,2015,107.806616298156,16.8792,11.2181022873202,1.27997250942501,9.38171392918825,10.661686438613259
UKR,2016,105.521204913122,17.5112,13.3548586780728,1.22784536008362,7.97283522075588,9.2006805808395
UKR,2017,104.034982911399,18.132,15.1194480360037,1.81994769039643,9.41641241262383,11.23636010302026
UKR,2018,99.1998150718675,17.2478,16.9850637975905,1.81962240086264,9.38430227414885,11.20392467501149
UKR,2019,90.5112342910763,17.9959,20.1368616665293,1.72417464016213,9.55193134628034,11.27610598644247
UKR,2020,79.1564523761815,18.1068,21.8413289152456,1.12836959729539,11.0877422634527,12.21611186074809
UKR,2021,82.69796136345,16.9773,22.6186688767971,1.12823233886,13.3174565858135,14.445688924673501
UKR,2022,87.3965139907244,11.3441,19.8799193322257,2.35030271456421,8.08380904386312,10.43411175842733
UKR,2023,77.5096141935657,11.7976,22.6327453767898,1.08400725933861,5.9822247200703504,7.06623197940896
UKR,2024,79.6884673892276,9.4709,22.6264886435346,0.482782438375426,8.18038486628225,8.663167304657676
ARE,2002,93.0717523974279,,,55.7261089954946,2.058972392629,57.7850813881236
ARE,2003,102.300072318295,,,48.2728267331956,1.70610997692075,49.97893671011635
ARE,2004,116.622707480689,,,54.0586347867889,1.07668388293058,55.13531866971948
ARE,2005,119.55287164912,,,57.7303108639363,0.968747921724651,58.69905878566095
ARE,2006,119.47067436604,,,62.2532759092846,1.37797638535551,63.63125229464011
ARE,2007,136.798144727699,,,63.7197610075105,1.21861594925912,64.93837695676962
ARE,2008,148.513544024487,,,62.304908634584,0.91452342479419,63.21943205937819
ARE,2009,153.461944358762,,,43.5246022231876,0.862793085303155,44.38739530849075
ARE,2010,135.485740301669,,,49.9895856498744,1.02364676133139,51.01323241120579
ARE,2011,144.176829734392,,,53.5351069475687,1.13331007043112,54.66841701799982
ARE,2012,156.637656972961,,,47.2314196497577,1.61864434587426,48.850063995631956
ARE,2013,157.398122639247,,,55.8450474819963,1.98932139408331,57.834368876079616
ARE,2014,159.515630313713,,,50.7904126785472,3.27214956130429,54.06256223985149
ARE,2015,164.286142899252,,,37.6515533891839,4.52368131648225,42.175234705666156
ARE,2016,165.394966240337,,,31.5589751074458,4.88854854395622,36.44752365140202
ARE,2017,165.476523652994,,,35.9982377334342,5.35466404065746,41.35290177409166
ARE,2018,154.747042166299,,,68.5381737167988,6.00505065769388,74.54322437449268
ARE,2019,163.822149025614,,,77.8387271988389,3.77275733996035,81.61148453879925
ARE,2020,181.291940227998,,,71.434331985329,3.41081233456813,74.84514431989713
ARE,2021,182.909401076776,,,70.3219846270872,4.79280902285031,75.11479364993751
ARE,2022,185.741660631894,,,73.1440771980313,4.52970103395539,77.67377823198669
ARE,2023,199.044950127107,,,68.202872587783,3.4327739631214,71.63564655090441
GBR,2002,51.2361820991323,,,8.09048122385878,2.04908353235747,10.13956475621625
GBR,2003,50.0681187039704,,,8.18486315684614,2.22918404628181,10.41404720312795
GBR,2004,50.2885521756133,,,8.74180115519692,2.74305822475285,11.484859379949771
GBR,2005,52.5442740383211,,,9.34667587729113,2.83972495612444,12.18640083341557
GBR,2006,56.7047791729812,,,9.51966616894902,3.0910735549954,12.61073972394442
GBR,2007,52.7493524964733,,,10.283154066959,4.01010128832781,14.29325535528681
GBR,2008,56.4365501052604,,,12.907975568673,4.27586499165398,17.18384056032698
GBR,2009,54.6537301085991,,,11.0096977437667,3.02029693245409,14.029994676220792
GBR,2010,59.0511802227821,,,12.3740599458975,3.77754807011745,16.15160801601495
GBR,2011,63.3240615708901,,,12.6153872741119,4.37928098239928,16.99466825651118
GBR,2012,61.9688704472535,,,13.8690044776246,3.71702985858318,17.58603433620778
GBR,2013,61.7195395154583,,,11.4223263327095,3.25105027960383,14.67337661231333
GBR,2014,58.8210228333296,,,10.8953001970876,3.51067472962863,14.40597492671623
GBR,2015,57.125044605439,,,7.02213106641059,3.3447181856556,10.36684925206619
GBR,2016,59.8395315138259,,,6.25609635660007,3.30367400940286,9.55977036600293
GBR,2017,63.1899245764158,,,7.96909103032825,3.76091537779836,11.73000640812661
GBR,2018,64.9097721959201,,,9.45873392804059,3.80493061222039,13.263664540260981
GBR,2019,65.0035664177054,,,8.59897730540144,3.87668770218372,12.47566500758516
GBR,2020,59.1598893030611,,,7.06424366401815,6.60053768600958,13.66478135002773
GBR,2021,58.53838629291,,,8.32935578799489,6.9118678026751,15.241223590669989
GBR,2022,69.1989264413981,,,12.3109041508633,6.3443561242002,18.655260275063497
GBR,2023,64.9923841747803,,,8.96373321933615,4.52329389386415,13.4870271132003
GBR,2024,62.839052044584,,,8.57390412775903,4.54180165284014,13.115705780599171
GBR,2025,62.4573294634195,,,7.10156229531189,5.70704171115552,12.808604006467409
USA,2002,22.2863842136065,,,1.83394389932985,1.91170026820431,3.7456441675341603
USA,2003,22.6272972866813,,,2.10931027144065,2.01323529883149,4.12254557027214
USA,2004,24.4480566571904,,,2.5706533002655,2.39014858804396,4.96080188830946
USA,2005,25.6385573436769,,,3.31136445717427,2.7857976488932,6.09716210606747
USA,2006,26.9752858058903,,,3.7372185207955,3.52056099629305,7.25777951708855
USA,2007,28.0120155631098,,,3.96254132636237,3.73864793129764,7.70118925766001
USA,2008,29.8677875257061,,,6.48428941235738,3.96871886047058,10.45300827282796
USA,2009,24.759527635837,,,5.80419155097004,3.39369213730218,9.19788368827222
USA,2010,28.2198829408336,,,7.18456843300661,3.95873998985648,11.14330842286309
USA,2011,30.842478575914,,,9.92432604469065,4.02265717679681,13.94698322148746
USA,2012,30.681839575193,,,10.0636570136531,3.50844555096218,13.572102564615278
USA,2013,29.9413062848227,,,10.7639934435291,3.21071352130306,13.97470696483216
USA,2014,29.906569337428,,,10.9856792186563,3.06248036458276,14.048159583239059
USA,2015,27.6882139340768,,,8.0034184342575,2.8088360190064,10.812254453263899
USA,2016,26.4525977865465,,,7.57865354567164,2.60130444554912,10.17995799122076
USA,2017,27.1253382222874,,,10.510450824598,2.74624450462334,13.256695329221339
USA,2018,27.4453591302618,,,13.5299938279588,2.95741195061027,16.48740577856907
USA,2019,26.2584806245428,,,14.1993655796366,2.8211533321336,17.0205189117702
USA,2020,23.1399437509149,,,12.7159907896534,3.21390841591217,15.92989920556557
USA,2021,25.2327260228331,,,15.9220948098952,3.65231110135565,19.57440591125085
USA,2022,26.9078981557739,,,21.4101656084375,3.07529985951185,24.48546546794935
USA,2023,24.9292981752847,,,18.6774872527635,2.8511687408118,21.5286559935753
USA,2024,25.0160172978284,,,18.3113039630256,2.87778686360623,21.18909082663183
URY,2002,40.02906730756,,,0.792127333951963,0.451206613411574,1.243333947363537
URY,2003,51.7591995826472,,,1.55435490637551,0.53713700071276,2.09149190708827
URY,2004,61.4766880860242,,,4.36951736745661,0.509229360763127,4.878746728219737
URY,2005,58.8776963255774,,,4.73090812106706,0.515169701998772,5.246077823065832
URY,2006,61.9715745165876,,,3.49958264014888,0.809930898532225,4.309513538681105
URY,2007,59.2104478374095,,,4.25463973756081,0.84826239615519,5.102902133715999
URY,2008,65.2080950071821,,,3.29761276550623,0.376570033697427,3.674182799203657
URY,2009,53.3944192683736,,,1.46614251404475,0.268695472370516,1.7348379864152659
URY,2010,51.6990372012256,,,3.09950322555501,0.258529609451583,3.3580328350065933
URY,2011,53.2470340109018,,,0.739500301482631,0.340161334055212,1.079661635537843
URY,2012,55.0611541633768,,,1.09385511085502,0.326605593663299,1.420460704518319
URY,2013,49.7178464746233,,,0.491961483180946,0.301652164047018,0.793613647227964
URY,2014,49.0876240632174,,,1.11127050427265,0.286186993540697,1.3974574978133472
URY,2015,45.3282408087534,,,0.285686399278086,0.236525973692642,0.522212372970728
URY,2016,48.4705353074514,,,0.4822512401636,0.312914284574473,0.795165524738073
URY,2017,46.3779636198842,,,1.99960987465139,0.319545647864705,2.319155522516095
URY,2018,47.7913453459107,,,1.19423274285302,0.35941392233575,1.55364666518877
URY,2019,49.7448660724665,,,1.08564402005782,0.331000567556373,1.4166445876141929
URY,2020,47.7318331202564,,,1.24084050774374,0.385873674975743,1.626714182719483
URY,2021,58.3150555063308,,,5.65375733833479,0.340811844644457,5.994569182979247
URY,2022,60.2026828336525,,,1.47390184229824,0.304286345769239,1.778188188067479
URY,2023,52.3273108387018,,,0.248858467560678,0.355278930515298,0.604137398075976
URY,2024,51.4582237554765,,,1.30632945581964,0.331132184653809,1.637461640473449
UZB,2017,41.0443062055515,4.4273,168.074995775128,16.1883074086756,8.2035402837155509,24.39184769239115
UZB,2018,61.395110017578,4.9115,148.298501563733,24.9394912096299,7.6354853444308,32.5749765540607
UZB,2019,62.3003782302878,2.6953,117.344302596316,16.5598854216671,8.37864671560409,24.93853213727119
UZB,2020,53.1070769988551,6.3953,93.9414997605802,5.95874581011308,8.33762446780379,14.296370277916871
UZB,2021,54.7477822134912,7.938,78.835846636581,6.53139390408132,13.9619291123545,20.49332301643582
UZB,2022,60.0483582576289,11.7134,66.7513951897263,7.46412599396005,11.2856964615134,18.74982245547345
UZB,2023,63.102194304905,11.261,56.1272983802572,4.46396721405799,8.39123120304255,12.855198417100539
UZB,2024,57.5295432552977,8.1121,58.6948512837511,6.52845706509898,8.10048140248817,14.62893846758715
VUT,2006,89.5414618090556,12.7565,94.6445004870713,0.00186384167853004,0.43031580998799,0.43217965166652006
VUT,2007,90.1716511021211,18.858,93.5294522867491,0.4619863953749,0.00287569067987648,0.46486208605477647
VUT,2009,108.489179063187,18.916,96.9369143517913,4.13564904274566,0.712175516247439,4.847824558993099
VUT,2010,103.823312203828,28.1442,90.8395777227986,0.222817847925324,0.149579723792411,0.372397571717735
VUT,2011,96.9987664175314,26.3387,97.3912287068787,0.068762290574745,1.56923807506826,1.6380003656430049
PSE,2002,76.2528826143203,,,1.29639661721514,3.66298814551812,4.95938476273326
PSE,2003,76.398689516129,,,1.35597857111999,2.9462773249326,4.30225589605259
PSE,2004,81.1235906237101,,,1.12385659559811,1.80513207458653,2.9289886701846397
PSE,2005,83.8363540589578,,,0.849675033573036,1.51249511215203,2.362170145725066
PSE,2006,82.6374735897388,,,0.666981017605001,5.28348189080114,5.9504629084061404
PSE,2007,91.9992434272745,,,0.232426668538088,9.38177917614561,9.614205844683697
PSE,2008,79.4799190194791,,,0.494543763671543,12.5281920933068,13.022735856978342
PSE,2009,75.1511928466305,,,0.471025789209267,7.21551064834692,7.686536437556187
PSE,2010,68.4976501575169,,,0.265654761783648,12.448180568576,12.713835330359647
PSE,2011,67.2495329024414,,,0.0865829589723565,16.9055645568475,16.99214751581986
PSE,2012,66.9293273483831,,,0.239558505403332,14.2316179441057,14.471176449509032
PSE,2013,66.2713181162369,,,0.232120460276173,12.663643453478,12.895763913754173
PSE,2014,67.7398371659149,,,0.191229879607219,9.95820596917778,10.149435848784998
PSE,2015,70.7809681944405,,,0.164371699319662,8.35860478041684,8.522976479736503
PSE,2016,65.4225141833383,,,0.163523332201154,6.16683821767458,6.330361549875734
PSE,2017,68.4486607142857,,,0.0951480976091428,8.66561737755397,8.760765475163112
PSE,2018,71.4012754506469,,,0.0718070742204247,12.0538532072502,12.125660281470624
PSE,2019,68.9934922812035,,,0.0862921552942219,10.2211723475195,10.307464502813723
PSE,2020,67.2881912475775,,,0.107838092378914,10.9690039465975,11.076842038976414
PSE,2021,73.0835496162129,,,0.0685655976632964,13.6197714453218,13.688337042985097
PSE,2022,82.3949283869453,,,0.0524805007753271,15.9148878581792,15.967368358954529
PSE,2023,76.173457614931,,,0.0859853021575194,14.4323282782474,14.51831358040492
ZMB,2002,64.9164969990648,1.3728,8.00962727486297,1.79506605084816,59.3239690503369,61.11903510118506
ZMB,2003,62.3128446757629,1.2953,3.59953974676757,2.52218765663852,60.0262278586003,62.54841551523882
ZMB,2004,70.8130749317722,1.8132,4.46591430694416,1.98338581633262,46.5515777026805,48.53496351901312
ZMB,2005,62.200282191364,4.364,10.4243305129052,0.844028120274815,67.4376806672762,68.28170878755101
ZMB,2006,57.8568188739027,18.8145,31.9785926444574,0.838501559249603,80.8375615687607,81.67606312801031
ZMB,2007,65.7714586909068,20.1526,39.7786520071578,0.475593312463412,78.115678057786,78.59127137024942
ZMB,2008,59.4548891205874,22.0685,37.3035683405447,0.421744083665289,79.7857145794274,80.2074586630927
ZMB,2009,56.1213809555165,12.2543,51.9674899389065,0.486768260911491,78.5949410783729,79.08170933928439
ZMB,2010,67.9009190299719,26.6185,48.4586286539631,0.473192561204892,82.3283419185778,82.8015344797827
ZMB,2011,72.7954324384283,10.1419,44.6960083441316,0.562369702840533,78.5928539303859,79.15522363322643
ZMB,2012,75.367709855907,13.2862,49.2118641035973,1.31390015743446,69.6772640831742,70.99116424060865
ZMB,2013,80.4562410213373,11.2304,40.2456079103037,2.05442423414307,70.5950312224802,72.64945545662327
ZMB,2014,76.1934997276313,8.48,31.8981483317815,1.19101690281408,73.0113024824784,74.20231938529248
ZMB,2015,79.8652687573958,6.0028,24.1059303154785,1.55535306091139,74.7917338140349,76.34708687494629
ZMB,2016,73.958561254616,4.8332,14.932427982912,0.87637995732854,73.2307379852017,74.10711794253024
ZMB,2017,71.5856946542566,3.7924,8.77064357310276,0.918961664308822,79.5303550713286,80.44931673563742
ZMB,2018,74.8883695274665,2.5258,6.3748426196843,1.01571316093364,77.4606084696989,78.47632163063254
ZMB,2019,68.791204936096,2.855,4.92786160325023,1.36783558895875,74.58257510545,75.95041069440876
ZMB,2020,79.2068494095955,2.4711,4.07514672518242,1.73850401929445,78.8010057390337,80.53950975832815
ZMB,2021,86.2085111934645,5.2557,10.2209380297614,1.67696240024655,79.2520502689073,80.92901266915385
ZMB,2022,69.2973154193203,9.5849,10.4405689268511,2.81611636018103,75.6024881567735,78.41860451695453
ZMB,2023,78.2418870451485,11.725,10.9131995443089,4.09782634161287,71.3565858556083,75.45441219722117
ZMB,2024,62.5348874064443,9.9308,14.5453908868032,2.72110717813148,72.9899534292382,75.71106060736967
ZWE,2002,66.8098183680706,14.0691,3.16888496676858,1.19632577514898,30.7167475850409,31.91307336018988
ZWE,2003,70.4519675420993,17.9623,2.82779111193693,1.55282575675323,23.151671399918,24.70449715667123
ZWE,2004,76.0394249806318,20.4484,4.51650180143968,1.04965693349096,21.5271344085408,22.57679134203176
ZWE,2005,76.043068640646,23.6738,2.06402382490317,1.12418120251908,16.8277188038139,17.95190000633298
ZWE,2006,82.8200302932942,26.7406,2.96997392878426,42.4295272236349,7.03409299664565,49.463620220280546
ZWE,2007,84.1682798999008,30.5982,2.75092933085961,0.664027620284846,22.4291920831063,23.093219703391146
ZWE,2008,109.523540063377,30.4778,1.34915469198015,1.14466784020454,18.2334506305702,19.37811847077474
ZWE,2009,61.7764909650234,25.6184,12.7887710572212,1.96805479388772,25.7209447212092,27.68899951509692
ZWE,2010,83.1234047851259,25.9536,10.3793430394429,1.78082009073593,38.1334746504532,39.91429474118913
ZWE,2011,89.4659437238642,26.9216,8.5786286051237,0.95621448571552,40.6435201173897,41.59973460310522
ZWE,2012,74.1627003825153,26.5073,6.25667584403974,0.950966638573246,40.2623830727427,41.21334971131595
ZWE,2013,58.6560737143829,31.5024,5.44088553805777,1.50053655263801,32.9939638207084,34.49450037334641
ZWE,2014,54.6717592473918,30.5067,4.20193013847825,1.20678646794349,29.9527518117793,31.159538279722792
ZWE,2015,56.7496526604333,30.7489,4.3480091254433,1.91889022375092,31.1220181748029,33.04090839855382
ZWE,2016,51.2190376594477,26.5915,3.44628589358108,0.584993179560043,31.1529142671985,31.737907446758545
ZWE,2017,55.028317831061,28.9805,2.27465749560838,0.729202885483256,31.2086640347963,31.937866920279557
ZWE,2018,54.55031658746,26.1418,0.669665808320237,1.01057156468968,30.0734594454263,31.08403101011598
ZWE,2019,36.5178684980287,28.1086,1.2059841673826,1.12609686820738,35.1674796763683,36.29357654457568
ZWE,2020,31.8225698755474,29.5755,0.256288140954146,1.10293713757941,44.7588118464982,45.86174898407761
ZWE,2021,34.9401169482991,26.4874,5.9441344520479404,1.56615109785809,46.030100180394,47.59625127825209
ZWE,2022,43.6150764298492,28.151,4.23929456642145,2.8942495074987,40.1848643345893,43.079113842088
ZWE,2023,40.2912612046942,27.0548,0.794098628981107,2.83650249873133,42.9777779829568,45.81428048168813
ZWE,2024,41.5039527238816,27.5425,3.36699213971911,2.9112150677223,33.8441587265371,36.755373794259405
