Country Name,Country Code,Series Name,Series Code,1990 [YR1990],1991 [YR1991],1992 [YR1992],1993 [YR1993],1994 [YR1994],1995 [YR1995],1996 [YR1996],1997 [YR1997],1998 [YR1998],1999 [YR1999],2000 [YR2000],2001 [YR2001],2002 [YR2002],2003 [YR2003],2004 [YR2004],2005 [YR2005],2006 [YR2006],2007 [YR2007],2008 [YR2008],2009 [YR2009],2010 [YR2010],2011 [YR2011],2012 [YR2012],2013 [YR2013],2014 [YR2014],2015 [YR2015],2016 [YR2016],2017 [YR2017],2018 [YR2018],2019 [YR2019],2020 [YR2020],2021 [YR2021],2022 [YR2022],2023 [YR2023],2024 [YR2024],2025 [YR2025]
Afghanistan,AFG,External balance on goods and services (% of GDP),NE.RSB.GNFS.ZS,..,..,..,..,..,..,..,..,..,..,..,..,..,..,..,..,..,..,..,..,..,..,..,..,..,..,..,..,..,..,-25.8682602741689,-22.727410779653,-36.1253848053787,-34.5290211783168,-52.3575213918718,..
Africa Eastern and Southern,AFE,External balance on goods and services (% of GDP),NE.RSB.GNFS.ZS,0.660029620639442,-1.02604577473171,0.404689399573623,1.44558226902463,-0.39785912296006,-1.57899793667285,-1.01584453548152,-1.57518020634305,-2.38180318001776,-0.949425634389758,-0.293530644795169,0.658193587234202,0.116621189320909,-0.668001508610548,-1.20365492445416,-0.387871063899919,0.199987059966066,0.281310861892905,-0.385596802820103,-3.77820525957975,-0.465532379266925,-0.690905270989909,-3.15824778842615,-4.89737432357181,-5.23368345562194,-6.80597346856572,-4.99532743361021,-3.61099520248514,-3.06609995979656,-3.26718951048365,-2.10136810786586,-0.559898292335962,-2.43938116883984,-3.34304096835486,-2.78415485445585,-2.21884037251896
Africa Western and Central,AFW,External balance on goods and services (% of GDP),NE.RSB.GNFS.ZS,..,..,..,..,..,..,..,..,..,..,..,..,..,..,..,..,..,..,..,..,..,..,..,..,..,..,..,..,..,..,..,..,..,..,..,..
Albania,ALB,External balance on goods and services (% of GDP),NE.RSB.GNFS.ZS,-8.62683574443122,-21.1008826139267,-83.7862892546581,-48.5606731436399,-29.1351960402252,-15.5993965004299,-21.4214919696865,-24.6476795921946,-24.6760190508985,-16.9485515320372,-22.5483192476385,-23.0203130206671,-25.6490931670533,-24.4954543387854,-21.9344338743268,-24.2307289807787,-23.1847250835661,-25.6502610671863,-26.0832234391655,-24.032108642673,-20.3126736285285,-22.5900509253687,-18.7468164445193,-18.011814546681,-18.8845153333134,-17.1408027365375,-16.6748641063599,-14.7837902121824,-13.4660512873524,-13.5098839609922,-14.439182327401,-13.3242915759671,-10.3038924714912,-5.51485081881474,-6.88489900492933,-5.50457580797897
Algeria,DZA,External balance on goods and services (% of GDP),NE.RSB.GNFS.ZS,-1.49334351586417,5.51805763330938,1.45010432264636,-1.3550593775306,-3.52298729730466,-2.80145325003168,5.81574877359012,9.56871125379031,0.062257461099987,5.37111689896665,21.2810918066484,13.7128136738827,9.68472291358951,13.5689917529986,15.4279213480177,21.9021055762374,25.6129765686554,21.8948379368277,20.2658713610847,0.887257818404359,6.48524323698142,9.75608285760396,8.00794466894658,2.4477217009347,-1.68456922581116,-12.1483392283235,-12.787556848944,-9.15345713692365,-5.58995620010629,-5.69095870918527,-9.31935433930064,0.051675321229429,10.3930229842786,3.84032249693189,-0.429813986307431,-5.30939369704998
American Samoa,ASM,External balance on goods and services (% of GDP),NE.RSB.GNFS.ZS,..,..,..,..,..,..,..,..,..,..,..,..,-8.59375,-11.6412213740458,-21.6110019646365,-24,-29.0060851926978,-23.1660231660232,-20.8928571428571,-4.2962962962963,-30.8900523560209,-40,-25.46875,-30.2507836990596,-41.3685847589425,-35.2154531946508,-31.2965722801788,-43.1372549019608,-35.3677621283255,-33.2302936630603,-35.9223300970874,-48.2666666666667,-30.7692307692308,..,..,..
Andorra,AND,External balance on goods and services (% of GDP),NE.RSB.GNFS.ZS,..,..,..,..,..,..,..,..,..,..,..,..,..,..,..,..,..,..,..,..,..,..,..,..,..,..,..,..,..,..,..,..,..,..,..,..
Angola,AGO,External balance on goods and services (% of GDP),NE.RSB.GNFS.ZS,..,..,..,..,..,..,..,..,..,..,..,..,8.42425598722747,4.44820575249158,11.7023153011761,22.1050730847561,29.0820730164079,25.195386416317,21.380655633235,-0.464410466101613,16.790969129002,19.204120621303,18.1146428769209,13.1148404675704,4.44851105044583,-2.68151745284334,2.26897132081061,5.17332465562649,13.4263266097586,13.5288576564376,8.8586688878789,17.6558398960646,15.4888992014993,11.7317320942136,11.9100931351626,11.3088597576237
Antigua and Barbuda,ATG,External balance on goods and services (% of GDP),NE.RSB.GNFS.ZS,..,..,..,..,..,..,..,..,..,..,..,..,..,..,..,..,..,..,..,..,..,..,..,..,7.47533250414371,11.33744373533,8.02226791614971,1.16768135980946,-5.71405643617104,0.791605973299924,-10.5176023634236,-7.15253343936529,-8.29801703558487,..,..,..
Arab World,ARB,External balance on goods and services (% of GDP),NE.RSB.GNFS.ZS,..,..,..,..,..,..,..,..,..,..,..,7.14070241318501,7.52212141127234,9.93593863089965,12.2779139207783,16.9350748570034,18.6109570610654,14.2274237634582,16.3277323165843,4.17315065584895,11.6538479554608,17.4574699895708,18.2375025500527,15.2425842616765,10.123173795832,-0.387072668088912,-0.721162119989032,2.81917236749523,7.88021190048536,4.73657821958123,-1.20866541658675,5.67045270387067,11.6931530285594,6.36036771487196,..,..
Argentina,ARG,External balance on goods and services (% of GDP),NE.RSB.GNFS.ZS,5.72821418510863,1.59703253775518,-1.53460564227824,-2.40444838036731,-3.0744484151647,-0.410602571195211,-0.649274893693637,-2.21447863989155,-2.51886405088506,-1.72839593260512,-0.649694312619028,1.30576071351812,15.0124696397722,11.2171378217363,7.00259273903135,5.94048249709131,5.61990933570791,4.38033000444218,3.71912738621024,5.06484320667575,2.8966335471722,1.69226329066661,1.94917655233833,-0.0995822252265794,0.404163533523684,-1.07492198807163,-1.03969751087799,-2.64903441833118,-1.88916445518585,3.21914170984251,3.00713006708088,3.05472877060698,0.983156190025194,-1.03232705601201,2.56973633639777,0.746688558525354
Armenia,ARM,External balance on goods and services (% of GDP),NE.RSB.GNFS.ZS,-11.329755515802,-19.375078428912,-21.4352493632935,-13.5351945401229,-33.7732858976098,-38.2590154100344,-32.7495531112478,-38.0012062769965,-33.836411938194,-29.0439852387269,-27.910492609457,-21.5725576012725,-18.320285111243,-19.0853718174464,-16.6891463455925,-15.5133426835103,-16.7381751108298,-20.5963331213698,-26.0108688134131,-27.9324342519268,-25.1461453399825,-24.3891971340191,-20.8380529949826,-20.8480778829188,-18.6581036515499,-12.2312919186907,-8.58940773807557,-10.7702852297441,-13.6873189639974,-13.3217901647448,-9.96806064204247,-7.91112097412478,-0.736788482208693,-1.40209111931493,-2.81401857530518,-5.50813095465082
Aruba,ABW,External balance on goods and services (% of GDP),NE.RSB.GNFS.ZS,..,..,..,..,..,-1.56514382402707,-2.06477732793522,-3.7199124726477,-3.99194901039919,-4.70168612191959,3.69914238343452,1.60245892222427,-4.10214426061452,-7.33186479218138,-3.09981276697801,-8.89968376806249,-11.854321428321,-9.84978441378199,-8.05155969309576,-11.7194489957977,-15.0282824966376,-14.9357613504094,-10.4381055976184,-8.57903273702858,-5.58180654617314,0.150444463770576,1.04605679329307,0.557252326245442,-2.00724432370963,-4.51708742944373,-15.6354280326118,-4.86380516994518,0.927487760414267,5.99862839936398,7.79898521465911,..
Australia,AUS,External balance on goods and services (% of GDP),NE.RSB.GNFS.ZS,-1.92058552811784,-0.132245235564831,0.271542317900324,-0.319884544833291,-0.513818089991996,-1.95973008403158,-0.452068472801333,0.273705771676295,-0.876065009411219,-2.43595856269776,-2.15096039274346,0.0857831379697614,0.00422339098701967,-2.08367518435093,-2.68039021527007,-2.70764782669673,-1.84917942413381,-1.63795442213782,-2.54339650730225,0.280202131148189,-0.926059661229371,1.0202045047261,-0.177383503666214,-1.31422967148145,-0.307473555966848,-1.52545979333904,-2.40711446065075,0.308268917029761,0.0519219504913385,2.1232773369272,3.37651067920358,3.80139290672556,5.22841779415654,4.35779718612207,2.09766699937501,0.587427313786729
Austria,AUT,External balance on goods and services (% of GDP),NE.RSB.GNFS.ZS,-0.0939114365113532,-0.870843623062506,-1.32482393611731,-0.338583264900741,-1.67659546143596,-1.19500390746777,-1.59384513711974,-0.815608855733271,-0.226340414734237,0.455692199322266,1.33957519206717,1.70736364263688,3.71761308328935,2.76921886016437,2.96417801972462,3.2275485575707,3.62058654998874,4.41600804217518,4.4530783222148,3.3733282622964,3.52308166982659,2.80905539396661,2.81019349320623,2.79426795540354,3.21557420300824,3.67444279838779,3.75330956943826,3.095992595356,3.02650897518658,3.58432988144226,3.37796583052568,0.874958011010343,-0.724954415527277,1.82060432005682,2.53079233592355,2.38405548474211
Azerbaijan,AZE,External balance on goods and services (% of GDP),NE.RSB.GNFS.ZS,4.63847203274215,4.45359281437126,31.6072280658078,-18.5656050955414,-5.90709901254337,-20.920423657325,-30.9924613920808,-24.0097520818162,-31.8287507992792,-13.8857248814601,1.79309467794239,4.18203025058319,-7.28247422680412,-23.5387952144406,-23.9290989660266,10.0403274106608,27.745889833673,39.6160152324536,42.309378830611,28.5274496861087,33.6234546096786,32.345916055451,27.6862908425992,22.1558213880582,17.0638881216523,2.98804707613093,2.77798004805942,6.6934137832005,16.5120111871348,12.2831095948286,-0.770755916729702,16.6906286479434,32.9914228794374,14.4569408844751,9.10173705899741,6.21485119370381
"Bahamas, The",BHS,External balance on goods and services (% of GDP),NE.RSB.GNFS.ZS,-1.79848389134555,-4.21643374175549,-0.967513669990351,0.573415265200517,-2.35900583000921,-5.36716243802858,-9.78137988362427,-5.97407601589297,-8.41184683063036,-2.78895920935674,-3.5498181755148,-4.35570335051329,2.07292741038333,0.556927832750288,0.42847882287591,-3.87649702120738,-10.9321596301852,-7.82890734333238,-8.44195325859775,-8.13968398991781,-8.76902778988407,-13.4631520935013,-7.99690310063057,-4.83518371788874,-5.81106193498577,1.98519970264243,-1.50914493009789,-4.88234018108927,-1.65064902646031,1.17496422384575,-6.87335958005249,-9.99003073855612,-1.6651315410742,-0.926574685848618,-3.67528169369916,..
Bahrain,BHR,External balance on goods and services (% of GDP),NE.RSB.GNFS.ZS,18.425359249017,-9.35351536433139,-10.8702105719296,2.76617284559214,6.33949415373866,10.1285805911924,10.299945487317,8.41776854963164,0.631669400260733,13.9859181340164,22.5521987293296,20.1952563665723,13.8834983754533,16.034561841249,16.4729818827536,19.4745713029459,22.1737074559594,21.5740078918252,19.2721856154252,18.9674623207343,17.8439436256393,23.7430564940007,17.7072516441675,17.0637944198459,15.875213297365,10.7721469715654,8.35358349345088,8.0784844674498,7.35537278962411,10.7713045765387,5.4478866340877,18.7491208602285,24.781489648666,17.2544332228446,17.4939935870943,..
Bangladesh,BGD,External balance on goods and services (% of GDP),NE.RSB.GNFS.ZS,-7.14986903932067,-5.56460294780885,-4.76065168170884,-5.08704499839871,-4.86277726200569,-6.48022764869586,-6.663072424334,-5.28477227538213,-4.36540094540208,-4.87065578565318,-4.63331190592,-5.32489865688189,-4.14744285676103,-4.79558750827543,-4.56521625697246,-5.61125106860847,-5.40499730201458,-5.95171296019259,-7.30319706840754,-6.21253041179636,-5.75461729944892,-7.57669992470208,-7.78774502092175,-7.22065450305774,-6.53476020678819,-7.41264873394109,-3.49174117172236,-4.36023689123365,-7.16505583541009,-5.38853982063262,-5.38587125300752,-6.39844690283636,-8.01551440077645,-4.66864374221875,-5.85570014570467,-5.71836690458515
Barbados,BRB,External balance on goods and services (% of GDP),NE.RSB.GNFS.ZS,..,..,..,..,..,..,..,..,..,..,..,..,..,..,..,..,..,..,..,..,..,..,..,..,..,..,..,..,..,..,..,..,..,..,..,..
Belarus,BLR,External balance on goods and services (% of GDP),NE.RSB.GNFS.ZS,2.3094688221709,0,2.17391304347826,-15.7360406091371,-12.8365087393919,-4.38786520926172,-4.07529230239941,-5.79641795927269,-4.85543913717794,-2.42843508927769,-3.18752326523462,-3.54971700090839,-3.74702639421845,-3.82909246050847,-6.36384367036194,0.711265754889952,-4.17248035121804,-6.26777254843036,-7.72396810867951,-10.8827211799737,-13.1722022833906,-1.04353203469544,4.4685452434157,-3.1488090223703,-0.769416253088418,0.106706932202393,-0.190628653277022,0.211445679453646,1.51635427490421,-0.661238116232138,3.09001822058124,5.64934220568863,6.07816621159176,0.468782258027518,-1.93062829790353,-1.94646896380425
Belgium,BEL,External balance on goods and services (% of GDP),NE.RSB.GNFS.ZS,1.75953083661411,1.86917204775884,2.54857316184278,3.20274531820055,3.61761865723349,3.85017561479431,3.1720061543602,3.88422210471594,3.639567404539,3.95612849122355,2.86465524907909,3.64707800596894,5.57744590327235,5.35746418388038,4.89414954600385,4.03660717280743,4.0424848109266,4.13516253034976,0.672792159959925,2.05374841581906,1.49401611706123,-0.222788184358147,-0.285357156574466,0.249204100286785,0.22143020651756,0.686796394072263,0.178566802445275,-0.0152681327682546,-1.3115794449433,0.469376147290335,1.44361983987524,1.86883753136071,-2.33478885240695,-0.360844140685684,-0.385908181179237,-2.01764661994815
Belize,BLZ,External balance on goods and services (% of GDP),NE.RSB.GNFS.ZS,2.28933923191933,-7.2233690268235,1.70091276044259,1.22940334805285,2.14586480582713,3.10566855639925,3.92848570646698,2.13853898092491,1.05043124836526,-5.1737045945334,-10.8610018415164,-9.38955721970267,-5.83619235781179,-5.22501199570964,-1.81513453058916,-1.53855895115941,4.72374366937529,5.20447468217865,2.2175484004865,1.30776559596484,6.39227795907623,6.52913962052476,7.48630667365297,3.37509033855268,3.87201459217295,-0.937421707398332,-1.88530124475748,1.91193777041394,2.48106551466119,1.59598286208289,-6.3684990352587,-3.8194725884445,-2.68267523725241,3.46117785185191,1.47434077786342,..
Benin,BEN,External balance on goods and services (% of GDP),NE.RSB.GNFS.ZS,-7.3575761238337,-9.33974471005403,-10.2624497055636,-10.4530330601494,-7.74644201896591,-9.06225500496933,-3.52016833646983,-4.35936042248679,-5.40774619613026,-8.37272756433197,-6.13754640337354,-8.52001301611503,-4.31520097976713,-4.32763605726718,-2.87587920468453,-2.12865122698031,-3.65884728692718,-5.02807792209785,-3.49391873695689,-4.84669538420423,-5.28676381518234,-5.51772580559703,-2.94326304508683,-4.05906119456361,-2.40659269318999,-7.31541076286973,-3.77335219543113,-7.06540739508102,-7.2467332525278,-4.42027792713439,-5.08829252156787,-6.21724848149434,-2.75093279285089,-4.656092635883,-2.95948840387229,-3.01205240663407
Bermuda,BMU,External balance on goods and services (% of GDP),NE.RSB.GNFS.ZS,..,..,..,..,..,..,..,..,..,..,..,..,..,..,..,..,..,..,..,..,26.9949051371567,28.8080471545336,27.2427843142911,26.956275491992,25.8057389567926,26.6461804052301,25.910203769295,24.683870049995,25.4030423844416,25.9267471457062,23.6794802772149,22.8731623721526,23.9998305844938,27.8746065033316,30.0870335621332,..
Bhutan,BTN,External balance on goods and services (% of GDP),NE.RSB.GNFS.ZS,-5.29294357893163,-9.05363518997602,-24.9706386969559,-13.0373876791118,-10.3488535282614,-5.07124720143218,-10.6158467296759,-10.6084977186988,-16.9237763887613,-20.5563879526966,-18.0236747922869,-20.6111472132501,-24.4428532765654,-24.1362218329921,-29.7568714756068,-24.9346249502441,-4.53193426779539,-2.21476848415492,-8.75628105931531,-16.6268253895643,-26.2365762183213,-26.9491964737426,-22.4688075737212,-20.1838063917156,-19.5555733876431,-26.5669784505488,-22.1390850233587,-19.8955856385466,-21.3602819434618,-13.208510180631,-15.6990800105632,-19.1849668860751,-34.5735366050386,-24.9604120588495,-16.3728213109041,..
Bolivia,BOL,External balance on goods and services (% of GDP),NE.RSB.GNFS.ZS,-1.14930830647028,-5.48627514692132,-9.01933432742773,-9.30559530977456,-5.53422701721605,-4.63514385289323,-4.69255021468779,-8.24845702786466,-12.8837931687789,-10.4064577820247,-9.0482850743128,-5.28352397101824,-6.08135020423517,-0.766367540183534,4.81251494706804,3.45434449993905,9.00558010465893,7.52940205843241,6.94609108893797,2.81817573809572,6.8632860319386,5.70300828230978,9.38363208136917,6.95405152347145,1.32170641935031,-6.19625313227573,-7.4250234237644,-6.49837902805318,-6.21607748462804,-5.72609340445266,-3.77292790509145,-0.562053062769622,-1.93695057055997,-4.80270648312998,-4.10774675564034,..
Bosnia and Herzegovina,BIH,External balance on goods and services (% of GDP),NE.RSB.GNFS.ZS,..,..,..,..,-70.9506488399528,-51.0561346178411,-60.2646310347599,-44.963694955646,-71.0602146060908,-66.5326480069873,-41.5901056432348,-41.8982940207552,-40.4754545843996,-39.3934868033052,-36.7401999744095,-35.7226170396379,-27.3132573721053,-29.3487480003977,-32.4667419946643,-23.7287366547885,-21.5771315890415,-23.7644040915759,-23.444025986971,-20.4451469084354,-22.574039810831,-18.0622391411678,-16.4266161782473,-15.997056994478,-14.4629617196028,-14.435986613944,-13.3379357952133,-11.0939285062466,-13.59103079144,-11.7695521598166,-13.3547868480216,-13.1185264544931
Botswana,BWA,External balance on goods and services (% of GDP),NE.RSB.GNFS.ZS,5.26349372904067,6.50064297588057,6.60787160347055,7.98338939149163,7.46418764101936,7.07782403806561,16.7013136910561,13.1570619496066,-3.26269511954159,11.4654553770691,11.7388904503418,9.79015090797389,12.479079497908,11.8196731528944,8.22975267574725,17.3417550321886,16.949219607263,14.4634009136108,-5.11441268599888,-16.8134649162143,-10.3503390585073,-10.4886719467066,-15.6452329563719,-3.0235164188274,3.06839399534952,-6.71909633036532,8.75801975487983,3.91613360075847,1.00118385282909,-8.9173460497041,-17.8230388131339,-7.49985978033914,0.888527442489679,-4.31904697351355,-15.2919425607103,-5.47717174896797
Brazil,BRA,External balance on goods and services (% of GDP),NE.RSB.GNFS.ZS,1.23887388797918,0.763195435092725,2.48324853329106,1.40722276336528,0.351393057937806,-1.92670992225409,-2.17517210961447,-2.6089101107068,-2.37758425376977,-1.85236995626965,-2.26366534803512,-2.19286368220403,0.842823140524155,2.22118269421297,3.41327054511701,3.40086332879323,2.70693271597013,1.36273883261835,-0.189568391678627,-0.403233336535072,-1.04100856266554,-0.769379818781117,-1.35919546987673,-2.3014960354295,-2.66152017502132,-1.15324310058813,0.39967600829311,0.718201365447856,0.393795614628458,-0.644419487260711,0.60502547502016,0.562529977933522,0.445464030534397,2.27241877640431,0.292634941087382,0.34996353083392
British Virgin Islands,VGB,External balance on goods and services (% of GDP),NE.RSB.GNFS.ZS,..,..,..,..,..,..,..,..,..,..,..,..,..,..,..,..,..,..,..,..,..,..,..,..,..,..,..,..,..,..,..,..,..,..,..,..
Brunei Darussalam,BRN,External balance on goods and services (% of GDP),NE.RSB.GNFS.ZS,14.3046569481796,15.6123591414042,6.58708580969521,1.98537391993663,1.69042445201602,2.39142567792131,-0.471974164837551,-0.872860957000259,-5.0592540915641,5.40510060079844,26.8852592847984,24.7593551823292,20.0957664493211,27.7561611645371,30.6502035748346,35.5234990651296,38.7501890543152,32.9168135146606,42.1408562521881,29.1201215714904,39.4449584537443,39.4747546252988,34.6785598447599,25.1486359719453,33.9332027338844,14.529834204029,11.8357534260206,13.9697526190213,9.9684178065595,7.38242271825741,4.42121917352366,13.2147092415896,25.8047478877721,16.5429703105612,15.9540440870446,19.5334642090114
Bulgaria,BGR,External balance on goods and services (% of GDP),NE.RSB.GNFS.ZS,-3.60667040117206,4.27506882486055,-5.82688823517952,-7.62742365051009,-0.625183740757142,9.41645802701762,11.1731913516104,12.6886299479298,6.83748692881209,-4.57537217335997,-5.3079810361943,-9.3187372457441,-7.97500254606249,-10.1799925328301,-11.1506199572797,-14.6550862410752,-17.091705123749,-18.8224904033553,-19.7334319637913,-8.25493934068468,-3.18443033210503,0.158305742816621,-3.27877399398243,-0.558728254066703,-1.14675912166389,0.836192301258413,4.91634782448879,4.34661335564758,2.67092530898472,3.34076037191756,2.52634872528988,2.48512477085826,1.11407083622542,4.11044342018511,2.5136096478725,-1.03730215109484
Burkina Faso,BFA,External balance on goods and services (% of GDP),NE.RSB.GNFS.ZS,-13.4892676162715,-12.9011395414928,-10.6810556399553,-11.7219973906899,-10.8259799478019,-12.4663583383578,-17.0530873580527,-15.7913567834157,-15.3235775312449,-18.5468047700204,-17.4335069998909,-13.5700052800125,-13.581791588413,-11.9273730909208,-13.717768999156,-14.4884748119236,-13.1928153500508,-13.0826328559089,-15.0866628753806,-12.7180419507457,-8.04154082900233,-5.10625206459666,-8.04243714590839,-9.88188039635833,-4.95955418543457,-6.87389023876136,-6.06124319093853,-6.36400893191666,-4.43781333980506,-1.89330156076386,2.81395274140868,3.17378837158252,-5.08414329484785,-5.25419263161518,-3.36396525905799,4.97684954944271
Burundi,BDI,External balance on goods and services (% of GDP),NE.RSB.GNFS.ZS,..,..,..,..,..,..,..,..,..,..,..,..,..,..,..,..,..,..,..,..,..,..,..,..,..,..,..,..,..,..,..,..,..,..,..,..
Cabo Verde,CPV,External balance on goods and services (% of GDP),NE.RSB.GNFS.ZS,-51.6876450936366,-47.8258222209406,-49.3738747935811,-33.7847698507931,-41.4708429594929,-43.2416460013303,-35.0916527358438,-31.0958935510525,-36.2891080003425,-39.0171287140132,-33.5061712752387,-32.5448967317951,-35.9997888675246,-36.0396784737529,-37.5588238577598,-28.7891189353197,-27.5522867112186,-26.7144113499533,-22.2854807636679,-22.3852968774085,-24.9808045265782,-24.8079280587736,-15.7230100996839,-11.1361828960617,-16.8072674473486,-11.7380837513647,-12.432242424604,-15.9145267366973,-14.1355371232885,-10.1925901895359,-27.8067130487905,-29.7554619112216,-19.6256284173089,-16.4714846355701,-11.5437142861616,-11.3763349439204
Cambodia,KHM,External balance on goods and services (% of GDP),NE.RSB.GNFS.ZS,..,..,..,-16.6101105264441,-12.8841131735365,-15.3983649837463,-18.4335533186223,-11.7007733062381,-13.1431814144533,-13.0885157209085,-11.7873247623505,-9.41219084140827,-9.89166111960984,-11.6177210583173,-9.71476631628077,-11.4721325550114,-11.0040756559475,-11.4268498382538,-6.83593930961767,-9.86595899838129,-9.54531489965484,-9.94815063810824,-10.1702282451083,-11.6464212195722,-11.1958124673188,-10.1471561905702,-9.84088015902037,-8.55534395450798,-7.49486069980802,-4.84294312662401,-2.26180046464663,-1.45777722261379,-1.4595114052083,-0.421510285496507,-0.719841371833364,1.20329405780295
Cameroon,CMR,External balance on goods and services (% of GDP),NE.RSB.GNFS.ZS,2.86938335846493,5.35898156646298,2.23145232406497,6.62259151462944,6.00092002100725,6.55470326949317,3.40937184355386,4.83167539248671,1.66371617285083,1.61882128737615,1.78568121739437,-1.04983469095188,-2.50940599615771,-1.36936967226968,-0.742595016835547,-0.506768551616935,1.25375393651347,0.741592748911815,-2.90768621706606,-3.01127678965623,-2.50080480063113,-3.06261435805608,-2.28256503956453,-2.39631901015498,-3.61243824139382,-3.5618475688763,-2.73867401489707,-2.49682443925859,-3.11509593899185,-3.67833175340443,-3.26735739942895,-3.71306664529957,-2.64297592364977,-4.18481968564037,-3.05667126704254,-7.20596942416703
Canada,CAN,External balance on goods and services (% of GDP),NE.RSB.GNFS.ZS,0.154133495135162,-0.516833790983694,-0.339765824652439,0.0344025797918979,1.17163233043592,3.13436048392236,3.93680640681806,1.92932816993349,1.97716626016174,3.60732994682118,5.6531137918907,5.73569178749448,4.41027771890333,3.89186957658295,4.46311927979187,3.95424825107187,2.75269877669711,2.17569057971933,1.76639847825405,-1.4427204348908,-1.8733508918089,-1.14194914298856,-1.88950513299599,-1.56720909877066,-0.905509501984812,-2.46497766327513,-2.35853737407648,-2.19223542799697,-1.94907665428859,-1.46609047151413,-2.20947350833968,0.103319921461086,0.489254589402172,0.108761598286254,-0.18326866762038,-0.845731339786309
Caribbean small states,CSS,External balance on goods and services (% of GDP),NE.RSB.GNFS.ZS,..,..,..,..,..,..,..,..,..,..,..,..,..,..,..,..,..,..,..,..,..,..,..,..,..,..,..,..,..,..,..,..,..,..,..,..
Cayman Islands,CYM,External balance on goods and services (% of GDP),NE.RSB.GNFS.ZS,..,..,..,..,..,..,..,..,..,..,..,..,..,..,..,..,..,..,..,..,..,..,..,..,..,..,..,30.6070504410323,26.0585762248399,24.1035114443816,13.7944074038492,..,..,..,..,..
Central African Republic,CAF,External balance on goods and services (% of GDP),NE.RSB.GNFS.ZS,-8.80804578654192,-8.53597963800323,-9.49767608629921,-5.78951292864185,-1.61921045503792,-6.03400120342347,-4.14363247714039,-2.04994783778006,-5.73575873120454,-4.76504334070903,-4.91535481253191,-5.41599206218032,-4.18315490651817,0.240781673189075,-5.24811990117423,-8.3454302142282,-7.7638599316759,-9.35024417794286,-12.4301924054619,-11.8109466859205,-11.1788798104405,-8.21997813553185,-9.9591825906063,-8.45337798775036,-19.743516841995,-19.0098265296352,-20.8868847062827,-22.6239981916757,-17.7801400008917,-18.5550399978701,-19.1760600016935,-17.7042000015938,-20.6325700043215,-14.5989177896113,-16.417844208349,-14.2171358383446
Central Europe and the Baltics,CEB,External balance on goods and services (% of GDP),NE.RSB.GNFS.ZS,..,..,..,..,..,-0.708656185589128,-3.23520328648787,-4.19505921680521,-4.28272560675742,-4.57613766947269,-4.87438156575788,-3.91728934134189,-3.80974748255548,-4.00938532586697,-4.06906927077524,-3.37044425554028,-4.19294895144569,-5.03410687102556,-5.40339003962527,-0.820030642654579,-1.01491064409703,-0.567634766058248,0.520741569184722,2.12746599946171,2.06399548872822,2.71119812994037,3.61751292320741,3.15775288859166,2.05218907299063,2.45439514961932,3.06676861971104,1.06103818425692,-1.46531266023422,2.92608851103849,2.11871565964109,1.46420565886302
Chad,TCD,External balance on goods and services (% of GDP),NE.RSB.GNFS.ZS,-14.4266069410064,-12.4462751970092,-13.7230672505449,-16.0004411065646,-18.7771473556135,-11.8385214779883,-11.5230147005245,-12.2254289736105,-11.0757307707983,-13.8716262222082,-17.7909791497046,-34.9903329509311,-100.970926657025,-34.1129811460353,0.249125191867395,11.6072043648397,12.4700678247163,11.8315928077882,11.0749991802919,0.894552090031213,5.1455376988827,7.78157762814065,12.4108123463672,8.7721919365668,5.46644493686665,7.30546191953094,1.25795777367379,3.08117015521833,4.95113074463946,3.25918921663924,1.93087580497272,8.62019449109006,15.4823097969059,11.34052984562,10.8151900965822,12.6959657418255
Channel Islands,CHI,External balance on goods and services (% of GDP),NE.RSB.GNFS.ZS,..,..,..,..,..,..,..,..,..,..,..,..,..,..,..,..,..,..,..,..,..,..,..,..,..,..,..,..,..,..,..,..,..,..,..,..
Chile,CHL,External balance on goods and services (% of GDP),NE.RSB.GNFS.ZS,3.21525207004874,4.46221180521409,1.64839325983439,-1.82374205130753,1.69835200497938,2.27372300834435,-2.01985796934406,-2.3432897058405,-3.5490157724007,1.92261485579364,1.53558578846825,1.54985608725884,2.03058858920016,4.42853090290332,9.48213911941273,8.28860925699481,14.0197141452025,13.282678765965,1.64849521174984,7.5452380830513,6.09030773932773,2.89791731419986,-0.464960544001134,-0.968361972357215,0.373178226337891,-0.966952421385889,-0.21154484650037,0.636595138309788,-1.11896084864475,-1.86226256957105,4.47683193219555,-0.891301234761545,-3.99004743231151,0.873479013111739,3.50639435675522,4.1427448273858
China,CHN,External balance on goods and services (% of GDP),NE.RSB.GNFS.ZS,2.95054575453738,3.0170831275571,1.16638798927299,-2.64064661624748,1.29769212706346,1.61990618701885,2.02066969738529,4.42501286569947,4.22671356721463,2.77584309685704,2.35225624908626,2.07272781415574,2.50920440442025,2.12726757272195,2.57909845203698,5.3775205589607,7.48411387417746,8.54692723831214,7.47389420396512,4.24177919196867,3.59141806659602,2.35793856438755,2.6731955806883,2.41064480161362,2.07549690819934,3.18094361060282,2.23013078010439,1.72040771568555,0.646655214404206,0.825209544669879,2.2014242871262,2.22723233860642,2.94295638791102,2.06546863583589,2.92959659592385,4.18600884812329
Colombia,COL,External balance on goods and services (% of GDP),NE.RSB.GNFS.ZS,2.94752767697511,4.65915971016549,-0.574481952921505,-5.80848087400583,-5.92081378100043,-6.4297445393461,-5.64518378353415,-5.91398060173793,-5.89422137953144,0.543878186128783,-0.836806038430737,-3.12684026194261,-3.35149985936908,-3.36558409370468,-2.32192408419493,-3.48061001662929,-4.18418045932433,-4.23261284556109,-2.94845914628772,-2.3071371323075,-1.58291364922986,-0.917413407902453,-1.2127404513381,-1.81376935497197,-4.21796742180854,-7.06034109945172,-6.76837442780702,-4.99233544565771,-4.73531344181107,-5.82245667259081,-7.01101984934966,-7.66513448383997,-7.50591912466972,-4.51776713709677,-4.15708485766782,-5.4008614063524
Comoros,COM,External balance on goods and services (% of GDP),NE.RSB.GNFS.ZS,-18.0841241343935,-18.084635117557,-18.0843507195957,-18.0851230164627,-18.085170432872,-18.0844289231355,-18.0848964019604,-18.0844328871315,-18.0847230554262,-18.0852509549096,-18.084850391785,-18.0847072757376,-18.0847655712416,-18.0846993848521,-18.0850087301845,-18.0848471624145,-18.084915908914,-15.2054952788077,-19.7758318967769,-19.2730449813987,-20.2723117198783,-20.088141088054,-22.9186936392348,-21.1465397874083,-19.8828805521325,-17.532555457504,-15.7870885620414,-16.3617260244194,-17.178107363171,-16.7211572699732,-22.3864303989387,-22.2336552893255,-24.494715464835,-23.8181908135897,-23.0179237819084,-22.2896205707657
"Congo, Dem. Rep.",COD,External balance on goods and services (% of GDP),NE.RSB.GNFS.ZS,..,..,..,..,2.73386636125711,4.75604520235769,-0.310730572805226,3.750000046875,-3.09913015244527,6.09367901947438,-4.11517886007145,-1.06656784686716,2.02583997059498,-6.0304701051309,-3.87738759929399,-4.70788149747968,-4.25967979332408,-1.82017646856408,-4.97770215783324,-9.34086007998969,-7.60946575840916,-6.03700903882769,-6.58305989199141,-4.28380176064201,-8.21973718746034,-5.73967980541342,-5.76357766423875,-3.75040732253649,-3.62792560726118,-3.98289398832484,-1.33744710612778,0.271969752548739,-4.18151996587627,-2.63209113759044,-2.85457153743165,-0.499320329433102
"Congo, Rep.",COG,External balance on goods and services (% of GDP),NE.RSB.GNFS.ZS,32.7353648293963,13.5846340574997,24.2434879572385,11.496546862255,-15.7022059122928,1.09663605377769,8.50876356082173,15.4350992107398,3.65359707851491,13.1859518388187,36.6844100327154,24.1075726211981,27.5767798945318,4.7629538586475,29.691386949263,30.4572752404336,29.3274959398214,-11.6158439545372,13.6973503980206,-6.59254146908549,12.9914286605805,22.6317227686376,18.7196204944678,12.8658177765329,2.0696566386795,-35.6066239716807,-38.1227661838587,1.30836805933666,23.8379678103958,20.8218739475296,12.131461839758,20.1269385620279,29.4629570203849,17.5814612028099,12.371164022141,4.3762093675706
Costa Rica,CRI,External balance on goods and services (% of GDP),NE.RSB.GNFS.ZS,-6.90462752169417,-4.62745112282631,-5.53272937246656,-7.27789177491338,-6.22798625993527,-3.51594328645412,-4.03317671215573,-4.39505868211188,-4.1123369768343,-2.42288309528535,-0.664278464218188,0.164386393100454,-1.96487362027701,-1.98428159801091,-0.841168599627849,-2.29361899150657,-3.18648414062473,-5.29232126403666,-8.78859228523566,-0.494707643916997,-1.85326685967939,-3.69420441291056,-3.74590461044356,-2.88311200146428,-2.46541131856906,-0.762246182492556,0.341713923073601,0.453412527018279,0.530425303015685,2.87512392325562,3.64907375439502,1.55602414945586,2.1252306333772,4.75346638218781,5.20630094355138,6.20790717311849
Cote d'Ivoire,CIV,External balance on goods and services (% of GDP),NE.RSB.GNFS.ZS,4.57825373007861,3.02563137460664,3.79390851899422,3.536383899263,11.2181457113775,7.31625542209923,3.30532340279239,2.31761174668949,0.715073703668715,1.58144057659717,0.616125497605339,1.82552454100358,6.82037464757313,4.22196613262101,2.16428143213157,0.937024410192841,1.99148340538986,-0.449036900155838,0.0867168457988548,4.15257886270211,-0.473790899592729,5.84684964279227,-0.336108522440376,-0.0318739375923679,2.63349996807287,1.99541710410998,2.31814654527666,2.33506573128044,-0.64910887657004,0.660566947010915,0.0443051495467633,-0.521497102363104,-4.33167038888939,-3.94632580890499,0.791037676963738,5.01288447643869
Croatia,HRV,External balance on goods and services (% of GDP),NE.RSB.GNFS.ZS,..,..,..,..,..,-8.18910664291168,-6.43913143913144,-12.7989821882952,-6.71236658078763,-5.99309695638532,-4.42311704569163,-5.17161049852462,-9.37908612220377,-10.3508039926822,-8.52139267980852,-8.68687985406705,-8.42491770068372,-8.33063658638066,-10.1299538180647,-5.49947400228305,-1.64096569707324,-1.68219748113061,-1.60076801143087,-1.97949491811282,-0.38111794597486,0.211025540616978,1.09952487070597,0.587147108501568,-0.863703391615757,-0.411612574217754,-6.9880182878764,-2.75440069931269,-6.38634582106991,-2.14305559063471,-4.62953262324661,-5.04221564936811
Cuba,CUB,External balance on goods and services (% of GDP),NE.RSB.GNFS.ZS,-10.6364027952672,-7.13375711380116,-1.31033340516398,-2.52741027324415,-1.29646916297523,-2.50539389183902,-1.99861146867936,-2.90626299320228,-3.99940454605278,-2.79397409205819,-2.81592912247181,-2.89214200944373,-1.67517601702862,-0.683264069167605,0.732141454859566,2.67471246565456,0.238895166733658,2.70511006946637,-3.78200942994394,2.00547680412371,4.8485884840194,3.24684736918394,5.15579497135669,3.87696375797169,4.89361622989458,2.68096514745308,2.69594943988424,2.88010458230308,1.96191833258119,1.60585762407713,0.653923541247485,-10.2366392892384,-12.8815197767153,-29.2803434573663,-39.9229122608409,..
Curacao,CUW,External balance on goods and services (% of GDP),NE.RSB.GNFS.ZS,..,..,..,..,..,..,..,..,..,..,..,..,..,..,..,-15.9188898607966,-17.7742061148225,-24.3422383452757,-27.8060253407273,-23.334313774321,-32.8531453801277,-26.9520754690144,-21.6448173549566,-17.8081835067197,-12.4955752826455,-11.3255830620563,-13.0619593079334,-20.5530709851689,-28.7768570397945,..,..,..,..,..,..,..
Cyprus,CYP,External balance on goods and services (% of GDP),NE.RSB.GNFS.ZS,-5.60707927571489,-10.0086032892412,-11.1830868130594,-0.433626787708963,-0.397183765470495,-0.863926525546295,-0.433648942238959,-1.39175857936438,2.48522618487714,2.64359465491658,2.43074458630612,4.56864227421594,1.16928143195298,1.51962290931183,-0.124007311834258,-0.532852274615544,-2.93487628400837,-4.75716258616027,-12.7625392303023,-5.34659109437304,-8.23264757482956,-3.70895951853543,-1.7875114155298,1.66698022310659,1.05904666638334,2.75817978145862,1.9460059990062,-0.340397279657463,1.39870183103811,1.01156560305168,-1.37421102459958,4.68792950685492,3.57862277380716,2.0389834445441,3.63760095615296,5.65156201116657
Czechia,CZE,External balance on goods and services (% of GDP),NE.RSB.GNFS.ZS,2.33174671063697,5.5445950692367,1.19668628000653,1.11758038860498,-1.1287466385511,-3.04412005292391,-4.80148389943039,-4.11703254048203,-0.311035537170268,-0.475548841671169,-1.85394007584281,-1.29319093338643,-1.31977994916557,-1.51221394064726,0.624980366133953,2.32644557856745,2.72295008968198,2.42434519887705,2.16363133810387,3.90231415243423,3.02671591429801,3.75041968278696,4.72942555651656,5.65856026765101,6.28694759765381,6.0067332887199,7.66966134837075,7.61803039149359,6.07784508232902,6.09509228342488,6.74151616298218,3.72197398281956,0.807362176221072,4.91361556101417,6.25044830344602,5.85075449497058
Denmark,DNK,External balance on goods and services (% of GDP),NE.RSB.GNFS.ZS,5.55730297768705,6.22040112190112,6.90450159083126,7.53193253917937,5.92875073345932,4.71334651795823,5.6680685838076,4.36471210724676,3.0759988820655,6.00228819423112,6.71528121185067,7.13650788114402,6.84611814754535,6.78499415289513,5.63535879382754,5.35144722324195,3.93887148585628,2.74729987567765,3.47152728769529,4.60296285298569,6.79383283936203,6.15432402017224,5.7994047065436,6.22900522298097,6.45594827782968,6.49828069287248,6.03512198839121,6.47622620230559,5.15275125956845,6.00974076778084,5.6403619777515,6.09322304590076,9.5146048462102,9.00338668701092,10.2389954334025,11.0118407619241
Djibouti,DJI,External balance on goods and services (% of GDP),NE.RSB.GNFS.ZS,..,..,..,..,..,..,..,..,..,..,..,..,..,..,..,..,..,..,..,..,..,..,..,-34.8921120713381,17.334119861955,22.47915870558,-5.54394838373494,-5.77124346248037,12.8410725207001,12.4964985985889,8.52483674722875,21.9786592142979,16.2160618260701,15.580601395874,11.5930711902225,14.6911340809742
Dominica,DMA,External balance on goods and services (% of GDP),NE.RSB.GNFS.ZS,..,..,..,..,..,..,..,..,..,..,..,..,..,..,..,..,..,..,..,..,..,..,..,..,..,..,..,..,..,..,..,..,..,..,..,..
Dominican Republic,DOM,External balance on goods and services (% of GDP),NE.RSB.GNFS.ZS,-7.97699785698114,-2.93512265157135,-6.85730090951942,-5.22423197710911,-4.74082843587993,-3.44451613549433,-2.86907141848281,-3.78866208159919,-7.29153415539391,-6.34054906650067,-8.30474281261489,-6.72932763075261,-7.27526259169964,-0.143506865617647,0.943530345579584,-4.99128243289493,-7.31665009676113,-7.70521512924162,-13.5318028294848,-8.46457245856992,-10.5071591844345,-10.4153374118935,-8.9730108743278,-6.04613038824186,-4.84629876565692,-4.27345441939216,-3.34292304728938,-2.40003162324032,-4.3489916701632,-4.26231702710697,-7.13874686366603,-8.8934231331028,-10.3258244316363,-7.19698011236158,-6.24765959884833,-4.21506369171058
Early-demographic dividend,EAR,External balance on goods and services (% of GDP),NE.RSB.GNFS.ZS,-0.848224090182658,-1.989975374149,-2.44044838340347,-2.11736225500353,-1.02563748517163,-0.133045431657777,0.0844548578426014,-0.424688822138986,-1.58150789202312,-0.0501037300249259,1.30651843845445,0.948777495687178,1.36365193070612,2.02546192528689,1.79481637850604,2.59303709582095,2.68496549027154,1.60331722584701,1.24851734007455,-0.619259372540494,0.178258720909383,0.534028518134694,-0.206148221530476,-0.668353620019726,-1.11296156325713,-2.95932943469128,-2.36622842716236,-2.31470824312909,-1.8206838997792,-1.47257987946019,-1.62344083616373,-1.37363893490782,-1.11908042853534,-1.43332849371714,-1.57712432574434,-1.89032380909316
East Asia & Pacific,EAS,External balance on goods and services (% of GDP),NE.RSB.GNFS.ZS,0.72450367101704,1.21881945696521,1.59454129393643,1.42383685361226,1.34746317307798,0.629492113068736,0.172345202190208,1.12862756012646,2.99541713790974,2.43105765417789,2.01228288611416,1.70296286855112,2.25934041309213,2.42910510472639,2.51102030908718,2.9025609283614,3.69201783332927,4.52448830995775,3.2462476888338,3.09225360476209,2.90268429787476,1.8202150787325,1.46901103990153,1.42989528177949,1.59850377994379,2.84548006497557,2.58022636710408,2.3771777903523,1.44912988759484,1.5196877759046,2.44892156242359,2.47007564469711,2.45853067289436,2.28239616978955,3.05974338871938,4.08497220835025
East Asia & Pacific (excluding high income),EAP,External balance on goods and services (% of GDP),NE.RSB.GNFS.ZS,0.332360555491242,0.193854719426483,0.171185234814356,-2.08109805854205,-0.470531120021008,-1.05719423739675,-0.309817325597823,2.16230119582337,5.53783127699694,4.68386763201217,4.1708646299581,3.21269947914602,3.23776251343265,3.18390852244413,3.06673936909345,5.06693469488514,7.09778390922184,7.81892973759253,6.46965968863156,4.35816452357528,3.50058722264477,2.40363646336205,2.28815523503511,2.03111921162949,1.98913224851254,2.98496729188707,2.2371968518373,1.79637186770672,0.629077551602759,0.876472154646823,2.1197749916296,1.92297076184396,2.52700502876826,1.85869808955989,2.55150445387266,3.68088091803502
East Asia & Pacific (IDA & IBRD countries),TEA,External balance on goods and services (% of GDP),NE.RSB.GNFS.ZS,0.344507645068575,0.206969980045528,0.184947711543209,-2.06537173005559,-0.455191362731341,-1.0414731318183,-0.294877784601418,2.17658567976619,5.55025092106709,4.69661263142072,4.18573222981323,3.22697923340391,3.25246062524851,3.20016236108257,3.08501364753853,5.08518221786512,7.11544632379684,7.83598096760102,6.48614181499693,4.37165995940437,3.51583247484596,2.41939836226918,2.30338075036991,2.04594431399113,2.0031351632829,2.99675236857297,2.24867471381652,1.80833326758044,0.64155074707616,0.888181623253285,2.12997479855579,1.93420413968484,2.53853305912975,1.87021215137032,2.5633795008415,3.69264764745136
Ecuador,ECU,External balance on goods and services (% of GDP),NE.RSB.GNFS.ZS,0.933831749833065,2.15252719354447,3.46093663041767,-3.09953675919931,-3.21811135491377,-3.3374639874716,0.330866692737067,-1.94733389673686,-7.61120621615362,3.55383248155759,9.69782412951918,-0.914219298566117,-3.3678101774745,1.32600433363794,2.1248305900276,3.29614681889247,5.56101471890532,6.11428075642857,5.96230537807691,1.27191160632425,-0.80599455367921,2.19105512617778,2.65989254374147,1.31723268141539,1.28369676630711,-2.3190682545846,0.544090512115247,-0.646548534727829,-0.921607346018166,0.0144197038119414,2.57781339064587,0.870675557432041,-0.0303014331286249,0.136379816211067,3.55211120588043,3.52038303543084
"Egypt, Arab Rep.",EGY,External balance on goods and services (% of GDP),NE.RSB.GNFS.ZS,-12.2129436325678,-7.91111111111111,-2.51617541337168,-4.25257731958763,-5.48571428571429,-5.14705882352941,-5.44899738448126,-6.05490786009778,-9.49895615866388,-8.25747724317295,-6.61570126433402,-4.85085029272372,-4.35471100554236,-2.58682634730539,-1.35998351535133,-2.26555246053853,-1.61890885543144,-4.57841031149302,-5.59463986599665,-6.63980042218384,-5.23785844521797,-4.12077893662023,-7.91783603033379,-6.33734680713825,-8.43192488262911,-8.47825197430337,-9.55562117073891,-12.8039607210263,-9.94170845655994,-7.83595425303788,-7.18070409257875,-8.73467305008179,-6.80905323557539,-2.23821809086791,-6.84826766714811,-11.6942909760589
El Salvador,SLV,External balance on goods and services (% of GDP),NE.RSB.GNFS.ZS,-12.6216529560475,-13.3018841269754,-16.4094147119741,-14.7826842067981,-15.3032027048003,-16.251751817717,-12.9998809345952,-11.5134196924997,-12.0991189466183,-12.1976867295032,-15.0555484527919,-15.8721544226022,-14.8929118666197,-16.390140958713,-17.9698432129218,-19.1826779153626,-21.5762108364495,-26.4869869355005,-27.1847995957055,-18.1687821916392,-19.6439490197269,-21.3130885860525,-20.5064492673997,-21.0014023944384,-18.9986752809551,-17.5879246905911,-15.9019123714472,-16.245122439919,-17.7648693259444,-16.1301938831463,-17.4059103919195,-24.2820852015312,-23.8341505567442,-22.2285547958122,-20.3628583134101,-24.0649273416692
Equatorial Guinea,GNQ,External balance on goods and services (% of GDP),NE.RSB.GNFS.ZS,..,..,..,..,..,..,..,..,..,..,..,..,..,..,..,43.8102944492014,46.1185185241364,43.158798087387,49.7606937591325,26.4723427649047,26.8486413959454,35.8132786794684,27.1345611757865,28.4133483990299,27.5473785253579,14.4388884755408,10.2249291657208,15.2979521756026,15.5833878259263,7.38270667104612,3.76301505612252,13.2884534987108,24.121154268213,14.9205023462768,15.6637335480474,18.1077858039402
Eritrea,ERI,External balance on goods and services (% of GDP),NE.RSB.GNFS.ZS,..,..,-33.5299766771848,-40.9466197989046,-54.842452369321,-60.5465898953856,-58.1499795853559,-56.1851310832629,-65.2585984958702,-77.1904210807442,-48.5401207394972,-50.4486302390147,-53.0278019768834,-61.1231686230594,-54.0201088842496,-48.7746043816689,-31.4618272694398,-23.0158543651051,-21.7034367509744,-18.9148938965931,-24.7147122608311,-11.0841156053343,..,..,..,..,..,..,..,..,..,..,..,..,..,..
Estonia,EST,External balance on goods and services (% of GDP),NE.RSB.GNFS.ZS,..,..,..,-3.87281017808869,-9.94845978418357,-7.28477885742362,-10.4189436326927,-10.2866126015252,-9.56954422087074,-4.38423774693484,-3.24083773451,-3.95586211005571,-7.40430239227406,-8.45008862186286,-7.81780967131746,-5.06780608459327,-10.1080283244701,-8.79001141495789,-3.90433868093249,4.96376377299993,6.42011954334372,5.79316261033648,1.64011297007905,2.30658911328679,3.22552561724243,3.56176334314333,3.20749161779062,3.9754658216634,2.31576544968257,3.68616071129092,-1.0835344721109,-1.24010465924528,-0.827243337339567,0.956702291047616,0.301264232173345,0.964793396229407
Eswatini,SWZ,External balance on goods and services (% of GDP),NE.RSB.GNFS.ZS,..,..,..,..,..,..,..,..,..,..,..,..,..,..,..,..,..,..,..,..,..,..,..,-1.58930127536956,-0.978679978616019,1.45545753617391,1.21537376258306,-0.567543996378353,-3.74853763748003,2.88217418404749,3.19236839221699,-0.706247135492002,-3.58079968705872,-2.72256641397277,0.0311626895781123,..
Ethiopia,ETH,External balance on goods and services (% of GDP),NE.RSB.GNFS.ZS,..,..,..,..,..,..,..,..,..,..,..,..,..,..,..,..,..,..,..,..,..,-14.8592290122217,-17.8633077854547,-16.5036399628085,-17.457844330722,-20.929496950233,-19.2748959170284,-15.8449000624013,-14.4540126659929,-12.9353638787573,-9.75171454611091,-9.08163908222334,-10.1075789410964,-7.40636492609999,-6.3218942153461,-6.89227348823665
Euro area,EMU,External balance on goods and services (% of GDP),NE.RSB.GNFS.ZS,-0.462980692980846,-0.430542571959954,-0.169360519397998,1.18695982425958,1.35201601810627,1.59255746169653,1.85042227037667,2.23818079372803,1.96121371061136,1.39140495678201,0.874864959402338,1.55506543754505,2.49773890279632,1.99513545664103,2.16922035100342,1.60436352366669,1.25370581479852,1.45489353553147,1.13311194337304,1.69208525168069,1.59220916216142,1.70433600544284,2.94811622627554,3.55474999191048,3.87728100779384,4.47912464566312,4.49117828151299,4.37131794905747,3.95452843735028,3.48777416361967,3.57478066792367,4.00262690931596,1.96689077353933,3.59001957539098,4.35626009803254,3.88161341515127
Europe & Central Asia,ECS,External balance on goods and services (% of GDP),NE.RSB.GNFS.ZS,-0.488843680591625,-0.0836717833028757,0.710779864189838,1.33258611025325,1.4288671141538,1.63899648529074,1.75367623064784,1.88504706183596,1.4857872707182,1.32318020544608,1.26731151107399,1.64108753190978,2.04229060316229,1.73636053680432,1.93736277991924,1.76527942631257,1.61051775934921,1.40691282887021,1.5223509628287,1.87483889361126,1.92682319359943,2.17251039504064,2.92845151373923,3.07070365899303,3.27782803755561,3.55490317741749,3.25644810245516,3.25379476773905,3.54408434744743,3.13198028157245,2.89735234378568,3.92305767464072,3.1569376542059,2.96616651425109,3.45609101581714,2.69880741931135
Europe & Central Asia (excluding high income),ECA,External balance on goods and services (% of GDP),NE.RSB.GNFS.ZS,-3.4811038496294,-1.50423086129164,-2.02542962356873,-5.82706433716761,-3.68298940688745,-1.75951252847665,-2.98318446248036,-2.99397702197482,-2.64515141850286,-1.79275419640925,-2.4198440992787,0.564050202552835,-0.656531328427572,-2.12411522877075,-2.48983215074866,-2.40162045994899,-3.11550685605059,-3.78422449246635,-2.30606569656603,-1.06641784296637,-1.951374039589,-2.15510658702085,-1.28542612549629,-2.47265843619055,-1.00134636266321,-2.12739872473798,-3.03482106442657,-3.13623866066653,-0.54731561438755,0.140945742110745,-3.33334001830784,-0.405918836103581,-2.27199905433876,-3.6701844412503,-2.47643516529508,-3.75380235945777
Europe & Central Asia (IDA & IBRD countries),TEC,External balance on goods and services (% of GDP),NE.RSB.GNFS.ZS,-1.91307080588481,-0.702368867152146,6.98840760047523,1.5780295682981,1.1232674938477,0.810453808599256,-0.0411136698080554,-1.32218220742475,-0.578821836554045,1.54311115580225,3.09677629264876,3.06020483575185,2.06395191365716,1.75427827956694,2.19990158142779,3.09556651913348,2.59024718551037,0.425681978225562,1.21326128564016,1.77330240952779,1.91649086514571,2.39286625711988,2.35490548371369,1.65144317822612,2.47078923458695,2.36886803118728,1.06284364626354,1.25116615867197,3.97730465844811,3.46827199646369,1.24164832620756,3.70765446194751,4.49099393197855,0.710911947666133,0.738257393929565,-0.501665458589358
European Union,EUU,External balance on goods and services (% of GDP),NE.RSB.GNFS.ZS,-0.329502600163124,-0.194029422937696,0.0314150611198727,1.31699401976164,1.46451101485964,1.7411964085188,1.90464030707377,2.20570547091404,1.87962322309639,1.41177651055458,0.89693105653641,1.56427049415373,2.41082021159659,1.96454707659319,2.13446911127711,1.64132718979088,1.26444402920132,1.29297052160121,0.923986098350277,1.72283085543649,1.63075157432118,1.74021379675308,2.89143775650865,3.54149518800284,3.78102769747315,4.37435571929089,4.4037041875679,4.240933509192,3.74712750195878,3.46702085674006,3.62246943081325,3.80615966098976,1.86650506319778,3.64851112438281,4.25799463965979,3.79119372123282
Faroe Islands,FRO,External balance on goods and services (% of GDP),NE.RSB.GNFS.ZS,8.77901109989909,15.0790921595598,11.9259393719368,14.8966355897852,11.3966017405719,5.76237623762376,0.923666782851168,-0.145938057402303,1.69127480513867,-2.96809457226389,-7.87423483583751,-1.77804011722431,-0.49570357125118,-14.7135219267659,-6.01169047342546,-16.8710319340472,-13.7956611966296,-15.2471157395409,-11.5466727589277,-9.54350104396006,-3.73717039544921,-0.977506206978577,-12.0402574771507,-3.17635767945196,0.686037126715093,0.822313333718312,4.51996493858973,5.49169080652539,-1.23865148896438,2.91618660289278,-1.36745668007494,0.472925041380941,-0.114533656477211,1.05311591268819,3.35970854850427,..
Fiji,FJI,External balance on goods and services (% of GDP),NE.RSB.GNFS.ZS,-4.81313131313131,-3.19294809010774,-2.99583188607155,-7.06838453914767,-3.03018966742733,-3.55119275325706,4.0037493304767,2.60471898197243,2.50570863145075,-0.398521276316824,-5.12275004898805,-8.08878256246677,-2.45186072034321,-8.4357516279923,-16.7202914917645,-9.60515873015873,-17.8849728674165,-13.1854193856731,-16.7482905398837,-9.99629396129439,-6.35909928263683,-5.91564884584347,-3.0635042919231,-12.6015300924811,-6.14375487535094,-3.51553779639392,-3.88000780998028,-4.99053244842029,-7.7378284002181,-9.39976271098371,-15.2654022750324,-18.7957963188759,-19.2529863208709,-11.268177096858,-10.1510618651893,..
Finland,FIN,External balance on goods and services (% of GDP),NE.RSB.GNFS.ZS,-1.54896442548701,-0.949225087156122,0.846837921354941,4.60226609041,5.64944950687289,7.46338391533102,6.92411033860576,7.33631865949225,7.91324492863133,8.97090347392976,9.17102928453067,9.25228022376965,8.9733225545675,6.58739470319153,6.27122167555956,3.96803225923992,4.16577481328929,4.79474390432965,3.61590297189747,2.03868269733403,1.36489021881826,-0.781159090334168,-1.56055055944265,-0.984781102424114,-1.01576352286804,-0.398683108776737,-1.05554963215695,0.393847961336146,-0.845173670252905,0.672485933975633,0.244091257133429,0.0542683024874982,-1.99297349089748,0.0227102067727697,0.355443797487617,1.25744021099904
France,FRA,External balance on goods and services (% of GDP),NE.RSB.GNFS.ZS,-0.608884429011122,-0.125162421167438,0.927453286038952,1.90700245832315,1.74967543661321,1.94764815096757,2.13352535021388,3.4571966206528,3.08410140371039,2.74329318466571,1.73005094680599,1.96797416381162,2.32887866824335,1.67505304772298,1.32644289038957,0.504276927349924,-0.0135805620391743,-0.435492193180751,-0.781673484674395,-0.437215840439722,-0.934579064685492,-1.52794080949056,-0.947599771621397,-0.636663187841603,-0.715641134920571,-0.117697743110571,-0.346336298209102,-0.772180066113055,-0.96629699679387,-0.649874837945523,-1.72444508553381,-1.21238276445104,-2.73091094444259,-1.71363130525414,-0.328679075608037,-0.406732254812056
French Polynesia,PYF,External balance on goods and services (% of GDP),NE.RSB.GNFS.ZS,..,-25.5575028610869,-22.7012567372745,-21.2384109357056,-20.1659632499009,-21.2046707022289,-20.3941338130743,-20.7399828664135,-23.8373507151584,-18.6437419527651,-18.5485481227532,..,..,..,..,-17.9552357178622,-16.1047395205883,-16.6958494618069,-20.1744584655185,-18.2502081310453,-21.2876247770941,-19.7675708502786,-19.3255855736589,-19.0297825858318,-16.8226869755465,-16.4029384859256,-14.3912267261541,-15.4637736430838,-23.0563253507631,-22.1213943431146,-26.8337264857994,-26.0925641152835,-25.8921588449464,-23.5363602805463,-27.8261218614973,..
Gabon,GAB,External balance on goods and services (% of GDP),NE.RSB.GNFS.ZS,15.1795631247686,13.9919800406902,12.2822636226068,14.246190483656,23.4245931572443,23.639301874596,29.6555891238671,24.0717571001254,-1.16207939508507,21.4935562521769,36.3624244775788,24.9118517173558,20.458717851939,23.5562607845484,28.3107734118977,36.0677456748531,32.4942237853639,31.9247300086101,35.4005514281,20.8388869443933,26.1693220277721,32.9903669217689,29.5578739342056,24.0797756147897,15.5214557728913,18.1142355499128,17.9373135196914,25.3847674995213,31.56155528471,29.4340570057349,25.0849109850843,36.52992877974,43.0943775365891,35.9779022414204,37.109791445146,26.0932849901729
"Gambia, The",GMB,External balance on goods and services (% of GDP),NE.RSB.GNFS.ZS,-11.679942828321,-5.22510758745337,-6.25767030869059,-8.24589082577395,-7.43684292695851,-11.7254999506118,-7.35705118314772,-2.45309300524937,-3.25981296197113,-3.61857535629621,-4.76247124712921,-3.28766691883542,-5.32818175253291,-6.67122014396485,-8.74473382505002,-10.2121418382393,-8.30504390430869,-8.2279295450467,-10.1386991060567,-10.2851793735671,-11.6768852713522,-8.92089310992858,-8.01730864452303,-7.50359063052847,-14.5841398873045,-13.3806759145519,-12.6028183722795,-18.7721099639147,-20.2361044582018,-15.6661291426021,-28.1802323969395,-28.8633132767616,-27.5822202724147,-25.8555698886022,-24.6729326463948,-36.7105303073071
Georgia,GEO,External balance on goods and services (% of GDP),NE.RSB.GNFS.ZS,-5.34544968595483,-3.66492146596859,-30.6300268096515,-24.8614067293208,-51.3584062950238,-16.8248873912072,-19.0441411399767,-26.5326176205844,-20.6492005336413,-19.0406883412423,-16.6724628088233,-14.4071920887024,-13.1705740343348,-14.7219205754253,-16.7828751157843,-18.0115137381786,-24.1836416507734,-26.7568171921524,-29.7715846478881,-19.1026353830757,-16.7384536547925,-17.7390505383348,-18.4557203283507,-11.9309252522479,-16.5869264233024,-16.7418128401065,-14.9276677700873,-10.8311727140784,-10.4566584387535,-9.20146341953907,-19.0904358392416,-16.2521851327317,-9.73767924787263,-8.61705949884745,-7.82633931122517,-5.81671672729239
Germany,DEU,External balance on goods and services (% of GDP),NE.RSB.GNFS.ZS,-0.208131131092854,-0.503389649474432,-0.504944762528584,0.00864943607952929,0.115667947029956,0.356907886080013,0.660752063715933,1.02247887839445,1.16485603097448,0.540524927307389,0.165707202088596,1.56153639440135,4.04833225388601,3.62114592491108,4.96393434043889,4.95319708820102,5.17970636968403,6.3897695714769,5.78458104183402,4.76990501088626,5.10545796593838,4.85425441678104,6.03951730444972,5.77453880717814,6.53898347110207,7.41421366167481,7.2650936871129,6.95107572207338,5.86855676857803,5.60724624570291,5.30608104975194,5.12014099730063,2.47105447198695,3.97197646060612,3.77738815468807,2.35673648910157
Ghana,GHA,External balance on goods and services (% of GDP),NE.RSB.GNFS.ZS,-8.97239730923354,-8.56125714667055,-11.5416848771351,-16.1612819916841,-11.5038808837656,-8.4302024072139,-7.98057978427862,-20.5812561112135,-12.8568397317299,-17.5484261265902,-18.4439149249609,-19.5798212273481,-12.2567393884818,-15.9290604117132,-21.0636841043908,-25.2730802132,-15.2066732621238,-16.3041410764434,-19.4553110121285,-13.0110065711427,-16.4243798253677,-12.4222367544507,-12.449598780609,-9.87775510942056,-7.37275812188307,-8.85786127758497,-5.49052114786246,-2.7946157304754,-1.04872656663728,-1.92560300708984,-3.52465774282018,-2.59759197358838,-0.787368689149668,-0.846228541309404,1.14469463706007,..
Gibraltar,GIB,External balance on goods and services (% of GDP),NE.RSB.GNFS.ZS,..,..,..,..,..,..,..,..,..,..,..,..,..,..,..,..,..,..,..,..,..,..,..,..,..,..,..,..,..,..,..,..,..,..,..,..
Greece,GRC,External balance on goods and services (% of GDP),NE.RSB.GNFS.ZS,-9.5922077718476,-9.25144486292857,-8.14382497204299,-8.04553076630574,-6.44010890749807,-7.38600755547284,-8.19416390199375,-6.69789038453323,-9.51806379376436,-9.34420119618667,-11.0901418437419,-10.5381148035437,-9.28713234521815,-10.1473273864652,-8.60669584532347,-8.37047286251092,-9.55480097597339,-11.0293068820126,-11.5356996297696,-8.91819537959393,-7.46485939603497,-5.67779708787698,-4.46256767459159,-2.30033033301158,-1.40344529704275,-0.89892685269456,-1.29882864645453,-1.3237780053527,-1.97637075271039,-1.46951784499308,-7.39288148125149,-7.4918483495439,-9.65860211202177,-4.7934113634771,-5.5531713005164,-4.52808428784388
Greenland,GRL,External balance on goods and services (% of GDP),NE.RSB.GNFS.ZS,..,..,..,..,..,..,..,..,..,..,..,..,..,-11.7055879087704,-9.57897918250341,-17.5866078913919,-14.0876247755085,-22.5625239848783,-33.4149615013304,-24.2951307989501,-42.3604205142776,-54.5520777679866,-25.9544206661595,-20.5099638582181,-10.1429377468497,-7.94169075402348,-4.30757749523972,-2.82278837319227,-0.867532817512347,-10.1053505682728,-10.7278556162432,-15.572919433431,-11.7849585769107,-10.2928151002011,..,..
Grenada,GRD,External balance on goods and services (% of GDP),NE.RSB.GNFS.ZS,..,..,..,..,..,..,..,..,..,..,..,..,..,..,..,..,..,..,..,..,..,..,..,..,..,..,..,..,..,..,..,..,..,..,..,..
Guam,GUM,External balance on goods and services (% of GDP),NE.RSB.GNFS.ZS,..,..,..,..,..,..,..,..,..,..,..,..,-26.3406010606953,-28.6634911739983,-24.2698371672267,-21.0538808450036,-25.3421425200566,-33.7502842847396,-36.4963503649635,-37.3032311516156,-37.8460295009093,-40.5497592295345,-38.6134852801519,-40.5260233376551,-40.6773618538324,-35.1957234005863,-32.4860193187595,-31.3154831199069,-34.4571145265245,-33.5641227380016,-50.8620689655172,-55.646454924607,-56.0926193921852,..,..,..
Guatemala,GTM,External balance on goods and services (% of GDP),NE.RSB.GNFS.ZS,-3.81444358558431,-3.61504429986273,-9.2302702071301,-8.37286593894274,-7.33100280120376,-6.17134228075296,-4.77271835901729,-5.63973511092848,-8.08052672105539,-8.35065860370736,-8.75551911356832,-13.3419366065761,-13.6522579301409,-14.6401397532838,-15.3760529402426,-16.1938965805698,-17.2322568707363,-17.040329102608,-14.9300386795865,-9.30503400974752,-10.6742639063033,-10.9116394722913,-11.4252340623542,-12.6889159667358,-11.5945522398251,-10.2336376363121,-8.86655849267264,-9.07932460843253,-10.6730336447087,-10.2927886359032,-8.45353578558853,-14.0018354713512,-16.5455257935066,-15.0948161044544,-15.5383715672897,-15.4092655850835
Guinea,GIN,External balance on goods and services (% of GDP),NE.RSB.GNFS.ZS,-1.62306373997127,-0.174685993444114,-0.822088347222492,-1.07358816337222,-2.13307596493806,-2.33634616269596,-3.5320365551867,-2.25838620386926,-3.86624150890179,-3.01357224424334,-3.04097885453668,-0.987318893805299,-1.7095246901405,0.529018111894015,-0.816328615592329,-0.22318461802952,-21.7376781923094,-24.019120268479,-20.9033191708599,-24.7837687764298,-12.8641598964708,-20.750190698191,-20.3995428290922,-27.4852042672992,-23.3949439626897,-29.4489867820644,-53.0964422067135,-11.9310368621866,-8.56992047796082,-8.33121455733168,-21.8256232495053,-2.7582662326144,-3.32796982965131,-7.56540065962922,-14.9918041906303,-20.8541420666124
Guinea-Bissau,GNB,External balance on goods and services (% of GDP),NE.RSB.GNFS.ZS,-27.0985239872236,-27.8086354104099,-45.2093958746727,-23.8474278873528,-17.8549635054504,-23.4760937096149,-21.3113633681332,-59.6843725633886,-35.289242070278,-32.4415827309779,-26.5517771905592,-27.4248385076538,-16.7649304228114,-14.1699632382275,-17.3256423127959,-18.6586259663594,-28.00537785402,-24.0039237402298,-21.6057377331446,-21.3391313260826,-18.2357562385884,-10.0212685747245,-15.8945114315278,-13.5286194376192,-13.4814164082206,-4.27695166467783,-6.75121097042982,-3.84498677879405,-4.06585437619753,-13.3818371850697,-11.949450754412,-9.7355512095699,-16.4904551634912,-14.9525319177062,-14.9753369754091,-13.1466973103258
Guyana,GUY,External balance on goods and services (% of GDP),NE.RSB.GNFS.ZS,-17.1528892621598,-17.9800315659806,-23.4762091838918,-16.724253771734,-12.0656626266377,-10.9060335867757,-6.094913863763,-9.81654055486493,-11.9769217164568,-8.04237134894913,-14.6074240510671,-13.8284340476058,-12.1187075133344,-9.80910171868059,-9.59994053619835,-25.1050201670377,..,..,..,..,..,..,..,..,..,..,..,..,..,..,..,..,..,..,..,..
Haiti,HTI,External balance on goods and services (% of GDP),NE.RSB.GNFS.ZS,-22.5944871180986,-19.1845992144714,-17.3946656358717,-27.061566358691,-18.29218686442,-19.580691341546,-17.5681179925826,-15.9889641891642,-16.7198438020858,-17.4502555809051,-12.437561199795,-13.5183828224092,-12.370819534935,-18.6524724107679,-17.0309448652515,-17.7504859835818,-19.0147342790937,-17.3951703166255,-18.5622580027014,-15.2642681882122,-27.5809478097158,-23.9973420679279,-20.9480541847367,-19.2999382394641,-20.4018546600764,-18.4102441483084,-18.2069603297312,-20.0676070984777,-23.5769311192514,-23.4533719088595,-22.1118711639053,-24.7077366568459,-21.9459895772619,-18.8486941179583,-14.2738893591433,-12.7655326444169
Heavily indebted poor countries (HIPC),HPC,External balance on goods and services (% of GDP),NE.RSB.GNFS.ZS,-6.09016877343596,-8.12819254305623,-8.29592826161142,-7.55338286578739,-8.29755831556408,-7.46151880941027,-7.63201997852692,-7.91121505702876,-9.37469473871816,-10.2186419316917,-8.30007752522835,-8.51110559316428,-8.78747710368421,-9.07555638545175,-8.24312937343084,-8.91439015359445,-7.43277123465977,-9.05763283130156,-9.23965507938395,-9.40595759868837,-8.39912958716554,-8.67854995257565,-10.1779848450533,-10.7532964281222,-10.4690771248665,-12.2340932984159,-11.1529709580102,-8.68090852173565,-8.66223797422884,-8.22859898014539,-7.3968223722959,-7.08812923354434,-8.55839116424684,-8.37543711231073,-7.15305376342666,-5.91884593668514
High income,HIC,External balance on goods and services (% of GDP),NE.RSB.GNFS.ZS,-0.281725420471208,0.15794159664263,0.663314588854245,0.869691176491198,0.777273421335924,0.785252041987857,0.699227586513778,0.803152836948581,0.619611644932537,0.256143539620648,-0.0870192986213638,-0.0909617107128255,0.024241351766122,0.00323560906378262,0.106083591665666,-0.0426495536828568,-0.0637486956620528,0.126692858333723,0.109723519706979,0.636431695820477,0.802326354936348,1.05700663707126,1.30928889763344,1.55793622651496,1.45013647520464,1.14506146811698,1.17129554085762,1.29333377097717,1.3902135902772,1.07871218789688,0.815483075783103,1.28131911504874,0.949805413389932,1.09301844999002,1.23724321367248,0.930064352754034
Honduras,HND,External balance on goods and services (% of GDP),NE.RSB.GNFS.ZS,0.503383020428364,-0.129648931031853,-1.6226231967177,-7.32692483749886,-8.14189590399694,-0.784238458482675,-1.33513557275662,-2.01571113147183,-4.3422569335439,-13.8506591452038,-12.4477985864598,-13.1796712766973,-12.5362903413111,-14.0602221851898,-18.6157918362924,-18.4780845878636,-21.0225509966649,-28.0526118393336,-33.0984018178707,-17.8445043793867,-17.9240258481853,-19.7015292462297,-19.3826181650124,-20.4230686084909,-17.8497878246693,-16.9308904417239,-14.387507387756,-15.6254014055866,-20.6415290928025,-19.0224932644832,-16.2505761775536,-24.6418467400675,-27.8201613241739,-24.0546188908926,-23.8261869144265,-21.5238540032352
"Hong Kong SAR, China",HKG,External balance on goods and services (% of GDP),NE.RSB.GNFS.ZS,8.53792035457301,6.79957125685099,5.2001536307658,6.74622184509296,1.1571917188289,-4.48103048598488,-1.4847393469284,-3.35733528126122,0.536131747898055,5.16483584847264,4.40889389989241,4.69041178011145,8.15706895873945,9.09730406336116,8.71073974770473,12.2166238824467,11.1616648407458,10.6753511724325,10.1735474413568,7.87255649406809,5.87463379593454,3.85012639382144,1.1306005373433,0.60010148224879,0.204955298771463,2.38925396534183,2.28302600419658,1.00913253855545,-0.213759540443439,1.55910920899733,1.92925984932317,5.56884601075394,4.09028801796561,0.513784671324731,3.85921355976028,2.86997257316973
Hungary,HUN,External balance on goods and services (% of GDP),NE.RSB.GNFS.ZS,..,-0.784063496399715,-0.174381921495758,-7.12259007813796,-5.60592999579935,0.0446582270871701,0.520267113534442,0.997973691879181,-1.5495444746149,-2.72358291239697,-3.69862996241986,-1.31437346554513,-2.13465850480848,-4.0997618216912,-4.48745056470586,-2.96176809327875,-1.61855861140076,0.0428989091364727,-0.0453343895935213,3.40002191341932,4.66804700510687,5.63195342647645,5.99952080267247,6.31154562265781,5.69597313412194,7.57902978025714,8.2509824194736,6.4594508496291,4.09270022232639,2.2058449290971,1.64886055223261,-0.364658568558442,-5.34968205814719,4.15615309239841,4.46915748471278,4.48156031036347
IBRD only,IBD,External balance on goods and services (% of GDP),NE.RSB.GNFS.ZS,-0.380222372108374,-0.624152677771225,0.790366086451034,-0.784176255380473,-0.6483631451155,-0.550396359254965,-0.484845573365742,-0.34090853787432,0.0296274722550898,1.1747609843177,1.64933914500981,1.10578099845516,1.70479531027167,1.86531181120863,1.96100581801317,3.08488769360369,3.97929775719494,3.42818725499717,2.80627476915394,1.66761002629504,1.66278838418447,1.38447996216659,1.07886937995755,0.719695209892688,0.745400040617582,1.04540801992404,0.771739884765097,0.602228971898544,0.490460121636552,0.569873874327705,1.23628227589536,1.33973216361909,1.81596100236434,1.06613626234799,1.28090529002688,1.6072736689178
Iceland,ISL,External balance on goods and services (% of GDP),NE.RSB.GNFS.ZS,1.14203546893785,-1.27879261892672,-0.173003027399443,2.91436414622651,4.80414755401121,3.33331581921781,0.476011809499196,0.453975386322099,-4.27937342964623,-4.45384250890892,-6.79301211951311,-0.84395800429139,1.5817866916177,-2.92034082880415,-5.55622609151757,-11.5330261856634,-16.5297505551673,-8.86477419654832,-2.06739980131293,8.00947292512757,9.80816745395371,7.78143458220801,5.93585174360558,7.9501765113092,6.53948160818938,7.78074614142374,7.21802959159419,4.98364202989143,4.00883779345066,5.63535860321548,-0.377558797211993,-1.50182113685979,0.434372580019546,0.710304097774916,-1.26707380714011,-2.26013262564141
IDA & IBRD total,IBT,External balance on goods and services (% of GDP),NE.RSB.GNFS.ZS,-0.822783480743432,-1.14586236787379,0.185438215161572,-1.28174700464208,-0.905165702031585,-0.861301570070054,-0.847910108343036,-0.699231837086661,-0.348911383961351,0.7022036037453,1.20764928380177,0.67983305489884,1.25011236451763,1.36787103513233,1.45832746014009,2.45661225896329,3.28385952996902,2.74252525919255,2.10692623426527,1.05379670657955,1.14309863581236,0.861319242776887,0.472845277946565,0.110371215135071,0.160833461173297,0.393103323227702,0.180076776517339,0.0472893780028834,-0.123579716792435,0.000327862199807072,0.658785732214433,0.749832158859054,1.08719516237485,0.486472088879101,0.710085752433379,1.03520657659988
IDA blend,IDB,External balance on goods and services (% of GDP),NE.RSB.GNFS.ZS,..,..,..,..,..,..,..,..,..,..,..,..,..,..,..,..,..,..,..,..,..,..,..,..,..,..,..,..,..,..,..,..,..,..,..,..
IDA only,IDX,External balance on goods and services (% of GDP),NE.RSB.GNFS.ZS,-8.18788967122796,-10.1529654427654,-11.03946923815,-11.7288200200807,-6.53959059668932,-8.30272500353373,-9.4133994956129,-8.20753932836497,-8.66472768380597,-8.91885387630745,-6.71083051672483,-6.91636929601222,-7.19049661225733,-7.91805766364351,-7.69703839247216,-8.35364171028737,-7.75573405811817,-8.79650280862797,-9.52589857477713,-9.4902288809516,-8.08793968257912,-9.89037888420419,-12.6663127361602,-13.5184624547993,-11.787636028789,-12.0993292853967,-10.3683092480257,-9.60617059178577,-10.9282681707458,-9.85812367483765,-9.00522275625334,-9.73765295550297,-11.3208537185225,-9.84381395475103,-9.45945685938811,-8.3716552635284
IDA total,IDA,External balance on goods and services (% of GDP),NE.RSB.GNFS.ZS,-3.78725566193028,-4.65665459754386,-4.66268767852309,-4.87079795627024,-0.965454278203026,-1.79639691191436,-2.59681738454418,-2.46538390864202,-2.17596309492914,-2.9575127086547,-1.62727177165805,-2.05908203942746,-1.53245680931155,-1.95009774537481,-1.87302918669813,-2.83319044604769,-2.98641541734099,-4.00004391542764,-4.88481256248482,-5.04643309240438,-3.68315292407811,-4.2712989588208,-6.40567362632821,-6.65753982250546,-5.90641028403047,-6.6562301015757,-6.14258263359537,-5.95740719358894,-6.99611423391173,-5.63669044791666,-5.23495544086915,-5.76604407547598,-7.13107386500242,-6.11141497495341,-6.05220858140065,-5.24349936657406
India,IND,External balance on goods and services (% of GDP),NE.RSB.GNFS.ZS,-1.39956104190741,0.000754989935874379,-0.74724519178629,0.016895123258149,-0.301974544034664,-1.17951263612542,-1.15914932817409,-1.23795223028994,-1.66253172044436,-1.91146881869106,-0.906450287751646,-0.876495485614968,-0.979895086431919,-0.696608416561172,-1.78556413335122,-2.79117622520215,-3.18859765487213,-4.08686918154154,-5.17350591894442,-5.471830894171,-4.45333999982715,-6.54305737438719,-6.72486040591518,-2.98240934563964,-2.98625973083243,-2.29653555305562,-1.76601589208677,-3.15896727592607,-3.76131213467656,-2.57687373613013,-0.393151469925627,-2.62477212294165,-2.61759500261296,-1.6133481247678,-1.78872749699502,-1.74211855202993
Indonesia,IDN,External balance on goods and services (% of GDP),NE.RSB.GNFS.ZS,1.71965651860047,1.86295725393954,3.18749290550225,2.98624095521867,1.1457546536717,-1.33426003725737,-0.615639692959397,-0.27537224241424,9.75007677188731,8.08434530752776,10.5177410303677,8.27107066539839,6.29578000930272,7.33881581463063,4.6720943998287,4.14659938713492,5.4123058137465,4.04218699204524,1.05516870345029,2.80611796855043,1.89678799740786,2.47469299365683,-0.394140722908962,-0.79021991656832,-0.748206391649349,0.38271827808234,0.756645905001065,0.999111799760611,-1.06881596070924,-0.444721941534236,1.69016116954186,2.62835300316349,3.5411531766211,2.1566498947891,1.80935966969913,2.30188954645116
"Iran, Islamic Rep.",IRN,External balance on goods and services (% of GDP),NE.RSB.GNFS.ZS,-10.5230840978309,-16.5455310757314,-14.068745913892,4.7793589689205,14.9632484305795,8.20823649270245,5.16896132514117,1.90630361848792,-3.86145782158962,3.69863225740257,1.67686767189347,-1.92892576705229,0.655117755225773,-1.42416011347969,-0.780000814942751,6.22114310952584,6.57071178678175,7.79991788823952,4.92485213017575,1.72339805128444,5.02866282867812,8.64721146107695,0.861253717772014,3.27909556433882,0.309924637012444,-1.98091964744875,0.742321455009688,0.510168850831113,2.66403864454102,-3.96235479442129,-7.10371776267508,1.3660361358221,2.21488621269383,-1.5502549875488,-4.95918648273307,-8.73387187357064
Iraq,IRQ,External balance on goods and services (% of GDP),NE.RSB.GNFS.ZS,0.270354840728456,-1.21031951681444,-0.756330554503407,-0.393599316517585,-0.0284503804982109,-0.0102457135690691,-0.00856493551701861,21.5058479532164,23.5548167762209,16.9551655746551,26.0709527998752,3.76652681244874,21.3780552872002,0.550912474241096,-7.69216006052759,-7.04679914849156,12.4133661242431,17.7068252412933,19.6010711765823,0.112841693673022,5.33617880831575,16.6637178551984,15.4081861311951,11.917054660838,8.90096604605208,-0.563475716120295,1.62872716992017,8.05121443468007,15.8034922829552,7.11379797748699,-2.24176129263192,13.1400373563696,20.2930983349783,9.80114368099182,2.38809539656161,..
Ireland,IRL,External balance on goods and services (% of GDP),NE.RSB.GNFS.ZS,4.38301250340339,4.72345901048339,7.2654788572943,10.131253886821,9.43116281881042,10.9368367497134,10.9458856258328,11.9801191137344,10.8757322784275,13.0491768841878,13.8243513964924,15.6080341734477,17.179604266519,15.1496954316653,14.3636356317557,10.8798085619206,8.04754074524432,8.2767290766954,8.62712657668423,13.5208404936363,16.5738839248173,18.5168918408612,17.2877080611783,19.7503752502083,19.0129288949413,29.6721056310473,18.6483398889733,23.6884582390975,29.4837148733641,4.79624577391712,20.8433427874388,41.7629895821166,41.2565415180178,33.4031057631086,41.7993284646609,40.1744182132209
Isle of Man,IMN,External balance on goods and services (% of GDP),NE.RSB.GNFS.ZS,..,..,..,..,..,..,..,..,..,..,..,..,..,..,..,..,..,..,..,..,..,..,..,..,..,..,..,..,..,..,..,..,..,..,..,..
Israel,ISR,External balance on goods and services (% of GDP),NE.RSB.GNFS.ZS,-5.00746996924453,-7.76419110042944,-5.94459573103865,-7.80984325480291,-7.57270048340494,-7.69778052819906,-7.25922203495827,-5.00505653588302,-3.09675977711426,-3.14081172679082,-0.805307097454293,-3.13040587115319,-3.72935988224423,-1.50504388938654,-0.56686360749069,-0.685122357974517,-0.362400547785421,-1.37695269694045,-1.03508617489459,1.97016794548777,1.42549629633387,-0.546123497027196,-0.529025827756657,1.47833347166345,1.26734114896568,2.83162251430597,1.597238089406,1.6803176558956,0.642665462811046,1.64262932273823,3.16886916226219,2.81876841570852,2.09476182860072,2.67916647414816,2.41575763871077,2.12751095288072
Italy,ITA,External balance on goods and services (% of GDP),NE.RSB.GNFS.ZS,0.196672310420665,0.193136261857005,0.0445655757495229,3.03197488292062,3.27958932661995,3.65200774663109,4.52255862922424,3.7018181858029,3.0267771460376,1.77706299785054,0.847660105586353,1.25888806333925,0.754070958478514,0.454013403021039,0.587289504103389,-0.0984675130252154,-0.817417311071053,-0.337932478250641,-0.728731702770571,-0.587157381055368,-1.82480896905809,-1.3462416362579,1.0858788834701,2.32070018103813,2.79027553950321,2.85253629024185,3.16535108200003,2.69677780306369,2.35203103438267,3.20555757691456,3.51222646976348,2.04124010573852,-1.81822222075414,1.55589719427105,2.07752278895958,1.93081309539515
Jamaica,JAM,External balance on goods and services (% of GDP),NE.RSB.GNFS.ZS,..,..,..,..,..,..,..,..,..,..,..,..,..,..,..,..,..,..,..,..,..,..,..,..,..,..,..,..,..,..,..,..,..,..,..,..
Japan,JPN,External balance on goods and services (% of GDP),NE.RSB.GNFS.ZS,0.748711540246735,1.44252119807594,1.97687176161598,2.06108599174122,1.83079468427763,1.22210174051659,0.370248388996607,0.965112094707241,1.72257152533388,1.46865675442247,1.34458408508878,0.585420182648131,1.24498770452081,1.58657351647021,1.88919861265864,1.38779408141497,1.28352504597033,1.74245383201569,0.336361083060188,0.443906691282091,1.32546071702726,-0.642332911629838,-1.62646863104798,-2.38395128356965,-2.54859947339685,-0.543410631397387,0.788512917769393,0.742816999605393,0.0187119994869574,-0.28270244369909,-0.261842091964545,-0.501421974138063,-3.56489632597402,-1.47646311155409,-0.893120118065169,..
Jordan,JOR,External balance on goods and services (% of GDP),NE.RSB.GNFS.ZS,-29.7779870341531,-22.4814063556457,-31.1793707068469,-29.8149778601586,-22.6116861359099,-21.1402634313954,-25.3013254336672,-22.2419150137232,-19.4621929480552,-17.8488032812419,-26.6741127244236,-25.016892688216,-19.1963497203415,-20.9622753745487,-30.2426182501329,-41.4997311105136,-33.9987260430523,-37.5244203012043,..,..,..,..,..,..,..,..,..,..,..,..,..,..,..,..,..,..
Kazakhstan,KAZ,External balance on goods and services (% of GDP),NE.RSB.GNFS.ZS,..,..,-1.32669983416252,-8.8437316258314,-10.0522635906116,-4.57468521677398,-0.735963426303393,-2.52583736134929,-4.51577616444355,2.34503966190589,7.50516096455343,-1.05903128515031,-0.0504041374292084,5.37071176421955,8.59162114911068,8.62621348383364,10.4970688870293,6.46400868371898,19.9979652299004,7.91077742852965,14.3500931011628,19.8114685385975,14.495593587691,11.8264661006056,13.711481530108,3.98368720720549,3.37618069815195,7.97011793800494,11.7224803387558,8.01935764644242,4.03137123184299,8.62111567040413,14.8037030667477,6.96687113157376,6.01298417671085,..
Kenya,KEN,External balance on goods and services (% of GDP),NE.RSB.GNFS.ZS,-5.63570175185397,-1.51443457632647,-0.410121722558514,4.94877897604404,2.81443644751947,-6.56233920229767,-6.91090680496164,-8.68434215701929,-8.55872028501841,-6.5268045918945,-10.1339021027024,-10.0836832999909,-5.37672703460492,-5.95863528488702,-6.25648619783431,-7.46080573557718,-9.26660583735804,-10.0568062178661,-12.2304835408597,-8.39530082957784,-10.1455680545248,-15.3032518329067,-11.8937965774814,-11.8802814063994,-13.2248804305914,-10.0699168850011,-8.36552997183063,-10.5217379926624,-9.33080251002456,-8.90347046761454,-7.51704841872242,-8.78257137588336,-8.36126711146226,-7.50707913801143,-6.29634318499017,-5.99290902598126
Kiribati,KIR,External balance on goods and services (% of GDP),NE.RSB.GNFS.ZS,-106.271130866328,-84.3407532468023,-79.3535380558369,-65.8848050863489,-51.40936597067,-68.3618114779963,-64.119080763219,-60.5431595194494,-55.008009258871,-67.4026248182077,-72.4622448971694,-79.625757767641,-87.4826634721903,-71.2619089715264,-77.0759762878804,-95.3094680943792,-73.6433209569768,-65.2589074440436,-67.2173741880454,-69.362930421028,-62.5646981860114,-67.0958566377066,-70.5969769255356,-74.8512525034516,-80.1224890443505,-81.9741959065474,-78.0352296400202,-73.9974570446735,-65.1689137380192,-68.3788064838026,-57.562311154508,-66.9151328265158,-92.0760519072819,-94.7631386067192,-93.0785734649607,..
"Korea, Dem. People's Rep.",PRK,External balance on goods and services (% of GDP),NE.RSB.GNFS.ZS,..,..,..,..,..,..,..,..,..,..,..,..,..,..,..,..,..,..,..,..,..,..,..,..,..,..,..,..,..,..,..,..,..,..,..,..
"Korea, Rep.",KOR,External balance on goods and services (% of GDP),NE.RSB.GNFS.ZS,-0.853213592204829,-2.31476499300502,-0.684268185648941,0.295933213735821,-0.727850583615544,-1.21502802711532,-3.31150973554085,-0.949166996727933,10.1447968693229,5.12966478667257,1.66978772372385,1.29800739187832,1.06928534204662,1.4652050095921,3.29279711964965,2.08487849630543,0.516485614105957,0.75902040763082,-0.38905282072439,3.89662914724742,2.51585366507856,0.882025073458368,2.52979033798748,4.30019462255103,4.64098293740656,6.54808545154575,6.32625298509034,4.50563915770476,4.197183372285,2.63559003374654,3.68544253695652,3.37133377280451,0.00457444041102832,0.38495240187664,4.07398159944313,5.16447639894319
Kosovo,XKX,External balance on goods and services (% of GDP),NE.RSB.GNFS.ZS,..,..,..,..,..,..,..,..,..,..,..,..,..,..,..,..,..,..,-42.3493448522571,-39.2998528434615,-38.8391437339214,-36.247668958784,-32.3199800553398,-29.0957681335002,-30.0222812926342,-29.1176565441103,-27.3640027091711,-25.7524475902925,-28.208155231768,-27.1281935871178,-32.2177233688572,-31.8200650299232,-32.7607175894674,-30.6709002457421,-30.2929460492717,-30.2867087153984
Kuwait,KWT,External balance on goods and services (% of GDP),NE.RSB.GNFS.ZS,-13.1331022007838,-108.808876247967,-13.7475325882171,3.48533522854279,8.52303422180356,10.3895783778454,13.0977505806493,13.2620808758839,-7.23455384809966,6.49966738279333,26.3260243900331,15.7663551401869,8.00690250215703,17.6278456880117,24.5365850873738,35.7094417035417,41.3783742513446,35.097573402577,40.8356427846683,30.0562037237426,36.3190008793406,47.3188572350135,48.4522391242687,44.116544645282,36.9738604108012,8.83075645548414,-0.893101850799619,4.55258472764577,11.8372948518242,12.4307997631804,5.413784328877,21.4510101396454,29.9783788609621,19.3697736655559,17.5210373858925,..
Kyrgyz Republic,KGZ,External balance on goods and services (% of GDP),NE.RSB.GNFS.ZS,-20.3271028037383,-1.29729729729729,-12.0194253338729,-7.64375221767793,-6.30657614483493,-12.8899790029173,-25.819575799276,-7.90335563470933,-21.5427103629459,-14.7936156244871,-5.7352079403039,-0.297766077676342,-3.75802077307249,-6.5705353672408,-8.70390998688934,-18.4728917573182,-37.3087545617271,-31.2324301239555,-39.0081700328578,-23.9824592528982,-30.1242051410972,-27.1028860890153,-50.8675359042849,-49.5264777306057,-50.228877896849,-40.5823697401144,-34.172756267068,-32.1117630835871,-35.6720998915322,-27.4773430342292,-19.8285228156325,-28.6501971056428,-41.1121743872071,-58.596957405172,-36.5586490908027,-38.7845330479915
Lao PDR,LAO,External balance on goods and services (% of GDP),NE.RSB.GNFS.ZS,-13.1896818897131,-12.2748686835834,-10.0792477603339,-9.70557348403309,-14.8353885618829,-14.1136883109819,-18.3596743601672,-17.3725211838997,-11.3577949995014,-8.30677311719292,-7.51329416461553,-10.1531191328383,-9.74987352379817,-13.5712295572303,-16.2555064919607,-13.8651748297718,-5.65122037020624,-11.9840027377998,-15.5410211439582,-16.7646868693655,-13.9522858157556,-11.0123836726584,-22.4316697310144,-21.8329398193595,-17.5506449910406,-17.8938070872992,-8.67303600816838,..,..,..,..,..,..,..,..,..
Late-demographic dividend,LTE,External balance on goods and services (% of GDP),NE.RSB.GNFS.ZS,0.40486776197049,-0.0967365723266873,3.95533088559409,0.66013929757635,0.661567371530932,-0.307459484151895,-0.326224113437885,0.365169383701414,1.44197544265973,3.12283312554729,3.62776641063344,3.04455306616085,3.51802500764872,3.99922805748232,4.42887839954402,6.04210989915114,6.83103957191771,5.798393312448,5.36399072078987,3.97017800960517,4.14005321811555,4.08307249639024,4.06158417245017,3.60186431805945,3.3276266301357,3.75550022557666,2.87554135135091,2.82563858046656,2.63870987078467,2.00608162070808,2.7512939643296,3.48878476660067,4.55107017918787,3.36430987779517,3.9452421566408,4.65232620684003
Latin America & Caribbean,LCN,External balance on goods and services (% of GDP),NE.RSB.GNFS.ZS,1.48422035332738,0.390151000031388,-0.82554792012446,-1.58844572081389,-1.81713386113277,-0.697723415238695,-0.949951009015436,-1.86154785899394,-2.15804653707289,-0.810787411049418,-0.830684851284072,-0.472521271029443,1.08783133047163,2.05373517815487,2.18114552169471,2.14991189851703,2.22348249374156,1.33824850311071,-0.285998875325703,0.75521131733014,0.208438527092298,0.10894761836531,-0.440341830049114,-1.68404806371367,-1.00026262477276,-1.16817709862852,-0.254706140676298,-0.168361206711747,-0.673167431083261,-0.289495305576875,0.576234808202223,-1.01658302785293,-1.90912470502398,-0.354436098988149,-0.119121936558187,-0.284641658200201
Latin America & Caribbean (excluding high income),LAC,External balance on goods and services (% of GDP),NE.RSB.GNFS.ZS,1.16242760786409,-0.18780594294957,-1.35620717580369,-1.75614999955667,-2.2097442347166,-1.02801758644216,-1.08617195338229,-1.944496002339,-2.47801182024871,-1.3836895688219,-1.45215853923193,-1.44344298471126,0.0857522955918704,0.878473056466234,1.17916408633808,1.29833506752808,1.21690691284584,0.474504315334237,-0.630682939440199,-0.024640179932323,-0.401722045489901,-0.248530257516958,-0.4953892639044,-1.93121291579216,-1.29537559449322,-1.72093679852465,-0.881667745058639,-0.682067662725441,-0.897003896875152,-0.512245983595161,-0.083821200742495,-1.39024277830556,-2.05833058292985,-0.606673813509129,-0.614161426355192,-0.726258148536623
Latin America & the Caribbean (IDA & IBRD countries),TLA,External balance on goods and services (% of GDP),NE.RSB.GNFS.ZS,1.53212070066527,0.0924471904976993,-1.29023710136468,-1.81087847174853,-2.12510164662116,-0.905031650115617,-1.08223190912801,-1.92427749225071,-2.5034191960232,-1.24648352149237,-1.30560651705483,-1.26632650138556,0.210705992509183,1.06455317550151,1.57985386037592,1.59762397312583,1.86121589540745,1.02461730875855,-0.590440077075172,0.343976112653639,-0.170143105554544,-0.159022220484349,-0.619158539165966,-1.98471149473153,-1.34116342863541,-1.71749664848258,-0.805073967269106,-0.57744645015325,-0.86166598350411,-0.475813226857191,0.353226767749426,-1.17577710457754,-1.98698902728911,-0.3659099561382,-0.185958519605446,-0.23944664203848
Latvia,LVA,External balance on goods and services (% of GDP),NE.RSB.GNFS.ZS,..,..,..,..,..,-4.89500762369561,-9.28118868222216,-9.29301258783256,-12.413543438971,-10.089006076132,-8.169351837074,-10.5839917788826,-10.4644772438441,-13.1056219170315,-15.9849650983562,-14.9067022686984,-21.789187193196,-20.1080256950857,-13.2990985612257,-2.03993109801727,-2.13144285098343,-6.13127090388476,-5.54847380579697,-4.5252243865774,-2.89804899013866,-1.18888929085733,0.52632085966897,-0.434094800932671,-0.4944581733751,-0.217945675315532,1.43528647695722,-3.1740615000493,-4.88981050599162,-3.6636788577235,-1.58276091415009,-4.57845326300098
Least developed countries: UN classification,LDC,External balance on goods and services (% of GDP),NE.RSB.GNFS.ZS,..,..,..,..,-4.56606370895018,-8.11042762882136,-9.73270607149339,-8.21849865692669,-9.29287576226255,-8.75998178680894,-6.5952863137706,-7.33782572545465,-7.85259439800434,-8.1570152888439,-6.36105583166593,-4.7144188490752,-2.01583185505092,-3.02278519194814,-3.51247128811016,-9.03674705509455,-4.79161825167439,-4.64344191743778,-6.66695165876691,-8.85241927763966,-8.9192165799842,-11.2838461919827,-9.69151678941392,-8.53495605270736,-9.29330735845233,-8.59666967071175,-8.30776909603516,-7.77066953708642,-8.9489499598312,-8.04120323081204,-8.00496984520282,-6.84697789108679
Lebanon,LBN,External balance on goods and services (% of GDP),NE.RSB.GNFS.ZS,-81.9202359337601,-67.3970005882374,-61.1428461191844,-58.0022770022993,-54.5308980039532,-51.5224772397572,-42.4039727565418,-33.0226804123711,-27.190332326284,-22.6861915112687,-21.7601844734819,-24.3469763596046,-18.8452479911333,-20.617671345995,-20.8629879247272,-19.5155788560657,-19.8900820181881,-23.6846739575245,-29.5343642956181,-24.0064354646017,-25.0504072088102,-29.4136879493805,-30.927076166829,-32.8808190987327,-32.304827595626,-25.5597071811762,-24.2713060159839,-24.6015628872799,-26.7482649868587,-21.5853980966446,-17.3846305526664,-26.7773650170967,-45.2307197735727,-43.1035861342353,-35.5992614064093,..
Lesotho,LSO,External balance on goods and services (% of GDP),NE.RSB.GNFS.ZS,..,..,..,..,..,..,..,..,..,..,..,..,..,..,..,..,..,-58.5514287948652,-55.2896247858765,-69.3680796300573,-65.8499176250898,-54.3509164584256,-66.6167080094292,-56.8661603396572,-49.9930847094107,-43.9391656582466,-44.7559172509395,-51.4129032629612,-44.7687326217929,-48.0979771354476,-52.1985802422223,-46.8942998224977,-49.3612166434846,-55.356530461231,-53.6630997741222,-54.9198488205395
Liberia,LBR,External balance on goods and services (% of GDP),NE.RSB.GNFS.ZS,..,..,..,..,..,..,..,..,..,..,..,..,..,..,..,..,..,..,..,..,..,..,..,..,..,..,..,..,..,..,..,..,..,..,..,..
Libya,LBY,External balance on goods and services (% of GDP),NE.RSB.GNFS.ZS,8.55467318265119,3.06647366662955,5.12000838486532,-3.30261465923703,0.918029497341226,6.76029962546817,4.76190476190476,4.94027846490918,-1.51467587505886,5.63945822845499,17.8349148046118,9.90794573643411,10.6758419191143,24.0214158239143,31.3825897025012,36.572796615643,45.9405534209716,44.1326402914967,44.9892550143266,18.8528525849583,34.4668012683838,13.2863575080766,35.51139478156,13.4428542506319,-12.048240633309,-12.4501590896594,-11.9544009614359,6.84554523563811,15.4458752372846,5.71667561650626,-10.2482133251364,19.825145135827,27.6401623332949,10.1317738084002,5.9475052496799,5.76837605260171
Liechtenstein,LIE,External balance on goods and services (% of GDP),NE.RSB.GNFS.ZS,..,..,..,..,..,..,..,..,..,..,..,..,..,..,..,..,..,..,..,..,..,..,..,..,..,..,..,..,..,..,..,..,..,..,..,..
Lithuania,LTU,External balance on goods and services (% of GDP),NE.RSB.GNFS.ZS,..,..,..,..,..,-10.6671713840595,-9.32321496314658,-10.0859656112088,-11.4028266557296,-9.99159063545444,-6.17683498560436,-5.46122201968278,-5.67409406473885,-5.78447596830438,-7.02539361002001,-7.22213729778401,-10.2834906290498,-13.0946532321483,-11.5982555630593,-1.7551884432166,-2.0294805048426,-2.70687301540244,0.613211062155,1.45723922276025,1.93030900824328,-0.986813445918793,0.728400129662796,2.29428811674428,1.85690573820218,5.26244996545742,9.07280544340076,4.45083589107876,-2.1035872609471,3.87627456580411,5.46154153374096,3.86160236268525
Low & middle income,LMY,External balance on goods and services (% of GDP),NE.RSB.GNFS.ZS,-1.0090241267046,-1.49611637362875,-1.78854787365171,-2.38279294596354,-1.52307245065108,-1.34812394202555,-1.17723135450613,-0.744869024048445,-0.445738190981107,0.354178646616131,0.638875311047713,0.250479648422516,0.950589304059235,0.970368284744911,0.851124280303704,1.80546274733789,2.7352654170233,2.61258643743045,1.96982650662544,0.670875002727374,0.729752088520758,0.332078824525659,0.020591077643946,-0.344618226387105,-0.304897407258629,-0.0282213850992257,-0.136411740171447,-0.312871393413385,-0.715067116176446,-0.475620386965016,0.324961541604466,0.28780741548951,0.440472506613208,0.180912755202186,0.448523118513705,0.9160188697081
Low income,LIC,External balance on goods and services (% of GDP),NE.RSB.GNFS.ZS,..,..,..,..,-3.59327484827464,-7.59939775697159,-10.3909255584989,-8.15276471102718,-10.2189881619918,-9.06707538517572,-3.96372586954695,-4.14682823455801,-6.99769432726626,-7.36948979911836,-5.4595537979964,-5.47046865813077,-4.25623169013465,-4.19047027462241,-3.83570453193981,-8.32946994985501,-5.21434298226554,-8.52369867687818,-13.6750634154603,-15.732509882858,-13.6727839119433,-13.7742483235273,-14.7420893887571,-13.1876267331548,-14.1879433938239,-14.1200607259867,-12.4197198504762,-12.3305544003103,-13.6296752602899,-12.6117782129056,-12.0754364778317,-10.3175653917581
Lower middle income,LMC,External balance on goods and services (% of GDP),NE.RSB.GNFS.ZS,-2.8724458206447,-1.54220774203223,-1.7868118616673,-1.67492558356374,-1.3514098773275,-1.74494938434054,-1.7499495442496,-1.89035075728131,-2.13871547250674,-2.35672985064635,-1.42169483876196,-1.3569940281908,-0.670621664036457,-0.519967354560304,-0.72567632861487,-1.09417452996802,-0.861652958524719,-2.15456910248469,-3.08018600629688,-4.06498874203163,-2.57197493912193,-3.38934562802996,-4.1455721638175,-3.55985288111471,-2.7279870448074,-3.48334917734142,-3.0989260781653,-3.71999845940274,-4.08282794405343,-2.9653407956414,-2.2359589968446,-3.58746801206517,-3.8665209070467,-2.52910386177829,-2.82037283428708,-3.05297713578558
Luxembourg,LUX,External balance on goods and services (% of GDP),NE.RSB.GNFS.ZS,11.6146001795587,10.5472899195238,14.6499557016482,16.3269993608746,18.4930300441252,19.4132055106221,20.3252896368021,20.353145762833,18.8242360330527,19.9504043238973,22.8774970693089,21.6362349469688,22.0342589586149,20.7181589159412,22.2418422933425,23.5713232956456,29.601070675798,31.6683909418714,30.776042795173,32.3174644846066,31.7478373731493,30.2637929984988,30.6367409288497,32.233155538089,32.1363342632446,32.5389034053667,33.7598581043561,31.701015101158,32.5709547080797,30.4995110953243,33.2925297524043,33.730145109566,32.4397424020309,32.1926769706122,31.7980192220308,31.157392189158
"Macao SAR, China",MAC,External balance on goods and services (% of GDP),NE.RSB.GNFS.ZS,20.8410138248848,14.745504014865,17.0576073917149,17.7444008772513,16.7081351141543,22.6051797228456,25.6812537167244,24.5958489329032,23.4625951946304,20.1360752236068,30.7613074107455,32.4266947307301,34.145558932793,34.934312969598,40.6373708744232,32.4005543294154,28.3050733527148,27.0945667798166,32.7818594749732,43.4698364631012,54.9093869460569,57.7928803027124,57.8353505703995,59.8741500149301,52.632442670666,38.1595044155062,40.7271827024982,45.8393198640521,49.1347356299089,50.0622636963243,-0.104474064684795,12.4738522514588,-0.784840346165324,38.9596199008437,42.2997786497636,45.431776863458
Madagascar,MDG,External balance on goods and services (% of GDP),NE.RSB.GNFS.ZS,-6.64045080488691,-3.81190152807471,-4.16530977093096,-5.24650384313721,-3.51931359267663,-3.40069635704263,-1.83273703868657,-4.58786269403998,-4.50743584445039,-4.23117188277288,-4.53778576484698,-0.894627252779893,-6.55054312721684,-6.64227728228356,-9.86076897440409,-10.4913127220153,-7.12901137459279,-11.1103210724858,-18.9429551610412,-21.6600379246254,-14.1261334728589,-11.0438152430419,-9.09032987522838,-9.82324963437034,-5.40560826185957,-4.43908657714055,-2.64955961603378,-3.53813975432982,-4.76945736047588,-5.7525205593178,-8.72655759863166,-9.03259439246039,-9.45026143149508,-9.31644251194588,-9.5211854361041,-11.5748514602699
Malawi,MWI,External balance on goods and services (% of GDP),NE.RSB.GNFS.ZS,..,..,..,..,..,..,..,..,..,..,..,..,..,..,..,..,..,..,..,..,..,..,..,..,..,..,..,-19.9500581061444,-20.2332107868281,-18.2165392741986,-19.0228354948359,-19.1718489857669,-20.9318631638671,-19.9475956201911,-19.3326984182682,-18.1017503359257
Malaysia,MYS,External balance on goods and services (% of GDP),NE.RSB.GNFS.ZS,2.04398686608275,-3.66034161214884,1.35649911734646,-0.0998873363764126,-1.60338891134293,-3.93485951104179,1.38531994387779,0.913784843591973,21.9952478966824,25.0518679097232,19.2126284718618,17.4403467024412,17.2543728944477,19.6917632393993,20.372409545025,21.9433089639389,21.793814847583,19.8710433763189,22.3308297043051,20.2746132814856,15.9158252519375,15.5731996099735,10.758073085049,8.53709059565252,9.27476607470968,7.52730934889102,6.65188088280173,6.86831164523785,6.7073173372457,7.52697165777222,6.36768937323138,7.2301164079408,7.19099021126127,4.76444548903423,5.31959880442262,5.53915827443981
Maldives,MDV,External balance on goods and services (% of GDP),NE.RSB.GNFS.ZS,..,..,..,..,..,..,..,..,..,..,..,..,..,..,..,..,..,..,..,..,..,..,..,..,16.6090036467973,9.13507088361047,-1.15294601870288,-3.79321367787672,-9.59452725056436,-6.09839499516654,-17.8795036443097,9.59067362865349,3.09827818695121,-1.26243764521132,-0.0455226593411023,..
Mali,MLI,External balance on goods and services (% of GDP),NE.RSB.GNFS.ZS,-12.6149076374434,-11.4581852113962,-13.9376009015486,-11.1872226293568,-13.6419567553999,-13.6935231464369,-10.9575775953217,-7.41179625008403,-6.98320133025173,-7.24973153675573,-8.04918665799235,-6.788850808815,-1.18792723938717,-5.69406918916039,-6.39053594766842,-6.85132521968123,-3.58219700956466,-7.35140443195622,-12.3078028385405,-5.72325268561616,-10.3894169319988,-6.87842614491219,-4.18585758178313,-12.6466348679377,-13.1343682195531,-13.1272808225891,-14.2948609156512,-11.6789833084279,-9.50172813656654,-10.5442622808719,-5.7570286966327,-9.84550706390188,-9.51002223686472,-8.05640222095805,-5.11564574194339,-4.6186574255302
Malta,MLT,External balance on goods and services (% of GDP),NE.RSB.GNFS.ZS,-12.8164851321433,-10.4938802805434,-6.94624011977672,-9.28106683985187,-9.77826419066863,-6.42088111909751,-9.87191904455587,-6.09752053721767,-6.42543577958075,-4.62036694940603,-9.06276961281288,-4.40873689831154,2.51156242634663,-3.66163689703133,-5.69505739777504,-9.10137218219411,-4.07561774132879,-3.12434527469224,-2.80471689150484,-1.49109074294981,1.01530136561267,2.85500065443216,2.3844208622436,7.90700057390576,12.5585061877496,10.2691475186621,12.9730501557719,20.2054036467993,18.6000564400513,15.9696376884042,17.5470444799714,17.4958187714681,12.0173702237445,18.3633774277412,19.2326476982456,19.20479143271
Marshall Islands,MHL,External balance on goods and services (% of GDP),NE.RSB.GNFS.ZS,..,..,..,..,..,-62.2271479663977,-66.6932472171607,-55.8066773627266,-62.4403832958122,-63.3848865614312,-72.4360732681113,-67.8350997213374,-47.659593816308,-56.5946380840168,-53.4450714823175,-59.2279710144928,-62.0946927374302,-62.3302325581395,-63.2907230559345,-73.1499338624339,-72.6196151458721,-50.7366221706326,-47.9679026009961,-59.6288626609442,-50.6116666666667,-50.0054436581383,-43.3397423191279,-46.9194197473093,-49.0307272727273,-78.8839845427222,-36.8490488006617,-28.0993165432515,-48.3822691019563,-41.6666666666667,-43.859649122807,-43.8311688311688
Mauritania,MRT,External balance on goods and services (% of GDP),NE.RSB.GNFS.ZS,-5.76461253195916,-0.735587335821452,2.41600696075958,4.64556516513581,6.7133729437747,9.55598615726965,7.87093718278801,4.0345445670538,-2.47267543176063,-3.87856596315966,-7.90614333889812,-9.62722229943956,-7.23831279449592,-17.0684799822981,-28.6802895414045,-34.7286054522742,1.9397054417611,-5.01773208133612,-10.9145100435229,-7.51712099599041,-1.94204890803756,1.88028979541675,-14.2654123241922,-11.3016257586844,-16.8319699197184,-16.9564969838268,-5.30298057596202,-9.80362512319905,-15.9742286909273,-8.69164605381034,-3.96395956518413,-8.5948272285185,-22.5502834797117,-15.3512628847147,-10.7771731773379,-14.3183866861909
Mauritius,MUS,External balance on goods and services (% of GDP),NE.RSB.GNFS.ZS,-7.10264495766597,-3.69381625216087,-3.19925753628913,-5.95881081503124,-8.62180812468338,-2.39210670300549,-0.677573498899475,-4.81637296087145,-0.820606083931884,-3.04493097073844,-0.122523076705611,6.11301071364965,3.34926483548431,1.87079332975636,-1.79825775592784,-5.12810130587587,-10.0630514795226,-9.05022415296414,-13.2213365352249,-9.08572026843099,-10.9456002100551,-12.602171708132,-11.8803805816723,-8.08049057127664,-5.46651889845214,-4.00453130753553,-4.21496497821062,-6.27564244364401,-6.4039797074324,-7.2490269827032,-10.4031940864574,-13.6582959789329,-13.6052053298995,-9.23910142697917,-11.1980327254109,-9.86988872593211
Mexico,MEX,External balance on goods and services (% of GDP),NE.RSB.GNFS.ZS,-1.11075431498621,-2.91975509021086,-5.04000701816192,-2.97115419431017,-3.64928070910383,2.06602211605181,1.6784403703765,0.0192687222807484,-1.58838534968979,-1.17853107803576,-1.44806225098916,-1.6576886022459,-1.5063054123769,-1.3892298623911,-1.83390801755218,-1.58849699492463,-1.37261974746509,-1.69640173873917,-2.32515941667732,-1.56520268489561,-1.23846429847528,-1.27645482147645,-1.1790311072567,-1.18007360474353,-1.17242463508096,-2.08742930172503,-2.05894890589345,-1.92394880103589,-2.1248007728556,-0.402670673078944,1.6161884754227,-1.93091123353361,-2.93390516007755,-1.4432070905527,-0.858669079704223,-0.633272996185723
"Micronesia, Fed. Sts.",FSM,External balance on goods and services (% of GDP),NE.RSB.GNFS.ZS,..,..,..,..,..,-54.5628154412768,-66.0367774052626,-70.9403064229843,-64.658974711875,-62.6154184022111,-55.3095418105295,-58.3786719867404,-54.7013035320632,-58.5183890925043,-64.1085242684729,-59.919028340081,-60,-54.5454545454545,-63.2183908045977,-66.0649819494585,-59.5890410958904,-58.1168831168831,-52.1604938271605,-53.1847133757962,-41.4556962025316,-49.3589743589744,-44.3425076452599,-39.612188365651,-29.6954314720812,-35.6962025316456,-48.2699642560915,-51.0722751855903,-46.9615967328215,-51.0186114088451,-51.5462524731289,-48.8244662788343
"Middle East, North Africa, Afghanistan & Pakistan",MEA,External balance on goods and services (% of GDP),NE.RSB.GNFS.ZS,-2.43692918062805,-8.11166192037099,-5.34415319716753,-4.010625768021,0.770243865785304,0.224853297110734,1.53723641017472,2.29290634417433,-2.92493998781615,2.37444061243291,7.85429151948209,3.87939555219043,4.64385047122416,6.29444018713548,8.00776431890392,12.3389801917439,13.6063042630472,10.4269939944603,11.5328571730682,2.62029729785563,8.5295245714461,13.2219659170478,12.5011304231191,11.2532944718074,7.1018887562883,-0.888412186237055,-0.961875125300878,1.32476669869634,5.06095613649352,2.48393050568965,-1.8081485815678,3.78356949341165,8.17133690529653,4.37724946556371,..,..
"Middle East, North Africa, Afghanistan & Pakistan (excluding high income)",MNA,External balance on goods and services (% of GDP),NE.RSB.GNFS.ZS,-5.35812873195049,-9.47358870506654,-8.70991732585222,-6.60878851966405,-1.54310831088628,-2.7903135464384,-2.51545976779646,-1.85955325035009,-4.85633177980027,-1.18299031338314,2.21524772925881,-1.50479236016163,0.225475857571386,-0.311208165452911,-0.145025199056157,2.57205977914376,4.97333109114489,4.44003684315857,3.15215686095617,-3.99836966670126,-0.0378835949193537,1.5464514488339,-1.23100324162258,-2.5157393196904,-5.68958695116991,-8.35139076547286,-7.7354660310335,-6.71791117827931,-4.8526772107728,-7.19997853621009,-9.21029019399368,-4.8773776784199,-2.60127543647241,-3.62650574244991,-6.87084767848152,-9.74182853033732
"Middle East, North Africa, Afghanistan & Pakistan (IDA & IBRD)",TMN,External balance on goods and services (% of GDP),NE.RSB.GNFS.ZS,-5.01148385193414,-8.9865463060653,-8.24092872396876,-6.12530453416204,-1.0995192386459,-2.34093271668974,-2.09282063515111,-1.41861645363016,-4.44017674839204,-0.677175042662935,2.58305530541688,-1.15579856199448,0.535940113281264,0.00508590169897261,0.195039610695368,2.91725124337717,5.29258543596424,4.72294367678852,3.39422450981748,-3.76209650599478,0.193909118027314,1.75465804536778,-1.03182149086688,-2.29489218187596,-5.47393613284196,-8.11459376680853,-7.49216035665694,-6.45655501973371,-4.55102842758565,-6.91062117944688,-8.95180614898849,-4.55765811495228,-2.21254141786287,-3.2779732564812,-6.70486072289758,-9.57150581697985
Middle income,MIC,External balance on goods and services (% of GDP),NE.RSB.GNFS.ZS,-0.823276644291621,-1.16033668120682,-1.51935819240343,-2.11122024104351,-1.4489257951712,-1.21726685035328,-1.01971357113113,-0.608642118431874,-0.277580894411731,0.526843170546709,0.759090510763734,0.362525868431611,1.12715388073417,1.15643702289616,1.00983869049298,1.98405027782661,2.90995715445367,2.78206215501224,2.12503599561583,0.868380248737711,0.870950717256946,0.515223936036357,0.257620604827579,-0.0906080783675165,-0.0761372411342194,0.204832029305386,0.0866753267611919,-0.117015063998434,-0.511823235451967,-0.269651780498457,0.520955330181742,0.47381022794568,0.664105194516463,0.382924836651441,0.655882312610384,1.10762211374491
Moldova,MDA,External balance on goods and services (% of GDP),NE.RSB.GNFS.ZS,..,..,..,..,..,-7.76433840068583,-18.5810257103438,-21.1601692277931,-26.7640512675079,-12.8911823946882,-26.9628725087172,-24.3906539584666,-24.9117324643558,-33.4301495347406,-30.311245004995,-40.6963985976841,-46.6420900925057,-51.559591989519,-52.7841041289215,-36.6190818129922,-32.2786257669851,-33.536681393067,-34.0407087591359,-31.5020705011814,-31.1723648499661,-25.3525718798709,-23.2716858489181,-23.5576970799487,-26.0540475415259,-25.2500671989369,-23.4370495916508,-27.173311114547,-29.6647526708657,-23.7694495765528,-25.756839015971,-29.1623086920763
Monaco,MCO,External balance on goods and services (% of GDP),NE.RSB.GNFS.ZS,..,..,..,..,..,..,..,..,..,..,..,..,..,..,..,..,..,..,..,..,..,..,..,..,..,..,..,..,..,..,..,..,..,..,..,..
Mongolia,MNG,External balance on goods and services (% of GDP),NE.RSB.GNFS.ZS,-22.0724916118126,-28.4668677205518,-7.42966039850579,-11.0776798376727,-9.89590806921791,-1.02091450899988,-6.92542441128697,5.34124116332082,-11.664181754144,-11.9244573169303,-13.8931068224853,-15.1816448948706,-17.0640211570616,-15.5952944489904,-9.75376839565406,-4.8426923028525,5.95654705812931,1.34847043891912,-13.1639415671211,-7.25775851045827,-9.99206648914286,-21.8921185422231,-22.4442619499114,-22.5315146991038,-4.82431448873145,-1.28556300844836,0.68915088663081,2.40045666608742,-10.0263086876599,-5.96204825985698,2.48205183888157,-2.0003505295879,-6.20522763279334,9.64998765500338,-1.01525371313577,5.43073434719848
Montenegro,MNE,External balance on goods and services (% of GDP),NE.RSB.GNFS.ZS,..,..,..,..,..,..,..,..,..,..,-14.2952184434817,-23.5624773185289,-24.5171657650625,-16.3758966127375,-16.0655606147625,-17.5268898960548,-36.9286025220182,-42.7726741617123,-53.3572643737611,-30.8871958811116,-25.4389561356952,-21.8693698555746,-24.3389717901304,-20.2845846421506,-19.9017892878167,-18.6683330587825,-22.5719627702817,-23.7091628069727,-24.1818010350249,-21.368448028198,-35.3568007688834,-19.4805127538691,-22.7660544273705,-18.3486234119413,-22.4499385541074,-25.6484249577671
Morocco,MAR,External balance on goods and services (% of GDP),NE.RSB.GNFS.ZS,-5.50804640549456,-5.14175997732214,-5.91900694579703,-5.54695362028093,-5.43655080746102,-6.36858530736244,-3.42359353060533,-3.30191891423538,-3.58748818089278,-3.30953792039043,-5.04665005930098,-2.70048029865199,-2.42136829110524,-2.97888510046025,-4.85322746283802,-5.50202841834408,-5.41426418455841,-8.49409916170871,-12.8900248256723,-10.9366009376083,-9.96408224968731,-12.9169029612294,-14.0279096053799,-13.3512252532084,-11.6275934790814,-7.29696814544591,-9.65347009684267,-8.96043589710113,-9.59801277905553,-7.81200094206008,-7.25558948247991,-9.2512472944931,-11.4830537389608,-8.28267769906397,-8.19019801490357,-9.16322896633797
Mozambique,MOZ,External balance on goods and services (% of GDP),NE.RSB.GNFS.ZS,..,-33.4819655182928,-41.0341843924928,-38.7590138900421,-37.716142038566,-41.0475658342969,-27.3232729363167,-21.8404988694691,-19.1321369453768,-27.7595787815077,-25.3495104188196,-12.9357450180696,-30.3692694133776,-24.5446520629961,-19.302773333095,-16.2737335242891,-11.2705339889167,-9.47870244609904,-10.288885376275,-11.9317298295098,-15.1008877934758,-21.6484113987355,-45.8997097561155,-53.3977620574877,-50.7787806480329,-33.6166165854096,-39.6304834107478,-23.6587140609791,-33.545385844742,-31.3070586802566,-34.3263991144102,-31.3779674097866,-35.6243646579796,-14.8255023646845,-9.98579828864703,-14.3408596796539
Myanmar,MMR,External balance on goods and services (% of GDP),NE.RSB.GNFS.ZS,..,..,..,..,..,..,..,..,..,..,..,..,..,..,..,..,..,..,..,..,..,..,..,..,..,..,..,..,..,..,..,..,..,..,..,..
Namibia,NAM,External balance on goods and services (% of GDP),NE.RSB.GNFS.ZS,-6.63830075415083,-5.87050975951917,-5.94367539849197,-2.88835431750707,-1.28252345143143,-4.1833151897037,-5.73492154723841,-7.54911990710892,-9.39060407732308,-8.2394561262993,-3.65994317495273,-6.4722157868336,-2.07742275773528,-9.09358621405491,-2.26638017801221,0.13677237640064,3.89969777082437,-5.26890170553415,-12.3376269163605,-20.6364946690459,-11.5085682164781,-11.1095839124728,-20.096732750456,-22.7209343998756,-25.0459665908978,-26.4973349678204,-23.9472531239575,-13.9780579468572,-9.94873617723977,-10.0993870194718,-9.56950450016184,-19.6314813257648,-18.3456111214813,-23.2483661249649,-25.8708088378206,-19.2269814661034
Naoero,NRU,External balance on goods and services (% of GDP),NE.RSB.GNFS.ZS,..,..,..,..,..,..,..,..,..,..,..,..,..,..,..,..,..,..,16.6666666666667,21.6666666666667,3.7037037037037,-6.06060606060606,16.3265306122449,22.8260869565217,0.925925925925926,-56.8627450980392,-25.3731343283582,-22.0689655172414,-31.2168639053254,-35.1166285714286,-47.8129032258065,-57.7633,-50.3644176706827,-53.3333333333333,-53.515625,-41.9117647058824
Nepal,NPL,External balance on goods and services (% of GDP),NE.RSB.GNFS.ZS,-11.1341359170728,-11.6935525561183,-9.77596087860739,-10.3236529638779,-12.4441968766309,-9.5442004334436,-12.8226184249115,-11.3798647478013,-11.0654988449201,-6.87003707212106,-9.14258158360739,-10.6783736424774,-10.7564594519886,-12.8481546265879,-12.7818961935653,-14.8955738939825,-17.8688058414516,-18.8679452672132,-20.4845658351907,-22.2407393915845,-26.8198334303062,-20.6844875305695,-20.4213234843265,-23.2760583824432,-25.7345573752827,-26.2365532034867,-25.7563300428399,-29.0180333106679,-32.81610490198,-33.689653637999,-27.3082774140998,-32.8154618215698,-35.5686197495399,-27.558215731524,-25.0615432192323,-24.896777644332
Netherlands,NLD,External balance on goods and services (% of GDP),NE.RSB.GNFS.ZS,5.60962914726055,5.93065920958864,5.55008830504001,7.05747249325388,7.32637461165931,7.46715470015029,6.93165363452071,7.23664989449765,6.94637561132512,6.2640577136832,7.21885221068088,7.2696250680725,7.45971871203279,7.17419465101058,8.2336762777643,8.91593536326525,9.09584573167825,7.62185379952631,9.05927999275294,8.09396784692457,8.49302201168856,8.59327482839517,9.75795768057463,10.0904942702989,11.0486320172937,7.65788250438016,10.8534731141736,10.713034769418,10.553772325483,9.96520710030647,10.2498214860931,9.7451629185127,8.7797589100642,9.9416930998264,11.0390774138843,11.2187123237962
New Caledonia,NCL,External balance on goods and services (% of GDP),NE.RSB.GNFS.ZS,-16.2246871103919,-15.709223129774,-17.9709133436511,-17.1541639880692,-14.8656233349789,-10.8240016093704,-12.4009630271804,-11.7279392687606,-20.3126162019374,-19.5262305875619,-14.8049612873852,-20.7667614207233,-20.0209166371145,-20.6634892515818,-14.5939627904419,-18.9759352897268,-20.2342575898736,-17.4049391412039,-30.8090120733146,-25.2758437791638,-27.7695325614862,-26.6628729188382,-28.2363182804137,-27.4261487725084,-21.7854357600088,-23.9084635175597,-19.4986433729406,-16.9125864348049,-17.1182687,-21.5516398910891,-18.491473040404,-20.7349922637795,-19.7087946978022,-17.7560255194805,-16.9795307317073,..
New Zealand,NZL,External balance on goods and services (% of GDP),NE.RSB.GNFS.ZS,0.915575288662367,3.68712730527729,3.14929469585754,3.651197162282,2.74172185430464,1.87248015295731,1.58158673010158,1.39388446310166,1.33862542826653,0.49987194093386,2.97399010338871,3.62825532972839,3.03814885227954,1.76468145769609,0.287268939369432,-1.44841257664005,-0.386037534010837,0.121067320930183,-0.250736142350704,2.31656663466327,2.28985165999529,1.54804278807149,0.694479507575931,1.60970288354994,0.810486909895106,1.01660148986726,0.782760843539921,0.906723721007027,-0.098366334530505,0.17932173101122,-0.490045569373976,-3.76414376392075,-5.11477457668861,-2.60488400780866,-1.25024879997408,..
Nicaragua,NIC,External balance on goods and services (% of GDP),NE.RSB.GNFS.ZS,-21.3940955711671,-30.684005705818,-36.0151717983043,-27.430113028513,-12.8014625545692,-11.8496218989786,-14.788122081008,-19.1664402812578,-18.3448340386227,-25.477085482752,-21.082165686616,-19.8963097823282,-20.3970126389422,-20.7650680580614,-21.0756053003528,-22.8814619180803,-24.7764131019078,-26.8985841445982,-27.8530607279958,-19.0306220261165,-19.4298281119332,-21.7934976308465,-20.2389373566414,-20.5556688999689,-16.6820556915281,-18.0266080165537,-16.0496750316929,-13.7026479099061,-9.43044561800726,-4.43335635423635,-5.14592204054581,-13.3989056056292,-15.663128185603,-13.2879165151371,-17.1733619694539,-13.2627499668002
Niger,NER,External balance on goods and services (% of GDP),NE.RSB.GNFS.ZS,-5.47950362389691,-6.30025913052109,-5.14332126902806,-4.28041087316911,-7.36046482450589,-5.70143077399618,-5.94814871996977,-6.09856903370689,-7.0795796229072,-6.06392554909209,-6.03337330123339,-6.10204005390778,-6.99676965395608,-6.83433694691805,-8.44696522736728,-9.52490978478154,-8.79048793787942,-9.36972575185489,-13.3502248604339,-19.5565554613685,-19.5771571063589,-19.6672842826531,-12.884810329173,-12.3370819451521,-13.8498749808433,-16.1906904473124,-12.2065717127215,-12.694473370089,-14.336576693348,-15.3771796155026,-15.5759911576036,-15.9217160471375,-16.854989074392,-14.2153237725308,-6.39328740473907,-2.38201184987211
Nigeria,NGA,External balance on goods and services (% of GDP),NE.RSB.GNFS.ZS,..,..,..,..,..,..,..,..,..,..,..,..,..,..,..,..,..,..,..,..,..,..,..,..,..,..,..,..,..,..,..,..,..,..,..,..
North America,NAC,External balance on goods and services (% of GDP),NE.RSB.GNFS.ZS,-1.163673338968,-0.459604154818075,-0.506815352093149,-0.863887425294946,-1.07914205953915,-0.847241757213787,-0.810870909240041,-0.956081136298792,-1.5378496118564,-2.26953731049835,-3.07177711733863,-2.94349622688172,-3.46551177207887,-3.93436880115247,-4.43250513249187,-4.86967443483826,-4.9455144771108,-4.40389175298426,-4.35824287672561,-2.75828232855909,-3.36362481033539,-3.43849266222012,-3.23089056990722,-2.69914124407891,-2.69612712982277,-2.82460095255575,-2.64271202042335,-2.71632458806691,-2.7909570378045,-2.580080344107,-2.83665759476437,-3.28272469096688,-3.27375076240669,-2.60424607558583,-2.84968775420442,..
North Macedonia,MKD,External balance on goods and services (% of GDP),NE.RSB.GNFS.ZS,-9.55131578947368,-2.82489669421488,0.943817507657585,-7.55238699725226,-9.71168831168831,-9.27592801341476,-15.313455248851,-24.8523911010257,-30.0540247404785,-26.5412596487557,-14.2664671862809,-13.0803944641888,-18.9317853979991,-15.7565855582931,-19.4621526714295,-16.2258021637429,-16.9687014693585,-17.8597384208169,-25.1211164405023,-21.5656670413051,-18.3015623284915,-18.9434838620725,-21.4663286929803,-18.0642808896752,-17.2122183874715,-16.2224440651646,-14.8577240898125,-13.8458452110156,-12.464933013355,-13.7601182647762,-12.6982727707387,-15.833681771758,-20.5765582954696,-13.0002573913629,-12.9664686796322,-13.7444343848645
Northern Mariana Islands,MNP,External balance on goods and services (% of GDP),NE.RSB.GNFS.ZS,..,..,..,..,..,..,..,..,..,..,..,..,30.1401869158879,27.7643260694108,23.2231404958678,17.1536286522149,7.77777777777778,5.11727078891258,3.08839190628328,-6.0377358490566,-8.76095118898623,-18.1069958847737,-13.2707774798928,-15.9326424870466,-14.7836538461538,-16.8131868131868,-9.43089430894309,7.17948717948718,-7.30207532667179,-19.7625106022053,-49.4226327944573,-66.8490153172867,-48.6313868613139,..,..,..
Norway,NOR,External balance on goods and services (% of GDP),NE.RSB.GNFS.ZS,5.90113243916151,7.46079381308099,6.36927852967899,6.04656250698391,5.7196087250588,5.80371834988429,8.55897864216681,7.88998445009895,1.78810953947254,7.20513621510166,16.8889827043627,16.7526866289358,13.3193564208846,12.9028242529564,13.3954403134722,16.2357586529672,17.1780415575778,13.8201417120062,17.4683934165158,12.1111373252301,12.036243455458,13.696155790354,13.9536840313356,11.6474546659494,10.2417840967752,6.72397907437893,2.82433828448751,4.36426616564533,6.42744385633107,2.5098604338457,-0.674617264934183,14.4633037955557,27.237497335736,15.4087339565204,13.1793548689154,11.693080094997
Not classified,INX,External balance on goods and services (% of GDP),NE.RSB.GNFS.ZS,..,..,..,..,..,..,..,..,..,..,..,..,..,..,..,..,..,..,..,..,..,..,..,..,..,..,..,..,..,..,..,..,..,..,..,..
OECD members,OED,External balance on goods and services (% of GDP),NE.RSB.GNFS.ZS,-0.509640562180838,0.00778558729851753,0.154126706662659,0.473041232221941,0.43693031161402,0.605253160485674,0.421301081712642,0.563762631806178,0.375562279201045,-0.146780333795068,-0.712663033604539,-0.642366099618691,-0.55008668987518,-0.676363144585803,-0.658353638405444,-1.10317402172831,-1.24660878486403,-0.892126096265958,-1.07939021350762,-0.0963188019460475,-0.365332673542397,-0.592102839431629,-0.331063579341293,-0.00722706675750828,0.0691493316086529,0.207332277337564,0.342745236105188,0.312223705817377,0.166308483775563,0.118229647184773,0.144181556375539,0.103089110964248,-0.851296565581837,0.0210257126622473,0.260637094876998,-0.0755704373621704
Oman,OMN,External balance on goods and services (% of GDP),NE.RSB.GNFS.ZS,21.64992770331,12.864649393006,13.7523837465161,10.5088091234739,12.7783669141039,13.134387613313,18.0388874773953,16.2334385767628,-6.8244448046685,9.17350912246416,24.3492078328738,19.5945233717103,18.5032755646262,14.8368576565967,10.9148895222559,23.8273124139345,21.4218959019247,14.3660985919285,18.5842719235169,13.9526594472402,21.8047218887555,26.1932088946164,23.3689491113908,19.5197279383697,20.6016362350882,2.92754169103531,-0.225014712500433,2.47994493299967,11.9656662119145,12.5076049782335,2.23385593684903,10.7100309745056,20.7559945452479,16.7219544952374,17.2924607160432,..
Other small states,OSS,External balance on goods and services (% of GDP),NE.RSB.GNFS.ZS,..,..,..,-4.37410792089006,-5.04921960848898,-4.11396361766558,-5.87754646237971,-6.257259292662,-6.79994243653659,-4.60883921254037,-0.870801477527507,0.462541064837147,-0.922307232036793,-0.961059636916673,-1.84472364662785,-2.20018182556668,-4.2549956258257,-4.69375767675365,-3.84285369901644,-0.429676366506371,1.18715133271315,3.06212546275769,2.09918987806576,2.95738450279609,5.17576494707613,3.20963906972457,1.77516232554616,1.85222440714151,1.25063015795992,1.92751451016618,-1.34347451164409,2.27462893227502,2.04305628135697,1.77314749760319,1.37995688490142,1.89812169813678
Pacific island small states,PSS,External balance on goods and services (% of GDP),NE.RSB.GNFS.ZS,-22.3699275752328,-21.6781526849341,-18.2012113928255,-21.3011857617806,-18.13120441247,-17.4857604001437,-10.8995652396803,-10.4597220754351,-12.0209046705297,-12.0907215200119,-16.4984871777364,-19.5785331092741,-14.1041416460132,-17.1323364925056,-21.96382574401,-18.7294100707573,-23.2778212294096,-20.7919090397871,-22.6872061108937,-19.5437643469628,-19.3705830287416,-15.867695140373,-13.8286747938757,-17.8436713726262,-14.5034896158616,-15.1190832540977,-13.1980609850647,-13.3454041311146,-14.2538410053017,-18.0286876618476,-22.5626573057328,-29.2331281750404,-30.5374407115002,-24.8848415481619,-23.1887905088065,..
Pakistan,PAK,External balance on goods and services (% of GDP),NE.RSB.GNFS.ZS,-5.45713908519609,-1.55486968449931,-3.15308510506569,-6.09512763960827,-2.74096257255592,-2.71281436201513,-4.52392328361884,-4.68835965065445,-1.04214282940004,-1.61296415472613,-2.20071245725357,-2.32486268372141,-0.603082163719223,-0.320870703763285,-1.96239415153248,-5.37481055065712,-7.95182611413398,-7.53772831274181,-10.5973302522841,-8.54491087553805,-6.71455292764203,-5.39752855170038,-7.57104498136008,-6.53527593204511,-7.07988220517059,-6.73904411474396,-7.22814526572596,-9.02881231443279,-10.4624578685122,-10.1238499094978,-8.11916184818688,-8.92722063499099,-11.9501729338238,-7.47977504467081,-6.79432464437714,-7.22312395792311
Palau,PLW,External balance on goods and services (% of GDP),NE.RSB.GNFS.ZS,..,..,..,..,..,..,..,..,..,..,..,..,..,..,..,-34.0046437829334,-35.9294089029632,-30.3160939652035,-34.1577638535543,-29.1536366904841,-30.3847157229568,-33.4291370484167,-32.4283033055137,-31.9308731099842,-35.1800500371182,-20.9269140497079,-22.3510256493733,-31.3972867220857,-32.2219524949132,-38.8524369223348,-57.7865526562593,-66.4140077638445,-72.7760643782043,-54.4755627340434,-40.4146208999976,..
Panama,PAN,External balance on goods and services (% of GDP),NE.RSB.GNFS.ZS,-6.80696372859854,-11.5420459920741,-12.1657985090579,-11.561904083506,-11.5249215245854,-13.2111783207146,1.25400987896357,3.12664929318392,-4.15433007805749,-3.98801365763071,-1.27770140250735,1.81581981084766,-0.366367821177643,-1.00033770830001,-3.60810768946331,-2.73997326994141,-3.08410283615433,-4.70725551377069,-7.98910188463053,2.88359607732882,-5.39823455118163,-2.71705113910231,-4.11998890349511,-3.94941445218694,-5.19244084455549,-1.80591755428586,-0.914460922898352,-1.10551585680473,-1.43675252543541,-0.000301523418985742,3.83775270057903,3.07994437536104,2.57792681679002,2.90957748811118,5.04190567026423,..
Papua New Guinea,PNG,External balance on goods and services (% of GDP),NE.RSB.GNFS.ZS,-8.32195565958,-9.89017084535168,2.14776225432157,15.6972324382076,13.7665497350957,17.3379921545838,11.0056632375234,-0.892928979038364,5.22204751653083,10.2299256926667,16.9348805439717,13.0795677308273,2.91251083179615,15.3868636408352,13.2451881895408,..,..,..,..,..,..,..,..,..,..,..,..,..,..,..,..,..,..,..,..,..
Paraguay,PRY,External balance on goods and services (% of GDP),NE.RSB.GNFS.ZS,13.1387202320101,12.5448179184117,10.1704648345854,6.23685149120053,-1.4386147602202,5.48598055331213,2.44573595448443,1.00522949055361,7.67335026333108,8.030604327102,8.01712229783828,8.67947890982993,15.5085874291821,13.1619514225143,11.2712027281431,10.1652205699238,7.85263905129832,7.7487208915852,4.09916276155495,5.35252623592269,3.02215987653915,1.9855954883033,1.22608094037653,4.05745978039495,1.84509883441193,2.55425187395472,6.52715057820714,5.25843467692511,1.6372234469514,0.952420152650074,3.78103649517763,1.19841992594536,-5.07362407817159,1.93760020281043,-1.66735224230654,-2.12204488437524
Peru,PER,External balance on goods and services (% of GDP),NE.RSB.GNFS.ZS,1.92470602420496,-2.25448078107177,-2.95028061784676,-3.86523636241284,-3.38003022956208,-5.72744734456982,-5.02116425526894,-4.51502533811045,-5.54721808765822,-2.4120005416257,-2.001284720684,-1.86164238715368,-0.699565625794666,0.404723569397613,3.88838923377279,6.34020474657925,9.2882168731978,7.35611977741145,1.0214930298623,4.77217586270377,3.97951936734616,5.01723922891709,2.27933347896507,-0.170543605442677,-1.63918033965978,-2.58811811732317,-0.188213714433938,1.92619358739747,1.75289917275844,1.13466949437259,1.77691908824219,3.04343025856466,0.366590192202994,3.43329290569731,6.08671991702003,8.12417116525793
Philippines,PHL,External balance on goods and services (% of GDP),NE.RSB.GNFS.ZS,-4.13593000048276,-2.28964142479031,-3.43181364718429,-5.85878218309097,-4.37517208828552,-5.43847465094826,-6.08186080454565,-7.05635444544309,-4.46346472077811,-0.339176241132074,1.53506998803984,-2.58938560884377,-3.83344420572109,-2.96460762112119,-3.47160284160495,-1.38559613901424,1.64038006813934,2.38339268355226,-0.967404285561713,-0.447539587797524,-0.354619074644078,-2.58497894362649,-2.9078577978615,-3.46994161402843,-2.75916370573755,-4.72547762721914,-8.43005907835563,-9.06378803333433,-11.7361875523724,-12.0760022342892,-7.76388168182184,-11.9805399816338,-15.6548805191721,-14.1462706230437,-14.3898270715719,-13.6929336972847
Poland,POL,External balance on goods and services (% of GDP),NE.RSB.GNFS.ZS,..,..,..,..,..,2.15225430956086,-1.40854491106355,-3.86601034826706,-4.82537066463551,-5.90443338260463,-6.46428148560071,-3.76401525521931,-3.55000245471059,-2.73611442810067,-2.85723734956083,-1.26055453929505,-2.3847210900198,-3.80316622247631,-5.23713615500082,-0.960495593336648,-2.44143862934832,-2.28730733694175,-0.784100029465394,1.1170690842659,0.407324353797981,2.06784617731122,2.94695491864777,2.81915991097917,2.02268871994476,3.64475314497549,5.60867980950599,3.20166912265857,1.68369963074641,5.73760699727167,4.00018393663821,2.8709479431229
Portugal,PRT,External balance on goods and services (% of GDP),NE.RSB.GNFS.ZS,-6.71723756912789,-7.27148246274276,-7.38993629745296,-6.9749360829134,-6.91022815664158,-6.37500841443493,-7.11287528792175,-7.99666200727522,-9.16764440228357,-10.3503803678335,-11.043756798544,-10.2173029500591,-8.16153495178184,-6.40456369258184,-7.87049055652399,-8.77616946854467,-7.83224423600056,-7.55774843912446,-9.55358476538675,-6.90520809061924,-7.63406994574362,-4.18454948340754,-0.494095274825522,1.09739497753425,0.1495120911794,0.740657191368909,1.18783136771277,1.07756498908573,0.619465649864096,0.535262978239604,-1.99661045201576,-2.77669084619512,-2.40078207853327,1.17510015577249,1.97780751537358,0.917300719147071
Post-demographic dividend,PST,External balance on goods and services (% of GDP),NE.RSB.GNFS.ZS,-0.450970281172932,0.122928890651853,0.32027915923176,0.677449077561779,0.583993783305289,0.617720219783966,0.507451033610636,0.656747188144919,0.537021956653348,-0.0435120150368355,-0.616365586784539,-0.59208777413372,-0.474378379733135,-0.604044057175098,-0.57139913685598,-0.98953317379404,-1.12355760031697,-0.720526764864321,-0.932155044959217,-0.0440736688713095,-0.197870243069641,-0.34701009426664,-0.139077904473123,0.179357629870786,0.268043655718373,0.341974465515946,0.543128936452707,0.476484746426802,0.247305829775268,0.28607697723405,0.117702305473522,0.0669731487393719,-0.794662229876113,-0.0106721296329439,0.133746718330819,-0.288077360372391
Pre-demographic dividend,PRE,External balance on goods and services (% of GDP),NE.RSB.GNFS.ZS,-0.973770084257048,-5.01780984102747,-3.46779265405596,-2.10986657988103,-1.97151344045912,-1.81959463218484,-1.90330779979644,0.715218994335991,0.0239406140281311,1.69544915441756,6.01246888127704,-0.907174144563648,1.64075582243378,-2.12192704688734,-1.2657399226268,0.227798835708398,4.54635255054813,4.39889569004538,5.61387429208107,-2.36407888705881,1.66653003474186,4.64188123631767,3.5098885224959,0.794338106221581,-0.521060056161122,-4.26579878164606,-3.5369671478617,-0.948425808413653,1.57242764431048,-0.304843854943329,-2.48718986739252,1.2424590888457,2.84703202390962,-0.297452697824401,-1.4596801739883,..
Puerto Rico (US),PRI,External balance on goods and services (% of GDP),NE.RSB.GNFS.ZS,11.7102649500543,16.7828996106827,16.3552690509474,9.22148840803006,12.8453491415984,11.7116356003615,8.5651267781019,5.31138674032243,15.6701130043782,16.6013727286873,18.5130741728766,25.6493431433179,25.3934811898329,28.6333615761072,20.1470791808498,21.0190080652942,20.0381170738067,16.470419468442,20.3176444078501,20.9114224531465,21.1901042169599,19.5470530145478,11.5939774410032,16.8477306002928,19.2577929012219,25.5092357473483,27.2422838751849,24.3157991406103,13.9067593387752,13.5863113356873,17.1861197759352,12.0793109993178,6.63611600817612,5.63206461825261,9.13143155486274,3.30822459046517
Qatar,QAT,External balance on goods and services (% of GDP),NE.RSB.GNFS.ZS,21.3496566139146,13.89687100894,15.4965507329692,11.4165067178503,11.1015907312893,1.00938424144217,3.94226103833091,12.1145802937457,11.1331368872221,34.3486067699674,44.9540574822882,36.8170426065163,32.2158220305318,33.2302160792874,37.9640210540896,35.424545471371,27.0645410200757,24.4407222446244,33.2921812661172,22.1255892085644,38.5690917673923,46.517777901497,47.1984947167553,43.0524619422654,36.9618615225716,20.4153513595322,5.88008286187566,14.2842573373146,20.0452773650276,14.3313443040337,8.21866163660579,24.6728754958603,36.9831791481464,..,..,..
Romania,ROU,External balance on goods and services (% of GDP),NE.RSB.GNFS.ZS,-9.4533162373237,-3.93393529651981,-8.40741723611756,-4.97110172790705,-2.06436399637484,-5.03114077733687,-7.86638214916094,-6.81095368253458,-7.80783458577539,-4.65004063388866,-5.34355675743851,-7.71666408271816,-5.68418909644943,-7.7540569494408,-9.13860613686882,-10.2901082367509,-12.141172928435,-14.0834985744358,-12.8642016748192,-6.42530432103091,-6.67174887477507,-5.79813873491873,-5.1775980188492,-0.906885949774711,-0.42171907819496,-0.822189532054375,-1.05985794194108,-2.48751615449415,-3.52278770078187,-4.23595620434788,-4.41936436463587,-5.6824219989049,-6.92344014991213,-4.88613731364601,-6.00893039400726,-5.24616170622398
Russian Federation,RUS,External balance on goods and services (% of GDP),NE.RSB.GNFS.ZS,0.217323812480596,0.286020736503396,14.0678590215676,7.710745729112,4.56304543593942,3.39511723339807,4.22347544116268,2.20276164838289,6.6701576613834,17.0466555268369,20.0269755736737,12.6761285276468,10.7797423941646,11.3716945439598,12.253929712514,13.692883439694,12.7275490206864,8.62199822361337,9.23665462624692,7.44114138048607,8.07561608269267,8.07532355191802,6.66325029293692,5.40352425201101,6.42085284069341,8.04742957415926,5.19084611422384,5.3052376223825,10.0056132337522,7.63810769804841,5.07746281979712,9.41864361063294,12.6529449957023,4.2003669787661,4.29432594773269,2.69610398874401
Rwanda,RWA,External balance on goods and services (% of GDP),NE.RSB.GNFS.ZS,-11.164431799604,-14.2189844408862,-16.1631444190248,-19.1921965149433,-70.4161142604091,-25.4977249656907,-25.0877350671947,-22.7472149022251,-21.9901515976653,-20.6351197139541,-20.8018209355842,-18.6089925260838,-19.2011466621248,-18.1052306212045,-17.3306691533386,-17.6643690613354,-11.4038073078135,-8.69109044113157,-15.2130701079422,-16.2358723593957,-16.0373144845233,-14.5946412811922,-16.7383749741258,-15.9171539171313,-16.3656425277707,-18.9616333388464,-18.8538359480928,-12.7416932113454,-4.71183383569189,-4.83182439891146,-7.01453814642854,-21.229212313773,-17.3606868477735,-19.4913718783119,-14.844346800953,-13.5638868423993
Samoa,WSM,External balance on goods and services (% of GDP),NE.RSB.GNFS.ZS,..,..,..,..,..,..,..,..,..,..,..,..,-19.5623482327548,-14.0797876673531,-14.3981459351752,-19.1536342974438,-23.2416543061544,-24.7809740603162,-18.1615965962979,-19.9858585548775,-23.1389467055034,-24.8141109035028,-30.2445994185725,-21.6764444897001,-25.3162566983753,-20.3524615482182,-17.6557768323924,-14.6865298177921,-15.0036120222365,-13.2644192968897,-19.091975911207,-36.8279533159396,-37.8762305038668,-28.423352751702,-18.2084070037101,-15.3916576690683
San Marino,SMR,External balance on goods and services (% of GDP),NE.RSB.GNFS.ZS,..,..,..,..,..,..,..,..,..,..,..,..,..,..,..,..,..,..,..,..,..,..,..,..,..,27.5413477912344,25.9902512717371,23.7070351497723,23.7070424327792,20.7297027016057,24.0542268790722,26.1583888890235,24.3886319332323,31.0021944399804,..,..
Sao Tome and Principe,STP,External balance on goods and services (% of GDP),NE.RSB.GNFS.ZS,..,..,..,..,..,..,..,..,..,..,..,..,..,..,..,..,..,..,-54.1550534218311,-53.7347256450824,-63.0749480961662,-64.0139237094102,-61.4813178900291,-51.2239521865852,-56.7165566967685,-45.2433042417593,-36.5463848317941,-38.6861365796932,-37.1327158485517,-34.1356737066026,-27.4439102156037,-27.7358049994156,-25.647447749969,-18.4869743687349,-13.154496428608,-20.0413212433401
Saudi Arabia,SAU,External balance on goods and services (% of GDP),NE.RSB.GNFS.ZS,8.96157993303445,1.91750004038968,3.12157913804992,0.898657536172221,7.93058491199652,9.63395551581536,13.3918218216028,13.1291288972124,3.1763709829799,11.4868931582566,18.6440892608639,15.7068047662907,17.3048091338946,21.8771276654899,26.8878255107015,32.1474100380981,29.7192118121901,25.0115631818027,28.1203731919858,9.31889974439398,16.5897440298711,26.1872580292563,24.499016741113,20.4935314544805,12.1915805278363,-4.22500599929854,0.364515911881702,5.19309664041489,11.9390558554396,7.52458946557475,0.086463827389032,7.42739646548868,15.1458550161712,5.71445390313966,2.37106817139936,1.5715241568613
Senegal,SEN,External balance on goods and services (% of GDP),NE.RSB.GNFS.ZS,-10.6770606692117,-11.1514409432271,-11.4787192158732,-11.6662467501243,-12.2952564297142,-11.4116845887674,-10.1041019291945,-10.5754571763025,-10.9287430071833,-11.4767473400777,-13.1517905268676,-14.3192178561109,-13.9105393604935,-14.385166525871,-15.4558773759728,-15.289968427546,-15.6320685205232,-18.1625279005349,-21.0691672944907,-13.5195577715667,-12.4953775413044,-14.9697808276538,-17.0265551608898,-15.9272817398619,-14.8859354934543,-12.7559486708569,-10.9864530146775,-13.8905155208411,-15.8916565226568,-14.2699822113275,-18.6457659025654,-20.096789757029,-25.9990935708663,-25.3813558219349,-17.2720527442191,-6.09296961553234
Serbia,SRB,External balance on goods and services (% of GDP),NE.RSB.GNFS.ZS,..,..,..,..,..,-2.87105850087085,-6.29177006683211,-7.09945427624797,-4.47316098661668,-4.24680945091711,-4.62317703775252,-14.4573828864281,-15.9228581714492,-14.1760774153147,-23.3271970341589,-16.7843393425301,-17.5957041712617,-20.2178742299901,-20.974424828469,-12.8125754731584,-11.7324092583266,-12.3022076340485,-13.2275330160273,-7.87771205193969,-7.73516756818978,-6.75790381589263,-4.78335316550588,-6.47553508393393,-8.22329254622046,-9.65531823410678,-8.11428562308155,-7.66149728164009,-10.4369572855669,-4.3428450181809,-4.55749497087105,-4.29731980267416
Seychelles,SYC,External balance on goods and services (% of GDP),NE.RSB.GNFS.ZS,-32.3886000719903,-30.3700979504495,-30.6132189798911,-36.6360524694954,-29.5972986444497,-32.7624423733785,-43.4319094474965,-37.0266765282245,-39.3740372577843,-42.4969614245143,-2.6575086651465,-14.8573854521294,-3.571289294507,6.21253156570171,-3.77752746618228,-16.8866657521523,-11.4048582673108,-1.2410101465402,-12.5721477260223,-11.1600081860195,-15.4287903202775,-14.1538689916661,-16.0838010473754,-7.11166990573325,-14.9929711098983,-7.30575594742963,-10.1656735792764,-9.62309184538816,-11.6187283889059,-8.69530963735063,-20.3899525291548,-23.2430720682805,-9.67208099775785,-12.8298337768142,-14.7172134893919,-13.049786628734
Sierra Leone,SLE,External balance on goods and services (% of GDP),NE.RSB.GNFS.ZS,0.68912243611896,2.25470236105624,-1.31098880712386,-4.29474147434913,3.86302521526721,-7.85237767203926,-14.7050614604261,-1.87863470938502,-7.20955516219026,-6.09338049720793,-21.2602757849286,-20.0308677565101,-21.5814803640509,-18.2759647685434,-12.8086695596725,-11.8956199606869,-3.06681393812118,-3.71138394126237,-5.72963620885189,-7.05810272266849,-8.16950629187856,-24.5935133743905,-12.1976780437461,-15.4855466851079,-10.6899958489136,-15.5124818227386,-14.842713944918,-13.8200883981017,-14.8998084147885,-18.1736713310873,-10.8321625257937,-11.0482371655181,-11.4932566827522,-13.3594798816102,-6.01414833754199,-7.31394556792554
Singapore,SGP,External balance on goods and services (% of GDP),NE.RSB.GNFS.ZS,10.0528710227926,13.2043930188381,12.1396322665279,9.88489947724286,16.1701704227429,16.7826178479921,16.3750614978067,14.7293501335895,21.4958853430112,17.0051793986428,12.3372601012845,16.4962557245645,18.4262221473873,27.9538484780261,26.3796783467827,29.8888225532735,30.7118345791052,31.2703155436645,20.660826979181,23.4970581934138,26.3123657984079,27.5567859215369,24.2262599638529,23.1138126272669,23.4397524087732,27.2978180591015,26.2537696584132,26.5455976672221,29.7002689521849,29.3679959677239,31.2794004151861,35.7853448639528,39.7743951547498,37.1588058240263,36.0123318495488,35.3969428869762
Sint Maarten (Dutch part),SXM,External balance on goods and services (% of GDP),NE.RSB.GNFS.ZS,..,..,..,..,..,..,..,..,..,..,..,..,..,..,..,..,..,..,..,..,..,..,..,..,..,..,..,..,..,..,..,..,..,..,..,..
Slovak Republic,SVK,External balance on goods and services (% of GDP),NE.RSB.GNFS.ZS,-9.37580829365946,-4.54924934380689,-6.38823439242262,-7.10282262494365,2.34201076620609,-0.59752192424129,-13.0232406362497,-10.2467876946207,-10.9281545284898,-4.72525537727227,-2.32872929530415,-7.41011280037748,-6.40239622788515,-0.446913208177155,-1.53346673838476,-3.44517977362353,-2.43150639957437,0.174459946948032,-2.05553816118044,-0.522239112704474,-0.946333509111638,0.0880279367450295,4.84876716533062,4.85490799223945,4.12370187416,1.96167634325374,1.86599442282251,1.26014634823271,1.12070059577727,-0.0344356069802979,1.06251357670255,-0.455760966837207,-5.9213317468499,1.59623990856695,-0.245802239379108,-0.153237581276413
Slovenia,SVN,External balance on goods and services (% of GDP),NE.RSB.GNFS.ZS,9.14726866868283,6.78296595118145,5.07565062828216,0.250406695543471,1.15064385588469,-2.2398057895067,-1.24965252154119,-1.13968673927007,-1.69856921495102,-4.34907064571344,-3.70121162165971,-1.05125410004717,1.00284755096437,-0.320400751172007,-1.45790355897026,-0.644678274235951,-0.0482322099388901,-1.33419931339661,-2.1152584859319,1.44334625375823,1.07508082072459,1.23353643784293,3.43424748851896,4.74910329872698,6.83319052768598,8.10997256681586,8.63472525473185,9.0618244797161,8.52378012748327,8.66984101445675,8.99459139844693,5.61115606494162,1.98544257482095,6.7168781618263,6.17685029959767,5.36357271351413
Small states,SST,External balance on goods and services (% of GDP),NE.RSB.GNFS.ZS,..,..,..,-1.95307700613283,-2.50775541517846,-1.57455626524038,-2.74393215275617,-3.011335429741,-3.81382680561745,-1.39893246137535,1.07514053530998,1.80905770596524,2.0839720942287,1.56621235046936,0.662857960695796,-0.00680946716565956,-2.41767969751102,-2.26225396861016,-1.53007839422511,1.00099190624522,3.06376278055738,4.92223868604734,4.51977188520839,5.24880808923213,7.13598373405927,5.74998902324271,4.46655154581327,4.44273675890617,4.26525112319686,4.95906838151971,0.93267453988399,4.36281627098005,4.84857112263532,4.84017040260612,4.17824108238972,4.72684964589001
Solomon Islands,SLB,External balance on goods and services (% of GDP),NE.RSB.GNFS.ZS,-49.6890760356983,-62.6502006182458,-42.6525737146913,-43.6007502249663,-37.5599375147449,-24.1419506671121,-8.5121152112048,-10.2699268898722,-2.0875463384233,3.76937857643616,-4.35281096107071,-10.0398819272872,-2.0959696599409,-11.9591899463295,-13.050511765939,-11.973921810301,-15.6629088808638,-19.4515195601868,-17.890884549769,-13.5721489117753,-25.8457918011571,-6.94396923883064,-5.00142454565872,-7.74239536229879,-8.78074718927959,-7.46737864048595,-6.09246236452058,-4.83920591098047,-4.24221602592301,-10.0045612940933,-4.34335857413237,-14.3090202606457,-18.5715873071966,-28.6159185300468,-30.2159596070591,..
"Somalia, Fed. Rep.",SOM,External balance on goods and services (% of GDP),NE.RSB.GNFS.ZS,-24.8580460182327,..,..,..,..,..,..,..,..,..,..,..,..,..,..,..,..,..,..,..,..,..,-49.4688460032565,-46.1052612804419,-43.3752540229003,-42.7361945763272,-42.0896466726592,-42.5826470096116,-45.3956560396291,-44.1658964879852,-48.3889661566991,-46.7889908256881,-55.3954719200235,-59.2443876619821,-67.9034010194702,-69.5664553107758
South Africa,ZAF,External balance on goods and services (% of GDP),NE.RSB.GNFS.ZS,4.86528254330368,3.80002142818878,3.58893970953496,4.13060891586304,1.98406644359411,0.597687436248138,1.35023470541686,1.01984928122529,1.0027982981868,2.28013593205309,2.58788488597607,3.54237608330853,3.39683280592358,2.10668415382791,-0.128537652673302,-0.228252413945679,-1.57164151069059,-1.20721034834303,-1.46517645748784,0.377957648767233,1.16074809084438,0.759946504853332,-1.3043188057987,-2.11646698932911,-1.498335448365,-1.29939931974983,0.45091883491279,1.1442197330691,0.508529174050609,0.506262402089596,4.39216924037491,6.21850738256707,2.13174623051444,0.827749537292378,1.93704365623559,1.90929232808787
South Asia,SAS,External balance on goods and services (% of GDP),NE.RSB.GNFS.ZS,-2.20594479658021,-1.04192483850823,-1.5485072117018,-0.986061084234089,-1.26763231632446,-2.12416969359854,-2.1521575394428,-2.00945845252716,-2.26275005745503,-2.51953078298043,-1.74683947433793,-1.65465352512536,-1.63112542550735,-1.41134572009626,-2.42395583687874,-3.42260210390852,-3.81932391391961,-4.6139018662198,-5.90419831978901,-5.87287119388686,-4.92125112435652,-6.97803078355766,-7.14812795204372,-3.67542020553487,-3.64216919589084,-3.12439351281386,-2.33945700646888,-3.64072535705658,-4.53062885145532,-3.29568371279976,-1.45124854387796,-3.45580588756298,-3.65247367639622,-2.23068772072436,-2.46613657825275,-2.42720254946895
South Asia (IDA & IBRD),TSA,External balance on goods and services (% of GDP),NE.RSB.GNFS.ZS,-2.20594479658021,-1.04192483850823,-1.5485072117018,-0.986061084234091,-1.26763231632446,-2.12416969359854,-2.1521575394428,-2.00945845252716,-2.26275005745502,-2.51953078298043,-1.74683947433793,-1.65465352512536,-1.63112542550735,-1.41134572009626,-2.42395583687874,-3.42260210390852,-3.81932391391961,-4.6139018662198,-5.904198319789,-5.87287119388686,-4.92125112435652,-6.97803078355766,-7.14812795204372,-3.67542020553487,-3.64216919589084,-3.12439351281386,-2.33945700646888,-3.64072535705658,-4.53062885145532,-3.29568371279976,-1.45124854387796,-3.45580588756298,-3.65247367639623,-2.23068772072436,-2.46613657825275,-2.42720254946894
South Sudan,SSD,External balance on goods and services (% of GDP),NE.RSB.GNFS.ZS,..,..,..,..,..,..,..,..,..,..,..,..,..,..,..,..,..,..,34.787822897372,25.7928641707848,31.9255172685013,38.9253809955658,14.0442933223047,-31.3297308737352,12.1487167789748,7.7513493764412,..,..,..,..,..,..,..,..,..,..
Spain,ESP,External balance on goods and services (% of GDP),NE.RSB.GNFS.ZS,-4.1470183043494,-3.94280030219765,-3.58772986756121,-1.51399399379287,-1.00090134995113,-1.09829465583508,-0.151550477966892,0.205021089810413,-0.430557330544551,-1.91737142204347,-2.94377896409495,-2.26019247943529,-1.97360699118632,-2.20460630161596,-3.70300177080875,-4.81800883935517,-5.71695244463549,-5.78075451421338,-4.73251398737181,-0.86589809783875,-1.03774329361414,0.264997333183617,2.0454378723585,3.84214138908714,3.03941771925282,3.01532868738456,3.96538811915221,3.63334427327986,2.74021757421577,2.98490081438291,1.515921694205,0.989579707869206,0.877630985061739,3.8356586932094,4.16149730607842,3.82413677013097
Sri Lanka,LKA,External balance on goods and services (% of GDP),NE.RSB.GNFS.ZS,-7.88230614325137,-10.11373860264,-9.26300839676169,-9.54550458899242,-11.8050231054562,-10.4397908268092,-8.92728816030661,-7.06131714801768,-6.00735177104597,-7.78406891550621,-10.605039932063,-6.23622457897482,-6.50847138698452,-6.02924166569729,-8.82113943623642,-8.93022698307473,-11.0041243007064,-10.3765122860669,-13.6860694105809,-6.49240904325756,..,..,..,..,..,-7.13120316793586,-6.82346493974014,-6.69200972816235,-6.91689952295102,-5.77846203601207,-6.17383902274805,-7.38600314993865,-3.56348309535521,-2.14861138509101,-2.60765500547294,-3.87424342676066
St. Kitts and Nevis,KNA,External balance on goods and services (% of GDP),NE.RSB.GNFS.ZS,..,..,..,..,..,..,..,..,..,..,..,..,..,..,..,..,..,..,..,..,..,..,..,..,..,..,..,..,..,..,..,..,..,..,..,..
St. Lucia,LCA,External balance on goods and services (% of GDP),NE.RSB.GNFS.ZS,..,..,..,..,..,..,..,..,..,..,..,..,..,..,..,..,..,..,..,..,..,..,..,..,..,..,..,..,..,..,..,..,..,..,..,..
St. Martin (French part),MAF,External balance on goods and services (% of GDP),NE.RSB.GNFS.ZS,..,..,..,..,..,..,..,..,..,..,..,..,..,..,..,..,..,..,..,..,..,..,..,..,..,..,..,..,..,..,..,..,..,..,..,..
St. Vincent and the Grenadines,VCT,External balance on goods and services (% of GDP),NE.RSB.GNFS.ZS,..,..,..,..,..,..,..,..,..,..,..,..,..,..,..,..,..,..,..,..,..,..,..,..,..,..,..,..,..,..,..,..,..,..,..,..
Sub-Saharan Africa,SSF,External balance on goods and services (% of GDP),NE.RSB.GNFS.ZS,1.95229038378044,0.382027235034968,1.43358444187167,2.34353384947353,1.42357266948859,0.6066180810374,0.993162484855727,0.375236508988568,-0.587488694653132,0.461434572367086,1.71275030563823,1.73504984351803,1.29598414823968,0.663403302554677,0.577321333826198,1.50563873704052,2.12799613079767,1.56594883268668,1.56588788008885,-1.6855055130893,0.851058433373566,1.4722920449612,-0.477673699751929,-1.96086922315795,-2.21566299858049,-4.14933319558145,-3.18678755491709,-1.61104987086339,-0.906178102146711,-1.03486221051988,-0.84771107321092,0.62321526188834,-0.362595608710993,-1.43760937737641,-0.618180270201972,-0.0197490228388553
Sub-Saharan Africa (excluding high income),SSA,External balance on goods and services (% of GDP),NE.RSB.GNFS.ZS,2.00141244047233,0.4223831839657,1.48911114439774,2.41759452044303,1.48185485775213,0.657799651676996,1.05184384710362,0.427836468328127,-0.529641946564418,0.554067457858075,1.71044563088842,1.75753243529109,1.29352011302978,0.642503238457014,0.574627277561948,1.52348632625696,2.13780945282364,1.5610345117294,1.57105547003174,-1.68562148710127,0.857429114970035,1.47752215575951,-0.473199057655659,-1.96403519582481,-2.21251851577489,-4.15437012302057,-3.18702623953975,-1.61046158731663,-0.901998963244178,-1.03383705002963,-0.836454924144896,0.636813755017823,-0.360816460148037,-1.4325602409781,-0.608571400496931,-0.0116391565559866
Sub-Saharan Africa (IDA & IBRD countries),TSS,External balance on goods and services (% of GDP),NE.RSB.GNFS.ZS,1.95229038378042,0.382027235034954,1.43358444187164,2.34353384947352,1.42357266948859,0.606618081037396,0.993162484855709,0.375236508988561,-0.587488694653157,0.461434572367065,1.7127503056382,1.73504984351802,1.29598414823966,0.663403302554652,0.577321333826173,1.50563873704052,2.12799613079765,1.56594883268666,1.56588788008884,-1.6855055130893,0.851058433373566,1.47229204496119,-0.477673699751936,-1.96086922315795,-2.21566299858047,-4.14933319558145,-3.18678755491709,-1.61104987086339,-0.906178102146722,-1.03486221051989,-0.847711073210931,0.623215261888326,-0.362595608710993,-1.43760937737641,-0.618180270201968,-0.0197490228388695
Sudan,SDN,External balance on goods and services (% of GDP),NE.RSB.GNFS.ZS,-3.04520578258816,-8.40062622258242,-9.17923965127939,-3.00593306021019,-5.22914010994446,-4.83351454500634,-7.70929593519103,-7.1713132302262,-8.47093497309547,-9.15555375685535,2.5648796555075,-1.17230989844746,-2.80639581393049,-1.93515983052577,-1.83155374415111,-6.95394771545662,-6.01274301695006,-0.60226791322537,3.78976542454097,-3.67248234643268,2.22290274145566,-2.55492696701374,-8.14326925126837,-7.84474216523315,-5.6272867584658,-5.53245099628269,-5.27268787558117,-5.60710131328439,-6.56751475810442,-9.21365362000542,0.295480313110451,0.372192217314337,0.443489225253172,-0.257511596506992,-0.553551721937478,-0.175846230005969
Suriname,SUR,External balance on goods and services (% of GDP),NE.RSB.GNFS.ZS,..,..,..,..,..,..,..,..,..,..,..,..,..,..,..,..,7.32722731057452,6.8725964520531,4.65044339038977,0.329009212257943,14.1332443925623,..,..,..,..,..,..,..,..,..,..,..,..,..,..,..
Sweden,SWE,External balance on goods and services (% of GDP),NE.RSB.GNFS.ZS,0.292747323495321,1.34996473076765,1.39179255198332,2.97233154773917,3.67439967993508,5.99863198580961,5.74661331464582,6.46836834290418,5.92576735745593,5.50573388019032,5.01869207377194,5.22983219311525,5.23801896500267,5.3439500112904,6.70197941532619,6.49531093116219,6.86643363798994,5.90111816094453,5.21982986980939,4.95993694600249,4.66257489059595,4.43749313393887,4.36907553909993,3.83229749675162,3.09448374308027,3.24984826052675,2.42314641614769,1.76618549832857,1.47298871853519,3.82617773354029,4.10015849251574,3.85823661439414,1.51237489071877,2.77204649638697,3.0267870497447,2.12199653609362
Switzerland,CHE,External balance on goods and services (% of GDP),NE.RSB.GNFS.ZS,-0.306480349288954,0.904646021095004,2.05622722076425,3.41936066621303,3.44524142509178,3.26072309704096,2.81643213915398,3.99546425504173,3.1757472072284,3.24219613011021,4.35396338688787,3.65445534061321,4.70214075111349,4.57873681883081,6.66047324704201,5.0731440226492,6.60126421242644,9.45924235155164,9.20840347799439,6.15722547765253,9.53013604716536,7.35629641765022,8.99220008292746,10.2770586406478,10.2328815883388,10.1391561860307,9.53284684326638,8.33632201188013,9.98899581118832,9.27439132002333,5.68535276290483,11.8801460383384,13.6939179096312,10.9002817825115,12.0500630368402,8.94343562613719
Syrian Arab Republic,SYR,External balance on goods and services (% of GDP),NE.RSB.GNFS.ZS,0.388330699740616,-7.66872937823369,-11.3750235449237,-13.0386339742118,-12.3305427177579,-6.89714961250493,-6.26222213859019,-1.38149520701639,-0.366502876864142,0.32511610417389,6.94732164373628,6.45551504941623,7.81822236829749,2.86855905481756,2.78311680208406,1.95175828977365,3.81764366479549,0.809416434733231,0.896179018144356,-1.82500579795452,0.323406056196901,-11.9574377441032,-19.939454688873,-29.1492188390588,-40.2328633779263,-22.5040008052127,-23.7517402154121,-22.371501858304,-20.8250471956523,-15.9793370742126,-16.8130928145196,-29.1003713714427,-21.882863030905,..,..,..
Tajikistan,TJK,External balance on goods and services (% of GDP),NE.RSB.GNFS.ZS,..,..,..,-13.0865838825559,-10.2430693069307,-6.34971346704871,-3.45898184176394,-6.75414897722887,-9.16804837608505,-1.41263940520446,-1.84698046678234,-10.3752242764646,-13.0655052884188,-9.80803965220313,-10.8475345775299,-18.5108095357034,-24.8414602793727,-53.8096279403955,-46.4505562771785,-37.0361393218121,-43.6149932610464,-46.8888733701128,-48.621384781725,-49.5674555654382,-36.2669772259029,-30.3324192099306,-29.3239861800355,-23.9290253793399,-27.0951544627578,-26.0851373660406,-21.1004748786004,-23.4620776581652,-32.7292634984943,-31.2510261164524,-36.6646360760001,..
Tanzania,TZA,External balance on goods and services (% of GDP),NE.RSB.GNFS.ZS,-17.1010423709213,-16.098128065364,-18.5321893810261,-20.4691382735376,-15.8460205978341,-12.00484223934,-8.26790891563974,-6.52228400750419,-5.93271422557049,-4.68836082811611,-2.363504760337,-0.35606328676923,1.06406598122089,-0.262590302274078,-1.51862011899683,-2.9925391764986,-5.93818357332892,-8.39714360572449,-10.097321840915,-7.14406898277867,-8.42538195619444,-12.897559528833,-9.62472571249985,-10.6060523268164,-9.21760379114383,-6.54785777163832,-2.72052027245567,-1.78560885370386,-3.16432311803146,-0.945096953233962,-0.955267504516156,-1.67513935424181,-4.1760306698628,-3.82117505378806,-1.84300805455063,-1.00220742442946
Thailand,THA,External balance on goods and services (% of GDP),NE.RSB.GNFS.ZS,-7.51850787477837,-6.54251594338113,-4.00969435656943,-4.11153799718455,-4.76472517612745,-6.69148480633837,-6.2373076037532,1.42232676830187,15.6341319559728,12.1707970185138,8.38254612589796,6.23341323977301,6.32176218087354,6.35228356151351,4.53184095784439,-1.0484330304734,3.26373787533432,7.87132335077913,2.39582467328235,9.60780612894098,5.72182368019674,2.03441153574638,0.227532749356617,1.88000797202791,5.88277487803757,10.4337183886468,13.5665406494723,12.4542374991155,8.83432906768032,9.34826652860584,5.01519599576888,-0.289247293953325,-2.1457942849745,2.23481685883837,3.62032249390491,3.8825092131433
Timor-Leste,TLS,External balance on goods and services (% of GDP),NE.RSB.GNFS.ZS,..,..,..,..,..,..,..,..,..,..,-154.412313384532,-148.79932160115,-164.794852760272,-108.579821633308,-92.3819571116133,-60.3983187242033,-80.4171026222563,-108.766986603055,-116.557932510089,-139.353793405708,-117.271254538307,-127.954765242324,-114.254843587766,-68.4649380674192,-73.592179312807,-53.976306346596,-53.9977759958977,-53.8167281477241,-58.9561196013904,-28.1856085831869,-11.4178816131846,27.1655751383515,13.6027617528755,-43.4584601584254,-74.3333978454128,..
Togo,TGO,External balance on goods and services (% of GDP),NE.RSB.GNFS.ZS,-7.28015586843084,-8.91041298994501,-7.70807472171169,-7.76365630406073,-5.92312172933382,-10.0871169066484,-9.51234038222855,-8.24621043677805,-9.59498857844917,-7.42929060893527,-8.49468330381692,-10.3751002790288,-8.7332822921255,-8.93077695415133,-10.7223711015341,-11.0890028348679,-11.5174675682307,-12.5299156222477,-11.6545863558594,-10.4876314522669,-11.3465915260264,-14.7430240553325,-9.73484017977379,-13.9255513377021,-12.6378555639256,-15.7068781383222,-12.9820435109378,-7.60470554485008,-8.91364074918431,-8.52641850298323,-8.92543378693412,-10.1089659560822,-11.5566714237957,-10.7650741116269,..,..
Tonga,TON,External balance on goods and services (% of GDP),NE.RSB.GNFS.ZS,-31.2253662779635,-37.655473362425,-25.3468874903868,-27.6553451244326,-28.5899408418948,-37.201295888192,-37.594209477361,-30.1297996588889,-39.1156820904554,-29.2723051598969,-31.0799388865559,-35.6729155012341,-37.3247909137894,-34.4403976999918,-34.8446393261944,-40.5243700605323,-37.2346394598797,-43.7900685322759,-40.6768075843653,-47.0983269884718,-45.7965412380683,-46.3520272094964,-43.8596385769999,-42.1243134962435,-40.8763443066661,-47.4739402607974,-38.7660523925059,-43.6912206205139,-43.681134541529,-43.5787838420265,-42.4392521080456,-46.3833241316498,-48.6004607429232,-50.1358835215336,-43.7812254767038,..
Trinidad and Tobago,TTO,External balance on goods and services (% of GDP),NE.RSB.GNFS.ZS,..,..,..,..,..,..,..,..,..,..,..,..,..,..,..,..,..,..,..,..,..,..,..,..,..,..,..,..,..,..,..,..,..,..,..,..
Tunisia,TUN,External balance on goods and services (% of GDP),NE.RSB.GNFS.ZS,-7.04716292056917,-4.95477520617185,-6.92991288359673,-7.52028916319989,-2.93983735724494,-3.90574602094794,-1.5016023035408,-2.27254896833076,-2.93988520793475,-1.9470307688916,-3.17904149707475,-3.91855454476728,-3.77250677786828,-3.42321305395045,-2.52919139513627,-0.386663800721263,-1.88389770129513,-1.9029570135066,-3.03800033289189,-2.93725671981621,-4.23155244831371,-7.99707176089934,-9.72502838475519,-9.17554603702786,-10.212173619606,-10.4488531461367,-10.5020732125822,-12.3676252187253,-12.9003279181842,-10.4319533411998,-8.34972774537017,-10.073009458389,-13.4439149625837,-6.05007019123271,-6.29516914683595,-8.14274024594778
Turkiye,TUR,External balance on goods and services (% of GDP),NE.RSB.GNFS.ZS,-4.21278979657569,-2.79375144516835,-2.95289417652611,-5.66948207576583,0.978410073484351,0.65522101870179,-0.531495252067271,0.11700413387833,0.93197566539943,-0.00498917662931236,-2.50784216732289,4.64933731885119,2.42764213538544,0.0211661117711708,-1.2845801756369,-2.07123439281512,-3.59430600497415,-3.65230751340748,-2.91849408664854,0.476580482539053,-3.76344510314783,-6.67086901506326,-3.39612506729306,-4.26183338158831,-2.67212467047683,-1.31335609821325,-1.60577894110722,-3.05666052974179,0.630574922822866,3.48130339674987,-2.90984442364009,0.498368961459877,-3.61585073655095,-1.85602311192189,0.537640299510246,-0.235134381841593
Turkmenistan,TKM,External balance on goods and services (% of GDP),NE.RSB.GNFS.ZS,..,11.864406779661,28.9375,23.3233532934132,-0.347477064220183,-0.233665644171779,-3.35483870967742,-25.6525652565257,-36.8703108252948,-19.1224133632511,6.89259046524986,0.998474552766606,7.11759504862953,2.01161518390708,0.0677323218639935,7.40160125412911,17.7850689918648,17.2777777777778,20.0242571255306,-10.7861345923522,8.02469547248376,22.6442059653124,20.4251249276577,8.66032619301245,8.87161853858308,-5.27196833175045,-14.5683560702409,-6.32984368172847,15.523041793116,11.7223836477987,3.88080154878938,8.14940024253624,12.5410335038025,9.17123696292937,6.41059926028549,0.775212971306415
Turks and Caicos Islands,TCA,External balance on goods and services (% of GDP),NE.RSB.GNFS.ZS,..,..,..,..,..,..,..,..,..,..,..,..,..,..,..,..,..,..,..,..,..,..,..,..,..,..,..,..,..,..,..,..,..,..,..,..
Tuvalu,TUV,External balance on goods and services (% of GDP),NE.RSB.GNFS.ZS,..,..,..,..,..,..,..,..,..,..,..,..,..,..,..,..,..,..,..,..,..,..,..,..,..,..,..,..,..,..,..,..,..,..,..,..
Uganda,UGA,External balance on goods and services (% of GDP),NE.RSB.GNFS.ZS,-12.1281020420179,-14.473341242263,-15.5299664415697,-14.1147885834585,-10.3582961954607,-9.03916119666374,-11.4632603348302,-7.43953960782245,-10.7658267560517,-11.5215623630778,-11.4462147518743,-12.2938115073402,-13.8512358238939,-13.8122767961844,-10.0663247481253,-10.6348855241913,-13.0824590228779,-13.3272795975774,-7.69798351661322,-9.83674545838944,-10.6202832876087,-14.0437776792639,-12.5186795997185,-10.083083530846,-6.11797926675566,-11.934647702962,-6.35503319185059,-3.514794091069,-6.46429947765453,-5.14293793126695,-6.17109531217919,-10.151614403423,-10.4613110604276,-10.1382784791221,-9.13760267834546,-7.31982143286548
Ukraine,UKR,External balance on goods and services (% of GDP),NE.RSB.GNFS.ZS,-1.07784431137725,2.17391304347826,1.99086032187562,-0.312936272955966,-3.16630516319992,-3.08319750269735,-2.55278094677315,-3.05896385155037,-2.27403399842094,5.45587448827832,4.8583984375,1.37184799337043,4.24279698297585,2.49607903228714,7.41195489226501,0.811895260482152,-2.74380639200875,-5.46673838313101,-7.65215442982018,-1.61851322327838,-2.81665380136268,-5.99276003611088,-7.85712523370635,-8.20690411563471,-3.50585885192339,-2.61125728170963,-6.92396599768505,-7.78515020828672,-8.72934374668216,-8.04785177906657,-1.51315979579472,-1.32128040971232,-16.5062833143161,-20.9086776461117,-20.3444727849429,-26.513207528579
United Arab Emirates,ARE,External balance on goods and services (% of GDP),NE.RSB.GNFS.ZS,..,..,..,..,..,..,..,..,..,..,..,8.45387144428789,5.93504192100564,9.54621987183094,10.5128556637045,15.6177511384107,17.7849264780418,7.97004166071137,9.22223337728053,5.8446913660145,19.4053640505011,27.0805179146676,34.5640297242127,34.1122914758189,30.0320999747923,23.4388977632882,23.5544802262396,23.9982475252476,26.9389176985643,22.7824647503848,14.8530511660309,18.37579809104,18.3623169307558,14.6472966548004,..,..
United Kingdom,GBR,External balance on goods and services (% of GDP),NE.RSB.GNFS.ZS,-1.59055505113916,-0.124552522817555,-0.458891946977699,-0.0843340859701526,0.269639396883504,0.563443873761435,0.476680943379498,0.533415959079391,-0.498103318295499,-1.04736000886573,-1.22533511833803,-1.73561677887465,-2.37317163410751,-2.13076890175223,-2.31949382997914,-2.13027053644791,-1.87905932019918,-1.93339171981706,-1.67767537106397,-1.23899820764971,-1.55844734531101,-0.794217773639252,-0.969792787162515,-1.30430748455065,-1.757004820097,-1.36689737014631,-1.71641921332033,-1.24226238328608,-1.2007041945441,-1.19784585707431,0.73741481230468,0.0404279246309822,-1.07506967398426,-1.16784464879273,-0.726764896709049,-1.26341303105635
United States,USA,External balance on goods and services (% of GDP),NE.RSB.GNFS.ZS,-1.30560321870476,-0.464637879459816,-0.532764691096014,-0.950257918609434,-1.26916433061863,-1.17493388853482,-1.19380086167408,-1.18881237910304,-1.79536892337118,-2.69489528377232,-3.71744009727097,-3.56028659802953,-4.02361290601209,-4.55599247585421,-5.19056091103065,-5.67444452292576,-5.69250678744429,-5.08443697308071,-5.01609967648987,-2.8950895171296,-3.53717207641639,-3.71555101074813,-3.39373703778215,-2.83432252119183,-2.89014091098105,-2.86591667382253,-2.67627933189587,-2.77037616875539,-2.87113761100856,-2.68008580508563,-2.89378184080948,-3.57938846341164,-3.59970406777088,-2.82795073709931,-3.06662434752828,..
Upper middle income,UMC,External balance on goods and services (% of GDP),NE.RSB.GNFS.ZS,-0.111658887437329,-0.832110700047714,-1.21724069487225,-1.96707472176242,-1.24692743775449,-0.877888842150043,-0.651192772878503,-0.132333759147361,0.371600787137034,1.38966200943072,1.44416720606702,0.966740879341458,1.77491336493254,1.79249268411542,1.68602196527027,2.97169509910212,4.06453756667939,4.20543090216129,3.51484433635562,2.24609542960244,1.90209179306314,1.56219845797848,1.37079575335639,0.785291894776691,0.64203451730409,1.12000432000225,0.913799208745179,0.797394202732242,0.37693859412617,0.469746991997614,1.248547567491,1.45796996368079,1.78013730025582,1.13742334734908,1.51782371719164,2.12317306208119
Uruguay,URY,External balance on goods and services (% of GDP),NE.RSB.GNFS.ZS,5.43577463029919,2.83243185579945,0.822106003599786,-0.432935065051042,-0.615212941682935,-0.104049218131936,-0.188476860115875,-2.79070163591106,-2.80019423823875,-3.19114278255311,-3.3175402599512,-2.70019409681143,1.21427765679989,3.10564069051434,2.74790311975411,1.93034331490234,-1.37656571243738,-1.0294733415297,-4.80204706357285,0.804012240862067,0.986951880710511,-0.402735168539582,-3.22189531452103,-3.01157362511565,-2.00230083525391,-0.37253830560514,5.3928260380558,5.48436511608146,5.05184215598818,6.06589026961832,4.64467056509701,7.57414956317682,5.57999328686416,3.63518647447494,5.01157915481474,4.42572445459019
Uzbekistan,UZB,External balance on goods and services (% of GDP),NE.RSB.GNFS.ZS,..,..,..,..,..,..,..,-2.98035482120738,-0.289515717878937,-0.260680428062725,5.27137854773314,2.57393458266502,2.88636546669888,6.01589800893946,6.98410406981486,6.09280053254958,5.55608310571884,4.92766583894998,2.58905357481948,0.652119670444511,-0.607071991447865,-2.03573581396762,-5.08471349673084,-4.50236066189567,-3.77743405237499,-2.83523395154702,-3.98355702398186,-5.40148841803183,-15.1091341853666,-13.6788410614175,-11.5787300111814,-14.1437800300418,-15.5824394828611,-16.4717299218606,-14.3955326918299,-13.3285438403188
Vanuatu,VUT,External balance on goods and services (% of GDP),NE.RSB.GNFS.ZS,-24.2551469472406,-14.1961307538359,-9.06828630477878,-8.66425992779783,-7.84075871195412,-8.19232282760348,-6.71575342465754,1.62627349237487,-10.1593565940144,-16.477322001561,-8.79784193798243,-11.8596584845251,-7.07739446830629,-5.0149642160052,-7.50680097051687,-9.40715676277,-6.99635884882023,-6.99648379900941,-12.8192706680253,-7.37783960668384,-6.38654686442243,-5.78622741455627,-1.83030687952885,-2.67571640346471,-5.08413010873641,-23.0185036202735,-17.0998437721915,-14.7497283189211,-13.8730200517748,-23.4420414798759,-38.0788496268784,-44.2525183341408,-39.7645854657114,-21.3245997088792,-22.6862178430346,..
"Venezuela, RB",VEN,External balance on goods and services (% of GDP),NE.RSB.GNFS.ZS,18.6434155632023,0,0,0,0,0,0,0,0,0,0,0,0,0,0,0,0,0,0,0,0,0,8.4393063583815,-2.09016393442623,22.8066528066528,21.1320754716981,21.0027855153203,24.051724137931,30.4609535878346,36.2626119000057,-0.0796790287508198,1.47371861359609,4.80013438506209,8.03830105774903,7.23267885680576,4.79480332981803
Viet Nam,VNM,External balance on goods and services (% of GDP),NE.RSB.GNFS.ZS,-9.23847066261471,-5.11687371817435,-4.08569348966815,-8.76670181736514,-9.44694065388105,-9.0955552526956,-10.9687719529768,-8.13907056242686,-7.30464175925233,-2.85491465762536,-3.57410040167917,-1.83207143435938,-7.21860127631299,-10.9814386096182,-13.5544150399758,-3.31586070474759,-2.87999321756087,-13.5696347920104,-13.6440957472153,-9.48854958878456,-5.62599560601127,-2.90026649843804,3.7237330617418,2.75453711707937,3.78663044604972,0.931475478661779,2.8050645381185,2.54496001226139,4.18297539077997,5.6109597832743,5.51733320297907,1.02458141830063,3.68663893918612,8.4777427191721,6.44727845892826,6.15200691024277
Virgin Islands (U.S.),VIR,External balance on goods and services (% of GDP),NE.RSB.GNFS.ZS,..,..,..,..,..,..,..,..,..,..,..,..,11.6799509503372,15.7711298286378,18.040558335528,22.1770551038844,15.6779661016949,30.8110367892977,4.47690857681433,1.80909307307784,12.3496762257169,1.37343121004026,3.15480557593544,-7.14285714285714,-7.54558204768584,-1.5015015015015,-19.246972090574,-31.0226673695308,-52.9951567677798,-45.4986653724824,-36.9827382359896,0.266252496117151,-10.8946917808219,..,..,..
West Bank and Gaza,PSE,External balance on goods and services (% of GDP),NE.RSB.GNFS.ZS,..,..,..,..,-57.3699574438153,-57.2407700743268,-57.2413186297513,-55.7449864354487,-52.8836225969812,-61.1514328525941,-46.6060830860534,-51.9594375202937,-49.3784802294842,-50.4359879032258,-55.1932393387065,-55.6138673742123,-55.1034908288615,-55.3295390064825,-47.6075180564675,-47.1189878427347,-40.2520270619222,-35.0774622075612,-36.2766619704466,-35.0316303503385,-36.0936975060223,-38.6562079528213,-36.768925182079,-37.000248015873,-39.478146541661,-37.9513817958969,-36.5729443653946,-38.4013473963223,-45.522423104015,-42.1816893925978,-30.8830048261524,-32.3048156065963
World,WLD,External balance on goods and services (% of GDP),NE.RSB.GNFS.ZS,-0.395499454939806,-0.0651830633028148,0.345881882790451,0.425267852941257,0.450665575593487,0.47009219252001,0.398470312755517,0.538264218654326,0.438905220637537,0.270009051724337,0.0303781645070096,-0.037180277741065,0.172435382304926,0.157030628635582,0.228535827227518,0.295126811924288,0.496204293981904,0.668762094667809,0.548341956688596,0.64077786684334,0.777682414811995,0.838568361558846,0.90827680075579,0.949488919525916,0.878205322896779,0.753379769580039,0.736841885044139,0.746715305972991,0.673916679018742,0.543354885071068,0.648143867742309,0.931738519750155,0.7706601644208,0.773861045607973,0.965651779154527,0.981556772409043
"Yemen, Rep.",YEM,External balance on goods and services (% of GDP),NE.RSB.GNFS.ZS,-5.29100879979454,-12.5741781164127,-13.7266954268123,-18.2867535691166,10.5902430805256,3.52798736907914,-8.92691733621693,-7.5775872208751,-19.5749337449249,-2.32522036681719,7.3789712391794,0.90145329916774,-0.728109181701666,-1.50460286178705,0.918316494310491,5.02035340179105,0.440937987812594,-7.31657351428571,-5.57081185992787,-11.4210747773717,-4.39548165369922,-2.37860961460205,-11.6342032507777,-7.79268115832509,-5.27486635496798,-12.2645039932174,-21.4631387684175,-23.5934095012992,-38.5656179560787,..,..,..,..,..,..,..
Zambia,ZMB,External balance on goods and services (% of GDP),NE.RSB.GNFS.ZS,..,..,..,..,-0.749803902343367,-3.42472126600992,-6.86366373836064,-3.530347506404,-7.01477988771373,-9.69309540307352,-12.5397473269541,-14.4488845115891,-10.6491403373253,-10.9449166140775,-3.73311042962827,-0.978857562601504,7.32909850047488,1.41092771911989,-1.61616971007423,2.38061438315319,6.15094758445282,8.14701290815586,4.79811213279822,0.509192366402125,1.45108013624419,-5.58821715444893,-3.30920975668447,-1.59997912707308,1.02643956861224,0.481180270280106,14.2335235287197,18.2236688431739,11.0906800035408,3.45036089219515,7.42885809181654,..
Zimbabwe,ZWE,External balance on goods and services (% of GDP),NE.RSB.GNFS.ZS,0.0744391672016473,-3.28475595651168,-9.25610658771281,-1.72827286916136,-1.91826522101752,-2.68446943078004,0.189891907683319,-7.01605343332552,-1.7251473400726,3.89492093565546,2.25226907705525,2.02042546915902,-3.14014420235609,-5.65831951836663,-7.09735732116726,-8.94803108583337,-10.9055858998485,-8.60286132489731,-26.59008601177,-22.8239795258899,-23.8426262165135,-19.8649798001276,-23.8371244196572,-14.6813606795545,-12.8117710389377,-18.4283979823013,-11.3318822427861,-5.71196608886061,-2.22221424571781,-0.450055688514292,-1.83431768023885,-3.63964508045545,-6.07402844520124,-6.05710919451059,-5.39111052047815,..
,,,,,,,,,,,,,,,,,,,,,,,,,,,,,,,,,,,,,,,
,,,,,,,,,,,,,,,,,,,,,,,,,,,,,,,,,,,,,,,
,,,,,,,,,,,,,,,,,,,,,,,,,,,,,,,,,,,,,,,
Data from database: World Development Indicators,,,,,,,,,,,,,,,,,,,,,,,,,,,,,,,,,,,,,,,
Last Updated: 07/13/2026,,,,,,,,,,,,,,,,,,,,,,,,,,,,,,,,,,,,,,,
Code,License Type,Indicator Name,Long definition,Source,Topic,Dataset,Unit of measure,Periodicity,Reference period,Aggregation method,Statistical concept and methodology,Development relevance,License URL
NE.RSB.GNFS.ZS,CC BY-4.0,External balance on goods and services (% of GDP),The balance of international trade in goods and services is the difference between the exports and imports of goods and services. This indicator is expressed as a percentage of Gross Domestic Product (GDP) which is the total income earned through the production of goods and services in an economic territory during an accounting period.,"Country official statistics, National Statistical Organizations and/or Central Banks;
National Accounts data files, Organisation for Economic Co-operation and Development (OECD);
Staff estimates, World Bank (WB)",Economic Policy & Debt: National accounts: Shares of GDP & other,WB_WDI,%,Annual,1960-2025,Weighted average,"Methodology: National accounts are compiled in accordance with international standards: System of National Accounts, 2008 or 1993 versions. Specific information on how countries compile their national accounts can be found on the IMF website: https://dsbb.imf.org/
Statistical concept(s): The conceptual elements of the SNA (System of National Accounts) measure what takes place in the economy, between which agents, and for what purpose. At the heart of the SNA is the production of goods and services. These may be used for consumption in the period to which the accounts relate or may be accumulated for use in a later period. In simple terms, the amount of value added generated by production represents GDP. The income corresponding to GDP is distributed to the various agents or groups of agents as income and it is the process of distributing and redistributing income that allows one agent to consume the goods and services produced by another agent or to acquire goods and services for later consumption. The way in which the SNA captures this pattern of economic flows is to identify the activities concerned by recognizing the institutional units in the economy and by specifying the structure of accounts capturing the transactions relevant to one stage or another of the process by which goods and services are produced and ultimately consumed.","This indicator is related to the national accounts, which are critical for understanding and managing a country's economy. They provide a framework for the analysis of economic performance. National accounts are the basis for estimating the Gross Domestic Product (GDP) and Gross National Income (GNI), which are the most widely used indicator of economic performance. They are essential for government policymakers, providing the data needed to design and assess fiscal and monetary policies; and are also used by businesses and investors to assess the economic climate and make investment decisions. NAS enable comparison between economies, which is crucial for international trade, investment decisions, and economic competitiveness. More specifically, this indicator is related to the expenditure approach used to calculate GDP, which focuses on the total amount of spending on final goods and services within an economy over a specific period. Unlike the production approach, which looks at the supply side by summing the value of output produced by all sectors, the expenditure approach looks at the demand side by summing all expenditures. This demand-side analysis provides insights into the spending behaviors of different sectors, including households, businesses, the government, and foreign entities. Also, by breaking down expenditures into categories like consumption, investment, government spending, and net exports, it helps identify which components are driving or hindering economic growth. This approach can thus be used to assess the effectiveness of fiscal and monetary policies. Overall, the expenditure approach is crucial for understanding the dynamics of an economy, guiding policy decisions, and providing a comprehensive view of economic activity from the perspective of total spending.",https://datacatalog.worldbank.org/int/public-licenses#cc-by
