Country Name,Country Code,Series Name,Series Code,1990 [YR1990],1991 [YR1991],1992 [YR1992],1993 [YR1993],1994 [YR1994],1995 [YR1995],1996 [YR1996],1997 [YR1997],1998 [YR1998],1999 [YR1999],2000 [YR2000],2001 [YR2001],2002 [YR2002],2003 [YR2003],2004 [YR2004],2005 [YR2005],2006 [YR2006],2007 [YR2007],2008 [YR2008],2009 [YR2009],2010 [YR2010],2011 [YR2011],2012 [YR2012],2013 [YR2013],2014 [YR2014],2015 [YR2015],2016 [YR2016],2017 [YR2017],2018 [YR2018],2019 [YR2019],2020 [YR2020],2021 [YR2021],2022 [YR2022],2023 [YR2023],2024 [YR2024],2025 [YR2025]
Afghanistan,AFG,Gross fixed capital formation (% of GDP),NE.GDI.FTOT.ZS,..,..,..,..,..,..,..,..,..,..,..,..,..,..,..,..,..,..,..,..,..,..,..,..,..,..,..,..,..,..,11.4556283331357,12.9867036666422,16.6684717100358,15.2435765521019,17.0345350970985,..
Africa Eastern and Southern,AFE,Gross fixed capital formation (% of GDP),NE.GDI.FTOT.ZS,..,..,..,..,18.4383238278043,18.5129356887202,18.7149957356367,17.9342471275102,19.1933068426245,17.4567686570697,18.0353233431989,18.0002330578786,16.9641896177472,17.5500882355867,18.3094059800706,19.0366889517258,19.4802018954995,21.2249386015492,23.743148055438,23.9195862473836,21.3489630928787,21.8346579210437,22.1977968126439,22.6052729564825,23.1851832009457,22.638336303844,22.1287190598662,21.7311037437274,21.2100174049873,21.3552739699488,19.6175903132354,19.4057814179891,19.4954123123565,19.5825650375905,18.6150822790303,17.9317306323771
Africa Western and Central,AFW,Gross fixed capital formation (% of GDP),NE.GDI.FTOT.ZS,..,..,..,..,..,..,..,..,..,..,..,..,..,..,..,..,..,..,..,..,..,..,..,..,..,..,..,..,..,..,..,..,..,..,..,..
Albania,ALB,Gross fixed capital formation (% of GDP),NE.GDI.FTOT.ZS,30.360946807547,7.60311109567282,5.65668410228241,13.6761374504386,18.8965848987739,23.4888671355406,22.8277475804894,20.8152471481861,22.2095424976303,24.315483594315,32.3834710002936,36.874485838279,36.0225168477628,36.1844107733044,38.171113638681,38.4528885210446,38.3733064639202,36.4450920497709,35.0619928502369,34.46966714051,30.1746231779397,31.6903461775522,28.6230804126196,27.8069449555149,26.5299242007892,26.0810405275666,25.626746695952,26.2596685681188,25.9195838592949,24.6048342032887,25.1975755428037,27.2150561792836,25.6948129442746,24.2865145867852,24.3552461083467,24.2664150891277
Algeria,DZA,Gross fixed capital formation (% of GDP),NE.GDI.FTOT.ZS,26.9701332491502,25.8614569751364,27.074986203492,27.0068601489891,28.4009383036092,29.1369442926136,24.8793780587037,22.9515862396628,25.7480990288356,24.390077444307,20.6772427594523,25.1243840198169,27.1231934912643,26.1191090523597,26.1014395272487,24.8333849865266,25.1669293883515,27.9986237172174,30.0397675681438,38.7738534672056,36.8247454236446,32.5550419569134,32.3722774660867,35.5482724924833,38.5992038440274,42.8089904007225,43.3866935269655,41.5075397965874,41.0086253013984,39.8722500063772,39.0898216851072,35.1175035102881,30.384790452886,32.7223686846894,35.1978539491642,39.3982847390378
American Samoa,ASM,Gross fixed capital formation (% of GDP),NE.GDI.FTOT.ZS,..,..,..,..,..,..,..,..,..,..,..,..,..,..,..,..,..,..,..,..,..,..,..,..,..,..,..,..,..,..,..,..,..,..,..,..
Andorra,AND,Gross fixed capital formation (% of GDP),NE.GDI.FTOT.ZS,..,..,..,..,..,..,..,..,..,..,..,..,..,..,..,..,..,..,..,..,..,..,..,..,..,..,..,..,..,..,..,..,..,..,..,..
Angola,AGO,Gross fixed capital formation (% of GDP),NE.GDI.FTOT.ZS,0,..,..,..,..,..,..,..,..,..,..,..,31.269891351016,30.3441930892513,31.1805304535782,28.9849966745705,22.8887255071431,26.2503761133559,30.5810596696485,43.000397140869,28.9194518921729,27.4418409022072,27.7888811655886,27.1594384980671,28.43275735507,29.0721207527256,29.6348085896181,28.7057032200305,23.8941137322217,24.4513559065733,19.6656747617134,16.2194201933039,14.4653703169265,12.4211932862819,10.6227544338657,..
Antigua and Barbuda,ATG,Gross fixed capital formation (% of GDP),NE.GDI.FTOT.ZS,..,..,..,..,..,..,..,..,..,..,..,..,..,..,..,..,..,..,..,..,..,..,..,..,..,..,..,..,..,..,..,..,..,..,..,..
Arab World,ARB,Gross fixed capital formation (% of GDP),NE.GDI.FTOT.ZS,20.2623980951701,22.7810143965293,23.5222567365543,24.3103032681687,23.152282022064,22.1334447925054,21.0197959497302,20.6914533257512,22.1185500055238,20.2822335605514,18.3493596638006,19.4683374295703,19.942098867986,20.125021789245,20.025941826152,20.0613447803749,20.6051571435489,22.5968282214207,22.7851419788085,25.0297945723249,24.2468171496144,22.1561886465496,21.1313480970513,22.2908298921667,23.143839134448,25.5713728133411,24.228896539607,23.5648080711018,22.5610849872062,23.0944312773674,22.1499872887133,21.3059411791366,21.1936355973419,23.2910475941568,24.4403929703817,25.0555087886671
Argentina,ARG,Gross fixed capital formation (% of GDP),NE.GDI.FTOT.ZS,13.9969815756662,14.6369773950796,16.7024057741857,19.0564340661161,19.9389752563704,17.9377461107015,18.0821812623381,19.37012354068,19.9349616865126,18.0140244001369,16.192649393261,14.1791183183273,11.9606480900889,15.1375075649857,15.8937872782322,17.3511468951153,18.3311867225446,19.5160791570053,19.0101609779701,15.581752639827,16.6414661565525,17.2482847013515,15.8575254186347,16.2895111851898,15.9799540764527,15.5647450770354,14.2723627542237,15.1621987548244,15.2510495001607,14.1990461422681,14.282505371897,17.2906325754362,17.6177901931028,18.4930289934213,15.9035666572482,16.0000347499037
Armenia,ARM,Gross fixed capital formation (% of GDP),NE.GDI.FTOT.ZS,44.3450606241304,28.4728322248714,17.066958960637,12.4554038132851,20.236280630188,16.1539554329991,17.8845109452511,16.2041936592933,16.215975968932,16.4195691760111,21.7140001491266,20.8374465760359,24.8429527013295,27.0867619077105,28.1078274042853,35.0941906901967,41.8506802488286,43.5045318563582,46.8333157896094,42.8838785721266,39.3751094408429,30.7367448594284,23.5988356156116,21.2125120032579,19.9950573934454,20.6125615954784,17.357719658433,17.6483759985837,16.7409108725174,15.8155984319769,17.7739212520107,21.2039418643996,21.0691132267399,20.5736619222159,21.3550447611018,21.4155284899405
Aruba,ABW,Gross fixed capital formation (% of GDP),NE.GDI.FTOT.ZS,..,..,..,..,..,..,..,..,..,..,..,..,..,..,..,..,..,..,..,..,..,..,..,..,..,..,..,..,..,..,..,..,..,..,..,..
Australia,AUS,Gross fixed capital formation (% of GDP),NE.GDI.FTOT.ZS,27.623562275288,24.5348574396361,22.8064877617222,23.4529547171169,23.9305264869908,25.0572393420043,24.1113881616574,24.0009111568284,25.1156707378023,25.3296988202281,25.8919654195344,23.1582021660242,24.2554623623273,26.007030943111,26.5880659201753,26.9676243082002,27.7412866557676,27.3471755803552,28.1494081563949,27.5129887832226,26.9461352407809,25.9432868336906,27.3175908517662,27.7286395572248,26.7582301625395,26.1113805788248,25.2841043930064,23.9744250133026,24.3863880116543,23.3219874334142,22.7279354612304,22.5826306071239,23.1156890618434,23.1932473759349,24.0919767539482,24.3287174731557
Austria,AUT,Gross fixed capital formation (% of GDP),NE.GDI.FTOT.ZS,25.7510314744543,26.8420969072761,26.4244117120192,25.9038839903106,26.5569027529532,25.6814352868846,25.9792394170832,25.5410735111136,25.5828501885423,25.0791471023159,25.706049968312,24.9279130602684,23.6230774906842,24.1941212310447,23.7682466626674,23.2345864227667,22.8306808001519,23.1393973500284,23.5337970115719,22.6637107958545,21.8611554230227,22.7073592505649,22.9527434287837,23.3121101516353,22.9671788352856,22.8959621968365,23.3219102437796,23.8459451205616,24.3135937640992,25.0801117201002,25.134256704245,25.8646541570211,25.2127203813994,24.6875584181551,23.5479112127244,23.5267100229664
Azerbaijan,AZE,Gross fixed capital formation (% of GDP),NE.GDI.FTOT.ZS,20.2592087312415,11.4520958083832,21.8169747515612,20.953821656051,26.2587136375767,15.6434529946574,29.1078094122813,36.9914194345059,35.5141545079347,28.5105030330322,23.1364320383205,22.8817066746934,34.08,52.8818302665641,57.7102529835174,41.3088440806548,29.7009527264192,21.3994816734543,18.5787748024277,18.8194317655155,18.1667255386789,20.1776045466764,22.4551866242143,25.7938881440995,27.4303937533572,27.8253034203751,25.0345882181606,23.8172078171339,20.6940768116666,21.1295517984961,22.6664792823179,16.2271252489185,12.0116262492284,17.4006159423821,17.6085681632447,16.291616961284
"Bahamas, The",BHS,Gross fixed capital formation (% of GDP),NE.GDI.FTOT.ZS,25.6276058117498,25.411422106224,26.1305886137022,21.3331177231565,24.1776618594661,25.4386118401866,27.6855084510945,28.1174791073154,31.1610046215401,27.6761579776857,27.9961418788159,25.4020579886821,22.8979097325124,23.0426072339739,22.0158603424076,26.1442426953498,32.3440458334358,29.3802986154145,28.2861485844575,26.774300838713,26.6933841533475,28.3661603999821,30.3095033767397,28.3104063845427,30.2654613029778,23.5867067648848,24.7801092509827,26.4676345114044,24.4289815277084,24.205769375612,21.9999614018836,23.3023178532857,22.5577111277416,21.7741777058928,25.7497094638977,..
Bahrain,BHR,Gross fixed capital formation (% of GDP),NE.GDI.FTOT.ZS,16.644767295641,17.4048254992702,19.0130222956487,20.4291984791537,17.5396872709469,15.2388553624296,10.8902701971484,10.532336871361,12.3384306711448,11.9404908545025,16.3884201722595,16.973674464082,23.1118109537697,23.5722707984621,22.5138842259822,25.6865148628303,29.4994531309511,33.5512723854657,34.5226692044314,25.2599199746776,27.4117362251403,21.4870793889003,27.1729554410629,25.1125167779694,26.0902109225078,24.4236635603283,26.8323765525123,28.4555240149231,29.6473951373747,27.5453708574435,29.0855253637305,24.8418199625942,26.8491803428844,27.5133591159521,28.876492005303,..
Bangladesh,BGD,Gross fixed capital formation (% of GDP),NE.GDI.FTOT.ZS,16.4586755151535,16.8959474633294,17.3050292766937,17.9468320109013,18.402556188374,19.1197958221399,20.7299506037379,21.8162145054057,22.1214128239602,22.7213703034657,23.8085625731369,24.1743067306933,24.3414161366729,24.6791888612834,24.9918339447004,25.8304355145863,26.1441457474299,26.1784970672047,26.2022714003991,26.2060570157536,26.2466561760577,27.4209733686034,28.2623350097187,28.3896207536466,28.5778757115563,28.886689247008,30.2397639179985,30.9468731155675,31.8225747704431,32.2137331126266,31.3079413414304,31.0187387357172,32.047275580905,30.9512000834944,30.7004900245244,28.5411003849809
Barbados,BRB,Gross fixed capital formation (% of GDP),NE.GDI.FTOT.ZS,..,..,..,..,..,..,..,..,..,..,..,..,..,..,..,..,..,..,..,..,..,..,..,..,..,..,..,..,..,..,..,..,..,..,..,..
Belarus,BLR,Gross fixed capital formation (% of GDP),NE.GDI.FTOT.ZS,21.9399538106236,22.2222222222222,25,33.9086294416244,33.2602708930478,24.6979069709974,21.0791340655445,25.2310334487365,25.9346503152411,26.3269712735752,25.2015480960827,22.6690424615098,21.9847426955846,23.748249682755,25.3173520457355,26.5166266823018,29.6607667755813,31.3763246755786,33.3037472609769,35.5374326225462,38.8270843770422,37.685885856564,33.4161102099333,37.1868460544649,33.224364033082,28.6543148072496,25.4400783578553,26.1579866134837,26.227418804984,27.034537426493,25.3653466986551,22.5711362004534,19.4477162810143,22.555363377361,23.5065901235555,25.0821901369045
Belgium,BEL,Gross fixed capital formation (% of GDP),NE.GDI.FTOT.ZS,23.9803812910788,22.3916858211095,22.0981515076207,21.3180910069297,20.7984827812125,21.2317407409695,21.1846630058459,21.8542937017378,21.7804884968778,22.1665354285214,22.5070638327085,22.3902708268942,20.696424121126,20.4941888377035,21.4618504095247,22.1538935922611,22.3254390645591,23.2930144412895,24.1181419052712,22.5500517779492,21.9382428923496,22.7900061624511,22.8236232419409,22.1558511394486,22.8409196700006,23.1519860999475,23.5198221753782,23.5041514887444,23.7749835796852,24.2312098845978,24.0338724949105,23.9163856652107,23.9161142447757,24.1745802432932,24.2779848762966,23.8945707368656
Belize,BLZ,Gross fixed capital formation (% of GDP),NE.GDI.FTOT.ZS,22.0514270521151,24.205544292346,22.9947445253166,24.9782337814503,18.3051430481526,19.4626188132585,18.1333129336285,17.6905900630421,16.4953549174584,21.3333416023728,24.7999210289156,22.1347914796627,20.0477035333808,16.9503246724087,15.7738883389682,16.5447137431608,16.7562013856216,17.5990669740298,22.0434241097951,16.5310096147082,13.8767930078896,14.2446969324299,13.548139661105,14.6607730687941,16.4653377433108,16.3601588376136,18.0259826627013,15.4176100849581,16.5822544455447,16.7569097918923,17.1569111592985,19.9353909263801,20.5192653485547,20.5010076374772,21.1340516722302,..
Benin,BEN,Gross fixed capital formation (% of GDP),NE.GDI.FTOT.ZS,12.6215462802717,12.9558310407174,13.4168075060895,13.8825185296768,16.2427832653018,17.5648673837753,16.3402660242417,17.2259606173951,17.2787547601197,20.0596856103684,18.7260035737058,19.0630663062128,16.9126841557001,17.5433638972786,16.0866608482814,15.0410868587762,14.1614409546098,17.0574739269899,15.8450088744723,16.5655504658066,17.6499967380481,18.2263279960581,16.2040295951807,20.7082627484833,21.6376626983262,20.4957392258274,19.72249305162,23.4384503972218,25.900562756214,25.1732556309975,25.2065173861299,28.447444436108,30.7328757658114,34.1217773085656,34.66631864209,35.431137598892
Bermuda,BMU,Gross fixed capital formation (% of GDP),NE.GDI.FTOT.ZS,..,..,..,..,..,..,..,..,..,..,..,..,..,..,..,..,..,..,..,..,13.0430267361979,12.5825420569453,11.0144291764369,10.8931113391845,12.0945969964397,11.8925858297364,12.8032086210967,13.763644733725,13.4097576009445,14.7485170334877,12.2379040805742,12.902924909709,12.7026098741948,11.2150851626763,11.038752628066,..
Bhutan,BTN,Gross fixed capital formation (% of GDP),NE.GDI.FTOT.ZS,23.5488203074844,34.3814856792652,40.7900153935041,42.9284254571152,42.8258903555228,42.317707532989,37.7573590324235,32.6782189150979,34.1713044397923,40.0343775191559,52.3538771979134,62.2382539688473,67.9348687478544,66.5147789263835,68.9344332604568,61.7106097285108,48.2746970719131,40.224760213805,45.2241686023226,49.7747231971075,62.7369005914119,67.7904383722062,69.154926235591,63.3505663166277,54.6280412607061,56.1511418956461,56.9256652736371,54.264203381851,53.6036335150839,45.7996795632774,38.5705348289027,43.9896989380467,55.1076881469919,44.6066544616026,42.1455062871038,..
Bolivia,BOL,Gross fixed capital formation (% of GDP),NE.GDI.FTOT.ZS,12.5584891892561,14.4840237141834,16.3155701874525,16.6643833188834,14.8514771414085,15.5335271476926,16.1763687426656,18.9689513481554,23.1532159881584,19.0973226968185,17.8874789626329,13.9267732202243,15.6496469618393,12.6639226700099,11.6871210206907,12.990846906531,14.296679671822,16.1395936873294,17.2487171462335,16.4792607960079,16.5722453451651,18.9656256308952,18.3628772434261,19.0600818282013,20.9820496161581,21.371059614022,20.6704841876063,23.1176658338729,22.8232991121695,22.9142053369823,15.7937305332463,17.0431489901198,17.380669631509,17.7080563284576,16.608811759145,..
Bosnia and Herzegovina,BIH,Gross fixed capital formation (% of GDP),NE.GDI.FTOT.ZS,..,..,..,..,..,12.26847306137,34.0352672822349,34.216556884342,32.566671673001,23.8967623642248,31.1070293982231,29.0132781750178,28.9681332665159,27.7635078367024,26.9177642885767,29.3781353895492,23.2664148364209,27.4322387315308,29.3870086618576,24.1708852113612,21.1903790429319,22.4529460305798,22.3136710302915,21.4586693817543,23.4017699774264,21.3535615866094,21.0912445723715,22.1820977450405,22.8222703920961,23.0639215176452,23.1509133837447,21.6266831748561,22.5774496865685,23.7931839160398,24.365123971607,..
Botswana,BWA,Gross fixed capital formation (% of GDP),NE.GDI.FTOT.ZS,32.3558813728757,31.2712103628893,29.5505206963957,26.9462531143651,25.881972259633,26.9776273047536,23.0134844150445,26.173354139613,28.1125271685438,26.6799151466402,25.1424778791029,25.9184990909346,27.4723965597397,28.0158528279457,27.8417735642036,25.3398125302155,20.2615313733541,24.5679225916934,25.3857502822094,28.3351035255209,26.7648941191754,30.1982921302029,31.4658317333179,27.5897535163848,25.4354374358833,27.1032856794333,24.5191722710084,24.1791764530728,26.3934732047554,28.8496651227091,27.6308199443399,26.3940542476821,24.4131351280825,25.4843740028979,28.4591944895772,28.2258212372502
Brazil,BRA,Gross fixed capital formation (% of GDP),NE.GDI.FTOT.ZS,20.6635851959048,18.1090137013569,18.4232590300656,19.2831161146442,20.748084535259,20.2862976209414,18.6406537838098,19.1229011258392,18.5423485026572,17.0162942226036,18.30448803112,18.4180865009209,17.9262508238054,16.6047591535688,17.3202333242533,17.0561834613227,17.2102995750103,17.9957613410672,19.3853295551661,19.1019580373901,20.5346736513576,20.6089642088056,20.7167127703742,20.9119218718301,19.8730289050629,17.8358070500755,15.5243273233005,14.5589865169328,15.0969119555859,15.4711697448233,16.5610215626482,17.9178490532598,17.8004023928911,16.410975108624,16.9093613197373,16.8390252318469
British Virgin Islands,VGB,Gross fixed capital formation (% of GDP),NE.GDI.FTOT.ZS,..,..,..,..,..,..,..,..,..,..,..,..,..,..,..,..,..,..,..,..,..,..,..,..,..,..,..,..,..,..,..,..,..,..,..,..
Brunei Darussalam,BRN,Gross fixed capital formation (% of GDP),NE.GDI.FTOT.ZS,10.8883467958047,12.1490865531045,15.3763343274918,19.6242738719365,18.1087984709979,22.5398742056951,27.5780982591353,23.6709520913239,24.6719369741807,15.5887589991886,18.6491948431551,21.062581811282,33.7978768533758,21.9238165341021,19.5378575210295,16.1042363710426,15.1973603615226,19.7622730940695,20.6452002021794,26.2134659610584,23.5321395841361,25.9140205339105,32.7660905395797,39.457601760031,27.2783021054882,35.0279851947862,34.3684753465283,34.587567693936,40.8914880421939,38.5070273900823,40.3776287535699,31.084391319741,25.6780332540153,29.4254013593818,27.6977510164472,26.9145227116463
Bulgaria,BGR,Gross fixed capital formation (% of GDP),NE.GDI.FTOT.ZS,21.2651355194553,18.1539082431283,16.2241140831077,12.9547105361315,13.7607406938795,16.6686853479005,4.45233960435174,9.68098126725783,14.5937766399254,16.2553552539751,16.7311809263197,19.2659191386409,18.9772762631082,19.8051414571743,20.9507199957922,25.665167926945,27.4377526468047,28.2888070189046,32.9796238269343,27.7810120397127,22.1822277133818,20.8392475385511,21.1224409741849,21.182526702151,21.0608601504587,20.8597785000503,18.4104650796433,18.3038060671112,18.8299243206579,18.7188384588386,18.9959627554221,16.2822581869354,17.0042274007414,18.7284540045901,18.3125443566691,20.1322595150941
Burkina Faso,BFA,Gross fixed capital formation (% of GDP),NE.GDI.FTOT.ZS,17.7409318700115,20.0018536302565,19.4937699850016,18.7529870388975,25.7157287954269,22.4798067267414,22.5521355859493,24.2260159057352,22.3718622777746,17.0912927238886,16.4909288266509,13.6641871454809,13.3596138705109,14.3992388574488,15.634922833423,15.4378655956574,15.8951941535138,18.1832239589598,17.301896388026,18.7915710542384,20.1227742664708,21.1137502536834,22.1550536304438,23.4825820678442,18.6612605753847,19.147211610749,20.2451557982691,20.8835008952792,20.1522963589389,18.8401565182191,17.7568948377207,18.1079398753545,18.1462572544304,18.3661917906075,17.2008676536653,16.7292177106918
Burundi,BDI,Gross fixed capital formation (% of GDP),NE.GDI.FTOT.ZS,..,..,..,..,..,..,..,..,..,..,..,..,..,..,..,..,..,..,..,..,..,..,..,..,..,..,..,..,..,..,..,..,..,..,..,..
Cabo Verde,CPV,Gross fixed capital formation (% of GDP),NE.GDI.FTOT.ZS,..,..,..,..,..,..,..,..,..,..,..,..,..,..,..,..,..,..,..,..,..,..,..,..,..,..,..,..,..,..,..,..,..,..,..,..
Cambodia,KHM,Gross fixed capital formation (% of GDP),NE.GDI.FTOT.ZS,..,..,..,10.7623524495248,10.6909780378212,13.9168329480616,12.6760898846533,13.4196139607507,12.3863128638125,15.9789286539458,18.3895301204123,17.3896808288937,20.9017583968683,21.2723464696845,21.7474490268637,22.0482982049285,23.0793894655423,24.1617000780788,21.859577558739,25.2361352056186,21.28662800802,21.3854992854878,23.6749074349425,25.9001429708567,29.1148422384552,29.0092205221484,29.5113482528819,29.7794487571952,29.9831800685541,30.6598378372886,30.6318860127836,29.7406881932399,33.9832177454123,32.6793804081383,31.5853497927725,30.9107381550115
Cameroon,CMR,Gross fixed capital formation (% of GDP),NE.GDI.FTOT.ZS,17.3347645655364,16.6457101359387,14.3053862792332,14.7810673421101,17.171935822125,17.3335706462687,17.5149925796729,18.1600090472405,18.5651271058019,17.5094465128878,17.4902233300344,19.2315853241924,19.5149001227028,18.3633231453087,18.8910238024988,18.5802837690659,17.8556782062501,18.583050782478,19.8958104973389,18.5992432101758,18.5258358699339,18.9348906367022,18.1966579785064,18.3935437647231,19.436913998152,18.6117816287166,19.4576148812245,19.2961406888504,19.5500413474034,19.088506793809,18.1922991522213,18.1895394723663,18.8164268671824,19.1469600869994,18.181902575179,19.3425524762361
Canada,CAN,Gross fixed capital formation (% of GDP),NE.GDI.FTOT.ZS,21.7046416899472,20.2636750060205,19.3853036317779,18.6566394971066,19.3942462612315,18.347300032106,18.8067696787985,20.3001226160442,20.5549377058662,20.1902928803873,19.5993356617119,20.1517646904638,19.9748845804896,20.012369056955,20.8745812199367,21.8372450469019,22.8847443946428,23.3389957278501,23.468960389706,22.3069271582099,23.4611524730321,23.510376129041,24.4942803133541,24.1873900963866,24.3893049222041,23.8505579659614,22.7723539706794,22.6962795343088,22.6760699457971,22.5799284914038,23.1842052051561,23.7893330462459,23.0827054280969,23.0403942262261,22.9101597496711,22.9023282199746
Caribbean small states,CSS,Gross fixed capital formation (% of GDP),NE.GDI.FTOT.ZS,..,..,..,..,..,..,..,..,..,..,..,..,..,..,..,..,..,..,..,..,..,..,..,..,..,..,..,..,..,..,..,..,..,..,..,..
Cayman Islands,CYM,Gross fixed capital formation (% of GDP),NE.GDI.FTOT.ZS,..,..,..,..,..,..,..,..,..,..,..,..,..,..,..,..,..,..,..,..,..,..,..,..,..,..,..,..,..,..,..,..,..,..,..,..
Central African Republic,CAF,Gross fixed capital formation (% of GDP),NE.GDI.FTOT.ZS,11.8127238658526,12.176793191393,12.1359937707875,9.85962557614822,11.9350115113759,13.0539115753172,6.69601464877468,7.83858396473066,8.24993910805123,12.9619643989924,11.0722959362908,10.2408292129649,9.62494666555282,6.4047925068294,6.81213802638146,9.86481735599986,10.2342110190608,10.6872405778362,12.7283872854476,12.9217423859069,16.1364232338687,13.4133986017882,10.7696005106273,6.34984852529107,21.1559057609307,20.5727753662507,20.8776384260612,24.2380273309599,16.3979800021887,14.3881299969725,18.2987700027516,15.7230599997852,14.9322699985163,14.5948464881829,15.1266121685887,14.7825770581129
Central Europe and the Baltics,CEB,Gross fixed capital formation (% of GDP),NE.GDI.FTOT.ZS,..,..,..,..,..,21.5544746830629,23.165496186954,24.3693796244089,24.953170323253,24.7748519496551,24.5010882056245,23.5107636540219,22.6647455978169,22.8280181297134,23.0307309587257,23.5841013160241,24.8067076610891,27.2420965547358,27.4740299857966,23.6672136753322,21.8659760097066,22.3960618122486,21.7295886596373,21.2342865009345,21.7046122979679,22.1792069338339,20.4731354613395,20.3732408664496,21.1705790576092,22.0893535462675,21.6905742112032,21.3894411443016,21.6683045683133,22.5234378000175,21.2871627400477,21.3580897799199
Chad,TCD,Gross fixed capital formation (% of GDP),NE.GDI.FTOT.ZS,4.77211124020064,4.6221688959483,5.27564010414816,6.89418572294783,11.7547995640832,14.3571966427418,14.9647881045588,16.3306385807642,14.1454908936555,16.972280963948,20.9415491831803,36.5792397497978,59.7230692555054,48.6009827283796,22.7403576794121,22.1110832933166,22.1188429771612,22.2201872312874,22.0523939544895,23.9066588943508,22.2724742978321,23.347597439763,22.9050114032238,25.540516356594,24.8559283651473,22.2576244315119,16.0701130463914,15.2004119098293,17.3526851073987,20.2129960620874,18.2437176613322,16.3727111362785,14.5278019693895,16.0201402454848,15.4741814189462,16.3884089317989
Channel Islands,CHI,Gross fixed capital formation (% of GDP),NE.GDI.FTOT.ZS,..,..,..,..,..,..,..,..,..,..,..,..,..,..,..,..,..,..,..,..,..,..,..,..,..,..,..,..,..,..,..,..,..,..,..,..
Chile,CHL,Gross fixed capital formation (% of GDP),NE.GDI.FTOT.ZS,23.7709729412989,20.7492215013557,23.4984374150546,26.2188854128558,24.7209918225773,25.6194615701593,27.8972604254287,28.6348409708761,27.5785919147179,22.4124645000993,22.0430828033045,22.4880809449817,22.2745053659544,22.0896291628009,21.3985804067819,23.3687957260122,21.0647065041734,21.9798430231851,26.8810651175453,24.1203154623411,23.0154603246023,24.7203928977823,26.7526621551814,26.3486831942806,25.4735399676846,25.4703710962194,24.1291975843452,22.257664449869,23.0497925735582,24.5476232011073,22.5605419373273,23.3121724606731,25.6540546238166,24.397531470861,23.6573014977168,24.0869667522065
China,CHN,Gross fixed capital formation (% of GDP),NE.GDI.FTOT.ZS,23.9421564099717,26.0333742620373,30.615923445537,37.3107535797341,34.6945082292652,32.6280547742557,31.9095811418268,31.2502337176691,33.0698931681417,32.675048616256,32.6471790154044,33.4598817910203,34.9878641071948,38.0846809344133,39.3505370582361,39.2703289759488,38.5215726233992,37.6709873123357,38.8030814219879,43.4097668520056,43.5201821905755,43.515390928039,43.8737076505916,44.0755431365052,43.3803473680085,41.6166710438192,41.0805800894123,41.4184897995936,42.3803760237203,42.2503490502374,41.8494114609444,41.3521203793076,41.2329317275585,40.4544347218594,39.6519325237885,..
Colombia,COL,Gross fixed capital formation (% of GDP),NE.GDI.FTOT.ZS,19.0524928805132,17.514716713386,19.1049769206483,22.8507409211656,23.2882962964016,22.3961647913646,21.5958207070305,20.2056206872574,18.9364606568743,13.2478542787631,14.1293141067755,15.3995333206406,16.725296853536,18.1097505002846,18.8317596064491,20.9561543150332,22.5775935262733,24.0773758127074,21.9137810195697,22.6467081627038,22.0429732014851,21.9158254216725,21.1252094876723,21.3383970995375,22.6705098813348,23.3747819041323,22.1296577145622,21.7227919184852,21.2278710779912,21.269107264817,18.3620756136132,18.9897319714179,19.070491795478,16.424080141129,16.2164481041442,16.0101297503432
Comoros,COM,Gross fixed capital formation (% of GDP),NE.GDI.FTOT.ZS,17.1164125297085,17.116503995257,17.1164651971857,17.1164741335183,17.1164714139673,17.11642146928,17.1164898859093,17.1164299656219,17.1164093153237,17.1164090739706,17.1164269322436,17.1164695309867,17.1164426194856,17.1164519886137,17.1164637474012,17.1164439891343,17.1164559786779,16.0107412814615,18.6944966828606,16.6441195996643,17.8624390689727,16.7272118410604,16.6960690790813,16.2163941544159,15.2374969951294,13.4963324041779,12.4755919575083,13.3232598136896,14.7594576312256,12.6281735143297,10.9568842983038,13.2615764431111,11.9372948666905,12.1036211014277,11.9915935727452,11.8452140902633
"Congo, Dem. Rep.",COD,Gross fixed capital formation (% of GDP),NE.GDI.FTOT.ZS,..,0,..,..,7.54464240751745,9.65360633547398,27.0957059486157,2.50000003125,2.10000002102123,3.06901067065956,14.4183111720954,6.66278790417492,7.42893344939399,9.42478361067805,12.1421129521393,17.0380807060268,15.5353662039143,16.9164563797199,23.3112525238958,22.0972606754888,27.8249684310755,29.4718799073306,27.5116098044611,30.2145048053239,31.2393263687704,26.2539756311784,28.2774194617476,27.5291187187835,28.6711519339602,22.2993438450818,21.8454079734967,32.558394122872,36.6831545427326,34.0755549341194,31.3846449133461,28.7902886433381
"Congo, Rep.",COG,Gross fixed capital formation (% of GDP),NE.GDI.FTOT.ZS,17.2309711286089,19.6565630284897,20.5821741370428,28.9435600578871,52.9388411580276,34.3003455784889,31.7209356005232,21.5990263332596,24.3367533257978,26.5852480507831,20.9116684841876,26.2687594590636,22.542947408428,25.4800278816813,21.9054699242609,23.4233311819487,25.3550774107525,58.6863280854143,39.5456208499227,52.8292050129417,38.7798118925855,33.8687168065183,38.1514780762757,47.0619118613753,54.8259807101429,78.0009172791282,77.8214898988402,36.6644580240522,26.345781930627,26.1155301471499,23.2557304593578,22.1386763650518,20.6905597045862,24.9045198099403,26.5393398661499,29.0812618484898
Costa Rica,CRI,Gross fixed capital formation (% of GDP),NE.GDI.FTOT.ZS,22.3909668567092,17.0050943197705,19.3713110977788,20.3928927834186,19.9861370544683,19.7915160657945,17.9523190916565,19.269640184496,22.1180457035691,21.0870081212963,19.6895819485869,19.8348161320968,19.7839963993644,19.7901753815231,19.8781559251673,19.9518029727445,20.2930669265981,22.3649994161949,23.7449713583673,21.0035627921125,19.456409138575,19.432515640859,20.028855798916,19.8156100863487,19.8399496601011,18.9889261567649,18.8245431359704,18.1777608217065,18.2905295719484,16.469032995155,16.251169086417,17.0714011536962,17.3200978586908,16.6428398040927,16.2962103335576,16.2542427327558
Cote d'Ivoire,CIV,Gross fixed capital formation (% of GDP),NE.GDI.FTOT.ZS,8.50214186680768,8.57419990895334,8.50242173008084,9.34546449695558,11.5492123049503,13.6861231448876,19.1935052530133,18.0276617984084,18.2057867732971,19.2663343638215,16.3620680520966,15.3407682455697,15.4588639483726,12.8438507998715,13.4933313574459,13.7374737553324,14.2436392038274,16.6971471423806,16.1177834623712,16.1081607755506,20.7031739690787,17.8470592312248,17.1122715372663,20.7312022243429,22.476070174363,23.5616684954464,23.2965012963668,21.9109187509615,22.4665503582512,22.1766481096146,20.344763141247,21.0571796036942,22.2895218676818,20.602742584353,19.7219893709546,20.0444341284085
Croatia,HRV,Gross fixed capital formation (% of GDP),NE.GDI.FTOT.ZS,..,..,..,..,..,14.272079409519,18.1797181797182,21.4758269720102,20.7673905042326,21.0004930745439,19.9123722094721,20.4107780711291,22.1260204261936,25.5640786982059,25.4333541462254,25.1844890964871,26.3003291972651,26.4990060561232,27.855225002685,24.7845647648678,20.8200332688936,19.821155846743,19.2069835458016,19.2201855221695,18.7929036284211,19.0880215811687,19.5580877097086,19.4723719134561,19.9762529444434,21.9101737515026,22.3533816805928,20.948528529558,21.6629938029669,24.7467986765337,25.1906175426343,25.7348749663888
Cuba,CUB,Gross fixed capital formation (% of GDP),NE.GDI.FTOT.ZS,24.5159022697736,22.6229527077472,15.6086041630002,13.681804372253,8.19395457913646,7.75402441883602,11.6678937541501,11.7441094095898,12.1307111559087,11.6024842106795,11.8768280474,10.7861146882812,9.15169467557792,8.20278987888984,8.47446535612386,8.96143581229082,10.401419719848,9.68843370492407,10.8270031230317,8.67590206185567,8.64631264768064,7.71126250181186,7.76172051243489,8.24389485145435,7.30384930588015,8.64312864960153,8.81138673345027,9.87499828821489,11.447272231419,11.211707513275,9.81444220880841,10.4992865239225,11.4853583912632,12.8563762112359,12.7563522251456,..
Curacao,CUW,Gross fixed capital formation (% of GDP),NE.GDI.FTOT.ZS,..,..,..,..,..,..,..,..,..,..,..,..,..,..,..,24.8945608839399,24.8279676667209,26.2225050304134,28.0465653032579,27.2986547993975,27.4527061216866,31.1008952356086,26.999930224066,28.8687781438819,26.5085878091721,26.2418928294831,29.2656596767823,28.7264158805255,34.0473571119567,..,..,..,..,..,..,..
Cyprus,CYP,Gross fixed capital formation (% of GDP),NE.GDI.FTOT.ZS,24.6077385190788,24.3092691344192,25.6501985034988,22.6341347948925,20.5850934799143,25.2015448701961,24.0682870196313,24.5542958176662,19.6816390333583,21.337606714648,20.0836358035085,19.0227236079028,20.947638628419,20.2861873439701,20.6457343555968,21.5266894687851,25.0775609714329,25.5483408894883,27.1833090122118,23.4393429106478,22.3931532844937,18.9835410036702,15.4617926757181,14.0795248605542,13.3043398828757,12.833004711897,18.0346280830739,20.7947375308198,18.5806193226431,18.6839198824146,20.8183845649063,19.2171328479755,20.365352478474,21.9867256098379,20.5485340033866,20.0344829457622
Czechia,CZE,Gross fixed capital formation (% of GDP),NE.GDI.FTOT.ZS,24.6553051053143,23.4782258614546,27.2068845291385,27.6669550715873,29.1517548606901,33.4816504944355,34.1632093780358,32.3173712169401,30.8398236143565,30.0159001444465,31.1058465641539,31.0000794883727,29.6344638830734,29.2515839879825,28.5804641980298,28.5248592592412,28.1510781666578,29.6665559482128,28.9056718357901,27.1841500644404,26.5219620764145,26.098348006461,25.3751105408769,24.7753723844816,24.7408229025596,25.6764620589865,24.3093476604522,23.7274064051355,24.8456610600914,25.7720455320028,25.5353602874792,26.2369575229222,27.6877651111963,27.9408667883867,26.5024711602825,26.4083991822779
Denmark,DNK,Gross fixed capital formation (% of GDP),NE.GDI.FTOT.ZS,20.4180565114236,19.5783194383695,18.6888849635419,18.0637772571533,18.3043146723041,19.4560070015007,19.5896914546946,20.7948183691866,21.5345615753645,20.8924153475453,21.4595866119596,21.2637917919829,20.5871139257349,20.6976456717052,20.6579399200817,21.1723797337583,23.2747647050451,23.4983863063468,22.9393877468768,20.1024313779465,17.9939144621449,18.1475309529928,18.7986435638088,18.8065381186482,19.334256991948,19.8029126025869,20.9848820610106,21.2303828701723,21.7629454283236,21.3534089903591,22.1844244807288,23.206237827405,23.0897420855077,23.5305356705048,23.3320384051141,21.8499948975285
Djibouti,DJI,Gross fixed capital formation (% of GDP),NE.GDI.FTOT.ZS,..,..,..,..,..,..,..,..,..,..,..,..,..,..,..,..,..,..,..,..,..,..,..,25.0258710849342,28.0409117606815,30.3355894617026,27.7228772325212,26.1120682606879,28.4937586770341,29.7952101352966,30.0681931461676,29.6579987966534,28.9763142279811,24.6459078336045,24.1649469069389,25.4629452114142
Dominica,DMA,Gross fixed capital formation (% of GDP),NE.GDI.FTOT.ZS,..,..,..,..,..,..,..,..,..,..,..,..,..,..,..,..,..,..,..,..,..,..,..,..,..,..,..,..,..,..,..,..,..,..,..,..
Dominican Republic,DOM,Gross fixed capital formation (% of GDP),NE.GDI.FTOT.ZS,23.0613540858564,14.5405283332629,16.0153273652065,16.9601774243924,17.9793845576631,17.8877592188295,19.1901961904447,20.1401167296489,25.282270562898,23.150083572279,25.044357127715,23.5782598872537,24.7522470352167,20.0537203514849,20.4393611293454,22.6126199111617,25.8801400051994,27.0374299938478,28.0160895783936,22.9926848813914,24.9200517402196,24.3778439913801,23.6441763702234,21.8222569473428,22.1985116552393,22.5773862286248,22.168510614524,20.9638452990699,24.8205752388366,24.9843138217951,24.8098538977154,28.9495612066708,29.9670054753193,28.9835484421124,26.1210921622134,24.8697405173569
Early-demographic dividend,EAR,Gross fixed capital formation (% of GDP),NE.GDI.FTOT.ZS,21.6451483777226,21.7414210873118,21.6929138396968,21.5079828414035,21.7206242303552,21.2453533221172,21.8395019393755,22.2165550455634,22.1639654174378,21.391990296674,20.8322793284928,20.8900110221288,21.080513964648,21.5297298447566,22.7620423589488,23.3573449664158,24.2247115897034,25.5792644703854,25.603760752592,25.199063530591,25.0404873944774,25.7908103403028,25.5737010374913,25.3395245451826,25.2525615793184,25.4565755480347,25.2292581973129,25.0931191567864,25.4591009753623,24.9800832917175,24.3273494692251,25.0911596282283,25.925215809204,26.50119051387,26.4102868065287,26.1595671483427
East Asia & Pacific,EAS,Gross fixed capital formation (% of GDP),NE.GDI.FTOT.ZS,34.1545214996537,33.9774135254645,33.1263860386378,32.9235900436561,32.0653590052131,31.9509378952984,32.4944899231119,31.4629698401741,29.9671978198675,29.2805555883195,29.4005243536846,28.8013009034643,28.2107147141179,28.6208296852952,28.9834275778595,29.5329550716226,29.8466907141136,29.7540897546058,30.6337610320128,31.9114299039954,31.799043727057,32.4563286339891,33.3539608440605,34.4442859396873,34.7162077177753,34.2789526255731,33.7923431044712,34.2341144256327,34.9993744030812,34.9786326479336,34.8574892472247,35.0904062344155,35.243560366622,34.6652170647191,34.1293571833288,..
East Asia & Pacific (excluding high income),EAP,Gross fixed capital formation (% of GDP),NE.GDI.FTOT.ZS,26.8431266185212,28.4705333392991,30.3740010771887,33.8093727411495,32.9668956418061,32.5309875896086,32.2707754335951,30.879673559926,30.399136116645,28.9317129025422,29.4058594717769,30.3687171244643,31.3156269879828,33.5943911291742,35.071895340373,35.4264283457245,34.8506698508524,34.4988202169078,35.7593827171885,39.9155223549686,39.9053096010279,40.108116869149,40.8100647040391,41.1017029749046,40.7060427873983,39.493596906235,39.0029764459484,39.2942030946427,40.2158486742955,40.0006018806981,39.6314662135331,39.4394795406425,39.1395785926271,38.4029464447578,37.6641855558013,..
East Asia & Pacific (IDA & IBRD countries),TEA,Gross fixed capital formation (% of GDP),NE.GDI.FTOT.ZS,26.8391996364252,28.4666566033563,30.3707094851942,33.8068898399458,32.965170973206,32.5297525946047,32.2697624626991,30.8787027756951,30.3979034031771,28.9310025851536,29.4053467858271,30.3682849236907,31.315455043829,33.5946198444321,35.0722780660683,35.4269536608999,34.8509973184681,34.4990686384279,35.7594359839705,39.9152974826522,39.9051666253379,40.1080735086046,40.8098708668015,41.1015030137001,40.7060103012563,39.4935812520273,39.0029147465305,39.2942097026165,40.2157726347267,40.0006587489973,39.63166415034,39.4395961420643,39.13970737495,38.4030327414073,37.6642791978567,..
Ecuador,ECU,Gross fixed capital formation (% of GDP),NE.GDI.FTOT.ZS,14.3866260792348,14.1578927871847,13.5133546557512,14.3170663726314,13.9602919622357,13.5964667305579,13.1543227552553,13.3760293636785,14.8854082962092,12.7891339388708,15.0108794950112,15.2970190108511,16.7190029702231,15.4365667429071,15.7699598183796,16.2952744751966,16.5773335099992,16.4663148355349,17.4363395358655,18.1411514952214,19.7127718521821,20.9410177780933,22.1395923781794,23.9253464733797,23.4838892665471,22.5415046121288,20.7148337835895,21.4612286161457,20.9884220968604,20.6549277978524,17.9954424258669,19.2305887994517,20.5795493948707,19.873282017858,18.9666209470264,19.9367815180144
"Egypt, Arab Rep.",EGY,Gross fixed capital formation (% of GDP),NE.GDI.FTOT.ZS,27.2987473903967,27.0660444444444,23.2949676491733,21.0903350515464,22.8656,22.5594117647059,23.9268962510898,25.7543437382475,21.346068197634,20.8140117035111,18.9499558953249,17.7256202955116,17.8147268408551,16.311377245509,16.4022254275706,17.9201485608171,18.7307754573418,20.8512352309345,22.2780569514238,18.9119170984456,19.2110061329355,16.7092115819415,14.6951692840509,12.9864545259084,12.4460093896714,13.6544048447154,14.4681479294309,16.3133564922454,18.4089837555184,18.7723373838456,16.958684133537,16.285212588735,18.0439910742748,15.1318510349174,11.6981379076204,11.705318644479
El Salvador,SLV,Gross fixed capital formation (% of GDP),NE.GDI.FTOT.ZS,13.6658599784215,15.1875075775715,17.282666270662,17.9815043980563,18.7449240720349,19.0624398568783,16.3027275157438,16.6605047793441,17.1187026500635,16.6266071037221,17.6829807789147,17.1934331203458,17.5481562370395,17.6938407879822,16.6858634096008,16.2928289563206,16.8883036070873,18.5229620703337,18.6674294444454,15.1486056397082,14.7530995364247,16.2875460096688,16.5962082936854,17.5342504374525,15.4447723169571,15.6921765456792,15.4902789954955,16.0287823584352,17.1694237505693,17.7597006674568,17.4555067394454,21.0450385185624,21.6475876612914,22.4171118916099,22.8360999354066,27.1795796623689
Equatorial Guinea,GNQ,Gross fixed capital formation (% of GDP),NE.GDI.FTOT.ZS,..,..,..,..,..,..,..,..,..,..,..,..,..,..,..,38.804824975189,27.1401853494386,30.1973514468321,28.1900365972506,53.6127314869293,42.3216550737194,38.1605608101647,46.5595457630897,30.170136656716,28.5770847128071,24.5309681838823,16.5504331560808,13.9565530197219,12.6801434398089,11.3929818569737,7.55519736848281,8.0569099526607,7.57452706152852,8.62159853407577,6.48993571519582,6.37146047807251
Eritrea,ERI,Gross fixed capital formation (% of GDP),NE.GDI.FTOT.ZS,..,..,7.81085654182101,16.9950134881059,25.1373961895457,22.5366961317006,27.5892573606133,31.2807273816123,32.2868589150857,45.5141796492478,21.9967567603027,35.2606217610795,29.5489323270544,26.5439604075464,20.2629217457409,20.3394397206045,13.6811165438244,12.6735754136609,12.7135404800139,9.26379597839317,12.3854014927083,12.626317662696,..,..,..,..,..,..,..,..,..,..,..,..,..,..
Estonia,EST,Gross fixed capital formation (% of GDP),NE.GDI.FTOT.ZS,..,..,..,24.3601362525639,27.0528199746425,26.5046102966203,27.0301388326535,28.5961825514181,31.3368027133393,25.9049931087952,26.6871960393056,27.4503342036995,30.5528178409929,32.7509545585868,31.7144972621122,32.8564369726627,36.7942378998764,36.3905723897513,31.129010654241,22.6771447061682,21.2332633688528,26.3556426267409,28.4404236317146,27.5327683520592,25.3427695160167,24.0517427038414,23.9449043102923,25.4039470690204,26.5760517476199,26.6153386918257,31.1753648845812,29.9821389244433,25.1608257827686,25.4086839463969,23.8965498272625,24.2245805393396
Eswatini,SWZ,Gross fixed capital formation (% of GDP),NE.GDI.FTOT.ZS,..,..,..,..,..,..,..,..,..,..,..,..,..,..,..,..,..,..,..,..,..,..,..,16.4049087438983,16.1999359990967,15.1021701798632,17.7706342085714,16.1959758932985,17.1273006273966,17.6611246910449,14.9219109792212,17.2988091991202,15.0547844438278,16.0885184660281,16.0703120268798,..
Ethiopia,ETH,Gross fixed capital formation (% of GDP),NE.GDI.FTOT.ZS,..,..,..,..,..,..,..,..,..,..,..,..,..,..,..,..,..,..,..,..,..,32.1076664694521,37.0979619673542,34.0811183155872,37.9937253037378,40.6712729848122,37.3487629699646,38.4439871569806,34.1629551124182,35.2639756233364,30.5789686598282,28.0252954109535,25.3422268262091,22.1694039604305,20.5754723151817,20.1199721623161
Euro area,EMU,Gross fixed capital formation (% of GDP),NE.GDI.FTOT.ZS,23.9948383584306,23.789553405355,23.1939330456351,21.8331521329731,21.6574372352804,21.6037781772132,21.3922996256307,21.2932048497818,21.7066655156752,22.2306210616051,22.6671565444712,22.212756210708,21.5148192346172,21.4095290990757,21.5378955682539,21.8714154058749,22.5284337958021,22.996697361462,22.6936473741225,20.8464166129968,20.3922323676432,20.4242790880486,19.9249453728949,19.331001207569,19.2834433994364,19.6860908742077,19.9857834525946,20.3203367132836,20.7050422487734,21.9038912335108,21.7990992452234,21.6481371605169,21.9023384613422,21.9047941783329,20.9662660972897,21.1798035287642
Europe & Central Asia,ECS,Gross fixed capital formation (% of GDP),NE.GDI.FTOT.ZS,24.6135016021848,23.5759985270509,22.9115355530429,21.5199991195591,21.4947232264181,21.3197117384012,21.2057889945152,20.9032646958787,21.2786453579662,21.5164887486565,21.8784589453896,21.4756063594238,20.9647450946996,20.8976933821148,21.1397671964764,21.452514498882,22.1298158960585,22.8547912118779,22.7631473834979,20.9701228870524,20.5434346004705,20.6857366440219,20.4640499139172,20.2497966423232,20.2453557034941,20.5874519734285,20.906233125627,21.1784108214552,21.2379654777615,21.978379493903,21.9563691823832,21.6178285925098,21.8127579069469,22.3753895194512,21.7226268368267,21.9069170762327
Europe & Central Asia (excluding high income),ECA,Gross fixed capital formation (% of GDP),NE.GDI.FTOT.ZS,21.8512712325107,22.0878923518044,24.2567919276191,23.9452732193099,23.3451783871363,22.9056300337253,22.7301677987114,23.0631783046344,21.6742474573208,19.9045118703893,22.0241504149443,19.6208042701515,20.4533010233086,21.7114336455095,25.3555384864916,26.2384052491737,28.0332845079881,28.1169305667738,27.1993176211364,24.0493135655964,24.4461807112339,25.640850299645,25.6926432812323,26.2478718517885,26.3719794482986,27.1915677127039,27.1608179080051,26.9612832022152,26.654882268334,25.0516009569635,25.2513605703112,24.7088297963787,25.3480540619774,28.3778723171556,27.8551373573906,27.8229724503848
Europe & Central Asia (IDA & IBRD countries),TEC,Gross fixed capital formation (% of GDP),NE.GDI.FTOT.ZS,27.8546695979325,23.5355531231587,24.5318405762321,22.1953673069203,21.8199509646005,21.0359859490089,20.8665250202476,20.8893159876907,20.2653783714949,19.3988287633583,20.6225827578453,19.6528435735371,19.2881827401548,20.1092300322532,21.5564378180675,21.8212087501414,23.0698995673985,24.8392539872758,25.2270858411312,23.0902971427157,22.6131623050033,22.9486514694995,22.9843389874889,23.2510685000511,23.2043527233852,23.5024978044642,23.5766052535827,23.2314611571381,22.5228936757337,22.2596925355763,22.5117701865777,21.1955112865524,21.6881013664003,24.1719776225377,23.9365726800443,24.2491283203498
European Union,EUU,Gross fixed capital formation (% of GDP),NE.GDI.FTOT.ZS,24.1834754318206,23.772049078783,23.1102298691154,21.6772705238182,21.5211150929779,21.5064778720496,21.3873480118045,21.3500648717261,21.7910931384739,22.2712668864424,22.7059326293035,22.2413984675802,21.5352797964862,21.4201855343112,21.5481883640402,21.8807591561415,22.6129750748156,23.2540386399103,23.0445151645217,21.0545399255361,20.5167754526224,20.5973364751431,20.1276981949075,19.5526942782787,19.59942432579,20.0138295260817,20.1933924874802,20.4989910119521,20.904110167407,21.9905018660901,21.905860607439,21.8051937159305,22.0486447481566,22.1143807024999,21.1702761724934,21.3140333641536
Faroe Islands,FRO,Gross fixed capital formation (% of GDP),NE.GDI.FTOT.ZS,..,..,..,..,..,..,..,..,..,..,..,..,..,..,..,..,..,..,..,..,..,..,..,..,..,..,..,..,..,..,..,..,..,..,..,..
Fiji,FJI,Gross fixed capital formation (% of GDP),NE.GDI.FTOT.ZS,12.540404040404,14.079333986288,11.9789857589441,15.9088206144698,13.5161423066851,14.1903352701288,17.5682913765399,19.4525450689289,26.0465824326382,24.6768569256181,18.1927609663242,19.3354598617757,22.5880474907712,26.8733376135009,27.3550531631544,18.7599206349206,17.9131381790187,14.5383356923586,20.8605622175307,15.9545269086447,15.9384158997335,18.076414492731,14.926495659269,25.9729160807694,19.2526863982721,19.8114248421747,19.3738947497094,19.2174360708455,18.7965284677067,17.3576049397684,17.7062088972745,18.4207164837717,20.0304791801648,19.4649117112438,20.0879039704524,..
Finland,FIN,Gross fixed capital formation (% of GDP),NE.GDI.FTOT.ZS,29.6776746844906,25.8706982844914,22.2253673955606,19.1718257212942,18.6737418087947,19.2973368273508,20.524235857105,21.3697591275144,22.2177014223912,22.4489313410252,23.0668836977402,22.8776112797605,21.6087308003234,21.7883649498398,22.2601596310972,22.9209429997692,22.7685828498042,24.1971784303348,24.4953745888094,22.9565025999395,22.8209857186136,22.9086033745668,23.3149347732785,22.3315331429947,21.7167423672002,21.4199398645048,23.0524251681601,23.6891760789654,24.5932601711908,24.4207984303071,24.6561782162302,24.4207361193742,24.6641741973059,23.3984725554477,22.0530955495248,21.834123391667
France,FRA,Gross fixed capital formation (% of GDP),NE.GDI.FTOT.ZS,23.380842142933,23.1542814081211,21.928086301218,20.4658265941959,20.1350361018155,19.7468961999087,19.4613166260042,18.9622191489104,19.3445588173251,20.1747054792753,20.8814379037151,20.8602882389306,20.3363313536887,20.4989506339345,20.8372793779546,21.2552645424979,21.8977868505057,22.5857089020594,22.9330135074895,21.4495235712121,21.4821676799635,21.6992927837053,21.6559249264002,21.2695637926893,20.9583861621479,20.5598696757557,20.9212601092418,21.4204336075644,21.8753900672966,22.4160955392444,22.4362308511816,23.4832287343303,23.4857708214613,22.8344674932245,22.096846539157,22.0193072027382
French Polynesia,PYF,Gross fixed capital formation (% of GDP),NE.GDI.FTOT.ZS,..,..,..,..,..,..,..,..,..,..,..,..,..,..,..,24.0238879284824,21.8658427654155,22.0795122922782,23.6192446580514,21.2501353517459,21.3911151590594,18.2181058584856,18.5225671624855,19.2753722131297,18.7512101903912,19.9241635999246,18.6047335720481,19.137286086385,27.0467501379179,25.3054954915658,21.2855657369767,22.0083668171371,22.50674340275,22.6504245108896,21.9053653809211,..
Gabon,GAB,Gross fixed capital formation (% of GDP),NE.GDI.FTOT.ZS,21.4488461063804,26.1186027892647,22.0636914798752,22.8893932546837,21.072197860428,22.6769546016484,23.4619599972535,30.1502045189926,38.412099073724,26.1685818669453,21.9020564270273,22.7451924801877,25.1064431075471,22.6388128284355,21.4960127218042,20.9815020099541,23.1696173890287,23.6449269564322,25.0258825928152,29.5285249604484,31.4071853243829,28.6802170005618,27.737282233055,29.9453796532587,35.6951364101419,29.2309562924902,26.9822610431075,21.2964674161829,19.2582324284114,21.8987965722319,19.8634691073054,17.4565506185946,16.0269404879625,18.0760661099963,19.1352290513023,24.8259134740888
"Gambia, The",GMB,Gross fixed capital formation (% of GDP),NE.GDI.FTOT.ZS,22.3431942658285,20.33774597816,24.7893296900346,5.27775613441201,4.68549362124338,6.90370339562912,6.77920057408904,5.17516950891356,4.88440201890588,4.75504718389999,4.56249739677209,11.1727401352846,7.27832762883119,10.0388860071725,14.3183765243099,13.8318506658647,15.6906853088323,12.5665208782691,10.5224347295927,12.8914138046647,13.8767105275043,12.8961682852301,20.8771686494917,14.7115331277791,16.6526122015212,20.3498140429739,24.919934192266,22.9597266827213,20.8784242569263,24.6538431612228,32.34205468872,30.3707902499395,28.6236492072635,27.4459749946814,29.9390742901818,40.3862842226019
Georgia,GEO,Gross fixed capital formation (% of GDP),NE.GDI.FTOT.ZS,23.3863423760524,19.3717277486911,16.3538873994638,3.05972470405991,2.64656987698105,4.03290267446782,18.5654620654,18.4585698917649,25.5534139105155,26.2075819852876,25.4473829656964,27.2349145939467,24.4847693133047,27.3525530995668,28.1618028765408,28.7869270022115,26.2133880593768,26.3790323529758,22.0383855223356,15.713332592016,18.6399765226421,19.830910379708,21.5841309101337,18.4378910700803,21.4425215938465,23.9201351742503,26.0024408393292,25.1354716981132,24.7927533389166,23.9627957205486,22.2328094559039,20.7580923522825,19.7501572879495,21.4600701499044,21.3178431037582,19.0185584743845
Germany,DEU,Gross fixed capital formation (% of GDP),NE.GDI.FTOT.ZS,24.3721756628296,24.8395021393432,25.0085093193129,23.9617262453481,24.0247113741961,23.4646539609354,22.9329136765255,22.5726166390468,22.700871775346,22.8334713369664,22.8829484518656,21.5433631059471,19.8867030080599,19.2638822568625,18.8314639081743,18.7644203275559,19.4624059220668,19.7151702055684,19.9630399184329,18.8381977329318,19.1861612229759,20.0081182128282,19.9663127661399,19.5771468839831,19.782574460457,19.7477510746575,20.0438468833034,20.1339289732412,20.8175234345652,21.1522978107472,21.3426763110307,21.181504152251,21.6010467765749,21.1916877404125,20.4603173503166,20.312556628657
Ghana,GHA,Gross fixed capital formation (% of GDP),NE.GDI.FTOT.ZS,14.3862085984368,15.8234154978169,12.7359942915756,23.7855427287518,22.5744476464938,21.1308487170556,20.29865857638,23.8355038474074,22.36355226642,20.4674438041186,23.0981309271706,27.1229213016834,18.7749457656256,22.9369279766376,28.3775066840527,29.0021406363098,22.46580573765,15.3845449877747,16.4919639408033,15.4788295907556,11.7640921857081,11.9769402266932,16.1099093812667,24.038998981558,26.4228805215621,27.0126255383172,24.8261687864837,18.8864252401077,21.1990937450982,18.0381936845263,17.6607471070578,16.7536504450636,16.2045835581891,9.86731842450444,9.74192442150454,..
Gibraltar,GIB,Gross fixed capital formation (% of GDP),NE.GDI.FTOT.ZS,..,..,..,..,..,..,..,..,..,..,..,..,..,..,..,..,..,..,..,..,..,..,..,..,..,..,..,..,..,..,..,..,..,..,..,..
Greece,GRC,Gross fixed capital formation (% of GDP),NE.GDI.FTOT.ZS,26.0396039118894,25.4252437850636,24.0030936575419,22.8334881362765,21.0129577300315,20.9666910176002,22.1084202126939,21.5899391374926,24.5135902861657,25.3860319397874,25.9373547837658,25.5981996968449,23.875854552048,24.8780068243839,25.0449225325719,21.3568870584015,24.0565849914051,25.5308773380251,23.2806962442851,20.438446980754,16.8200572069043,13.8655955400985,12.2795312839599,11.5362301011246,11.233781428641,11.1610941969144,11.3684708155605,12.0492834143889,11.3310526081969,10.97046317576,12.2998658740322,13.7915466530779,15.7213358540523,15.8842464967092,16.0395231559948,16.881202808615
Greenland,GRL,Gross fixed capital formation (% of GDP),NE.GDI.FTOT.ZS,..,..,..,..,..,..,..,..,..,..,..,..,..,19.3560952807588,16.3169608103529,23.9590375999495,23.3212212337635,31.3562989393581,40.5896065365325,31.6099920370425,52.1799971586873,64.8351038363597,38.3547778917077,30.1057727378229,23.3941445677387,24.0243133616434,25.2703896574241,23.1335871984025,21.4022522685931,30.7827757323515,33.0834916488562,36.8675478459079,36.4913208765197,34.6866559913434,..,..
Grenada,GRD,Gross fixed capital formation (% of GDP),NE.GDI.FTOT.ZS,..,..,..,..,..,..,..,..,..,..,..,..,..,..,..,..,..,..,..,..,..,..,..,..,..,..,..,..,..,..,..,..,..,..,..,..
Guam,GUM,Gross fixed capital formation (% of GDP),NE.GDI.FTOT.ZS,..,..,..,..,..,..,..,..,..,..,..,..,..,..,..,..,..,..,..,..,..,..,..,..,..,..,..,..,..,..,..,..,..,..,..,..
Guatemala,GTM,Gross fixed capital formation (% of GDP),NE.GDI.FTOT.ZS,12.9819298500979,12.1769913258534,15.6431129639201,16.0865124357365,14.2252625167284,14.5147366161812,13.3299391751292,15.1125539013878,16.6463005827635,17.8918289026652,16.125612543564,18.6019366750223,19.6197975058803,18.9615918933206,18.6402587083727,18.5898915722087,20.4368364207337,19.9058846728475,18.2268454319826,15.377603213332,15.0488390141114,15.0459163364946,15.0269248908262,15.0905751640936,15.1717759328266,14.51658028128,13.8717160345466,13.6094241828717,13.6958970967354,14.3792899603231,13.702459850316,16.1331175782929,16.7069766440565,16.3476384643318,15.9624423412969,16.7094644970094
Guinea,GIN,Gross fixed capital formation (% of GDP),NE.GDI.FTOT.ZS,12.698389867273,11.6079960965561,11.2896570909901,11.203150004055,11.8213553085961,13.9148850840475,13.1057757970388,13.4652634736586,12.2619735738047,12.9693784594325,13.4380467623029,10.6300763246785,9.80680553947455,13.5886976939638,13.5428309435203,12.7254200599184,19.9527580932241,24.6699587204815,22.589475079265,20.9356031068169,19.1371892385113,23.6021886756075,25.1177815471196,23.4293864677333,22.7113706519031,23.9691741699584,52.4183191347549,25.7658241420525,19.4674095479671,17.7992411069131,16.5753868932617,15.0225263582253,15.2174954505447,24.5016113588117,33.1775583630456,38.0745728041296
Guinea-Bissau,GNB,Gross fixed capital formation (% of GDP),NE.GDI.FTOT.ZS,29.925818675468,30.9893744027146,48.3967391726516,30.8574690279429,21.7707041676943,22.301054752872,23.0520754974251,53.8608359789767,30.5156851934293,21.8611563341274,19.9436147571396,18.7680294527885,23.4784672686182,27.5295189757496,20.834934699855,18.1351311386233,19.9603683762367,24.1480624804061,17.2307966100337,18.2573605887643,19.366452387911,15.724714459189,19.2098413655205,17.649430444394,18.4361458324866,16.1944098294004,17.9710180283477,17.9786140989487,19.0211737666785,23.9030768059084,25.4093725320564,21.249307161042,20.6330286005379,21.3237368607229,23.3321996596616,22.2934588901308
Guyana,GUY,Gross fixed capital formation (% of GDP),NE.GDI.FTOT.ZS,27.71146100395,39.7631504388441,51.7513262292977,40.4281413639131,27.0030369172015,33.2286832637757,31.8572069303129,31.8879419916993,28.9207551153805,24.9979547163444,23.7759824891985,21.5703446978272,20.8604990254453,20.952115865171,23.5456808733306,32.3339782741868,..,..,..,..,..,..,..,..,..,..,..,..,..,..,..,..,..,..,..,..
Haiti,HTI,Gross fixed capital formation (% of GDP),NE.GDI.FTOT.ZS,..,..,..,..,..,..,..,..,..,..,8.32239600531104,8.04811181920893,9.49595832222187,16.6792585587853,11.4076572923675,9.81592773095545,14.3527712251236,9.22466753259594,12.6171620718569,12.6069242243299,24.988217664925,20.9967494829716,17.5092344164627,17.880859322137,16.556866327765,13.9737286463314,16.8368465949706,20.1351064542864,16.0510920039064,18.5362500202298,17.70308377994,18.0804482133408,15.8819734745448,13.8845627892934,12.1387816868155,12.0595765408366
Heavily indebted poor countries (HIPC),HPC,Gross fixed capital formation (% of GDP),NE.GDI.FTOT.ZS,15.0071132821453,14.5840003134545,16.3857745205733,17.4261995627872,18.8382556385838,16.3844870253608,18.6237646876258,16.8429660294897,18.6862906400237,18.3733969187278,18.8617962988773,18.7308559506875,18.7601814038465,19.6442392755613,20.5003951141028,20.896589857408,21.2422042524133,22.4356030225219,23.1736915052016,22.2838728492286,22.7856696627497,23.6657404368722,23.5831067918239,25.2724253541671,26.1378504164947,26.2778984540767,26.3987143357368,25.5402859301115,25.5388373640938,25.5916167326137,23.3585644991773,24.3319925032425,24.1409789107885,23.2685086870472,22.14711733084,21.6364239566034
High income,HIC,Gross fixed capital formation (% of GDP),NE.GDI.FTOT.ZS,25.8112351419735,25.0759113953292,24.4093535922897,23.9866885128006,23.9576806182433,24.0480750729913,24.0974225477763,23.7358563514112,23.5393525709904,23.8225329595614,24.1091216015905,23.3833841225609,22.4653339440934,22.3286592313909,22.4950251168338,22.9296010690531,23.2218205372886,23.2616796206156,22.9161626955106,21.1945994322221,20.7463610923665,20.9776102757153,21.2556932659991,21.2018638592254,21.4612922919363,21.7241467725387,21.8100684044121,22.0286126623271,22.1317779735183,22.4859460736857,22.6257748000171,22.3864868536617,22.3966360532119,22.5373337773645,22.2057712423051,..
Honduras,HND,Gross fixed capital formation (% of GDP),NE.GDI.FTOT.ZS,19.2907053223149,18.3745583038869,21.4518904133763,28.1047331319235,27.9774301281141,23.2573346604832,23.2612085564133,24.9839215563114,27.2219333162386,29.6446413936213,25.7724496550534,23.9374508616678,21.5176369123287,22.9262738958309,27.0803523056205,24.9144205577875,27.3263592647173,32.1934757962591,33.5973788273545,22.0079148952844,21.5558696364013,24.4407777503837,24.3710157922338,23.5854202773999,22.2854400331859,23.6830079243241,22.0345380996484,23.532148331901,24.7473556145833,22.8046970698247,18.2840692088973,22.666191471429,22.4910886256308,23.75620763328,24.247501612997,23.3336106347527
"Hong Kong SAR, China",HKG,Gross fixed capital formation (% of GDP),NE.GDI.FTOT.ZS,26.2146728610143,26.3286481138339,27.1625388723006,27.0029322993308,29.3534741475405,30.2106512386886,31.0100938961435,33.3034492452386,30.2003556373722,25.8047383016083,26.5058493414211,25.7985137101084,22.7446754554123,21.6546282274807,21.820131227557,21.3969726476056,22.4267652730467,20.6181894840909,20.5445780846355,20.4642472931966,21.7781360691582,23.536338869848,25.3999025065057,24.1086280956178,23.4918064340566,22.3995947095418,21.4894575519614,21.6564377271714,21.5995180976142,18.2977495428858,17.0302785006165,16.8430455935255,16.070115154497,16.956537781639,16.5867704099451,16.9391441316248
Hungary,HUN,Gross fixed capital formation (% of GDP),NE.GDI.FTOT.ZS,..,22.6639145045446,21.5153092693064,20.444577664727,21.7916329033255,21.7047010170121,22.7893893148991,23.1976474946744,24.1105827537385,25.036764024712,25.4713634057908,24.8292566680683,24.7043468872676,23.6514153458044,24.0648512912948,23.8577292678604,23.5148918369988,23.7033612332997,23.3584432583345,22.6849719281542,20.1115497896952,19.5689305528823,19.200974937302,20.8591445952694,22.1003955003797,22.2937047865563,19.6127620154747,22.3175179109155,24.8773384313132,27.1243438949818,26.4476333540855,27.2593627994409,27.547007127657,25.5541890872606,23.2061119734289,21.9445831776773
IBRD only,IBD,Gross fixed capital formation (% of GDP),NE.GDI.FTOT.ZS,22.9458651562136,22.4819599057772,23.4058666576818,23.8550965464843,24.3672775586183,23.6655318998085,23.7314379679682,23.55776136041,23.263206840104,22.6477358316309,22.7801946943527,23.36877503082,23.9924791995348,25.0888201305642,26.0371861180361,26.2379728634805,26.6014496253202,27.545484224483,28.5195747128243,30.0592447141746,29.8786688718467,30.4779040387258,31.0192657023004,31.4208800652242,31.4552030970284,31.5833902899317,31.1184444174419,31.0103591156005,32.0593923025044,31.9830196592879,32.1506132273644,32.3051830502338,32.007938467066,31.6333278841489,31.0576664850297,..
Iceland,ISL,Gross fixed capital formation (% of GDP),NE.GDI.FTOT.ZS,21.0344776189225,21.3193557993763,19.5355938001208,17.6772074617353,17.2362854819455,16.9371992278263,20.0500943892648,21.3407274453604,25.3144172925596,23.2268671701007,24.2476144628105,22.9243406963541,19.6024045847351,21.1815719644539,24.6369176997244,29.1014370616777,34.9959953036019,29.0119225466175,25.1262761994844,15.2646256611056,13.9090271400569,15.1954435956867,15.7831762567392,15.4432466848862,17.0074199278355,19.1177527750193,20.6690547773916,21.5478929187027,21.657797307555,20.5982032391469,21.0063614687571,22.4867916382069,23.7554097688286,24.9311502085461,26.7786299037103,26.6612300156818
IDA & IBRD total,IBT,Gross fixed capital formation (% of GDP),NE.GDI.FTOT.ZS,22.6027828685148,22.0653507338117,23.2247639299043,23.5931715741051,24.1034753068567,23.2202260275145,23.1841316712202,22.9854600155314,22.6184801562487,22.5714196543013,22.687443152835,23.2606989823154,23.7287120750307,24.7959708428713,25.7068054808513,25.9152109252844,26.2411307939055,27.211495997538,28.1463702416685,29.6238984173915,29.4621889539094,30.0841883103538,30.5875701572586,30.9691068962095,30.9630400966891,31.1072579254157,30.7942639179354,30.7765193433821,31.8047244056961,31.514297708463,31.6308746700441,31.9227836541305,31.6368596234453,31.3864081702653,30.9721109215604,..
IDA blend,IDB,Gross fixed capital formation (% of GDP),NE.GDI.FTOT.ZS,..,..,..,..,..,..,..,..,..,..,..,..,..,..,..,..,..,..,..,..,..,..,..,..,..,..,..,..,..,..,..,..,..,..,..,..
IDA only,IDX,Gross fixed capital formation (% of GDP),NE.GDI.FTOT.ZS,16.6124909124935,16.432872435004,19.6463281758241,20.4835215332663,21.7388818582988,20.1184640348803,21.0406270898559,20.1812947518487,21.200967878538,21.0469216195268,22.0831444698064,22.3007425114834,22.1593355558835,23.2821127509654,24.0176244602514,24.3848060795656,24.2885912820216,24.0790061589197,24.227235836439,23.6302570846628,23.2771169003659,24.0621535095006,23.8336616287467,25.1569809598344,25.4750040869762,25.8819542624972,27.3885678212693,27.9047575610545,28.5581306349925,28.5090178405763,26.9352957010696,27.871852985839,28.0871847125663,26.6002754050644,25.8430149107711,24.6395402512401
IDA total,IDA,Gross fixed capital formation (% of GDP),NE.GDI.FTOT.ZS,20.7119174614729,20.6381955382379,23.3161871476246,22.2413344092329,21.8634397718064,18.7019037416282,17.9706863583608,17.1000361537387,17.0297224989594,22.4952972151198,22.9735957951191,22.9664619296343,21.492862675387,22.2188424988332,22.2208727547997,22.1052230029332,21.8935931552159,22.3123995842676,22.3953632449802,22.8502882975759,21.8479553273053,21.7654002267359,21.2918690744496,22.1359223651555,22.4798355793853,23.7113095427053,25.8016019266354,26.5084980521219,27.1013932526978,24.7962550429271,24.212793734697,25.1811655435662,25.4694645802225,25.9293564324393,27.825032948182,27.0664471511198
India,IND,Gross fixed capital formation (% of GDP),NE.GDI.FTOT.ZS,26.0821701661635,24.584333789586,25.0894998917615,23.6677562948176,23.3588882063134,25.1369225017193,24.5247871242351,25.3500521496081,25.4587677777102,27.5350924245587,26.0217848451461,29.9323096392457,28.3325248092936,28.3348257062433,30.7081414238993,32.7553370362813,33.5848915769349,35.8128781215224,34.7179593535669,33.9516269299674,33.2300146665612,34.3134166469557,33.4369343256634,31.2958008477695,30.0802370588503,28.7331441287317,28.1884378846659,28.1778136155632,29.4630681512508,28.4545443348195,27.3243213738562,29.5780345158487,32.3670520604315,31.8996031813541,31.6434415327216,31.6790977460161
Indonesia,IDN,Gross fixed capital formation (% of GDP),NE.GDI.FTOT.ZS,30.5515620878008,29.6714181829693,28.0025934597869,26.2806731118536,27.5706877484337,28.4298110883689,29.6023606375148,28.3076770626791,25.4295066667294,20.1387593118175,19.8508544472002,19.6726582041666,19.4291640497973,19.5060592212863,22.4486169728353,23.6405117707791,24.1309915286004,24.9469436430223,27.6985912220923,31.1147665576043,30.999408825566,31.3074540365725,32.7196280650271,31.9657795676889,32.5167414405102,32.8119265823923,32.5777314966023,32.1606388642645,32.2884970895694,32.3468845518546,31.7097564518015,30.7941950585175,29.0848755291885,29.1527172525437,29.1455504170466,28.7670039932789
"Iran, Islamic Rep.",IRN,Gross fixed capital formation (% of GDP),NE.GDI.FTOT.ZS,26.9831832081605,34.6748709059884,33.0168964143532,27.8279603919614,25.9643575271313,24.6888942731375,31.4645189109948,32.6502333239265,32.6383533414546,31.8442734942724,31.305453924537,35.7993975403846,33.2457832607485,32.6580827002697,31.2381754864806,28.5571687717077,27.2470961461286,28.3421240021292,31.9226930495385,30.8548963891343,27.3528333188133,29.0537287312461,30.0539654282953,27.4456063692711,28.5708133962533,25.3650139045346,23.8160452139627,23.9743818926917,24.532164274228,25.2446130741474,30.2595538130002,28.6230276385093,26.6441870058752,27.4163221884552,28.1071602327718,28.7981019157814
Iraq,IRQ,Gross fixed capital formation (% of GDP),NE.GDI.FTOT.ZS,11.121740141078,4.91430240556304,4.97748209513815,7.45982628777084,2.81518866799274,1.73053537333356,0.734464755982557,1.67525798468497,2.40610048641388,2.18921867501871,2.91803372967543,6.12723548111122,5.36060427515955,10.6509542219875,5.36824973060621,13.8472241177654,17.6917214468951,6.75640343045579,14.8004343121091,10.3114759579941,16.1989616416181,17.1424862023448,15.0023787524152,20.1166611507963,20.9652860176063,26.0172179292563,14.5757696096639,14.5851497612895,14.1705139669743,19.7640612140938,7.76907557357365,10.1215292995451,9.68705150488221,12.4688563834578,14.3560078875112,..
Ireland,IRL,Gross fixed capital formation (% of GDP),NE.GDI.FTOT.ZS,19.2122336470311,17.5890920367357,17.3036114607961,15.9080014329392,16.981548154537,18.0715462043137,19.8192153006087,21.0464057229139,22.5256740532304,24.1598757166235,23.7420483759438,23.9363909530586,23.5930866694156,24.9110720581996,26.9502516354942,29.8289266430491,30.9866916342227,28.7070824533303,24.8421187310969,21.1631245505943,17.5913855594315,16.5650711962538,19.5031733011107,18.2755667302427,20.1917132776127,24.281584982819,34.1109334162945,32.4754503620573,27.8988968647133,53.2106628607249,41.387811264164,22.0777319056718,21.1440595300808,24.8882708451242,17.3480143254281,22.2358029402053
Isle of Man,IMN,Gross fixed capital formation (% of GDP),NE.GDI.FTOT.ZS,..,..,..,..,..,..,..,..,..,..,..,..,..,..,..,..,..,..,..,..,..,..,..,..,..,..,..,..,..,..,..,..,..,..,..,..
Israel,ISR,Gross fixed capital formation (% of GDP),NE.GDI.FTOT.ZS,19.5029481439391,24.3590878381748,23.8400568350446,22.7660423539854,22.6535637301801,28.0370596422422,28.7054283262004,27.4288135570749,25.6416802589831,25.3768072658536,24.1665435899124,23.6885036625679,23.4357660661384,22.3136161600654,21.6904075117493,22.1652915670165,22.5447696190471,23.3123374643329,22.8330012672623,21.4323482092264,21.5231739591304,22.8284500849861,23.5343579861255,22.6695242954447,22.0146337792962,21.2984532551467,22.6022494135711,22.288052634627,23.4868048381642,23.1324217345266,23.023296021829,24.0387387739122,25.2727495347158,24.6559402485171,23.0668461645279,23.8045340836767
Italy,ITA,Gross fixed capital formation (% of GDP),NE.GDI.FTOT.ZS,22.8647147618706,22.4516000895401,21.8779052140499,19.5935081204346,19.2926721396584,19.8701107669712,19.6680414917594,19.6429778111712,19.9639380023847,20.3715223230068,21.2257586739508,21.191892455513,21.81208675062,21.2842346571997,21.3598020854476,21.6734394073244,21.9242418666958,21.9944755997434,21.562045770846,20.3159597572588,20.2386645229593,19.9088467204091,18.4823918939236,17.3118980803026,16.8397294480548,17.0809179970368,17.2934651927051,17.5794629155864,17.9722011780771,18.1291790303995,18.2018164062184,20.7705217357607,21.7757352760856,22.6536678849797,21.5129467738695,21.8347372224523
Jamaica,JAM,Gross fixed capital formation (% of GDP),NE.GDI.FTOT.ZS,..,..,..,..,..,..,..,..,..,..,..,..,..,..,..,..,..,..,..,..,..,..,..,..,..,..,..,..,..,..,..,..,..,..,..,..
Japan,JPN,Gross fixed capital formation (% of GDP),NE.GDI.FTOT.ZS,36.6742680514937,36.0656285314394,34.6219027472157,33.4664222385564,32.2657723169076,31.9904377909721,33.0669304881717,32.1197635567407,30.4056844786712,29.9697008334096,29.7197544032442,28.980356724435,27.5513213226074,26.8419714536719,26.3655086721928,26.8812203983288,27.0500919406696,26.4579409373725,26.38694574012,24.6839915836557,23.5635108507554,24.26348220664,24.7607776450496,25.5195914592327,26.4013974596737,26.3727057954144,26.1283959979179,26.4202937788324,26.7334207731306,27.1778545672026,27.1366986094286,27.0778849895601,27.8346611372941,27.8476964708059,27.8136184893082,..
Jordan,JOR,Gross fixed capital formation (% of GDP),NE.GDI.FTOT.ZS,25.1385317445945,22.920892494929,29.0632616884556,33.5598805478324,31.9280288251899,29.588308906187,29.4160762277058,25.7917583166255,21.1683125958145,23.4099994808162,21.1145748245453,19.4195200905134,18.9476008242567,20.6233485965665,24.785870545922,30.6276328762212,25.451973696536,27.4834518971586,..,..,..,..,..,..,..,..,..,..,..,..,..,..,..,..,..,..
Kazakhstan,KAZ,Gross fixed capital formation (% of GDP),NE.GDI.FTOT.ZS,..,..,30.4311774461028,27.9066447791021,26.1305673523055,23.0540234078427,17.2259263060412,16.2525143640569,15.7185967396186,16.1798001771722,17.3182861997546,23.7305786608248,24.0216998894652,23.0412704074976,25.0833136815967,27.9645998695622,30.1984450109672,30.0175388025676,26.8411797649863,27.7917262746575,24.3273473647221,21.4647023620078,22.8031563737231,21.8821878595818,21.5559106762948,22.8815209624498,22.7192642717924,21.6975410616293,21.1768265541377,23.4674329467477,24.7185824193274,23.0389712497624,22.1256625498161,24.9591798473368,24.3175818053134,..
Kenya,KEN,Gross fixed capital formation (% of GDP),NE.GDI.FTOT.ZS,20.648197627687,19.030097137824,16.5813700913836,16.9376161081051,18.8730714787575,21.3855866193786,16.0090581658668,15.3879007624174,15.6752132854385,15.5914314794886,16.7088065135105,18.1515573586507,17.2368798490979,15.8382091250789,16.2592234815342,18.6991117625245,19.4244380225784,19.9647291071788,18.8649238157143,18.2864916251532,20.8470576462838,20.7086390580308,21.5850382332069,20.7857855351267,23.8847336743931,22.0910367724206,19.3917380733162,19.895722184842,19.0979953870895,18.961572231805,19.3215816602225,19.686261552744,18.6052528302827,17.4638027725876,17.5649161132175,17.9169380591398
Kiribati,KIR,Gross fixed capital formation (% of GDP),NE.GDI.FTOT.ZS,..,..,..,..,..,..,..,..,..,..,..,..,..,..,..,..,15.7117835024664,15.3987378292409,13.8032138710515,17.640745568866,15.655519581319,19.4424004320323,25.233553235432,29.9063224565291,28.1119017711315,38.5563261521954,30.5525171795261,25.4400343642612,18.2926198083067,15.7619752390588,14.6019289582565,17.4035839781192,22.2611797136852,24.6763070579118,29.0367701234581,..
"Korea, Dem. People's Rep.",PRK,Gross fixed capital formation (% of GDP),NE.GDI.FTOT.ZS,..,..,..,..,..,..,..,..,..,..,..,..,..,..,..,..,..,..,..,..,..,..,..,..,..,..,..,..,..,..,..,..,..,..,..,..
"Korea, Rep.",KOR,Gross fixed capital formation (% of GDP),NE.GDI.FTOT.ZS,36.8006594663315,38.4053521114365,36.4406324034501,35.8115117006778,35.8839272866306,36.531648072225,36.9245900296277,35.0892771123029,30.1295522577848,29.5595294039352,31.4951209990461,30.5058350146188,30.187571612987,31.0719624895722,30.9148949506372,30.4585673582197,30.5042866575012,30.0691213268305,30.8917515930741,30.8870549838266,30.4627998691082,30.579957304265,29.8554284944494,29.2348610530955,29.1925808527488,29.1800840544677,29.8662168895967,31.6985138146943,30.4949863588202,30.112526532099,31.0409083655236,31.4877644393711,31.9338930962313,31.4470154989809,30.029371211707,28.3299339709431
Kosovo,XKX,Gross fixed capital formation (% of GDP),NE.GDI.FTOT.ZS,..,..,..,..,..,..,..,..,..,..,..,..,..,..,..,..,..,..,29.7644532350897,30.735137341948,31.0111907992826,31.1581631219622,30.695891041454,29.1611552941121,27.5048050785948,28.2670854816428,28.0115966303318,29.9595246156034,31.7112694391579,31.0426389832901,29.7061906473535,32.8807250679358,32.5048082073562,31.4805123269795,31.6453904546408,..
Kuwait,KWT,Gross fixed capital formation (% of GDP),NE.GDI.FTOT.ZS,18.028338860416,39.2996370151331,19.8747100339018,15.1307687058416,13.3062336032344,..,..,..,..,..,..,..,..,..,..,..,..,..,..,..,16.6863060540352,12.8022570219846,12.1283300254474,13.7130458067416,16.3519929678741,25.480227975664,29.2730708113492,27.0085390541854,24.7377612645645,22.7492715404258,20.000643361073,15.6185284768983,16.095846385943,18.1686423703303,16.7471564420992,..
Kyrgyz Republic,KGZ,Gross fixed capital formation (% of GDP),NE.GDI.FTOT.ZS,21.9626168224299,15.8918918918919,14.2722244705248,13.1062431135264,12.0698548988285,20.3776997355235,22.4087900065387,12.3901361220373,12.8833225087328,15.7211143935664,18.0266441444543,16.7975258345909,16.2578217464454,13.630748979986,14.56173616094,16.0060733880943,23.0330201818803,24.6210474165543,26.7792920865208,28.2115504746229,27.7647113277575,23.6912525687168,31.3914039719613,29.5595094552467,32.491028066305,32.5880033283049,31.7947260225658,31.4657391469581,31.6504491859295,30.008048742598,25.9374483146956,24.1394982437984,21.4761655364133,22.0324728393303,23.3275911588625,25.7555014209244
Lao PDR,LAO,Gross fixed capital formation (% of GDP),NE.GDI.FTOT.ZS,..,..,..,..,..,..,..,..,..,..,13.41565795568,13.5436071724261,29.0404231808259,27.7715216255189,31.754243509919,34.0580868030095,30.0695410386414,32.312243033777,31.68198579384,33.9384705525426,27.4624877401915,28.0678025249814,32.504255276611,30.6473220372757,29.8013514004447,31.556651604237,29.0076540961796,..,..,..,..,..,..,..,..,..
Late-demographic dividend,LTE,Gross fixed capital formation (% of GDP),NE.GDI.FTOT.ZS,24.9054578002903,23.1904444786072,24.6529867675298,25.7677699819664,26.117844359629,25.6197031696286,25.2380073444811,24.7532269088117,24.5331305627204,24.1662498164166,24.5192171691303,25.4056267209141,25.9876555057216,27.2134520622208,27.7712073553579,27.6298823113906,27.5714727782295,28.3790298443832,29.2949487499845,31.9913650796692,31.8665487411255,32.0102107073497,32.9747386544607,33.5680278108719,33.6522448206214,34.0791399899322,33.8481266108429,33.6887696489209,34.6453985128827,35.2282438506585,35.647380780986,35.0370232440776,34.2738017623493,33.7271910663337,32.892921295759,..
Latin America & Caribbean,LCN,Gross fixed capital formation (% of GDP),NE.GDI.FTOT.ZS,18.612158266298,17.5300767434327,18.3608503725664,19.8328581331516,21.0086471468961,19.2009006667166,19.0342503091332,19.8279043139764,20.0225916260883,18.7441630334556,18.9347345332449,18.0699813549585,18.1553225889392,18.2450252110574,18.5397023895272,18.6729201437554,19.1524533094892,19.8815911658041,20.6373088042629,19.4196578712075,20.13328157683,20.9764759961134,20.9454984542608,21.1292315616621,20.3013251944422,19.7800958323678,18.4446405452943,17.8844974152357,18.4975282568623,18.3626118529022,17.6606668955426,19.2764846445421,19.5890858385238,19.1899191544107,18.9968077220989,18.652426500928
Latin America & Caribbean (excluding high income),LAC,Gross fixed capital formation (% of GDP),NE.GDI.FTOT.ZS,18.7278662010717,17.616404885264,18.3697200964686,19.8349361839602,21.1731442795045,19.0875681261019,18.7959830793374,19.5621254367133,19.8265201647213,18.5724111083115,18.8645737414274,17.977860734007,18.1491584685343,18.2173081825749,18.6071416175377,18.6513871096503,19.221993361726,19.8694422063655,20.4751971323582,19.3197930106878,20.1844181098087,20.9772144515811,20.7372103019669,20.9274618574223,20.0645282485417,19.4874252187695,18.1220557094622,17.5691335112066,18.0380106194258,17.8690900248808,17.5081664857662,19.1104010462496,19.3297430447694,18.9325280298942,18.8173460414952,18.4093147441476
Latin America & the Caribbean (IDA & IBRD countries),TLA,Gross fixed capital formation (% of GDP),NE.GDI.FTOT.ZS,18.4901750332615,17.4417266105942,18.5029780613759,20.0620532930594,21.3871271142634,19.4875159369211,19.1801344771986,19.9620873723542,20.1737215491413,18.781378849511,18.9967853872018,18.1908776657162,18.3822107073363,18.5339449041538,18.8360974239364,18.9449552355501,19.4048690021397,20.1720124997565,20.9377344535342,19.7725179390883,20.4637930618967,21.3103464416154,21.2714516822457,21.4779664175356,20.6544085864307,20.2022990576007,18.8396519534895,18.1984251058598,18.6775552288805,18.5598018386122,18.025826710738,19.626519959249,19.9202135661019,19.4942025477232,19.2928402362817,18.9341044484862
Latvia,LVA,Gross fixed capital formation (% of GDP),NE.GDI.FTOT.ZS,..,..,..,..,..,14.1892283640129,18.135660092583,17.5665492549178,24.0444782862804,22.9011615541372,25.1981759822131,27.1694812879386,24.3012953068221,25.3765187818879,29.4387765998433,32.0297241247039,35.3212529611428,38.113521636451,33.4181287502584,22.9165263311155,19.5198322313546,23.7249741856312,27.0115757309662,24.9648880386504,23.6442193799567,22.3075948914481,20.1698787836187,21.5265612714824,22.9037634935095,22.7240395466554,23.0296116182607,22.9289576043746,23.2880754495724,24.0227249766904,22.2448373054644,23.4687826182146
Least developed countries: UN classification,LDC,Gross fixed capital formation (% of GDP),NE.GDI.FTOT.ZS,..,..,..,..,..,..,..,..,..,..,21.9562134310201,22.39712973014,22.0724198085465,22.7822026721033,23.4168056006824,23.7127145332456,22.9630739173703,23.735142158516,25.0618445752949,26.4909304420855,24.1645833174098,24.767115684544,25.0581525151504,25.4479732446358,25.9839922854911,25.7902155035303,27.2744679413914,28.2150905894576,28.5152285660548,29.2069476950629,27.4871448215976,28.173616993359,28.314958043033,27.3726648877355,26.3725405949402,25.1076866613304
Lebanon,LBN,Gross fixed capital formation (% of GDP),NE.GDI.FTOT.ZS,31.312690963823,29.2733383817258,29.2733383826505,31.0363960022752,36.6527933811506,36.4550836421911,34.7924986761368,29.4639175257732,28.4064400168266,22.9111848377379,21.0261337432744,20.7727289810952,19.3994181213633,19.7886044591247,22.3672723596403,21.986580123017,21.9166201382779,24.4852093860851,27.318412866856,28.0424807710815,25.0361909614275,25.6354269787084,25.2971280567125,27.0125680401887,24.3754243589915,21.7192020290613,22.5922228825615,21.3940568907692,21.7816276481155,13.5591549936245,8.09817614190237,5.35948446103238,1.22517074932807,1.89754409912655,1.44489296022022,..
Lesotho,LSO,Gross fixed capital formation (% of GDP),NE.GDI.FTOT.ZS,..,..,..,..,..,..,..,..,..,..,..,..,..,..,..,..,..,23.5298085961085,26.3686622114869,28.3775511944446,29.3520153599159,28.0318080027946,35.9474149824151,30.9926999276088,29.3894837213154,28.3396147074389,26.6310792843043,27.3872272220396,25.9784566212239,25.8514905247969,24.3115948752913,25.6700455121676,27.0714898241231,28.1875103011565,29.3435852974058,30.8896998131978
Liberia,LBR,Gross fixed capital formation (% of GDP),NE.GDI.FTOT.ZS,..,..,..,..,..,..,..,..,..,..,..,..,..,..,..,..,..,..,..,..,..,..,..,..,..,..,..,..,..,..,..,..,..,..,..,..
Libya,LBY,Gross fixed capital formation (% of GDP),NE.GDI.FTOT.ZS,13.8704948075748,11.5165349070259,10.5628340844775,16.116588084012,16.2737032206281,11.6573033707865,13.4646962233169,11.9089688317196,10.9637419557369,9.20532182668105,11.6365676971738,10.4554263565891,12.9401814547132,8.94852617489589,13.9613414152674,15.1679450041982,20.9847969484951,20.6977759410488,22.0585130447896,25.0380449612729,21.7988807392483,17.3944527825121,15.9361638710738,16.7594762865855,23.2025172361361,17.0944476891502,19.4334848305815,16.1831475534531,16.0743031452922,13.7570741253253,9.44982817182817,12.160907106781,10.5201967792767,16.8804253893346,14.2709460093897,14.2718932290827
Liechtenstein,LIE,Gross fixed capital formation (% of GDP),NE.GDI.FTOT.ZS,..,..,..,..,..,..,..,..,..,..,..,..,..,..,..,..,..,..,..,..,..,..,..,..,..,..,..,..,..,..,..,..,..,..,..,..
Lithuania,LTU,Gross fixed capital formation (% of GDP),NE.GDI.FTOT.ZS,..,..,..,..,..,20.2351107729266,20.4664976175958,22.2643437239043,23.7805132609305,21.8521151611492,19.106143781843,20.5013949501313,20.6880451379643,21.5317486962314,22.8037215070817,23.4031526577558,26.0125275452576,28.5825367058501,26.0480830824595,17.8342694449584,17.0850047033206,18.7988664422637,17.5779128736327,18.6706513704311,19.107534609394,19.5972464627678,19.9190169078885,20.1373563967598,20.6920891397458,21.2003099235928,21.4337157753964,22.4742445761328,22.4355748356933,23.8185730783579,22.4117705922418,22.9415611293443
Low & middle income,LMY,Gross fixed capital formation (% of GDP),NE.GDI.FTOT.ZS,21.5474967214316,22.018591314066,23.1886910895824,24.0257424718002,24.4071220918379,23.5404454162693,23.515342629583,23.2823388768934,22.8705931395649,22.894457274614,22.9915241141145,23.6284250791592,24.295190269497,25.4668198515715,26.5943520001863,26.879360623166,27.166408703622,27.85049640341,28.722514001799,30.5225754948618,30.4724565227169,31.233326060085,31.7450698193312,32.1609976327814,32.0609113654386,32.0077211710002,31.6389016608036,31.7159963478272,32.9275555286814,32.5404114867054,32.636075768892,33.0956370363601,32.822406636984,32.3591610979288,31.9755381826867,..
Low income,LIC,Gross fixed capital formation (% of GDP),NE.GDI.FTOT.ZS,..,..,..,..,..,..,..,..,..,..,..,..,..,..,..,..,..,..,..,..,..,22.753508557972,21.3377048453555,22.2295035790598,21.8067709230333,21.1774391197679,22.0864897055715,22.8360235642321,23.0376769726503,23.4122900115599,21.5901883417932,22.9446795354333,22.1251822872783,21.6498385921389,20.7220389105739,19.9002053095546
Lower middle income,LMC,Gross fixed capital formation (% of GDP),NE.GDI.FTOT.ZS,25.1417235111856,23.1165590394489,23.7985213812816,22.4389647047978,22.6762539433613,21.8552454646258,21.1626493557802,21.4383117776551,21.0029394221208,25.1881217416241,23.3782678398001,25.2813714992405,24.5387337078652,25.0743285957496,26.2406215436851,27.1945313659081,27.1539259007192,29.4311093732375,27.6338703745092,28.1180458432898,27.2330703000928,28.1562132577662,26.8990638962023,26.2558864629693,25.3289881281382,25.3711811964488,25.8593329681025,26.5343572427886,27.4088588227124,25.8268169981704,24.7888275679536,26.4977990944485,28.0757603410255,28.440149639357,29.0924317150659,28.8597896681809
Luxembourg,LUX,Gross fixed capital formation (% of GDP),NE.GDI.FTOT.ZS,23.0021258362025,24.7701433231771,20.9785399994146,23.2650205996942,21.9637931729687,21.1528428109666,19.8397296677453,20.6270026127991,21.1674467294173,23.1595864055053,20.6250522599668,21.8791504556885,21.3026835732449,21.0489975573913,21.2432820905258,19.3477754094802,18.215051090926,18.9176381438526,20.1440835676294,18.0192474186727,16.8240877972083,19.213253764947,19.1775316113029,18.4542729429366,19.1517347577366,17.3094554675767,17.28483889537,17.8113229941338,16.151624557013,18.0483819362099,17.1751509447995,18.1452709581154,16.6013614150021,16.0686275070946,15.375144986765,14.974577235541
"Macao SAR, China",MAC,Gross fixed capital formation (% of GDP),NE.GDI.FTOT.ZS,22.3003072196621,26.3753401021966,31.1340258812119,31.0515938946855,30.8186866776807,25.8736774607246,18.6728233112953,18.4900191508083,16.1402150061773,15.6773182478404,10.2433461474792,9.20670634344607,9.48328267477204,13.1525239239875,15.3275866107611,24.8729661756403,32.6465793940209,35.9459039957889,29.6283777773825,18.376001438707,12.4769927792723,12.322735241757,13.5165991034717,13.3426717388613,18.9628410642367,24.8605959609752,21.9414904714087,19.8588499915776,16.7924715027305,13.8756842814004,26.5809748271969,22.5272283182665,22.4161941708943,14.6236518222145,13.7443404769091,11.937135202373
Madagascar,MDG,Gross fixed capital formation (% of GDP),NE.GDI.FTOT.ZS,35.9623142146368,30.6747092543918,36.093866863912,37.8751249459515,32.8728710665706,8.87091919130073,9.52611618731957,10.1519133023369,12.2465309420613,12.2933453010977,11.9305464071932,14.5092173370671,10.9702431408945,13.7245656856915,21.1510251154033,19.3271126967742,20.3112680040621,26.3313661268396,37.7908726981138,37.1583358778325,25.8858941194877,24.686024811429,23.3657281371549,19.7548103563009,18.2781506923967,18.959472537268,18.9772554208421,18.1394239939119,21.0320223196991,21.2478039150184,19.5281573239365,23.2321902184147,21.8981038938524,20.4853573545599,20.4410737587017,21.0362885202069
Malawi,MWI,Gross fixed capital formation (% of GDP),NE.GDI.FTOT.ZS,..,..,..,..,..,..,..,..,..,..,..,..,..,..,..,..,..,..,..,..,..,..,..,..,..,..,..,..,..,..,..,..,..,..,..,..
Malaysia,MYS,Gross fixed capital formation (% of GDP),NE.GDI.FTOT.ZS,33.0430547274544,36.3562357538261,36.6274671161784,38.8730153199298,40.2453686413146,43.5859632404831,42.4956253054404,43.1143206941216,26.825729144233,21.8912502826136,25.2920165768334,25.1234475110543,23.4843285587911,22.4142665765613,20.9548400162009,22.3035148589531,21.9550121987185,22.4041843268104,20.5703234889584,21.9763571094904,22.4353995573594,22.1831391427095,25.3634484150354,26.4770560781611,25.9744966527874,25.8656435310901,25.5177878242928,25.062965299807,24.2004646026756,22.9367865039746,20.9140162759915,19.2873174557577,18.2081449706805,19.227400080595,20.5427183763046,21.3336617158592
Maldives,MDV,Gross fixed capital formation (% of GDP),NE.GDI.FTOT.ZS,..,..,..,..,..,..,..,..,..,..,..,..,..,..,..,..,..,..,..,..,..,..,..,..,26.7309120629927,33.3166432238295,39.958303797275,41.1665758323434,47.7821183502268,44.0512013945222,38.8176225499697,28.0353626177626,36.662276343001,34.8151768122801,34.8412362495067,..
Mali,MLI,Gross fixed capital formation (% of GDP),NE.GDI.FTOT.ZS,21.1484438172627,20.0589631015543,22.0179715923747,20.7351230145878,24.5412363148132,28.4814216815494,27.6842588585102,26.9043952790531,18.0723059855055,16.4518502775225,17.8189278829818,17.5815204871581,17.6215089189357,19.3003705044095,21.3355187414397,18.4530016977591,21.6944450989074,19.3625439741472,21.7931833848719,19.9776848466772,21.073585550005,22.1785284648164,17.9935696455781,24.811057653999,26.0439372073783,23.7547024794097,25.5592761800794,24.1702422585387,22.8491810819473,24.0416131193112,22.1867880631221,23.4869376444816,21.1372765075604,20.9594698444065,20.882066238539,21.6693544392755
Malta,MLT,Gross fixed capital formation (% of GDP),NE.GDI.FTOT.ZS,25.4939795251034,23.8669686589776,22.1743063659758,23.712255960388,23.879593034099,25.832487169206,26.0728254525045,24.0030472653017,24.8995974417476,22.7604075768523,23.7203450480902,21.3718870290739,17.4455981179226,21.8553956229669,21.1441625763189,22.5436881717914,20.444752606567,21.9768516994588,20.215753250309,19.7299959102338,20.8223023250876,17.9891677791302,19.7766671515499,17.295519395782,16.8400418431999,23.6633678012352,21.3159030077911,18.6979234423009,19.1114207630391,20.0768740430803,19.9359603401695,22.310675770455,24.9115920110315,19.1084263648876,18.5108507263352,17.7892518268965
Marshall Islands,MHL,Gross fixed capital formation (% of GDP),NE.GDI.FTOT.ZS,..,..,..,..,..,..,..,..,..,..,..,..,..,..,16.8839729119639,19.0633333333333,27.7815642458101,25.1649833887043,20.8756480218281,35.8992724867725,43.6016139044072,19.4262333139872,16.32313226342,24.3041845493562,19.9638172043011,17.9437670114317,20.2841922695738,22.9830603649977,21.0230909090909,50.2256762559038,20.4705541770058,20.0334168435437,22.9022102746755,19.7477272727273,22.8551578947368,..
Mauritania,MRT,Gross fixed capital formation (% of GDP),NE.GDI.FTOT.ZS,38.0412024485197,32.8404720008729,39.3856672228845,27.2960548760812,93.5474633042541,38.8245673019443,33.5806023436423,28.8454982608704,26.6190550696786,28.8193727516557,31.9102667716251,32.2425519673045,41.9800303843813,47.55897247437,44.7763843098258,40.7268979575153,36.396607225657,42.2075356620944,37.2007686040685,36.3942289658634,33.2788670078419,29.426133347,33.2347577458968,32.7207739421267,37.9643297727243,34.3024643817869,29.001539872588,30.2739569009753,32.9273140772344,31.2427610467936,24.7092140405357,28.3276016445206,29.7828048274407,24.0052077930904,25.7869093913102,26.9756309179679
Mauritius,MUS,Gross fixed capital formation (% of GDP),NE.GDI.FTOT.ZS,30.1768592741694,28.0717841598748,27.2308602230323,27.5853930913218,29.9546917652566,23.1753817739089,24.5032258310761,25.4400430365305,22.55633329341,26.568506492187,22.243757462139,22.0123753004735,21.1384050705349,22.1967621591913,21.4190988551426,21.1944773416414,22.8412490113687,23.6263397094113,23.434306278044,25.1375421745342,23.8217221316751,23.13943082155,22.2704402338839,20.3316752191828,18.2628678058642,16.6835144370929,16.5361068473332,16.5887567666835,17.7790474314141,18.8145550298546,16.9012351375879,19.362374831802,19.7362343588164,20.264360057142,20.9755605073953,19.7404502092275
Mexico,MEX,Gross fixed capital formation (% of GDP),NE.GDI.FTOT.ZS,17.979459106598,18.7310274356321,19.6225950179852,20.055415222994,21.6662652273206,16.2136300913179,17.7149734982107,19.394799246083,21.0153555461506,20.8990237565587,21.230361512511,19.6734365305226,19.3679310017379,20.1040413065119,20.780907227933,20.710349715794,21.6799481845682,22.3548818517852,23.5591739565606,22.77438581235,22.5530971573063,23.4720687923852,23.6882073382403,21.9901857822204,21.6713070677381,23.1641829988633,23.7277194380681,23.225539776985,23.0474727923304,21.6659739999182,20.1075280652557,21.3097325562162,22.4237578758145,23.2773827772419,23.7623066664138,22.4057642595625
"Micronesia, Fed. Sts.",FSM,Gross fixed capital formation (% of GDP),NE.GDI.FTOT.ZS,..,..,..,..,..,..,..,..,..,..,..,..,..,..,..,..,..,..,..,..,..,..,..,..,..,..,..,..,..,..,..,..,..,..,..,..
"Middle East, North Africa, Afghanistan & Pakistan",MEA,Gross fixed capital formation (% of GDP),NE.GDI.FTOT.ZS,21.3197705166266,26.2692128900647,25.3937276335593,24.0504609050514,22.9537498176838,23.5057621962491,24.0809622702482,23.5697420263682,24.0868972627438,22.433721485331,20.367383281723,21.9534504378949,21.7171845996798,21.7241588704434,21.4446144426367,21.2372294731657,21.5905020406359,23.3357865321225,24.0039547466942,25.3650732479185,24.0994975441705,23.1721354709015,22.6962572472352,22.4994337960621,23.0821906091872,24.2933036613719,23.4681523146406,23.0560948327197,22.4099558986648,22.5577879139933,22.3838943521267,22.0592250238908,21.8761909292007,23.2779029998419,23.863689264305,24.3382443115941
"Middle East, North Africa, Afghanistan & Pakistan (excluding high income)",MNA,Gross fixed capital formation (% of GDP),NE.GDI.FTOT.ZS,20.0462003320303,26.2369638557201,25.6652169950322,23.8683852059745,23.6421997009362,22.7252635370336,24.4238496144624,23.7968076683211,22.9328521016536,21.4102279332728,19.8542372544514,22.022320093641,21.8798193399623,22.2149162427797,22.1069921007644,22.1302478244546,22.7130509809513,23.024851129306,25.1111659114108,24.9680473212217,23.8923576863835,23.6134717921335,22.9043157213768,22.3198748814824,22.7099518724091,21.9630098045759,21.0803022578119,21.4044664042637,21.5811429334809,21.5678212479754,19.7930928885612,19.8931834343275,19.1965168865499,19.803484852982,19.8402428703785,20.5739795610273
"Middle East, North Africa, Afghanistan & Pakistan (IDA & IBRD)",TMN,Gross fixed capital formation (% of GDP),NE.GDI.FTOT.ZS,19.9444930556303,26.1038468514713,25.5350008305948,23.7472855256781,23.5222476052841,22.6166208116944,24.3467290348117,23.7250647214376,22.8546419982629,21.2595566520092,19.7738662268084,21.9753378890403,21.8602141005594,22.1806110470153,22.0970022943581,22.122778984756,22.7261807477316,23.0436665103293,25.1518060212106,25.0111630173542,23.9262154449585,23.6316249160369,22.9218938497456,22.3258278560215,22.7231135023816,21.9501787080731,21.05573058078,21.3637423803907,21.5341844405189,21.5319230138294,19.7645748311965,19.8543714425384,19.1429966500662,19.7684991124578,19.8243343819309,20.5424776816719
Middle income,MIC,Gross fixed capital formation (% of GDP),NE.GDI.FTOT.ZS,21.8745047531299,22.4262238594696,23.3617311567228,24.2135206096904,24.5475246009493,23.6603334872954,23.5905123302921,23.3955467150463,22.9856717735536,23.0245197420811,23.0997843630293,23.7255479368418,24.4166982211969,25.5813363752829,26.7252782460586,27.014636976347,27.3128873810017,28.0080100822995,28.8946072155777,30.7200738995221,30.6287738134049,31.3768760146033,31.8938824999367,32.2984949315243,32.2071937031775,32.1642470763751,31.7581573534161,31.8195783387219,33.0415339527772,32.6477335319629,32.7705533860009,33.2076992456765,32.9581466901073,32.4915477499595,32.124248305892,..
Moldova,MDA,Gross fixed capital formation (% of GDP),NE.GDI.FTOT.ZS,..,..,..,..,..,15.9542665070917,19.7484034112201,19.8970390743498,22.0515904593596,18.4388267908415,15.4340587923837,16.7438774343122,16.3229481228335,18.5643035591441,21.1877122877123,24.5881546796983,28.3583478571748,34.103911660116,33.9966625345666,22.5963867530728,22.5242792157291,23.1620459782063,23.6339113929057,23.0338604258084,25.9895514253881,24.028054718844,22.2296027518614,22.4256047290186,23.3442713297151,23.3938698713556,24.9383609100281,24.0883884467141,22.1144731528817,19.4365139692195,20.5167740905919,22.0382039151605
Monaco,MCO,Gross fixed capital formation (% of GDP),NE.GDI.FTOT.ZS,..,..,..,..,..,..,..,..,..,..,..,..,..,..,..,..,..,..,..,..,..,..,..,..,..,..,..,..,..,..,..,..,..,..,..,..
Mongolia,MNG,Gross fixed capital formation (% of GDP),NE.GDI.FTOT.ZS,27.1347981540946,28.905708613355,23.9492181342866,19.6653976082182,17.7989655430558,22.8948467954484,24.5369425456095,23.0401284783969,29.0159989254683,29.9341720365341,25.2026329219548,21.5375323628587,22.1465837169665,29.1203428151462,27.8191823685973,27.9380278698965,33.30225474823,35.1088226553719,36.2150454803176,28.888994389193,34.4863190088044,48.4123299193304,45.1162782409515,39.2636451899871,28.5737584489569,18.2769008129924,18.6646598388544,22.3489597718333,26.8454271041154,27.9834550940703,23.5781782369194,26.8353436062842,29.813559943485,25.3256810049806,27.166909098029,28.0190356748708
Montenegro,MNE,Gross fixed capital formation (% of GDP),NE.GDI.FTOT.ZS,..,..,..,..,..,..,..,..,..,..,16.8735262020514,17.5029920238435,14.6223811025521,13.2988726783425,17.1322860515408,17.9796186654061,22.7582986694709,32.7743216739558,39.0191043275708,27.2415872912071,22.0515648600772,20.0881437583785,20.2976524864041,20.4275839558212,19.3939366864442,20.7063411282255,24.928915709691,27.2209144935116,29.76752680821,27.6012756763197,28.2047291895401,22.2421966660379,21.7481973100477,20.435854630866,21.0603764351519,22.3305030266711
Morocco,MAR,Gross fixed capital formation (% of GDP),NE.GDI.FTOT.ZS,25.7850621321567,24.9470242298459,24.8061662867255,25.5504911694277,23.5729807167336,23.9573032588587,21.8130190608271,22.7586294917097,21.7820275869139,23.6242732922545,24.3643754215111,23.2757312707318,23.6215401287993,23.262156009765,24.6143543607621,25.7936133380221,26.3850747469865,29.2312467118594,31.2682859914516,29.0773587614193,28.3317038596937,29.0032363847791,29.9543707765302,28.4213229777508,27.0159188539863,25.8697787535513,28.6835994366913,28.135469298761,27.858575328575,27.1927093583345,26.2256860657523,26.2880092874382,26.6163194327275,25.0759750041054,26.4589344056453,26.8054454719604
Mozambique,MOZ,Gross fixed capital formation (% of GDP),NE.GDI.FTOT.ZS,..,..,..,..,..,..,..,..,..,..,..,..,..,..,..,..,..,..,..,..,..,..,..,..,..,..,..,..,..,..,..,..,..,..,..,..
Myanmar,MMR,Gross fixed capital formation (% of GDP),NE.GDI.FTOT.ZS,..,..,..,..,..,..,..,..,..,..,..,..,..,..,..,..,..,..,..,..,..,..,..,..,..,..,..,..,..,..,..,..,..,..,..,..
Namibia,NAM,Gross fixed capital formation (% of GDP),NE.GDI.FTOT.ZS,18.432897493932,13.8064962743768,17.8159184011024,18.6699280480357,17.4709406167444,19.6879857017499,20.790361977649,17.3233014637944,20.3560086932669,20.3117591384071,16.5253249746361,20.8687638156416,20.0150516311876,19.1070762255361,18.5551964998877,18.5929897520353,21.5809448218232,21.7359540685266,24.9914768196301,27.5975136236148,24.9229735192104,22.3725520036532,25.747072877261,31.101729044753,35.1384333246714,30.9877338435542,21.8257119918373,17.9309679447275,16.8686752354605,15.7508858678829,13.665387319624,16.0261941700365,16.7108560546686,26.2070813745,24.0374170503891,21.5177234922298
Naoero,NRU,Gross fixed capital formation (% of GDP),NE.GDI.FTOT.ZS,..,..,..,..,..,..,..,..,..,..,..,..,..,..,..,..,..,..,..,..,..,..,..,..,..,..,..,..,..,..,..,..,..,..,..,..
Nepal,NPL,Gross fixed capital formation (% of GDP),NE.GDI.FTOT.ZS,16.1203295428174,18.4004975727175,19.171080133897,21.2190207306383,21.0927777108676,22.06912284704,22.530362014037,21.6724358585877,21.7304592065682,19.0824942403724,19.3218230879501,19.1951166818665,19.5647773499651,19.9241819389677,20.341165051076,19.9417385462122,20.7208860024095,21.0677812172398,21.8775516208999,21.3543437434229,22.2077275326256,23.982390621235,23.990407399148,24.7302314418993,25.2520846893244,27.5538074609417,28.7052216890083,30.575436398817,32.4328800340952,33.8151256832317,30.4692205209769,29.3358394596415,28.9800749913167,24.5903604525994,24.5105351183299,23.5721759320562
Netherlands,NLD,Gross fixed capital formation (% of GDP),NE.GDI.FTOT.ZS,22.8229574419669,22.2304816380188,22.0168779160095,21.2300417705652,20.6695119581337,20.9073665583943,21.5273675065161,21.6512470919223,21.8063565149339,22.8662622012029,22.5278698603024,22.0921396195394,21.0144740217259,20.5161768961412,20.1789782400536,20.3123361573035,20.9095675502686,23.1038497049496,21.931094627813,21.0824646565308,19.4400813658009,19.9314647728018,18.5904058143633,18.1992196127512,17.3898179706967,21.8068437801695,19.2941993265526,19.7582508613445,19.9510208021868,20.9075559765573,21.2739585259834,20.6858841343727,20.4686965446459,20.3464703994637,19.8576425513779,19.7973136813689
New Caledonia,NCL,Gross fixed capital formation (% of GDP),NE.GDI.FTOT.ZS,32.9000001379164,..,..,..,..,..,..,..,20.2744773343115,22.5888088222765,21.8334398081715,23.0747679950399,24.71702901932,28.8590974076235,25.1385651527882,28.4455677138564,34.9046650053815,36.0877763939286,41.2965168526232,37.4622506596483,43.0675526418503,42.8560160013522,41.9227193790085,37.7740915509635,34.9802414986104,35.1327166208069,29.64804245945,27.8931732369673,27.5984468,29.4565600495049,27.3169426464646,26.2186187204724,26.1746329029304,25.5600389239332,22.1189475397667,..
New Zealand,NZL,Gross fixed capital formation (% of GDP),NE.GDI.FTOT.ZS,20.6733484834553,17.6602998670475,17.8694070338929,19.5317765297074,21.294701986755,22.4250800116381,22.3449817509223,22.1495015026475,20.5586654934192,21.8751379946833,20.8504743864685,21.4867300640189,21.9372544958241,23.257117548546,24.2179361926513,24.7457606314097,23.913397362852,23.9129386681523,22.8770392064939,20.3634011223437,19.9528098265442,20.0739083742502,20.9523503518298,21.4415172781075,22.6149734161941,22.9997768722182,22.744635785984,23.1159512515608,23.6866787146363,23.673560247464,23.3802200341086,24.7318991879619,25.5413739434671,24.8475993149454,23.3735424950356,..
Nicaragua,NIC,Gross fixed capital formation (% of GDP),NE.GDI.FTOT.ZS,..,..,..,..,..,..,..,..,..,..,..,..,..,..,..,..,24.3527424512762,25.6033444308362,26.9478632047373,20.3151722208419,21.1737341412017,24.6137378801078,28.0647253576682,28.3444246593661,27.3334223631277,29.2635345695181,27.6439068627152,26.7613567520877,22.3850599072456,16.4571885886473,17.9549307712935,23.0013609726925,21.3972249716073,21.4448519236034,22.9726116436066,24.6119914002012
Niger,NER,Gross fixed capital formation (% of GDP),NE.GDI.FTOT.ZS,9.53845645666434,8.03404355809292,7.39673112367624,9.14586516937123,10.0086967702243,9.69280743717089,10.9699988705018,10.4359633046053,10.2853747297938,9.34926616353232,12.8987592824872,12.9187965036887,13.1124812957632,12.9749705139819,14.2520471754012,18.2210881945706,19.023650215607,18.8051078635007,25.5219399888777,28.4299311788699,31.870470362767,31.5627689193736,28.8051401650125,29.5948792086768,30.7842595780715,32.6070143030411,28.1018587371999,29.6961017300787,32.338061598384,34.566517433743,32.2223903926137,32.5491562948378,32.9854509197547,29.9373858050824,22.4068618546939,20.9413318910379
Nigeria,NGA,Gross fixed capital formation (% of GDP),NE.GDI.FTOT.ZS,..,..,..,..,..,..,..,..,..,..,..,..,..,..,..,..,..,..,..,..,..,..,..,..,..,..,..,..,..,..,..,..,..,..,..,..
North America,NAC,Gross fixed capital formation (% of GDP),NE.GDI.FTOT.ZS,21.3240994335294,20.1309815506485,19.7910392656498,19.9791709921874,20.3301635239255,20.68022178545,21.1374779676144,21.4909406624427,22.1430463263383,22.6157134665649,22.9051063902915,22.3816129687156,21.4367616749811,21.5045070950619,22.0292104254532,22.8425394674147,23.0218080914898,22.4132892442143,21.4447207300745,19.1106021853777,18.8111414923638,19.2267379144831,20.0131434676231,20.188324665752,20.7860036521569,20.8972674638469,20.834699535169,21.1191195482595,21.3998018225773,21.4225100079517,21.6927559496295,21.4867738427146,21.4652125617924,21.4958366668493,21.4590023204692,..
North Macedonia,MKD,Gross fixed capital formation (% of GDP),NE.GDI.FTOT.ZS,17.1240601503759,18.4814049586777,18.4241496050298,15.8729291533431,14.5850649350649,15.7180431941944,16.5170022576283,16.4752661463843,16.5693371170565,15.7882527394051,20.2967270738319,21.9942708395241,21.2989353432773,20.0737642076116,21.2279102234442,19.0373062471024,20.0836220284315,22.6949574806444,25.7593579020945,24.5573076199526,23.0624108155574,23.529145644203,23.3705375795742,23.7109252805888,23.4157962667091,23.8398866454127,24.3848720987903,22.4909643329785,20.03198774963,21.0422372138482,21.5912622519723,23.4554260842147,24.0204439739046,24.6622790521087,23.4918705962856,..
Northern Mariana Islands,MNP,Gross fixed capital formation (% of GDP),NE.GDI.FTOT.ZS,..,..,..,..,..,..,..,..,..,..,..,..,..,..,..,..,..,..,..,..,..,..,..,..,..,..,..,..,..,..,..,..,..,..,..,..
Norway,NOR,Gross fixed capital formation (% of GDP),NE.GDI.FTOT.ZS,22.9740583085696,21.93700272091,21.0671660820074,21.5555965931479,21.8191525516882,21.6628619488165,22.0254384918268,23.8098141080011,26.7849034892225,23.6794809732864,19.9599671320299,19.7037180356184,19.6600019875426,19.0231893167687,20.0406973270322,20.4354171297898,21.1875351339448,23.9770054742098,23.2252987883204,23.669232658255,20.9699003695918,21.8472759962246,22.7232401536009,23.7559784412139,24.1699804281443,24.1580247738902,25.7894648566617,25.034333727907,24.4480305895897,27.4902065300514,28.3841303658064,23.9952353287384,19.4013346172348,22.5789042204717,22.9488999507844,23.3787838586296
Not classified,INX,Gross fixed capital formation (% of GDP),NE.GDI.FTOT.ZS,..,..,..,..,..,..,..,..,..,..,..,..,..,..,..,..,..,..,..,..,..,..,..,..,..,..,..,..,..,..,..,..,..,..,..,..
OECD members,OED,Gross fixed capital formation (% of GDP),NE.GDI.FTOT.ZS,25.5749348056031,24.925684259888,24.1875504480909,23.8173593794732,23.7976301794791,23.8206441064347,23.9206971259994,23.561399648303,23.3522233947997,23.6457116670372,23.9949676635872,23.2361746722197,22.3725408671848,22.2834112678268,22.5202159351081,23.0396121504357,23.3927714759705,23.2996999966656,22.9174926769606,21.0559667229114,20.6835694300693,21.0626320244519,21.3430750963818,21.2469486913823,21.5178008120236,21.7658909125396,21.8748861486961,22.1252200255163,22.3110870261073,22.5601255187674,22.6179256140911,22.4780159838544,22.5631467140569,22.6147457978621,22.2337413514389,..
Oman,OMN,Gross fixed capital formation (% of GDP),NE.GDI.FTOT.ZS,10.8405955684083,13.1867689396227,14.3574886313628,15.3940346516558,13.8211382113821,13.1509296632039,12.0234341139723,15.4909678070441,33.0815367158373,24.0830136946344,17.0526241996542,18.4607816727375,20.1461319020826,23.4718877824629,26.5119092350413,25.1977674255076,26.8546401891137,32.0760304768059,33.8954318011617,37.2946379577997,29.5502200880352,28.5527790642262,27.6529589064736,29.9441302009231,29.827342408565,34.0113599191126,39.298992626441,33.3216466062388,30.4914165529786,28.9532596561073,31.5744572963491,26.8575768406004,22.9435774082352,24.2780165219358,25.5360863699509,..
Other small states,OSS,Gross fixed capital formation (% of GDP),NE.GDI.FTOT.ZS,..,..,..,21.9859565606549,21.908956425201,23.3987705350416,25.0625171258549,24.5326629151236,24.6072078127007,22.9179638458032,22.7706012608381,22.7761398870654,24.2983867416589,23.3431547992209,23.7386568569966,25.0423848864981,27.7411571771494,28.117518630301,26.8279451345126,22.945005704742,21.9343598921645,22.850647490656,23.8675069019421,23.5671524693152,20.8826476940634,22.4567527611337,23.4540057392721,23.9553511582431,24.8909987311045,24.4328118321729,25.1633391522936,24.1623201484246,23.7487124835722,23.756911876136,23.3070005706151,23.0852061557735
Pacific island small states,PSS,Gross fixed capital formation (% of GDP),NE.GDI.FTOT.ZS,15.9648190439062,16.6304391930647,14.4559708978008,17.9024732734992,16.0861195859342,16.523572169374,18.9523301663554,19.5052785452096,23.3821353113347,23.5793448361575,18.3445683825934,19.1462747330775,21.8699440647878,25.9463053969639,27.6046836661104,21.3493606968235,21.0968514041059,19.1513098604002,24.0911738907848,21.2178249535062,19.8988054810251,21.6073672295653,20.3785527350685,21.572563802141,20.5679451028425,22.252699400631,22.0385963962683,22.0708149393684,20.6223262438742,20.7335422223647,20.3732776261503,21.6373156231387,22.315423951055,22.0654846337379,22.5173985578816,..
Pakistan,PAK,Gross fixed capital formation (% of GDP),NE.GDI.FTOT.ZS,17.2997501001819,17.3483245149912,18.5897959773317,19.1122881213808,17.8336110233508,17.0342061458089,17.3770725313453,16.342998757985,15.0446883393535,13.9313887010491,14.6006779173585,14.2869087417283,13.2524104312207,13.6048655925718,13.9407707135863,14.5564437884802,16.5722141638029,15.8259362226991,16.2864226089835,15.8677374304576,14.2515524271765,12.9216275193967,13.4589869383626,13.2723804456408,13.1975542100222,14.100930545333,14.2311450167729,14.6228910849517,15.3582908414203,13.7896449690024,13.1055399944077,12.8246921503021,13.8505425943116,12.2581470393061,11.4892532780615,12.5728081828942
Palau,PLW,Gross fixed capital formation (% of GDP),NE.GDI.FTOT.ZS,..,..,..,..,..,..,..,..,..,..,..,..,..,..,..,43.3795071806612,39.0621695521327,35.369796634689,32.3362763543089,26.1080473733964,25.3819030210919,29.7453041995461,27.9604876946243,24.1688433293848,32.2712330370012,30.2794865208637,29.5989341504956,32.4526910298932,28.7680937000145,34.6413244713677,43.03393253553,36.8865679466674,42.3696311248621,35.3757151753749,35.8380446373782,..
Panama,PAN,Gross fixed capital formation (% of GDP),NE.GDI.FTOT.ZS,7.62695860889557,13.3453739326984,16.5027029392213,20.6917498348493,21.1066527807821,23.2334487561629,20.1499661326569,20.3160858954276,22.8846108768957,23.1744225271872,22.398494730747,16.4046231219445,14.8284286373985,18.8051984730939,18.3918721253781,19.3326794838183,21.5470965094522,27.3589152140065,30.9366262115238,28.4894750285391,29.1485155333632,30.57015299846,34.8561739088913,38.7143270002906,40.2042466520413,39.2359687966997,38.3159879193637,39.3362734959631,38.6745568148557,37.0465789995542,23.6652206907006,27.4342663073547,29.6065588567166,31.9188857942648,31.3963314699963,..
Papua New Guinea,PNG,Gross fixed capital formation (% of GDP),NE.GDI.FTOT.ZS,25.1251576620506,28.0147548258265,21.6457494672034,18.50794107374,18.8043162215431,19.5355174584726,17.2294523672863,15.2804169727103,13.976935004357,12.1023255023674,20.4163848887611,21.1598107018843,19.4233881000386,18.1519365579371,18.133666800386,..,..,..,..,..,..,..,..,..,..,..,..,..,..,..,..,..,..,..,..,..
Paraguay,PRY,Gross fixed capital formation (% of GDP),NE.GDI.FTOT.ZS,16.8232753300456,17.7486581187154,17.4442677031104,19.5845020974264,21.8320450220714,20.0283924651064,19.5250814769698,19.1714570335291,16.6428852631057,15.9277856934993,15.4396190485206,15.6186328134319,15.1959191892824,17.7461734755594,18.3035266148838,19.1467974071334,19.2755065466128,17.8836584721614,18.9270603993024,18.5322818454935,21.2916134287591,20.9477801569244,19.5360145115748,19.0570473119825,19.7774625315709,19.3997932117768,19.0796183746804,19.1922400182425,19.9488227837572,18.7092695745639,19.882431642243,22.9425679826697,22.1787736101507,20.6313139593463,20.8362407935755,21.7387089541038
Peru,PER,Gross fixed capital formation (% of GDP),NE.GDI.FTOT.ZS,16.2924307205255,16.5334400250497,16.4212709734047,18.3164997713889,21.202284462208,23.9583246717611,22.2364792118343,23.4995642490559,23.1526699715843,21.2376147275093,19.6700704381341,17.9666569877333,16.7309319065239,16.9210666692767,16.7885581415755,17.062082002321,17.7861377815903,19.9854235156854,23.4265803656735,22.1386315989042,23.5133786325771,23.3485326044448,25.0445259194971,25.3007969740008,24.5405155067793,23.0885681385006,21.4469450397426,20.607596923788,20.9232518849407,20.9715689568285,19.9414702059197,23.0826753594717,23.2712216636691,21.1096040715978,20.598445586393,20.5153342799352
Philippines,PHL,Gross fixed capital formation (% of GDP),NE.GDI.FTOT.ZS,..,..,..,..,..,..,..,..,..,..,19.3691805807864,18.3117584849423,18.3438642061175,18.6282779227354,18.5446006809846,18.1815181976669,18.7189130549452,18.8739864213654,19.0839168538075,18.6154178372915,20.4021361731953,18.9666386616273,19.9300649509853,20.7830144026363,20.8621733408651,22.2316433811431,24.9966239249849,25.6429281897957,27.2832990018419,27.1551252131171,21.3022620640381,22.2792795935159,23.3459667681696,23.6345055803379,23.5578639327357,22.7364786437201
Poland,POL,Gross fixed capital formation (% of GDP),NE.GDI.FTOT.ZS,..,..,..,..,..,17.6302972738112,19.5780131375009,22.2441969794351,24.0035720382944,24.3244640085765,23.8127420447032,20.5657674406759,18.5432520005891,18.2509197048003,18.5995674990585,19.1151050092974,20.6873646209386,22.6927183608956,23.2187374798418,21.6390287021933,19.610376998578,20.3980983864419,19.4237357928102,18.8010145515116,19.9847969664101,20.2410635932191,18.3470170850393,17.4740439375091,18.7557477298941,19.1456176918134,18.3974922436708,16.9279336078133,16.4361707273812,17.9012869831235,17.0407167835613,17.0286414261905
Portugal,PRT,Gross fixed capital formation (% of GDP),NE.GDI.FTOT.ZS,26.7384490633109,25.431263295328,24.179414659137,22.6713385886989,22.6947732611181,23.2815275215569,23.8237858649358,25.9973618932139,27.3482230413821,27.5911355459617,28.0030505913879,27.3815897887365,25.8571046731868,23.7604429031882,23.4240673865132,23.1265756274961,22.5328535552248,22.5096224343179,22.8522358901842,21.2015952644164,20.648039322463,18.4841132585209,15.8781657037328,14.8309176782448,15.1107479627964,15.6540732098538,15.7267272276065,17.085659362742,17.8287896047353,18.4328254718014,19.4962993707914,20.5029780421601,20.5732413117937,20.4859520223246,20.4281161978824,20.6950625491652
Post-demographic dividend,PST,Gross fixed capital formation (% of GDP),NE.GDI.FTOT.ZS,25.6867369549505,25.0717906988084,24.3570218958503,23.9667327400243,23.929940344121,24.0062293055115,24.0946885089708,23.7262958890266,23.4655045717219,23.7914473547802,24.1512625684728,23.4385114567021,22.5072964149266,22.3602164681707,22.5291579793509,23.0171007031168,23.3255177510452,23.1973347182692,22.8235745570534,20.9937344648624,20.5903779835249,20.8807871391431,21.1800317463058,21.1040353513571,21.3774123577332,21.5463348727725,21.5985950784901,21.9050201636262,22.1174111758158,22.2450733582023,22.4070327972064,22.3858633064791,22.3817041106433,22.375371437012,22.0583018619569,..
Pre-demographic dividend,PRE,Gross fixed capital formation (% of GDP),NE.GDI.FTOT.ZS,..,..,..,..,..,..,..,..,..,..,..,..,..,..,..,..,..,..,..,..,..,..,..,..,..,..,..,..,..,..,..,..,..,..,..,..
Puerto Rico (US),PRI,Gross fixed capital formation (% of GDP),NE.GDI.FTOT.ZS,15.5886473232399,15.505330917544,14.5599318287414,15.0375235060203,14.8214503019982,15.3793375721449,16.739680687398,17.6990995441741,16.8583969352739,19.843190816203,19.2093715256281,16.8824160073055,15.8546356991769,15.1844912425128,14.8914449214131,14.1829361779366,13.5585495551406,13.0405286165323,11.7197586910624,10.0627064623761,9.06523902408283,9.57143725517355,10.1965444721006,9.44138604197169,8.81568595296245,8.51681491262436,7.95913614289123,7.98111082647384,15.4720621723269,15.3106165530257,10.3814666603317,12.4968757810547,13.4861217616785,13.808467264278,13.7477307166013,13.893878512173
Qatar,QAT,Gross fixed capital formation (% of GDP),NE.GDI.FTOT.ZS,..,..,..,..,..,..,..,..,..,..,..,..,..,..,..,..,..,..,..,..,..,..,..,..,..,..,..,..,..,..,..,..,..,..,..,..
Romania,ROU,Gross fixed capital formation (% of GDP),NE.GDI.FTOT.ZS,19.7925166103275,14.3835927219928,19.1866250912227,17.8864831950808,20.2834059349892,21.1612750637269,22.9027810708045,21.8356006447034,18.8114905816898,18.0481584141174,19.1198309450237,21.0397013750581,21.4637013492348,22.7401238865013,22.2953038620972,23.3629492100554,26.6161477360716,35.3425758725047,37.2870677770874,26.0040880012718,25.6712631661725,26.7682443996015,27.0083434921936,24.4051301861521,24.6126580007624,24.9221877637539,23.0378667704786,22.8776875524148,21.2109721093098,23.2590450793581,23.4616307778484,24.5030039238951,25.1239601854055,26.547940234961,25.2916623299005,25.6090244812044
Russian Federation,RUS,Gross fixed capital formation (% of GDP),NE.GDI.FTOT.ZS,28.7022663769016,23.2677869145513,23.9347711730668,20.3894816628768,21.810888252149,21.0777278139414,20.0017421836195,18.2923133010091,16.1506040980019,14.3866142910145,16.863668858428,18.888404270754,17.9059138543927,18.4150283883312,18.3852992882938,17.7553986041778,18.5034095135383,20.9952544478165,22.2904610725417,21.9951347028483,21.6253843085054,21.3216555211764,21.5611849041311,21.9401882834583,21.4171833480957,20.6115488028269,21.8812816748252,21.9821391240723,20.6544857247667,20.9023404249496,21.5599197830911,19.3152892296388,20.1194392199084,22.1046335030538,22.4336678847527,23.0895938046192
Rwanda,RWA,Gross fixed capital formation (% of GDP),NE.GDI.FTOT.ZS,42.8678709258124,41.0295738168701,45.7475207565924,49.0040922839796,29.2101978660115,39.2369720825508,42.0498490484315,40.4093188110317,43.3292582173319,35.0358601081305,33.724326157962,35.4516918194555,34.494788613033,35.407627263228,41.1571318205586,42.5281950333956,14.8913794456399,16.4721190559666,20.8554763921085,20.5068175061613,20.1174793003737,20.7410422234392,22.9425602927206,23.9960116357761,22.9263186071854,24.2570764742397,27.4533128460473,22.9507944661617,18.662226250028,21.5257396581554,20.0045284113234,32.2111229277243,31.5981609741809,34.0190985113631,32.9381189863003,32.1923018395171
Samoa,WSM,Gross fixed capital formation (% of GDP),NE.GDI.FTOT.ZS,..,..,..,..,..,..,..,..,..,..,..,..,..,..,..,..,..,..,..,31.5721407000319,13.2698861799845,36.5956948810845,39.3388315566307,7.09089584404757,36.2584774391252,34.8502985439871,34.6136822688802,31.1668539014097,32.2891367244676,32.622637284439,32.5792239919368,32.2325041331206,30.1713889402937,30.9162628898653,27.8166453425946,28.7796768373769
San Marino,SMR,Gross fixed capital formation (% of GDP),NE.GDI.FTOT.ZS,..,..,..,..,..,..,..,..,..,..,..,..,..,..,..,..,..,..,..,..,..,..,..,..,..,17.300798365982,19.0242527130895,20.3554773442795,20.3410508659145,23.4772792412824,18.9617280835914,17.5169828871348,17.7937467676133,16.8828828934542,..,..
Sao Tome and Principe,STP,Gross fixed capital formation (% of GDP),NE.GDI.FTOT.ZS,..,..,..,..,..,..,..,..,..,..,..,..,..,..,..,..,..,..,18.4451082135454,21.0222619165879,25.4869307340763,22.2772436065643,16.3922963990535,16.9268862818362,16.0548705992233,14.4181284037979,12.9839711736015,15.0906205479248,13.5843784926421,11.8344723672173,11.6966376293585,10.0407520024376,8.17916372212244,6.10364166983885,6.83355080172846,8.66884346482195
Saudi Arabia,SAU,Gross fixed capital formation (% of GDP),NE.GDI.FTOT.ZS,18.8981329095965,20.2917750456403,20.2485810118544,21.8537447410963,18.3714912194062,19.2459297343616,17.3089124540762,17.5760296299157,20.5227758317466,19.4901713115416,17.3529333132587,18.2609816427136,18.0115383208958,18.2999929566936,19.1564729053276,19.3123659884739,20.452131823724,23.6515662097205,22.8037315094411,25.75648632138,24.4308044616812,22.4138268772542,22.0777705469189,23.3990072694922,24.851346150719,29.2170838486577,25.7747413917838,24.1906100840796,21.4680002334103,22.463218551494,24.4412058127305,23.5241232039586,24.2911272320948,27.8831641425365,30.6297134526947,30.1136714853976
Senegal,SEN,Gross fixed capital formation (% of GDP),NE.GDI.FTOT.ZS,14.5972584845911,14.6927405145281,15.3394151148933,14.6596389049948,17.1399920981717,15.2995419739429,16.3904751259118,15.8480598951591,18.7449802067005,18.2880250024253,19.2253255567794,18.9542217193381,20.4321036574164,17.4102276457347,17.4976895109659,18.2940175082513,21.2140610383753,21.0584702020658,22.5827096407528,19.892181730254,18.5165937108428,21.016036842452,20.7024327245936,22.1689175500657,23.4796505671231,23.0173333396773,23.9281241214968,25.8313126722154,28.3218108284288,29.6563562180026,30.4531772551564,33.9687017708203,34.7549053688962,35.3463132757735,31.1360501162209,28.7184343126871
Serbia,SRB,Gross fixed capital formation (% of GDP),NE.GDI.FTOT.ZS,..,..,..,..,..,10.6363930111044,10.3924966279946,11.2308465663505,11.2489243558119,10.4747103318631,11.6099546865985,11.8296339650732,14.6643831280374,16.6034392821689,19.3912200813942,19.254267304221,21.1836643543655,23.60012476264,23.470962898577,18.5980956940405,17.5450937651917,17.3249042888346,19.9488493046734,16.3735582258297,15.8714091473802,16.8018814009636,16.9932725263997,17.7771152801229,19.9497037988206,22.2768602015312,21.4496502483732,23.0512890463903,23.9110631560903,23.3725616454287,23.7954199963938,22.839263073608
Seychelles,SYC,Gross fixed capital formation (% of GDP),NE.GDI.FTOT.ZS,22.7582393006414,21.1015700674962,21.0505190046701,26.3334851055289,26.2927973444115,30.0083493963125,39.7903577055153,27.7750354421188,33.8729245305814,41.2485990332189,24.9183939465335,40.395100282651,27.588134558915,10.9629831806923,17.4160642655973,23.8691409523337,30.3222238580205,29.2244294345938,27.643033995501,28.0272254229443,37.0314238165867,34.816249355555,37.7299203495349,38.5669057079413,29.0548988749451,26.8795153716518,25.1347394249892,24.5351766928824,21.9869866164983,22.0855945287218,21.3213198960022,16.4677161262206,18.4987415919283,24.3522026214645,21.3041209351163,18.7112375533428
Sierra Leone,SLE,Gross fixed capital formation (% of GDP),NE.GDI.FTOT.ZS,13.0059154757791,10.9088699140053,8.36977422841006,7.74811426056782,8.66377045690347,5.57286605626242,11.03600434571,-2.42435790046364,5.31347525555798,0.292869776037837,1.09681037230364,10.3479835903356,10.9785927983031,10.8781249783208,9.99271197361333,10.9919362832176,10.3480655166595,9.95886493587095,10.1742952422536,11.0063444019559,34.2329697821293,46.3315709602933,29.2017427211432,17.4626810057996,15.7638262887875,17.8284163457472,17.4249472909029,18.8979192279547,15.3862423615544,17.3969912844097,15.5145715392731,16.2800517326138,18.669719402571,19.801661174913,19.5509247888101,23.1972792226218
Singapore,SGP,Gross fixed capital formation (% of GDP),NE.GDI.FTOT.ZS,31.7221880971397,33.1447312802701,35.1984569042466,34.644123807355,33.3560184584658,33.1861681314894,37.8763886720304,38.4332092955677,38.0166147528244,34.5735628450796,32.3263443625764,30.8870402323141,26.751423220906,24.7662944346245,24.2814234209213,23.187995656323,23.0867111452125,24.3756820742097,27.9789195945413,28.837459653074,25.5697212154501,25.2649146379052,26.4299882989556,27.5482155936688,28.128209222307,27.2222708971503,25.8770294775779,25.1156496817507,22.351805620065,22.799478885506,20.9994593501471,22.0782282218941,20.338964403942,21.8730241055481,21.0374560334946,22.0845410150758
Sint Maarten (Dutch part),SXM,Gross fixed capital formation (% of GDP),NE.GDI.FTOT.ZS,..,..,..,..,..,..,..,..,..,..,..,..,..,..,..,..,..,..,..,..,..,..,..,..,..,..,..,..,..,..,..,..,..,..,..,..
Slovak Republic,SVK,Gross fixed capital formation (% of GDP),NE.GDI.FTOT.ZS,31.4500814057091,28.4297455515617,33.1565657189997,31.7773948451887,28.1790818089842,26.5113642258876,33.5259973488921,35.7095364907817,37.4903361475626,31.4454436087114,26.9076819797917,29.7492996540798,28.4571029898706,25.3106835058969,24.721622234297,27.0979138790485,26.3756839954384,26.2297796014925,25.6301340300419,21.699930377173,21.8497529970948,23.9414977059811,21.0504458662276,21.1910610755073,21.1761310723424,24.3202564656274,21.6601191942233,21.2735243502353,21.3447569716069,21.6812781607176,19.7809655184171,19.5981995330742,20.9401153914882,21.1360451605213,20.4183967254733,20.5315149404576
Slovenia,SVN,Gross fixed capital formation (% of GDP),NE.GDI.FTOT.ZS,19.0719349911117,20.9510875385256,18.9336350766005,19.1414358222637,20.4433319586784,23.1095139277958,23.9079940537581,25.2194333899588,26.2372567579746,27.8104980024414,27.5926973849984,26.6156129719771,24.8641515806336,25.2648362086817,26.2122139693469,26.7841476169297,27.9014994356825,28.7632142843547,29.5862302565727,24.4165581529781,21.2216002661579,20.08483828855,19.1676737562844,19.8337339250587,19.4365582725521,18.9176485172673,17.7799826082197,18.4937257477793,19.5302803292433,19.7583962473649,19.0238928131055,20.2003570967526,21.988357400127,21.5950558507346,20.9214124483696,21.1254931090118
Small states,SST,Gross fixed capital formation (% of GDP),NE.GDI.FTOT.ZS,..,..,..,20.7386473680628,20.4471948358917,22.2258905116235,23.5983756892105,23.653355957191,24.0059150657357,22.3561213173962,21.7526549767445,22.8731742583801,23.0552879954662,23.0766518384279,22.3247554089286,22.7139487086913,25.4205594111615,27.1517016267507,26.0176447042334,24.170339794345,22.0028054247141,22.8210975189599,23.3387585590247,23.0493769424457,21.1115357272785,22.5953671976057,22.7397123178754,23.5063892130119,24.3756673411478,23.7255466120339,24.2199878242133,23.5436596480993,22.1683320722994,22.3431816667733,21.7843030032561,..
Solomon Islands,SLB,Gross fixed capital formation (% of GDP),NE.GDI.FTOT.ZS,9.75378159219262,12.303398571025,10.2823168776488,11.7868056828258,8.89974423040141,6.31693527818219,6.48019093498172,6.59114710842544,7.21564930020228,6.90346862875386,7.62912028660779,7.91161202565028,5.98848474268828,9.03530112322162,9.919334226527,12.6024542516893,11.6455358146348,13.1013577931934,13.3782751047418,12.7912014764892,17.9438827663601,15.0193617167081,16.0046285201669,15.5989287549358,13.9231456329312,15.9732716145955,15.8971122102331,18.133550886549,17.3136169351007,20.4337172273921,18.8099610585113,24.2876721972123,21.9916765632285,21.4715001691203,19.4606422691219,..
"Somalia, Fed. Rep.",SOM,Gross fixed capital formation (% of GDP),NE.GDI.FTOT.ZS,13.2494756509618,..,..,..,..,..,..,..,..,..,..,..,..,..,..,..,..,..,..,..,..,..,15.7360330751388,14.3695600150118,13.4104063533751,13.1480812127699,12.8456368959279,13.8251070470324,16.1056776324146,16.0813308687616,16.006026889198,17.9795423389223,23.6499068901304,23.6083226866216,26.7485585359739,28.1142267908557
South Africa,ZAF,Gross fixed capital formation (% of GDP),NE.GDI.FTOT.ZS,19.6346821943599,17.8611989071624,16.3687813304511,14.7481168654162,14.9889127441024,15.7024239847946,15.8049377773119,16.1501322913786,16.5139705071343,14.841275516056,14.3870549981056,14.3633064576751,14.0272853046852,14.65691258189,15.1672389589002,15.8783049029154,17.365539559823,19.0216163054292,21.6148222161088,19.4908649747967,17.5616357245929,17.8093691839418,17.934933446749,18.5787122077315,18.301198735847,18.0089532852253,17.4415036155936,16.3988051798909,15.9221674828456,15.4689896600747,13.7983605384555,13.1098786287254,14.182485143945,14.9347126554344,14.5217362279274,13.878930737765
South Asia,SAS,Gross fixed capital formation (% of GDP),NE.GDI.FTOT.ZS,25.4533290538502,24.0737264058623,24.6338856278663,23.4801420625457,23.3640083256343,24.9640490064627,24.4842442058666,25.3208120701306,25.4652253789356,27.4079857530039,26.2174835345119,29.5048337314698,28.0965072243491,28.1670116041997,30.4269385380383,32.3866887189946,33.2354618350532,35.3902127037166,34.2426658987885,33.5359150930928,32.8279070394695,33.8409389679355,33.0362237823268,30.9770196748746,29.9051712970841,28.7496155206508,28.5033121958012,28.612134405331,29.8234500832078,28.951312350668,27.8023874041455,29.6685202911754,32.1529653654598,31.454703758451,31.2019436068474,31.0363858680639
South Asia (IDA & IBRD),TSA,Gross fixed capital formation (% of GDP),NE.GDI.FTOT.ZS,25.4533290538502,24.0737264058623,24.6338856278663,23.4801420625457,23.3640083256343,24.9640490064627,24.4842442058666,25.3208120701306,25.4652253789357,27.407985753004,26.2174835345119,29.5048337314698,28.0965072243491,28.1670116041997,30.4269385380383,32.3866887189946,33.2354618350532,35.3902127037166,34.2426658987885,33.5359150930928,32.8279070394695,33.8409389679355,33.0362237823268,30.9770196748746,29.9051712970841,28.7496155206508,28.5033121958012,28.612134405331,29.8234500832078,28.951312350668,27.8023874041455,29.6685202911754,32.1529653654598,31.454703758451,31.2019436068474,31.0363858680639
South Sudan,SSD,Gross fixed capital formation (% of GDP),NE.GDI.FTOT.ZS,..,..,..,..,..,..,..,..,..,..,..,..,..,..,..,..,..,..,13.7699875260258,13.6521309804579,10.2896550768433,9.48877706805626,7.0742528372385,11.3677738263753,7.9945088302124,5.75075637151052,..,..,..,..,..,..,..,..,..,..
Spain,ESP,Gross fixed capital formation (% of GDP),NE.GDI.FTOT.ZS,25.7530780556432,25.0184611807628,23.0306024459367,21.1726864332572,21.0218867593327,21.8968015834563,21.6960564152279,22.1386166086352,23.283395642947,24.7406937010493,25.9726762707912,25.9006959047475,26.1773351970806,27.1239081928981,27.8253003573011,29.0284035934931,30.0454936237283,29.8758005495847,27.8566240453349,23.1621916327272,21.8742137780893,20.1470024048134,18.7105922599627,17.5983666974763,18.0299514220621,18.298942519262,18.1917189018021,18.9061933772299,19.6739026426325,20.305014716322,20.6159328524088,20.199534753463,20.4882317498181,20.4658153069816,20.2878325064447,20.6085758722391
Sri Lanka,LKA,Gross fixed capital formation (% of GDP),NE.GDI.FTOT.ZS,21.8833130298585,22.615047872269,23.5229247348236,25.1969213215497,26.6386223760283,25.5888237302552,23.8904193051158,24.3602804985443,25.1195988942873,27.2819006784133,28.0360931143829,22.0011681130711,20.0732623989734,20.0384314018134,22.6379241654435,23.3719507074008,24.872051397226,24.7210150759161,25.2865656603673,23.730516434061,..,..,..,..,..,28.2586234893963,30.0891002437269,31.600187909016,30.7419630798449,28.5461677260146,25.5640617584979,26.3457342578601,23.9141452957501,18.1649171368563,19.082722603178,20.7725919219588
St. Kitts and Nevis,KNA,Gross fixed capital formation (% of GDP),NE.GDI.FTOT.ZS,..,..,..,..,..,..,..,..,..,..,..,..,..,..,..,..,..,..,..,..,..,..,..,..,..,..,..,..,..,..,..,..,..,..,..,..
St. Lucia,LCA,Gross fixed capital formation (% of GDP),NE.GDI.FTOT.ZS,..,..,..,..,..,..,..,..,..,..,..,..,..,..,..,..,..,..,..,..,..,..,..,..,..,..,..,..,..,..,..,..,..,..,..,..
St. Martin (French part),MAF,Gross fixed capital formation (% of GDP),NE.GDI.FTOT.ZS,..,..,..,..,..,..,..,..,..,..,..,..,..,..,..,..,..,..,..,..,..,..,..,..,..,..,..,..,..,..,..,..,..,..,..,..
St. Vincent and the Grenadines,VCT,Gross fixed capital formation (% of GDP),NE.GDI.FTOT.ZS,..,..,..,..,..,..,..,..,..,..,..,..,..,..,..,..,..,..,..,..,..,..,..,..,..,..,..,..,..,..,..,..,..,..,..,..
Sub-Saharan Africa,SSF,Gross fixed capital formation (% of GDP),NE.GDI.FTOT.ZS,23.5773512374918,22.1515653020023,22.7784102239914,21.7580947759066,21.4836335314355,18.8938136997532,17.9199380593806,17.0754684363134,17.1700845815489,22.1174682740089,21.833312332118,21.6617781937871,20.0907037308235,21.1297754591834,21.4936266502142,21.6883467375419,21.1916559687471,23.0234885327647,24.3994044124283,25.8482792554175,23.2017746184429,23.5209599538453,23.4167039025348,23.6363475707025,23.8795544432412,23.7490646616943,24.2091301586036,24.0494694939734,23.38096230693,20.5753113129188,19.4344772629714,20.1740138226179,20.3093770962953,21.7019262363799,23.6333339555416,22.9725344113403
Sub-Saharan Africa (excluding high income),SSA,Gross fixed capital formation (% of GDP),NE.GDI.FTOT.ZS,23.5816605565384,22.15699742149,22.7807912117351,21.7432942563581,21.4681518769617,18.8717421766192,17.8828349970158,17.0563198877938,17.13576732147,22.0521475804946,21.8184206320826,21.5992002884305,20.0603679296971,21.1455394463627,21.4964379646975,21.6798423552074,21.1723391061317,23.0125162541372,24.3963402229636,25.8477495668788,23.1891267156013,23.5117201752626,23.4048292468707,23.6207358278746,23.8744227086741,23.7442466277194,24.2048177097725,24.0461066490062,23.3805294799454,20.5718664380872,19.4328292709556,20.1784884500577,20.3106904729979,21.695289418324,23.6332823785578,22.9764276986437
Sub-Saharan Africa (IDA & IBRD countries),TSS,Gross fixed capital formation (% of GDP),NE.GDI.FTOT.ZS,23.5773512374918,22.1515653020023,22.7784102239914,21.7580947759066,21.4836335314355,18.8938136997532,17.9199380593805,17.0754684363134,17.1700845815489,22.1174682740089,21.833312332118,21.6617781937872,20.0907037308234,21.1297754591834,21.4936266502142,21.688346737542,21.1916559687471,23.0234885327647,24.3994044124283,25.8482792554175,23.2017746184429,23.5209599538453,23.4167039025348,23.6363475707025,23.8795544432412,23.7490646616943,24.2091301586036,24.0494694939734,23.38096230693,20.5753113129188,19.4344772629714,20.1740138226179,20.3093770962954,21.7019262363799,23.6333339555416,22.9725344113403
Sudan,SDN,Gross fixed capital formation (% of GDP),NE.GDI.FTOT.ZS,10.4369308817555,10.512988259954,12.3698610342809,15.1992923724007,10.6553007246765,5.5391670895105,12.006718003226,8.97458620000376,10.2263950817264,10.3437659226407,24.8880308630392,20.5310077647122,21.5663517910828,22.074814442888,23.6117319230397,21.2067763046123,22.8891769937744,21.3061261282548,20.668907969621,22.325908295006,20.3985392323003,23.2624340175259,19.7241316199789,17.1950466966314,15.0415341466529,12.8081335322639,9.3059152625505,10.7686344431485,9.9893502376745,14.3050078362201,5.78653523341068,3.46580920270714,2.17826429341476,2.17279846218936,2.88674000548273,0.734291872696879
Suriname,SUR,Gross fixed capital formation (% of GDP),NE.GDI.FTOT.ZS,..,..,..,..,..,..,..,..,..,..,..,..,..,..,..,..,38.0238689980572,42.3024438655254,45.4629820581563,47.076518142508,37.5385641624281,..,..,..,..,..,..,..,..,..,..,..,..,..,..,..
Sweden,SWE,Gross fixed capital formation (% of GDP),NE.GDI.FTOT.ZS,28.8043025376476,25.8440675786697,22.7496676336947,19.2068385074479,19.2513835667518,19.5446497049005,20.0250892066356,19.7081236429224,20.5620825743072,21.1538088212455,21.7434172971739,22.1805552893982,21.6669413046726,21.0990556783309,21.3471687403972,21.5097260897802,22.5576014619411,23.5097905127659,23.9954149226696,22.0664924860152,22.0467665339345,22.4066937719191,22.2577020508821,21.96568388342,22.6931835326185,23.2410511527473,23.8714205355535,24.5812672645971,24.6138158333991,23.8411457244241,24.5326066682559,25.1158043176516,25.590797768041,25.4119400890775,25.1020245960477,25.2280085399797
Switzerland,CHE,Gross fixed capital formation (% of GDP),NE.GDI.FTOT.ZS,32.7237312993899,31.2971842547851,28.2355532252851,26.4562789571265,26.7965969178137,26.6087150488322,25.4833436011242,25.6504295821957,26.889959932406,27.2008528402882,27.5292029836456,26.9150763768149,27.100715525146,26.5696169267531,27.3709525505218,27.2645352912082,27.0679970090631,27.2312779251961,26.8978554883082,25.3721379252277,25.368277592592,25.6124135073323,26.1540283589316,26.152369655736,26.3235666038831,26.493978203581,26.7341163724383,27.5154358532062,26.9999346823656,27.0018781573595,27.6333903524282,26.7750190688452,26.2561916474581,26.8920870336547,26.4501761760284,25.9966201233149
Syrian Arab Republic,SYR,Gross fixed capital formation (% of GDP),NE.GDI.FTOT.ZS,16.5450493425956,17.9712675405374,23.173586631865,25.9733417118826,29.9588422073855,27.234817636499,23.6048849472467,20.8517253265627,20.5512344960554,18.7654134089943,17.2549418431124,20.5053275978572,20.206220458885,23.2442376063968,21.6672498418013,23.0170333351896,21.5198027053037,20.3943052971336,16.6958735216305,17.9157069836284,20.4588992533218,21.630940994093,12.7880398381139,14.4562799501941,8.23628950354941,12.9635453545359,7.88045957645728,8.97080209946784,9.03030599938317,7.38867620891664,6.13463136328133,5.24799756436277,4.44438198728264,..,..,..
Tajikistan,TJK,Gross fixed capital formation (% of GDP),NE.GDI.FTOT.ZS,..,..,..,11.2112126269341,21.0455445544554,21.2994269340974,13.2976977950713,17.6792165187186,13.4242368087389,16.6260817843866,7.42150333016175,8.98275996567595,6.2957366752585,8.03755198050993,10.3773126003275,11.1189742735825,15.482260690719,23.2256099465809,24.5179872366861,26.2932350873791,24.4893168360512,28.592901490135,21.7232482834713,24.1894450213912,26.1845441957946,38.7166570546395,40.0691363252255,31.245780585806,35.3885211204179,31.5088648941092,27.5736883667249,31.9702046869543,31.7053317053317,28.3003294116229,30.2409940950252,..
Tanzania,TZA,Gross fixed capital formation (% of GDP),NE.GDI.FTOT.ZS,17.7389430013166,17.9041506552543,18.567830333538,17.1423201471353,16.8293574312174,13.4943133058231,11.3429234260611,10.1373549819879,22.607984129031,19.5997270860923,18.763909618931,19.5825981449716,19.2975411959793,21.7017881940806,25.6740520256466,28.5449716514674,31.5031858875853,33.8875320870203,36.0601528558413,30.9967357868291,30.7705684106003,35.0995294827868,32.9644448669364,33.9571812287903,33.1703490007101,31.8711320581175,32.7538452434608,35.1589886009781,39.0488316106315,42.6304711470676,40.5342442670396,41.459600723321,42.8203518814369,42.726818190292,41.1459129767637,42.2197765584611
Thailand,THA,Gross fixed capital formation (% of GDP),NE.GDI.FTOT.ZS,40.3822231692519,41.6315883689779,39.2552719441424,39.0646210454902,39.9997289304408,41.3212778599464,41.6549461863957,34.6114374637763,22.1517868670203,20.4100107185522,21.574927709465,22.480369975609,21.9115852147245,23.0319014300881,24.8641915872839,27.7126228148178,26.8466322343858,25.4562513958054,26.4477158532838,23.108954889945,23.9927018003552,25.8363693834547,26.9936528421727,25.3835377004292,24.6613910005394,24.5284891453984,23.7136263542096,23.1083649306357,22.7862263680667,22.5729511697849,23.2211167491939,23.5145270353153,23.3612462869596,22.8803141542884,22.0668845799118,22.6635709444052
Timor-Leste,TLS,Gross fixed capital formation (% of GDP),NE.GDI.FTOT.ZS,..,..,..,..,..,..,..,..,..,..,37.9699300373401,31.9085435226673,27.3565226097042,21.6740060080854,16.6516475638198,15.6375522424221,11.9644577564543,18.5116159790595,31.1867447846154,48.7217063138002,42.6868726750018,70.1085796097319,57.6008116806183,40.2465624734457,41.0756436182001,35.6286594129445,38.2536020588314,32.9448303415581,32.9208517337466,22.8814793473264,13.7011268558052,14.1831463033227,9.85733995690769,17.3563223806972,27.0079116726373,..
Togo,TGO,Gross fixed capital formation (% of GDP),NE.GDI.FTOT.ZS,9.10055833434599,9.63046072028811,9.65241491109741,13.3961128685909,9.77518928933471,11.1348742281668,10.6307695011456,9.41153413902452,13.5820660324304,8.93353731923908,13.2439531341497,13.9082566392287,14.3060506730983,14.4638878944037,13.5656266178672,14.4880526959843,16.2029591948916,15.9304751770488,16.7467287184294,17.2536884088742,17.8931098133478,21.5932895996857,19.5498563995024,19.9517842192507,23.3300366896798,25.102844981065,22.346801163375,16.9688001917549,17.8156790638551,17.7715643840418,19.622405488233,21.4467414190339,27.0724521810265,20.9841366190449,..,..
Tonga,TON,Gross fixed capital formation (% of GDP),NE.GDI.FTOT.ZS,18.0108184511675,15.3559844118265,15.8322591826345,15.8110293734022,20.8912324882231,25.3853195456857,25.2771049725938,18.9298623885803,19.9033477259452,19.5540078085107,19.7261510145368,23.1839915188947,23.9297188195537,20.1250717288707,19.7063691847424,21.6534087068824,20.5220100117669,20.2246238134897,20.0175440686659,24.3059965617122,28.6607072079984,27.9219321736928,34.9883672497694,22.2028837785637,21.5967044967709,23.3162738395741,24.1973348329604,26.6999636306201,22.4432550515614,25.9285450543486,23.4081968146077,31.549347948498,27.6941220672131,26.1576280367317,26.15182688006,..
Trinidad and Tobago,TTO,Gross fixed capital formation (% of GDP),NE.GDI.FTOT.ZS,..,..,..,..,..,..,..,..,..,..,15.5610104592696,26.3914542096307,21.8779534553207,24.2428585479633,16.000008989575,10.937309018096,15.6497022950138,26.5072464540625,23.0445264115121,31.4254022882359,23.1421157657785,21.8928313859828,20.810738800028,20.7680434052336,19.6970291174537,25.5109091379097,19.5545327203286,20.9091100828023,22.9190828613135,20.9735099987528,20.5150375079653,20.2761339172081,17.1792577403861,18.985717034243,..,..
Tunisia,TUN,Gross fixed capital formation (% of GDP),NE.GDI.FTOT.ZS,24.3608827907579,24.0447924980048,27.2045411431657,28.1136193139194,27.0567479037297,24.1657772200002,23.1943271636343,23.6717313039916,24.0342362299869,24.3549702746199,25.1666474141621,25.3250762291157,24.763838401031,22.9003878642588,22.1288154794856,21.4499295455088,22.5836061561056,23.0432471999118,23.628811069379,24.3334719448099,26.0078083562899,23.1108457618913,23.8562334816964,23.3100539589265,21.5386454071231,20.9814458888535,20.4975710197309,20.0462692931679,19.6008337353023,19.4346881701368,15.8455792827072,15.8559150280589,16.3148062490812,15.7368610160164,15.2116354094814,..
Turkiye,TUR,Gross fixed capital formation (% of GDP),NE.GDI.FTOT.ZS,22.8698046762303,23.689572522178,22.9964110894045,25.5247438135483,24.4591764651962,24.0389369903416,24.642885719721,24.8723867638259,22.205994628538,19.9197261956537,22.3110247868039,18.0765435272869,19.6716408524051,20.9444240457006,25.6417207426795,26.8770342277655,29.0425348290191,28.5042444802335,27.3051055897033,22.9623515725507,24.87828284324,27.9887488412804,27.3995231020684,28.7953288884594,29.0843333155967,30.0119130355216,30.0433084585307,30.2598822010726,30.2954032645887,26.4629293789655,27.9506064917081,28.3920963280631,30.5449887042516,32.8740322550634,31.3157272627937,30.5913560700498
Turkmenistan,TKM,Gross fixed capital formation (% of GDP),NE.GDI.FTOT.ZS,..,..,..,34.8303393213573,..,..,41.2917419354839,38.6768676867687,45.4948195784209,39.6709050112191,34.7386559448593,31.7126612120372,27.5596816976127,25.4187357966501,23.0536196152804,22.9195946475561,19.5019564924266,18.6,31.7,46.6,45.2610235853454,44.3917661885615,48.3018020714842,46.4000608702658,44.3215310696205,47.2796271319005,46.9663409509215,40.8398999563062,28.2687010702346,22.740168985452,22.5340054811053,18.2901772824392,17.7301946093838,18.3614858481654,17.6374899630975,16.5378767212035
Turks and Caicos Islands,TCA,Gross fixed capital formation (% of GDP),NE.GDI.FTOT.ZS,..,..,..,..,..,..,..,..,..,..,..,..,..,..,..,..,..,..,..,..,..,..,..,..,..,..,..,..,..,..,..,..,..,..,..,..
Tuvalu,TUV,Gross fixed capital formation (% of GDP),NE.GDI.FTOT.ZS,..,..,..,..,..,..,..,..,..,..,..,..,..,..,..,..,..,..,..,..,..,..,..,..,..,..,..,..,..,..,..,..,..,..,..,..
Uganda,UGA,Gross fixed capital formation (% of GDP),NE.GDI.FTOT.ZS,12.7040800379721,15.1712651209099,15.9163452639467,15.2150401994073,14.6343065311901,16.3673442316062,16.9728012774724,16.8941618081021,15.9240447805555,19.265179238009,19.233964611848,19.047563027436,19.9632838513961,20.6833256726828,19.9444298032441,22.2017167509714,20.9249602485175,21.8688822859194,22.7482520102968,24.5565945444507,26.6490161355142,26.381152491705,25.7805974372942,31.4664204101325,26.2315329113631,23.2629074282493,24.8711103998499,24.052422886294,23.7504449883722,24.9024562516631,23.5178704044069,23.3395824392817,23.4475814827832,22.084367974066,21.6442820900246,21.8564320110952
Ukraine,UKR,Gross fixed capital formation (% of GDP),NE.GDI.FTOT.ZS,..,20.066889632107,27.1368964832108,24.2910037565841,23.5349149213844,23.2802153919865,20.7203226241735,19.8329140470198,19.5880810581619,19.2660337927968,19.7447311046512,19.7703326624837,19.2061946373506,20.5812045933911,22.424372944309,21.8700049199147,24.3894884764733,27.1194744816311,25.9064470907401,18.3174558256128,18.016214744977,18.3513220642495,19.4035210842878,17.3158498598174,14.1360438334756,13.5487069936597,15.4563637377393,15.7762894271386,17.6472670015072,17.6158441194027,13.3659764293256,13.2047503058698,11.8694878561528,19.887850879026,18.4575384971972,19.3649359760856
United Arab Emirates,ARE,Gross fixed capital formation (% of GDP),NE.GDI.FTOT.ZS,..,..,..,..,..,..,..,..,..,..,..,20.9781040294057,21.071438593503,20.7914566161251,18.6841309281584,18.3791279796083,17.5782119110158,23.5730251169477,22.3738986038094,28.9130021992025,..,..,..,..,..,..,..,..,..,..,..,..,..,..,..,..
United Kingdom,GBR,Gross fixed capital formation (% of GDP),NE.GDI.FTOT.ZS,24.0166882419726,21.1301193272487,19.7297622625229,18.8472338477451,19.2817882812039,18.324149248878,18.8632117240526,17.5464952391087,17.9523615781349,17.9086810601045,18.2268711999631,18.1067705481417,18.1258715971091,17.8654766487499,17.7987601938902,18.1300681489885,18.3547575232734,18.8197810313528,18.4126120244636,16.988851517085,16.5928041098154,16.1811317139187,16.2721553248286,16.5945808776841,17.1780619988843,17.9499547721596,18.568952315869,18.9676629369709,18.6901207841924,18.8313068890229,18.2216480289167,18.5366124585172,19.0026614241506,18.897529362349,18.6685960371358,18.8835936906326
United States,USA,Gross fixed capital formation (% of GDP),NE.GDI.FTOT.ZS,21.2852817238692,20.1170193089492,19.8271651099707,20.090153048184,20.4037991908043,20.8645990856506,21.3203021086514,21.5828362218031,22.2552546299898,22.7876835757891,23.1462794870174,22.5385088106337,21.5399006030501,21.6226056064488,22.1277370028278,22.934640837162,23.038173633353,22.3230143949646,21.235472613082,18.8101353585392,18.3139365475553,18.7369821481549,19.5126052281381,19.7544258132209,20.4196434625853,20.6492816432713,20.6802020301822,20.9891678107732,21.2959968660736,21.331113461469,21.5802777048872,21.2931408187217,21.3312121991138,21.3770252086573,21.3498335194267,..
Upper middle income,UMC,Gross fixed capital formation (% of GDP),NE.GDI.FTOT.ZS,21.3986951300606,22.5400243528091,23.5100678652826,24.7258788942583,25.0524244339585,24.1952718175521,24.2762548808686,23.9817972669793,23.6837474277879,22.7526016531436,23.2111740403516,23.5926427889801,24.6042164866774,25.9280526755796,27.0672686653924,27.1887238697256,27.5592345484368,27.9254827991734,29.2773002567978,31.4620518145825,31.4926055525315,32.0357595286907,32.86283579617,33.3971948340949,33.5154921222643,33.4738289050868,32.9488103986985,32.8712363063989,34.1033433589535,34.0596094017247,34.3842498454936,34.4816138506127,33.9013381906315,33.2213673132251,32.6536339193133,..
Uruguay,URY,Gross fixed capital formation (% of GDP),NE.GDI.FTOT.ZS,12.1393050929548,13.4362552126713,14.2000538635604,14.7544223488478,14.5450389274491,13.5269484675438,13.9626307506779,16.0338535259841,16.3831049070082,15.2379159103106,14.3185446156428,13.6566726025144,12.3532722105302,12.5207242251677,14.3674894654533,16.5474574137668,18.2369877479984,18.5776877721605,20.5533368844523,18.7448197710682,19.0701045232462,19.1185676352051,22.153383549043,21.8425032313125,21.4381228100328,19.7862365239738,16.9436084371053,16.2395115128741,14.7561349166147,14.4910308809241,15.4357194509584,17.6712024809258,18.9254857264037,17.298881728724,16.3094353014272,15.8372661592231
Uzbekistan,UZB,Gross fixed capital formation (% of GDP),NE.GDI.FTOT.ZS,..,..,43.9301488105631,14.6502375108632,18.2004266495678,24.1998260825338,23.000095157758,28.3160836583643,27.9912269676124,25.245929364013,22.8682884875292,26.8186709439019,20.4907250812059,20.0944737911418,21.4419704754914,19.8776643179221,21.6289781253402,23.5133025895708,26.7771453792424,28.3518580027382,21.4339604977437,19.6504803617737,19.8350160432261,20.3985109652514,20.8024545209878,20.6673643249599,20.2047132398358,22.1494872783243,28.4792494779392,35.2793605883172,32.7303082964295,30.6341097344413,28.003289816837,30.9419701578404,35.2972174028982,34.0135011552951
Vanuatu,VUT,Gross fixed capital formation (% of GDP),NE.GDI.FTOT.ZS,29.6069603925338,21.4098287747387,19.2289847737146,18.7438464063013,21.4637553300985,21.7400636783172,18.6335616438356,16.9050180345504,16.7608455167878,18.5528864221085,19.1795090943084,18.3591248665955,18.9970727436872,16.2316200390371,22.5620665147171,23.4147585056086,27.5164057517846,31.8802223146433,40.3538078612833,39.9260160930806,35.3637146901348,26.9109643712358,23.3450734720979,16.3948886955883,14.9946100487439,23.2351836953607,25.4915089171587,25.7953057224859,20.6370935895748,14.2100596088477,16.3645347054213,15.1459213845409,19.2207538081763,20.6109297494382,24.3684982963839,..
"Venezuela, RB",VEN,Gross fixed capital formation (% of GDP),NE.GDI.FTOT.ZS,13.6761652131985,0,0,0,0,0,0,0,0,0,0,0,0,0,0,0,0,0,0,0,0,0,18.2080924855491,25.5737704918033,17.027027027027,17.4528301886792,10.8635097493036,8.07471264367816,6.20940915571044,5.58508178904779,7.02013278172942,6.70391978910065,4.73134647367068,4.11662505184639,3.79701758245832,4.57501156776405
Viet Nam,VNM,Gross fixed capital formation (% of GDP),NE.GDI.FTOT.ZS,..,..,..,..,..,25.421159324048,26.3189430810628,26.6989347082325,27.0211652082866,25.7034770041656,27.646803095692,29.1507287630248,31.1384532684289,33.3540361533182,33.2539734687344,31.2735981689298,31.363976770146,35.1069043263026,31.8052012101133,33.857133934242,35.1596865348136,30.5694066495721,28.6527327899415,28.3027845322716,28.4047020277577,30.1767255413004,29.8938593535094,30.5447649065873,30.341493072074,30.3625675367417,30.2778176424342,31.0348551186527,30.5658412856141,30.1293021216687,29.0429540155282,29.2054970780168
Virgin Islands (U.S.),VIR,Gross fixed capital formation (% of GDP),NE.GDI.FTOT.ZS,..,..,..,..,..,..,..,..,..,..,..,..,..,..,..,..,..,..,..,..,..,..,..,..,..,..,..,..,..,..,..,..,..,..,..,..
West Bank and Gaza,PSE,Gross fixed capital formation (% of GDP),NE.GDI.FTOT.ZS,..,..,..,..,38.8457074526079,36.021079566224,34.6286954481464,32.7650406936539,32.1082649097792,39.3800337141787,30.642618694362,29.0531258585808,25.3810675516058,27.9460685483871,24.1489431035606,23.8601556860526,20.9524521810669,19.9580446034011,17.9675530750711,18.1938483990254,18.8493518566338,21.0770509829163,20.4711510107795,21.7246864710887,21.1612829438801,23.6509117975437,23.9773066587041,26.000744047619,26.8188688055245,25.2371085884379,22.7186978888338,23.8748688497432,25.0199577365579,23.587209083933,22.0716867808377,23.9597835394446
World,WLD,Gross fixed capital formation (% of GDP),NE.GDI.FTOT.ZS,25.4166942709592,24.8851853105317,24.454079501556,24.1791187836958,24.201427395643,24.1482827237094,24.1657008791131,23.8049304731216,23.5742399532031,23.838921900518,24.0786933109291,23.5745405295346,22.9127960271802,22.9886972795402,23.3371882934286,23.7986787801478,24.1434259557839,24.3847342283382,24.4006402261908,23.6388422484385,23.5459570991635,24.0691849872069,24.5404637723858,24.7245760116466,24.9273561838106,25.1638475677125,25.0776181886573,25.3291585646907,25.8117092848043,25.954699216773,26.061005790827,26.1733414074123,26.1050946713799,25.9827846634922,25.6162431940262,..
"Yemen, Rep.",YEM,Gross fixed capital formation (% of GDP),NE.GDI.FTOT.ZS,10.5043323105206,11.6974768923308,18.2644697068041,16.6127197300227,18.2393600266259,21.3566759028426,22.642331396705,24.236794723318,23.6503380265952,18.7062815111396,18.9276615951282,19.5604238250263,18.4838501666927,20.7266658273967,20.2796968195702,18.5296186599287,16.3837695995646,17.1942959985092,15.4159109184981,13.5448141590362,11.6610683680339,5.50051218577221,8.70429265290944,8.1057745110384,6.69825102221284,1.65633224235223,1.42924659655832,2.07228522486508,6.17671078391039,..,..,..,..,..,..,..
Zambia,ZMB,Gross fixed capital formation (% of GDP),NE.GDI.FTOT.ZS,..,..,..,..,..,..,..,..,..,..,..,..,..,..,..,..,..,..,..,..,25.894731224225,27.974700660769,23.8778545961034,25.8003983321329,31.0377113251483,38.4531388748016,36.4205905653916,38.8072565095918,35.0575989116852,35.7566183829109,29.8228506521771,28.5104973388638,25.1043252414273,26.4374095105745,21.6032158081555,..
Zimbabwe,ZWE,Gross fixed capital formation (% of GDP),NE.GDI.FTOT.ZS,18.2097322226681,20.5846634281749,22.3612139156181,23.5905439872093,21.3728831997679,24.5783555867885,18.0397312299153,18.0483946566674,20.6002888255728,2.55410624499016,11.7992006872596,12.1188659071637,10.1729640282101,13.8120582846174,5.1088921408281,2.00147614292537,2.22609813191353,5.08050427310071,3.28768673607967,9.92942636300183,17.0114751717126,14.6342759940464,12.148509358484,9.18157663966075,9.6088282792033,9.99586947542338,9.80823716818464,11.3993419178061,11.0482562563712,7.00264761310164,6.75690137816693,8.52563704042809,7.60548706537248,9.67550195111188,7.92958898570701,..
,,,,,,,,,,,,,,,,,,,,,,,,,,,,,,,,,,,,,,,
,,,,,,,,,,,,,,,,,,,,,,,,,,,,,,,,,,,,,,,
,,,,,,,,,,,,,,,,,,,,,,,,,,,,,,,,,,,,,,,
Data from database: World Development Indicators,,,,,,,,,,,,,,,,,,,,,,,,,,,,,,,,,,,,,,,
Last Updated: 07/13/2026,,,,,,,,,,,,,,,,,,,,,,,,,,,,,,,,,,,,,,,
