Country Name,Country Code,Series Name,Series Code,1990 [YR1990],1991 [YR1991],1992 [YR1992],1993 [YR1993],1994 [YR1994],1995 [YR1995],1996 [YR1996],1997 [YR1997],1998 [YR1998],1999 [YR1999],2000 [YR2000],2001 [YR2001],2002 [YR2002],2003 [YR2003],2004 [YR2004],2005 [YR2005],2006 [YR2006],2007 [YR2007],2008 [YR2008],2009 [YR2009],2010 [YR2010],2011 [YR2011],2012 [YR2012],2013 [YR2013],2014 [YR2014],2015 [YR2015],2016 [YR2016],2017 [YR2017],2018 [YR2018],2019 [YR2019],2020 [YR2020],2021 [YR2021],2022 [YR2022],2023 [YR2023],2024 [YR2024],2025 [YR2025]
Afghanistan,AFG,"Net bilateral aid flows from DAC donors, United States (current US$)",DC.DAC.USAL.CD,56000000,59000000,65000000,42000000,53000000,2000000,2000000,..,..,32080001.8310547,2420000.07629395,7699999.80926514,367609985.351563,485790008.544922,778289978.027344,1318300048.82813,1403709960.9375,1514280029.29688,2111580078.125,2979929931.64063,2938840087.89063,3054949951.17188,2714090087.89063,1694069946.28906,1928079956.05469,1631469238.28125,1375758544.92188,1215113769.53125,914368591.308594,1428208007.8125,1009472412.10938,1480721801.75781,1296003173.82813,1178222778.32031,..,..
Africa Eastern and Southern,AFE,"Net bilateral aid flows from DAC donors, United States (current US$)",DC.DAC.USAL.CD,678000000,613000000,839000000,1108000000,1132000000,775000000,424000000,526000000,506479994.563386,685479987.205938,769720005.445182,689869997.261092,1399369982.06936,3388259946.57912,2225989980.81684,2888279968.01585,3604150005.18598,3182870040.71288,4883719964.68492,5388350006.97709,5082859944.90795,6654890080.8692,6036510034.78281,6906170002.7436,6292020079.53078,6096589876.33698,6838599972.96334,7804229981.48017,7528180032.9499,6640289949.18987,..,..,..,..,..,..
Africa Western and Central,AFW,"Net bilateral aid flows from DAC donors, United States (current US$)",DC.DAC.USAL.CD,318000000,356000000,314000000,327000000,320000000,274000000,211000000,271000000,206979999.27029,260130002.975464,304439996.210858,296050002.194941,525920009.031892,624110002.085567,677140008.194372,664369995.176792,1319629988.60702,830340001.253412,1288920001.90355,1508619999.81105,1700400018.33439,1842560015.25,1917430000.42439,1974009960.87491,1952130001.36614,2369249991.35733,2405300007.34329,2450250030.756,2576330002.54631,2268309999.31693,..,..,..,..,..,..
Albania,ALB,"Net bilateral aid flows from DAC donors, United States (current US$)",DC.DAC.USAL.CD,..,..,28000000,29000000,10000000,8000000,17000000,6000000,14170000.0762939,23760000.2288818,44720001.2207031,42259998.3215332,61790000.9155273,39990001.6784668,40310001.373291,36029998.7792969,40580001.8310547,32119998.9318848,35889999.3896484,33000000,28399999.6185303,24469999.3133545,20360000.6103516,21889999.3896484,17750000,16276315.6890869,17475353.2409668,21455049.5147705,21120609.2834473,17039571.762085,15980832.0999146,12599329.9484253,12305983.543396,20720226.2878418,..,..
Algeria,DZA,"Net bilateral aid flows from DAC donors, United States (current US$)",DC.DAC.USAL.CD,..,..,..,2000000,1000000,..,..,..,..,59999.9986588955,..,230000.004172325,5159999.84741211,3220000.02861023,3789999.96185303,1049999.95231628,759999.990463257,1690000.05722046,9109999.65667725,8079999.92370605,8619999.88555908,9170000.07629395,10739999.7711182,12510000.2288818,430000.007152557,4875916.95785522,3856225.96740723,13874759.6740723,2523699.99885559,2045744.89593506,4928430.08041382,2554280.04264832,1875293.01643372,3858448.02856445,..,..
American Samoa,ASM,"Net bilateral aid flows from DAC donors, United States (current US$)",DC.DAC.USAL.CD,..,..,..,..,..,..,..,..,..,..,..,..,..,..,..,..,..,..,..,..,..,..,..,..,..,..,..,..,..,..,..,..,..,..,..,..
Andorra,AND,"Net bilateral aid flows from DAC donors, United States (current US$)",DC.DAC.USAL.CD,..,..,..,..,..,..,..,..,..,..,..,..,..,..,..,..,..,..,..,..,..,..,..,..,..,..,..,..,..,..,..,..,..,..,..,..
Angola,AGO,"Net bilateral aid flows from DAC donors, United States (current US$)",DC.DAC.USAL.CD,1000000,10000000,3000000,14000000,34000000,31000000,25000000,22000000,28760000.2288818,48099998.4741211,37310001.373291,33950000.7629395,105610000.610352,152910003.662109,121290000.915527,67239997.8637695,32849998.4741211,39630001.0681152,42680000.3051758,41500000,53529998.7792969,64940002.4414063,77290000.9155273,61139999.3896484,58709999.0844727,60912094.1162109,52318267.8222656,56503421.7834473,50564968.1091309,44775005.3405762,40817516.3269043,41712638.8549805,60146911.6210938,61073547.3632813,..,..
Antigua and Barbuda,ATG,"Net bilateral aid flows from DAC donors, United States (current US$)",DC.DAC.USAL.CD,..,..,..,..,..,..,..,..,230000.004172325,409999.996423721,-50000.0007450581,310000.002384186,-59999.9986588955,-170000.001788139,-180000.007152557,-170000.001788139,-189999.997615814,-189999.997615814,-200000.002980232,-180000.007152557,109999.999403954,200000.002980232,159999.996423721,119999.997317791,..,-591198.980808258,-242285.996675491,9010.00015437603,-76669.9984669685,..,48916.0008728504,-42700.0001072884,..,..,..,..
Arab World,ARB,"Net bilateral aid flows from DAC donors, United States (current US$)",DC.DAC.USAL.CD,2781000000,3519000000,2115000000,1587000000,1363000000,902000000,911000000,671000000,1027620006.27257,1037830008.5105,982820001.758635,952770022.602753,1461029980.16961,3398019977.808,4846359934.30578,13011680010.9725,6482789862.94009,5630420109.21054,5486149953.99863,5163780068.27831,3723759949.59473,3658090036.30281,3031600015.37204,4416119956.04634,3368379988.46174,3036269954.6814,3430749991.89377,3326350056.29063,4161320007.56264,4184430053.59173,4489110079.4077,5416189983.60634,4173209967.97085,..,..,..
Argentina,ARG,"Net bilateral aid flows from DAC donors, United States (current US$)",DC.DAC.USAL.CD,..,..,-10000000,-10000000,2000000,..,..,..,270000.010728836,389999.985694885,-2470000.02861023,-469999.998807907,1610000.01430511,10369999.8855591,1820000.05245209,1360000.01430511,1970000.02861023,7820000.17166138,7170000.07629395,2619999.88555908,3769999.98092651,9590000.15258789,9689999.5803833,3730000.01907349,1110000.01430511,-4315053.93981934,-780044.01922226,1321449.99504089,4214079.85687256,1096153.97453308,6024541.8548584,5438459.87319946,2861679.07714844,4376154.89959717,..,..
Armenia,ARM,"Net bilateral aid flows from DAC donors, United States (current US$)",DC.DAC.USAL.CD,..,..,16000000,62000000,86000000,60000000,88000000,22000000,35200000.7629395,47900001.5258789,103059997.558594,77949996.9482422,114300003.051758,74190002.4414063,73139999.3896484,53259998.3215332,64879997.253418,79919998.1689453,93790000.9155273,78449996.9482422,91000000,106470001.220703,35950000.7629395,40479999.5422363,30479999.5422363,24983774.1851807,24751102.4475098,25217210.7696533,26120460.5102539,26072788.2385254,30667419.4335938,37696979.5227051,32471935.2722168,56633819.5800781,..,..
Aruba,ABW,"Net bilateral aid flows from DAC donors, United States (current US$)",DC.DAC.USAL.CD,..,..,..,..,..,..,..,..,..,..,50000.0007450581,..,..,..,..,..,..,..,..,..,..,..,..,..,..,..,..,..,..,..,..,..,..,..,..,..
Australia,AUS,"Net bilateral aid flows from DAC donors, United States (current US$)",DC.DAC.USAL.CD,..,..,..,..,..,..,..,..,..,..,..,..,..,..,..,..,..,..,..,..,..,..,..,..,..,..,..,..,..,..,..,..,..,..,..,..
Austria,AUT,"Net bilateral aid flows from DAC donors, United States (current US$)",DC.DAC.USAL.CD,..,..,..,..,..,..,..,..,..,..,..,..,..,..,..,..,..,..,..,..,..,..,..,..,..,..,..,..,..,..,..,..,..,..,..,..
Azerbaijan,AZE,"Net bilateral aid flows from DAC donors, United States (current US$)",DC.DAC.USAL.CD,..,..,..,..,13000000,11000000,9000000,2000000,5869999.88555908,12489999.7711182,18889999.3896484,30909999.8474121,61529998.7792969,49270000.4577637,47580001.8310547,42799999.2370605,56540000.9155273,48979999.5422363,41950000.7629395,40430000.3051758,36959999.0844727,30030000.6866455,31649999.6185303,33130001.0681152,15300000.1907349,13400041.5802002,11462808.6090088,14091730.1177979,12727040.2908325,12837994.5755005,12142462.7304077,13250849.7238159,12147979.7363281,20866413.1164551,..,..
"Bahamas, The",BHS,"Net bilateral aid flows from DAC donors, United States (current US$)",DC.DAC.USAL.CD,..,..,..,..,..,1000000,..,..,..,..,..,..,..,..,..,..,..,..,..,..,..,..,..,..,..,..,..,..,..,..,..,..,..,..,..,..
Bahrain,BHR,"Net bilateral aid flows from DAC donors, United States (current US$)",DC.DAC.USAL.CD,..,..,..,..,..,..,..,..,..,..,..,..,..,59999.9986588955,..,..,..,..,..,..,..,..,..,..,..,..,..,..,..,..,..,..,..,..,..,..
Bangladesh,BGD,"Net bilateral aid flows from DAC donors, United States (current US$)",DC.DAC.USAL.CD,169000000,129000000,130000000,94000000,152000000,56000000,41000000,30000000,4039999.96185303,113629997.253418,62540000.9155273,87129997.253418,72139999.3896484,56610000.6103516,62849998.4741211,49150001.5258789,41770000.4577637,49139999.3896484,93190002.4414063,63819999.6948242,113690002.441406,109010002.13623,187820007.324219,155899993.896484,234660003.662109,211617355.34668,244191909.790039,274246551.513672,324138122.558594,404869995.117188,309569946.289063,443829742.431641,375629364.013672,449813873.291016,..,..
Barbados,BRB,"Net bilateral aid flows from DAC donors, United States (current US$)",DC.DAC.USAL.CD,-1000000,-1000000,-1000000,-1000000,-1000000,-1000000,-1000000,-1000000,-250000,29999.9993294477,300000.011920929,1799999.95231628,629999.995231628,730000.019073486,930000.007152557,1460000.03814697,2380000.11444092,529999.971389771,389999.985694885,330000.013113022,109999.999403954,..,..,..,..,..,..,..,..,..,..,..,..,..,..,..
Belarus,BLR,"Net bilateral aid flows from DAC donors, United States (current US$)",DC.DAC.USAL.CD,..,..,..,..,..,..,..,..,..,..,..,..,..,..,..,1809999.94277954,4360000.1335144,8119999.88555908,8920000.07629395,12159999.8474121,27770000.4577637,11600000.3814697,11670000.0762939,14609999.6566772,10880000.1144409,10616424.5605469,8737148.28491211,4796090.1260376,5413990.02075195,4233922.95837402,4570343.01757813,8583029.74700928,15238411.9033813,31573480.6060791,..,..
Belgium,BEL,"Net bilateral aid flows from DAC donors, United States (current US$)",DC.DAC.USAL.CD,..,..,..,..,..,..,..,..,..,..,..,..,..,..,..,..,..,..,..,..,..,..,..,..,..,..,..,..,..,..,..,..,..,..,..,..
Belize,BLZ,"Net bilateral aid flows from DAC donors, United States (current US$)",DC.DAC.USAL.CD,12000000,10000000,7000000,8000000,3000000,4000000,5000000,..,-449999.988079071,-649999.976158142,-519999.980926514,1000000,-4500000,1000000,1080000.04291534,939999.997615814,1029999.97138977,2759999.99046326,1779999.97138977,2869999.88555908,2549999.95231628,2230000.01907349,1830000.04291534,11670000.0762939,2569999.9332428,1830500.96035004,1814049.95918274,3378750.08583069,2797889.94789124,2652750.96893311,3504748.10600281,5473519.80209351,5993118.76296997,7367484.0927124,..,..
Benin,BEN,"Net bilateral aid flows from DAC donors, United States (current US$)",DC.DAC.USAL.CD,5000000,3000000,16000000,11000000,16000000,11000000,7000000,22000000,9529999.73297119,19579999.9237061,29719999.3133545,27430000.3051758,23379999.1607666,32470001.2207031,27940000.5340576,24409999.8474121,20270000.4577637,25329999.9237061,34560001.373291,58900001.5258789,100260002.13623,188529998.779297,41659999.8474121,23620000.8392334,39169998.1689453,35616279.6020508,58136928.5583496,120440460.205078,57106281.2805176,99919654.8461914,97381774.9023438,171229934.692383,116161163.330078,151239959.716797,..,..
Bermuda,BMU,"Net bilateral aid flows from DAC donors, United States (current US$)",DC.DAC.USAL.CD,..,..,..,..,..,..,..,..,490000.009536743,..,..,..,..,..,..,..,..,..,..,..,..,..,..,..,..,..,..,..,..,..,..,..,..,..,..,..
Bhutan,BTN,"Net bilateral aid flows from DAC donors, United States (current US$)",DC.DAC.USAL.CD,..,..,..,..,..,..,..,..,..,..,..,..,730000.019073486,1220000.02861023,..,..,79999.9982118607,..,239999.994635582,9999.99977648258,109999.999403954,2660000.08583069,300000.011920929,569999.992847443,319999.992847443,1001003.9806366,204706.996679306,292789.995670319,674979.984760284,804609.000682831,215813.994407654,1224979.99668121,48289.9993658066,450747.99656868,..,..
Bolivia,BOL,"Net bilateral aid flows from DAC donors, United States (current US$)",DC.DAC.USAL.CD,84000000,81000000,133000000,101000000,89000000,89000000,94000000,163000000,92309997.5585938,112910003.662109,97370002.746582,119050003.051758,127699996.948242,248320007.324219,137559997.558594,139610000.610352,193089996.337891,122389999.389648,123819999.694824,101550003.051758,60330001.8310547,59069999.6948242,50880001.0681152,26629999.1607666,34750000,2162297.96409607,2259680.0327301,2333440.06538391,856570.00541687,1368630.05161285,6872713.08898926,8393870.35369873,5003960.13259888,2822731.97174072,..,..
Bosnia and Herzegovina,BIH,"Net bilateral aid flows from DAC donors, United States (current US$)",DC.DAC.USAL.CD,..,..,..,..,..,66000000,135000000,185000000,216449996.948242,218929992.675781,85750000,135059997.558594,75779998.7792969,68739997.8637695,61919998.1689453,49459999.0844727,66040000.9155273,31610000.6103516,26440000.5340576,31069999.6948242,23860000.6103516,38009998.3215332,38360000.6103516,38830001.8310547,47400001.5258789,33467960.357666,42729057.3120117,56050399.7802734,49633460.9985352,45703212.7380371,47448863.9831543,61028869.6289063,46602420.8068848,51484737.3962402,..,..
Botswana,BWA,"Net bilateral aid flows from DAC donors, United States (current US$)",DC.DAC.USAL.CD,15000000,12000000,7000000,12000000,12000000,13000000,7000000,9000000,3750000,3630000.11444092,990000.009536743,-250000,22389999.3896484,13279999.7329712,21139999.3896484,17959999.0844727,24750000,44840000.1525879,231889999.389648,214399993.896484,74300003.0517578,76639999.3896484,49189998.626709,74330001.8310547,56909999.8474121,50277908.3251953,67283920.2880859,55383209.2285156,54516750.3356934,44608402.2521973,53715686.7980957,54975021.3623047,51870655.0598145,54067481.9946289,..,..
Brazil,BRA,"Net bilateral aid flows from DAC donors, United States (current US$)",DC.DAC.USAL.CD,-12000000,3000000,-376000000,-68000000,-2000000,-5000000,-7000000,..,-8810000.4196167,-157770004.272461,-57849998.4741211,-70750000,-37139999.3896484,-56080001.8310547,-57459999.0844727,-25930000.3051758,-67860000.6103516,3849999.90463257,12329999.9237061,8140000.34332275,20709999.0844727,29790000.9155273,22540000.9155273,22579999.9237061,16969999.3133545,14634789.4668579,19029771.8048096,21114080.4290771,24282480.2398682,38966083.5266113,48938541.4123535,46859699.2492676,45594097.1374512,57648426.0559082,..,..
British Virgin Islands,VGB,"Net bilateral aid flows from DAC donors, United States (current US$)",DC.DAC.USAL.CD,..,..,..,..,..,..,..,..,..,..,9999.99977648258,9999.99977648258,..,..,..,..,..,..,..,..,..,..,..,..,..,..,..,..,..,..,..,..,..,..,..,..
Brunei Darussalam,BRN,"Net bilateral aid flows from DAC donors, United States (current US$)",DC.DAC.USAL.CD,..,..,..,..,..,..,..,..,..,..,..,..,..,..,..,..,..,..,..,..,..,..,..,..,..,..,..,..,..,..,..,..,..,..,..,..
Bulgaria,BGR,"Net bilateral aid flows from DAC donors, United States (current US$)",DC.DAC.USAL.CD,..,..,28000000,19000000,10000000,5000000,9000000,5000000,7360000.1335144,37209999.0844727,119160003.662109,39790000.9155273,47529998.7792969,44619998.9318848,38880001.0681152,..,..,..,..,..,..,..,..,..,..,..,..,..,..,..,..,..,..,..,..,..
Burkina Faso,BFA,"Net bilateral aid flows from DAC donors, United States (current US$)",DC.DAC.USAL.CD,11000000,22000000,13000000,18000000,13000000,14000000,9000000,14000000,11449999.8092651,11199999.8092651,9329999.92370605,13079999.9237061,16219999.3133545,14130000.1144409,17629999.1607666,20110000.6103516,21899999.6185303,21809999.4659424,19409999.8474121,51119998.9318848,44049999.2370605,50779998.7792969,119449996.948242,153399993.896484,213490005.493164,58600883.4838867,62513156.8908691,70530792.2363281,61965938.5681152,100841308.59375,121353553.771973,180884231.567383,180892791.748047,175223800.65918,..,..
Burundi,BDI,"Net bilateral aid flows from DAC donors, United States (current US$)",DC.DAC.USAL.CD,18000000,6000000,16000000,18000000,10000000,23000000,2000000,3000000,790000.021457672,15770000.4577637,959999.978542328,4849999.90463257,21170000.0762939,49020000.4577637,43790000.9155273,54790000.9155273,46580001.8310547,25879999.1607666,30239999.7711182,47549999.2370605,43029998.7792969,47409999.8474121,41909999.8474121,36009998.3215332,40290000.9155273,41969520.5688477,388554077.148438,64041458.1298828,50023590.0878906,62707454.6813965,62338302.6123047,61560779.5715332,57130802.154541,87159477.2338867,..,..
Cabo Verde,CPV,"Net bilateral aid flows from DAC donors, United States (current US$)",DC.DAC.USAL.CD,5000000,5000000,5000000,4000000,5000000,6000000,7000000,8000000,5239999.77111816,3000000,2900000.09536743,4280000.20980835,5010000.22888184,5650000.09536743,6690000.05722046,12149999.6185303,7090000.15258789,7099999.90463257,23799999.2370605,36409999.8474121,36729999.5422363,8819999.69482422,3240000.00953674,5139999.8664856,6579999.92370605,11761274.3377686,18930744.1711426,24878200.5310059,3905319.92912292,1047335.98232269,472800.999879837,1556949.97310638,2370434.04579163,2077214.95628357,..,..
Cambodia,KHM,"Net bilateral aid flows from DAC donors, United States (current US$)",DC.DAC.USAL.CD,5000000,6000000,13000000,29000000,16000000,33000000,28000000,30000000,32470001.2207031,14109999.6566772,21459999.0844727,22440000.5340576,44400001.5258789,51220001.2207031,48139999.3896484,70360000.6103516,57869998.9318848,87220001.2207031,69779998.7792969,68559997.5585938,84099998.4741211,72739997.8637695,86389999.3896484,75550003.0517578,79959999.0844727,86047279.3579102,87055976.8676758,91130897.5219727,101924583.435059,89132591.2475586,113784492.492676,108625801.086426,109194923.400879,120587898.254395,..,..
Cameroon,CMR,"Net bilateral aid flows from DAC donors, United States (current US$)",DC.DAC.USAL.CD,39000000,53000000,28000000,22000000,8000000,3000000,1000000,2000000,7019999.98092651,4480000.01907349,2529999.97138977,4780000.20980835,13100000.3814697,16870000.8392334,17200000.7629395,13750000,13550000.1907349,30649999.6185303,16090000.1525879,31420000.0762939,18379999.1607666,19319999.6948242,26719999.3133545,36479999.5422363,40650001.5258789,81301689.1479492,78821311.9506836,84700332.6416016,109703559.875488,88858856.2011719,201084152.22168,141055496.21582,162000457.763672,161487350.463867,..,..
Canada,CAN,"Net bilateral aid flows from DAC donors, United States (current US$)",DC.DAC.USAL.CD,..,..,..,..,..,..,..,..,..,..,..,..,..,..,..,..,..,..,..,..,..,..,..,..,..,..,..,..,..,..,..,..,..,..,..,..
Caribbean small states,CSS,"Net bilateral aid flows from DAC donors, United States (current US$)",DC.DAC.USAL.CD,101000000,66000000,89000000,78000000,57000000,45000000,11000000,-3000000,400000.128895028,719999.575987386,-11809999.8440594,10149999.87185,3010000.57160848,16980000.2444535,42089999.3851782,45290001.0123849,38559999.383986,9449999.22998246,26019999.6512383,27339999.8135865,21449999.358505,19650000.0990927,20040000.8987635,23200000.3773719,21630000.1330674,21239999.7189641,23960000.3883242,33450000.1035631,40159999.9722093,27210000.8782,19649999.8793006,38589999.2939084,47949999.7291714,..,..,..
Cayman Islands,CYM,"Net bilateral aid flows from DAC donors, United States (current US$)",DC.DAC.USAL.CD,..,..,..,..,..,..,..,..,..,..,..,..,..,..,239999.994635582,..,..,..,..,..,..,..,..,..,..,..,..,..,..,..,..,..,..,..,..,..
Central African Republic,CAF,"Net bilateral aid flows from DAC donors, United States (current US$)",DC.DAC.USAL.CD,3000000,4000000,3000000,3000000,10000000,3000000,2000000,..,340000.003576279,920000.016689301,1110000.01430511,2430000.0667572,829999.983310699,319999.992847443,11949999.8092651,17469999.3133545,20950000.7629395,18379999.1607666,34159999.8474121,30520000.4577637,20440000.5340576,11909999.8474121,15399999.6185303,31840000.1525879,62049999.2370605,68072311.4013672,79264884.9487305,61460731.5063477,56230358.1237793,103968803.405762,130245895.385742,122111190.795898,144609207.15332,124425300.598145,..,..
Central Europe and the Baltics,CEB,"Net bilateral aid flows from DAC donors, United States (current US$)",DC.DAC.USAL.CD,338000000,1588000000,318000000,82000000,901000000,39000000,119000000,43000000,58890000.1235306,134410000.383854,234060000.777244,125840002.954006,155969996.213913,140480000.61512,133290002.584457,22889999.3896484,30940000.5340576,21139999.3896484,7389999.8664856,3700000.04768372,-29999.9993294477,..,..,..,..,..,..,..,..,..,..,..,..,..,..,..
Chad,TCD,"Net bilateral aid flows from DAC donors, United States (current US$)",DC.DAC.USAL.CD,18000000,18000000,24000000,18000000,8000000,12000000,2000000,5000000,3940000.05722046,3150000.09536743,4110000.1335144,4530000.20980835,7010000.22888184,7969999.79019165,47439998.626709,60849998.4741211,37159999.8474121,59590000.1525879,80709999.0844727,169630004.882813,139210006.713867,111279998.779297,112470001.220703,110879997.253418,49990001.6784668,78961135.8642578,75243171.6918945,35130268.0969238,93385177.6123047,65407440.1855469,88144027.7099609,111736633.300781,66694992.0654297,74240440.3686523,..,..
Channel Islands,CHI,"Net bilateral aid flows from DAC donors, United States (current US$)",DC.DAC.USAL.CD,..,..,..,..,..,..,..,..,..,..,..,..,..,..,..,..,..,..,..,..,..,..,..,..,..,..,..,..,..,..,..,..,..,..,..,..
Chile,CHL,"Net bilateral aid flows from DAC donors, United States (current US$)",DC.DAC.USAL.CD,-28000000,-25000000,-30000000,-1000000,-27000000,-49000000,-3000000,-3000000,-4639999.8664856,-5239999.77111816,-19049999.2370605,-18120000.8392334,-18440000.5340576,-3019999.98092651,-1740000.00953674,-119999.997317791,-310000.002384186,-1059999.94277954,949999.988079071,1840000.0333786,13109999.6566772,3700000.04768372,1669999.95708466,1509999.99046326,2779999.97138977,1539451.00307465,1420479.05921936,1245569.94438171,..,..,..,..,..,..,..,..
China,CHN,"Net bilateral aid flows from DAC donors, United States (current US$)",DC.DAC.USAL.CD,..,..,..,..,..,..,..,..,400000.005960464,38250000,1570000.05245209,4840000.15258789,16989999.7711182,25629999.1607666,21489999.7711182,23170000.0762939,18870000.8392334,40799999.2370605,65220001.2207031,52880001.0681152,85720001.2207031,48979999.5422363,49380001.0681152,42459999.0844727,32139999.3896484,33415340.423584,46086158.7524414,38867099.7619629,31325439.453125,35124298.0957031,21824890.1367188,14058520.3170776,7247227.19192505,10176299.0951538,..,..
Colombia,COL,"Net bilateral aid flows from DAC donors, United States (current US$)",DC.DAC.USAL.CD,-19000000,-3000000,34000000,..,-33000000,21000000,17000000,23000000,47990001.6784668,183820007.324219,105139999.389648,274739990.234375,306260009.765625,670849975.585938,375559997.558594,448940002.441406,719750000,403500000,636090026.855469,652340026.855469,197600006.103516,495739990.234375,323470001.220703,293480010.986328,322160003.662109,381490936.279297,293425415.039063,304529663.085938,339214324.951172,433249969.482422,558759277.34375,673175109.863281,568795898.4375,635392517.089844,..,..
Comoros,COM,"Net bilateral aid flows from DAC donors, United States (current US$)",DC.DAC.USAL.CD,1000000,1000000,1000000,1000000,1000000,1000000,..,..,29999.9993294477,70000.0002980232,39999.9991059303,29999.9993294477,9999.99977648258,19999.9995529652,..,29999.9993294477,9999.99977648258,29999.9993294477,39999.9991059303,379999.995231628,400000.005960464,419999.986886978,219999.998807907,289999.99165535,330000.013113022,1060343.02711487,1031309.00859833,1433789.9684906,1258440.0177002,1618988.03710938,866701.006889343,765349.984169006,984278.976917267,1262644.05250549,..,..
"Congo, Dem. Rep.",COD,"Net bilateral aid flows from DAC donors, United States (current US$)",DC.DAC.USAL.CD,32000000,42000000,34000000,8000000,1000000,..,..,..,129999.995231628,11170000.0762939,12750000,20229999.5422363,79989997.8637695,1415449951.17188,189630004.882813,143639999.389648,838469970.703125,132440002.441406,196630004.882813,238690002.441406,272459991.455078,1283660034.17969,279459991.455078,317839996.337891,385059997.558594,769228027.34375,337183990.478516,442082916.259766,464977447.509766,646160339.355469,778094116.210938,898854614.257813,598397399.902344,1222046630.85938,..,..
"Congo, Rep.",COG,"Net bilateral aid flows from DAC donors, United States (current US$)",DC.DAC.USAL.CD,3000000,3000000,4000000,2000000,10000000,7000000,10000000,..,59999.9986588955,629999.995231628,3509999.99046326,10600000.3814697,5889999.8664856,4750000,349999.994039536,15069999.6948242,8979999.54223633,9600000.38146973,259999.990463257,9270000.45776367,25020000.4577637,2950000.04768372,12729999.5422363,10970000.2670288,1679999.94754791,2541806.93626404,4007446.76589966,2431200.02746582,9192819.59533691,7469379.90188599,16744941.7114258,19955619.8120117,12032168.3883667,13425687.789917,..,..
Costa Rica,CRI,"Net bilateral aid flows from DAC donors, United States (current US$)",DC.DAC.USAL.CD,93000000,61000000,15000000,21000000,-4000000,-19000000,-44000000,-32000000,-25510000.2288818,-34869998.9318848,-30559999.4659424,-29629999.1607666,-23729999.5422363,-21020000.4577637,-15050000.1907349,-12010000.2288818,-9600000.38146973,-2890000.10490417,-119999.997317791,-550000.011920929,-389999.985694885,5369999.88555908,5679999.82833862,5949999.80926514,9069999.69482422,8517141.34216309,8513154.02984619,9535300.25482178,10296079.6356201,11087310.7910156,24077045.4406738,32484409.3322754,37082042.6940918,44669826.5075684,..,..
Cote d'Ivoire,CIV,"Net bilateral aid flows from DAC donors, United States (current US$)",DC.DAC.USAL.CD,17000000,19000000,20000000,21000000,23000000,9000000,14000000,10000000,20809999.4659424,13840000.1525879,10000000,1950000.04768372,53060001.373291,62590000.1525879,31750000,23770000.4577637,30920000.0762939,37029998.7792969,88819999.6948242,230660003.662109,75930000.3051758,73540000.9155273,139309997.558594,257029998.779297,112319999.694824,69290832.5195313,145879776.000977,153437957.763672,184267562.866211,72775810.2416992,195026885.986328,188171356.201172,185864059.448242,278951812.744141,..,..
Croatia,HRV,"Net bilateral aid flows from DAC donors, United States (current US$)",DC.DAC.USAL.CD,..,..,..,..,11000000,7000000,10000000,3000000,1720000.02861023,10619999.8855591,11920000.0762939,28540000.9155273,49529998.7792969,45970001.2207031,45900001.5258789,22889999.3896484,30940000.5340576,21139999.3896484,7389999.8664856,3700000.04768372,-29999.9993294477,..,..,..,..,..,..,..,..,..,..,..,..,..,..,..
Cuba,CUB,"Net bilateral aid flows from DAC donors, United States (current US$)",DC.DAC.USAL.CD,..,..,..,..,..,..,..,..,..,..,1389999.98569489,3619999.88555908,4550000.19073486,10170000.0762939,10550000.1907349,9840000.15258789,13949999.8092651,12390000.3433228,11989999.7711182,20010000.2288818,16379999.1607666,12720000.2670288,12670000.0762939,10310000.4196167,15260000.2288818,7895974.15924072,9917925.83465576,9437700.27160645,10415619.8501587,13628878.5934448,10007895.4696655,8005880.35583496,5385272.02606201,7741189.00299072,..,..
Curacao,CUW,"Net bilateral aid flows from DAC donors, United States (current US$)",DC.DAC.USAL.CD,..,..,..,..,..,..,..,..,..,..,..,..,..,..,..,..,..,..,..,..,..,..,..,..,..,..,..,..,..,..,..,..,..,..,..,..
Cyprus,CYP,"Net bilateral aid flows from DAC donors, United States (current US$)",DC.DAC.USAL.CD,16000000,18000000,10000000,14000000,22000000,6000000,10000000,..,..,..,..,..,..,..,..,..,..,..,..,..,..,..,..,..,..,..,..,..,..,..,..,..,..,..,..,..
Czechia,CZE,"Net bilateral aid flows from DAC donors, United States (current US$)",DC.DAC.USAL.CD,..,699999.988079071,30000000,1000000,2000000,2000000,7000000,1000000,9999.99977648258,449999.988079071,..,500000,2490000.00953674,1570000.05245209,660000.026226044,..,..,..,..,..,..,..,..,..,..,..,..,..,..,..,..,..,..,..,..,..
Denmark,DNK,"Net bilateral aid flows from DAC donors, United States (current US$)",DC.DAC.USAL.CD,..,..,..,..,..,..,..,..,..,..,..,..,..,..,..,..,..,..,..,..,..,..,..,..,..,..,..,..,..,..,..,..,..,..,..,..
Djibouti,DJI,"Net bilateral aid flows from DAC donors, United States (current US$)",DC.DAC.USAL.CD,6000000,1000000,4000000,2000000,2000000,1000000,..,..,19999.9995529652,1389999.98569489,1139999.98569489,939999.997615814,2869999.88555908,4119999.88555908,6150000.09536743,7570000.17166138,10199999.8092651,10210000.038147,8539999.96185303,6349999.90463257,12039999.961853,15310000.4196167,8720000.26702881,9229999.54223633,8149999.61853027,5653204.91790771,6747498.98910522,11614939.6896362,9616649.62768555,24878290.1763916,20116786.9567871,21629209.5184326,20935176.8493652,24034357.0709229,..,..
Dominica,DMA,"Net bilateral aid flows from DAC donors, United States (current US$)",DC.DAC.USAL.CD,..,..,..,..,..,..,..,..,59999.9986588955,109999.999403954,189999.997615814,319999.992847443,29999.9993294477,..,..,..,59999.9986588955,29999.9993294477,29999.9993294477,..,70000.0002980232,..,..,..,..,16497.9994297028,149391.993880272,508629.977703094,4763949.87106323,3749907.01675415,286884.009838104,1197970.03269196,36102.0006239414,247014.001011848,..,..
Dominican Republic,DOM,"Net bilateral aid flows from DAC donors, United States (current US$)",DC.DAC.USAL.CD,25000000,18000000,3000000,-77000000,6000000,-15000000,3000000,-18000000,-2430000.0667572,22500000,-18799999.2370605,29709999.0844727,15710000.038147,-6260000.22888184,-4099999.90463257,18920000.0762939,30260000.2288818,4519999.98092651,24780000.6866455,14119999.8855591,35419998.1689453,27790000.9155273,49459999.0844727,36430000.3051758,26569999.6948242,20598367.69104,45611091.6137695,60142848.9685059,58599170.6848145,50895301.8188477,53708160.4003906,72133377.0751953,71128044.128418,81671928.4057617,..,..
Early-demographic dividend,EAR,"Net bilateral aid flows from DAC donors, United States (current US$)",DC.DAC.USAL.CD,5472000000,6382000000,5189000000,3962000000,3898000000,2614000000,3695000000,2762000000,3020419979.00978,3457260018.792,3322729996.23232,3611530025.4114,4454739957.42202,4723120025.30135,4147469977.6955,3888669999.61622,3869340002.50138,3910440039.36648,5489469974.01863,6145369903.67435,7284319944.16193,7278380053.03219,6062770053.94921,7353469960.26673,7340550065.75585,6793229874.52522,7661440026.38757,8038540103.53238,8160940010.80841,7323099988.02282,8031000078.90165,9538899991.5868,8334690015.63453,..,..,..
East Asia & Pacific,EAS,"Net bilateral aid flows from DAC donors, United States (current US$)",DC.DAC.USAL.CD,357000000,279000000,242000000,441000000,565000000,331000000,201000000,180000000,270400006.16014,638030001.301318,493780000.714585,535199992.613867,778140003.178269,685250008.709729,541450001.372024,826580010.639504,725060004.333034,734759998.440742,931759994.853288,823510000.074282,872399995.487183,958910003.233701,998410008.171573,1113710017.20428,1117999996.96016,1050694442.39512,1132141640.81216,1351976985.21614,1089984039.30664,943984279.513359,1201544010.40077,1357885797.92157,1274114284.53805,1629501301.08744,..,..
East Asia & Pacific (excluding high income),EAP,"Net bilateral aid flows from DAC donors, United States (current US$)",DC.DAC.USAL.CD,357000000,279000000,242000000,441000000,565000000,331000000,201000000,180000000,270400006.16014,638030001.301318,493780000.714585,535199992.613867,778140003.178269,685250008.709729,541450001.372024,826580010.639504,725060004.333034,734759998.440742,931759994.853288,823510000.074282,872399995.487183,958910003.233701,998410008.171573,1113710017.20428,1117999996.96016,1050694442.39512,1132141640.81216,1351976985.21614,1089984039.30664,943984279.513359,1201544010.40077,1357885797.92157,1274114284.53805,1629501301.08744,..,..
East Asia & Pacific (IDA & IBRD countries),TEA,"Net bilateral aid flows from DAC donors, United States (current US$)",DC.DAC.USAL.CD,320000000,274000000,265000000,376000000,471000000,373000000,249000000,209000000,300040005.549789,521659995.19825,458590000.061318,520849992.232397,646460005.01886,623940007.336438,463460001.839325,602390003.429725,670040005.395189,640990001.082421,757650001.395494,770539999.091998,832439996.346832,843310004.044324,906600006.431342,998190015.912058,995099996.745586,921099994.9947,1002020010.70976,1167240019.97709,1030600007.89165,890089997.172356,1147120001.16706,1134229995.48912,1160310013.93497,..,..,..
Ecuador,ECU,"Net bilateral aid flows from DAC donors, United States (current US$)",DC.DAC.USAL.CD,27000000,22000000,21000000,19000000,21000000,13000000,12000000,13000000,4409999.84741211,14000000,47060001.373291,55200000.7629395,65029998.7792969,72589996.3378906,74480003.3569336,71330001.8310547,70139999.3896484,42659999.8474121,46360000.6103516,52069999.6948242,23139999.3896484,31079999.9237061,25590000.1525879,24940000.5340576,32220001.2207031,14668293.9529419,18120653.1524658,16621730.8044434,17309579.8492432,29935638.4277344,56976745.6054688,70766609.1918945,74729957.5805664,78461723.3276367,..,..
"Egypt, Arab Rep.",EGY,"Net bilateral aid flows from DAC donors, United States (current US$)",DC.DAC.USAL.CD,2346000000,2963000000,1662000000,939000000,685000000,626000000,725000000,542000000,810000000,666830017.089844,634820007.324219,630080017.089844,845849975.585938,441760009.765625,704469970.703125,401760009.765625,195600006.103516,462410003.662109,470779998.779297,185070007.324219,49389999.3896484,-98330001.8310547,-14850000.3814697,58459999.0844727,-173179992.675781,-154496948.242188,-129937042.236328,-177114089.96582,-68158859.2529297,-73760246.2768555,-112596641.540527,46795619.9645996,123851417.541504,217951599.121094,..,..
El Salvador,SLV,"Net bilateral aid flows from DAC donors, United States (current US$)",DC.DAC.USAL.CD,247000000,182000000,230000000,207000000,142000000,115000000,74000000,89000000,39959999.0844727,49380001.0681152,36639999.3896484,50900001.5258789,62009998.3215332,72919998.1689453,114760002.13623,47020000.4577637,24540000.9155273,39040000.9155273,42369998.9318848,82080001.8310547,148160003.662109,162440002.441406,150850006.103516,51090000.1525879,45369998.9318848,47465724.9450684,60431751.2512207,75668388.3666992,130233245.849609,185541641.235352,183276611.328125,92104019.1650391,96260116.5771484,154634429.931641,..,..
Equatorial Guinea,GNQ,"Net bilateral aid flows from DAC donors, United States (current US$)",DC.DAC.USAL.CD,1000000,2000000,..,..,..,..,..,1000000,959999.978542328,939999.997615814,29999.9993294477,860000.014305115,79999.9982118607,230000.004172325,29999.9993294477,189999.997615814,59999.9986588955,29999.9993294477,9999.99977648258,170000.001788139,129999.995231628,50000.0007450581,379999.995231628,230000.004172325,180000.007152557,189774.006605148,2044903.03993225,2060019.96994019,1169070.00541687,338847.011327744,68166.0026311874,273860.00752449,521323.025226593,114587.999880314,..,..
Eritrea,ERI,"Net bilateral aid flows from DAC donors, United States (current US$)",DC.DAC.USAL.CD,..,..,..,4000000,9000000,5000000,15000000,12000000,20200000.7629395,11470000.2670288,39490001.6784668,28930000.3051758,44939998.626709,91739997.8637695,95010002.1362305,141500000,6559999.94277954,1610000.01430511,3410000.08583069,3619999.88555908,949999.988079071,79999.9982118607,170000.001788139,189999.997615814,150000.005960464,80229.9976348877,136488.005518913,129710.003733635,751999.974250793,55773.9995419979,100000.001490116,..,..,..,..,..
Estonia,EST,"Net bilateral aid flows from DAC donors, United States (current US$)",DC.DAC.USAL.CD,..,..,24000000,..,..,..,1000000,..,..,879999.995231628,1799999.95231628,490000.009536743,-7719999.79019165,639999.985694885,2859999.89509583,..,..,..,..,..,..,..,..,..,..,..,..,..,..,..,..,..,..,..,..,..
Eswatini,SWZ,"Net bilateral aid flows from DAC donors, United States (current US$)",DC.DAC.USAL.CD,14000000,12000000,12000000,14000000,10000000,12000000,11000000,2000000,10260000.2288818,839999.973773956,219999.998807907,-140000.000596046,-180000.007152557,980000.019073486,1230000.01907349,1679999.94754791,1850000.02384186,3480000.01907349,8680000.30517578,15569999.6948242,23250000,45250000,43610000.6103516,38110000.6103516,43669998.1689453,35709568.0236816,56069221.496582,69295089.7216797,59549598.6938477,43630214.6911621,62094860.0769043,59234569.5495605,64419670.1049805,61007148.7426758,..,..
Ethiopia,ETH,"Net bilateral aid flows from DAC donors, United States (current US$)",DC.DAC.USAL.CD,50000000,88000000,65000000,125000000,122000000,70000000,56000000,60000000,53229999.5422363,77349998.4741211,129820007.324219,94419998.1689453,156429992.675781,567799987.792969,402299987.792969,608609985.351563,315779998.779297,371730010.986328,811369995.117188,726039978.027344,802630004.882813,659280029.296875,693400024.414063,678780029.296875,664840026.855469,746427490.234375,874894714.355469,1026682373.04688,821315856.933594,865980712.890625,794179626.464844,1324626586.91406,1437013427.73438,1612168212.89063,..,..
Euro area,EMU,"Net bilateral aid flows from DAC donors, United States (current US$)",DC.DAC.USAL.CD,16000000,18300000.0119209,98000000,39000000,41000000,20000000,40000000,7000000,29240000.01885,25720000.1180172,15600000.1132488,23080000.4303456,9640000.06020074,9690000.2360344,24470000.3862381,..,..,..,..,..,..,..,..,..,..,..,..,..,..,..,..,..,..,..,..,..
Europe & Central Asia,ECS,"Net bilateral aid flows from DAC donors, United States (current US$)",DC.DAC.USAL.CD,-60000000,243000000,-5000000,441000000,201000000,374000000,386000000,232000000,357690001.795068,546969991.68396,605729996.681213,830089991.748333,1531829988.3008,840810007.095337,810070002.555847,816040006.160736,1034750006.4373,900279994.145036,1360580015.2123,1344249986.46975,910949997.635558,771539991.378784,815219995.040447,892700001.487508,962750006.198883,808751220.941544,668387133.836746,756655972.957611,749386111.021042,742969758.868217,741156440.973282,932512475.013733,9836882347.10693,12841362077.2362,..,..
Europe & Central Asia (excluding high income),ECA,"Net bilateral aid flows from DAC donors, United States (current US$)",DC.DAC.USAL.CD,-60000000,243000000,-5000000,441000000,201000000,374000000,386000000,232000000,357690001.795068,546969991.68396,605729996.681213,830089991.748333,1531829988.3008,840810007.095337,810070002.555847,816040006.160736,1034750006.4373,900279994.145036,1360580015.2123,1344249986.46975,910949997.635558,771539991.378784,815219995.040447,892700001.487508,962750006.198883,808751220.941544,668387133.836746,756655972.957611,749386111.021042,742969758.868217,741156440.973282,932512475.013733,9836882347.10693,12841362077.2362,..,..
Europe & Central Asia (IDA & IBRD countries),TEC,"Net bilateral aid flows from DAC donors, United States (current US$)",DC.DAC.USAL.CD,261000000,1810000000,211000000,1454000000,1364000000,697000000,1151000000,625000000,998500000.77486,2265299976.82571,1983290023.80371,1834120017.52853,2759540016.17432,1675639992.60962,1707289985.35871,816040006.160736,906700007.200241,726539995.804429,1177220013.38005,1108789992.57088,890789997.788146,740929990.768432,773589994.430543,844780001.64032,903470007.419586,768170007.705688,636579990.625382,728039990.782738,711250005.245209,702440005.064011,699870005.130768,878980000.019073,9796559810.40001,..,..,..
European Union,EUU,"Net bilateral aid flows from DAC donors, United States (current US$)",DC.DAC.USAL.CD,354000000,1606000000,328000000,96000000,923000000,45000000,129000000,43000000,72669999.8565018,135330000.430346,242700000.971555,144200003.415346,168879996.135831,145130000.770092,148600003.004074,22889999.3896484,30940000.5340576,21139999.3896484,7389999.8664856,3700000.04768372,-29999.9993294477,..,..,..,..,..,..,..,..,..,..,..,..,..,..,..
Faroe Islands,FRO,"Net bilateral aid flows from DAC donors, United States (current US$)",DC.DAC.USAL.CD,..,..,..,..,..,..,..,..,..,..,..,..,..,..,..,..,..,..,..,..,..,..,..,..,..,..,..,..,..,..,..,..,..,..,..,..
Fiji,FJI,"Net bilateral aid flows from DAC donors, United States (current US$)",DC.DAC.USAL.CD,1000000,1000000,1000000,2000000,1000000,2000000,1000000,1000000,209999.993443489,..,..,9999.99977648258,100000.001490116,930000.007152557,1620000.00476837,939999.997615814,1340000.0333786,1210000.03814697,1269999.98092651,1940000.05722046,1809999.94277954,1860000.01430511,1710000.03814697,1919999.95708466,2029999.97138977,1841642.02213287,3522921.08535767,2492520.09391785,2293200.01602173,2828072.07107544,1932037.94956207,2580300.09269714,3087481.97555542,6296987.05673218,..,..
Finland,FIN,"Net bilateral aid flows from DAC donors, United States (current US$)",DC.DAC.USAL.CD,..,..,..,..,..,..,..,..,..,..,..,..,..,..,..,..,..,..,..,..,..,..,..,..,..,..,..,..,..,..,..,..,..,..,..,..
France,FRA,"Net bilateral aid flows from DAC donors, United States (current US$)",DC.DAC.USAL.CD,..,..,..,..,..,..,..,..,..,..,..,..,..,..,..,..,..,..,..,..,..,..,..,..,..,..,..,..,..,..,..,..,..,..,..,..
French Polynesia,PYF,"Net bilateral aid flows from DAC donors, United States (current US$)",DC.DAC.USAL.CD,..,..,..,..,..,..,..,..,..,..,..,..,..,..,..,..,..,..,..,..,..,..,..,..,..,..,..,..,..,..,..,..,..,..,..,..
Gabon,GAB,"Net bilateral aid flows from DAC donors, United States (current US$)",DC.DAC.USAL.CD,2000000,2000000,2000000,1000000,2000000,2000000,2000000,2000000,1860000.01430511,1700000.04768372,1340000.0333786,2250000,2259999.99046326,3480000.01907349,2880000.11444092,1789999.96185303,1129999.99523163,1049999.95231628,479999.989271164,1159999.9666214,1450000.04768372,1279999.97138977,2119999.88555908,5900000.09536743,6940000.05722046,8635178.565979,3211270.09391785,4847919.94094849,-1316319.94247437,-7311546.80252075,1076625.9431839,2428289.89028931,91387.003660202,2174318.07518005,..,..
"Gambia, The",GMB,"Net bilateral aid flows from DAC donors, United States (current US$)",DC.DAC.USAL.CD,12000000,6000000,9000000,12000000,8000000,6000000,4000000,5000000,4139999.8664856,2430000.0667572,3240000.00953674,1570000.05245209,2809999.94277954,3779999.97138977,3220000.02861023,1990000.00953674,4650000.09536743,1659999.9666214,12039999.961853,4949999.80926514,6260000.22888184,2539999.96185303,2250000,2819999.9332428,2000000,2328237.05673218,2417994.9760437,18688770.2941895,2598030.09033203,5561570.1675415,2703732.01370239,2772789.95513916,4574357.9864502,12401177.406311,..,..
Georgia,GEO,"Net bilateral aid flows from DAC donors, United States (current US$)",DC.DAC.USAL.CD,..,..,..,72000000,53000000,52000000,55000000,32000000,22030000.6866455,30209999.0844727,74580001.8310547,94339996.3378906,133309997.558594,74949996.9482422,92260002.1362305,72050003.0517578,103239997.86377,86779998.7792969,402100006.103516,279119995.117188,204419998.168945,164699996.948242,137059997.558594,175360000.610352,150169998.168945,90649833.6791992,80885223.3886719,93770477.2949219,98253860.4736328,93017791.7480469,69415176.3916016,70729713.4399414,59609310.1501465,104756874.084473,..,..
Germany,DEU,"Net bilateral aid flows from DAC donors, United States (current US$)",DC.DAC.USAL.CD,..,..,..,..,..,..,..,..,..,..,..,..,..,..,..,..,..,..,..,..,..,..,..,..,..,..,..,..,..,..,..,..,..,..,..,..
Ghana,GHA,"Net bilateral aid flows from DAC donors, United States (current US$)",DC.DAC.USAL.CD,13000000,25000000,27000000,46000000,53000000,54000000,30000000,44000000,34310001.373291,40880001.0681152,63340000.1525879,53520000.4577637,68870002.746582,83930000.3051758,80410003.6621094,66900001.5258789,68419998.1689453,70660003.6621094,79529998.7792969,150539993.286133,205710006.713867,303899993.896484,211250000,113680000.305176,139160003.662109,184977157.592773,227147827.148438,231909683.227539,217979736.328125,197770172.119141,205510437.011719,240641616.821289,161283767.700195,196889007.568359,..,..
Gibraltar,GIB,"Net bilateral aid flows from DAC donors, United States (current US$)",DC.DAC.USAL.CD,..,..,..,..,..,..,..,..,..,..,..,..,..,..,..,..,..,..,..,..,..,..,..,..,..,..,..,..,..,..,..,..,..,..,..,..
Greece,GRC,"Net bilateral aid flows from DAC donors, United States (current US$)",DC.DAC.USAL.CD,..,..,..,..,..,..,..,..,..,..,..,..,..,..,..,..,..,..,..,..,..,..,..,..,..,..,..,..,..,..,..,..,..,..,..,..
Greenland,GRL,"Net bilateral aid flows from DAC donors, United States (current US$)",DC.DAC.USAL.CD,..,..,..,..,..,..,..,..,..,..,..,..,..,..,..,..,..,..,..,..,..,..,..,..,..,..,..,..,..,..,..,..,..,..,..,..
Grenada,GRD,"Net bilateral aid flows from DAC donors, United States (current US$)",DC.DAC.USAL.CD,..,..,..,..,..,..,..,..,140000.000596046,109999.999403954,340000.003576279,189999.997615814,19999.9995529652,9999.99977648258,370000.004768372,7110000.1335144,1750000,129999.995231628,50000.0007450581,79999.9982118607,19999.9995529652,19999.9995529652,..,500000,..,4927.99980565906,497042.000293732,-39200.0004649162,1320.00003941357,4999.99988824129,..,..,..,49554.0015399456,..,..
Guam,GUM,"Net bilateral aid flows from DAC donors, United States (current US$)",DC.DAC.USAL.CD,..,..,..,..,..,..,..,..,..,..,..,..,..,..,..,..,..,..,..,..,..,..,..,..,..,..,..,..,..,..,..,..,..,..,..,..
Guatemala,GTM,"Net bilateral aid flows from DAC donors, United States (current US$)",DC.DAC.USAL.CD,88000000,75000000,106000000,72000000,54000000,37000000,-1000000,35000000,33049999.2370605,51750000,57959999.0844727,63599998.4741211,64730003.3569336,67940002.4414063,53540000.9155273,38360000.6103516,67250000,45709999.0844727,70349998.4741211,83889999.3896484,100500000,93080001.8310547,95489997.8637695,102669998.168945,126040000.915527,123495941.162109,133415069.580078,209684661.865234,199711212.158203,183478485.107422,149697891.235352,252409805.297852,222335403.442383,234156890.869141,..,..
Guinea,GIN,"Net bilateral aid flows from DAC donors, United States (current US$)",DC.DAC.USAL.CD,..,15000000,14000000,14000000,33000000,28000000,24000000,22000000,13840000.1525879,21790000.9155273,25680000.3051758,34909999.8474121,47650001.5258789,44369998.9318848,47650001.5258789,43599998.4741211,34849998.4741211,24739999.7711182,43310001.373291,34860000.6103516,21829999.9237061,16239999.7711182,19930000.3051758,27110000.6103516,41500000,76721069.3359375,125431365.966797,74041259.765625,78575897.2167969,60546131.1340332,43219493.8659668,43284000.3967285,37929885.8642578,48514328.0029297,..,..
Guinea-Bissau,GNB,"Net bilateral aid flows from DAC donors, United States (current US$)",DC.DAC.USAL.CD,7000000,4000000,4000000,4000000,6000000,6000000,6000000,11000000,10279999.7329712,3859999.89509583,560000.002384186,100000.001490116,3750000,2369999.88555908,109999.999403954,1379999.99523163,5539999.96185303,6300000.19073486,670000.016689301,1139999.98569489,6519999.98092651,1730000.01907349,11939999.5803833,8119999.88555908,2750000,3399895.90644836,8690336.22741699,10341090.2023315,3447139.97840881,750850.975513458,4916618.82400513,6213379.85992432,4376967.9069519,5326470.85189819,..,..
Guyana,GUY,"Net bilateral aid flows from DAC donors, United States (current US$)",DC.DAC.USAL.CD,-17000000,2000000,9000000,7000000,6000000,8000000,11000000,21000000,11789999.961853,15199999.8092651,7579999.92370605,15750000,11510000.2288818,8390000.34332275,19709999.0844727,17600000.3814697,23549999.2370605,21139999.3896484,25569999.6948242,26079999.9237061,21639999.3896484,17920000.0762939,17040000.9155273,9720000.26702881,9489999.77111816,6445797.92022705,7685367.10739136,6008170.12786865,5152530.19332886,3727183.1035614,2509546.99516296,5891180.03845215,4757969.85626221,3335758.92448425,..,..
Haiti,HTI,"Net bilateral aid flows from DAC donors, United States (current US$)",DC.DAC.USAL.CD,50000000,66000000,38000000,57000000,541000000,382000000,67000000,88000000,82930000.3051758,91730003.3569336,91040000.9155273,81110000.6103516,69879997.253418,94739997.8637695,91230003.3569336,140600006.103516,190710006.713867,202240005.493164,259089996.337891,319559997.558594,1077900024.41406,599820007.324219,424089996.337891,400480010.986328,312440002.441406,398958099.365234,424702636.71875,416786895.751953,334046081.542969,224513412.475586,269924163.818359,258227355.957031,261167938.232422,340343353.271484,..,..
Heavily indebted poor countries (HIPC),HPC,"Net bilateral aid flows from DAC donors, United States (current US$)",DC.DAC.USAL.CD,1288000000,1494000000,1425000000,1544000000,2023000000,1348000000,697000000,924000000,808729996.973649,1123650006.1918,1205160003.46094,1285299995.73343,2192609965.93721,4429679954.39657,3533729969.33758,4815810025.73483,5517959959.72492,4914090073.36014,7095350040.36874,8400189921.52811,8983240101.44547,10009699994.9068,8526300109.93779,8131329959.57136,7492630027.11535,8112229876.02652,8315540045.20551,8429620030.9284,8116239981.75189,7965669931.96309,8632260016.03157,10281279995.7078,9407220056.30471,..,..,..
High income,HIC,"Net bilateral aid flows from DAC donors, United States (current US$)",DC.DAC.USAL.CD,1488000000,1391000000,2000000000,1394000000,1473000000,375000000,2237000000,-32000000,15060003.2825023,-54869999.8538941,-26419998.1633574,14400000.0804663,33129999.1477281,47630001.0643899,67620000.8690357,47519999.9231845,76019998.2076883,67629999.2948771,76850000.2641231,80490000.01885,65279998.6116588,60370000.0979006,40730001.507327,44000000.3650784,38069999.1807342,25990494.441241,26569731.2951088,37214740.7028824,91514762.096107,26317882.6570511,36407824.6541321,78341418.556869,84908190.7272339,104177515.745163,..,..
Honduras,HND,"Net bilateral aid flows from DAC donors, United States (current US$)",DC.DAC.USAL.CD,215000000,112000000,87000000,68000000,42000000,46000000,27000000,28000000,49180000.3051758,86080001.8310547,110290000.915527,201259994.506836,97250000,70110000.6103516,112080001.831055,88379997.253418,84099998.4741211,71099998.4741211,96330001.8310547,128759994.506836,100839996.337891,46360000.6103516,52650001.5258789,90910003.6621094,80449996.9482422,110377380.371094,107291992.1875,120310256.958008,161375762.939453,126280746.459961,85374504.0893555,174671905.517578,138821685.791016,217314361.572266,..,..
"Hong Kong SAR, China",HKG,"Net bilateral aid flows from DAC donors, United States (current US$)",DC.DAC.USAL.CD,..,..,..,..,..,..,..,..,..,..,..,..,..,..,..,..,..,..,..,..,..,..,..,..,..,..,..,..,..,..,..,..,..,..,..,..
Hungary,HUN,"Net bilateral aid flows from DAC donors, United States (current US$)",DC.DAC.USAL.CD,1000000,2000000,38000000,2000000,3000000,4000000,10000000,1000000,2130000.11444092,5110000.1335144,1980000.01907349,2509999.99046326,1879999.99523163,1490000.00953674,1509999.99046326,..,..,..,..,..,..,..,..,..,..,..,..,..,..,..,..,..,..,..,..,..
IBRD only,IBD,"Net bilateral aid flows from DAC donors, United States (current US$)",DC.DAC.USAL.CD,3916000000,6213000000,2630000000,3307000000,3020000000,2247000000,2343000000,1766000000,2440480001.82211,3874249994.49775,3526960029.53686,3610000025.75666,5140240004.56929,6547119948.18598,7194889951.83073,14383910041.5427,8366769833.81435,6924780103.38359,7288000030.58091,6569260048.83088,5332299965.10967,5651800069.26134,4853250026.63769,4553150000.43064,4791469985.12,4218109972.74332,4243559948.90258,4785839999.95887,5231760020.77759,5030230070.58725,5762580043.98272,6501489973.93995,14113629758.1214,..,..,..
Iceland,ISL,"Net bilateral aid flows from DAC donors, United States (current US$)",DC.DAC.USAL.CD,..,..,..,..,..,..,..,..,..,..,..,..,..,..,..,..,..,..,..,..,..,..,..,..,..,..,..,..,..,..,..,..,..,..,..,..
IDA & IBRD total,IBT,"Net bilateral aid flows from DAC donors, United States (current US$)",DC.DAC.USAL.CD,5756000000,8109000000,4387000000,5284000000,5390000000,3773000000,3199000000,2745000000,3410140003.34777,5452869994.64966,5195650027.48184,6114040032.50972,8212649966.92725,11591889899.1421,11475119929.2336,20261460070.8727,15856599794.9168,13428400180.8595,16423950069.9174,17594289972.4823,17329610005.5687,19093890104.454,16990230150.5767,17308549888.0558,16943710056.9122,16841979756.1001,17150239996.5003,18635680023.8546,18876440048.9423,17921509942.3397,20029200079.5081,23017719948.6233,29373909819.7743,..,..,..
IDA blend,IDB,"Net bilateral aid flows from DAC donors, United States (current US$)",DC.DAC.USAL.CD,349000000,282000000,244000000,166000000,53000000,8000000,-42000000,-14000000,35009999.1187454,173359999.801964,227779998.449609,935410016.888753,560829996.664077,466350001.173094,483020003.877581,720760002.722964,1686449996.56826,1232020000.98117,1470890006.26467,1927760004.77746,2485769938.73343,2644500041.44385,2104750002.04332,2323169955.30762,2272600014.586,2233159967.34053,2301279983.46835,2458709993.88583,2507689991.19662,2067969972.88428,2479129965.65178,2442910014.29968,2106820001.55002,..,..,..
IDA only,IDX,"Net bilateral aid flows from DAC donors, United States (current US$)",DC.DAC.USAL.CD,1491000000,1614000000,1513000000,1811000000,2317000000,1518000000,898000000,993000000,934650002.40691,1405260000.34995,1440909999.49537,1568629989.8643,2511579965.69388,4578419949.78302,3797209973.52526,5156790026.607,5803379964.53419,5271600076.49474,7665060033.07179,9097269918.87391,9511540101.72561,10797589993.7488,10032230121.8957,10432229932.3175,9879640057.20616,10390709816.0163,10605400064.1294,11391130030.0099,11136990036.9681,10823309898.8682,11787490069.8736,14073319960.3837,13153460060.1029,..,..,..
IDA total,IDA,"Net bilateral aid flows from DAC donors, United States (current US$)",DC.DAC.USAL.CD,1840000000,1896000000,1757000000,1977000000,2370000000,1526000000,856000000,979000000,969660001.525655,1578620000.15192,1668689997.94498,2504040006.75306,3072409962.35795,5044769950.95611,4280229977.40284,5877550029.32996,7489829961.10246,6503620077.47591,9135950039.33646,11025029923.6514,11997310040.459,13442090035.1927,12136980123.939,12755399887.6251,12152240071.7922,12623869783.3568,12906680047.5977,13849840023.8957,13644680028.1648,12891279871.7525,14266620035.5254,16516229974.6834,15260280061.6529,..,..,..
India,IND,"Net bilateral aid flows from DAC donors, United States (current US$)",DC.DAC.USAL.CD,-24000000,27000000,11000000,20000000,6000000,16000000,6000000,29000000,3029999.97138977,8130000.11444092,14550000.1907349,-17309999.4659424,-3789999.96185303,35979999.5422363,50509998.3215332,57130001.0681152,96839996.3378906,84870002.746582,52060001.373291,48119998.9318848,62799999.2370605,82819999.6948242,57700000.7629395,71940002.4414063,78169998.1689453,60454208.3740234,91074348.449707,109887222.290039,117840927.124023,72198707.5805664,68011726.3793945,132343399.047852,194585723.876953,180197463.989258,..,..
Indonesia,IDN,"Net bilateral aid flows from DAC donors, United States (current US$)",DC.DAC.USAL.CD,31000000,18000000,-1000000,-6000000,-17000000,-7000000,-57000000,-51000000,36580001.8310547,207259994.506836,174190002.441406,141009994.506836,225750000,210880004.882813,68870002.746582,155639999.389648,190100006.103516,117339996.337891,115120002.746582,121290000.915527,177360000.610352,154490005.493164,127970001.220703,149610000.610352,152690002.441406,130528030.395508,216570983.886719,356514068.603516,215130935.668945,102760162.353516,128342575.073242,108918952.941895,105613639.831543,162071258.544922,..,..
"Iran, Islamic Rep.",IRN,"Net bilateral aid flows from DAC donors, United States (current US$)",DC.DAC.USAL.CD,..,-25000000,..,..,..,..,-21000000,..,..,..,..,..,230000.004172325,529999.971389771,4750000,3789999.96185303,2299999.95231628,2190000.05722046,2700000.04768372,730000.019073486,1559999.94277954,1309999.94277954,949999.988079071,589999.973773956,1039999.96185303,674799.978733063,3315562.96348572,476999.998092651,5476409.91210938,1386000.0371933,..,..,..,..,..,..
Iraq,IRQ,"Net bilateral aid flows from DAC donors, United States (current US$)",DC.DAC.USAL.CD,..,336000000,..,..,112000000,133000000,108000000,..,-39999.9991059303,..,..,..,39999.9991059303,1549329956.05469,3021989990.23438,11227790039.0625,4781819824.21875,3749340087.89063,2741989990.23438,2346310058.59375,1609609985.35156,1274790039.0625,582690002.441406,483820007.324219,356589996.337891,346030578.613281,415112030.029297,412057128.90625,555464660.644531,597150512.695313,533805786.132813,461333679.199219,282426361.083984,303043090.820313,..,..
Ireland,IRL,"Net bilateral aid flows from DAC donors, United States (current US$)",DC.DAC.USAL.CD,..,..,..,..,..,..,..,..,..,..,..,..,..,..,..,..,..,..,..,..,..,..,..,..,..,..,..,..,..,..,..,..,..,..,..,..
Isle of Man,IMN,"Net bilateral aid flows from DAC donors, United States (current US$)",DC.DAC.USAL.CD,..,..,..,..,..,..,..,..,..,..,..,..,..,..,..,..,..,..,..,..,..,..,..,..,..,..,..,..,..,..,..,..,..,..,..,..
Israel,ISR,"Net bilateral aid flows from DAC donors, United States (current US$)",DC.DAC.USAL.CD,1296000000,1261000000,1900000000,1243000000,1245000000,328000000,2253000000,..,..,..,..,..,..,..,..,..,..,..,..,..,..,..,..,..,..,..,..,..,..,..,..,..,..,..,..,..
Italy,ITA,"Net bilateral aid flows from DAC donors, United States (current US$)",DC.DAC.USAL.CD,..,..,..,..,..,..,..,..,..,..,..,..,..,..,..,..,..,..,..,..,..,..,..,..,..,..,..,..,..,..,..,..,..,..,..,..
Jamaica,JAM,"Net bilateral aid flows from DAC donors, United States (current US$)",DC.DAC.USAL.CD,104000000,54000000,66000000,60000000,43000000,28000000,-7000000,-23000000,-11659999.8474121,-15300000.1907349,-26149999.6185303,-17840000.1525879,-10989999.7711182,1179999.94754791,11640000.3433228,17770000.4577637,9380000.11444092,-5539999.96185303,-889999.985694885,-2049999.95231628,-3799999.95231628,-490000.009536743,2089999.91416931,1340000.0333786,10270000.4577637,13911216.7358398,14102461.8148804,23485660.5529785,27567829.1320801,16946847.9156494,13372974.395752,24482690.8111572,33409019.4702148,44909908.2946777,..,..
Japan,JPN,"Net bilateral aid flows from DAC donors, United States (current US$)",DC.DAC.USAL.CD,..,..,..,..,..,..,..,..,..,..,..,..,..,..,..,..,..,..,..,..,..,..,..,..,..,..,..,..,..,..,..,..,..,..,..,..
Jordan,JOR,"Net bilateral aid flows from DAC donors, United States (current US$)",DC.DAC.USAL.CD,58000000,33000000,59000000,52000000,34000000,107000000,45000000,65000000,139880004.882813,170199996.948242,187759994.506836,155880004.882813,286809997.558594,948440002.441406,373970001.220703,353329986.572266,329500000,259510009.765625,384049987.792969,394609985.351563,368399993.896484,441670013.427734,546960021.972656,527179992.675781,1183449951.17188,809685791.015625,873982116.699219,894962463.378906,1134971557.61719,1106405029.29688,1212795288.08594,1267981933.59375,323788665.771484,1252230468.75,..,..
Kazakhstan,KAZ,"Net bilateral aid flows from DAC donors, United States (current US$)",DC.DAC.USAL.CD,..,..,2000000,9000000,12000000,8000000,63000000,37000000,61889999.3896484,44549999.2370605,58299999.2370605,56009998.3215332,74010002.1362305,47810001.373291,56389999.3896484,51580001.8310547,51500000,77650001.5258789,157570007.324219,97309997.5585938,70519996.6430664,21579999.9237061,22309999.4659424,29459999.0844727,30469999.3133545,18666004.1809082,13534259.7961426,19915660.8581543,18705230.7128906,15862992.2866821,14075244.9035645,15332070.350647,14262052.5360107,15798454.284668,..,..
Kenya,KEN,"Net bilateral aid flows from DAC donors, United States (current US$)",DC.DAC.USAL.CD,95000000,63000000,56000000,38000000,29000000,36000000,11000000,17000000,29770000.4577637,38919998.1689453,45880001.0681152,43409999.8474121,102430000.305176,111220001.220703,140869995.117188,153259994.506836,282380004.882813,325220001.220703,439429992.675781,590210021.972656,562000000,712090026.855469,818260009.765625,893630004.882813,807369995.117188,711729614.257813,805718261.71875,855409667.96875,829231445.3125,685357849.121094,679416931.152344,701439453.125,590766296.386719,821621093.75,..,..
Kiribati,KIR,"Net bilateral aid flows from DAC donors, United States (current US$)",DC.DAC.USAL.CD,..,..,..,..,..,..,..,..,560000.002384186,680000.007152557,479999.989271164,810000.002384186,980000.019073486,870000.004768372,1320000.05245209,839999.973773956,769999.980926514,709999.978542328,469999.998807907,19999.9995529652,..,..,..,..,..,50000.0007450581,..,..,..,..,217465.996742249,221379.995346069,421539.99209404,341504.991054535,..,..
"Korea, Dem. People's Rep.",PRK,"Net bilateral aid flows from DAC donors, United States (current US$)",DC.DAC.USAL.CD,..,..,..,..,..,..,..,..,..,146320007.324219,1580000.04291534,250000,131169998.168945,42900001.5258789,55709999.0844727,7909999.84741211,400000.005960464,32509998.3215332,141039993.286133,13489999.7711182,5429999.82833862,2049999.95231628,2359999.89509583,1870000.00476837,2059999.94277954,2003874.06349182,2142160.89248657,..,3105999.94659424,3444143.05686951,..,7699.99995827675,261.999986832961,..,..,..
"Korea, Rep.",KOR,"Net bilateral aid flows from DAC donors, United States (current US$)",DC.DAC.USAL.CD,-31000000,-29000000,-40000000,-42000000,-43000000,-42000000,-54000000,-44000000,-43779998.7792969,-43970001.2207031,..,..,..,..,..,..,..,..,..,..,..,..,..,..,..,..,..,..,..,..,..,..,..,..,..,..
Kosovo,XKX,"Net bilateral aid flows from DAC donors, United States (current US$)",DC.DAC.USAL.CD,..,..,..,..,..,..,..,..,..,..,..,..,..,..,..,..,..,..,..,207440002.441406,8630000.11444092,18290000.9155273,98610000.6103516,75639999.3896484,65440002.4414063,45685680.3894043,63119102.4780273,50030628.2043457,48488349.9145508,38910350.7995605,39002716.0644531,55262031.5551758,68727485.6567383,65095176.6967773,..,..
Kuwait,KWT,"Net bilateral aid flows from DAC donors, United States (current US$)",DC.DAC.USAL.CD,..,..,..,..,..,..,..,..,..,..,..,..,..,..,..,..,..,..,..,..,..,..,..,..,..,..,..,..,..,..,..,..,..,..,..,..
Kyrgyz Republic,KGZ,"Net bilateral aid flows from DAC donors, United States (current US$)",DC.DAC.USAL.CD,..,..,1000000,59000000,22000000,19000000,28000000,8000000,29950000.7629395,30170000.0762939,24620000.8392334,28079999.9237061,51659999.8474121,40060001.373291,39900001.5258789,40759998.3215332,50319999.6948242,39819999.6948242,63630001.0681152,52479999.5422363,57290000.9155273,64019996.6430664,56020000.4577637,65069999.6948242,49310001.373291,49542118.0725098,45025886.5356445,52356849.6704102,46986240.3869629,47927753.4484863,44842781.0668945,47853420.2575684,43431953.4301758,60098545.0744629,..,..
Lao PDR,LAO,"Net bilateral aid flows from DAC donors, United States (current US$)",DC.DAC.USAL.CD,..,..,1000000,..,..,2000000,3000000,2000000,7670000.07629395,6030000.20980835,2700000.04768372,4519999.98092651,8529999.73297119,6800000.19073486,3519999.98092651,7360000.1335144,4269999.98092651,1399999.97615814,3150000.09536743,7440000.05722046,12819999.6948242,11930000.3051758,8550000.19073486,9340000.15258789,18420000.0762939,25330526.3519287,32471572.8759766,44596069.3359375,55316761.0168457,54066177.3681641,63321170.8068848,69308273.3154297,90008132.9345703,113598564.147949,..,..
Late-demographic dividend,LTE,"Net bilateral aid flows from DAC donors, United States (current US$)",DC.DAC.USAL.CD,696000000,1873300000.01192,142000000,1293000000,1413000000,421000000,739000000,446000000,691399994.067847,1886209990.27416,1567030019.55338,1567359998.55585,2468210032.9604,2085549970.12392,1872389980.68124,1168300006.66715,1465849999.21545,1289479995.58225,2252840044.93617,1806050017.63813,1297639998.5943,1534379989.99655,1676840002.34306,1553720007.13088,1206760004.41238,1278989993.46979,1027849997.25595,1167649996.31047,1238990003.78512,1440960005.84215,1592400012.83959,1978570006.94424,1780869978.39808,..,..,..
Latin America & Caribbean,LCN,"Net bilateral aid flows from DAC donors, United States (current US$)",DC.DAC.USAL.CD,1199000000,1270000000,687000000,702000000,1079000000,797000000,354000000,559000000,497740000.281483,669570015.156642,1111599991.87663,1202119987.09291,1094310003.39426,1670579974.90652,1645470011.42055,1502360004.65788,1880219995.68492,1320700005.07124,1783890020.7039,1950190011.63915,2275520025.28869,2256069985.03581,1808130010.11126,1628360022.92298,1648340010.67653,1875121895.91629,1773040164.12422,1948859049.91813,1993761221.57113,1894543217.67855,2039160144.75375,2356864920.89927,2285782177.59542,2849027596.90955,..,..
Latin America & Caribbean (excluding high income),LAC,"Net bilateral aid flows from DAC donors, United States (current US$)",DC.DAC.USAL.CD,1199000000,1268000000,687000000,702000000,1079000000,797000000,354000000,559000000,497740000.281483,669570015.156642,1111599991.87663,1202119987.09291,1094310003.39426,1670579974.90652,1645470011.42055,1502360004.65788,1880219995.68492,1320700005.07124,1783890020.7039,1950190011.63915,2275520025.28869,2256069985.03581,1808130010.11126,1628340022.92342,1648340010.67653,1875121895.91629,1773040164.12422,1948859049.91813,1993761221.57113,1894543217.67855,2039160144.75375,2356864920.89927,2285782177.59542,2849027596.90955,..,..
Latin America & the Caribbean (IDA & IBRD countries),TLA,"Net bilateral aid flows from DAC donors, United States (current US$)",DC.DAC.USAL.CD,1168000000,1241000000,660000000,679000000,1044000000,781000000,355000000,541000000,492920000.109822,609030016.835779,593190000.424161,1078499989.91191,1047060002.90811,1596139975.41554,1239460012.44336,1410560006.48439,1795069996.36441,1244840003.388,1699060020.78019,1852450011.77862,2189700026.43391,2164759986.52354,1639620007.97503,1477040022.73269,1428460009.60842,1602129968.41222,1458600001.80453,1662459989.7787,1724799990.18274,1680509986.5254,1932540024.54132,2250409993.74352,2130840003.17194,..,..,..
Latvia,LVA,"Net bilateral aid flows from DAC donors, United States (current US$)",DC.DAC.USAL.CD,..,..,24000000,1000000,2000000,1000000,4000000,2000000,2079999.92370605,3809999.94277954,1149999.97615814,1710000.03814697,810000.002384186,1450000.04768372,2769999.98092651,..,..,..,..,..,..,..,..,..,..,..,..,..,..,..,..,..,..,..,..,..
Least developed countries: UN classification,LDC,"Net bilateral aid flows from DAC donors, United States (current US$)",DC.DAC.USAL.CD,1091000000,1009000000,1155000000,1423000000,1963000000,1261000000,599000000,727000000,628309996.502474,1033069996.52274,1042360004.31329,985279997.369275,2078769963.45632,4230349952.51336,3423819964.06429,4645300024.15367,5303769965.23514,4797440076.48342,7000580042.03066,8009019927.74383,8916900096.3755,10063030007.0383,9122870114.90763,8838309959.88846,8633110034.94263,9116749849.99747,9323600035.92447,10004550019.9981,9629929995.33937,9654489888.44454,10290510057.8144,12280059978.6323,11689370049.2811,..,..,..
Lebanon,LBN,"Net bilateral aid flows from DAC donors, United States (current US$)",DC.DAC.USAL.CD,12000000,18000000,13000000,6000000,20000000,2000000,6000000,-1000000,680000.007152557,14670000.0762939,31829999.9237061,46819999.6948242,36180000.3051758,29600000.3814697,28829999.9237061,38299999.2370605,91370002.746582,127139999.389648,209580001.831055,136860000.610352,83800003.0517578,89069999.6948242,323549987.792969,99639999.3896484,121120002.746582,303495056.152344,138770919.799805,203062103.271484,180713912.963867,238706344.604492,246971405.029297,270818817.138672,291931976.318359,400264434.814453,..,..
Lesotho,LSO,"Net bilateral aid flows from DAC donors, United States (current US$)",DC.DAC.USAL.CD,14000000,10000000,12000000,5000000,5000000,11000000,3000000,2000000,1990000.00953674,1490000.00953674,1299999.95231628,1669999.95708466,5989999.77111816,2660000.08583069,3970000.02861023,2720000.02861023,3230000.01907349,19450000.7629395,13649999.6185303,24649999.6185303,57229999.5422363,98040000.9155273,123550003.051758,169830001.831055,38250000,26523021.697998,46806884.765625,73198417.6635742,85888671.875,54845771.7895508,77240776.0620117,83351211.5478516,71902656.5551758,84549110.4125977,..,..
Liberia,LBR,"Net bilateral aid flows from DAC donors, United States (current US$)",DC.DAC.USAL.CD,19000000,42000000,10000000,12000000,17000000,12000000,13000000,12000000,8670000.07629395,36400001.5258789,15869999.8855591,12609999.6566772,15079999.9237061,30209999.0844727,102510002.13623,86349998.4741211,88389999.3896484,102730003.356934,275989990.234375,96930000.3051758,127150001.525879,149270004.272461,175050003.051758,157929992.675781,209309997.558594,514062316.894531,399556091.308594,286128540.039063,229594757.080078,182504470.825195,178804183.959961,144494827.270508,119713920.593262,159467849.731445,..,..
Libya,LBY,"Net bilateral aid flows from DAC donors, United States (current US$)",DC.DAC.USAL.CD,..,..,..,..,..,..,..,..,..,..,..,..,..,..,..,129999.995231628,25110000.6103516,4030000.20980835,14260000.2288818,5650000.09536743,6599999.90463257,288950012.207031,38540000.9155273,12350000.3814697,20670000.0762939,20760103.225708,20113906.8603516,44636539.4592285,65594978.3325195,63741954.8034668,65583564.7583008,78209297.1801758,53199943.5424805,62695278.1677246,..,..
Liechtenstein,LIE,"Net bilateral aid flows from DAC donors, United States (current US$)",DC.DAC.USAL.CD,..,..,..,..,..,..,..,..,..,..,..,..,..,..,..,..,..,..,..,..,..,..,..,..,..,..,..,..,..,..,..,..,..,..,..,..
Lithuania,LTU,"Net bilateral aid flows from DAC donors, United States (current US$)",DC.DAC.USAL.CD,..,..,25000000,24000000,15000000,11000000,14000000,1000000,9260000.22888184,7809999.94277954,2039999.96185303,-1190000.05722046,-1509999.99046326,-1580000.04291534,1580000.04291534,..,..,..,..,..,..,..,..,..,..,..,..,..,..,..,..,..,..,..,..,..
Low & middle income,LMY,"Net bilateral aid flows from DAC donors, United States (current US$)",DC.DAC.USAL.CD,8144000000,9149000000,7662000000,7115000000,6963000000,5416000000,6841000000,4880000000,5883439941.40625,6784919921.875,7285229980.46875,8172840332.03125,10395040039.0625,14066940429.6875,15810070312.5,24938271484.375,20776880859.375,18479730468.75,22567130859.375,24366939453.125,25056759765.625,26570480468.75,24681330078.125,25633089843.75,26803849609.375,25875269531.25,27634423828.125,28931316406.25,29006673828.125,27878484375,28752742187.5,36721421875,50356152343.75,57296210937.5,..,..
Low income,LIC,"Net bilateral aid flows from DAC donors, United States (current US$)",DC.DAC.USAL.CD,654000000,579000000,709000000,946000000,950000000,551000000,252000000,334000000,316939995.55707,686970004.975796,522009993.910789,478609999.652952,1430099972.78452,2976719961.98967,2361989976.06151,3285630031.58569,4017179958.37331,3523950062.99019,5024810041.60643,5957439960.36053,5689520054.99601,7179079968.52696,6477000069.78214,6545209879.69637,6477780017.28654,6848527000.18883,6692298762.84301,6831066283.0323,6736590059.63802,6980128787.36481,7625797793.00839,9059589372.66842,8420202403.28493,9568679258.82339,..,..
Lower middle income,LMC,"Net bilateral aid flows from DAC donors, United States (current US$)",DC.DAC.USAL.CD,3974000000,4652000000,3129000000,2320000000,2304000000,1828000000,1442000000,1433000000,1704940010.59048,2048060017.66212,2113240003.44425,2972640033.86907,3160679973.73454,3622290030.71226,3308479963.76269,3269770007.04408,4391440003.75643,4051620016.46869,5326029995.16949,6083259973.4012,7209009955.42482,7236550035.26807,6748400049.62683,7905609948.93312,7293119983.64329,6719380129.41554,7432918430.14956,7722754900.80193,8104442889.506,6892576725.37677,7762925122.07478,8519444687.96253,6987000645.28082,9777008607.13422,..,..
Luxembourg,LUX,"Net bilateral aid flows from DAC donors, United States (current US$)",DC.DAC.USAL.CD,..,..,..,..,..,..,..,..,..,..,..,..,..,..,..,..,..,..,..,..,..,..,..,..,..,..,..,..,..,..,..,..,..,..,..,..
"Macao SAR, China",MAC,"Net bilateral aid flows from DAC donors, United States (current US$)",DC.DAC.USAL.CD,..,..,..,..,..,..,..,..,..,19999.9995529652,..,..,..,..,..,..,..,..,..,..,..,..,..,..,..,..,..,..,..,..,..,..,..,..,..,..
Madagascar,MDG,"Net bilateral aid flows from DAC donors, United States (current US$)",DC.DAC.USAL.CD,22000000,16000000,11000000,24000000,22000000,26000000,33000000,33000000,30340000.1525879,29090000.1525879,31629999.1607666,37159999.8474121,41669998.1689453,43180000.3051758,40680000.3051758,80599998.4741211,61130001.0681152,66900001.5258789,83849998.4741211,76580001.8310547,79089996.3378906,63959999.0844727,48970001.2207031,55759998.3215332,64230003.3569336,152072708.129883,116175155.639648,89361297.6074219,97846328.7353516,106046394.348145,121569190.979004,153455261.230469,175662841.796875,171580032.348633,..,..
Malawi,MWI,"Net bilateral aid flows from DAC donors, United States (current US$)",DC.DAC.USAL.CD,21000000,37000000,27000000,30000000,28000000,58000000,32000000,27000000,19729999.5422363,27819999.6948242,59319999.6948242,30549999.2370605,61150001.5258789,59509998.3215332,56750000,56340000.1525879,64019996.6430664,78980003.3569336,87720001.2207031,111410003.662109,118129997.253418,151619995.117188,179830001.831055,200190002.441406,181960006.713867,248633544.921875,370221130.371094,446897796.630859,442083892.822266,262725799.560547,319701141.357422,285391693.115234,300277984.619141,431212493.896484,..,..
Malaysia,MYS,"Net bilateral aid flows from DAC donors, United States (current US$)",DC.DAC.USAL.CD,..,..,..,..,..,..,..,..,..,..,150000.005960464,699999.988079071,1100000.02384186,2579999.92370605,1100000.02384186,1179999.94754791,3150000.09536743,2279999.97138977,5570000.17166138,16260000.2288818,18540000.9155273,10359999.6566772,6219999.79019165,5349999.90463257,4639999.8664856,4544661.99874878,4566884.04083252,3648619.89021301,5149849.8916626,10019462.5854492,9426484.10797119,16357370.3765869,6123627.18582153,8538983.34503174,..,..
Maldives,MDV,"Net bilateral aid flows from DAC donors, United States (current US$)",DC.DAC.USAL.CD,..,..,..,..,..,..,..,..,-90000.0035762787,200000.002980232,-90000.0035762787,-39999.9991059303,-90000.0035762787,-90000.0035762787,-90000.0035762787,1090000.0333786,370000.004768372,-79999.9982118607,-39999.9991059303,-50000.0007450581,860000.014305115,..,430000.007152557,9999.99977648258,449999.988079071,76485.9989285469,1367663.97953033,79369.9994683266,-35199.9998092651,1241332.05413818,1206109.04693604,5773119.92645264,4385953.90319824,1646265.02990723,..,..
Mali,MLI,"Net bilateral aid flows from DAC donors, United States (current US$)",DC.DAC.USAL.CD,30000000,38000000,30000000,37000000,29000000,31000000,5000000,38000000,28469999.3133545,34180000.3051758,56439998.626709,24760000.2288818,49229999.5422363,56020000.4577637,45500000,56849998.4741211,65000000,54000000,53270000.4577637,111250000,198210006.713867,260540008.544922,342269989.013672,158460006.713867,155289993.286133,162433868.408203,208311691.28418,218721954.345703,214426254.272461,222185348.510742,185337524.414063,222072006.225586,182729415.893555,238960174.560547,..,..
Malta,MLT,"Net bilateral aid flows from DAC donors, United States (current US$)",DC.DAC.USAL.CD,..,..,..,..,..,..,..,..,..,-150000.005960464,-159999.996423721,-159999.996423721,-170000.001788139,..,..,..,..,..,..,..,..,..,..,..,..,..,..,..,..,..,..,..,..,..,..,..
Marshall Islands,MHL,"Net bilateral aid flows from DAC donors, United States (current US$)",DC.DAC.USAL.CD,..,..,..,24000000,42000000,26000000,55000000,46000000,32380001.0681152,48990001.6784668,43349998.4741211,62479999.5422363,49470001.2207031,47220001.2207031,42590000.1525879,44409999.8474121,51000000,48130001.0681152,47259998.3215332,49090000.1525879,9689999.5803833,75180000.3051758,67629997.253418,70569999.6948242,47409999.8474121,45861576.0803223,6900140.7623291,56534370.4223633,42129409.7900391,42084930.4199219,104496597.290039,88239021.3012695,87753547.668457,83003761.2915039,..,..
Mauritania,MRT,"Net bilateral aid flows from DAC donors, United States (current US$)",DC.DAC.USAL.CD,10000000,3000000,2000000,3000000,2000000,1000000,2000000,2000000,2549999.95231628,2809999.94277954,4150000.09536743,6230000.01907349,5500000,27719999.3133545,11010000.2288818,20020000.4577637,12180000.3051758,10220000.2670288,25639999.3896484,10159999.8474121,7429999.82833862,9960000.03814697,19840000.1525879,25250000,14539999.961853,24045270.9197998,12118795.3948975,10375260.3530884,13078980.4458618,17910074.2340088,16000843.0480957,20575849.5330811,23724260.3302002,32246482.8491211,..,..
Mauritius,MUS,"Net bilateral aid flows from DAC donors, United States (current US$)",DC.DAC.USAL.CD,1000000,1000000,-1000000,-1000000,-1000000,-1000000,-1000000,-1000000,-730000.019073486,-689999.997615814,-600000.023841858,-400000.005960464,150000.005960464,159999.996423721,250000,680000.007152557,370000.004768372,270000.010728836,180000.007152557,129999.995231628,469999.998807907,59999.9986588955,379999.995231628,379999.995231628,150000.005960464,156862.005591393,59025.0007808208,10999.9999403954,249630.004167557,55890.9997344017,716803.014278412,960500.001907349,302076.995372772,10967.9996967316,..,..
Mexico,MEX,"Net bilateral aid flows from DAC donors, United States (current US$)",DC.DAC.USAL.CD,23000000,25000000,11000000,20000000,1000000,3000000,26000000,8000000,7989999.77111816,11939999.5803833,23809999.4659424,41819999.6948242,83970001.2207031,57490001.6784668,42770000.4577637,128399993.896484,153520004.272461,83610000.6103516,102529998.779297,129429992.675781,205029998.779297,372109985.351563,210940002.441406,217809997.558594,229100006.103516,254040603.637695,135482208.251953,185842880.249023,232664154.052734,157945922.851563,173994964.599609,152591339.111328,166501083.374023,231432266.235352,..,..
"Micronesia, Fed. Sts.",FSM,"Net bilateral aid flows from DAC donors, United States (current US$)",DC.DAC.USAL.CD,..,..,1000000,45000000,83000000,52000000,102000000,70000000,64680000.3051758,94589996.3378906,85430000.3051758,124040000.915527,98930000.3051758,99860000.6103516,77550003.0517578,94080001.8310547,98580001.8310547,99580001.8310547,79839996.3378906,107559997.558594,45310001.373291,97989997.8637695,126529998.779297,114080001.831055,104339996.337891,60372325.8972168,29537191.3909912,69732910.15625,55401329.0405273,57778568.2678223,122467208.862305,110489257.8125,113157745.361328,100033760.070801,..,..
"Middle East, North Africa, Afghanistan & Pakistan",MEA,"Net bilateral aid flows from DAC donors, United States (current US$)",DC.DAC.USAL.CD,4075000000,4834000000,3800000000,2411000000,2746000000,1086000000,3027000000,581000000,983020004.432648,1239250013.1391,1070170001.477,1703970036.7786,1887029960.25234,3771419981.69571,5293099930.40375,13957970086.0083,7622889791.78667,6913340130.20992,7165410082.22103,7680759963.03558,7121250005.24521,7186000003.82401,5684260091.48359,5813219871.19317,5524449961.40152,4918007852.34571,4965305962.83078,4622322831.86913,5003119680.52387,5178685017.82417,4865293459.20682,6131327231.16875,4658056639.90974,5793648036.95679,..,..
"Middle East, North Africa, Afghanistan & Pakistan (excluding high income)",MNA,"Net bilateral aid flows from DAC donors, United States (current US$)",DC.DAC.USAL.CD,4075000000,4834000000,3800000000,2411000000,2746000000,1086000000,3027000000,581000000,983020004.432648,1239250013.1391,1070170001.477,1703970036.7786,1887029960.25234,3771419981.69571,5293099930.40375,13957970086.0083,7622889791.78667,6913340130.20992,7165410082.22103,7680759963.03558,7121250005.24521,7186000003.82401,5684260091.48359,5813219871.19317,5524449961.40152,4918007852.34571,4965305962.83078,4622322831.86913,5003119680.52387,5178685017.82417,4865293459.20682,6131327231.16875,4658056639.90974,5793648036.95679,..,..
"Middle East, North Africa, Afghanistan & Pakistan (IDA & IBRD)",TMN,"Net bilateral aid flows from DAC donors, United States (current US$)",DC.DAC.USAL.CD,2551000000,3394000000,1783000000,1033000000,844000000,837000000,842000000,564000000,922670005.004853,860450015.243143,906450001.358986,830990021.172912,1167139973.18596,2972759968.56764,4161309963.0531,12019890034.1988,5449809834.12266,4633530101.53771,3880279978.51372,3154860052.5856,2236469980.23987,2248820069.78989,2064900034.12962,2473489963.35268,2351479981.12441,2279719970.16668,2328519998.07358,2539170034.8556,3273580002.78473,3351800055.86148,3531750096.79795,4144789980.64995,2963729962.22973,..,..,..
Middle income,MIC,"Net bilateral aid flows from DAC donors, United States (current US$)",DC.DAC.USAL.CD,4577000000,5718000000,3264000000,3123000000,3011000000,2737000000,2113000000,2121000000,2655010009.76563,3659510009.76563,3436110107.42188,4663430175.78125,5721899902.34375,7528450195.3125,8255419921.875,16682041015.625,11863830078.125,9766620117.1875,11210320312.5,11767790039.0625,11656290039.0625,11976830078.125,10122700195.3125,11032950195.3125,10391110351.5625,9561196289.0625,10316056640.625,11205398437.5,11588725585.9375,10143100585.9375,11567572265.625,12771505859.375,19845052734.375,26229343750,..,..
Moldova,MDA,"Net bilateral aid flows from DAC donors, United States (current US$)",DC.DAC.USAL.CD,..,..,..,..,..,..,..,8000000,3789999.96185303,36849998.4741211,35000000,43509998.3215332,56909999.8474121,41700000.7629395,32759998.3215332,30090000.1525879,23889999.3896484,18940000.5340576,35869998.9318848,32169998.1689453,20409999.8474121,27649999.6185303,38549999.2370605,85169998.1689453,123330001.831055,88795494.0795898,26852066.0400391,27428800.5828857,34094699.8596191,35019645.690918,31234779.3579102,41081451.4160156,53326446.5332031,180505462.646484,..,..
Monaco,MCO,"Net bilateral aid flows from DAC donors, United States (current US$)",DC.DAC.USAL.CD,..,..,..,..,..,..,..,..,..,..,..,..,..,..,..,..,..,..,..,..,..,..,..,..,..,..,..,..,..,..,..,..,..,..,..,..
Mongolia,MNG,"Net bilateral aid flows from DAC donors, United States (current US$)",DC.DAC.USAL.CD,..,..,..,..,14000000,..,6000000,12000000,17709999.0844727,12500000,12590000.1525879,12739999.7711182,20430000.3051758,16079999.9237061,25899999.6185303,18530000.6866455,12420000.0762939,12699999.8092651,35380001.0681152,34930000.3051758,45540000.9155273,57569999.6948242,112430000.305176,86510002.1362305,11720000.2670288,9002092.3614502,7040233.13522339,13500929.8324585,13577070.2362061,15865511.8942261,31488054.2755127,39257289.8864746,51408924.1027832,75692649.8413086,..,..
Montenegro,MNE,"Net bilateral aid flows from DAC donors, United States (current US$)",DC.DAC.USAL.CD,..,..,..,..,..,..,..,..,..,..,..,..,..,..,..,..,22270000.4577637,11689999.5803833,9119999.88555908,7380000.11444092,6050000.19073486,6449999.80926514,7880000.11444092,6420000.07629395,3650000.09536743,1772186.99455261,2858618.02101135,1855000.01907349,2289410.11428833,1698017.95482635,2362253.90434265,5235079.76531982,3473618.98422241,6369699.00131226,..,..
Morocco,MAR,"Net bilateral aid flows from DAC donors, United States (current US$)",DC.DAC.USAL.CD,57000000,41000000,33000000,25000000,4000000,-21000000,-3000000,-27000000,-13850000.3814697,-16760000.2288818,14000000,-12710000.038147,-13319999.6948242,-9789999.96185303,-10329999.9237061,-14909999.8474121,-6530000.20980835,5489999.77111816,5679999.82833862,31600000.3814697,45169998.1689453,132100006.103516,152320007.324219,260179992.675781,9159999.84741211,15023481.3690186,29129310.6079102,39401088.7145996,49018459.3200684,54727340.6982422,72555618.2861328,183908782.958984,161175308.227539,133856277.46582,..,..
Mozambique,MOZ,"Net bilateral aid flows from DAC donors, United States (current US$)",DC.DAC.USAL.CD,62000000,60000000,52000000,61000000,73000000,96000000,45000000,71000000,70449996.9482422,70589996.3378906,115519996.643066,91839996.3378906,159679992.675781,135399993.896484,109959999.084473,85360000.6103516,108849998.474121,153380004.882813,226660003.662109,255610000.610352,267489990.234375,377519989.013672,412559997.558594,541169982.910156,395380004.882813,301557525.634766,389409484.863281,503531433.105469,519638122.558594,352067718.505859,483137298.583984,573855529.785156,527947814.941406,637185363.769531,..,..
Myanmar,MMR,"Net bilateral aid flows from DAC donors, United States (current US$)",DC.DAC.USAL.CD,1000000,..,..,1000000,..,..,..,..,310000.002384186,-409999.996423721,3359999.89509583,2930000.0667572,4820000.17166138,5559999.94277954,5679999.82833862,4110000.1335144,10939999.5803833,15350000.3814697,71589996.3378906,35220001.2207031,30989999.7711182,30790000.9155273,33220001.2207031,80660003.6621094,84589996.3378906,113558631.896973,131333908.081055,139518753.051758,143720626.831055,148059204.101563,176656402.587891,156128555.297852,161687377.929688,236138198.852539,..,..
Namibia,NAM,"Net bilateral aid flows from DAC donors, United States (current US$)",DC.DAC.USAL.CD,..,14000000,3000000,9000000,5000000,6000000,9000000,17000000,13390000.3433228,13859999.6566772,9500000,13880000.1144409,17030000.6866455,29200000.7629395,34319999.6948242,28870000.8392334,50560001.373291,58830001.8310547,70949996.9482422,90279998.7792969,117139999.389648,114430000.305176,138839996.337891,160979995.727539,149399993.896484,62212017.0593262,57612037.6586914,58431781.7687988,66301818.8476563,33283924.1027832,81878921.5087891,82550880.4321289,77365684.5092773,84465461.730957,..,..
Naoero,NRU,"Net bilateral aid flows from DAC donors, United States (current US$)",DC.DAC.USAL.CD,..,..,..,..,..,..,..,..,..,..,..,..,..,..,..,..,..,..,..,..,..,..,..,..,..,..,..,..,..,..,..,..,..,..,..,..
Nepal,NPL,"Net bilateral aid flows from DAC donors, United States (current US$)",DC.DAC.USAL.CD,17000000,14000000,18000000,20000000,20000000,19000000,15000000,21000000,16909999.8474121,16659999.8474121,15949999.8092651,20229999.5422363,32599998.4741211,37799999.2370605,35369998.9318848,52049999.2370605,61529998.7792969,54029998.7792969,77650001.5258789,73500000,51290000.9155273,63799999.2370605,64860000.6103516,71550003.0517578,75470001.2207031,161384689.331055,159494567.871094,186968856.811523,173404663.085938,150693771.362305,133175430.297852,160097381.591797,129034332.275391,139001434.326172,..,..
Netherlands,NLD,"Net bilateral aid flows from DAC donors, United States (current US$)",DC.DAC.USAL.CD,..,..,..,..,..,..,..,..,..,..,..,..,..,..,..,..,..,..,..,..,..,..,..,..,..,..,..,..,..,..,..,..,..,..,..,..
New Caledonia,NCL,"Net bilateral aid flows from DAC donors, United States (current US$)",DC.DAC.USAL.CD,..,..,..,..,..,..,..,..,..,..,..,..,..,..,..,..,..,..,..,..,..,..,..,..,..,..,..,..,..,..,..,..,..,..,..,..
New Zealand,NZL,"Net bilateral aid flows from DAC donors, United States (current US$)",DC.DAC.USAL.CD,..,..,..,..,..,..,..,..,..,..,..,..,..,..,..,..,..,..,..,..,..,..,..,..,..,..,..,..,..,..,..,..,..,..,..,..
Nicaragua,NIC,"Net bilateral aid flows from DAC donors, United States (current US$)",DC.DAC.USAL.CD,97000000,379000000,154000000,38000000,60000000,29000000,30000000,41000000,65480003.3569336,64180000.3051758,72769996.6430664,100559997.558594,66720001.2207031,69629997.253418,69650001.5258789,102610000.610352,67529998.7792969,76529998.7792969,103529998.779297,89339996.3378906,49360000.6103516,59590000.1525879,43880001.0681152,39259998.3215332,25680000.3051758,40939895.6298828,43180744.1711426,50999141.6931152,44566699.9816895,30922393.7988281,30910263.0615234,40296459.197998,31638370.513916,34097694.3969727,..,..
Niger,NER,"Net bilateral aid flows from DAC donors, United States (current US$)",DC.DAC.USAL.CD,31000000,35000000,30000000,26000000,19000000,31000000,12000000,16000000,10840000.1525879,6449999.80926514,5269999.98092651,8020000.45776367,16270000.4577637,16129999.1607666,19319999.6948242,29200000.7629395,30559999.4659424,41279998.7792969,45860000.6103516,37049999.2370605,96830001.8310547,87559997.5585938,100330001.831055,78330001.8310547,79290000.9155273,111901924.133301,106039176.940918,76497001.6479492,158981063.842773,158835876.464844,211980926.513672,261399230.957031,238591552.734375,317759796.142578,..,..
Nigeria,NGA,"Net bilateral aid flows from DAC donors, United States (current US$)",DC.DAC.USAL.CD,22000000,13000000,19000000,15000000,12000000,5000000,5000000,12000000,3819999.9332428,7480000.01907349,32529998.7792969,24649999.6185303,76080001.8310547,98720001.2207031,120150001.525879,98959999.0844727,787239990.234375,240589996.337891,363890014.648438,354029998.779297,441739990.234375,404700012.207031,414950012.207031,544099975.585938,485589996.337891,490637847.900391,529580261.230469,726782287.597656,841760681.152344,651180541.992188,926798645.019531,912513916.015625,772351501.464844,934484924.316406,..,..
North America,NAC,"Net bilateral aid flows from DAC donors, United States (current US$)",DC.DAC.USAL.CD,..,..,..,..,..,..,..,..,..,..,..,..,..,..,..,..,..,..,..,..,..,..,..,..,..,..,..,..,..,..,..,..,..,..,..,..
North Macedonia,MKD,"Net bilateral aid flows from DAC donors, United States (current US$)",DC.DAC.USAL.CD,..,..,..,..,6000000,1000000,5000000,..,829999.983310699,32090000.1525879,37290000.9155273,37290000.9155273,50520000.4577637,69839996.3378906,53080001.8310547,43659999.8474121,39150001.5258789,31250000,32080001.8310547,29889999.3896484,19479999.5422363,19159999.8474121,16610000.6103516,21270000.4577637,22600000.3814697,19542993.5455322,21409065.246582,24666660.3088379,26684429.1687012,22262088.7756348,18529170.9899902,16188159.942627,17475782.3944092,24815887.4511719,..,..
Northern Mariana Islands,MNP,"Net bilateral aid flows from DAC donors, United States (current US$)",DC.DAC.USAL.CD,52000000,5000000,..,83000000,..,..,..,..,..,..,..,..,..,..,..,..,..,..,..,..,..,..,..,..,..,..,..,..,..,..,..,..,..,..,..,..
Norway,NOR,"Net bilateral aid flows from DAC donors, United States (current US$)",DC.DAC.USAL.CD,..,..,..,..,..,..,..,..,..,..,..,..,..,..,..,..,..,..,..,..,..,..,..,..,..,..,..,..,..,..,..,..,..,..,..,..
Not classified,INX,"Net bilateral aid flows from DAC donors, United States (current US$)",DC.DAC.USAL.CD,..,..,..,..,..,..,..,..,..,..,..,..,..,..,..,..,..,..,..,..,..,..,..,..,..,..,..,..,..,..,..,..,..,..,..,..
OECD members,OED,"Net bilateral aid flows from DAC donors, United States (current US$)",DC.DAC.USAL.CD,1532000000,3081000000,2077000000,1423000000,1933000000,367000000,2200000000,1149000000,1092259976.88249,1096190012.51459,881849988.341331,371069987.237454,1239040005.44548,1088059987.66422,839000006.198884,550709996.11169,843240003.049374,471340000.867844,734010025.568307,776520019.590855,421640004.515648,888339975.595475,555840003.371238,534820008.039475,636930009.126663,693589983.940125,487569988.131523,542579993.247986,640339993.476867,666579998.016357,806480016.708374,922429988.861084,839169990.539551,..,..,..
Oman,OMN,"Net bilateral aid flows from DAC donors, United States (current US$)",DC.DAC.USAL.CD,4000000,5000000,12000000,20000000,70000000,1000000,4000000,12000000,10289999.961853,-1289999.96185303,-3000000,-4039999.96185303,-4869999.88555908,-5639999.8664856,-4989999.77111816,-1440000.05722046,-17120000.8392334,7269999.98092651,1429999.94754791,5250000,3019999.98092651,..,..,..,..,..,..,..,..,..,..,..,..,..,..,..
Other small states,OSS,"Net bilateral aid flows from DAC donors, United States (current US$)",DC.DAC.USAL.CD,102000000,91000000,98000000,78000000,80000000,70000000,60000000,56000000,65199999.647215,34639999.7938424,32520000.1802295,48010000.7932633,95540000.801906,95249999.9348075,126140000.266954,98149999.3130566,153370001.291856,190290001.880378,413209996.987134,432409991.309046,370110001.338645,410460002.098233,414229997.573421,502039999.166504,347129991.240799,228709998.233244,295240000.903607,355310001.296923,312730001.095682,235099998.578429,347489997.006953,358729999.778792,336520001.379773,..,..,..
Pacific island small states,PSS,"Net bilateral aid flows from DAC donors, United States (current US$)",DC.DAC.USAL.CD,2000000,1000000,2000000,71000000,320000000,216000000,219000000,144000000,178900003.20971,163199998.557568,145329999.027774,210019999.640062,167100001.7263,166350001.938641,141410003.57084,156490001.995116,183580001.840368,168160003.185272,183689994.681626,210889998.281375,95990000.1138448,198989998.627454,200889996.141195,206620001.43528,172809995.830059,119129999.496043,47950001.001358,138700002.372265,174870004.057884,130329999.804497,235910001.128912,211439995.527268,218980003.520846,..,..,..
Pakistan,PAK,"Net bilateral aid flows from DAC donors, United States (current US$)",DC.DAC.USAL.CD,167000000,114000000,39000000,54000000,-53000000,-82000000,-101000000,-76000000,-40740001.6784668,74970001.2207031,88459999.0844727,775640014.648438,208979995.727539,102279998.779297,76910003.6621094,323070007.324219,477720001.220703,433570007.324219,350630004.882813,613039978.027344,1200449951.17188,1262130004.88281,621349975.585938,609849975.585938,695960021.972656,746095825.195313,605307006.835938,492241607.666016,464346008.300781,318152282.714844,301063049.316406,236580566.40625,184345382.69043,202717559.814453,..,..
Palau,PLW,"Net bilateral aid flows from DAC donors, United States (current US$)",DC.DAC.USAL.CD,..,..,..,..,191000000,132000000,58000000,24000000,78330001.8310547,16270000.4577637,14510000.2288818,19379999.1607666,13930000.3051758,14000000,14140000.3433228,13100000.3814697,27000000,14100000.3814697,27290000.9155273,26760000.2288818,17170000.0762939,18350000.3814697,610000.014305115,13750000,12529999.7329712,2660434.96131897,887611.985206604,2915240.04936218,66399002.0751953,1359341.02535248,2522102.11753845,4412330.15060425,6479967.11730957,8051446.91467285,..,..
Panama,PAN,"Net bilateral aid flows from DAC donors, United States (current US$)",DC.DAC.USAL.CD,97000000,96000000,124000000,48000000,6000000,6000000,-5000000,-13000000,-13649999.6185303,-12130000.1144409,-8779999.73297119,769999.980926514,5989999.77111816,10489999.7711182,9329999.92370605,7500000,18729999.5422363,7280000.20980835,13659999.8474121,16659999.8474121,8979999.54223633,13779999.7329712,16200000.7629395,12430000.3051758,3990000.00953674,6847832.20291138,7819281.10122681,17443710.3271484,9743820.19042969,10144047.7371216,7250214.09988403,35596199.0356445,36588211.0595703,48120483.3984375,..,..
Papua New Guinea,PNG,"Net bilateral aid flows from DAC donors, United States (current US$)",DC.DAC.USAL.CD,1000000,1000000,1000000,1000000,3000000,1000000,1000000,1000000,889999.985694885,6159999.84741211,949999.988079071,1070000.05245209,180000.007152557,..,109999.999403954,29999.9993294477,180000.007152557,779999.971389771,1960000.03814697,2759999.99046326,2279999.97138977,3539999.96185303,3660000.08583069,7250000,6980000.01907349,8038813.59100342,11877030.3726196,10805190.0863647,8747670.17364502,6828725.81481934,10812338.8290405,13846389.7705078,18004549.0264893,36330654.1442871,..,..
Paraguay,PRY,"Net bilateral aid flows from DAC donors, United States (current US$)",DC.DAC.USAL.CD,..,1000000,-1000000,1000000,2000000,1000000,2000000,2000000,1769999.98092651,4929999.82833862,6409999.84741211,6960000.03814697,11239999.7711182,12170000.0762939,14829999.9237061,9149999.61853027,17629999.1607666,24899999.6185303,29670000.0762939,26520000.4577637,27350000.3814697,31520000.4577637,25649999.6185303,11800000.1907349,13739999.7711182,16394540.7867432,12731201.171875,22304349.899292,18280750.2746582,16187686.920166,26614938.7359619,21585899.3530273,13871246.3378906,17924133.3007813,..,..
Peru,PER,"Net bilateral aid flows from DAC donors, United States (current US$)",DC.DAC.USAL.CD,79000000,82000000,32000000,100000000,85000000,81000000,51000000,119000000,120959999.084473,123980003.356934,92339996.3378906,161630004.882813,143619995.117188,204360000.610352,177910003.662109,155190002.441406,187259994.506836,94080001.8310547,94000000,104389999.389648,87029998.7792969,94629997.253418,101889999.389648,105260002.13623,118680000.305176,134592758.178711,111639846.801758,100771697.998047,84114189.1479492,108331298.828125,140717254.638672,170237274.169922,186616073.608398,212378143.310547,..,..
Philippines,PHL,"Net bilateral aid flows from DAC donors, United States (current US$)",DC.DAC.USAL.CD,248000000,224000000,229000000,262000000,116000000,112000000,46000000,15000000,27329999.9237061,72690002.4414063,75459999.0844727,82989997.8637695,78620002.746582,55290000.9155273,79449996.9482422,96760002.1362305,97819999.6948242,84790000.9155273,71260002.1362305,89500000,113449996.948242,113430000.305176,121730003.356934,153080001.831055,253460006.713867,250252670.288086,240059295.654297,138990737.915039,104924827.575684,128276321.411133,137921905.517578,159187896.728516,147659667.96875,210301132.202148,..,..
Poland,POL,"Net bilateral aid flows from DAC donors, United States (current US$)",DC.DAC.USAL.CD,273000000,1563000000,109000000,21000000,841000000,4000000,33000000,26000000,30229999.5422363,37740001.6784668,32669998.1689453,7969999.79019165,3119999.88555908,860000.014305115,-819999.992847443,..,..,..,..,..,..,..,..,..,..,..,..,..,..,..,..,..,..,..,..,..
Portugal,PRT,"Net bilateral aid flows from DAC donors, United States (current US$)",DC.DAC.USAL.CD,..,..,..,..,..,..,..,..,..,..,..,..,..,..,..,..,..,..,..,..,..,..,..,..,..,..,..,..,..,..,..,..,..,..,..,..
Post-demographic dividend,PST,"Net bilateral aid flows from DAC donors, United States (current US$)",DC.DAC.USAL.CD,-29000000,-24300000.0119209,113000000,146000000,124000000,120000000,418000000,240000000,335960005.287081,560599993.931129,427070008.259266,422970005.372539,400259996.015578,233249998.122454,223350001.215935,184719998.911023,247720007.002353,164689996.540546,153849998.399615,170100001.960992,233330005.111173,166799995.616078,211729995.876551,183490004.651248,232510003.089905,295840003.669262,232519994.512201,302109996.566549,256240001.603961,261660006.99997,298380004.215986,382300000.153482,9305279802.79922,..,..,..
Pre-demographic dividend,PRE,"Net bilateral aid flows from DAC donors, United States (current US$)",DC.DAC.USAL.CD,902000000,1137000000,982000000,1142000000,1102000000,773000000,520000000,522000000,459599995.629862,690969995.565712,727169995.730742,695620001.679286,1859499979.43826,5169279922.54869,6001109963.16188,15161570062.9633,10401719784.0866,8267180141.02803,9099260052.42952,10073310043.9757,9219180042.23705,10634550042.4244,9170060094.37144,9029049900.24865,8599839984.23815,8646089876.66667,8819749974.62333,9359419944.04793,9341690022.11094,8895419940.25931,9991319984.71917,11022819953.4714,9882080018.52036,..,..,..
Puerto Rico (US),PRI,"Net bilateral aid flows from DAC donors, United States (current US$)",DC.DAC.USAL.CD,..,..,..,..,..,..,..,..,..,..,..,..,..,..,..,..,..,..,..,..,..,..,..,..,..,..,..,..,..,..,..,..,..,..,..,..
Qatar,QAT,"Net bilateral aid flows from DAC donors, United States (current US$)",DC.DAC.USAL.CD,..,..,..,..,..,..,..,..,..,..,..,..,..,50000.0007450581,..,..,..,..,..,..,..,..,..,..,..,..,..,..,..,..,..,..,..,..,..,..
Romania,ROU,"Net bilateral aid flows from DAC donors, United States (current US$)",DC.DAC.USAL.CD,64000000,22000000,25000000,14000000,15000000,3000000,20000000,..,1980000.01907349,18479999.5422363,61369998.9318848,41810001.373291,54689998.626709,40930000.3051758,38000000,..,..,..,..,..,..,..,..,..,..,..,..,..,..,..,..,..,..,..,..,..
Russian Federation,RUS,"Net bilateral aid flows from DAC donors, United States (current US$)",DC.DAC.USAL.CD,..,..,26000000,829000000,174000000,234000000,416000000,273000000,458429992.675781,1350729980.46875,915210021.972656,659330017.089844,858780029.296875,643799987.792969,716419982.910156,..,..,..,..,..,..,..,..,..,..,..,..,..,..,..,..,..,..,..,..,..
Rwanda,RWA,"Net bilateral aid flows from DAC donors, United States (current US$)",DC.DAC.USAL.CD,13000000,27000000,7000000,26000000,194000000,101000000,10000000,9000000,22979999.5422363,39779998.7792969,22930000.3051758,31079999.9237061,46369998.9318848,52580001.8310547,50319999.6948242,57130001.0681152,77589996.3378906,90760002.1362305,117379997.253418,145899993.896484,139779998.779297,177660003.662109,159410003.662109,155889999.389648,157460006.713867,198038818.359375,176753005.981445,176831375.12207,168722869.873047,184919128.417969,188990890.50293,151985275.268555,170378799.438477,178903884.887695,..,..
Samoa,WSM,"Net bilateral aid flows from DAC donors, United States (current US$)",DC.DAC.USAL.CD,1000000,..,..,..,1000000,1000000,1000000,1000000,680000.007152557,660000.026226044,610000.014305115,1149999.97615814,1419999.95708466,1210000.03814697,1289999.96185303,839999.973773956,750000,1019999.98092651,829999.983310699,1480000.01907349,1480000.01907349,1100000.02384186,730000.019073486,1299999.95231628,839999.973773956,857876.002788544,1410115.95726013,1240389.94312286,1831320.04737854,1233734.01165009,918034.970760345,783969.99835968,964339.017868042,1167109.96627808,..,..
San Marino,SMR,"Net bilateral aid flows from DAC donors, United States (current US$)",DC.DAC.USAL.CD,..,..,..,..,..,..,..,..,..,..,..,..,..,..,..,..,..,..,..,..,..,..,..,..,..,..,..,..,..,..,..,..,..,..,..,..
Sao Tome and Principe,STP,"Net bilateral aid flows from DAC donors, United States (current US$)",DC.DAC.USAL.CD,..,1000000,1000000,1000000,1000000,1000000,1000000,..,189999.997615814,9999.99977648258,..,70000.0002980232,70000.0002980232,29999.9993294477,879999.995231628,140000.000596046,460000.00834465,230000.004172325,209999.993443489,400000.005960464,19999.9995529652,610000.014305115,189999.997615814,-289999.99165535,180000.007152557,160246.998071671,52891.9994831085,49559.9992573261,-24749.9998658895,19362.9991263151,91532.9977869987,31690.0014877319,13264.9997249246,21898.9998102188,..,..
Saudi Arabia,SAU,"Net bilateral aid flows from DAC donors, United States (current US$)",DC.DAC.USAL.CD,..,..,..,..,..,..,..,..,..,..,..,..,..,119999.997317791,90000.0035762787,419999.986886978,680000.007152557,150000.005960464,..,..,..,..,..,..,..,..,..,..,..,..,..,..,..,..,..,..
Senegal,SEN,"Net bilateral aid flows from DAC donors, United States (current US$)",DC.DAC.USAL.CD,57000000,26000000,30000000,42000000,30000000,22000000,43000000,30000000,14140000.3433228,23170000.0762939,22879999.1607666,28829999.9237061,37069999.6948242,48110000.6103516,49790000.9155273,44729999.5422363,37720001.2207031,39240001.6784668,71629997.253418,67669998.1689453,102050003.051758,114150001.525879,123040000.915527,203179992.675781,271410003.662109,267960632.324219,125026199.34082,157293334.960938,178320053.100586,175854660.03418,162129394.53125,178511260.986328,152850494.384766,249546630.859375,..,..
Serbia,SRB,"Net bilateral aid flows from DAC donors, United States (current US$)",DC.DAC.USAL.CD,..,..,..,..,..,..,..,..,6360000.1335144,36869998.9318848,107699996.948242,210220001.220703,495369995.117188,209710006.713867,181229995.727539,185710006.713867,147000000,105120002.746582,94470001.2207031,46500000,57919998.1689453,42159999.8474121,41509998.3215332,32290000.9155273,32860000.6103516,21845748.9013672,16479722.9766846,16864799.4995117,24681060.7910156,25530569.0765381,27949312.210083,35011360.168457,19977155.6854248,45038780.2124023,..,..
Seychelles,SYC,"Net bilateral aid flows from DAC donors, United States (current US$)",DC.DAC.USAL.CD,8000000,2000000,5000000,..,2000000,..,..,..,129999.995231628,109999.999403954,109999.999403954,70000.0002980232,19999.9995529652,39999.9991059303,..,9999.99977648258,109999.999403954,140000.000596046,9999.99977648258,9999.99977648258,9999.99977648258,19999.9995529652,29999.9993294477,230000.004172325,70000.0002980232,31688.9993846416,..,..,..,..,..,..,..,..,..,..
Sierra Leone,SLE,"Net bilateral aid flows from DAC donors, United States (current US$)",DC.DAC.USAL.CD,3000000,8000000,13000000,8000000,10000000,8000000,11000000,13000000,13189999.5803833,17389999.3896484,7969999.79019165,26360000.6103516,70120002.746582,58790000.9155273,30059999.4659424,21850000.3814697,21030000.6866455,20909999.8474121,15789999.961853,17000000,21090000.1525879,19870000.8392334,19719999.3133545,15449999.8092651,14970000.2670288,112772987.365723,127961326.599121,74523323.059082,57992660.5224609,57914779.6630859,53280311.5844727,52182460.7849121,41905830.3833008,62390251.159668,..,..
Singapore,SGP,"Net bilateral aid flows from DAC donors, United States (current US$)",DC.DAC.USAL.CD,2000000,3000000,3000000,3000000,..,1000000,..,..,..,..,..,..,..,..,..,..,..,..,..,..,..,..,..,..,..,..,..,..,..,..,..,..,..,..,..,..
Sint Maarten (Dutch part),SXM,"Net bilateral aid flows from DAC donors, United States (current US$)",DC.DAC.USAL.CD,..,..,..,..,..,..,..,..,..,..,..,..,..,..,..,..,..,..,..,..,..,..,..,..,..,..,..,..,..,..,..,..,..,..,..,..
Slovak Republic,SVK,"Net bilateral aid flows from DAC donors, United States (current US$)",DC.DAC.USAL.CD,..,300000.011920929,15000000,..,1000000,2000000,9000000,4000000,4110000.1335144,12300000.1907349,1970000.02861023,3049999.95231628,4849999.90463257,3900000.09536743,1090000.0333786,..,..,..,..,..,..,..,..,..,..,..,..,..,..,..,..,..,..,..,..,..
Slovenia,SVN,"Net bilateral aid flows from DAC donors, United States (current US$)",DC.DAC.USAL.CD,..,..,..,..,1000000,..,2000000,..,9999.99977648258,..,..,660000.026226044,300000.011920929,..,..,..,..,..,..,..,..,..,..,..,..,..,..,..,..,..,..,..,..,..,..,..
Small states,SST,"Net bilateral aid flows from DAC donors, United States (current US$)",DC.DAC.USAL.CD,205000000,158000000,189000000,227000000,457000000,331000000,290000000,197000000,244500002.98582,198559997.927397,166039999.363944,268180000.305175,265650003.099814,278580002.117902,309640003.222972,299930002.320558,375510002.51621,367900004.295632,622919991.319999,670639989.404008,487550000.810995,629100000.824779,635159994.61338,731860000.979156,541569987.203926,369079997.448251,367150002.293289,527460003.772751,527760005.125776,392639999.261126,603049998.015165,608759994.599969,603450004.62979,..,..,..
Solomon Islands,SLB,"Net bilateral aid flows from DAC donors, United States (current US$)",DC.DAC.USAL.CD,..,..,..,..,1000000,2000000,1000000,1000000,759999.990463257,1200000.04768372,360000.014305115,70000.0002980232,59999.9986588955,70000.0002980232,29999.9993294477,19999.9995529652,9999.99977648258,310000.002384186,19999.9995529652,59999.9986588955,230000.004172325,250000,469999.998807907,1059999.94277954,1500000,897204.995155334,884218.990802765,666190.028190613,1602210.04486084,21376743.3166504,870334.029197693,1963080.0485611,3201942.92068481,5550516.12854004,..,..
"Somalia, Fed. Rep.",SOM,"Net bilateral aid flows from DAC donors, United States (current US$)",DC.DAC.USAL.CD,72000000,6000000,306000000,490000000,350000000,54000000,5000000,6000000,3480000.01907349,19389999.3896484,9859999.65667725,17780000.6866455,35369998.9318848,33750000,31920000.0762939,36950000.7629395,95220001.2207031,58700000.7629395,242699996.948242,194910003.662109,67529998.7792969,124800003.051758,211110000.610352,245130004.882813,203210006.713867,203498809.814453,214454803.466797,332044006.347656,382138275.146484,470013214.111328,690421569.824219,469789184.570313,519289306.640625,981230468.75,..,..
South Africa,ZAF,"Net bilateral aid flows from DAC donors, United States (current US$)",DC.DAC.USAL.CD,..,..,..,66000000,71000000,107000000,73000000,104000000,83019996.6430664,84599998.4741211,105849998.474121,85849998.4741211,89440002.4414063,106180000.305176,94660003.6621094,116779998.779297,140500000,227080001.831055,378660003.662109,523739990.234375,525669982.910156,555960021.972656,504059997.558594,476799987.792969,515020019.53125,336046691.894531,489865051.269531,596045654.296875,575649841.308594,390481353.759766,717225952.148438,697566894.53125,527477783.203125,545797302.246094,..,..
South Asia,SAS,"Net bilateral aid flows from DAC donors, United States (current US$)",DC.DAC.USAL.CD,237000000,248000000,211000000,211000000,215000000,116000000,66000000,85000000,23289999.7532368,143769997.313619,89090001.0168552,80319997.7502227,90569997.45965,122969999.223948,145269995.838404,218560001.254082,284469996.646047,289329999.8492,350920005.03093,313629998.167977,287430002.912879,326069999.933243,395370012.283325,341339999.267831,416600003.242493,461944484.360516,581136552.542448,579714110.888541,657455933.511257,647814097.583294,538799165.606499,814958512.90226,732318991.407752,936532277.613878,..,..
South Asia (IDA & IBRD),TSA,"Net bilateral aid flows from DAC donors, United States (current US$)",DC.DAC.USAL.CD,460000000,421000000,315000000,307000000,215000000,36000000,-33000000,9000000,-17450001.92523,250820000.365377,179970000.177622,863660012.207926,667159978.538752,711040006.548167,1000469977.52786,1859930057.40643,2111199958.04131,2169290037.08065,2737100089.25945,3810679909.667,4396950041.51762,4598619957.20864,3651580072.40296,2634869920.79951,3021049981.11725,2805019947.12651,2480620014.98044,2284289976.2243,2031700007.3418,2388069949.20969,1842039970.12973,2515249960.1841,2194040005.97075,..,..,..
South Sudan,SSD,"Net bilateral aid flows from DAC donors, United States (current US$)",DC.DAC.USAL.CD,..,..,..,..,..,..,..,..,..,..,..,..,..,..,..,..,..,..,..,..,..,56340000.1525879,382019989.013672,410119995.117188,796070007.324219,595101196.289063,543536071.777344,886036193.847656,678649658.203125,558419250.488281,724757751.464844,799288024.902344,949816162.109375,709884948.730469,..,..
Spain,ESP,"Net bilateral aid flows from DAC donors, United States (current US$)",DC.DAC.USAL.CD,..,..,..,..,..,..,..,..,..,..,..,..,..,..,..,..,..,..,..,..,..,..,..,..,..,..,..,..,..,..,..,..,..,..,..,..
Sri Lanka,LKA,"Net bilateral aid flows from DAC donors, United States (current US$)",DC.DAC.USAL.CD,75000000,78000000,52000000,77000000,37000000,25000000,4000000,5000000,-600000.023841858,5150000.09536743,-3859999.89509583,-9689999.5803833,-11020000.4577637,-8550000.19073486,-3369999.88555908,59139999.3896484,29180000.3051758,33479999.5422363,51790000.9155273,32310001.373291,28909999.8474121,23250000,5030000.20980835,30979999.5422363,7940000.05722046,-7083490.84854126,3232402.08625793,5464710.2355957,36971080.7800293,11909468.6508179,19317842.4835205,54688339.2333984,9996960.63995361,101450851.44043,..,..
St. Kitts and Nevis,KNA,"Net bilateral aid flows from DAC donors, United States (current US$)",DC.DAC.USAL.CD,2000000,..,..,..,..,..,..,..,-189999.997615814,-310000.002384186,-379999.995231628,-469999.998807907,-389999.985694885,-620000.004768372,-670000.016689301,-699999.988079071,-730000.019073486,-769999.980926514,-810000.002384186,-850000.023841858,-889999.985694885,-389999.985694885,-1029999.97138977,..,..,..,..,..,..,..,..,..,..,..,..,..
St. Lucia,LCA,"Net bilateral aid flows from DAC donors, United States (current US$)",DC.DAC.USAL.CD,..,..,..,..,..,..,..,..,159999.996423721,59999.9986588955,289999.99165535,150000.005960464,239999.994635582,..,..,..,50000.0007450581,19999.9995529652,19999.9995529652,..,..,..,9999.99977648258,9999.99977648258,19999.9995529652,17517.0004367828,37999.9987781048,25159.9997282028,-49989.9983406067,-49993.9993023872,-56885.9986960888,32999.9998211861,411186.009645462,271106.004714966,..,..
St. Martin (French part),MAF,"Net bilateral aid flows from DAC donors, United States (current US$)",DC.DAC.USAL.CD,..,..,..,..,..,..,..,..,..,..,..,..,..,..,..,..,..,..,..,..,..,..,..,..,..,..,..,..,..,..,..,..,..,..,..,..
St. Vincent and the Grenadines,VCT,"Net bilateral aid flows from DAC donors, United States (current US$)",DC.DAC.USAL.CD,1000000,1000000,..,..,..,..,..,..,-150000.005960464,-250000,29999.9993294477,-170000.001788139,9999.99977648258,-119999.997317791,-119999.997317791,-100000.001490116,-70000.0002980232,-129999.995231628,-140000.000596046,-59999.9986588955,180000.007152557,-180000.007152557,-119999.997317791,-79999.9982118607,..,..,..,63199.9969482422,14969.9999019504,82390.0029063225,-205680.996179581,1325670.00389099,3365937.94822693,117784.99931097,..,..
Sub-Saharan Africa,SSF,"Net bilateral aid flows from DAC donors, United States (current US$)",DC.DAC.USAL.CD,1089000000,1057000000,1303000000,1543000000,1842000000,1255000000,946000000,1388000000,1110979982.84735,1338889988.9607,1477210004.7078,1374830003.11814,2369419995.98406,4638459975.52015,3497900008.54246,4057449950.98561,5592649988.91018,4557590046.8491,6691079969.02987,7436560033.64362,7412959975.44937,8904770103.44341,8600640047.41423,9297539948.97008,9453860041.83441,9407377906.97441,9878574142.36292,11225684941.5861,10589800346.5179,9374311107.01151,11273347304.6869,13373657739.7883,12423636858.1215,14947953324.6122,..,..
Sub-Saharan Africa (excluding high income),SSA,"Net bilateral aid flows from DAC donors, United States (current US$)",DC.DAC.USAL.CD,1089000000,1057000000,1303000000,1543000000,1842000000,1255000000,946000000,1388000000,1110979982.84735,1338889988.9607,1477210004.7078,1374830003.11814,2369419995.98406,4638459975.52015,3497900008.54246,4057449950.98561,5592649988.91018,4557590046.8491,6691079969.02987,7436560033.64362,7412959975.44937,8904770103.44341,8600640047.41423,9297539948.97008,9453860041.83441,9407377906.97441,9878574142.36292,11225684941.5861,10589800346.5179,9374311107.01151,11273347304.6869,13373657739.7883,12423636858.1215,14947953324.6122,..,..
Sub-Saharan Africa (IDA & IBRD countries),TSS,"Net bilateral aid flows from DAC donors, United States (current US$)",DC.DAC.USAL.CD,996000000,969000000,1153000000,1435000000,1452000000,1049000000,635000000,797000000,713459993.833676,945609990.181401,1074160001.65604,985919999.456033,1925289991.10125,4012369948.66469,2903129989.01121,3552649963.19264,4923779993.793,4013210041.96629,6172639966.58847,6896970006.78815,6783259963.24234,8497450096.1192,7953940035.2072,8880179963.61852,8244150080.89692,8465839867.69431,9243899980.30663,10254480012.2362,10104510035.4962,8908599948.5068,10875879981.7413,12094060018.5376,11128430024.0669,..,..,..
Sudan,SDN,"Net bilateral aid flows from DAC donors, United States (current US$)",DC.DAC.USAL.CD,143000000,85000000,11000000,21000000,32000000,8000000,10000000,17000000,13199999.8092651,71519996.6430664,5210000.03814697,17489999.7711182,119580001.831055,175410003.662109,377609985.351563,759039978.027344,738780029.296875,710450012.207031,848159973.144531,954640014.648438,695859985.351563,657859985.351563,454329986.572266,713880004.882813,255669998.168945,271903350.830078,227578079.223633,111168838.500977,227092529.296875,275796539.306641,229777084.350586,734117248.535156,578775817.871094,440089141.845703,..,..
Suriname,SUR,"Net bilateral aid flows from DAC donors, United States (current US$)",DC.DAC.USAL.CD,..,..,8000000,4000000,6000000,5000000,2000000,-1000000,620000.004768372,529999.971389771,589999.973773956,810000.002384186,-1019999.98092651,569999.992847443,1309999.94277954,860000.014305115,1169999.95708466,-8800000.19073486,-100000.001490116,639999.985694885,150000.005960464,340000.003576279,59999.9986588955,-79999.9982118607,-720000.028610229,-395036.995410919,-94263.0022764206,..,..,90000.0035762787,194999.992847443,234819.993376732,-28111.9998544455,204398.00620079,..,..
Sweden,SWE,"Net bilateral aid flows from DAC donors, United States (current US$)",DC.DAC.USAL.CD,..,..,..,..,..,..,..,..,..,..,..,..,..,..,..,..,..,..,..,..,..,..,..,..,..,..,..,..,..,..,..,..,..,..,..,..
Switzerland,CHE,"Net bilateral aid flows from DAC donors, United States (current US$)",DC.DAC.USAL.CD,..,..,..,..,..,..,..,..,..,..,..,..,..,..,..,..,..,..,..,..,..,..,..,..,..,..,..,..,..,..,..,..,..,..,..,..
Syrian Arab Republic,SYR,"Net bilateral aid flows from DAC donors, United States (current US$)",DC.DAC.USAL.CD,..,..,..,..,..,..,..,..,..,..,..,19999.9995529652,..,50000.0007450581,29999.9993294477,360000.014305115,639999.985694885,2450000.04768372,16180000.3051758,18620000.8392334,6809999.94277954,16049999.2370605,150820007.324219,765719970.703125,644270019.53125,710849792.480469,637279602.050781,627377197.265625,694530029.296875,573075012.207031,690142272.949219,801621276.855469,649811218.261719,829628234.863281,..,..
Tajikistan,TJK,"Net bilateral aid flows from DAC donors, United States (current US$)",DC.DAC.USAL.CD,..,..,10000000,17000000,18000000,18000000,21000000,13000000,25229999.5422363,19540000.9155273,22629999.1607666,40409999.8474121,75879997.253418,47099998.4741211,47500000,56430000.3051758,43610000.6103516,34889999.3896484,59919998.1689453,40540000.9155273,42549999.2370605,34250000,34470001.2207031,36889999.3896484,41130001.0681152,27877700.8056641,30104183.1970215,35336048.1262207,35383861.541748,32322891.2353516,31319236.7553711,47748149.8718262,48701496.1242676,73311126.7089844,..,..
Tanzania,TZA,"Net bilateral aid flows from DAC donors, United States (current US$)",DC.DAC.USAL.CD,39000000,35000000,27000000,24000000,24000000,18000000,13000000,13000000,29379999.1607666,26450000.7629395,24520000.4577637,25909999.8474121,85379997.253418,75160003.6621094,89489997.8637695,93690002.4414063,121580001.831055,166889999.389648,246949996.948242,283649993.896484,455730010.986328,532250000,561780029.296875,734880004.882813,509010009.765625,452548034.667969,500010253.90625,597019592.285156,658672363.28125,464559326.171875,605547180.175781,506863586.425781,429445892.333984,608727478.027344,..,..
Thailand,THA,"Net bilateral aid flows from DAC donors, United States (current US$)",DC.DAC.USAL.CD,30000000,23000000,18000000,16000000,9000000,15000000,3000000,8000000,7389999.8664856,2019999.98092651,12640000.3433228,24649999.6185303,36439998.626709,27100000.3814697,10109999.6566772,20719999.3133545,24969999.3133545,44529998.7792969,39560001.373291,23600000.3814697,46450000.7629395,16049999.2370605,53220001.2207031,56540000.9155273,56979999.5422363,43387390.1367188,53310119.6289063,51938518.5241699,40015731.8115234,45162200.9277344,43667942.0471191,64510948.1811523,62083267.2119141,98658882.1411133,..,..
Timor-Leste,TLS,"Net bilateral aid flows from DAC donors, United States (current US$)",DC.DAC.USAL.CD,..,..,..,..,..,..,..,..,..,..,1399999.97615814,4269999.98092651,27450000.7629395,22719999.3133545,27190000.5340576,19899999.6185303,20639999.3896484,25059999.4659424,32740001.6784668,29069999.6948242,27139999.3896484,36150001.5258789,20959999.0844727,19739999.7711182,27149999.6185303,17763450.6225586,19858892.4407959,22859889.9841309,22628700.2563477,28021938.3239746,37727146.1486816,29755369.1864014,28885047.9125977,42849327.0874023,..,..
Togo,TGO,"Net bilateral aid flows from DAC donors, United States (current US$)",DC.DAC.USAL.CD,10000000,10000000,11000000,8000000,6000000,3000000,2000000,2000000,1519999.98092651,3849999.90463257,1929999.94754791,2299999.95231628,6650000.09536743,5500000,3549999.95231628,2980000.01907349,2039999.96185303,7440000.05722046,3000000,3779999.97138977,3980000.01907349,3640000.10490417,3380000.11444092,4090000.15258789,3269999.98092651,3042582.98873901,4974111.08016968,5026909.82818604,3954750.06103516,3966217.99468994,4489009.85717773,13725660.3240967,14110552.7877808,27817287.4450684,..,..
Tonga,TON,"Net bilateral aid flows from DAC donors, United States (current US$)",DC.DAC.USAL.CD,..,..,..,..,1000000,1000000,1000000,1000000,639999.985694885,..,29999.9993294477,1190000.05722046,1149999.97615814,980000.019073486,1090000.0333786,740000.009536743,899999.976158142,769999.980926514,829999.983310699,1210000.03814697,1169999.95708466,1210000.03814697,1000000,1269999.98092651,1129999.99523163,1609774.94716644,1354313.96961212,1472959.99526978,1603189.94522095,1278736.94896698,669037.997722626,1027629.97150421,2368581.05659485,3019332.88574219,..,..
Trinidad and Tobago,TTO,"Net bilateral aid flows from DAC donors, United States (current US$)",DC.DAC.USAL.CD,..,..,..,..,..,..,..,..,100000.001490116,..,790000.021457672,1169999.95708466,610000.014305115,200000.002980232,1789999.96185303,519999.980926514,180000.007152557,270000.010728836,319999.992847443,479999.989271164,1309999.94277954,..,..,..,..,..,..,..,..,..,..,..,..,..,..,..
Tunisia,TUN,"Net bilateral aid flows from DAC donors, United States (current US$)",DC.DAC.USAL.CD,31000000,8000000,1000000,-12000000,-15000000,-14000000,-21000000,-19000000,-21069999.6948242,-20680000.3051758,-19690000.5340576,-18760000.2288818,-20760000.2288818,-17200000.7629395,-15670000.0762939,-15140000.3433228,-12750000,-10869999.8855591,-8069999.69482422,-5260000.22888184,-3230000.01907349,4760000.22888184,107580001.831055,16840000.1525879,18370000.8392334,20485343.9331055,30713470.4589844,29404220.5810547,45169818.8781738,125376060.48584,93656440.7348633,109372871.398926,72183250.4272461,127867156.982422,..,..
Turkiye,TUR,"Net bilateral aid flows from DAC donors, United States (current US$)",DC.DAC.USAL.CD,-76000000,225000000,-78000000,133000000,-71000000,101000000,-75000000,-86000000,-72589996.3378906,-72779998.7792969,-61930000.3051758,-59509998.3215332,144529998.779297,-43389999.3896484,-29680000.3051758,-14500000,-20120000.8392334,-11819999.6948242,-5440000.05722046,-6539999.96185303,6289999.96185303,11420000.0762939,14079999.9237061,16069999.6948242,73819999.6948242,48004806.5185547,48734443.6645508,41422981.262207,58169170.3796387,64290748.5961914,49649478.9123535,64177207.9467773,66785232.5439453,177162368.774414,..,..
Turkmenistan,TKM,"Net bilateral aid flows from DAC donors, United States (current US$)",DC.DAC.USAL.CD,..,..,5000000,24000000,13000000,16000000,12000000,..,2450000.04768372,8279999.73297119,7539999.96185303,14119999.8855591,12140000.3433228,6510000.22888184,6539999.96185303,9609999.65667725,3109999.89509583,140000.000596046,-3359999.89509583,10829999.9237061,9470000.26702881,10140000.3433228,10699999.8092651,7920000.07629395,8819999.69482422,5219742.77496338,4290651.79824829,2927309.9899292,3023080.11054993,4410611.15264893,3677258.96835327,4557559.96704102,3996902.94265747,4557104.11071777,..,..
Turks and Caicos Islands,TCA,"Net bilateral aid flows from DAC donors, United States (current US$)",DC.DAC.USAL.CD,..,..,..,..,..,..,..,..,..,..,9999.99977648258,39999.9991059303,9999.99977648258,..,..,..,..,..,..,..,..,..,..,..,..,..,..,..,..,..,..,..,..,..,..,..
Tuvalu,TUV,"Net bilateral aid flows from DAC donors, United States (current US$)",DC.DAC.USAL.CD,..,..,..,..,..,..,..,..,..,..,..,..,..,..,..,..,..,..,..,9999.99977648258,..,50000.0007450581,..,..,..,49777.9995203018,..,..,..,..,..,150000.005960464,79999.9982118607,100000.001490116,..,..
Uganda,UGA,"Net bilateral aid flows from DAC donors, United States (current US$)",DC.DAC.USAL.CD,30000000,35000000,22000000,57000000,51000000,49000000,29000000,36000000,35750000,47400001.5258789,57919998.1689453,66480003.3569336,109349998.474121,174020004.272461,207710006.713867,228820007.324219,246220001.220703,301570007.324219,352880004.882813,366880004.882813,342679992.675781,392029998.779297,380820007.324219,459079986.572266,470070007.324219,409866943.359375,538707031.25,639981567.382813,611409729.003906,516499572.753906,642262756.347656,630775695.800781,615974975.585938,683201110.839844,..,..
Ukraine,UKR,"Net bilateral aid flows from DAC donors, United States (current US$)",DC.DAC.USAL.CD,..,..,..,..,..,..,..,..,..,..,..,..,..,..,..,99430000.3051758,130240005.493164,91089996.3378906,98919998.1689453,103010002.13623,165130004.882813,104269996.643066,148869995.117188,119620002.746582,158970001.220703,244440933.227539,171368469.238281,231810897.827148,190858627.319336,198099319.458008,236295043.945313,304717193.603516,9238051757.8125,11790043945.3125,..,..
United Arab Emirates,ARE,"Net bilateral aid flows from DAC donors, United States (current US$)",DC.DAC.USAL.CD,..,..,..,..,..,..,..,..,..,..,..,..,..,..,..,..,..,..,..,..,..,..,..,..,..,..,..,..,..,..,..,..,..,..,..,..
United Kingdom,GBR,"Net bilateral aid flows from DAC donors, United States (current US$)",DC.DAC.USAL.CD,..,..,..,..,..,..,..,..,..,..,..,..,..,..,..,..,..,..,..,..,..,..,..,..,..,..,..,..,..,..,..,..,..,..,..,..
United States,USA,"Net bilateral aid flows from DAC donors, United States (current US$)",DC.DAC.USAL.CD,..,..,..,..,..,..,..,..,..,..,..,..,..,..,..,..,..,..,..,..,..,..,..,..,..,..,..,..,..,..,..,..,..,..,..,..
Upper middle income,UMC,"Net bilateral aid flows from DAC donors, United States (current US$)",DC.DAC.USAL.CD,586000000,1070000000,135000000,785000000,705000000,909000000,671000000,594000000,720289998.132735,1111799992.53899,1132849994.32601,1625129976.09563,2463090004.97684,3773059939.92276,4764620002.81177,13239720044.4564,7252219833.94399,5668460084.36382,5820790036.66341,5618730057.979,4294329975.63109,4582690049.96866,3319289998.96161,3099210012.94628,3025840032.38752,2760300176.96274,2776140840.67196,3347725627.77251,3390653243.20481,3198866525.48332,3750379797.82,3985021925.26311,12412970446.54,15788617700.8785,..,..
Uruguay,URY,"Net bilateral aid flows from DAC donors, United States (current US$)",DC.DAC.USAL.CD,..,-1000000,-1000000,4000000,1000000,1000000,1000000,1000000,479999.989271164,430000.007152557,340000.003576279,-1669999.95708466,-1740000.00953674,-1899999.97615814,-1639999.98569489,-1539999.96185303,400000.005960464,519999.980926514,970000.028610229,959999.978542328,1129999.99523163,1419999.95708466,370000.004768372,289999.99165535,140000.000596046,539346.992969513,486124.008893967,57739.9991452694,..,..,..,..,..,..,..,..
Uzbekistan,UZB,"Net bilateral aid flows from DAC donors, United States (current US$)",DC.DAC.USAL.CD,..,..,..,1000000,4000000,1000000,6000000,2000000,4329999.92370605,17530000.6866455,35659999.8474121,50240001.6784668,74269996.6430664,68360000.6103516,61240001.6784668,34970001.2207031,49150001.5258789,19100000.3814697,17959999.0844727,9850000.38146973,14670000.0762939,6260000.22888184,8930000.30517578,24659999.8474121,21090000.1525879,7367208.95767212,6762667.17910767,8025799.75128174,8627059.93652344,17214275.3601074,20697191.2384033,37924709.3200684,39960353.8513184,51812099.4567871,..,..
Vanuatu,VUT,"Net bilateral aid flows from DAC donors, United States (current US$)",DC.DAC.USAL.CD,..,..,..,..,..,..,..,..,660000.026226044,810000.002384186,560000.002384186,889999.985694885,1059999.94277954,1210000.03814697,1779999.97138977,1519999.98092651,3230000.01907349,2329999.92370605,25879999.1607666,22760000.2288818,19129999.1607666,3000000,2210000.03814697,2670000.07629395,3029999.97138977,4931873.79837036,3459218.97888184,3646430.01556396,3621170.04394531,2391880.98907471,1805650.94947815,1578600.04901886,1470407.96279907,3491779.088974,..,..
"Venezuela, RB",VEN,"Net bilateral aid flows from DAC donors, United States (current US$)",DC.DAC.USAL.CD,..,..,..,..,..,..,..,..,529999.971389771,1110000.01430511,6820000.17166138,10609999.6566772,10930000.3051758,12000000,9000000,8960000.03814697,9779999.73297119,10119999.8855591,9550000.19073486,11720000.2670288,8390000.34332275,8229999.54223633,8590000.15258789,6590000.15258789,5570000.17166138,7940882.20596313,9860185.62316895,12313790.3213501,15135330.2001953,43338401.7944336,89783943.1762695,104841438.293457,123893096.923828,202132858.276367,..,..
Viet Nam,VNM,"Net bilateral aid flows from DAC donors, United States (current US$)",DC.DAC.USAL.CD,2000000,1000000,2000000,2000000,10000000,1000000,..,48000000,-9609999.65667725,-150000.005960464,6789999.96185303,8670000.07629395,14649999.6185303,33729999.5422363,30489999.7711182,28139999.3896484,45229999.5422363,40580001.8310547,62630001.0681152,78139999.3896484,92059997.5585938,88290000.9155273,81980003.3569336,105480003.356934,93559997.5585938,80096305.847168,103829513.549805,116161399.841309,113255142.211914,96440750.1220703,136242172.241211,142811584.472656,153420288.085938,211936141.967773,..,..
Virgin Islands (U.S.),VIR,"Net bilateral aid flows from DAC donors, United States (current US$)",DC.DAC.USAL.CD,..,..,..,..,..,..,..,..,..,..,..,..,..,..,..,..,..,..,..,..,..,..,..,..,..,..,..,..,..,..,..,..,..,..,..,..
West Bank and Gaza,PSE,"Net bilateral aid flows from DAC donors, United States (current US$)",DC.DAC.USAL.CD,..,..,..,19000000,64000000,..,27000000,70000000,75400001.5258789,84879997.253418,60110000.6103516,84290000.9155273,138100006.103516,194100006.103516,273859985.351563,180559997.558594,205529998.779297,212259994.506836,490600006.103516,844309997.558594,714609985.351563,617539978.027344,282149993.896484,958669982.910156,544190002.441406,256708892.822266,650373474.121094,332639770.507813,269647491.455078,68682006.8359375,20289369.5831299,46143791.1987305,86708732.6049805,146189758.300781,..,..
World,WLD,"Net bilateral aid flows from DAC donors, United States (current US$)",DC.DAC.USAL.CD,11170000000,12019000000,11727000000,10028000000,10031000000,6236000000,11371000000,4876000000,5967319824.21875,6753640136.71875,7369029785.15625,8306669921.875,10628660156.25,14742000000,16356610351.5625,25650890625,21254480468.75,18996839843.75,23541750000,25265679687.5,25998410156.25,27358730468.75,25464789062.5,26406458984.375,27550400390.625,26681619140.625,28572382812.5,30044740234.375,30026154296.875,28840439453.125,29709521484.375,38307574218.75,52086875000,59318867187.5,..,..
"Yemen, Rep.",YEM,"Net bilateral aid flows from DAC donors, United States (current US$)",DC.DAC.USAL.CD,41000000,19000000,11000000,19000000,1000000,3000000,3000000,4000000,7050000.19073486,44740001.6784668,56590000.1525879,28489999.7711182,24079999.9237061,22700000.7629395,43290000.9155273,15859999.6566772,31790000.9155273,19940000.5340576,25479999.5422363,26239999.7711182,47700000.7629395,73970001.2207031,156880004.882813,226970001.220703,161410003.662109,196677276.611328,299437194.824219,439419342.041016,598674865.722656,638053771.972656,703777221.679688,900572875.976563,982536254.882813,820322143.554688,..,..
Zambia,ZMB,"Net bilateral aid flows from DAC donors, United States (current US$)",DC.DAC.USAL.CD,12000000,22000000,71000000,34000000,13000000,21000000,18000000,48000000,12060000.4196167,26579999.9237061,46080001.8310547,29040000.9155273,48290000.9155273,63599998.4741211,81769996.6430664,110790000.915527,309910003.662109,165289993.286133,226490005.493164,231860000.610352,228199996.948242,275119995.117188,302769989.013672,312820007.324219,321059997.558594,266803863.525391,367970581.054688,495148773.193359,479139678.955078,318409790.039063,391790283.203125,399980529.785156,408518035.888672,433694976.806641,..,..
Zimbabwe,ZWE,"Net bilateral aid flows from DAC donors, United States (current US$)",DC.DAC.USAL.CD,15000000,28000000,91000000,27000000,34000000,29000000,17000000,19000000,24200000.7629395,20159999.8474121,13109999.6566772,15970000.2670288,47040000.9155273,34959999.0844727,30440000.5340576,41650001.5258789,36389999.3896484,139089996.337891,222899993.896484,249740005.493164,155279998.779297,186839996.337891,172350006.103516,169000000,177500000,154040542.602539,216199508.666992,227523895.263672,202534973.144531,257224548.339844,282374633.789063,343128234.863281,289188232.421875,316813690.185547,..,..
,,,,,,,,,,,,,,,,,,,,,,,,,,,,,,,,,,,,,,,
,,,,,,,,,,,,,,,,,,,,,,,,,,,,,,,,,,,,,,,
,,,,,,,,,,,,,,,,,,,,,,,,,,,,,,,,,,,,,,,
Data from database: World Development Indicators,,,,,,,,,,,,,,,,,,,,,,,,,,,,,,,,,,,,,,,
Last Updated: 07/13/2026,,,,,,,,,,,,,,,,,,,,,,,,,,,,,,,,,,,,,,,
