Country Name,Country Code,Series Name,Series Code,1990 [YR1990],1991 [YR1991],1992 [YR1992],1993 [YR1993],1994 [YR1994],1995 [YR1995],1996 [YR1996],1997 [YR1997],1998 [YR1998],1999 [YR1999],2000 [YR2000],2001 [YR2001],2002 [YR2002],2003 [YR2003],2004 [YR2004],2005 [YR2005],2006 [YR2006],2007 [YR2007],2008 [YR2008],2009 [YR2009],2010 [YR2010],2011 [YR2011],2012 [YR2012],2013 [YR2013],2014 [YR2014],2015 [YR2015],2016 [YR2016],2017 [YR2017],2018 [YR2018],2019 [YR2019],2020 [YR2020],2021 [YR2021],2022 [YR2022],2023 [YR2023],2024 [YR2024],2025 [YR2025]
Afghanistan,AFG,Exports of goods and services (% of GDP),NE.EXP.GNFS.ZS,..,..,..,..,..,..,..,..,..,..,..,..,..,..,..,..,..,..,..,..,..,..,..,..,..,..,..,..,..,..,10.4208171386207,14.342152797537,18.3800424016375,16.2352784419391,15.7027518479481,..
Afghanistan,AFG,Fuel exports (% of merchandise exports),TX.VAL.FUEL.ZS.UN,..,..,..,..,..,..,..,..,..,..,..,..,..,..,..,..,..,..,..,..,..,..,..,..,..,3.45045583056684,..,5.23442813305688,10.2131805125,8.0512789669382,..,..,..,..,..,..
Afghanistan,AFG,Ores and metals exports (% of merchandise exports),TX.VAL.MMTL.ZS.UN,..,..,..,..,..,..,..,..,..,..,..,..,..,..,..,..,..,..,..,0.137976802486954,0.275244541510738,0.305786388425507,..,..,..,1.06525272819338,1.12452208638717,0.83809143240314,1.20988438299409,2.19992094192385,..,..,..,..,..,..
Africa Eastern and Southern,AFE,Exports of goods and services (% of GDP),NE.EXP.GNFS.ZS,20.3024567059601,18.4391931443722,21.4602727582505,22.6439229212955,23.6342975939517,24.2987159258599,25.4019688189712,24.4832899559001,24.8101365318032,24.7346970094741,25.5458281643018,27.2075547915452,27.535691175228,25.3435760791817,25.5076384535665,27.4187648320494,29.2337914845654,31.5737589559961,34.9231992557532,26.9152499176512,29.0142188659107,30.9777286742066,29.4705342149546,28.8108336643313,27.7424183258334,23.908542224775,23.6847419806965,23.7950438337964,25.3367082736352,23.9488254031749,22.1912368193954,25.7282688404396,27.0330789398506,26.1604657168212,25.5215824374484,25.5665587243646
Africa Eastern and Southern,AFE,Fuel exports (% of merchandise exports),TX.VAL.FUEL.ZS.UN,..,..,..,..,..,..,..,5.56765894857205,..,8.10841620583554,9.25855714577765,9.41700376941651,10.2586355059809,9.5544087833447,8.05887913918278,9.72718870364484,10.159963302837,26.9462800392534,26.4563198630072,27.3579146243197,27.1119407233992,27.8301140557451,27.0101380459069,25.8823503516806,27.2032230472005,24.9193367162874,23.7499723196979,25.325805833371,24.868595773782,24.8616511267977,23.3440112274734,23.7112812835952,27.0051029133426,25.4045423555971,27.4727798748792,..
Africa Eastern and Southern,AFE,Ores and metals exports (% of merchandise exports),TX.VAL.MMTL.ZS.UN,..,..,..,..,..,..,..,10.3668113663016,..,18.4698582448094,11.3133195108096,19.8438057233785,12.8714839439035,17.7012185330208,19.6742313126308,20.595251405437,25.5331422429342,22.1943600721959,21.3728614318005,20.3387562933284,21.6730422248286,21.7823875013114,19.775359413035,20.0688387251043,19.2856836813389,20.1521044340872,18.8550564853315,19.3710823884947,19.6126242857926,22.2500363354775,24.7557765172883,27.7273106688415,24.953767912307,23.4891099023945,22.7545089595902,..
Africa Western and Central,AFW,Exports of goods and services (% of GDP),NE.EXP.GNFS.ZS,..,..,..,..,..,..,..,..,..,..,..,..,..,..,..,..,..,..,..,..,..,..,..,..,..,..,..,..,..,..,..,..,..,..,..,..
Africa Western and Central,AFW,Fuel exports (% of merchandise exports),TX.VAL.FUEL.ZS.UN,..,..,..,..,..,..,60.7462395887592,60.3856555870376,60.577167386953,61.8610279019444,64.2825645326027,62.8924045808753,65.7572568417322,61.6800349603521,..,..,66.2847951150019,63.3881834361039,61.1658816129059,60.2885592712719,58.1250599313802,61.5610811318002,60.33667241418,60.8801930729107,59.795509881098,53.7920713333834,53.5833864569626,60.5046831729889,63.5423307004518,61.2498142905769,61.9257629001207,57.4018443066563,63.249762181284,61.5557212451894,..,..
Africa Western and Central,AFW,Ores and metals exports (% of merchandise exports),TX.VAL.MMTL.ZS.UN,..,..,..,..,..,..,4.02990416633014,4.74718541529832,3.73097212909659,3.53483258179361,4.10463183183001,4.18437841299906,3.43288330776563,2.1831163623974,..,..,2.36055598689792,3.67087730015844,3.61111819826856,1.90807310994598,2.54736673777905,1.97010834762719,1.61765880694995,3.05170235570345,3.29013284354698,2.76499697323678,2.55302480063292,2.31783671404334,2.21115062478375,2.50607667870656,2.51423976891489,3.20494253327793,2.74734173097439,3.89863932946242,..,..
Albania,ALB,Exports of goods and services (% of GDP),NE.EXP.GNFS.ZS,15.4050638293415,7.48481872467814,12.4995914932505,15.9788298133865,11.983694347693,12.2696512257008,11.4951450178899,10.0408492363618,11.2273038242118,16.4734334387411,19.5304708980011,20.6135666190169,20.1711859333135,20.1638803786461,21.5517522222215,22.4427818397267,24.5085919324007,27.1308199124046,24.5826619203536,24.644624460972,27.6099296701047,29.0544738022633,29.1107709360814,28.8694020076469,28.0683434875498,27.0693224620319,28.6697931741608,31.0017957888583,31.1140135421951,30.9361224858484,22.5407585558933,31.1330562572669,37.1970755614977,38.4188212901288,36.2848685351465,37.0141194079686
Albania,ALB,Fuel exports (% of merchandise exports),TX.VAL.FUEL.ZS.UN,..,..,..,..,..,..,2.988651627069,1.7207253450672,1.16927644792172,2.15548929178211,1.85161317101105,1.44835925490073,2.00964296137502,1.02973846823218,2.62772601236456,8.62320052650774,13.6870930880734,7.45160846335455,21.7778133829324,11.5960780358903,17.9566359019427,21.1844242109543,26.5886649344812,30.9941380486986,1.56752332146237,8.80663865038583,11.1750623184928,0.824085099956457,1.66266621721824,0.602741338715028,0.905736426979895,0.0239145120005926,0.408202316704775,6.34538423879421,3.25771222753826,..
Albania,ALB,Ores and metals exports (% of merchandise exports),TX.VAL.MMTL.ZS.UN,..,..,..,..,..,..,11.5926724587052,9.3259391302539,12.5983303691208,3.91057422218601,3.7179233054858,2.91299499497097,3.43255983968605,4.09518729937779,5.55303918360657,24.1407825764506,37.8643455707951,13.556991094879,32.5786009009848,9.55255174912569,12.8160980293912,11.8992063321516,10.9118328438961,9.78060057087312,4.58216010178408,7.54584263344886,8.80533257546907,5.05918674025811,2.02773332086022,3.10433628032436,4.08685599913531,2.47454305915757,0.0613901739063739,5.34944752843742,5.64934031462141,..
Algeria,DZA,Exports of goods and services (% of GDP),NE.EXP.GNFS.ZS,23.4436850828471,29.11782217052,25.3195942793437,21.7838769961664,22.5307252452381,26.1947759790559,29.7604483251847,30.9063113798645,22.5783540098039,28.150113118469,42.0697177213416,34.1212313958018,33.1371640975005,35.6690635287432,38.3929594593676,44.371282898314,45.7641342682087,44.720155665402,45.6471818058054,32.5860062711518,34.988229614912,35.9880864093259,34.3827920015035,30.7993649290893,27.6194863705878,20.5281416810455,18.4866879717888,20.3336795171675,23.423105738908,20.407941949491,15.5352011116191,23.4443672905951,30.7915561763341,23.7900604738163,19.8523800653814,16.8347751595565
Algeria,DZA,Fuel exports (% of merchandise exports),TX.VAL.FUEL.ZS.UN,..,..,96.6081246747935,95.85586696523,97.0698867747908,95.2155009809702,92.9136262805971,97.1926995507234,97.0055149898064,97.1411466547161,98.0870247131707,97.6220771184034,96.8525631108902,98.0418496791982,98.1581027723641,98.3968237779365,98.053114107359,98.3784356732768,98.1397675706731,98.33852819805,98.3108761995675,98.3333229077681,98.4004104735679,98.3397689163232,97.228399822397,95.839787593179,95.3110605757096,96.1115601990579,..,..,..,..,..,..,..,..
Algeria,DZA,Ores and metals exports (% of merchandise exports),TX.VAL.MMTL.ZS.UN,..,..,0.381798525233195,0.309517892757541,0.327071508258852,0.515464278037815,0.682564236401342,0.537861736239984,0.706625825559123,0.466549200603716,0.254196613039328,0.314753141902234,0.427039949647696,0.382587437708857,0.414819808828625,0.491152211167111,0.721648354313415,0.508916486832056,0.632777159338741,0.470471726874241,0.29121687605806,0.255945929207127,0.24608003183097,0.167011835510265,0.179690702278308,0.309061621803374,0.251775038423141,0.165401420227525,..,..,..,..,..,..,..,..
American Samoa,ASM,Exports of goods and services (% of GDP),NE.EXP.GNFS.ZS,..,..,..,..,..,..,..,..,..,..,..,..,101.171875,97.9007633587786,90.3732809430255,99.6,100.405679513185,97.4903474903475,114.464285714286,78.5185185185185,63.5253054101222,58.7719298245614,75.46875,71.7868338557994,66.7185069984448,63.5958395245171,63.9344262295082,59.1503267973856,68.2316118935837,61.6692426584235,59.2233009708738,44.2666666666667,46.9575200918485,..,..,..
American Samoa,ASM,Fuel exports (% of merchandise exports),TX.VAL.FUEL.ZS.UN,..,..,..,..,..,..,..,..,..,..,..,..,..,..,..,..,..,..,..,..,..,..,..,..,..,..,..,..,..,..,..,..,..,..,..,..
American Samoa,ASM,Ores and metals exports (% of merchandise exports),TX.VAL.MMTL.ZS.UN,..,..,..,..,..,..,..,..,..,..,..,..,..,..,..,..,..,..,..,..,..,..,..,..,..,..,..,..,..,..,..,..,..,..,..,..
Andorra,AND,Exports of goods and services (% of GDP),NE.EXP.GNFS.ZS,..,..,..,..,..,..,..,..,..,..,..,..,..,..,..,..,..,..,..,..,..,..,..,..,..,..,..,..,..,..,..,..,..,..,..,..
Andorra,AND,Fuel exports (% of merchandise exports),TX.VAL.FUEL.ZS.UN,..,..,..,..,..,0.169823572259061,0.00801851368415153,0.0061291176337256,0.01444721655249,0.0978477340993332,0.133470719864966,0.201277203740919,0.00340850271314777,0.00718421522431373,0.0020915587513253,0.00139066416530204,0.000877373640358075,0.0164949512104574,0.00639829246971588,0.0674187377593231,0.00171578894223204,0.00296782977763237,0.0954824010290095,0.126266414497508,0.113812116132643,0.0444906582187301,0.0106675178543429,0.00858196988222723,0.0136381879282452,0.0906269065381471,0.0290968240410038,0.0330618847275828,0.00558704941523787,0.0101475994472374,..,..
Andorra,AND,Ores and metals exports (% of merchandise exports),TX.VAL.MMTL.ZS.UN,..,..,..,..,..,2.28774093082588,2.18180773109279,1.66116587733965,1.51417337793656,2.1112519505349,2.19826613149543,2.32001965157747,2.14867273955292,2.35995314121409,2.56704139737746,2.18896354486335,1.82200271689541,2.86275108752025,3.61329476605585,2.87709545495436,4.28346709428229,3.45045818590949,3.60900357806592,3.23080975672319,3.9969773546561,4.50860643403967,2.4287686353391,2.65224401857042,3.21302764493708,3.61898604647194,1.96973650891559,3.37964936679901,1.30285025291511,1.77400635480091,..,..
Angola,AGO,Exports of goods and services (% of GDP),NE.EXP.GNFS.ZS,..,..,..,..,..,..,..,..,..,..,..,..,49.4975384821664,47.5644609673603,51.0441768859082,58.7232661862792,56.8533385675726,61.2105085582818,65.0305321879704,50.899386395701,53.8925161324003,54.1205324820007,50.0270607126239,45.232320919781,37.014326749248,26.1489317126281,24.2972921889814,25.0848249879727,35.848110999411,36.9500822651989,31.7595359781269,40.092305214066,36.0134857147868,32.6693723720411,30.8795219046294,22.9777500640377
Angola,AGO,Fuel exports (% of merchandise exports),TX.VAL.FUEL.ZS.UN,93.4776803422701,94.8315360921689,..,..,..,..,..,..,..,..,..,..,..,..,..,..,..,97.2265175257191,97.6960413340041,97.9163484511435,97.9075489248038,98.1409863974632,98.3701689632146,98.2172596289667,97.7227216005661,94.0159079753161,92.7010547736293,94.6912550619684,95.6723202169276,95.2492483273439,93.0512900749378,94.1637464395459,94.9233435630702,94.1710862801417,94.1347736309318,..
Angola,AGO,Ores and metals exports (% of merchandise exports),TX.VAL.MMTL.ZS.UN,6.22259790016432,4.85604896004024,..,..,..,..,..,..,..,..,..,..,..,..,..,..,..,2.6754262387962,1.91922873173295,2.00203147222072,2.03762931763898,1.82030992184898,1.56671577949772,1.70731149604581,2.18366735941927,3.24392135052176,3.5430584083964,3.2888111877969,2.9599977992618,3.54452524881699,5.37285733742943,4.73446732916134,4.13015252901342,4.34074978568308,4.35688565012152,..
Antigua and Barbuda,ATG,Exports of goods and services (% of GDP),NE.EXP.GNFS.ZS,..,..,..,..,..,..,..,..,..,..,..,..,..,..,..,..,..,..,..,..,..,..,..,..,74.5107467810698,70.7044967935257,70.0240929106175,64.4160024709769,62.470548111624,69.1646948026456,41.8859637615377,46.9612135727066,55.0022835102638,..,..,..
Antigua and Barbuda,ATG,Fuel exports (% of merchandise exports),TX.VAL.FUEL.ZS.UN,..,..,..,..,..,..,..,..,..,0,0,..,..,..,..,0.724794167438721,..,0,..,0,0,0,0,0,0,0,0,0,0,0,0,0,0,0,0,..
Antigua and Barbuda,ATG,Ores and metals exports (% of merchandise exports),TX.VAL.MMTL.ZS.UN,..,..,..,..,..,..,..,..,..,8.98954714100898,6.46433432489683,..,..,..,..,1.5747754095473,..,0.54754745232019,..,6.14438097066872,1.77617053610648,1.98029913853413,2.70235544410556,30.9908270679986,17.5317077380815,15.6204515801356,7.50610085291906,7.27206580468804,0.307319818753686,0,7.38825540755649E-05,0.514114116333737,0,0,0.482961925425427,..
Arab World,ARB,Exports of goods and services (% of GDP),NE.EXP.GNFS.ZS,..,..,..,..,..,..,..,..,..,..,..,37.9191838679293,39.1962893423327,42.49230557603,47.3953954743361,52.0395912552096,53.6217489439315,53.6007291989536,56.4793637307042,45.8937247956447,48.2995980461891,52.6260158765468,54.0815768620635,52.1910933717152,48.3226102138957,40.0715424799473,37.3373626605068,41.5501745038547,44.2298142763164,41.932029685868,35.6320922451355,41.3602061150739,47.6567008332038,46.8268242818741,..,..
Arab World,ARB,Fuel exports (% of merchandise exports),TX.VAL.FUEL.ZS.UN,..,51.2091429177487,53.8977237327715,52.4004700120572,..,..,..,..,..,82.9637654924361,84.7661784457732,84.4706370351967,71.1731585006202,67.3781484370273,71.6622649606191,71.9829481681375,75.8966764858011,76.3031032280954,75.7234321877832,65.6520007355962,69.715687934463,70.9039610957859,66.4269018975951,70.9308263552376,68.4649679956426,60.6466173525266,58.629152566523,58.4236829733023,69.7721149122375,73.5847924369904,66.9447590997182,67.7079874979293,71.254517473997,68.4700797161684,..,..
Arab World,ARB,Ores and metals exports (% of merchandise exports),TX.VAL.MMTL.ZS.UN,..,34.6139499243775,28.7291200088501,22.9596736160587,..,..,..,..,..,2.4377679053909,2.1968752104048,2.44516150784513,1.81485000417548,1.69833444548615,1.38934246055418,2.05221056216139,1.38974678048152,1.37629313830285,1.68129506142737,1.39393804240898,1.56099936143827,1.71178890688184,2.25424781507765,2.11973744371733,2.53977081289251,3.55788732168717,3.71378624069752,3.93864577851418,4.12034501559519,3.27946434261924,3.62270430131925,4.41277343081027,4.27917669864771,4.16376337381061,..,..
Argentina,ARG,Exports of goods and services (% of GDP),NE.EXP.GNFS.ZS,10.3595365925264,7.67504334832217,6.5981874720374,6.90935153370832,7.52994872591672,9.68041025959015,10.4285967560139,10.5608501019262,10.4155819610919,9.82717451494235,10.9863752325576,11.5790080825317,28.3825969991682,25.9309429264224,23.8476194239892,23.2458767338576,23.0266946038115,22.6627503115066,22.0609003826242,19.5609850560818,18.9338234053709,18.4492091453155,16.2378594620246,14.6171733884386,14.4054785893756,10.7056520504538,12.5270951690009,11.3202833596733,14.4366857499034,17.9248783778462,16.6054144372484,18.0667091690365,16.2816677253254,12.8223120961047,15.2497485928824,15.5556611218587
Argentina,ARG,Fuel exports (% of merchandise exports),TX.VAL.FUEL.ZS.UN,..,..,8.83930605509692,9.41596460129187,10.4211813944822,10.33985004541,12.9690098612611,11.6985744022358,8.61176447846474,12.1168238278399,17.6241830605225,17.0272143366815,17.0062379055992,17.0830633855413,16.0002898523067,16.3961455637403,15.2633165831813,10.9263085486107,9.37098213409865,10.1652445466661,7.90317746658418,5.97246544174461,6.22846935291873,4.68210789818476,4.67799000825185,2.5385946406222,2.4962680453126,2.78500093366595,4.11930419519493,3.59772172153483,2.67898842404181,2.64279316542856,6.17703046770052,8.81364245499018,8.77014211533671,..
Argentina,ARG,Ores and metals exports (% of merchandise exports),TX.VAL.MMTL.ZS.UN,..,..,1.16809954166824,1.15900037878705,1.31190920146745,1.6319182010604,1.16622888074536,1.54525234767863,2.72640652681059,3.27440510617291,2.95260482914875,3.05270707923539,3.86643385692681,3.00518542990703,3.91732292241496,3.21539774249875,4.22283436478006,3.81560735354694,3.20115086300142,3.75718173585009,4.2913752113995,3.93876593149719,4.06073948658929,3.17808809731559,3.26437711403037,2.74931567838647,3.21486753032155,3.19025791652857,0.475460975897366,0.440466498242655,0.217988929465899,0.0559330328460208,0.279738031699619,0.39379723312782,0.170904833823205,..
Armenia,ARM,Exports of goods and services (% of GDP),NE.EXP.GNFS.ZS,35.0029815146094,40.7453883799724,39.8207550211161,47.2189758700553,39.3280393523261,23.9279208283617,23.2400035043381,20.2732693887542,19.0030199716737,20.7582469526567,22.1614188089398,24.1458543956306,27.832108365994,30.4829978923981,28.1907438231723,27.3131979500115,22.1459814355134,18.1893569819725,14.2657295739767,14.6709007461363,19.7484153168252,22.5231882640131,27.5618114828439,28.3534851384818,28.5603816555446,29.7253912120334,33.7442798606396,38.2160456550464,39.3928940286073,42.2626073502911,30.0766482474182,35.6688923952932,51.5709203656497,61.008329479156,73.6253540067184,48.0989027205254
Armenia,ARM,Fuel exports (% of merchandise exports),TX.VAL.FUEL.ZS.UN,..,..,..,..,..,..,..,0.733173669192767,..,8.26798770854123,10.1236750243125,7.86912485968109,3.17595536456295,1.96269179078979,3.05202767195407,2.21920980265978,2.03225317294973,1.19645999429122,0.259782913208907,0.0903876860458172,3.02154436932198,7.83107688026681,7.4451684844257,5.74395895307294,5.94447107873547,5.9197338745284,3.48883009523153,3.58398830414633,3.7309961281298,2.85017379117155,3.0020518152451,1.84437960576672,1.90126435030844,0.893985811730312,0.679482108248347,..
Armenia,ARM,Ores and metals exports (% of merchandise exports),TX.VAL.MMTL.ZS.UN,..,..,..,..,..,..,..,26.1086484976101,..,12.7389844900015,25.7575724877869,27.4245575233752,14.445423781967,19.2133766077605,21.287034246159,9.40870946056114,23.5372102420667,31.4565241791176,28.548310685311,44.0860659129662,50.7772242753667,47.3695609850977,40.221886097324,37.4789355590973,35.230494315673,40.9761824108989,34.6664941240264,39.4460702351596,33.9061842659703,36.1418001345159,36.820585926971,39.6480325509172,21.8592963976107,14.7119096760444,16.1462440928624,..
Aruba,ABW,Exports of goods and services (% of GDP),NE.EXP.GNFS.ZS,..,..,..,..,..,84.8984771573604,86.6396761133603,82.5309992706054,79.6377054679638,79.928664072633,74.3860109498193,70.9967837702649,64.5643135803172,62.7312132409209,64.6655585140977,68.0752981880873,64.5941526531523,65.0612625386555,65.5292950658025,62.9185634689552,60.2181860904717,69.7510127562388,73.1035458041627,73.5764358929723,75.4546231589626,70.3217227986333,68.9666600570598,69.6369362107407,68.4088639609739,66.7030809219838,53.802537849084,67.3235487070639,80.7428143791554,79.8588933716615,85.9688151817883,..
Aruba,ABW,Fuel exports (% of merchandise exports),TX.VAL.FUEL.ZS.UN,..,..,..,..,..,..,..,..,..,..,..,..,..,..,..,..,..,..,..,0.00955674346080584,0.106446012341249,0.0107756603770306,0.0469829005505492,0.00338457142104372,0.24352175025681,0.197299260830369,0.104981848860667,0.115122321702268,0.0596714795288132,0.0108719232886248,0.0453619365164954,0.028564634582758,0.0231820084331402,0.0602540892919389,..,..
Aruba,ABW,Ores and metals exports (% of merchandise exports),TX.VAL.MMTL.ZS.UN,..,..,..,..,..,..,..,..,..,..,0.0217232356540141,0.184955756611719,0.111562661455705,0.105130154944915,0.0886561304133523,0.097091478446803,0.349718425137364,0.603313301445307,1.70076889286821,0.173127115119192,0.203725059530665,1.29325828901818,1.9733066698771,1.82475490320263,2.58868403929088,4.37936083511966,12.8205281680644,17.1621313741709,6.46186099415558,5.64271256444269,4.16334665433535,3.68467599944075,6.71883194281519,6.76571849783155,..,..
Australia,AUS,Exports of goods and services (% of GDP),NE.EXP.GNFS.ZS,15.0947214126902,16.0067228668844,16.6348569743439,17.5151962018487,17.946396853319,17.8435719765847,18.8609762036441,19.0977036336863,19.5240007251128,18.2621440737691,19.356082688226,22.1097572675813,20.6927681028396,19.0255629975486,17.1350628732794,18.1951172148922,19.8193564623907,20.1458953527592,20.1044121403643,22.9369071089635,19.7322237124156,21.3710952598475,21.4212330245448,19.8931411047873,20.9959179912807,19.9846454503255,19.2031438783351,21.1718412211076,21.8125736575066,24.0624800210722,23.9380373915413,22.0018144228925,25.4615298373659,26.701068252275,24.6215240529473,23.2444383508997
Australia,AUS,Fuel exports (% of merchandise exports),TX.VAL.FUEL.ZS.UN,19.96695021361,21.5918131377711,21.1705850872818,20.4247986391247,17.3291132309473,17.6093714518551,17.7443594842727,18.5455847448969,17.9197050426655,18.2537981353932,20.8946525176662,20.7632634392125,20.6885878896859,19.7891403177955,20.2580997989942,25.5954420135177,24.0426378728198,22.753481991862,32.0401854111947,29.5069766889764,28.8807033400941,28.1410909707876,28.4455055361525,25.8653275837181,26.5990592811953,25.2908141411795,25.5970925023236,30.3161990720307,35.535320392044,32.4480251523319,21.3125228177134,27.706071696529,42.6954661318656,34.9834475509909,33.1901228403116,26.8943988141127
Australia,AUS,Ores and metals exports (% of merchandise exports),TX.VAL.MMTL.ZS.UN,25.3446134983235,23.5387006115261,21.2750652378062,20.0311092083798,17.7798448455903,20.2649372474352,18.8015444307134,18.6810630985749,20.0662547233913,20.9102903773522,19.6274302028013,19.3343557016681,18.2467566917432,18.5657879828597,19.8156853732279,23.0063825416372,27.362988550363,29.0846590114225,27.8135739734934,27.6964739947355,33.9592479625193,36.6251497222705,34.1293825867081,38.2226138969482,37.0261770580942,32.1805032494418,31.5276869213515,31.3992387696894,29.7317933529164,34.4951798416859,40.6984142625159,42.8423223013758,30.1757700607275,35.3042339341114,34.1553248854625,34.6431987175618
Austria,AUT,Exports of goods and services (% of GDP),NE.EXP.GNFS.ZS,35.8377852549483,34.7265065316097,33.2856424443417,31.5876218892673,32.2849892247045,33.6650009227647,34.4377355805807,37.2144335874111,38.5615906228388,39.5093125883092,43.591091462861,44.8518101806208,45.6510533943756,44.8257225915126,47.2191991038628,48.9511516701756,51.2031559330564,52.8904832388178,53.5983913417575,45.4869106822459,51.5839821122491,54.2920768831722,54.325492441456,53.8898209853854,53.8561570961341,53.3960122723239,52.6634020833052,54.3260296753968,55.7022394735073,55.8958073929339,51.6630899700616,55.9539450675875,61.4273121186873,58.4867595713944,55.6782850851641,54.7019473752362
Austria,AUT,Fuel exports (% of merchandise exports),TX.VAL.FUEL.ZS.UN,1.00922871698733,0.929813141436079,1.05699132648485,1.12030982997843,1.29878534650872,1.00206815505793,1.2288834649407,1.23907157982057,1.0277006335131,1.17797007361119,1.26073330039353,1.85573418671951,2.24906607244156,2.5489056418814,3.17656995734426,4.60333218495356,5.2681877115794,2.66455677761046,3.35651236700774,3.44074449282016,3.21014269226814,3.37634985098465,3.66210720141734,2.70144215235651,2.39395279884492,1.96118695545097,1.69166556589744,1.8985454600636,2.09499489553737,2.2180900828378,1.94118859387382,2.47004433673372,3.8671447462232,3.56336364584427,2.77111216210029,..
Austria,AUT,Ores and metals exports (% of merchandise exports),TX.VAL.MMTL.ZS.UN,3.21864013981564,3.00742237015881,2.83339129198418,2.66319113175205,2.83430838841431,3.31489504747825,3.20417721232538,2.63055569102268,2.51796457626976,2.22552283245826,2.53427616898314,2.41501424519314,2.24138777755563,2.51799343005021,2.60321583463051,2.70396684717196,3.27475544453107,3.35847359103035,3.37659472741913,3.07543478256446,3.83863185955932,3.82212306620259,3.72523120716525,3.23948473319676,3.07965916100777,3.27015967706261,3.14265791076177,3.39543254731648,3.1315905069502,2.90741836568379,2.99075729896985,3.46976797539861,3.44223633456495,3.02826727077609,3.27026243038932,..
Azerbaijan,AZE,Exports of goods and services (% of GDP),NE.EXP.GNFS.ZS,43.8608458390177,45.6586826347305,86.2036057343209,57.4624203821656,24.7211102215105,32.4866435467242,24.9286393910561,29.0346072254061,22.6995291518921,27.9701199968213,40.1708314787732,41.4986078711716,42.7678350515464,42.0065766459106,48.7890084640454,62.9411060091835,66.5041448400209,68.1289116905555,65.7761378471842,51.6357456848728,54.3047215353821,56.4269805307016,52.9746801915106,48.4158330755216,43.2735566584935,37.7947774917249,46.4276493913136,48.547864732761,54.0922938620586,49.0506275016423,35.6235558660257,46.4887471674792,59.9868480668076,48.9964135000536,45.8346308453245,43.0222163694672
Azerbaijan,AZE,Fuel exports (% of merchandise exports),TX.VAL.FUEL.ZS.UN,..,..,..,..,..,..,66.3947992137644,61.4496099387014,68.9329891981753,78.6030408029994,85.0824923536999,91.3282886838079,88.9208300128298,86.0089729413218,82.2163751465054,76.7637229555425,84.5911224641435,81.3989395177286,97.082781910105,92.8567081297116,94.5094608476658,94.7473907889811,93.4193317126618,92.9958063644981,92.7612993182849,88.4616496005164,91.6996216529,90.5986895127131,91.7363919755309,90.654373992013,87.2469415054118,88.4074490811342,92.537559408706,91.499871108591,87.9785269977749,85.9240304942722
Azerbaijan,AZE,Ores and metals exports (% of merchandise exports),TX.VAL.MMTL.ZS.UN,..,..,..,..,..,..,1.1840505050034,1.66279796252492,1.46570868728345,3.66913990655855,2.92723668979789,0.998665830465038,0.832718306060542,2.31054578108109,2.80245606627803,3.66815156425269,3.77277718486295,2.81091859291466,0.403601395200117,0.273775066472502,0.118246246777953,0.194087430095086,0.704493440603918,0.487873498318595,0.512269048937149,0.863908492008998,1.0959919101039,1.21424571242954,0.918083805378015,0.999163914865887,1.29170993599265,1.24163681141355,0.777041765952475,0.762659458805416,1.02707733667075,1.52277391038872
"Bahamas, The",BHS,Exports of goods and services (% of GDP),NE.EXP.GNFS.ZS,54.160770688566,50.9510921971226,50.247024766806,51.9666882276843,51.0214789812826,49.549139690872,48.0376835688556,36.8804047779975,34.6571601675345,36.4568895621607,38.0475628585261,34.0725886439131,36.175454557738,35.8102341689881,38.215231096961,38.7598869482117,38.3092773365463,40.0919541095878,39.4936348090443,34.190679986696,34.9532873206178,37.4352685331837,38.1273086825118,39.8566150850095,37.3629826467129,35.8315874839494,32.8518883249585,31.7259719287533,35.251809785322,34.9807938540333,23.2736992434769,27.9712552961701,37.1589142824247,37.8114502367185,37.7835884998232,..
"Bahamas, The",BHS,Fuel exports (% of merchandise exports),TX.VAL.FUEL.ZS.UN,..,..,..,..,..,..,..,..,0.000476775767624902,0,0,0,0.0101345653262008,0,0,..,0,0,0,0,0,0,0.00201845003165779,0,0,0,11.3008284606627,15.357742606313,19.3742198220677,14.7790875758671,28.392511561772,0.000940273276775171,0,0,0,..
"Bahamas, The",BHS,Ores and metals exports (% of merchandise exports),TX.VAL.MMTL.ZS.UN,..,..,..,..,..,..,..,27.1588687489872,16.1384574771579,8.98604848486746,5.74838688204421,8.61411856074836,8.74815547963699,11.2866119677956,9.05397782679463,5.48614661750262,3.98151689997822,11.2620270954477,10.9131436511875,9.60552528438173,11.0364205028879,8.99902391346606,6.7123021045359,6.25530292536778,9.52541435386065,10.2197928434957,2.04009425862707,2.45879849006135,3.55557414413161,2.98715618125877,5.82212549845937,4.85042588918349,21.2250014640383,25.7722064329118,16.0508789788562,..
Bahrain,BHR,Exports of goods and services (% of GDP),NE.EXP.GNFS.ZS,101.627081964958,74.7571406146746,74.2108438818191,73.7646092157904,71.4064825255772,72.1076564551807,77.3166979888113,69.5451087757575,56.8165441788063,69.3608276441722,79.1806670285974,73.6107613220545,72.5085662959225,72.0630719982325,78.6051459613386,83.8940482059345,84.6389442624741,79.6795292320647,82.5773483806233,68.4655938651118,66.7027150376276,95.6363487649272,98.265636232926,100.826651632348,92.2255357196123,79.3441035722346,70.5882906981125,72.2538621389219,75.7153726820796,73.0944239873751,70.4544358235096,86.2742186726683,95.9613654006004,87.351143952571,87.4874315086406,..
Bahrain,BHR,Fuel exports (% of merchandise exports),TX.VAL.FUEL.ZS.UN,..,..,..,..,55.549088026789,53.129216983074,0.0176370779265561,..,..,..,0.0395462453040678,66.9335197582833,69.3664039673791,72.5185966870439,75.5437259663915,78.1592802795663,80.5878626999227,80.8287980658625,69.062284938086,68.6020433823247,74.3474756294398,71.8441684413074,64.1472033708371,59.0027891704387,66.8346508823664,50.3566602372733,45.0173153136849,50.1771114184211,53.3203933261076,42.1282144838203,29.8191901321903,0.0520982100390362,0.0426131887253156,0.252930709797225,0.000371894251415909,..
Bahrain,BHR,Ores and metals exports (% of merchandise exports),TX.VAL.MMTL.ZS.UN,..,..,..,..,25.0651247854138,26.3051742354452,57.0411263502787,..,..,..,16.171774669641,19.6253201675694,17.4608099674132,17.2730286341837,15.3212359978619,15.2279471863808,13.8293818588166,10.8142981960867,17.0844162960393,15.3644145121216,18.0993102406196,21.4450767553946,21.0929435373761,18.3403450533954,15.091486540845,22.8877066172616,28.0139463125409,24.8675918731589,22.7763946036025,23.7550562090269,31.1602640812126,41.522451201791,44.1100396241829,62.3200686306776,64.7786518591568,..
Bangladesh,BGD,Exports of goods and services (% of GDP),NE.EXP.GNFS.ZS,5.90831648660892,6.66261196863293,7.58667691037111,9.01726903574974,9.00154364628231,10.864634213863,9.70650764952346,10.5203705573506,11.7573312287186,11.7586423857313,12.3442012279919,13.3865592080649,12.4099689322019,11.4311486959413,11.1465089461353,14.3928418979283,16.3534635652888,16.9953348464905,17.6588584820757,16.9401329056133,16.0241126856916,19.9220749554939,20.1615888640625,19.5378741098798,18.9896599950107,17.3366737865485,13.9212044814459,12.8197468906003,12.6747879443391,13.0947573353039,10.4427880616037,10.6627789004134,12.8822264348985,13.1571638341204,10.4611878291715,11.1161085689856
Bangladesh,BGD,Fuel exports (% of merchandise exports),TX.VAL.FUEL.ZS.UN,1.27883273822501,2.06224747232831,0.893245569229378,0.855248611345771,0.475689231187251,0.449813471615389,0.268252187280066,0.382926321294796,0.222245801291027,..,0.229218459463864,0.156029792883551,0.305510455605223,0.32333946274161,0.468507399136077,0.579319820624958,0.761449863704974,1.62282630256016,1.41061914831305,1.72665865195063,1.87340450699641,1.15197562004724,1.82373354611352,1.13549487669373,..,0.561290711404927,0.799979316816806,0.682738569544682,1.09687826106508,..,..,..,..,..,..,..
Bangladesh,BGD,Ores and metals exports (% of merchandise exports),TX.VAL.MMTL.ZS.UN,..,..,..,0.061663615762241,0.0162680148004803,..,0.000854257908088261,0.0305066967042256,0.00212273712445526,..,0.0141371379781013,0.00875724890827912,0.0410228945664486,0.0234516661687324,0.159890241832099,0.197936065954641,0.334982177296064,0.425047394742913,0.326725359622683,0.331266388916683,0.461533261380147,0.448393262306309,0.417876025550295,0.314194015485004,..,0.171611767409981,0.199272689588463,0.27752243063948,0.293795364051544,..,..,..,..,..,..,..
Barbados,BRB,Exports of goods and services (% of GDP),NE.EXP.GNFS.ZS,..,..,..,..,..,..,..,..,..,..,..,..,..,..,..,..,..,..,..,..,..,..,..,..,..,..,..,..,..,..,..,..,..,..,..,..
Barbados,BRB,Fuel exports (% of merchandise exports),TX.VAL.FUEL.ZS.UN,..,..,0.0421039036654247,0.121524456830182,0.0102807624944939,0.0244195814079128,0.00687612850316812,0.00825035966322568,2.96093021697946,5.72964224260609,8.62440510021674,5.13271383662999,3.73760032054702,7.46599553600199,8.82521057867061,7.98236011070781,9.42184797011257,22.9869568801375,8.50996783072109,5.18456879487088,0.0215007876587993,7.36580750644772,10.7950394747413,9.10293159403012,9.33818103701665,5.52690134911485,3.52972091368079,5.19912675338697,4.63274425971415,28.6991817107129,4.77621164002592,4.66497674571382,9.75673125996316,8.61083535758761,8.01009522603034,..
Barbados,BRB,Ores and metals exports (% of merchandise exports),TX.VAL.MMTL.ZS.UN,..,..,0.473728806383485,0.437197553765847,0.337321258202383,0.368475906582896,0.500024175654431,0.489087060547187,0.263017647938208,0.338057152477597,0.226439018876371,0.134232546724927,0.267299366235007,0.248965013559044,0.90613929572652,1.04846695480096,1.50545438389599,2.35329767281046,2.70525018431841,1.61300099265184,1.01756538281327,1.02356517998682,0.770534088698877,0.969629793579988,1.24356355057018,0.992124595163528,0.699242972272679,0.744969770357196,1.43572166566511,1.52044437203694,2.77842723237982,2.62466513476253,3.7291549541843,6.72142012750725,7.62916158715904,..
Belarus,BLR,Exports of goods and services (% of GDP),NE.EXP.GNFS.ZS,45.9584295612009,33.3333333333333,59.7826086956522,67.6142131979695,71.2696004046535,49.6651647817599,46.3498037416792,59.8598805986424,59.0511292994057,59.2033413701759,69.2108213448948,66.7476067360771,63.6275159440361,65.156379906358,67.8863333586708,59.7978087236099,60.0613117690842,60.9430527153212,60.9377552183976,48.8764618241933,51.3728853529564,78.4653615193087,78.7769072783938,58.3335781066769,54.941004057247,58.0107665670743,62.5093471231924,66.7896002012327,70.4550452625374,65.0945839929757,61.0120971835577,70.8317550415821,63.0511868938428,66.0267285714941,63.1561020083551,55.0805784287869
Belarus,BLR,Fuel exports (% of merchandise exports),TX.VAL.FUEL.ZS.UN,..,..,..,..,..,..,..,..,7.78247560370978,9.06345784556698,19.8121417383218,17.7781531368295,20.2522119679159,22.0611954944767,26.8898936681252,34.7813440418958,38.31545746177,35.0680059075822,37.1188986398407,37.44466887987,27.7492513357239,35.0487528909667,35.5859989815444,32.372417741947,33.4920515927579,29.1387059964971,20.5995665315743,23.5673852175462,25.1356889584766,20.6985181763427,12.612946389206,..,..,..,..,..
Belarus,BLR,Ores and metals exports (% of merchandise exports),TX.VAL.MMTL.ZS.UN,..,..,..,..,..,..,..,..,1.03955774694558,0.754270467703529,0.75144259512848,0.88712868310444,1.33298931592816,0.981971061661872,0.734917886077151,0.531004118882829,0.492787628898696,0.654563966483715,0.50992269282586,0.594920082534629,0.704441491780973,0.59268245732263,0.612967215433543,0.912586019560614,0.862393216943491,0.924685139506525,1.23443353839957,1.24287299184423,1.09428113528576,1.19713012809201,1.25760287868434,1.14504386655469,..,..,..,..
Belgium,BEL,Exports of goods and services (% of GDP),NE.EXP.GNFS.ZS,61.6136909555393,60.2296548828746,58.8089303317393,56.1077411574797,58.4249593454229,60.1143717180605,61.1923909558718,64.7865810804479,64.1743450154283,64.5630595160862,72.5473951580567,71.6119589202939,70.8312976956765,69.0365085088844,70.906277447218,74.2828289213953,76.8049970552189,78.3018047028263,80.8806199752035,68.5960770690546,75.8282898692443,80.2713643518839,80.0489721342421,78.9114134413606,79.3965205800202,77.8777392199991,79.6181317071952,83.4444050525116,83.4830567161373,82.9674275396401,79.1968705613294,89.625374866218,94.3593146395926,82.8132982978783,79.3187864838737,75.4500710497086
Belgium,BEL,Fuel exports (% of merchandise exports),TX.VAL.FUEL.ZS.UN,..,..,..,..,..,..,..,..,..,2.9046796708585,4.57326410348979,4.01544181292639,4.34668748676423,5.34845991089838,5.76918485611779,7.07173210089715,7.94534285062889,7.08101586489845,9.30589462902827,7.51109808223464,10.3739901023143,12.1931618935507,13.0325708988809,13.3095614294528,11.412711291998,8.79106425780424,6.4322902040803,7.24844554179977,8.57049718783793,7.37737113355612,5.01820736696729,8.81647347599391,20.0905155012378,13.169192837343,11.6008457411399,..
Belgium,BEL,Ores and metals exports (% of merchandise exports),TX.VAL.MMTL.ZS.UN,..,..,..,..,..,..,..,..,..,2.70493117277107,2.79025209509763,2.59095200263024,2.25101082413828,2.11990649413701,2.52377003609957,2.59857311443977,3.50468918414622,3.65372451520351,3.30904384994604,2.71486724599043,4.28571775446529,4.20088249123054,4.1306352162829,3.31591363730275,2.7948775193134,2.78669944994158,2.41418719107926,2.7066942443397,3.5123631521487,3.78378864789919,4.36795342800232,4.92750514871567,3.9270101316318,3.67137717060197,3.51802851603446,..
Belize,BLZ,Exports of goods and services (% of GDP),NE.EXP.GNFS.ZS,40.8415406762032,35.9772984642911,41.0241941273705,38.4887561088814,41.5144175332129,40.2212156814719,41.751196669658,43.7946352343963,43.1671002651104,44.0742971195585,42.870421436555,41.8864239146419,43.6216330567744,44.5690554451158,42.2851095770467,45.729283841046,51.802408996474,50.5800129170809,53.8397113388589,45.4443249910287,50.6252185549087,56.7220499146992,59.326479519541,56.023852203192,55.4922660304805,51.5667685462712,47.3072672928322,49.8095974752301,51.7351399388179,52.0189198848801,37.6373221387979,47.5814821772776,52.5787874243921,54.9308418513115,55.2233936496697,..
Belize,BLZ,Fuel exports (% of merchandise exports),TX.VAL.FUEL.ZS.UN,..,..,0,0,0,0,0.000346465743974554,0,0,45.6164120436762,0,..,..,0,0,9.66092252654547E-05,16.5478630134207,28.2080349952341,40.2623125180607,25.8085704366833,37.1944862769906,44.5580996301928,27.4551312552667,20.9670865539507,16.6705063912502,6.83236378761448,5.65364617406328,5.15055462425894,6.265705329514,4.92119659816311,1.33446382524292,1.9752485159619,0.490776969983607,0.358392074557063,0.00484169297304625,0.00968208800627305
Belize,BLZ,Ores and metals exports (% of merchandise exports),TX.VAL.MMTL.ZS.UN,..,..,0.0136980154367137,0.00750657451506116,0.157745566100794,0.162186306423128,0.195023092527962,0.131671377034141,0.126145702469377,2.39376704111885,0.0126730598710664,0.0624424903267634,0.00276317488319871,0.000966603817149925,0.0158014912910243,0.0213526205113632,0.00030049612469423,0.00201298987487365,0.00489429493888928,0.000466900444325505,0.00016704211016779,0.00025566940342559,0.000720932903446682,0.0106100068352302,0.197689502696228,0.12295214623729,0.186814220100827,0.255115152435969,0.532374635412515,0.604867424732142,0.559066913235734,1.02940939359212,0.690884201579686,0.716152282718424,0.435202560735789,0.578463558546483
Benin,BEN,Exports of goods and services (% of GDP),NE.EXP.GNFS.ZS,19.181303010653,21.0024860627473,23.2391480496458,22.4643830367555,28.3270186172953,27.3689425027528,26.4988115545834,27.1761345944549,27.0929395510065,23.0095307947819,20.6053025489554,19.8685788115524,19.726610778332,18.6442972500831,18.5135475659125,18.483639980467,18.057925712964,22.0428531154363,22.14072026628,19.9279668393882,23.0720480670551,20.8496515031216,23.8967368670133,27.570565319312,31.4308411236325,24.7204512110389,27.6067880711982,27.2055947818832,27.2742306189085,29.6305271935478,19.8724704276524,20.9188061754733,20.8153300474458,20.003519091069,18.84015691814,17.0524416091327
Benin,BEN,Fuel exports (% of merchandise exports),TX.VAL.FUEL.ZS.UN,..,..,..,..,..,..,..,..,1.19741565547244,0.654429029519205,..,0.00951042807393338,0.232344230707454,0,0,0,0.381017075307626,3.06388129136822,0.266725846929541,0.00831790015687306,0.0107280032335427,0.105567023678659,0.00511876177575908,0.00237065230925798,0.254303969330284,0.0143291813305386,0.046990129189722,0.0293425152703835,0.00438671659822245,0.0242825113208234,0.0148050014116978,0.0043567532119519,0.00331545034449681,0.00158718126210844,5.14745189857092E-06,..
Benin,BEN,Ores and metals exports (% of merchandise exports),TX.VAL.MMTL.ZS.UN,..,..,..,..,..,..,..,..,0.0776240690973841,0.386105016692667,0.0658852459178777,0.0960138375675408,0.113155802213012,0.168931912483678,0.374631626779775,0.549277174532844,0.642109709843069,1.16023297032455,1.78064272230666,0.717989245392386,0.99834562553885,3.57189559019471,2.23392683287111,2.87445918505393,4.37903960709347,1.93424573435646,2.334836574266,0.536547485699829,0.221962327295871,0.133769155928354,0.0730241971742847,0.19442028260652,0.357911777997014,0.262688240888072,0.0708610340008799,..
Bermuda,BMU,Exports of goods and services (% of GDP),NE.EXP.GNFS.ZS,..,..,..,..,..,..,..,..,..,..,..,..,..,..,..,..,..,..,..,..,50.7949927394964,52.5392419809555,50.5125436879565,51.6131910947459,51.1612432078139,49.9708394613543,49.3300565760921,48.5381492501872,51.4791563825902,51.7434243981752,47.134651225055,47.9001272558699,50.9884416399627,52.7605680301685,55.146561003487,..
Bermuda,BMU,Fuel exports (% of merchandise exports),TX.VAL.FUEL.ZS.UN,..,..,..,..,..,..,..,..,..,..,..,..,..,..,..,..,..,..,..,..,..,..,6.32006619145502,..,..,0.0476663771117887,0.188436539399564,0.151351973732955,0.05428059229872,0.0105468909554335,0.0420551207893841,0.0238260476397317,0.0247682569255673,0.00539830469000942,0.000411203555491298,..
Bermuda,BMU,Ores and metals exports (% of merchandise exports),TX.VAL.MMTL.ZS.UN,..,..,..,..,..,..,..,..,..,..,..,..,..,..,..,..,..,..,..,..,..,..,0.00381330277426609,0.396888618066497,0.0327944159423139,0.0332040967569467,0.0307067518424352,0.0490028841356867,0.025894247335234,0.0076735153629815,0.00491009500876803,0.00318518842677152,0.0323413065804343,0.0338841219569918,0.00379302354389126,..
Bhutan,BTN,Exports of goods and services (% of GDP),NE.EXP.GNFS.ZS,27.9616719301099,33.4596753116132,33.3950994352653,32.859302834155,30.875962913691,39.4058307240615,37.0068223521095,37.3014697549024,34.3296793518192,32.6549090148802,28.0014111590781,25.2417137581544,22.9202319620156,24.3568394131845,29.6518401624113,36.4043942963452,51.8129303116649,52.3571269654224,46.598977305103,42.46629308784,39.3870452376357,37.9232018736818,35.7881097866179,37.4343659431634,34.1893414068432,31.5360910045004,27.1228339132394,28.4464080232377,29.1897191930732,31.4575032617598,28.0656355144502,29.1987406924537,25.4988399587876,28.3881078975658,31.4948602422141,..
Bhutan,BTN,Fuel exports (% of merchandise exports),TX.VAL.FUEL.ZS.UN,..,..,..,28.0710468174997,25.6183926884785,..,..,..,30.9944017021552,41.9416767488815,..,..,..,..,..,30.9371095810558,27.1858253436532,36.5144600023802,48.9175130454485,42.4687234160254,1.17938116636528,1.32603384643971,32.9166462100962,..,..,..,0.359959674945716,0.837284350231017,0.923853378618622,0.564427068374655,0.031781268967114,..,0.000849772301445061,0.000126714234700656,..,0.000136608692237691
Bhutan,BTN,Ores and metals exports (% of merchandise exports),TX.VAL.MMTL.ZS.UN,..,..,..,1.7598289645164,3.49866004648788,..,..,..,3.33498434230566,3.11231425752185,..,..,..,..,..,8.37028143043405,11.682288440842,14.8806861198291,1.30154272797893,10.2339953444031,21.9335876606203,21.4084610573437,11.5094290221172,..,..,..,15.2900564619917,17.1860065542424,20.7580663311228,33.939135678699,23.0631201264381,..,21.9845199576436,28.198015003149,..,25.9975941717936
Bolivia,BOL,Exports of goods and services (% of GDP),NE.EXP.GNFS.ZS,22.7769821388572,21.4793468638824,20.0457617754806,19.0807651898888,21.6633117424271,22.5514216225024,22.5818705788073,21.1106028890051,19.6986848946719,16.8808993524959,18.2747449737713,19.972149230267,21.6344550841802,25.6007344519017,31.1383905185998,35.5481429306567,41.771714268103,41.7956567530236,44.9065559925589,35.7226248254274,41.1874561416131,44.0917018533308,47.1661966249317,44.0924795250944,43.2930879909317,30.8682960291245,24.4880055394464,19.5388666685088,20.3550589285544,20.0474399352249,16.8717531697786,23.5525156265644,27.7939915042015,22.4028095381649,21.4350624296,..
Bolivia,BOL,Fuel exports (% of merchandise exports),TX.VAL.FUEL.ZS.UN,..,..,16.4779970409837,12.7383036713833,9.52179302499781,12.9404641892439,13.0738735089195,8.41558907225538,7.28497112896233,5.26722651510801,12.1942402416879,22.4397697760694,24.9742676784933,30.1389419296459,37.5739969111581,47.8301459653094,48.8382325972114,47.5095338694939,51.1866049934702,39.5433516744626,43.2688115125649,45.3581817460597,50.0146584363154,54.5398474110676,51.740358250386,46.1471961581206,31.1663267980126,33.2474626156162,34.8526923233055,32.0714901886577,29.4701072049889,21.4767656503189,22.7288338190063,19.7390284484517,18.9433899156143,..
Bolivia,BOL,Ores and metals exports (% of merchandise exports),TX.VAL.MMTL.ZS.UN,..,..,49.0791740494336,38.1696156786383,28.3131675463629,31.456281931947,32.3243289328342,29.9772275189085,23.9613251655874,21.7611775878767,23.1026067009569,18.2065420131146,18.5272050685105,17.6932791680357,18.5649435013146,16.3854420918351,22.0373220569285,26.2629671426936,25.8817263896327,31.9678407586727,32.876655560038,34.4913812656436,22.3428743824272,20.5196465688681,19.8526075048587,24.2831109200154,32.6279589961985,34.6200209998608,31.649587526274,28.7308578790733,26.9900375271782,30.7299289920912,26.7709560207193,29.5215239053543,43.5898503549869,..
Bosnia and Herzegovina,BIH,Exports of goods and services (% of GDP),NE.EXP.GNFS.ZS,..,..,..,..,15.4482894219426,20.4117390235021,23.617706247983,27.8336349003353,27.3031972254601,27.6439467786027,21.883818745472,22.0687199961698,19.1260118891002,20.5879852303156,22.5362431036544,24.3164228910803,26.2583452015481,27.1015554443826,26.8480689241931,25.0093787853569,29.6955421868204,32.0359718110398,32.3505414379409,33.7430455598104,33.9891191143676,35.1148767232101,35.9087089120132,40.3244116811041,41.9845538493301,40.040069270151,34.5918555020937,42.8225929673139,48.3071264641554,43.9317398178138,40.7026955014872,41.0015226327566
Bosnia and Herzegovina,BIH,Fuel exports (% of merchandise exports),TX.VAL.FUEL.ZS.UN,..,..,..,..,..,..,..,..,..,..,..,..,..,4.48109797542237,7.81576837018185,8.88360780875633,8.17226318795492,7.91883942765507,9.80567590825645,13.1911783291495,15.0867195793133,13.9727649944684,8.96086345617272,11.384896219285,9.57797851169659,7.01000092060972,6.79971818242652,8.36280425942988,9.78065848601169,8.09164661465603,6.74416697954237,8.53532677271493,9.97765857658221,9.51399957988492,6.49177086548884,6.50959880314454
Bosnia and Herzegovina,BIH,Ores and metals exports (% of merchandise exports),TX.VAL.MMTL.ZS.UN,..,..,..,..,..,..,..,..,..,..,..,..,..,14.1458087590531,16.9822050440838,22.5414758916863,20.4268467439523,17.5666810984185,15.0294476539482,10.7185151072861,14.3518293177313,14.7489634570659,13.8812201411414,11.2081708994328,9.98664989459744,9.04626554805388,7.31568328422097,8.6133788945846,8.79749238974213,6.95031546125849,5.5054757533271,9.55607236207608,11.0691116965748,7.01678771456472,8.26696745615403,9.70220134578208
Botswana,BWA,Exports of goods and services (% of GDP),NE.EXP.GNFS.ZS,55.0554070628939,53.0295141611517,48.1795630951428,47.0957972005807,47.8223986846938,50.8364978420338,53.828444483056,60.8807385501806,49.2891721003754,55.1972682896055,51.8318100701299,48.6576082380348,52.1574267782427,48.8268578340104,49.6137877815052,52.9235535447696,51.7808267603935,56.479962927168,46.946904660995,35.8336618587618,42.1443315144427,44.2363979167201,48.11502383229,61.3797617461963,61.2829678934065,53.0908973428197,54.6113547604529,42.9200424885539,44.2281439237392,37.0878176552067,31.2509978367083,41.7739949800303,43.4790657146074,32.8968928794687,27.0767041570041,32.0337480184486
Botswana,BWA,Fuel exports (% of merchandise exports),TX.VAL.FUEL.ZS.UN,..,..,..,..,..,..,..,..,..,..,0.0812633784679619,0.0699314638176989,0.0150951291427821,0.0387045498035168,0.0353663109506885,0.0896670943319664,0.139035466262334,0.248985732334312,0.340599661785936,0.31937447565658,0.183842399501106,0.671535557865948,0.983536494063304,0.683199567864681,0.721388991597743,0.499566774779798,0.170072931434849,0.150108239700374,0.189801103867325,0.293031074710632,0.386274236787643,0.389826717239094,0.69397347454585,0.667839081647159,..,..
Botswana,BWA,Ores and metals exports (% of merchandise exports),TX.VAL.MMTL.ZS.UN,..,..,..,..,..,..,..,..,..,..,6.96948854260272,5.48060046066201,4.91441317938724,10.7245002172124,11.2106514139581,11.4506030201838,16.6329202962184,23.2177835575531,18.9550650392239,15.7011045706592,14.8128125013666,8.65765255185259,9.36861731308661,9.17675940466915,6.87842773234643,7.23455616795649,4.03406783470444,2.5686042046248,1.01152178764121,0.782897705093807,1.48964248285021,2.50339632023003,4.93737697816672,10.746517291364,..,..
Brazil,BRA,Exports of goods and services (% of GDP),NE.EXP.GNFS.ZS,8.1972364845005,8.67763659887868,10.8683116605935,10.5032716554144,9.51307642702004,7.52887503847073,6.73020968312685,6.98364957530895,7.03050033871807,9.5648982609794,10.1880480043795,12.37171066993,14.2305902713775,15.1807837086861,16.5457615119353,15.2438292665623,14.3743163038801,13.3276751040789,13.5340005128387,10.8513711347491,10.8655847752557,11.5825126785455,11.8775390704316,11.7422306460189,11.0119428190539,12.900191418386,12.4666790429968,12.5189678698768,14.6349994955075,14.1229191913178,16.4535520094071,19.1094303688709,19.6307650034371,17.9693243032741,17.9385794398559,17.8207228961707
Brazil,BRA,Fuel exports (% of merchandise exports),TX.VAL.FUEL.ZS.UN,2.17274623720328,1.37841746275907,1.60640672826572,1.66641390246461,1.81740799878882,0.883010356694704,0.881497348161001,0.601043144053385,0.690670677236703,0.841946049642259,1.64799481860444,3.58999518895038,4.88298916852666,5.18581641390888,4.57386755418818,5.99044785506381,7.6849024441964,8.3200987153992,9.54679022247767,8.99747965310975,9.90018294064999,10.5615058710782,11.0241509437928,7.66385116284542,9.34729459467066,7.36062490155865,6.45092898767891,8.70889192124879,12.7686622344956,13.7087051192779,11.8904796185398,13.6578322774084,16.9977876592036,16.2396336722963,16.958206628778,16.1168674307759
Brazil,BRA,Ores and metals exports (% of merchandise exports),TX.VAL.MMTL.ZS.UN,13.6806877385978,14.3961730893782,11.9505802506673,10.6614353693522,9.65743613080772,10.2855727154252,10.0435399192307,9.47165881315684,10.0118801178597,10.1704623298126,10.1135110678242,8.59153360869163,8.74037070967909,8.53329654962629,8.93935202180293,10.0039567544992,11.5153137673912,11.824211244797,12.9310514381352,12.5107496684766,18.1365432959484,20.1070531698883,16.3040965781489,17.5580001748735,15.4956460079532,12.1341102758254,11.7957523334983,13.0831098475533,12.6374485933875,14.1508177854909,16.15139770501,19.7712118224733,11.9487430335173,12.3830665434344,12.6428158614818,12.2050024227843
British Virgin Islands,VGB,Exports of goods and services (% of GDP),NE.EXP.GNFS.ZS,..,..,..,..,..,..,..,..,..,..,..,..,..,..,..,..,..,..,..,..,..,..,..,..,..,..,..,..,..,..,..,..,..,..,..,..
British Virgin Islands,VGB,Fuel exports (% of merchandise exports),TX.VAL.FUEL.ZS.UN,..,..,..,..,..,..,..,..,..,..,..,..,..,..,..,..,..,..,..,..,..,..,..,..,..,..,..,..,..,..,..,..,..,..,..,..
British Virgin Islands,VGB,Ores and metals exports (% of merchandise exports),TX.VAL.MMTL.ZS.UN,..,..,..,..,..,..,..,..,..,..,..,..,..,..,..,..,..,..,..,..,..,..,..,..,..,..,..,..,..,..,..,..,..,..,..,..
Brunei Darussalam,BRN,Exports of goods and services (% of GDP),NE.EXP.GNFS.ZS,36.026543425045,39.2749848843349,38.2613644085978,36.2455449805517,32.2800214220304,36.7143398139106,40.0067512665242,38.1379742895262,36.8356755347497,40.6972280530706,56.970296136284,57.9295714010074,56.6559739607844,58.4208886316465,57.7661851193269,58.5718065403264,60.1605718986421,56.9641140757782,65.9431408022612,59.7036049151399,67.4082522381788,69.5063427645584,70.1597309927892,68.0441177780807,68.1771018484597,52.2130112286937,49.5777773794133,49.5733065230099,51.9332397866186,57.946040538108,57.3561114159878,80.1689108084537,86.3893568836847,76.7032024805205,74.2707418045022,71.5712945703066
Brunei Darussalam,BRN,Fuel exports (% of merchandise exports),TX.VAL.FUEL.ZS.UN,..,..,99.2590721197392,99.7090402546274,98.6937362530117,..,..,91.1104636632408,88.5755438380849,..,..,95.306024184405,93.2257316553347,94.3811600976529,91.4092795877882,..,96.3258016729359,96.1451798351386,97.8151707911214,96.062176157783,95.1502725943191,95.4421676477545,95.7471803171174,96.5248430612585,92.5398767886258,92.979494935208,87.8814732122865,89.5672584666047,95.5632275089728,91.0923897567417,81.5128636159474,78.6688728146059,80.2755776083309,77.4198163214987,75.4723137925849,..
Brunei Darussalam,BRN,Ores and metals exports (% of merchandise exports),TX.VAL.MMTL.ZS.UN,..,..,0.0075436997740828,..,3.36443539989857E-06,..,..,0.0485735691305719,0.0851608004914191,..,..,0.00123871590232952,0,0.000749943140981633,0.117652360794579,..,0.115295319261917,0.0918781888801317,0.0855337580516146,0.0790415209183255,0.154269766795549,0.0906380106381912,0.105984266942402,0.0948178122853143,0.109636732551252,0.160154124555056,0.319455885689357,0.256823962524456,0.0003529183229291,0.329762097085723,0.0754568825427551,0.26096019044916,0.204665223177887,0.151145042609978,0.137017534092583,..
Bulgaria,BGR,Exports of goods and services (% of GDP),NE.EXP.GNFS.ZS,33.1193174473219,43.4785742083339,47.1118817089088,38.207136640557,45.0474655869843,32.3397333194325,48.4969586842486,49.5761831408403,41.9413442477275,42.7498045960997,36.2188521925379,34.8813225778741,33.6473094348292,34.4169484471671,40.9566423668749,42.5295693164729,46.9778773164501,52.355044143842,52.4776647091195,42.2188508571578,50.0980440473078,58.7882035798738,60.3462746841439,64.5649783748892,64.5508065016037,63.7864222949735,63.860933447808,66.9905235648426,65.9187137701145,64.300587723502,56.4751259038113,61.8496078917309,69.9794718032462,62.0049746360507,56.3699636895975,50.738480678418
Bulgaria,BGR,Fuel exports (% of merchandise exports),TX.VAL.FUEL.ZS.UN,..,..,..,..,..,..,6.50524222323851,7.5928837840656,6.23805886907848,7.00079503808986,11.6856232779917,8.96915499892763,6.00638403640999,5.81062664539214,7.99389645248731,10.3773641394536,13.2830276754215,14.6037717311894,16.0612007530944,12.5832487308852,13.2946322521776,13.1295451738625,16.170538450708,14.7266669664733,12.6042116928393,10.6156211238459,9.01291878207578,9.90937160148424,8.89258278500621,9.52834880232102,4.63757162036019,6.00494091479774,12.1946716545187,7.89104918636913,7.7644781218312,..
Bulgaria,BGR,Ores and metals exports (% of merchandise exports),TX.VAL.MMTL.ZS.UN,..,..,..,..,..,..,9.65207598604901,10.998269189294,9.00882473018314,9.38716082091839,12.6697832453913,10.5849429718236,9.77907729735915,10.2773692422357,12.4085273371493,14.2274001792765,20.1509339985827,17.7706799962176,16.6980369422908,14.9950206940799,16.8658433297609,18.7636942529551,17.1531973742066,15.9566320700464,14.6635303250958,14.0130966871205,11.488830046822,14.1761487545018,14.0561046130611,12.7794276047779,14.7513336995357,15.2812134441165,13.122072543618,12.6457286634428,15.6388377530089,..
Burkina Faso,BFA,Exports of goods and services (% of GDP),NE.EXP.GNFS.ZS,10.9666914119517,10.4475484424359,8.8464803686211,8.95154328138584,14.2016211454196,14.1405565399915,10.5636052055707,10.8125309984677,12.8081030220056,8.35400550573099,8.8447174852677,9.0440827674193,8.86536563219181,9.22043165840572,10.8815873012951,9.84184747809064,10.9568635027021,10.3485422167992,10.1493270523848,13.7889708614234,20.5158488554008,26.1955005196271,26.5980854179657,27.0769854530325,26.932004154154,26.1076455357024,25.915964804251,26.4523856350501,28.0789061419219,29.2576956572794,31.7768656908663,32.797073516181,31.2180734191588,28.9494254778906,28.56446679662,34.9899001231927
Burkina Faso,BFA,Fuel exports (% of merchandise exports),TX.VAL.FUEL.ZS.UN,..,..,..,..,..,0.101120098213443,0.142014873449478,1.58223155221651,1.10394621343436,1.0802573806444,3.15566795031426,2.91257051548022,0.000863672953402487,0.0392168571814168,0.0416741597040804,0.0190765863294542,..,11.5064923076897,13.9650548951695,9.91899952305688,2.81555837145725,2.34162617994846,3.1238196970916,4.62626483089881,5.31459733428775,1.52651159000758,0.423215904111974,0.469899649942029,0.828034728125843,0.61215287637241,0.288204092292022,0.251332306917002,0.0103313189085969,0.0160865926865482,0.0208396744836875,..
Burkina Faso,BFA,Ores and metals exports (% of merchandise exports),TX.VAL.MMTL.ZS.UN,..,..,..,..,..,0.339545859591547,0.432632274648513,0.369624297495649,0.222624967184317,0.0839413614151795,0.0318199563243219,0.0435813812570503,0.0505931759200546,0.0213163134052237,0.151539848392103,0.326762715126647,..,0.178953782654883,0.211108783463173,0.273755032434139,0.491640973412152,0.32271966861051,0.104225183245606,1.0683296718819,3.91985632282814,2.64907973391541,3.70052450116218,5.87685117621051,5.856068296676,4.9165872152444,2.68969335407012,3.43899283581014,1.43528940684307,0.322414970435841,0.247414696660435,..
Burundi,BDI,Exports of goods and services (% of GDP),NE.EXP.GNFS.ZS,..,..,..,..,..,..,..,..,..,..,..,..,..,..,..,..,..,..,..,..,..,..,..,..,..,..,..,..,..,..,..,..,..,..,..,..
Burundi,BDI,Fuel exports (% of merchandise exports),TX.VAL.FUEL.ZS.UN,..,..,..,0.00872661903014842,..,..,..,..,..,..,..,..,..,0.321407693409308,0.00597765777574388,0.0334083588515563,0,3.78278962010338,0.795630709133161,1.39652274278431,2.0684971085204,0,9.34357775887626E-05,0.000195383873247424,0.0327702577800271,0.00472582866856188,0,0.00100690518773408,0.0120976852104859,0.000608940185484599,0.000278971607149758,0.00674665519421405,0.0480615319376726,1.88698422568729,..,..
Burundi,BDI,Ores and metals exports (% of merchandise exports),TX.VAL.MMTL.ZS.UN,..,..,..,0.573797158368693,0.380369194037666,0.729505170510933,0.873261049824828,1.07252130659007,0.503906781095397,0.988146744544589,0.737869180478963,8.7508610906579,2.97646720941016,0.631444165985592,0.731753556244,1.34042996357413,2.12838853762094,2.06294116618935,5.27097031201033,3.59246932143744,4.64547000400198,5.71370430932496,7.47997046218224,5.34548600287672,2.69896464662459,2.14053054373925,3.86878972252472,5.67385991330614,8.70085637837147,7.82145535592867,5.87353339721305,10.216274425957,4.02652903670665,1.90126959438202,..,..
Cabo Verde,CPV,Exports of goods and services (% of GDP),NE.EXP.GNFS.ZS,17.131969468504,16.5640735443608,17.2830075872658,13.2608310757983,15.0462995430568,17.1369526898222,20.1991575607735,27.4417263018333,22.7961528751425,20.9759456250155,27.0072185431265,29.80941288281,32.5449567130458,31.3643511669509,32.004173065871,37.7773604608664,45.1322052608015,33.7458980966483,34.3404537542843,29.037829627441,30.2838226775205,32.8742610267506,37.4634532272165,37.5168385673901,37.2482924821867,41.1352016327173,41.4729487181747,42.0688035837608,45.865993464408,46.7050331370949,25.2933707721998,23.8497983576563,38.6842542170134,39.2805048495495,42.6792709353695,41.9760625876389
Cabo Verde,CPV,Fuel exports (% of merchandise exports),TX.VAL.FUEL.ZS.UN,..,..,..,..,..,..,..,0,0,0,0,..,..,..,..,0,0,0,..,0,0,0.000586435277576983,0,..,..,..,..,..,..,0,..,0,0,0,..,..
Cabo Verde,CPV,Ores and metals exports (% of merchandise exports),TX.VAL.MMTL.ZS.UN,..,..,..,..,..,..,..,0,0.172889637554244,0,0,..,0.041923266103174,0.0146357785407712,0.0928992909305998,0.0246615055571856,0.252610584713906,0,..,0.665352818458037,0.886651706391125,0.942327818292646,8.96488802989324E-05,0.195153427652698,0.00132697365972209,0.000751167785340548,0.000624574643130971,0.000450583027402477,0.00728704497851126,0.162556583851755,0.000900344434486032,0.173682604274348,0.00576283024949212,5.83139625688506E-05,..,..
Cambodia,KHM,Exports of goods and services (% of GDP),NE.EXP.GNFS.ZS,..,..,..,16.0570736263817,25.7919593880254,31.1841815310837,25.3640067394433,33.6169355760717,31.238145793248,40.5441861780561,49.3049002706901,51.1797752012962,54.188950476339,54.2286240176407,60.8183573699975,61.0399163553182,64.672329331268,61.1365869942825,61.7787856845594,46.2109950081593,50.2265428540514,49.9211772643531,53.285002586552,56.6205657745424,56.629548029687,55.9812203124044,56.4318377218234,56.3000536720904,55.4713973566208,55.4468679729119,59.9217979409609,72.3610346435508,72.2070606780988,66.8926660552171,71.3635841655888,68.6465213655928
Cambodia,KHM,Fuel exports (% of merchandise exports),TX.VAL.FUEL.ZS.UN,..,..,..,..,..,..,..,..,..,..,0.00103234740919474,0.0031830064842495,0.000663861490453446,0.000946547702946242,0.00117347334534206,7.95067134763237E-07,..,..,1.23445790961278E-05,..,0.000103593777569394,..,0.0146952518008779,0.00090773896774651,3.21354629705442E-07,2.94178463210652E-05,0.00771430550339896,5.14269745698374E-06,0.000711771727128381,6.86016223373177E-06,2.05458542426352E-06,0.000112840266428058,3.39233917665731E-06,3.68599221364749E-06,0.00124288090530598,..
Cambodia,KHM,Ores and metals exports (% of merchandise exports),TX.VAL.MMTL.ZS.UN,..,..,..,..,..,..,..,..,..,..,0.00539369854205809,0.0017778600611389,0.000592878337197222,0.0199753195594025,0.0072995346803209,0.0149248014869918,0.027667968493213,0.121352039392554,2.78724412660386,0.760522378035563,0.130283280576471,0.0803694500061509,0.157583279131326,0.24245728980932,0.259411640523026,0.124488903858139,0.127397850611072,0.28104413339852,0.273950400208494,0.488076414316141,0.558161545736656,1.17918260132275,1.11698274839515,2.39994779110805,2.32384862542691,..
Cameroon,CMR,Exports of goods and services (% of GDP),NE.EXP.GNFS.ZS,20.1829143997954,19.9988804610672,20.5470222485463,16.390717236618,21.4810205130997,21.6184879665971,24.262491972799,26.6506553314661,21.9791850036291,19.4286005669288,24.8568127317047,25.2612172490423,22.9861583659013,19.4369114585916,20.5475737052101,22.2454563981154,24.1790940584351,26.9786418047148,27.0083654696037,19.5824152849101,22.368890297982,24.229686622931,23.8767238437792,23.6391086680292,23.6099755336855,20.9891496295315,18.9499787559649,18.3510985830022,18.7362534690181,19.8500907473186,15.2357369814791,16.5088840367781,19.321813317909,16.8527562193087,15.6732536622499,13.0891506194146
Cameroon,CMR,Fuel exports (% of merchandise exports),TX.VAL.FUEL.ZS.UN,49.8637031849569,..,..,..,..,29.1641558322289,36.151468280413,33.1458606165961,..,..,54.1507311617527,51.9025487650772,49.1868871430921,48.803399799567,46.6846802011435,56.8647779866486,61.6106111571056,58.6794429285353,1.24518390839419,0.945267159471339,49.5472804943068,0.551609714806202,55.5396293908856,55.9326563524093,56.3232193165714,45.3849961218768,7.69262542590537,43.4494115764582,50.2692747814106,54.0894133743251,45.6083100375046,51.8663592754246,62.1174175971395,54.0712041809673,..,..
Cameroon,CMR,Ores and metals exports (% of merchandise exports),TX.VAL.MMTL.ZS.UN,6.8789777299795,..,..,..,..,8.36562564417253,6.36507223313564,5.73926757291675,..,..,5.59191006685656,5.37432241460935,4.32423576866907,4.15754299713749,5.06553789677676,4.78205402791316,4.90759445036331,6.16185982086304,12.7081290276679,7.39040789002304,3.60510444872873,6.44601946508511,2.13266836486717,2.07848274318292,3.963613992554,4.57387519048093,7.2820530562766,5.59093811728154,3.6994540520828,2.87678049882067,3.30322583764507,2.0203363785866,1.70198514355599,2.21406928262342,..,..
Canada,CAN,Exports of goods and services (% of GDP),NE.EXP.GNFS.ZS,25.0742989585924,24.3533165282791,26.1991325601724,29.1425993625483,32.781588237968,36.0980542819385,37.0984399314286,38.1329281417053,40.0292173202997,41.8610604016192,44.209235821106,42.0399550909321,40.0585914756691,36.8659264359901,37.3277433603474,36.8563962056437,35.4017495610061,34.229555163977,34.3949225246885,28.5157798740818,29.1672768917177,30.678236283533,30.3531418051027,30.3321619042863,31.7365440556138,31.8499289605736,31.5025413039024,31.4543366815438,32.3253748086707,32.3526259007732,29.47360741517,31.1750905922479,33.7212083293036,33.3416520498948,32.4691150314085,31.3323868147182
Canada,CAN,Fuel exports (% of merchandise exports),TX.VAL.FUEL.ZS.UN,9.98614938509996,10.783301440987,10.3028321839473,10.5027688679219,9.68688124373483,9.11003445292849,10.4794606794617,10.1852291084557,8.23662529510941,8.48546537418759,14.097379549686,15.3001928011191,12.6185161385063,16.1206014067341,17.7567638842642,21.4038513666457,21.1379598727868,22.1140329189937,29.1358336622959,24.4206443987166,25.3243673228047,27.4324660090794,25.624190392384,26.361569817347,28.8930710605179,20.6034302087075,17.6256219682134,21.9517954420132,24.0190349725915,22.1408507825001,17.7117312023626,23.8688657837555,30.1749905885513,25.1997448504993,27.6974112165315,..
Canada,CAN,Ores and metals exports (% of merchandise exports),TX.VAL.MMTL.ZS.UN,8.46457276593594,7.71331432499954,7.18879882809228,6.01838427444729,5.88975359365213,6.69255405328772,6.12078323334853,5.94187552205493,5.31048193630592,4.44212142179388,4.61309970982318,4.5763397781131,4.44360609524797,4.45212340428914,5.46924018318962,5.85003684469677,7.96768372439263,9.24435217999991,8.25104308459543,7.10416068916213,7.99427194909637,8.7097407762028,7.27699468961734,6.97314384892527,7.06901814566853,7.07782826449341,6.85096938677528,7.31666886721892,7.53044628928381,6.52600997886215,7.70223671673035,8.29415109423537,7.20264166838275,6.86872537579518,7.21859335754214,..
Caribbean small states,CSS,Exports of goods and services (% of GDP),NE.EXP.GNFS.ZS,..,..,..,..,..,..,..,..,..,..,..,..,..,..,..,..,..,..,..,..,..,..,..,..,..,..,..,..,..,..,..,..,..,..,..,..
Caribbean small states,CSS,Fuel exports (% of merchandise exports),TX.VAL.FUEL.ZS.UN,..,64.9968264848913,58.7884921088308,50.1270634146605,38.600576378007,37.6414739316118,41.5217315458454,35.3003019373647,31.7593827341107,43.9385118122678,45.5804445081665,37.6902857656171,43.7256124824854,47.9215202169013,42.4219727721232,50.9368091359385,54.6105054577135,47.9849190244398,51.5630032456198,56.4233037091253,48.5200470855784,43.7769534271274,41.9158666318455,46.0809257855265,43.442383928756,34.6769852306988,30.272575686909,38.3077988036701,39.1958074589595,31.6363224580257,24.6184143604145,22.5065480792741,28.0071117907241,26.4180054716626,29.7098620250142,..
Caribbean small states,CSS,Ores and metals exports (% of merchandise exports),TX.VAL.MMTL.ZS.UN,..,0.0646040233397667,0.10281221199944,0.123051982420869,9.61381127168445,9.20926401013612,8.24500322832122,10.5443003257573,10.7591277364919,10.3417251163494,1.47809583321157,1.70140006998347,1.00229305178777,0.950466996659103,0.93192271857136,1.08085784408797,1.09009738924162,3.50402424151986,3.88719542392502,3.0386725169175,1.7202121355627,1.6078710338345,1.48127621785955,1.74359831837355,1.78113689441581,3.62975262084261,3.39257761695708,1.1646209822388,1.40866815288473,1.52633476190562,2.41904503257917,1.07758747329592,1.33525408921277,3.20762406213057,1.8471807617558,..
Cayman Islands,CYM,Exports of goods and services (% of GDP),NE.EXP.GNFS.ZS,..,..,..,..,..,..,..,..,..,..,..,..,..,..,..,..,..,..,..,..,..,..,..,..,..,..,..,74.021817064189,71.587849798792,69.4710255697764,59.6335987813842,..,..,..,..,..
Cayman Islands,CYM,Fuel exports (% of merchandise exports),TX.VAL.FUEL.ZS.UN,..,..,..,..,..,..,..,..,..,..,..,..,..,..,..,..,..,..,..,..,..,..,..,..,..,..,..,..,..,..,11.7959511435598,1.61638438846005,32.0119926704132,34.987450988698,52.3114359976797,..
Cayman Islands,CYM,Ores and metals exports (% of merchandise exports),TX.VAL.MMTL.ZS.UN,..,..,..,..,..,..,..,..,..,..,..,..,..,..,..,..,..,..,..,..,..,..,..,..,..,..,..,..,..,..,6.0539376234006,17.7054489449611,10.0991050334533,5.56449812338449,3.80799663867728,..
Central African Republic,CAF,Exports of goods and services (% of GDP),NE.EXP.GNFS.ZS,17.0674688659163,17.5866710245595,16.8656999970566,17.0995545466345,23.3994108884074,22.2209449568474,21.4703862760844,26.8842802618525,22.6568865727558,19.2236502785935,20.3722135905975,17.1572538375263,15.96270493648,18.2360038377682,13.997917508823,13.3627533256972,14.3160051485309,14.1153274204234,11.0036647020449,9.84164990187971,11.6258010719319,13.127820098599,11.5501330018626,14.9729547921906,16.6757875879937,17.0676606236635,14.8218796578137,17.2597737600181,15.9400300007701,15.7553800018083,15.1724799997493,13.2274599967551,12.3004999986493,14.4408262093734,15.007027885938,19.3448050350028
Central African Republic,CAF,Fuel exports (% of merchandise exports),TX.VAL.FUEL.ZS.UN,..,..,..,0.171283046215448,0.392976755337262,0.778185068720725,0.189909402032848,0.10827000406398,0.196795627435537,0.155459162551245,0.454669197024921,0.0754312068227033,0.0778653069442277,0,0.183133391819856,0.399435923020329,0.0134845615699792,..,0.0243624066926479,..,..,0.544915903295515,0.046403868360573,0.0930612129794418,..,0.0112891940575805,0.0462492040248339,0.00690133272476388,0.0234095847313264,0.0113438958450479,0.0394378095226582,..,..,0.00634066374558888,0.0317291209436773,..
Central African Republic,CAF,Ores and metals exports (% of merchandise exports),TX.VAL.MMTL.ZS.UN,..,..,..,40.8353874472937,41.1962704801338,30.1190681772241,25.5697690303921,35.5866500455737,0.836027816293992,1.29711653339934,7.56487393143999,20.2036330785047,21.7486667328819,36.5638934976707,36.7893669865716,17.7717761821553,15.7146700640248,26.576755668597,35.656003903309,61.6353148967196,57.8317269539369,60.6801604344611,57.8085217674326,45.7112889245984,0.293929465526799,0.0123609137787959,2.19732333466574,3.71771062746912,13.9117395814817,4.84862130405419,16.7055945931343,19.9483943864465,12.20271544904,12.6689665953919,6.31887204148749,..
Central Europe and the Baltics,CEB,Exports of goods and services (% of GDP),NE.EXP.GNFS.ZS,..,..,..,..,..,32.2518538608553,32.3815252949897,34.6564233146886,35.005589690959,34.861127520908,38.2069371820689,38.6354071662449,38.7153130082038,41.210372022655,44.8097091279862,46.188829934152,49.6665566551274,50.369663749436,49.6522603166476,46.6142905097632,52.101297492886,56.4204671449784,58.5718495834149,60.1369184276197,61.0593430026036,61.1411899568957,62.2129899878671,63.3191597415988,62.9084900973338,61.784779524602,58.6778419188787,63.116382613769,68.637004809798,62.7220904063465,58.3944687039942,56.3896097998902
Central Europe and the Baltics,CEB,Fuel exports (% of merchandise exports),TX.VAL.FUEL.ZS.UN,..,..,..,7.14591990144271,7.05174470893105,5.75629356113111,5.72479044560873,5.27344488124537,4.34923295490889,4.22330186988023,5.21144980920977,5.19014145311855,5.04620351050839,4.41089053875304,5.2573782947758,5.9239326185864,5.69082635997707,4.60400767579909,5.56542154397194,4.79690108376975,5.45624835507118,6.12018250605468,6.30514622889069,5.70682545904161,5.13590631236482,4.37315029573183,3.41007674997846,3.68336723319741,3.67963313187625,3.38927536978547,2.33277994596178,3.38271785763069,5.8293639908054,4.05004788658402,3.87172222688338,..
Central Europe and the Baltics,CEB,Ores and metals exports (% of merchandise exports),TX.VAL.MMTL.ZS.UN,..,..,..,5.3612139534044,4.68252057183902,4.62331702132647,4.2474812323184,4.15637145195778,3.51481445830419,3.63540793695604,4.04376810712284,3.38577137700164,3.15009769484025,3.03040195533541,3.41312893863327,3.29384608294205,4.25612643374768,3.83459143440259,3.50585400257544,3.03591568766912,3.76224621176961,4.00138763546707,3.85047283836851,3.38978842844842,3.15954445998867,2.81976971444065,2.40735226221936,2.70809290229967,2.68716302758945,2.60595601132375,2.64426309811735,3.19855420178435,2.8700597782423,2.49413121938374,2.70486143383882,..
Chad,TCD,Exports of goods and services (% of GDP),NE.EXP.GNFS.ZS,13.4802082509051,11.9516330624513,11.0907463892736,13.323446113405,16.10560200014,21.9290175473215,17.54350924621,18.5438360838388,18.4916260621633,18.3181207710371,16.8900964319303,14.6657875448771,12.6899405964434,24.6329669069481,51.0088580567156,44.5923490073183,44.7758222138389,43.4687945404915,40.071386894678,32.8771516408689,34.4383534129809,32.6626669076152,33.3980005442342,30.1515041957742,23.1390359613993,27.9084800637597,22.6079863534137,23.1856157702325,25.8447812653289,24.968456965958,21.286846433583,26.2833492963398,31.7353441144244,29.1015893607964,27.6855627406623,29.4140577724768
Chad,TCD,Fuel exports (% of merchandise exports),TX.VAL.FUEL.ZS.UN,..,..,..,..,..,..,..,..,..,..,..,..,..,..,..,..,..,..,..,..,..,..,..,..,..,..,..,..,..,..,..,..,..,..,..,..
Chad,TCD,Ores and metals exports (% of merchandise exports),TX.VAL.MMTL.ZS.UN,..,..,..,..,..,..,..,..,..,..,..,..,..,..,..,..,..,..,..,..,..,..,..,..,..,..,..,..,..,..,..,..,..,..,..,..
Channel Islands,CHI,Exports of goods and services (% of GDP),NE.EXP.GNFS.ZS,..,..,..,..,..,..,..,..,..,..,..,..,..,..,..,..,..,..,..,..,..,..,..,..,..,..,..,..,..,..,..,..,..,..,..,..
Channel Islands,CHI,Fuel exports (% of merchandise exports),TX.VAL.FUEL.ZS.UN,..,..,..,..,..,..,..,..,..,..,..,..,..,..,..,..,..,..,..,..,..,..,..,..,..,..,..,..,..,..,..,..,..,..,..,..
Channel Islands,CHI,Ores and metals exports (% of merchandise exports),TX.VAL.MMTL.ZS.UN,..,..,..,..,..,..,..,..,..,..,..,..,..,..,..,..,..,..,..,..,..,..,..,..,..,..,..,..,..,..,..,..,..,..,..,..
Chile,CHL,Exports of goods and services (% of GDP),NE.EXP.GNFS.ZS,32.2119449244153,30.9848794845346,28.5950704800945,25.5450555023598,27.2530179794726,28.4806033041148,25.9504471585508,25.8780061517668,25.1435824160666,28.3091122404956,30.1237545610247,31.8473112100134,32.2572216653296,35.0609735492762,39.6857497510041,40.1755713149739,43.8656741327676,45.1298514125536,41.1625609327669,37.1156346662754,37.903993986295,37.6897797617714,33.845591494963,32.0874628670083,33.0039028305543,29.1910790733686,27.9231577302995,28.3313768888156,28.5290452274717,27.8723266080413,31.3228006627665,31.974345622206,35.6216861605322,30.7750617433637,33.7320704435058,34.5635609348334
Chile,CHL,Fuel exports (% of merchandise exports),TX.VAL.FUEL.ZS.UN,0.508645743376612,0.501583244319668,0.333449382813415,0.172904124654129,0.19967958632729,0.242583031969892,0.179531971498549,0.296581936047817,0.385831102331361,0.430605640211425,1.11401872751948,1.45351058459507,1.18807795624873,2.86320450578717,2.2540658481005,2.80898772504072,2.43371733531432,1.83161893626896,2.35498882562469,1.44690090747168,1.10225699027131,1.29992761409464,1.2828817129094,1.3775568746199,1.27302532739729,0.898599873952062,0.899956656800068,1.06104376398313,1.17911727055873,0.996195388244754,0.680307468385457,0.815333310737599,1.69325787359142,1.80543071190217,1.32012360616343,0.891246166699904
Chile,CHL,Ores and metals exports (% of merchandise exports),TX.VAL.MMTL.ZS.UN,53.1049624594718,46.9649211588354,45.5275123196896,42.0244888023848,42.2189682487632,47.1214207701391,44.9532097157166,46.9501411076941,42.0280694627684,42.4625152976902,44.5230597731378,40.693103600054,40.5582790018529,41.0324638250931,52.8933113223763,56.3235896677862,62.5205610453167,64.309994713649,55.7247442835048,58.2801559676936,63.2866711696578,60.7043853671838,59.1484541659561,56.5992316305558,54.4938258485244,52.3409634632125,50.4034333744308,54.0633105038381,52.4217199941519,51.3740514871807,57.372617205842,62.2188844607438,49.8300184342932,52.0026997226168,56.1402892229553,57.1421752973795
China,CHN,Exports of goods and services (% of GDP),NE.EXP.GNFS.ZS,13.5882641172526,14.4450323111337,15.6002410213269,16.6339975209836,18.4515778259707,17.8624291729756,17.8247104643429,19.3692945938508,18.1992267514817,18.0006905864312,20.681599363293,20.0776873829946,22.3518233715808,26.6023738514511,30.6097162464404,33.3687977498922,35.5268468681701,34.9066956194649,32.092513602143,24.3307718125403,26.7227451502469,26.1518828948759,25.07670432956,24.1633430905854,23.0719766947263,20.9390642234326,19.2036507365412,19.3356301657728,18.770519802938,18.1398222864053,18.2696013805051,19.4350556514909,20.227756033041,19.4023091648376,20.4428283665891,21.0711983566772
China,CHN,Fuel exports (% of merchandise exports),TX.VAL.FUEL.ZS.UN,..,..,5.52424102009769,4.4783689356894,3.36262340846476,3.58384721631842,3.92677839358166,3.82213885487598,2.81568382698343,2.38996498851833,3.15222106435306,3.15850304161569,2.59070421728136,2.5361753489702,2.44053050133123,2.31272376664692,1.83393570516165,1.71119843888368,2.2208063178118,1.69623692345059,1.69056311409029,1.70007725545848,1.51374985096957,1.5294698347956,1.47061074195033,1.2272664163092,1.28100094525523,1.5635573554021,1.86764407076313,1.87465304454538,1.2143685449396,1.29170537075172,1.79009011301844,1.8075643209073,1.49786393169736,..
China,CHN,Ores and metals exports (% of merchandise exports),TX.VAL.MMTL.ZS.UN,..,..,1.69054452864012,1.65044352178807,1.85593706296079,2.06554120824078,1.79073619811341,2.07175462677437,2.00362274524883,1.95591009512052,1.83767957725455,1.74535415424609,1.57791210521067,1.59380319283648,1.89169429050215,1.79072067915524,2.15043213751421,1.798056229728,1.64162254167846,1.16055322491633,1.35551382378782,1.43198201047339,1.22562185968402,1.17807626251683,1.24906371312883,1.17086953037954,1.12761789812447,1.20473204723595,1.32756116052616,1.26063099024319,1.12206922684085,1.38279589662737,1.51241196259416,1.32245246342569,1.5142975856954,..
Colombia,COL,Exports of goods and services (% of GDP),NE.EXP.GNFS.ZS,18.8626690286416,19.0945389024404,16.5185546953654,15.1844952854784,14.9983618345688,14.5337428892103,15.199461701397,14.8415437434707,15.0073508369912,18.3465787501541,15.915139715438,15.3871357665009,14.8155696775272,16.5752997117627,16.7707514248023,16.9710437391629,17.7285877506525,16.4331421263646,18.1095951350739,16.4244956875755,16.3408447597691,19.2765050733171,18.8112052836654,18.0864397214368,16.6347491096509,15.6502115094968,14.7171392781975,15.1452897484005,15.8997196775431,15.8680386541241,13.5222755593302,16.1970059548864,20.3883679938331,17.8077746975806,16.0804545104347,14.9840475310756
Colombia,COL,Fuel exports (% of merchandise exports),TX.VAL.FUEL.ZS.UN,..,28.7654741799276,28.5097083217105,26.4990782698671,21.8458297373462,27.2317543704497,35.9490615649947,31.3668639504452,30.2541163556531,40.4790768527767,43.079504613909,36.2987158428522,35.9187562462727,37.1903540205232,36.9076955307127,39.2456236749078,38.4317055772282,36.2508073999514,45.9657263851576,48.3004439860279,57.1597814442562,64.8290275394886,65.7196385483131,66.7714032360418,65.573054598972,52.7863528817984,47.4972851001361,54.1370602858504,57.8787906155164,54.6948856458005,41.5564453985501,46.303559002575,54.5165586087032,50.7229439143258,45.3036922636334,..
Colombia,COL,Ores and metals exports (% of merchandise exports),TX.VAL.MMTL.ZS.UN,..,0.274800798681609,0.255494444346662,0.426894744823821,0.882108533692113,0.600806217316927,0.557599755047315,0.533180015331823,0.631338563007447,0.679749505864758,0.663275879909817,0.810077376530152,0.825699801958899,1.01255652251846,1.2620352687624,1.34002058452425,2.38449374633024,2.34100721501799,1.99773759376982,1.57475366846857,1.5548615358086,1.18351924617809,1.08359471000988,1.09600943006824,0.968201673645253,1.26412035679976,1.16347146041294,1.24583665497229,1.19144344591569,1.04528557470578,1.30101834218228,1.65857830550253,1.40491616097376,1.77130475609424,1.83962796660093,..
Comoros,COM,Exports of goods and services (% of GDP),NE.EXP.GNFS.ZS,8.83645379157049,8.83628799476148,8.83650241019117,8.8359144498935,8.83605448664154,8.83640480692066,8.83645933776945,8.83630548664543,8.83626349945661,8.83595304639463,8.83631406942087,8.83626078759847,8.83617673117486,8.83612986641663,8.83602719757017,8.83628108070565,8.83617933253511,8.97534196697091,8.22134722875202,9.31193867197775,9.63889703893025,9.95640374806739,8.94587438315301,9.04839531847644,9.67647301007213,10.1361983069761,10.6728955768962,11.9013164484663,12.909022989086,12.7734606325226,5.67175210840519,9.91703418014113,12.9470275117016,10.3108363180596,9.23135575502753,9.2978020237782
Comoros,COM,Fuel exports (% of merchandise exports),TX.VAL.FUEL.ZS.UN,..,..,..,..,..,..,..,0.0977202748249474,..,..,..,0.00469844262895696,..,..,..,..,..,..,..,0.0236698103289717,0.054577510381983,0.0700598923083429,0.017388494580408,3.01260153144996E-05,1.60903288612314,5.64070725443839E-05,..,0.00887808919349842,4.1336953696259E-05,0.0252436299290411,5.36366319081788E-05,0.0512060681375277,0.0130202623394348,0.00485457345334166,..,..
Comoros,COM,Ores and metals exports (% of merchandise exports),TX.VAL.MMTL.ZS.UN,..,..,..,..,..,..,0.000423404842611463,1.10917842123124,..,0.00189154646390435,0.00423400451590008,0.00524507584340624,0.00208806695434875,..,0.66520249263739,0.149600348390232,..,..,0.522391765016685,0.0372923820621511,0.813905646134158,0.847733671298026,0.110774025742152,0.0203651863526018,0.0618031951656029,0.0444425057124696,0.0166783171742393,0.126857513563295,0.0877257182600293,0.318173040040997,0.75010829723588,6.54854738738506,0.517962654358925,1.23197156881377,..,..
"Congo, Dem. Rep.",COD,Exports of goods and services (% of GDP),NE.EXP.GNFS.ZS,..,..,..,..,22.6252944147172,28.4822883100778,30.0027630853046,18.750000234375,29.7900882870708,23.6356699193136,11.4496120313427,11.987684833486,15.6713428067886,24.0004430362555,22.7295135131027,23.1598967085384,20.2535145998247,35.5890633546039,33.9875035809117,26.8725722352707,36.6940248162745,38.6881773805013,30.0613074272917,34.1359763766297,32.9467178753709,26.0071219054555,31.1223783108872,31.0840226026107,34.4656241504362,28.4657291929772,29.8455118333319,37.829511069311,40.8203246110598,42.0539835211192,45.6969577635665,43.4174837745438
"Congo, Dem. Rep.",COD,Fuel exports (% of merchandise exports),TX.VAL.FUEL.ZS.UN,..,..,..,..,..,..,..,..,..,..,..,..,..,..,..,..,..,..,..,..,..,..,..,..,..,0.0127066390198457,3.93165005120999,0.0011906538651633,0.00123417667085146,0.0116944289280577,0.00155296296283328,0.00244527725898267,0.0110464409915681,0.000486337353062221,..,..
"Congo, Dem. Rep.",COD,Ores and metals exports (% of merchandise exports),TX.VAL.MMTL.ZS.UN,..,..,..,..,..,..,..,..,..,..,..,..,..,..,..,..,..,..,..,..,..,..,..,..,..,70.6893964675775,69.2768524098617,56.5053710280869,45.2313432845268,67.1352960154318,74.1476837170452,71.0236615792102,83.1096927962329,76.344497695925,..,..
"Congo, Rep.",COG,Exports of goods and services (% of GDP),NE.EXP.GNFS.ZS,51.7773595800525,41.634588526083,40.6920969216899,42.8363705696619,58.5170212549371,64.7045701571672,68.4582134338693,75.5966393744929,76.2776297713242,72.2900710687918,80.297147219193,77.4200268515354,81.5164254833959,80.8123655970076,80.5297928332926,75.0050837514178,77.4641294571561,68.4853907202658,73.4029185288145,64.479912106445,68.5280915300939,73.6117327393895,58.0820278199554,52.9343405840282,53.1336383710482,40.8570487934502,42.068526050081,47.9627316588394,62.2105922950548,56.1988143702835,40.7190432792988,52.8365708586233,63.8121468562925,56.8959278033859,52.7796430530581,48.022613302008
"Congo, Rep.",COG,Fuel exports (% of merchandise exports),TX.VAL.FUEL.ZS.UN,..,..,..,94.3894815890217,83.3777756517366,87.6407695320827,..,..,..,..,..,..,..,..,..,..,..,87.0246170425558,84.0961243972581,70.659307853439,67.7204549838107,77.6661370595561,78.8976775256033,75.7095794999008,46.1725866962141,31.2584482176902,19.4906127882401,44.5565160708106,82.217408245137,83.9394174364415,75.1121966274822,55.0904298609538,87.4554561831864,85.8630872035881,..,..
"Congo, Rep.",COG,Ores and metals exports (% of merchandise exports),TX.VAL.MMTL.ZS.UN,..,..,..,0.0556104231076522,1.0871533621195,0.325081843092646,..,..,..,..,..,..,..,..,..,..,..,0.0364830291043684,0.0282945243019541,0.0186792596942976,0.0210088059797555,0.0193554921266908,0.0140743008856092,0.0146800156868154,0.0136861319359873,0.0120404843620738,0.0184843607142912,2.28755494586862,0.927424742561132,1.55912218977186,0.831440752613757,4.64029512490845,1.43657443739868,1.19935592976496,..,..
Costa Rica,CRI,Exports of goods and services (% of GDP),NE.EXP.GNFS.ZS,34.1902683361643,33.4061071681073,35.2817505483681,36.0372233840502,35.8846600988984,38.1292151516333,40.0119906390072,41.6090689095827,43.962841620481,42.5578652733022,42.9303224591994,40.5085719500705,39.2245350275681,40.6717129761414,42.2076544521738,43.464522824224,43.3140350907406,40.5821371736585,38.8064601026245,34.6323048229081,32.8294112720049,32.4724707460503,31.6513172644756,30.5916494074101,31.362915449766,29.9956579824958,31.2600961080703,32.7626831133763,33.6589195458941,34.1472985859666,31.6977144131717,35.8298587276824,40.5888104743828,38.0957487081207,37.5298397915012,38.8499059117269
Costa Rica,CRI,Fuel exports (% of merchandise exports),TX.VAL.FUEL.ZS.UN,..,..,..,..,0.578190174550702,0.774151131794269,0.863741704236126,0.453160487759183,0.387011217942347,0.365682344031691,0.616778935676235,0.845937654798046,1.01663698993828,0.486551525474643,0.074454462175117,0.487124253138593,0.609434003968108,0.575984099270679,0.843425730823885,0.564266128388826,0.563620740553993,0.325379365626922,0.0421607473129209,0.0362385371324239,0.0297900558114709,0.0382753572012209,0.0337693844457477,0.0388898631200294,0.0326713597930168,0.0187875593840616,0.01611262540893,0.021567003753793,0.0216194838414378,0.0548257166859753,0.018380373927685,..
Costa Rica,CRI,Ores and metals exports (% of merchandise exports),TX.VAL.MMTL.ZS.UN,..,..,..,..,0.950714325253474,1.06186090125111,1.18742621168758,0.950115575754852,0.7848536292395,0.536497861946718,0.760437542106638,0.808246722992823,0.814737294693017,0.711479995835235,1.03354286931436,1.16819915002574,1.58636848850852,1.45732403864289,1.40820985107273,0.736285165169548,1.14213447976051,1.47558229776724,2.33207214786887,1.46279654613949,1.60539880440734,1.21795803880745,1.09214883019012,1.33459998968336,1.43490019554813,1.37490331980926,1.42269448012349,1.65528808128059,1.45143574332589,1.50937140629287,1.39829772346223,..
Cote d'Ivoire,CIV,Exports of goods and services (% of GDP),NE.EXP.GNFS.ZS,31.6898746701998,30.0117263444518,31.9094869275422,29.4424528741736,40.5274018640381,41.7592996636706,28.0548089119745,28.1619510423631,27.1844537490724,28.7375016337359,27.7900585635603,27.4698146295241,31.361161437556,28.741013407249,30.1412888678631,31.8789802252367,32.8409302334209,30.4909527241434,31.0136690713744,35.4127413048103,33.4995745908321,35.2813763519634,34.9824903983423,29.1604026575655,28.1569587645537,27.3553887828515,24.9418624533151,25.4987866021143,22.6941999168587,22.6604887650452,20.9934684842997,22.2962678369402,24.2673603262295,22.4353390507141,26.028011108531,29.785395705048
Cote d'Ivoire,CIV,Fuel exports (% of merchandise exports),TX.VAL.FUEL.ZS.UN,..,..,..,..,..,9.52233322968931,16.2201172362689,13.1133032049887,9.81237327522455,12.6147458242686,20.3284493525677,14.8393342397597,11.359930059128,9.29965934074346,18.5197551226334,27.7287907875803,36.8733515134456,32.5902768433819,37.1531402941758,29.4292929780665,23.6570135075535,24.3289042874042,29.094062518183,21.0645605725917,20.838190360683,12.9487994169276,12.2606024304154,12.6226345622712,15.9261119900858,16.7946232292025,10.2772547090229,11.2111608527105,18.5182878304062,15.7704493008516,15.1221609102397,..
Cote d'Ivoire,CIV,Ores and metals exports (% of merchandise exports),TX.VAL.MMTL.ZS.UN,..,..,..,..,..,0.158160046219748,0.12986059767881,0.158625063611406,0.130442877751062,0.128112868814737,0.168600313289144,0.213893623604401,0.163403618117846,0.157326473164042,0.233205505010063,0.212418475709056,0.160241811029383,0.380226862544706,0.642278457684634,0.403566085971238,0.313152551679008,0.189149965439685,0.235680858964045,0.340950280192448,0.434254556183484,0.225931899206963,0.182949942529029,0.533847337852105,1.12444850636875,1.41087055742866,1.43286910395292,1.01844264392404,1.10726007801245,0.932912891480029,0.7696455104056,..
Croatia,HRV,Exports of goods and services (% of GDP),NE.EXP.GNFS.ZS,..,..,..,..,..,27.3097480274879,30.3072303072303,31.0432569974555,29.135995583364,30.1358196243668,35.0886709785103,37.1330952011182,35.8907304661272,35.5457842539397,36.5623048791366,36.4030844918604,37.546214231451,37.4647496648329,35.9746536354849,32.1015287508114,35.5033044103763,38.0508643396268,38.7042039695475,39.4700634681106,42.4177587590265,45.4314058216943,46.6194340495312,48.9161907825947,49.1104429591895,50.4917495355699,41.2797572126754,49.7866067908747,59.5122239805954,52.5673730204834,50.1414353064432,47.9720354934122
Croatia,HRV,Fuel exports (% of merchandise exports),TX.VAL.FUEL.ZS.UN,..,..,8.67267812622606,9.66542635438291,9.0683373606827,8.43263671625467,9.22114785670538,9.82433696400253,5.80485922125235,7.75035371501183,10.9626983421509,10.2151778121735,9.34895999478269,9.62307738195106,11.3262188190272,13.8929040520858,15.1071995455938,12.9343181003839,12.8972693206912,13.0144815987687,12.4673216838203,12.0765969396262,13.6718561971398,13.9912729854429,13.507536869033,10.9049883399332,9.49404939744756,10.6786816516462,10.5649748380568,9.47847332414296,9.04277575351903,11.8747173830894,19.3892953687712,11.9933049772166,13.0917820766944,..
Croatia,HRV,Ores and metals exports (% of merchandise exports),TX.VAL.MMTL.ZS.UN,..,..,4.83122445785582,1.60880993331246,1.95963810579541,2.33807761665747,2.1806747188356,2.58408258027762,2.18428506344833,2.227457724479,3.02217894548663,2.66229103665213,2.59431082175214,2.27026881473396,3.40409153854028,3.77534154653081,4.38216596713458,4.58755890470055,4.29179270428804,3.62799684712098,4.50785404777907,5.16768820989798,5.19459070846999,4.42951200166939,3.69162990852728,2.82004732437204,2.80371526734313,3.80140504044553,3.88320618536719,4.05184800780586,4.38530028892353,4.9656928362241,4.48865562382228,4.01353681138671,4.33865937994052,..
Cuba,CUB,Exports of goods and services (% of GDP),NE.EXP.GNFS.ZS,30.2390452142262,21.931179713084,16.9182669666124,13.1942099528868,13.2397137421534,13.4015118655048,15.3133610730212,14.9239679694337,14.2526142187663,14.5374790771003,14.1300293796253,13.2344771860718,11.5270686652476,12.9519347542701,16.0217783943669,21.018043449426,18.7134547274699,20.3363598668348,20.567605659282,17.4597293814433,22.5702648924263,25.103638208436,25.5109993027167,24.1004303416809,22.0838845419007,17.1473888133975,14.9825313409813,14.5512704805325,14.5227333905979,12.2133743797594,8.16845517549743,34.893565509576,40.4896279061686,45.6267674849104,42.4701633021061,..
Cuba,CUB,Fuel exports (% of merchandise exports),TX.VAL.FUEL.ZS.UN,..,..,..,..,..,..,..,..,..,1.26579686555557,3.12565065656758,1.48599419229552,0.401734776982459,1.49855667171442,0.500193591079981,0.847512024990472,0.000278319364383238,..,..,..,..,..,..,..,..,..,4.16853497390377,2.50525444623505,3.22102076823463,4.41313592514728,10.295499776988,5.73613117163468,..,..,..,..
Cuba,CUB,Ores and metals exports (% of merchandise exports),TX.VAL.MMTL.ZS.UN,..,..,..,..,..,..,..,..,..,29.3123098963983,37.2739389979455,29.1802983008979,32.709320892927,39.0646672561117,47.6538390881152,48.7993777218892,2.06230300373913,..,..,..,..,..,..,..,..,..,23.2150531133196,1.99053387712111,7.22286231925514,38.463494720428,43.1269888701656,49.0118080736196,53.4234884310835,..,..,..
Curacao,CUW,Exports of goods and services (% of GDP),NE.EXP.GNFS.ZS,..,..,..,..,..,..,..,..,..,..,..,..,..,..,..,59.4962849609475,63.3906524770353,60.8534420640082,69.4667581954085,60.6840139427977,55.5395332218441,72.9856712615926,80.7958216917265,74.2989827899284,75.9321214347871,68.4941164317425,62.995509914548,59.6296892793727,63.2460008659465,..,..,..,..,..,..,..
Curacao,CUW,Fuel exports (% of merchandise exports),TX.VAL.FUEL.ZS.UN,..,..,..,..,..,..,..,..,..,..,..,..,..,..,..,..,..,..,..,..,..,..,..,..,..,..,..,..,..,..,..,..,..,..,..,..
Curacao,CUW,Ores and metals exports (% of merchandise exports),TX.VAL.MMTL.ZS.UN,..,..,..,..,..,..,..,..,..,..,..,..,..,..,..,..,..,..,..,..,..,..,..,..,..,..,..,..,..,..,..,..,..,..,..,..
Cyprus,CYP,Exports of goods and services (% of GDP),NE.EXP.GNFS.ZS,51.5005647205938,47.0856508133278,49.4569602638771,47.4913742815193,47.6894839198586,66.7632937695315,70.2076672511647,69.185609012311,68.6974814727821,66.9264639996054,69.9628239174311,68.2088550711651,62.4053067776663,57.7621279453982,56.8898030886863,55.6921064986712,53.4358108781673,53.2589801292313,50.081695822203,48.7222504024133,50.3345258473469,53.4540858842518,55.2783809408715,61.2965904312478,65.9517048728868,70.0173031293258,70.4840522281272,73.8364791392389,74.511134620546,75.7588643662806,79.647252717685,90.7578331633624,104.666076513256,96.3899707005315,97.0202359384563,97.5738320583018
Cyprus,CYP,Fuel exports (% of merchandise exports),TX.VAL.FUEL.ZS.UN,1.90820262605224,1.72168252333049,2.20377384508877,2.37160711664016,2.60610659966537,1.62194500454233,2.58764777829738,1.92610860821147,2.60505864529173,3.01711657886608,5.91527040462518,5.08966076885184,3.88475971601288,3.58841955792731,0.969512303635874,0.0386433074214067,0.052638153306894,0.00758022597991503,0,0,0.00235021753249288,0.0136695432866564,0,2.30321642764847E-05,0,11.7142450504551,19.4642761267531,30.9936030304856,40.9673800485684,26.3058906698995,20.0416896354461,26.2512977210872,27.4863879712593,48.7219908590275,49.0689211198229,..
Cyprus,CYP,Ores and metals exports (% of merchandise exports),TX.VAL.MMTL.ZS.UN,0.702862926870443,0.684502632590732,0.720604320524021,1.03704104387459,1.35197133504129,1.1381566070624,1.99891381218706,4.61528422249991,4.37661358440642,5.39812257912622,4.85055667713502,4.84679419380432,4.89470968618493,4.80124892620898,4.2997477985446,6.94255296417022,12.567749867026,14.2263785665861,12.6279004899326,11.0429912717288,13.6898329003854,16.8429285734584,16.4418305002461,11.4983139277849,9.44378442725303,6.73410411229818,5.2934037971295,4.72481568108836,4.2218874609881,4.57678906558326,4.87338889082273,6.84273158005649,6.70456092000687,3.98527553557786,4.42526376005569,..
Czechia,CZE,Exports of goods and services (% of GDP),NE.EXP.GNFS.ZS,32.6915126475747,38.1579113682169,39.5789086824477,39.6576592858123,36.8371357206842,39.9284395098007,37.8990370301148,40.0180990636206,41.8138083917812,42.4907873989701,47.8222277784723,48.6218413983162,44.7797457982463,46.5673230629568,56.8994781682745,61.7588664473362,64.8869825723489,66.150542351883,63.0342206340259,58.4757844686548,64.8915980155479,70.2506376126123,75.1048104767256,75.5803954463061,81.3510352122697,80.0125671431762,78.108333006403,77.6844326231276,75.6097814865591,72.1248511386482,67.7609732344735,70.550045142844,72.4094281428088,68.4031069284452,68.8585282145125,66.9450959346234
Czechia,CZE,Fuel exports (% of merchandise exports),TX.VAL.FUEL.ZS.UN,..,..,..,6.08108817860597,5.57450972300295,4.26623500576797,4.52900423382999,3.75639607682378,2.97129270150384,2.84989501856792,3.05448448687027,3.00433152308771,4.03844529892403,2.87675595801679,2.76580424713664,2.95424919653861,2.76577181735436,2.63056083754343,3.01206721644122,3.5789370057009,3.68041612517435,3.78387115646777,3.77861262452304,2.95781400958343,2.65099353687188,2.94062234866954,1.87099322261971,1.79182139156991,1.93349422036721,1.72411289625088,1.2001749503011,2.22174838363033,3.53919514728163,1.91907988386955,1.65042225091075,..
Czechia,CZE,Ores and metals exports (% of merchandise exports),TX.VAL.MMTL.ZS.UN,..,..,..,3.2678678546284,2.90507618855085,2.78263371858843,2.47235022554126,2.23686287732363,1.8162963812287,1.89140411125207,1.8599731963174,1.66518003502921,1.40794743623513,1.69114211895355,1.9561834974089,1.6205284243772,1.96340749220861,1.90292154670999,1.88765898374338,1.73239359976707,2.12469327473449,2.15954835843991,2.31960647306695,2.17847766542176,2.02976631783117,1.57528728811662,1.32252672188299,1.4753298665411,1.37184820325273,1.21207230157379,1.21934907977933,1.61350866676839,1.56813504665432,1.35386813778064,1.40367567949443,..
Denmark,DNK,Exports of goods and services (% of GDP),NE.EXP.GNFS.ZS,36.4309412098196,37.6944386994211,36.9421011016129,36.5877579558777,36.8859843352178,36.6433305842217,37.0972755027358,37.8274440412224,37.2107081900933,39.3655724189585,44.8786835833686,45.5295862400865,45.6653553506862,43.7731471646248,43.821544808921,47.3751212346545,50.6843661293202,51.3974872348582,53.9709187280921,46.9989097546293,50.5907805356338,54.0836272472402,55.0808426058575,54.9209092360852,54.8334037514843,55.8143215733858,53.7439528985173,55.3459515613736,56.9833683807386,58.9506079167167,55.0368973244514,59.2073478715957,70.7552148776405,69.3143620591443,71.0020132043046,70.117072547021
Denmark,DNK,Fuel exports (% of merchandise exports),TX.VAL.FUEL.ZS.UN,3.34034602427167,3.60627679777332,3.428490835364,2.94666497574807,2.48436199766305,2.58347842883058,4.29019604635323,3.74552775107754,2.74678447626865,3.76646604633445,7.01146142066434,5.72402380469714,6.18038916103507,6.55280343105257,7.84721688725071,9.64491757214053,10.0941238028224,8.36362331224985,9.58907657996195,7.63371922050744,8.07066918425641,8.90717292190029,9.36040400147185,8.57392151061066,6.55193063562233,4.82598352011379,3.52193023259605,4.02329225342572,4.31161076936038,3.99130782895772,2.08131278754721,4.12965844002045,5.97125968264802,3.93398583708542,3.77818245342826,3.95080056852683
Denmark,DNK,Ores and metals exports (% of merchandise exports),TX.VAL.MMTL.ZS.UN,1.20189045567811,0.971971686027814,0.947449502323352,0.890669067912944,1.00162451600908,1.23563209057653,0.946329140034947,0.986990260120346,0.943038133941114,0.895359292561754,1.01904608550717,1.03892442726229,1.09363642130214,1.26762779172568,1.4259873302526,1.28683966061961,1.45918813432424,1.79890080475418,1.70694764321709,1.28710103290384,1.62457039603576,1.65076046234192,1.43420672114477,1.29962030070922,1.51389259604188,1.30256286563184,1.30427258459606,1.47944287237049,1.51915585527309,1.34249528051417,1.37226205427576,1.91206467745315,1.88025218853746,2.00423993416193,1.96131728577918,1.90947055917077
Djibouti,DJI,Exports of goods and services (% of GDP),NE.EXP.GNFS.ZS,..,..,..,..,..,..,..,..,..,..,..,..,..,..,..,..,..,..,..,..,..,..,..,156.414102493532,157.949327841603,145.421307480105,103.764025112093,150.098361470494,156.619986522272,166.717864481384,117.134854035476,142.728193974095,159.250735528808,150.741322598259,126.415267144255,110.493588636595
Djibouti,DJI,Fuel exports (% of merchandise exports),TX.VAL.FUEL.ZS.UN,..,..,..,..,..,..,..,..,..,..,..,..,..,..,..,..,..,..,..,6.47331941297147,..,..,..,..,..,..,..,..,..,..,..,0.442789095210204,1.24359395878011,0.995238487819515,..,..
Djibouti,DJI,Ores and metals exports (% of merchandise exports),TX.VAL.MMTL.ZS.UN,..,..,..,..,..,..,..,..,..,..,..,..,..,..,..,..,..,..,..,0.318660143179232,..,..,..,..,..,..,..,..,..,..,..,0.582915174231163,0.719550395475568,0.527328783503672,..,..
Dominica,DMA,Exports of goods and services (% of GDP),NE.EXP.GNFS.ZS,..,..,..,..,..,..,..,..,..,..,..,..,..,..,..,..,..,..,..,..,..,..,..,..,..,..,..,..,..,..,..,..,..,..,..,..
Dominica,DMA,Fuel exports (% of merchandise exports),TX.VAL.FUEL.ZS.UN,..,..,..,0.000238925101567167,0.000879249036117579,0.000107610830970608,..,3.92247456525302E-06,..,0,0,0,0,0,0,0,0,0,0,0,0.0528019163483777,..,0,0.00531517299232305,..,..,7.33421155815325E-05,0.223367956944298,0.000126027499782118,0.000386000094456494,0.0428312278450149,0.000303990218018957,0.129024431220386,0.00752646170555339,..,..
Dominica,DMA,Ores and metals exports (% of merchandise exports),TX.VAL.MMTL.ZS.UN,..,..,..,0.130713363155595,0.544731035567051,1.31252243657206,1.66957930051533,1.8494467575168,..,2.82537331755421,4.22487992259826,4.27828410194972,3.74047696678161,4.38973183206148,5.61633075863733,6.88983592826647,6.85694733344657,10.6387946960552,14.2351086183328,8.13231955829599,6.70370779385094,..,12.2485323706899,8.53038403437001,..,..,11.8288815609459,8.1747999022035,6.26865631127784,3.09073303083036,2.14689437461653,5.72887239706608,1.74623746065708,0.929642781152361,..,..
Dominican Republic,DOM,Exports of goods and services (% of GDP),NE.EXP.GNFS.ZS,30.610707909123,40.0779731552293,36.8037503160956,36.3893323975465,36.2085399180065,35.2267216224166,34.8867097256752,35.2222875438087,34.3098842791,34.9811021074665,35.4978251417642,31.8906200886267,30.724010155589,42.1529981602708,41.1474766418853,28.3311381514539,28.2249162691947,26.7620220119612,23.9483515015273,21.0931826103163,22.7751186165488,24.3269602141381,24.7666213993906,25.3838177066263,25.4069026925032,24.0368347236543,24.1938670386292,24.1797519638034,23.993089643769,23.325332586795,18.7972072415048,21.5282997986043,22.0261866198241,21.3233165320401,22.7679273981921,23.6399210081098
Dominican Republic,DOM,Fuel exports (% of merchandise exports),TX.VAL.FUEL.ZS.UN,..,..,..,..,..,..,0.0201465131348334,0.0241570020379593,..,..,..,15.8079645538506,1.97124170560477,2.5885470393514,3.72611529328814,5.2442182706843,0.00912935198268182,5.52179161382597,7.74372386578028,5.84510534150755,0.099717507251035,2.93053082718266,6.3417919456367,1.96443334758797,5.69909161592124,4.40638828054659,3.83103177400536,4.70047640907006,5.08445416179815,4.36862169290227,0.324398828760202,0.771514244911985,1.09092148161125,0.30547693742132,0.435451263861145,..
Dominican Republic,DOM,Ores and metals exports (% of merchandise exports),TX.VAL.MMTL.ZS.UN,..,..,..,..,..,..,0.123950031870247,0.128352504893757,..,..,..,1.71351596638312,0.311642729585602,0.451525526676631,0.56342466433077,0.66806770432309,0.934232233285488,1.25546262236398,2.23234163636278,2.50389439109212,3.68496953894326,4.62313088265565,3.93575854467474,3.88571548684355,3.14640792194024,1.78327753384111,1.34702483700504,1.40257834921898,1.88249411363481,1.7796768037,1.53332089649435,2.53117700795709,2.53941382245587,2.69043160707394,3.28093047847441,..
Early-demographic dividend,EAR,Exports of goods and services (% of GDP),NE.EXP.GNFS.ZS,19.0817284054242,18.9381664469849,18.701753466294,17.954137764256,19.0982167515465,21.4732795658515,22.2929732021993,22.3291481442167,21.4984463734755,21.9507668141603,24.4945162561758,23.497480290413,25.3989074039955,26.2729199535868,27.9775011209202,29.4920018994134,30.4700725328917,29.844590709482,31.1701418501445,26.0859532615174,27.1437231839243,29.1771792571145,28.7438595698926,28.2270652240407,27.138168940153,23.7799465120692,22.7898147975967,23.7229646892894,26.0007397763405,24.8960962996496,22.3822590352834,25.5987039213023,28.5556375204316,26.1202493165318,25.4738209677885,25.6949153050205
Early-demographic dividend,EAR,Fuel exports (% of merchandise exports),TX.VAL.FUEL.ZS.UN,..,29.3905536550257,24.0077300108729,23.111677731931,22.7618629426232,21.3777747775479,22.0107761950438,15.5846758655445,21.3907260694313,23.7643584770585,25.4562489988361,25.096679701696,24.5585892796182,25.7421464470579,26.3309475934648,28.30937945459,29.4137740580645,26.1499527283916,28.4763059188266,25.9579929654036,28.3117557547665,28.7252002555103,27.0397476958579,28.6348163947053,25.9960522426803,20.8566627540462,20.3728533394371,21.8855191881491,21.5722228699689,19.8763092755371,16.4567474417083,19.2657608399646,22.4793297009198,20.2401876836183,18.7234391258323,..
Early-demographic dividend,EAR,Ores and metals exports (% of merchandise exports),TX.VAL.MMTL.ZS.UN,..,4.1299259086107,4.65967315383845,3.86179425159087,3.99305206051779,4.5417680157952,4.36599021253244,3.8937219772155,3.55134157889702,3.82246187514539,3.62439187838117,3.98694504381761,3.60829581543405,3.93641582827051,4.62460910768269,5.2711636547565,5.98576242660954,6.49488964973309,5.85526026685855,5.68880132445854,6.26721978178808,6.07682757858667,5.64111862683416,5.28357804293673,4.99032592993388,4.86040254156627,4.95100197138329,5.369830210544,5.39783177107184,5.7585682806578,6.60455428974976,7.54043705791533,7.07156640150422,7.39082126709526,6.89159519156266,..
East Asia & Pacific,EAS,Exports of goods and services (% of GDP),NE.EXP.GNFS.ZS,17.3457930085968,17.3376540930388,17.6449045728362,17.2664675867739,17.7991843429291,18.5590630761698,19.9902708454671,22.0030393091791,22.6049919757161,21.4042258206178,23.3615728177387,23.2163462373593,24.5398991388533,26.1190959882366,28.9914055508221,31.3452790049193,34.4099257605704,35.8841446382309,35.5196750672692,28.943450316507,31.7005556521546,32.2676382747218,31.4862274452968,31.9664475029063,31.7834527133482,29.6953055484701,27.6474868673314,28.6539504590886,28.5805637566295,27.4246265950396,26.1236510339818,28.3523670890111,30.805786954412,29.6746080486877,31.1220356381199,32.5369215045494
East Asia & Pacific,EAS,Fuel exports (% of merchandise exports),TX.VAL.FUEL.ZS.UN,..,..,5.86943845284002,5.13253788919207,4.11105856734193,3.89851697485545,4.39956266388111,4.92944099044758,4.02541002911212,4.11880215326598,5.06983240018491,5.09282624525421,4.63051314984023,4.70545783728553,5.06351216872817,5.69928959345234,5.71991754779196,5.66972712880281,7.25835554675222,6.00349279459165,6.08598500365429,6.83124728280007,6.67524811212471,6.49766961247711,6.29056371676652,4.99420054505815,4.44160133155488,5.05571997823972,5.6314792677999,5.3622428111629,3.70219087009743,4.43258450650976,6.15475953488205,5.61604167692969,5.06364585603571,..
East Asia & Pacific,EAS,Ores and metals exports (% of merchandise exports),TX.VAL.MMTL.ZS.UN,..,..,2.16352310774642,2.05028167945158,2.10702474630888,2.44281153767292,2.26815897294878,2.35529986547763,2.42371629442597,2.37854060165286,2.34848909191654,2.26523952777701,2.14500598142117,2.22429570567293,2.51210467011221,2.65998605761012,3.25089341668361,3.39255079531295,3.22259467692029,2.74274074808161,3.45262044884145,3.7756846340339,3.30083602085572,3.39916846160357,3.55947731777634,3.23253287321565,2.90074096847216,2.84792204883006,2.89006067497012,3.00846706926636,3.32495428297061,3.82867535328805,3.35527695581796,3.44006572010384,3.48066214824861,..
East Asia & Pacific (excluding high income),EAP,Exports of goods and services (% of GDP),NE.EXP.GNFS.ZS,23.4019735365366,25.0256239608856,26.2050843425483,26.9647023698426,28.3514291825912,28.3583800686923,27.8108293828389,29.5991885359444,30.3054968178037,29.7181912143885,33.046197850416,30.7705694979385,31.536170481089,34.3341259702446,37.9876218849007,40.1868025206164,41.2429622032688,39.9654948918371,37.129583923507,28.9601874484607,30.8403705779704,30.4438064979741,29.0466364666329,27.9493650168565,26.9211959494749,24.6209279345968,23.0148665819045,23.4499862647595,22.9712552413425,22.1272734554508,21.5641484110026,22.9979669542706,24.3981219106529,23.3136635628917,24.5618659870998,25.5218884751343
East Asia & Pacific (excluding high income),EAP,Fuel exports (% of merchandise exports),TX.VAL.FUEL.ZS.UN,..,..,7.04481152747818,5.80653185688164,4.59971523395999,4.69405410229914,5.12938654188869,5.71570342517501,4.40457362920778,4.57131229246426,5.89981966627134,5.69846514726877,5.03150943770691,5.13755088615606,5.38704461127215,5.63912550235176,5.28901790608619,4.93936778001874,5.84065551671604,4.79746548655327,4.81300479222916,5.24256690820966,5.16947803153816,5.17335794672236,4.8686599604543,3.74766116594335,3.26704623340959,3.7956573652299,4.11322395096016,3.94207644830235,2.89619033740158,3.30379968763629,4.27107517257966,4.14987491533595,3.59190373504255,..
East Asia & Pacific (excluding high income),EAP,Ores and metals exports (% of merchandise exports),TX.VAL.MMTL.ZS.UN,..,..,1.81029829192283,1.6914953180257,1.88051667572981,2.157493272724,1.99381179169333,2.08379466807873,2.09982302160152,1.94926560062976,1.99121883591101,1.89044330778029,1.74782375711485,1.81667185907306,2.06083396576651,2.03200674236969,2.47200152377072,2.31647199266487,1.96635700032021,1.59506629336269,1.88256918424556,2.06873552180146,1.79793782408955,1.80478888206865,1.74494820742359,1.74907189230073,1.68520259550608,1.79866425111088,1.96949879874451,1.92677937250961,1.83253365426549,2.20917213914471,2.31674530076433,2.16260858466896,2.33481173207761,..
East Asia & Pacific (IDA & IBRD countries),TEA,Exports of goods and services (% of GDP),NE.EXP.GNFS.ZS,23.3965150606762,25.0200401873818,26.1999657875059,26.9603772491672,28.3474804494228,28.3548373177732,27.8075378465147,29.5956839211318,30.3016324155773,29.7148771349142,33.0427478012507,30.7674555771805,31.5332547196726,34.3313737488557,37.9847327048314,40.1839034273345,41.2400731011279,39.9627232256631,37.1271293395228,28.9585298836732,30.838275365084,30.4419111285991,29.04510486297,27.9481046326454,26.9200367261507,24.6197747853209,23.0138472230844,23.4487181015687,22.9699197177671,22.1259587253319,21.5625224833302,22.9959483877826,24.396150328949,23.3118776698442,24.5601465889496,25.5201398982836
East Asia & Pacific (IDA & IBRD countries),TEA,Fuel exports (% of merchandise exports),TX.VAL.FUEL.ZS.UN,..,..,7.04481152747818,5.80653185688164,4.59971523395999,4.69405410229914,5.12938654188869,5.71570342517501,4.40457362920778,4.57131229246426,5.89981966627134,5.69846514726877,5.03150943770691,5.13755088615606,5.38704461127215,5.63912550235176,5.28901790608619,4.93936778001874,5.84065551671604,4.79746548655328,4.81300479222916,5.24256690820966,5.1694682243189,5.17335794672236,4.8686599604543,3.74766116594335,3.26703998785592,3.79565088335693,4.11322395096016,3.94207644830235,2.89619033740158,3.30379968763629,4.27107517257966,4.14987491533595,3.59190373504255,..
East Asia & Pacific (IDA & IBRD countries),TEA,Ores and metals exports (% of merchandise exports),TX.VAL.MMTL.ZS.UN,..,..,1.81029829192283,1.6914953180257,1.88051667572981,2.157493272724,1.99381179169333,2.08379466807873,2.09982302160152,1.94926560062976,1.99121883591101,1.89044330778029,1.74782375711485,1.81667185907306,2.0608339657665,2.03200674236969,2.47200152377072,2.31647199266487,1.96635700032021,1.59506629336269,1.88256918424556,2.06873552180146,1.79793951212296,1.80478888206865,1.74494907900874,1.74907220448644,1.68520253791232,1.79866744352738,1.96949907442383,1.92677937250961,1.83253365426549,2.20917213914471,2.31674530076433,2.16260858466896,2.33481173207761,..
Ecuador,ECU,Exports of goods and services (% of GDP),NE.EXP.GNFS.ZS,22.7643720219304,23.6745835890502,24.1337401413123,20.0358408321345,20.279818070143,21.2869033721764,22.2732846879762,21.5349262106698,17.8919508668257,26.3775416402476,37.5510597560791,27.6071337228194,25.7144168795696,26.8417735156179,29.0996886570109,32.6271488045748,35.7016851677807,37.4824331013481,40.2763008714604,29.3096288345425,32.4856951799135,36.1133694393513,34.8314108177156,32.3752665078284,31.3550366940318,22.754485726599,20.53929115589,21.4855873912769,23.5438701347327,24.0486345985713,23.2835621642424,27.0659755840025,30.9252456928287,28.649536821321,30.4978780132278,31.438582119541
Ecuador,ECU,Fuel exports (% of merchandise exports),TX.VAL.FUEL.ZS.UN,51.8951517373859,40.401842187814,43.9377813725473,41.3865217830625,33.9521101790798,35.0771093762565,36.3213789589622,29.7250489696057,21.9572375032799,33.242154001429,50.6508422802778,40.8783929169536,40.9750775445068,43.1626885974467,55.6625239238104,59.4704452779803,59.273668541052,59.9917457565675,62.2801482982578,50.2337945782196,55.3030204823096,57.7787990802791,57.846148412909,56.5210833601088,51.6086837081626,36.3427967688568,32.7169914569429,36.2561114099386,40.7852721644812,39.1701538590398,26.0572897017572,32.2853645441255,35.4829696314727,28.8613429479255,27.4813880702454,..
Ecuador,ECU,Ores and metals exports (% of merchandise exports),TX.VAL.MMTL.ZS.UN,0.152910146258777,0.147113986953369,0.729145971708188,0.161481100668041,0.221832671094404,0.306109386997715,0.193814288685163,0.147930922157966,0.154204597634885,0.127887166128151,0.203257023837646,0.237367080261315,0.263377478596076,0.188013321764884,0.260353137241963,0.448753824817946,0.709601344870952,0.824224237178258,0.654153512760265,0.49230884676117,0.62297890547862,0.62204150951619,0.65714730012745,0.847310221074743,0.74278506267087,0.992358606198248,1.07250605981619,1.35925235768237,1.33949761872664,1.39691194692572,4.12023735620389,6.61445465526514,6.60995491048726,6.99936072862236,6.88594032491159,..
"Egypt, Arab Rep.",EGY,Exports of goods and services (% of GDP),NE.EXP.GNFS.ZS,20.3549060542798,27.4666666666667,28.3968368080518,25.8376288659794,22.5714285714286,22.5490196078431,20.7497820401046,18.8416698006769,16.214335421016,15.0520156046814,16.2011173184358,17.4797881237803,18.3161784111903,21.7964071856287,28.2299608489594,30.3435468895079,29.9498138254816,30.249731471536,33.0429927414852,24.9568221070812,21.3492458146859,20.5674276128656,16.3969666208873,17.0178456245969,14.2441314553991,13.1838454928598,10.3454639403558,15.0140868185672,17.984655608418,16.6440314510365,12.4727757370868,10.5611502153652,15.0870258208479,19.1060913405676,16.3762422101126,19.8200284513845
"Egypt, Arab Rep.",EGY,Fuel exports (% of merchandise exports),TX.VAL.FUEL.ZS.UN,..,..,..,..,39.1675776151717,37.2504079560839,47.5909842920212,45.3508405837127,29.5257393353993,36.9130338926473,41.9128863608293,40.4973736835231,33.5758472614446,43.0771531636003,43.1044662663056,51.2725247920002,55.4576130325556,52.2178046042278,43.9609378227177,28.5311081758902,28.675015261694,29.2504485443273,30.1290625343441,26.0844601901547,23.3551757931695,17.8713832773737,13.7657934284608,19.3528393471568,24.5436332078061,26.465801966271,20.6229583667758,31.6971100561669,35.9532117277136,18.1531616111814,12.4540426829027,..
"Egypt, Arab Rep.",EGY,Ores and metals exports (% of merchandise exports),TX.VAL.MMTL.ZS.UN,..,..,..,..,5.32840006537966,6.41026692683267,5.94605150043486,4.96131262789031,5.50338337530886,4.38505216215119,3.8724542503985,4.55933870538842,4.58464863148707,3.12730798783112,3.6007091699792,2.80682569835647,2.25748526585406,2.77345298681996,6.47542351525831,7.13017414738842,6.00964225683771,5.75973597078864,5.6950686321686,4.97337081128656,4.10353466655057,4.43959491401161,3.66341693440169,3.85875417701215,3.93760292987062,3.4285889519429,3.63017505658444,3.5475375524115,2.91694131479414,4.6694996946509,5.40785612895585,..
El Salvador,SLV,Exports of goods and services (% of GDP),NE.EXP.GNFS.ZS,18.4969874111351,17.2257733996931,16.132915555964,19.372303140119,19.9227229684048,21.5545012590357,21.1409878973678,26.0218365312193,24.3865859021675,24.3964014453133,26.8272702258496,25.0092920568115,25.5130894550755,25.9234207599485,25.9062104819237,25.2665668798476,25.9396783352886,25.5670345496495,26.7405871721015,23.9512044914048,26.9466693264064,28.9817775582263,28.5710611774443,29.7248960481943,29.5528752334192,29.4861730232304,28.4585905008509,29.0297643758665,28.9343737810256,29.9559096080003,24.5267982788944,28.7814953892726,32.4334933265056,28.7918551914872,32.6598571720595,32.0465695455309
El Salvador,SLV,Fuel exports (% of merchandise exports),TX.VAL.FUEL.ZS.UN,..,..,..,..,0.540126703213827,0.0565357655124746,3.23067591345229,3.28093904664212,3.77818300040852,4.6829748256665,2.64228351172831,2.86889555601653,2.15866523854517,2.00487312073414,1.85819761530743,1.86278033146763,2.2630253508994,2.84937473805287,3.44085217496394,2.75552281120897,2.92291722483646,3.17562525140071,3.18128162520571,2.310418912892,2.57051935028685,1.9602368517525,2.85703125629467,3.1700621689001,3.53674673172561,3.37096131973082,3.20991367903261,3.88664003808006,4.79090726433674,5.29654060272418,5.00115993975647,..
El Salvador,SLV,Ores and metals exports (% of merchandise exports),TX.VAL.MMTL.ZS.UN,..,..,..,..,2.48633351045412,2.86007290950737,2.19500666078485,1.88715125953098,2.34983392388896,2.49748173669244,1.07203175658097,1.0918389014826,1.15584362357537,1.31534426733791,1.34659452951972,1.44832477015354,1.85692050804381,2.00278861682249,1.74053641550667,1.29712979888706,1.69920510445875,2.00585034068723,1.77742535831435,1.36818616220759,1.53576875268343,1.23613153909728,1.12619341923859,1.15638828382003,1.26795177041228,1.06688895694381,0.90218527850289,1.06667410327226,1.12672812630008,1.12538630226481,1.27838950619101,..
Equatorial Guinea,GNQ,Exports of goods and services (% of GDP),NE.EXP.GNFS.ZS,..,..,..,..,..,..,..,..,..,..,..,..,..,..,..,87.4173831312055,82.3256504465367,88.621293972478,89.2243501802952,74.342209937853,85.7584331985967,75.0953126579793,71.9049918240751,67.6533166625479,65.9632885983728,56.6584738218082,51.4128299447575,58.8631052137026,59.6145347244398,51.1307495482003,40.8454498501516,45.1275510492817,52.9670852025114,37.8045825137903,44.9766162904941,46.5199788593141
Equatorial Guinea,GNQ,Fuel exports (% of merchandise exports),TX.VAL.FUEL.ZS.UN,..,..,..,..,..,..,..,..,..,..,..,..,..,..,..,..,..,..,..,..,..,..,..,..,..,..,..,..,..,..,..,..,..,..,..,..
Equatorial Guinea,GNQ,Ores and metals exports (% of merchandise exports),TX.VAL.MMTL.ZS.UN,..,..,..,..,..,..,..,..,..,..,..,..,..,..,..,..,..,..,..,..,..,..,..,..,..,..,..,..,..,..,..,..,..,..,..,..
Eritrea,ERI,Exports of goods and services (% of GDP),NE.EXP.GNFS.ZS,..,..,11.4236063474642,30.5566909180087,28.0196629213483,22.3880193550131,29.2337703579368,29.6148227877297,14.8344835891991,9.53440754918544,9.67062059350866,10.8070403599802,11.7811808402808,6.44232783354792,5.77539898239118,6.16571332006919,6.8995093921478,5.77185258376616,4.42875664923759,4.52862385911089,6.37837659786896,18.1548372567671,..,..,..,..,..,..,..,..,..,..,..,..,..,..
Eritrea,ERI,Fuel exports (% of merchandise exports),TX.VAL.FUEL.ZS.UN,..,..,..,..,..,..,..,..,..,..,..,0,0,..,..,..,..,..,..,..,..,..,..,..,..,..,..,..,..,..,..,..,..,..,..,..
Eritrea,ERI,Ores and metals exports (% of merchandise exports),TX.VAL.MMTL.ZS.UN,..,..,..,..,..,..,..,..,..,..,8.32837194579451,3.02574219444538,4.79801704740224,1.75483552385025,..,..,..,..,..,..,..,..,..,..,..,..,..,..,..,..,..,..,..,..,..,..
Estonia,EST,Exports of goods and services (% of GDP),NE.EXP.GNFS.ZS,..,..,..,64.1267812766853,69.0973048198066,65.9013474101197,61.2792495590997,70.3823658944387,73.6343458033252,69.866107922999,61.6273943170743,61.2953889786181,57.939021497648,57.1473420929668,61.065845203172,65.4224930152567,63.2563546690877,62.595408910398,66.3888247384518,60.8614218164008,75.0459409001608,86.2696175221184,85.3980903719718,83.4541106351012,80.5897352297357,76.0344602333505,75.4768621637455,74.3055583828982,72.9004951572088,72.0191543549198,68.1545534058676,79.6159088233408,87.4299380839503,77.7746597010983,75.6694833213142,78.3623550209044
Estonia,EST,Fuel exports (% of merchandise exports),TX.VAL.FUEL.ZS.UN,..,..,..,..,..,7.07357374536226,6.39286243147543,6.33594123744046,3.71615331373643,4.52333105711365,4.49531276691932,3.91045831328318,5.31993030472275,4.23761126864072,4.57624631517245,7.24164619557619,15.5473654441927,4.33060211149002,5.68918091433344,7.55377119463788,15.7557378331267,16.759429812844,16.1288814928579,10.2328124082169,11.0752147148655,10.9620111254271,8.25731127628323,9.90908638679396,6.25245637056531,5.15338494755635,4.86060996210624,6.84172899377223,14.6886476101958,8.40546041427357,7.77072769925022,..
Estonia,EST,Ores and metals exports (% of merchandise exports),TX.VAL.MMTL.ZS.UN,..,..,..,..,..,3.09674140680994,2.37430717010453,3.0842210569668,3.27740736280637,4.96574879485704,5.4978307127511,2.79898414238744,2.13507929677069,2.34375279542194,2.42263556517411,2.40669048368645,3.06963906723222,3.52696244890846,4.54683697485613,2.57266405705559,2.94612857707817,2.6179099640865,2.68309199729124,2.15486337484092,1.90384941929347,1.63649560074123,1.66618656806521,2.35841269089017,2.75086658238913,2.41631163524727,2.13043592205078,2.90267324961105,2.1027438271375,2.14143873651271,1.87499765183745,..
Eswatini,SWZ,Exports of goods and services (% of GDP),NE.EXP.GNFS.ZS,..,..,..,..,..,..,..,..,..,..,..,..,..,..,..,..,..,..,..,..,..,..,..,41.8070769260621,45.3206693578619,44.8587759692711,45.2869306032883,43.1562990169596,40.8721195899369,44.7614845159035,43.6031936174524,44.6125701755824,44.4953937213873,48.5010223337944,53.7558918717287,..
Eswatini,SWZ,Fuel exports (% of merchandise exports),TX.VAL.FUEL.ZS.UN,..,..,..,..,..,..,..,..,..,..,0.698798009114149,0.818204089718946,0.705024745662401,0.653258092351942,0.657054524354526,0.586971596349744,0.920284908992837,1.26022040911437,1.7857614869689,0.789199615676906,1.17852252583884,0.508342693376851,0.966255611612647,1.27806869478273,0.957817323760654,0.774679896667241,0.878224883829489,1.18577885671476,0.999438298059724,0.8345161150458,1.13422475123481,1.18486980833579,2.79813710826975,3.59794524294311,..,..
Eswatini,SWZ,Ores and metals exports (% of merchandise exports),TX.VAL.MMTL.ZS.UN,..,..,..,..,..,..,..,..,..,..,0.433078085462426,0.447899792495747,0.236438012252563,0.198614420455275,0.21034852188841,0.451465736637262,0.240303978887475,0.540540883857131,0.719407974130607,0.384051662581888,0.436095573162673,0.512942471203624,5.78637637833919,3.74428747787606,2.01180714958384,0.157896597177095,0.137876958421922,0.208812083737069,0.241373820860526,0.191500644926506,0.171358147893786,0.258104851670951,0.427200574976774,0.606121284662495,..,..
Ethiopia,ETH,Exports of goods and services (% of GDP),NE.EXP.GNFS.ZS,..,..,..,..,..,..,..,..,..,..,..,..,..,..,..,..,..,..,..,..,..,16.6868531997337,13.7672981990263,12.484073558977,11.6416199095703,9.36331359735926,7.8120625822914,7.62937471525016,8.37267815589761,7.93996502525176,7.12719989764702,7.63170919167145,8.24396037766464,6.59591829052029,5.53927082166771,13.2837545839474
Ethiopia,ETH,Fuel exports (% of merchandise exports),TX.VAL.FUEL.ZS.UN,..,..,..,..,..,2.85781220860446,..,0.691310648660058,..,..,..,0.00266192229379073,0.00102779352734005,..,0.0041466902140579,0.00427410506095752,..,0.0103730569103196,0.00882169997172354,0.00140983458174667,0.00597790062470827,1.44284633759849E-05,0.00477153174932123,0.00120079987025877,0.0463693412234373,8.43578426363285E-07,0.00792917271878003,0.00174724528051893,8.76209733929005E-06,0.000100158271942029,0.00466762968720468,6.92693626282324E-05,0.0081728528551792,0.0317976469871324,..,..
Ethiopia,ETH,Ores and metals exports (% of merchandise exports),TX.VAL.MMTL.ZS.UN,..,..,..,..,..,0.0702451679579743,..,0.353575357165592,0.783628530916786,1.54168259548571,0.862182753675184,0.614876874188377,1.28504957578626,0.710764053641536,0.962038149260378,1.06218438683818,0.654345628657769,4.97334641971951,0.935603559938025,1.26154404333598,1.76352373238568,1.64148270661664,0.861647817788996,0.126242533310652,0.549836106787534,0.46364536030442,0.489305949785615,0.538936387709205,0.815476613183693,0.417258764730303,0.324961749379858,0.34981780344132,0.670250624917404,0.720590411591821,..,..
Euro area,EMU,Exports of goods and services (% of GDP),NE.EXP.GNFS.ZS,25.1405410247441,25.0693174950651,24.7682884623833,24.7723249991532,26.1772275182452,27.7572575751948,28.1518180703234,30.4431924253083,31.0290715747525,31.3087946065505,34.9939927494317,34.9676406315587,34.3273700191409,33.3547308676831,34.8381226175409,36.1282082419073,38.0334710064242,39.1292308103882,39.4504100118493,34.5589182837182,38.4726879614919,41.2397129405803,42.8736514088432,43.1697705861919,43.7216672435562,45.1917505360391,44.778037153842,46.4149049600212,47.198235908605,47.4971764950763,44.7335763822286,48.6229792591402,54.0431290782421,50.3935458363716,49.1960886882902,48.5702603387684
Euro area,EMU,Fuel exports (% of merchandise exports),TX.VAL.FUEL.ZS.UN,3.23920080176212,3.27485163296183,2.94030968336983,3.0301511104737,2.75422721105637,2.44050761027887,2.90396679642364,2.72879026953155,2.34568310403398,2.49809253098045,3.45759489815303,2.99553834437699,2.83403108768052,3.06346267820969,3.46737822892264,4.36171448973061,4.86441977980733,4.50015251215184,5.65465181816153,4.43678726297768,5.30279165328731,6.27639207668444,6.82389155400954,6.63950190126128,5.98473745649617,4.86687214402331,4.01233304614906,4.6431630314894,5.05976480235966,4.79643639519824,3.44806132887159,4.84728384297905,7.91937347655511,6.31708140052387,5.64058301847827,..
Euro area,EMU,Ores and metals exports (% of merchandise exports),TX.VAL.MMTL.ZS.UN,2.53616072558825,2.36329162279792,2.27178936156152,2.28477089569582,2.31143881350706,2.49952631045175,2.32349991022422,2.41500835171235,2.22780980266034,2.21149057951227,2.32939660588529,2.22569120818123,2.10945325961122,2.05947957841381,2.30512079717741,2.45717661864952,3.20683999077057,3.2009270614569,2.90416145755415,2.41324709554284,3.07055909097521,3.31356124391036,3.09338454923252,2.77441199624258,2.70391050030591,2.59280307784155,2.40337393724055,2.67913598497936,2.77409043924576,2.70387524808409,2.86517897224313,3.42125043861332,3.18281576997125,2.78933513287557,2.85326275404225,..
Europe & Central Asia,ECS,Exports of goods and services (% of GDP),NE.EXP.GNFS.ZS,25.4459674516214,24.8681058089948,27.2600334682822,26.3404155733132,27.2517258557386,28.3816347306394,28.6292088673649,30.2588937420912,30.6162241163752,31.0602896739653,34.3850042152566,34.377557166309,33.5409409389371,32.871568409589,34.1462327818752,35.3750592140017,37.1741003987152,37.4251640097023,38.4723891935815,34.5771436793707,37.7039854267775,40.0410051867013,40.6114183367478,40.5461450653136,40.7936949814432,41.5826583168446,41.625690865277,43.1219909757342,44.5726257489482,44.5113712368816,41.9083038706281,45.3696939576092,49.7309357759042,46.3165919722184,44.7868134112805,43.7131847710584
Europe & Central Asia,ECS,Fuel exports (% of merchandise exports),TX.VAL.FUEL.ZS.UN,4.56168333905316,4.51973288276042,4.37012489192797,4.51148468792324,4.19454203505532,3.94399380023137,6.85989923996072,6.91347431371273,5.82943168374304,6.17134601757505,7.92342463300807,7.57781816926925,7.62783296846617,7.89499215560885,8.32902857611593,9.59752731652069,10.0207154417599,9.56735048259711,11.0482857946761,9.72109187957881,10.5869722881875,11.5115768557431,12.1531255158462,11.7475281442452,11.0888505642059,9.35810608653538,7.6874526209718,8.42235793187226,9.20270506154406,8.74584446367036,6.89898872613149,8.45806090936389,9.52494848790224,7.6475215900388,7.02052169119962,..
Europe & Central Asia,ECS,Ores and metals exports (% of merchandise exports),TX.VAL.MMTL.ZS.UN,2.84181958227489,2.61395651091099,2.84940720567634,2.72751952872818,2.74302327086459,3.08172325369483,3.22038592791665,3.42610401293478,3.53878870542279,3.17475974844632,3.1202184610063,2.93948943957363,2.74978187805925,2.64183701259696,2.94693020013372,2.96011933398529,3.72790808078913,3.76204866843622,3.34894519279706,2.82673897243158,3.54329696598747,3.72199995163592,3.47318625153202,3.11363308684966,3.06565606414086,3.01218538623849,2.87087595374235,3.16714108242266,3.17284069485918,3.17682909572191,3.65007360602686,4.05607000174555,3.54790045214676,3.09314359589838,3.16287778696091,..
Europe & Central Asia (excluding high income),ECA,Exports of goods and services (% of GDP),NE.EXP.GNFS.ZS,24.9478853098333,23.209212214669,24.8219246176593,21.9082885070751,29.031032147162,25.1072950591218,24.6981874948218,25.8713484866374,24.8883484378076,24.1808926064429,27.5998292072116,32.9524769340781,31.3095612027494,30.3368017857056,32.1990643615926,30.4073389797228,31.2431751640299,31.0971023432499,34.081223232735,30.7541840256322,30.3146941461825,34.2168457967035,34.4222428912495,31.860231112071,32.3148123941177,29.2938471978276,28.4122907703617,31.7852245087461,36.7548879787917,36.738604707671,31.9550910823197,37.513912204085,40.7516157291301,35.0791932021449,31.8354264583418,29.0176419153296
Europe & Central Asia (excluding high income),ECA,Fuel exports (% of merchandise exports),TX.VAL.FUEL.ZS.UN,..,..,..,..,..,..,11.0330780894592,12.9624590801499,12.7507240150219,14.9416623463127,17.4713827716822,16.9101714318026,17.7805641233107,19.0806818344722,18.9833859803119,20.967786649879,21.4133697545145,20.5568099629279,23.529268923352,22.3933096686265,22.2980784813437,23.6929890341775,22.9356318007354,24.1427937723451,22.9469276596216,20.1258371835188,17.8444349672788,18.7273596165364,20.4211544182933,19.7563749359912,17.428151924214,18.5698456336737,20.953190336538,19.1903941813873,18.4307782089341,..
Europe & Central Asia (excluding high income),ECA,Ores and metals exports (% of merchandise exports),TX.VAL.MMTL.ZS.UN,..,..,..,..,..,..,7.18450596976118,7.85770254439205,7.64045690991116,7.11528866445808,4.81423826927512,6.69046871931182,5.82051760327754,4.92066593261525,5.41348963712114,5.54802416892858,6.54094580684754,6.23068717191886,5.51007774108731,5.08138813174813,6.03015217111644,6.2411472143709,5.87802807078916,5.60624231497119,5.36928503577826,5.86573980916172,6.15594381028593,6.83909400615039,6.25701949344153,6.50766064740034,6.46574323354105,7.44222377341744,6.79350087463944,6.60187411601867,6.84011189585866,..
Europe & Central Asia (IDA & IBRD countries),TEC,Exports of goods and services (% of GDP),NE.EXP.GNFS.ZS,21.0633182943794,16.8607214520347,48.6653875377797,32.2974339596573,28.2029040398139,26.7117109167933,25.3066329621218,25.4878763054983,27.180358670622,29.2633932822949,32.3380718938036,32.693750819706,31.9332807023612,32.4538463510543,33.2546629724387,32.8500822697667,33.1661715478795,31.779208826137,33.2559520294918,30.4879979790586,31.5226430647039,32.7678592416188,32.2936539864684,31.31100489816,32.5496868226243,32.7207132167938,31.9461116974214,33.5216388831102,37.5448883221361,36.5323635224876,33.5723882410354,38.2751290614415,38.8377719365244,34.9048994882672,32.287163405573,29.2365909395474
Europe & Central Asia (IDA & IBRD countries),TEC,Fuel exports (% of merchandise exports),TX.VAL.FUEL.ZS.UN,..,..,..,..,..,..,21.6869506969479,23.3803113013208,19.8506191892667,21.5098903527644,25.8532196587592,26.1836369967246,26.5781668552365,27.5645699669323,27.8069084809158,31.2781704239451,31.734181936884,30.6517328227998,33.5005031968094,31.6310822187331,32.7622662213578,33.8694878598265,34.9448832390977,35.3075214634453,34.4072565947709,30.7098902743001,24.4089751867831,24.9806289481934,26.8154466221768,26.2434491958839,21.5723074363867,22.7171707714305,..,..,..,..
Europe & Central Asia (IDA & IBRD countries),TEC,Ores and metals exports (% of merchandise exports),TX.VAL.MMTL.ZS.UN,..,..,..,..,..,..,7.64637668959903,8.48773058204711,9.82577961840555,8.05840600368693,6.71656880661646,6.45448160230791,5.91473649697414,5.41373038457012,6.01497596941227,5.67912032042339,7.04396738821899,6.7798692119257,5.39719007105673,5.00202586559312,5.69607249938392,5.64493144340587,5.54676728097129,5.03828300692513,4.86393780728562,5.35045156271958,5.2821603971323,5.63181674923271,5.28366602337577,5.55734200749335,6.49320730353029,6.57829672921773,..,..,..,..
European Union,EUU,Exports of goods and services (% of GDP),NE.EXP.GNFS.ZS,25.614978490776,25.4588602067804,25.2008896328382,25.2791021820373,26.681276860005,28.3225426619228,28.6560898426167,30.9387982784542,31.5451414417978,31.8609755644578,35.5739384346551,35.5303421019999,34.9094927340675,34.0928140838094,35.6808149380774,37.0876867189909,39.1475176618508,40.2048231941069,40.5592028782732,35.7462696683665,39.6884218526412,42.4555714343856,44.0064121189528,44.2880149000695,44.9094170960287,46.260905005542,45.9061535883817,47.4989979796759,48.2834712085325,48.6059850968009,45.8435835137981,49.7170697533901,55.2993920196832,51.7580205118519,50.3674760951217,49.6067179750537
European Union,EUU,Fuel exports (% of merchandise exports),TX.VAL.FUEL.ZS.UN,3.46189288561294,3.42582128266305,3.42082626735644,3.53409558311477,3.23966245824313,2.83248084924268,3.21231962308985,2.97893359823915,2.51887873473321,2.63471495718957,3.58810643493889,3.18163826306957,3.06436863683673,3.19157679784049,3.62784925946171,4.50944692424041,4.9156120224816,4.5034970638779,5.62728585958866,4.44363422084029,5.25279888760178,6.15583889833747,6.70292803958078,6.43662013651315,5.82110489281814,4.722272377806,3.87281407297283,4.45239156768043,4.85627211162069,4.56774713444115,3.26744837905185,4.65355599783153,7.55966892727634,5.95258207020416,5.34007862677818,..
European Union,EUU,Ores and metals exports (% of merchandise exports),TX.VAL.MMTL.ZS.UN,2.55929742976874,2.37490652188855,2.76516282526023,2.67413074322105,2.62891375823746,2.77433127099542,2.51407981209857,2.58110060866534,2.33864265410971,2.32600620273096,2.4525401794535,2.29371411797901,2.17489842032566,2.12963721820957,2.38156469181114,2.49519573257185,3.23508071324472,3.201603855645,2.91942550087832,2.44899610197179,3.11363495403803,3.35026413530993,3.15237030851045,2.82153448630635,2.74381134842485,2.58721690199916,2.38894197103365,2.66427536783112,2.73413636416757,2.66450226499925,2.81852371895967,3.38466661648403,3.14610855464043,2.77030106102264,2.84717393992563,..
Faroe Islands,FRO,Exports of goods and services (% of GDP),NE.EXP.GNFS.ZS,43.8277833837874,48.3665749656121,48.3935378471592,43.7981353871099,43.5764608371322,40.7326732673267,49.8431509236668,48.7433111723691,46.6505464222513,48.7619168679293,51.3355592654424,51.563163399505,49.0637262206328,46.7723840999363,43.7018542174738,42.0458637354307,41.7995282822306,42.1294441957449,45.9747748883304,43.6586534946258,46.7226365313935,52.4344736333497,52.5587680927487,55.4429625707383,53.4142881600509,53.2164924640527,54.5363339704935,56.3652995883519,52.8180066352782,55.7697162765718,47.4283685358823,51.9804810937466,61.3744038777265,57.1947583465234,54.5562557930637,..
Faroe Islands,FRO,Fuel exports (% of merchandise exports),TX.VAL.FUEL.ZS.UN,..,..,..,..,..,..,..,0.00101848048613286,0.000148692130045245,0.000619611091566705,5.55871303274651E-05,..,..,..,..,..,1.95138438103865,1.7296457127819,2.12412708103002,2.79966443731964,..,..,..,..,..,..,..,..,..,..,..,..,..,..,..,..
Faroe Islands,FRO,Ores and metals exports (% of merchandise exports),TX.VAL.MMTL.ZS.UN,0.0265212831709361,..,..,..,..,..,..,..,0.000284373698711531,..,..,..,..,..,..,..,0.229729223000157,0.198220149417045,0.180894038885145,0.112920902098654,..,..,..,..,..,..,..,..,..,..,..,..,..,..,..,..
Fiji,FJI,Exports of goods and services (% of GDP),NE.EXP.GNFS.ZS,62.3434343434343,57.3114593535749,51.897360194512,52.3567888999009,56.4064195129251,55.2961131762243,62.8648901981789,61.1512460233298,60.9377378596438,61.2018562701555,65.3864457072474,60.9542796384902,61.8003591739,60.2701091442722,54.2008480535254,54.0674603174603,50.0816794036465,48.6020477564751,57.124778718287,49.4364117251897,57.4344020565171,59.2805929796761,61.1111436965945,56.8734283161838,52.3342755939207,48.8367555799083,46.6472413870702,46.015565038712,47.7487957741689,50.6482147032588,31.405481454014,34.210067932416,49.9803801684568,57.5069787068294,54.4059095106187,..
Fiji,FJI,Fuel exports (% of merchandise exports),TX.VAL.FUEL.ZS.UN,0.00207754956640084,0.00251338197044364,0.00230723151840757,0.00107480677549235,0.00118696525775721,..,..,..,..,..,..,0.00531870411286507,0,..,..,0.0511364147089981,0.0832784183467419,0.0751415823719438,0.0480732391458322,0.178329937343879,0.0856275797751915,0.121808650065764,0.0387534750988617,0.0271306692408987,0.00884780764239431,0.00420082497701858,0.0182944447660437,0.0491211110085218,0.0363052019446146,0.0196300015245936,0.0139017823943205,0.0243939323785786,0.00896119294518203,0.0304205173711805,0.038792893748014,..
Fiji,FJI,Ores and metals exports (% of merchandise exports),TX.VAL.MMTL.ZS.UN,0.168620330204951,0.152579700424826,0.179182205894669,0.333778685065397,0.370733539746001,..,..,..,..,..,0.160479668261851,0.177808249554769,0.299304052544433,0.404616506824677,0.664583915054472,0.695154837062384,1.01455958643552,1.12780489952063,1.1506532861719,0.889002820503783,1.43632067178433,1.90024418530722,2.00706569729676,2.40938662974436,2.08859282078155,2.32668047490659,1.4716217264015,1.30365771587364,1.33442469289395,1.15537275873902,1.28185483309287,1.55906543051202,1.70246176799379,1.4262914079969,2.26797286248223,..
Finland,FIN,Exports of goods and services (% of GDP),NE.EXP.GNFS.ZS,22.1450244052592,21.2660936798868,25.543132120869,31.4168905501694,34.0743110561966,35.7994596461292,36.3572178040146,37.7920624029468,37.4521510242379,37.6126978122439,42.0483040781312,39.7682089438709,39.1471301535974,37.3294488313537,38.6195122873108,40.2785031518346,43.0831708713938,43.8289523626236,44.9027814242251,36.0833081134619,38.4130493709706,38.9673926791632,38.9349130144028,38.250195334575,36.8060042262758,35.7815711349623,35.3333302428645,38.1663150961701,39.1492205860158,40.6183181143561,36.2143434283611,39.9217732469328,46.2847802806846,42.7684474643322,41.9032366762925,42.3266920911003
Finland,FIN,Fuel exports (% of merchandise exports),TX.VAL.FUEL.ZS.UN,1.46818689583015,3.04488236801492,3.26012589148374,2.7283280526662,2.25659363339798,1.89048150235136,3.06513350837629,2.31870996142584,1.86172552011242,2.41364998483592,3.43832095697989,3.14944005672872,3.30941211057328,3.94683112007066,4.27022224955802,4.36052436203863,5.19187760108048,5.35882266984155,6.8450443496946,6.39187425472818,8.00778829788298,9.48992983167928,10.9192398514449,12.2157940645822,10.7696389893942,6.76312112992402,7.66983539583826,7.87281740072405,8.47941929187425,8.93949294379424,7.01061120576107,6.9991011506182,10.4171336225174,9.50214792822571,7.5318060893789,..
Finland,FIN,Ores and metals exports (% of merchandise exports),TX.VAL.MMTL.ZS.UN,3.57122137541796,3.45359250786779,3.80777829114185,3.51043439226414,3.24766528653845,3.06254707600948,3.10279778818419,3.56423481851312,2.76316077105882,2.92279178254058,3.11697752421697,2.90224467954024,2.88066822484008,2.83066230263387,3.48207640640233,3.47465272509445,4.93577190443786,5.21294691962384,4.28872396767722,3.50881295975782,5.19161268948637,5.4220720824758,5.48506681026777,5.00267427474915,5.12112673050603,4.6061579259411,4.88490053282647,5.68640270333235,5.86084315766425,5.60325974345396,6.87189065381557,7.17679219447999,7.75162787848801,7.19073331390488,7.95818749984781,..
France,FRA,Exports of goods and services (% of GDP),NE.EXP.GNFS.ZS,21.9887012598388,22.4142688669444,22.445403889811,21.816309385317,22.7505122935097,23.6896549224157,24.123002754589,26.6303250476944,27.2527671033937,27.2069773242695,29.7580489893129,29.4306035099419,28.7307017592768,27.1369676673944,27.5381038597962,28.1635565257399,28.9278484836141,28.8585344688926,29.1990596782502,25.8809482311608,27.8264880915553,29.538847336075,30.3556786527444,30.5912853427773,30.741812901515,31.6934947262689,31.498210070063,32.311834044929,32.9179818922164,32.8895429451147,28.5572228192655,31.2880499332105,36.6160484268785,34.4562568778842,33.8897542343832,33.3928225145364
France,FRA,Fuel exports (% of merchandise exports),TX.VAL.FUEL.ZS.UN,2.3399395500774,2.52711378850424,2.31694444846694,2.6946055689062,2.41465931986656,2.35406225947074,2.55269678693745,2.47582545615126,2.09088137588917,2.14940327736275,2.77063410483004,2.53812299131057,2.41044026064874,2.62366263490054,2.8665533683138,4.1253866202006,4.32619285530699,3.84287489236502,5.06960349418849,3.53134251252507,3.65811274413341,4.54318211381377,4.44640256167696,3.91482105973503,3.879573777375,2.95528102932916,2.30761310498294,2.80075972124448,3.29246555293983,2.77533644087224,2.17631318472775,3.67766725739694,5.90288840625744,5.1259997747409,4.40931574185064,..
France,FRA,Ores and metals exports (% of merchandise exports),TX.VAL.MMTL.ZS.UN,2.78999565854717,2.48723675905535,2.35010965814631,2.27192782381996,2.4195406712886,2.53108404039755,2.27307416728917,2.20357107210581,1.9830411516398,1.85452901366686,1.91882811085848,1.85415041359199,1.74724241978841,1.69333593305147,2.11089744571794,2.12258436237601,2.81772991319338,2.88032413307707,2.60547611123395,1.96884856912771,2.48276254260081,2.63854694560427,2.40010727643714,2.25962213716718,2.23331096053479,2.06187886467425,1.93198020258662,2.17114519793476,2.16882045181769,2.01518529515345,2.05535644990595,2.62521550149252,2.53388659273505,2.2621472914111,2.39024182700127,..
French Polynesia,PYF,Exports of goods and services (% of GDP),NE.EXP.GNFS.ZS,..,1.26465406101387,1.36352455278962,2.35053813712899,3.51208008235095,2.78930561143279,3.98906841572789,4.12726148355374,3.95418178610471,4.8674567543193,4.69809149754936,..,..,..,..,20.4602519635541,20.2542589811382,20.3798093159795,18.9325946508845,16.712434787085,16.3781286675659,18.2322072872423,19.2775482028539,18.5160924863597,19.704885459438,19.613765074754,19.6126341083126,19.556958430367,20.9791687502218,20.5923590296429,9.49972847640143,13.443127139243,21.8171217385989,24.0679217423403,18.3213723539379,..
French Polynesia,PYF,Fuel exports (% of merchandise exports),TX.VAL.FUEL.ZS.UN,..,..,..,..,..,..,0.0113073545942444,0.0130218635202586,0.00547838129978147,0.00132747032866767,0.00142678268924962,0.00705329487951924,0.00645300448843245,0.0214943925019233,0.00338294129752867,0.00800621780108058,0.0236426764920299,0.0517430310634784,0.068026533719118,0.0577591067695771,0.0382118030297716,0.0334599624273103,0.0106824065439393,0.0181855927369479,0.00704890982201503,0.00499563085842658,0.0144275858087006,0.0332785339045213,0.0141893928796097,0.030038461120385,0.217449814572096,0.057664844915583,0.0345127528179326,..,..,..
French Polynesia,PYF,Ores and metals exports (% of merchandise exports),TX.VAL.MMTL.ZS.UN,..,..,..,..,..,..,0.0762998580319605,0.0359168279834117,0.046705481586609,0.0486712335395889,0.2364702444223,0.0919508599685496,0.28626746205318,0.113161772368366,0.166103011301803,0.0873750562090131,0.141274787246371,0.205980185774453,0.240523391864856,0.285013270060359,0.9723894346274,0.974880424971493,1.58978477108585,0.626774186962112,0.595821595561009,0.581936460905997,0.319149064136548,0.408382743228539,0.390503836058389,0.470883746723041,0.670466230407596,0.4990261088779,0.416874202743597,0.0930273960029802,0.000692171557321636,..
Gabon,GAB,Exports of goods and services (% of GDP),NE.EXP.GNFS.ZS,46.0385042576823,47.2634592944107,46.0755528555794,48.7946135128426,61.6756399787038,59.3869990303814,62.6632449876408,61.3040108069859,47.4063516068053,59.6125043538837,69.0321767086082,54.2752324798833,52.6088996947807,51.9294344950898,55.0391552768837,60.0086727573886,60.5718165208079,58.528604586134,62.1997120113374,52.1717321839785,57.6634923763037,61.7443721274506,60.9503414381301,57.3574058813271,44.5208923945675,46.0320085043705,44.0353472921111,50.2267539725926,54.2990764910062,51.4310732271996,47.5994828157319,60.9391204926094,67.5787331931406,63.7282777796674,64.5782984798737,55.4925877518666
Gabon,GAB,Fuel exports (% of merchandise exports),TX.VAL.FUEL.ZS.UN,..,..,..,89.3201011644081,86.6007005145186,..,82.7384813734857,77.6019022617933,83.0952184048873,78.4741238249897,83.3255028286385,82.9503630155978,83.8178488029703,88.3710263827654,76.1833932062393,84.0432355614467,85.6108217616136,83.4131671985386,89.172106484587,83.1348290725266,90.0238109825846,85.8523172012879,71.2999874587435,65.7772359485275,57.3466183308981,41.9546334620749,30.8820467592108,62.2945642697917,53.4577795641384,54.8656896318362,52.9194386591688,52.3128650846528,67.2482428452105,53.9865618745688,..,..
Gabon,GAB,Ores and metals exports (% of merchandise exports),TX.VAL.MMTL.ZS.UN,..,..,..,6.11242788493743,3.40569349524068,..,2.02807203361812,5.71758317328856,2.67767518545674,2.32661268599637,1.72758181671812,1.50392082996856,1.77445857699742,1.05563054621456,5.50841106598959,3.59283990122888,3.15100423734133,3.60059532421835,2.21111070998674,3.03112583114056,2.48688091630774,3.8579113367887,1.21683062244485,1.3868214654464,1.09231849999857,1.57938272358853,1.82553919658524,3.31591796865075,3.11836475453618,4.31465619463794,6.19989793138207,6.75461904672039,6.4339342258012,23.3145469906779,..,..
"Gambia, The",GMB,Exports of goods and services (% of GDP),NE.EXP.GNFS.ZS,59.9027362567641,29.4389196534377,30.5927066695166,28.1920156527405,21.239618008448,23.7756490416755,21.7986715984453,22.9322025464249,25.3055746540899,24.3973610833853,25.7986743189831,21.8207981338634,27.1573845831505,31.0937864451292,20.5947828682591,19.9032907784291,21.0347123388331,18.0329574603162,14.4752001750388,15.7461075261153,14.6678148782972,16.8594044684804,19.8416822348377,18.9791643659006,21.8368954439609,15.5708485829147,12.7556347921577,18.4807348225843,22.2881797710858,20.1658912380486,9.60764388834478,6.61733476020691,8.56985063226593,7.05322372905498,8.74884228082436,12.7304316126942
"Gambia, The",GMB,Fuel exports (% of merchandise exports),TX.VAL.FUEL.ZS.UN,..,..,..,..,..,0.169161581477016,0.235338521770452,0.366525644574004,0.017383370126219,0.13276386635332,0,0,0.00692766205053044,0,..,..,..,..,0,0,0.000103524226526354,0,0,0,0,0,0,0,0,0,0,45.6650541295822,0,0,0,..
"Gambia, The",GMB,Ores and metals exports (% of merchandise exports),TX.VAL.MMTL.ZS.UN,..,..,..,..,..,1.03893300568354,6.47657988816625,0.980600775681417,0.474663642317632,0.131063017507675,0,0,..,0.818503619213777,0.985833564792292,0.0425717253232971,0.80370436886944,0,19.7091636784096,17.4842045721017,9.99434453240147,9.37945577733623,0.45786601607713,1.16332414492652,2.5051053467183,0.131945999596352,0.421155110437423,0.319245723489674,1.96370986191764,6.86056436493584,7.45944989729253,2.00514668506969,7.16489862767608,18.3407584022912,7.25401728860874,..
Georgia,GEO,Exports of goods and services (% of GDP),NE.EXP.GNFS.ZS,40.0908726446612,27.7486910994764,35.656836461126,46.8887411644884,57.7721046215228,25.5018957089734,13.3262039550213,15.6102241542076,16.4587343939786,19.0555929931025,22.9944664162433,24.4613664968535,29.229275751073,31.4557279807569,31.1289353948882,33.2590418986481,32.4708663587118,30.818298438254,28.2633198601303,29.5452018236406,32.4674667027857,33.8634422774819,35.6395798831416,40.9414942686526,39.1818857575184,40.1372493342596,39.9992925341285,45.8765524915336,49.6955410587561,54.3043084100873,36.9003241679889,42.6743612080891,52.4788792204227,49.2670598313658,47.8150660758993,47.4056403368221
Georgia,GEO,Fuel exports (% of merchandise exports),TX.VAL.FUEL.ZS.UN,..,..,..,..,..,..,18.8418675432238,16.7800120640784,11.1696648388203,9.7064859650609,8.12839637330198,9.12813885756339,5.45310800002804,5.05169366048303,3.52462707764719,3.23319790144088,3.14940175095062,3.72470307672767,2.95013231247938,4.37767893286602,5.03344278022283,4.13445051636053,2.9506292384286,3.26925426936962,3.7699143071261,8.13945677108545,3.43276010987525,4.10234077225929,1.97412219775379,0.719734166289668,0.379604277824326,0.790798155963414,2.60573425303883,4.09034025162347,2.33702072065557,..
Georgia,GEO,Ores and metals exports (% of merchandise exports),TX.VAL.MMTL.ZS.UN,..,..,..,..,..,..,8.02757993438701,5.94965958013271,7.83496993841262,19.4253040750637,28.9604013252665,26.2634854473157,21.0880785677073,25.0579102732238,24.1908885799925,17.0975788402177,21.6949403301736,19.5083700513852,20.2382480864755,16.3767080410488,19.0136549836365,17.4166786620434,10.54586482423,7.38402919227685,7.02141310273315,15.2943151229285,23.1801819906018,24.3437615637949,26.4965811398285,31.7197591634292,36.9196916215406,32.4372531660103,32.7979025501132,21.2397224759839,13.6105213577844,..
Germany,DEU,Exports of goods and services (% of GDP),NE.EXP.GNFS.ZS,22.7404117768503,23.5660117742412,22.089549620151,19.8790217032561,20.6057061403032,21.4815282668309,22.2821690795205,24.7013999735662,25.6601609051036,26.0298761818567,29.6806532498145,30.5604113813066,31.1904504893495,31.2678451095809,33.9352126434777,35.9531497908166,38.9694499171537,40.6368056265783,40.9488738182043,35.4545162932994,39.4953465429823,41.6436286591115,42.6855834357406,41.6802838324356,41.6936675523627,42.5853976151835,41.6355419518592,42.2029575981591,42.4968914074717,42.3402444816356,39.1198068808828,42.5198379291429,45.6284043425185,42.9672624196847,41.4340593720908,40.4347738545071
Germany,DEU,Fuel exports (% of merchandise exports),TX.VAL.FUEL.ZS.UN,1.27613059628131,1.25261429856783,1.22839085722654,1.1833131208212,1.12190298003613,0.955770515368349,1.26915581573352,1.17031174424987,1.03291080248421,1.04056973044895,1.41134713629722,1.44738768953611,1.42402064167184,1.51275631349144,1.86646970395014,2.15737726367222,2.52514172512018,2.28098048790857,2.61473020571424,2.02575854491354,1.96777437205077,2.29646861136678,2.43490930670804,2.41594718104658,2.25199429341006,2.13441977383123,1.64382508639625,1.79687015135703,2.06424587714665,2.21694997936172,1.81843784726771,2.60156267352484,3.55065871383029,2.0446709964022,2.07454936630529,..
Germany,DEU,Ores and metals exports (% of merchandise exports),TX.VAL.MMTL.ZS.UN,2.52039038541417,2.3938014475285,2.35954547225395,2.40302593062153,2.4181546293218,2.59242826427235,2.30725624736911,2.54887187737716,2.33583581215988,2.23788369998884,2.46346214301618,2.43980575497065,2.32325935289554,2.13366197300079,2.32225166446631,2.55683845334251,3.24106059312103,3.28306933470103,3.11834578635162,2.56724520881715,3.00262778857456,3.30754600631597,3.04691827865277,2.76715898866833,2.6811267823272,2.46485437516914,2.31084898157863,2.543077062625,2.56915136679601,2.55894433814177,2.83242984391125,3.37551358136732,3.20293652588426,2.72269311920232,2.72353839400857,..
Ghana,GHA,Exports of goods and services (% of GDP),NE.EXP.GNFS.ZS,16.8778904107735,16.9635460585641,17.2259554921286,20.2539190620077,25.2586359269933,24.4964459408904,32.1121821725595,32.4102909291879,33.8713517576318,32.0783389537313,48.8022576190038,45.2330164667316,42.6162518930867,40.67904265112,39.3033251214107,36.449216950714,24.6561904908957,24.5250906044049,25.0294572995074,29.2918659785048,29.4767179831573,36.9366085502594,40.3592181740371,25.4407833967285,28.2319021605976,33.8317048233696,31.193239148362,33.8768747799681,33.4548954489265,37.4495998625311,31.5254204867115,30.0551194696231,34.6640435523209,31.7708164943996,35.0557831990043,..
Ghana,GHA,Fuel exports (% of merchandise exports),TX.VAL.FUEL.ZS.UN,..,..,5.39579860302098,..,..,..,3.35776840095481,3.06636500725372,3.26768196765273,4.41563742023779,4.89527474500612,7.98184140719209,..,0.0481803318787904,2.25891488923827,2.42026667222042,0.449413904187484,0.758742699996961,1.32905143391096,1.75329081764514,0.114294159518324,40.4219396496718,28.9638835969169,24.7444175029272,29.7421554112913,21.7019621780148,12.9823297234949,25.3456087168229,30.6056138754779,31.7022617995334,..,26.6641837008799,31.0014653616144,24.5298166225955,..,..
Ghana,GHA,Ores and metals exports (% of merchandise exports),TX.VAL.MMTL.ZS.UN,..,..,9.88645844966271,..,..,..,6.10007692802773,11.3563809019957,6.8683726093234,7.69066693696787,11.9158631786585,10.8636065668465,..,2.46857072038619,1.49737393398241,3.60406853600616,2.16102136221263,2.87234023304386,3.51368318139587,1.74904889698946,4.01489450472122,1.36513638736008,1.47263285139011,2.06865588093151,1.73605428922296,1.53114850582018,1.90382388267575,1.94503330731125,2.79589844396489,3.04129705781624,..,2.90277951595568,1.8752282216153,3.79789972324939,..,..
Gibraltar,GIB,Exports of goods and services (% of GDP),NE.EXP.GNFS.ZS,..,..,..,..,..,..,..,..,..,..,..,..,..,..,..,..,..,..,..,..,..,..,..,..,..,..,..,..,..,..,..,..,..,..,..,..
Gibraltar,GIB,Fuel exports (% of merchandise exports),TX.VAL.FUEL.ZS.UN,..,..,..,..,..,..,..,..,..,..,..,..,..,..,..,..,..,..,..,..,..,..,..,..,..,..,..,..,..,..,..,..,..,..,..,..
Gibraltar,GIB,Ores and metals exports (% of merchandise exports),TX.VAL.MMTL.ZS.UN,..,..,..,..,..,..,..,..,..,..,..,..,..,..,..,..,..,..,..,..,..,..,..,..,..,..,..,..,..,..,..,..,..,..,..,..
Greece,GRC,Exports of goods and services (% of GDP),NE.EXP.GNFS.ZS,14.7217614280493,14.1450368627979,14.8216253119647,13.993749701303,14.3900606608583,14.3698138940673,14.3133826805479,16.3703291341876,16.4859160819922,19.4159179149726,24.0112579525333,23.1597595757815,20.3831024226226,18.8734923843085,20.6093109136223,20.9925302883149,20.7749728037536,21.7481874684459,22.7847919983615,18.7298820095072,21.7288294018439,25.3075993531569,28.9658220302701,30.3271984442629,32.5150455771625,32.1863593046186,31.179360220916,34.7793593671863,38.6308100555801,39.5602885530263,31.4504324884115,40.260408549747,49.2316205589503,43.8388384656123,42.1116783220502,39.4617692969977
Greece,GRC,Fuel exports (% of merchandise exports),TX.VAL.FUEL.ZS.UN,7.29401555277056,8.92706473884366,5.26749945824568,7.83497834769088,10.3401891507972,6.50924492359274,8.41490523452556,8.28880112749229,6.76625665467794,9.09725343365046,14.6891493739015,11.1353394304396,8.44684246026498,6.87847827377467,6.88338928268689,9.41657727800125,13.0348086377202,12.1528824805951,21.6364957928643,20.3161042422237,26.0765746817089,30.8480811435532,38.9473786760151,39.8794687368643,38.4497921134743,29.8025044841914,27.486746822351,31.5206091430482,34.3275993994739,31.5508351157215,21.8705262171051,28.2003382348404,36.7819392981899,32.3610109003756,30.247817424431,..
Greece,GRC,Ores and metals exports (% of merchandise exports),TX.VAL.MMTL.ZS.UN,7.67363143953716,6.65411827880621,6.29972131137645,6.5001284961024,6.74354535498312,7.88092928431741,6.71749564063216,7.50665111767593,7.77080454303642,7.21175246510715,7.68583265619637,8.85458307698438,8.55148654688925,8.50894523857891,9.11717843994865,8.30282845585775,10.755417817886,10.6098047989006,8.56804533371907,6.7912478776731,8.28992249752207,8.82709112148929,7.57301310927524,7.28125080814386,7.7342745445756,8.84628292817813,8.61869070411616,9.41025237648499,9.05447796786826,8.40877922249186,8.68777585031482,9.10974624952373,8.26741158029574,7.74800044317647,8.40665835134244,..
Greenland,GRL,Exports of goods and services (% of GDP),NE.EXP.GNFS.ZS,..,..,..,..,..,..,..,..,..,..,..,..,..,37.7958046861305,39.2867282735124,41.0606593287719,37.8031157331997,36.202264989018,36.9791298751246,30.7311174683694,34.0559738599233,37.9979322930038,37.5119902093739,37.7008521502702,38.4728230205003,37.5798451272169,40.765047712594,40.692233747059,44.4545789045455,41.0427004962382,35.9658236365076,34.0554688971416,40.7900871498763,40.7986421686905,..,..
Greenland,GRL,Fuel exports (% of merchandise exports),TX.VAL.FUEL.ZS.UN,0.894483671624846,0.879836580211108,1.0125281504999,1.21759582237691,1.08115193043366,0.793410015653171,1.14929534547133,1.0631080893982,1.75078524218507,1.40724447461464,0.0270892300056736,0.038249697802587,0.0249555907424717,0.0281728408231424,0.0226810623140826,0.0221659742013441,0.00772824321901131,1.67003405452262E-05,0.000333159559238594,6.18824327431985E-05,0.000455948998286097,0.000257661457602088,0.000123280752578384,6.20130868764201E-05,3.18053570797951E-05,0.000214372729150418,5.35341984663745E-05,0.000236138331680841,5.96039293306854E-05,..,..,..,..,..,..,..
Greenland,GRL,Ores and metals exports (% of merchandise exports),TX.VAL.MMTL.ZS.UN,0.0153089246731317,0.0176669835613358,0.0116121713635295,0.0127512949660511,0.0315871895235283,0.0262521480430193,0.00622870210196608,0.0112763291293194,0.00516198495235556,0.00852522638393708,0.0102185819395288,0.00466351323382809,0.0145181041108657,0.00748632465466788,6.01902662586866,6.37042726139033,7.32327087908504,11.7231862979607,9.13540934473474,5.36033160111456,0.833504873851636,0.298395870459819,0.259648102396516,0.115738013954152,0.50339883995225,0.151235407148698,0.129451775323338,0.0849913379861368,0.103210288853998,..,..,..,..,..,..,..
Grenada,GRD,Exports of goods and services (% of GDP),NE.EXP.GNFS.ZS,..,..,..,..,..,..,..,..,..,..,..,..,..,..,..,..,..,..,..,..,..,..,..,..,..,..,..,..,..,..,..,..,..,..,..,..
Grenada,GRD,Fuel exports (% of merchandise exports),TX.VAL.FUEL.ZS.UN,..,..,..,0.000501657647762571,0.00849068005675349,0,0.0279110092024674,0,0,0,0,0,0,0.00343941143140668,0,0,0,0.282854061652811,0.0490860787754612,..,0,0,0.123575653560857,1.10989463844751,0.194185696350986,0.184799628962762,0.0114947152175975,0.927466088837773,0.0167886799713183,0.0206872351411753,0.0304281169101189,0.0345900608543745,0.000112442719931046,0.00600336706493187,0.000280506569057113,..
Grenada,GRD,Ores and metals exports (% of merchandise exports),TX.VAL.MMTL.ZS.UN,..,..,..,0.0974208126512105,0.109083910465982,0.185598075639445,0.053739516245709,0.0285844571201031,0.581975177897161,1.39514573930222,0.0886411767386317,0.0203892068098952,0.0117925997789191,0.144868009490849,0.023615908855153,0.0445847020661989,0.080101458919477,0.139005663097239,0.247129905210492,..,0.0118265832367857,0.00463454236291343,0.053928953223931,0.0758615328759799,0.0494167521988235,0.132159967052998,0.0949684587437557,0.926490251114031,1.37953013219299,0.878414956986683,0.664594764475158,0.183026883838946,1.30927087490738,1.13207023013456,1.48030890168803,..
Guam,GUM,Exports of goods and services (% of GDP),NE.EXP.GNFS.ZS,..,..,..,..,..,..,..,..,..,..,..,..,21.2728344136712,17.6800224152424,21.8661152752649,22.6916686446713,23.7140160453044,22.8564930634524,20.8887934735938,17.3570836785418,17.0943624974742,18.6195826645265,19.0693257359924,19.5036117799593,18.8413547237077,18.0720813933437,18.9628876461617,18.9755529685681,19.2530160304082,22.2501966955153,6.40635564570656,3.09592556945781,7.88712011577424,..,..,..
Guam,GUM,Fuel exports (% of merchandise exports),TX.VAL.FUEL.ZS.UN,..,..,..,..,..,..,..,..,..,..,..,..,..,..,..,..,..,..,..,..,..,..,..,..,..,..,..,..,..,..,..,..,..,..,..,..
Guam,GUM,Ores and metals exports (% of merchandise exports),TX.VAL.MMTL.ZS.UN,..,..,..,..,..,..,..,..,..,..,..,..,..,..,..,..,..,..,..,..,..,..,..,..,..,..,..,..,..,..,..,..,..,..,..,..
Guatemala,GTM,Exports of goods and services (% of GDP),NE.EXP.GNFS.ZS,21.0275209423808,17.9526059616575,18.0659894300903,17.703031106822,17.5199449479992,19.2590440307493,17.8101172991418,17.9561080230154,18.1716066211,19.0049241253611,20.1950343956927,28.6635482851857,26.7262767971618,26.1810997164793,27.4194097089723,25.454901513817,25.3398334344627,25.9805176037841,25.1243459208619,24.3678264820599,26.2254643341594,27.0677057848772,25.267092636425,21.9981664670011,21.7443606885213,19.8299071093932,18.753087949948,18.4950394164293,18.1693258488802,17.6119727745274,16.3436118075967,17.6296569856584,18.9517853338562,16.6174908714024,15.8834632887959,15.5591718853697
Guatemala,GTM,Fuel exports (% of merchandise exports),TX.VAL.FUEL.ZS.UN,..,..,..,2.02382857119081,1.80745378285567,2.01328659272228,3.20964272479908,4.19868584337978,2.36022050399979,3.47613307176171,5.98784939396314,5.3650298997809,7.15402228818343,8.19705664111192,8.27519812587276,5.65421306924021,8.78466264407755,5.06236157782731,6.98086379688782,4.05012640218242,4.51771285671813,5.07864763153542,3.95922978414064,4.60521260126621,6.54261244833977,4.11851881622466,3.19119223769435,3.46205566813166,4.18284694557494,4.5514849831038,2.36062512977755,2.71077430779677,2.88982472719425,1.91720908388626,2.87685268224686,..
Guatemala,GTM,Ores and metals exports (% of merchandise exports),TX.VAL.MMTL.ZS.UN,..,..,..,0.421649945269253,0.407136352545594,0.469865167791435,0.535836749854255,0.549607766734811,0.521287729196173,0.699224751151095,1.87308530588971,0.956628887423008,0.524514055435472,0.385124889688843,0.499021938915106,0.504369281673816,1.05484688638205,3.99130572305598,4.3044379205498,5.14889014336207,6.4814721290323,9.60398048065433,6.24905586877563,5.68324807653903,8.36121793211082,7.32998592292712,6.51105731928332,3.57652400864886,1.05309087465843,0.763295310955501,0.965056394414869,1.34790558731064,1.0314912584959,0.880937617051219,0.800281678243913,..
Guinea,GIN,Exports of goods and services (% of GDP),NE.EXP.GNFS.ZS,21.312519631137,20.8020127872002,17.0599088238557,18.1873276749985,15.604368268496,14.4840415033157,13.1646939867137,13.415700645078,14.5991910581531,14.8411635808342,16.8193583183757,19.6002796228163,18.1594392886496,17.8020725505263,16.8893836527306,23.8572578868436,23.8243077612927,23.5509559790113,21.6404621100491,22.5157883196913,30.341207018784,32.6022412863238,33.137394501583,26.4706217253735,26.6885109662704,21.4968719824351,29.3715126043271,44.6602984531211,40.2070955328741,35.0420493356329,46.969818134712,56.2186332783709,45.4186514317354,44.1320630492989,41.3930067703478,41.4119356368784
Guinea,GIN,Fuel exports (% of merchandise exports),TX.VAL.FUEL.ZS.UN,..,..,..,..,..,0,0.0166063234639848,0.0060625301669842,0.0117933686403362,0.0187122399861323,0.0326893650491384,0.763842770128623,0.0557014661652494,..,0.267168896482423,3.40567100019241E-05,0.307662074415899,0.864102683278354,1.02831082278776,..,..,..,..,0.289553832489308,0.289042432328907,0.213868655725313,0.466113470861431,..,..,..,..,..,..,..,..,..
Guinea,GIN,Ores and metals exports (% of merchandise exports),TX.VAL.MMTL.ZS.UN,..,..,..,..,..,65.3869591549398,73.153905609477,67.3647586841412,65.0739000407861,61.6049536265989,51.7164793135118,53.9995857757205,53.9134297315455,..,77.2956770112997,65.0433136630908,55.8518318570931,73.4419716903088,51.5371217304826,..,..,..,..,30.74770496475,34.4442960467048,36.6907365805971,25.8241585170912,..,..,..,..,..,..,..,..,..
Guinea-Bissau,GNB,Exports of goods and services (% of GDP),NE.EXP.GNFS.ZS,9.93598936591921,9.98248723425552,4.90248990313934,8.86943637990046,16.4544077402239,11.6671695917697,10.52440404948,4.90299103846216,4.1058776188739,8.32895324919587,13.0927844637276,10.0791893849037,11.4555665661405,11.9317538468321,12.9332446603251,13.5628027893561,10.3775627660013,11.1203023648924,11.7665758206639,11.128308041919,12.6394156999785,19.2980958159564,14.1167775647259,13.2144211714798,16.6941209486516,25.0467119622253,23.7747310385206,26.5343804075435,25.4768673297515,18.2810341557162,15.467909830974,17.5423365338781,14.7515086024106,13.7413098032507,12.6982986406255,13.8662930962048
Guinea-Bissau,GNB,Fuel exports (% of merchandise exports),TX.VAL.FUEL.ZS.UN,..,..,..,..,..,..,..,..,..,..,..,..,..,..,0.809891939704249,..,..,..,..,..,..,..,..,..,..,0.00207808733428507,..,..,..,..,..,..,..,..,..,..
Guinea-Bissau,GNB,Ores and metals exports (% of merchandise exports),TX.VAL.MMTL.ZS.UN,..,..,..,..,..,..,..,..,..,..,..,..,..,0.0050532215362794,0.0878671775223499,0.628835415498488,..,..,..,..,..,..,..,..,..,..,..,..,..,..,..,..,..,..,..,..
Guyana,GUY,Exports of goods and services (% of GDP),NE.EXP.GNFS.ZS,62.706670770763,102.314529076631,125.748453374417,114.322592517421,104.104425290405,101.210568427252,102.621309314357,99.6600655297052,95.9327548902846,96.5084717132055,96.0799732120736,92.8742833412542,92.3031854232478,89.6766919563527,95.5626731827216,84.6228685715672,..,..,..,..,..,..,..,..,..,..,..,..,..,..,..,..,..,..,..,..
Guyana,GUY,Fuel exports (% of merchandise exports),TX.VAL.FUEL.ZS.UN,..,..,..,..,..,..,..,0.00428925225278988,0.0422657639337464,0.000103239099996704,1.29251571035002E-05,0.00637604522429496,1.10729463309816E-05,0.00118430580053243,0.0178910056472955,0.000182487313548842,0.000463444283185543,0.000918260812129859,0.000751225693066862,0.000176657587114305,0,0,4.32445899138433E-05,2.64255922135971E-06,0.000383814291986893,4.94357193637663E-05,0.0002846192827259,0.00152946241564808,0.00197253431649032,5.52225782843934E-05,41.4530016432103,68.9458186383787,87.7912624605874,86.1240111243749,91.8941169807687,75.8885276423796
Guyana,GUY,Ores and metals exports (% of merchandise exports),TX.VAL.MMTL.ZS.UN,..,..,..,..,..,..,..,15.6005699110819,15.8691994226337,14.651145861817,15.2928323304,17.2490518187486,7.04053135173573,5.36334743544851,5.16307269776892,7.06483449403864,8.51342561951512,13.2307571670555,16.9541362264923,11.5173362691517,13.7928199089307,12.0699101207659,11.2101939273392,10.3209281591119,11.2362283140168,9.34600643844565,8.71851457860381,8.9595201197312,9.89146919230117,9.58751420362942,3.08115508881147,2.03078175505954,0.999218642106356,1.13100523084098,0.694800191106439,0.977452250892603
Haiti,HTI,Exports of goods and services (% of GDP),NE.EXP.GNFS.ZS,11.9101836010311,10.3114454832107,7.5715114031697,10.8453501424747,6.42072655589975,9.13356386088413,11.3276309301777,10.4525423101137,9.90047145102148,12.2491119646519,7.35798043194839,7.0257750983534,6.28442947052392,9.27243551684809,8.37501274392717,8.60730926012051,9.02116806690294,8.4436893222519,8.79139007136153,8.91611581819929,8.57028815816493,10.0831141670054,9.65509365703807,10.5162857583955,10.9748356235428,11.767746984448,11.6019709432331,11.0034703442067,10.7808225917355,10.5576734334849,7.65100448067923,4.35213301018327,3.91430894905528,3.19960218811037,2.19043620968954,1.55997335042545
Haiti,HTI,Fuel exports (% of merchandise exports),TX.VAL.FUEL.ZS.UN,0.0443565482416531,0.0110878667688324,..,..,..,..,1.15759498066816E-05,..,..,..,..,..,..,..,..,..,..,..,..,..,..,..,..,..,0.0043249718857523,..,0.0001049773608441,..,..,..,..,..,..,..,..,..
Haiti,HTI,Ores and metals exports (% of merchandise exports),TX.VAL.MMTL.ZS.UN,0.116965280402487,0.0129638240399831,0.00254792099809204,0.00770602851833746,..,0.0459361705918063,0.0965993718117905,0.0774870325804562,..,..,..,..,..,..,..,..,..,..,..,..,..,..,..,..,9.45664716442303,..,3.90329778217313,..,..,..,..,..,..,..,..,..
Heavily indebted poor countries (HIPC),HPC,Exports of goods and services (% of GDP),NE.EXP.GNFS.ZS,15.3142093970388,13.7070683758001,17.2186949378879,16.711057162963,20.3153323478056,21.5690495386454,21.3632462849514,20.5257736781341,20.239064238323,19.5998710034572,19.9983951131289,20.4619007571638,21.1449007426686,21.4410163131752,23.3536771162215,24.2175006933571,24.7246995821627,25.1004813802512,25.8029931107117,22.4915899939512,25.3697176728853,27.266225874364,27.1259944976254,25.2490709831911,24.5807846172579,22.0172608416931,21.4072443386927,22.2140193396153,23.2133413538237,22.8067342866393,20.43119760415,22.7675801258044,23.8953638059978,22.5471919096994,22.6348440511827,24.1692383963972
Heavily indebted poor countries (HIPC),HPC,Fuel exports (% of merchandise exports),TX.VAL.FUEL.ZS.UN,..,..,..,..,..,..,7.34476737252154,5.60018739018507,3.99847978500104,4.81255031866211,11.6792524623334,11.5288138359389,11.4912348973761,11.36221612084,12.7844850467815,15.7374890784756,17.8527695806873,23.5633576157667,23.6244151711788,19.4488686112625,20.0808777273692,22.6164857722248,22.9546871354727,23.9165034399088,20.5208886303145,15.5205696747208,9.32220801226502,15.3548078046555,19.5757278482517,20.4292799642306,16.4514610661967,16.0706461339086,23.3107128829397,20.1068331230098,..,..
Heavily indebted poor countries (HIPC),HPC,Ores and metals exports (% of merchandise exports),TX.VAL.MMTL.ZS.UN,..,..,..,..,..,15.4384886713028,15.6932800646277,14.699321229547,13.2537691893973,11.9410185008847,13.1294939523569,13.9374432676813,13.9014428232284,11.7260676372616,12.5162926185909,13.9494578775215,15.0712576028403,15.2402198471758,15.5673012694194,12.022631942267,14.9753353506902,14.1987435032702,11.643182747978,13.5343795465384,13.453606519348,16.1499801478808,15.6036620327454,15.2173624295618,14.0182650912264,15.5273868326569,17.7677818218862,16.8794454112783,17.8716854327098,16.2200035466907,..,..
High income,HIC,Exports of goods and services (% of GDP),NE.EXP.GNFS.ZS,18.9674836269668,18.6875695899768,19.8396517492281,18.8534882100851,19.3304134127709,20.6181460861151,21.1679897898394,22.1155833347545,22.0530908980414,21.7220515397154,23.1558044933404,22.5748047585015,22.5199537985737,23.1323508730885,24.8679652439823,26.1154478729834,27.8966301481989,29.1930902291773,30.667130220323,26.4981905544197,29.227833576806,31.5762413472245,31.585263175356,32.0333919382988,32.1051627518171,30.5769100718406,29.6437654449568,30.8362331854328,31.7298843775195,30.8511192720229,28.4327438525517,31.1569350531957,33.69537847418,31.8311075332187,31.4497005095937,31.7468572222019
High income,HIC,Fuel exports (% of merchandise exports),TX.VAL.FUEL.ZS.UN,5.65788478138011,8.2748041332899,7.58909880190266,7.53570866674144,6.97948333248607,6.57352016043553,8.19160480728032,6.06094753415666,7.25114107177708,9.69785515981131,11.1244985971097,11.042359943549,9.92765561981275,10.0656195805785,10.6912572129204,11.5548303692409,12.492576184536,12.3982617455143,14.2667431797019,12.223182814819,13.4537468730209,14.7471145914077,14.458122695389,14.8352524655715,14.4062404148821,11.8906909776456,10.5034139184074,11.8001193364601,13.7646186481057,13.7025625861513,11.4494496308082,13.2810802090881,15.7461913210794,13.8243142010774,11.7499494633009,..
High income,HIC,Ores and metals exports (% of merchandise exports),TX.VAL.MMTL.ZS.UN,3.55261389905796,5.54422627533651,4.90671554441069,4.33677596388983,2.85942027554453,3.16913509419462,3.13780741735103,3.24915217098581,3.18303852041041,2.98970195492667,3.02106229948655,2.86054562010802,2.70322919430624,2.6935016446973,3.06012034224015,3.23877910009811,4.0185633163379,4.23816787765615,3.99024850770087,3.46800430497124,4.28337362972577,4.5156472585917,4.14758777686029,3.91258936521662,3.98194192390214,3.80611466330066,3.54753706626121,3.71200815391108,3.73576281117998,3.67891895220536,4.30811965537839,4.85611232951617,4.15410007400956,3.95389605097141,3.92945692583378,..
Honduras,HND,Exports of goods and services (% of GDP),NE.EXP.GNFS.ZS,47.3629372041078,44.7319317690724,41.5679181188512,45.4607708504989,53.1481089911626,56.8767045023411,60.6949885776037,59.7252395380878,59.1772250487079,53.8257232287652,53.972182998888,51.3817002306282,52.730582054494,54.0940274951722,58.4229834527808,59.0058417153113,56.0546420538277,53.5090115392915,51.3252766875914,39.5302508197518,45.7589061967483,51.2576866755535,50.9027988216362,47.9414903194725,47.5626547300206,45.1667574562581,42.7141047814182,43.0938548370178,41.4548165613247,40.2185209903792,35.8751401030378,39.3653983599255,42.4391817948962,37.3686804713719,33.9216124364928,34.9917417691344
Honduras,HND,Fuel exports (% of merchandise exports),TX.VAL.FUEL.ZS.UN,..,..,..,0.010580540818699,0.0525050542014049,0.0193108153077716,0.109277198888382,0.281186235664396,0.256088397843228,0.527798327516472,0.1020976911118,0.0268104516056491,0.0558140378246492,0.194978895207617,0.10107453163439,0.608115568618842,0.337626779048706,5.38467318598085,..,6.17707347229059,8.0723038762939,4.10902012802959,3.90978374073776,..,0.0260914911819797,0.0186038308259842,0.0219779608215723,0.817041694657436,0.308822578147583,0.0140768372959928,0.009890520380133,0.013241011947448,..,0.0650199693590328,0.02883145069384,..
Honduras,HND,Ores and metals exports (% of merchandise exports),TX.VAL.MMTL.ZS.UN,..,..,..,1.09474818267722,1.05856524935711,0.467177190105994,3.49861117345504,7.78469468520527,4.59508710038294,6.30463346590148,9.62228763974218,4.90513815679267,5.75154382363693,5.89556144708822,6.35794151098228,7.55946701876683,7.16490680582052,7.36587469232269,..,3.90285624713461,6.01471210389409,4.17320433144657,3.33445569742246,..,3.88606656605623,1.61786742021013,1.26665531676927,2.56662601397788,3.25414714557368,2.70409749738022,3.16148759564147,2.25309701265772,..,3.40869496897492,3.18629943072344,..
"Hong Kong SAR, China",HKG,Exports of goods and services (% of GDP),NE.EXP.GNFS.ZS,117.269080326271,119.332352605078,122.666484952858,120.357676072223,119.292594392203,126.208617290703,121.684512519621,115.041479648353,110.834708128133,112.718574496907,126.031457172742,122.769694703522,132.076763164041,150.775979991549,167.775897168379,177.45291670355,185.185163012497,186.412407406061,193.415176806617,178.135055401704,205.322597352297,212.852416474103,215.849565476503,221.610060304774,213.090413516784,195.89760161449,187.005128888725,188.902399636639,188.339507002291,177.651315174364,176.304482446886,204.014263732608,194.488098993137,176.854196785869,181.62493830097,199.757696650493
"Hong Kong SAR, China",HKG,Fuel exports (% of merchandise exports),TX.VAL.FUEL.ZS.UN,..,..,0.892923907079889,0.870348086757599,0.375656190659725,0.315467447937326,0.154325913154053,0.413002737273904,0.321966232668042,0.34198868361486,0.461977335829639,0.583712895671654,0.727912959261127,0.896646250430637,0.992647981806573,1.33685218489817,1.2664099639829,1.51790817690035,1.89987009504121,1.9405981440719,1.97471247684696,2.04710597899413,1.08377769821115,1.08391438680499,1.44114492800792,1.80642355129519,0.882539406722337,0.106953953113915,0.119866004746752,0.116930486380584,0.0860309283828553,0.0950705144024559,0.124056862630244,0.134003723009074,0.111838199290455,..
"Hong Kong SAR, China",HKG,Ores and metals exports (% of merchandise exports),TX.VAL.MMTL.ZS.UN,..,..,1.10136752277941,1.09543193668999,1.17567349363718,1.40543698021788,1.47891168689622,1.41362603322753,1.43615377438827,1.81183697273749,1.8775790167315,1.56394993453208,1.5339569453791,1.72441128137672,2.20832543286422,2.48868581414597,2.74763595973411,4.05180542171598,5.3612384995499,2.80739083433319,5.713833271617,6.81578992521392,4.49757773775722,3.93181628441166,6.56347176912372,5.07885233064028,2.57138135948508,1.27614189710421,1.15924264498164,1.06667493972405,1.47244036489582,2.25001097039149,1.74354603668291,2.15847705664223,1.82537051234853,..
Hungary,HUN,Exports of goods and services (% of GDP),NE.EXP.GNFS.ZS,..,28.710600330961,27.5595708401719,23.1454729965833,25.350032297858,39.1102749102395,41.7711238743212,47.8429419192775,52.884895311527,55.5729749592902,66.7818415655251,64.7946703854209,58.0673383688733,56.3436633595853,59.5641177697341,62.5215212771297,73.8064864785301,77.8221656386034,79.2039448630126,74.3529496218046,81.2535035455015,86.1931503181868,86.0876097061215,85.3937852070622,87.0271641102673,87.4348841373907,86.1114634598119,85.7461533449483,83.3967795001256,81.065700696964,78.0879317443048,79.4114343821378,89.810135261602,81.3874893501556,76.1979120113902,72.6304321068483
Hungary,HUN,Fuel exports (% of merchandise exports),TX.VAL.FUEL.ZS.UN,..,..,3.24622380620964,3.73384477563345,3.43543343579901,3.08222205240564,3.380550495906,2.26606428975684,1.84511891430555,1.58938127199278,1.61330662038295,1.58611534193754,1.48652240672871,1.55166807212857,1.8029750084607,2.61978452250302,2.33860712342864,2.79402124116207,3.09137506197835,2.46413041965744,2.65553407851758,3.48647939393779,4.03999139914224,3.59652575011648,3.33738014007523,2.29528126899766,1.82120979027414,2.49621747922648,2.80671616706979,2.62395420067476,2.1936775401752,3.1975322289865,4.26893640063781,3.01091871227433,3.35037243793325,4.13195933028604
Hungary,HUN,Ores and metals exports (% of merchandise exports),TX.VAL.MMTL.ZS.UN,..,..,4.02271492837278,4.17694821132152,3.7192227960728,4.98746275394055,4.05074275305343,2.9857751881398,2.38204080415726,2.00503066785126,2.24316734848005,2.01971170368512,1.87762131135763,1.82588196687277,1.97921288683327,1.87151209714555,2.02612082094317,1.78314883878328,1.64535238442953,1.23602660843956,1.65716826388936,1.94492768963375,1.84908758477489,1.70937207260648,1.4966513494331,1.27861929684595,1.20120060028288,1.38088988204167,1.48496935736457,1.30814909180621,1.22862887551063,1.54208953732149,1.61848112861363,1.27806090595818,1.31939331705371,1.25428042781768
IBRD only,IBD,Exports of goods and services (% of GDP),NE.EXP.GNFS.ZS,17.9498374958684,17.911606059801,25.180532741846,21.2300425835961,20.5714855971315,21.2508044420863,20.9856535281912,21.5362603975982,21.5316453922905,23.2631476996917,25.6397131154205,24.919479432662,26.7890431100518,28.5129669415759,30.7031170338508,31.630742995067,32.5085659031154,31.7112784692712,31.7659488813773,26.3424109962744,27.5942020247932,28.3248696253826,27.7686189715752,27.0595916088936,26.3961293929181,24.703707588817,23.5524442425685,24.1077620585618,25.1995449516134,24.3239969408622,23.2689567414964,25.5481640271423,27.2978154127177,25.487706894082,25.8578933505333,26.1345631356604
IBRD only,IBD,Fuel exports (% of merchandise exports),TX.VAL.FUEL.ZS.UN,..,..,9.12743787603649,7.88153425509012,6.93420311846522,6.91390612668166,10.1314018389367,11.2726577964748,9.40118664886649,10.2564944873516,13.3649431068455,13.1361390257525,12.6972791938994,12.4752715511791,13.7132670414888,15.0687224762554,15.3010013137678,14.2063692359964,15.9988453891205,14.4995403638615,15.6117601305923,15.9622753702264,15.5936671856911,16.190911229058,14.9933831352104,12.514111521022,11.17696083572,11.0945571787056,11.4615718522446,10.6230749605392,8.2988264326972,9.4046132961513,9.01265327089732,7.70373701603665,7.08858058230169,..
IBRD only,IBD,Ores and metals exports (% of merchandise exports),TX.VAL.MMTL.ZS.UN,..,..,4.21145474203798,3.73041937045626,3.71884365352313,4.24993281088792,4.37061880485069,4.405833537204,4.53968324720054,4.34286867585358,3.89294989624177,3.87496769580952,3.59864788398012,3.63554692389961,4.27960546757828,4.49142958800075,5.25909014944484,5.25354374917522,4.63733111476436,4.28433785425364,4.90435590402511,4.83670254597228,4.41643317500543,4.35418086249404,4.16337558817351,4.08956945678287,4.0232754726823,4.33331839866976,4.31500894097615,4.38970814338577,4.85597469853079,5.51007957248982,4.67681635573913,4.62857615985742,4.78688619514561,..
Iceland,ISL,Exports of goods and services (% of GDP),NE.EXP.GNFS.ZS,32.0269019765554,29.7957377288007,28.8420019880728,31.1967224913304,34.0463854374484,33.8169553716253,34.5857707971579,34.8568838729156,33.2441330480477,32.009369169014,31.7273810393269,36.5477872856168,35.1463090802713,32.2403289586041,32.088197176866,29.8388266002361,30.0505516067517,32.3800963432929,39.9176741920411,48.5054584912388,51.1491601324862,53.9573436152604,54.1844944218018,52.8240993487182,50.913700514178,51.3347744437234,47.4890230949667,45.671087862199,46.4719173832948,44.7138622775299,34.1387322744214,37.3649519241173,46.7254010467249,43.9745925950012,42.457252735894,40.113798877848
Iceland,ISL,Fuel exports (% of merchandise exports),TX.VAL.FUEL.ZS.UN,0.00111271609839224,0.0492355392684912,0.069056258657072,0.0511202246618021,0.0738151573203357,0.0476905070943385,0.0607516384916808,0.05923283605147,0.161376703299821,0.14465487817422,0.359889067918245,0.233396686298538,0.40654344367881,0.234564340543303,0.518432513761317,1.39645565158794,2.33075048398321,1.45343457291812,1.48265540558041,0.991646978305986,1.02822593882239,1.93291585931758,2.01347115859458,1.59881587921523,1.990960030038,1.61071182711898,1.30876952578186,1.18088468244248,2.01382640511231,1.59354192827939,0.719497610466775,1.14914806381892,2.31523717434142,2.4467295757755,1.9525495830387,1.46008715611827
Iceland,ISL,Ores and metals exports (% of merchandise exports),TX.VAL.MMTL.ZS.UN,11.0573768160495,9.44435122552783,9.83035812512704,9.48385286174982,10.7926656474474,12.0365533070626,10.6419963824176,12.6510749053456,14.3938103567018,16.3801182957288,19.2972915044224,20.6634266710951,19.3827236344298,19.298011949165,18.695152655043,19.048120440224,24.0938258840869,27.0501532407185,39.8608258566713,35.1152701752812,41.9968812302979,40.3100501672604,37.7080328564274,37.9497870960384,39.0143129278785,40.2234723685203,36.3625305906611,41.5488472709282,40.9998053608375,35.093777466838,36.1126589413398,39.8457077323209,42.1109481069052,36.3695667357812,34.306807912609,36.2222066543692
IDA & IBRD total,IBT,Exports of goods and services (% of GDP),NE.EXP.GNFS.ZS,17.7670779553502,17.6703403733581,24.6700409058362,21.0445268861263,20.6345477106104,21.0754750989574,20.6471686834199,21.1286469894476,20.9918859562025,23.1450356298531,25.2953156059216,24.6613300932224,26.341295171977,27.9297508526991,30.0358826124894,30.9606411286635,31.7367877450292,31.0517053033749,31.1247792782266,25.9070403425547,27.1484695194826,27.906744330757,27.2825314269091,26.5260539195282,25.8271020119773,24.1421857820304,23.0640547064129,23.7009834030973,24.752924611129,23.7680820143478,22.6781063887485,24.9956393137627,26.7156510846024,25.1316363342294,25.5974832209527,25.8553692142377
IDA & IBRD total,IBT,Fuel exports (% of merchandise exports),TX.VAL.FUEL.ZS.UN,..,..,8.97534488254148,7.90814721711133,6.97860601150449,6.95690060289896,10.7767541070056,11.8330628650304,10.0323830606344,10.9211844413096,13.952629655924,13.7336171997103,13.2655739909043,13.0777390299489,13.5119652541066,14.8756403126104,15.8939409182093,14.8972429066478,16.5594320507386,15.0724814380521,16.1280393893207,16.5260270536977,16.0754822520103,16.6874055469751,15.6451827776449,13.0520515770335,11.7287061774117,11.7732936434616,12.2118359314125,11.4460298971834,9.12329359155151,10.2162355657106,10.0311826688443,8.74524603887357,7.95079848800395,..
IDA & IBRD total,IBT,Ores and metals exports (% of merchandise exports),TX.VAL.MMTL.ZS.UN,..,..,4.19362695214427,3.79484259213555,3.70656554203702,4.38477024475642,4.42947295154088,4.46919728706737,4.6310803185893,4.39275713634727,4.00276187365182,3.96632881373865,3.69560192740378,3.73673267353843,4.37088849976242,4.57397648500971,5.26560587817379,5.29536647220069,4.69536632338249,4.29326002875742,4.97753682877188,4.97864653876003,4.5509584157271,4.43051512063087,4.29297210076402,4.24085401924712,4.15797911182656,4.44792835164801,4.42622694934959,4.59719707051724,5.05843206522786,5.68574222548691,4.90904563998448,4.84789206702996,4.86017691657165,..
IDA blend,IDB,Exports of goods and services (% of GDP),NE.EXP.GNFS.ZS,..,..,..,..,..,..,..,..,..,..,..,..,..,..,..,..,..,..,..,..,..,..,..,..,..,..,..,..,..,..,..,..,..,..,..,..
IDA blend,IDB,Fuel exports (% of merchandise exports),TX.VAL.FUEL.ZS.UN,..,..,..,..,..,..,52.1817624678692,52.1783673309169,51.3681055744173,55.4473219174503,52.6011505131722,51.7001573344916,48.902574356461,50.6191237305099,..,..,57.8091916977993,56.2819195354732,53.7455001813654,50.7786573580773,50.7402679236579,49.4825006810097,48.8261884697991,50.5223084530997,52.5501978623808,46.09549178827,48.0394345376155,47.5949287116737,50.80198168579,47.3813801805978,45.6704989311546,44.827429602206,48.6735624998593,48.0285655516666,44.9286189378191,..
IDA blend,IDB,Ores and metals exports (% of merchandise exports),TX.VAL.MMTL.ZS.UN,..,..,..,..,..,..,1.90483675474983,2.04844361298086,5.25313147925795,2.03058144170555,4.60938543771918,3.04844091356051,3.5108463113948,4.58056664238119,..,..,0.724717119398312,1.50983687713567,1.68361624410275,1.49192187909573,2.21641504037769,6.09033745025286,6.01169293997239,1.98969915954848,1.75730908253252,1.81723719768212,1.82009724147247,2.59212455329908,2.54829823891866,5.37940468523814,5.33467620203456,5.91090103559842,5.60860794986002,5.39877434064628,3.70528813313581,..
IDA only,IDX,Exports of goods and services (% of GDP),NE.EXP.GNFS.ZS,15.0846947953263,14.8087311120955,17.8757020177609,19.3185614277804,25.4324955688619,24.9861409285746,23.1350649775902,23.3004613493846,22.8962944046026,22.9690243213092,24.3830528703873,25.0454262150339,25.1093346362879,24.3039570540445,26.5483185713699,27.8639061796039,28.3253863481915,28.5800615639772,28.4155415137032,23.9771212836543,25.4978476320216,25.8588898403051,24.5821943903751,23.4263275959373,23.3222627753459,21.4422986428305,20.4206128612929,21.0951007084584,21.6766403096197,21.5243012965568,18.8646660373864,21.113191522239,22.5480694627667,22.2709549018448,21.8246256823047,22.8446342447197
IDA only,IDX,Fuel exports (% of merchandise exports),TX.VAL.FUEL.ZS.UN,..,..,..,..,..,..,..,..,..,..,5.10779260460744,6.40605164177192,6.12020574250305,5.90997985569108,5.84793856641582,6.27785279321319,6.3436158790295,7.68083466655178,7.4106826224525,7.6782669623402,9.02458081269278,11.6436898421777,8.1165918858524,8.76874339460048,12.8251914779132,8.09791008741614,5.17820213796241,7.41799450712689,7.72178363541801,9.73983409616362,..,9.30132962705117,..,9.77109693325218,..,..
IDA only,IDX,Ores and metals exports (% of merchandise exports),TX.VAL.MMTL.ZS.UN,..,..,..,..,..,..,..,..,..,..,8.33582871368419,8.823813192038,8.5159135581808,7.41727260737261,8.03347525640439,9.35938596271884,9.46045112094507,10.4819876357137,10.2762549219181,7.24428226116977,10.0772426858583,9.7467999672637,8.68389870161628,9.86059312773579,13.4716498859477,11.8397257962646,10.9682924621935,10.3567873345115,10.5674922085531,13.9771804602642,..,14.3560867297629,..,14.517909255985,..,..
IDA total,IDA,Exports of goods and services (% of GDP),NE.EXP.GNFS.ZS,19.0110885639653,18.8238711015022,21.888082006089,22.4883714220825,25.5880815210176,22.6985744395002,20.1821543939479,19.5862753785777,18.4400289023062,24.9020817997199,24.1085999805005,24.5127925953112,24.0932608092046,23.8818407055365,24.7180329566766,25.271003113041,24.607366408176,24.5529753725708,24.8274678673078,22.4000633324752,22.8898243594477,23.4881685726703,21.3370018587391,20.1843913984551,19.5398056742074,18.2576773557926,18.0499627106844,19.5023746031626,19.952865739397,18.2929812562651,16.6026471751168,18.6435788639878,20.364445509622,21.389481020745,23.0527356761793,23.6663370579335
IDA total,IDA,Fuel exports (% of merchandise exports),TX.VAL.FUEL.ZS.UN,..,..,..,..,..,..,..,27.3832168494846,..,..,28.3333329600797,27.8472461738353,27.3139293397935,27.4053306891337,..,..,31.4460271388269,31.5013147807392,30.039949440498,29.0696968890362,27.5639037163553,29.3740502372135,26.5473265474736,28.1917231637049,32.6305132094779,24.6457368627053,23.7791615794868,25.8512931192222,28.3466445118995,30.3539175349499,28.9735780088869,28.7917230486241,32.6002074259769,30.8307232816428,..,..
IDA total,IDA,Ores and metals exports (% of merchandise exports),TX.VAL.MMTL.ZS.UN,..,..,..,..,..,..,..,6.21684550173513,7.14389670972802,..,6.57631189006504,6.10338461314589,6.05828933881265,6.07845608710287,..,..,5.42736926163456,6.26032868080287,6.08814918174814,4.50258328123771,6.59384082735775,8.09583267732711,7.47428538440029,6.19833054827265,7.63216111006003,7.46934687794974,7.01327134626262,6.81200460456213,6.7827648511501,9.31623362363628,9.91560075331435,9.72456948004827,10.0529376206084,9.49832597482768,..,..
India,IND,Exports of goods and services (% of GDP),NE.EXP.GNFS.ZS,7.05335023414457,8.49424077053547,8.84292692502088,9.83421745486326,9.8880849164454,10.8439680350622,10.3851692716063,10.690717318379,11.0184691793102,11.4520646128009,12.9972363113479,12.5583796339108,14.2643839243147,14.9479138581734,17.8591249630479,19.6052466948335,21.2679414221966,20.7996997489032,24.0973572601391,20.4005193743564,22.4009332487945,24.5404113195713,24.534430661418,25.430861300519,22.9679630081172,19.8131891564045,19.1582349105946,18.7917648392982,19.9278285988562,18.664264897257,18.6824769296756,21.3991583305515,24.0401716365956,22.354801966733,22.0639816354399,22.2630410669804
India,IND,Fuel exports (% of merchandise exports),TX.VAL.FUEL.ZS.UN,2.92531077746134,2.36654649183465,2.83397327674653,2.23046474720315,1.94844601896859,1.65773868244334,1.54523205670197,1.1362364569023,0.425308277813696,0.247356545431809,3.40561977719471,4.89451361807116,4.64597767742237,6.10097544845508,8.06795716494028,10.4601583493885,14.8542991106596,16.1895676050457,18.0648893231602,13.5864051496825,17.2296552495647,18.7585466086377,18.7788936146643,20.6668895706043,19.6340746160473,11.8719127202525,10.6421920620902,12.1859467424678,15.06745126951,13.7763501701928,10.0306929080613,14.2846592727887,21.7524651912837,20.7059082080863,17.094437885147,..
India,IND,Ores and metals exports (% of merchandise exports),TX.VAL.MMTL.ZS.UN,5.77153972711275,5.64597626490017,4.5656363931437,4.09023366733146,3.75439608627527,3.58312630659566,3.58521767125147,3.13838652537645,2.46723510198795,2.50943322479782,2.82941294983969,2.99103280483348,4.25872737663468,3.82716185417028,5.80485000658225,7.5598167974124,8.02759324673593,7.75049690967274,6.43019011195547,6.31070592693835,7.59240821219674,3.91432268407082,3.44326884760231,3.08061973564483,3.16343902186514,3.37741762924188,3.15923171416737,4.00964790911576,3.53369671804044,3.54087990043718,4.703645380644,4.82679996577803,3.72613048820678,3.88575987351437,3.68720358535662,..
Indonesia,IDN,Exports of goods and services (% of GDP),NE.EXP.GNFS.ZS,27.3057589781449,28.3512610672578,30.3074635078275,26.7548134217247,26.5114278515733,26.3121650131426,25.8245519820943,27.8592432831317,52.968134566078,35.5141290838601,40.9773084738704,39.0321390955111,32.6876208878375,30.4776547809661,32.2166946182599,34.0672676279992,31.0347163143166,29.4357184851264,29.8082841673732,24.1591196686279,24.2990309366408,26.3273530888836,24.5943787881769,23.9235763793605,23.6659845969367,21.1601792598059,19.0889938536664,20.1773044351106,21.0027464972455,18.5915277970883,17.3311682848923,21.4165556390653,24.5029116862832,21.8085632197562,22.3096487702606,22.8465482987858
Indonesia,IDN,Fuel exports (% of merchandise exports),TX.VAL.FUEL.ZS.UN,43.7744774794227,38.3272294195479,33.1893666975371,28.2176112605994,26.2730647513679,25.3386025177731,25.817044545495,24.6125212862387,19.3030132326385,22.9950502252818,25.2438359749654,25.344427407571,24.334811208024,25.7292623898005,25.9296959534362,27.6871048909906,27.4003143914625,25.6005070622317,29.0318557788815,28.2773498619135,29.6394103981532,33.8640790574272,33.3477843794198,31.4408284894275,29.0428546208956,23.0427750818147,19.2890340293455,21.8451876585303,23.3100286060793,20.3380217373565,15.6268808662289,19.4540368706185,24.2968093578513,22.988404985231,20.8482942182543,16.0120291720516
Indonesia,IDN,Ores and metals exports (% of merchandise exports),TX.VAL.MMTL.ZS.UN,4.35924665450851,4.19586162999376,4.22743363305405,3.52550934507416,4.147252166093,5.96814153238371,5.69073866001726,4.73675825711393,4.3698271584448,4.66659132751676,4.8992234566188,5.44539585686858,5.235108330847,5.69921507004627,6.4100507196535,8.4459049483566,9.91353850435018,10.6517979568693,7.91307569898443,9.09437717746705,9.79274966912068,7.76117826342944,6.27516219022441,7.0309491461098,4.73488924231125,5.47643413638519,5.74987617185474,5.95372322129355,6.87227675160072,5.44737577698621,5.57311674337461,6.81269893133157,8.59372096129526,8.66175888912423,10.2519087023766,9.15253296016074
"Iran, Islamic Rep.",IRN,Exports of goods and services (% of GDP),NE.EXP.GNFS.ZS,13.2787418004901,13.8243202860364,13.1645906691731,25.4101116466448,28.2861924143561,21.6762407043299,20.1951302398727,17.2779308650647,12.6833809123619,19.292023195998,21.4670575678483,19.3033203562353,24.4139021536457,24.6274728309232,25.266928255823,30.3308191865397,29.8690352505831,28.8436124054165,26.5771274521598,22.7114891378215,24.399653282909,24.9333131264674,22.4753001992586,25.1829067419072,22.8306723891643,18.7208345068656,20.3097816144481,21.8329309946109,29.639694129412,22.3147082096412,18.3903748639131,22.0192078360416,25.5666185174995,23.9216475542357,23.5514720983508,25.754375261588
"Iran, Islamic Rep.",IRN,Fuel exports (% of merchandise exports),TX.VAL.FUEL.ZS.UN,..,..,..,..,..,..,..,85.8003950430061,81.2977718272111,86.0700264270086,88.8675310777915,85.2051131777108,70.3079897892571,79.4780554871552,78.9586877543246,83.0809475304939,83.2838200199219,..,..,..,70.8018189413379,70.5041242804763,..,71.7172687320017,67.7953155547417,57.7930861182423,67.5862230701503,71.0578843095261,68.6777337315966,38.5316504652718,29.1637868954392,47.9119531286438,56.361512409332,..,..,..
"Iran, Islamic Rep.",IRN,Ores and metals exports (% of merchandise exports),TX.VAL.MMTL.ZS.UN,..,..,..,..,..,..,..,0.597974518139472,0.574887392831311,0.874426605338371,0.770666837184689,1.03352723811914,0.842352969559356,1.09517527524565,1.02344532580443,1.16603617276545,2.41649482188879,..,..,..,3.12655912514173,2.19494146879362,..,3.38911662136194,2.89653091005246,2.88562521176017,3.16133917735259,3.24087064640965,2.76598507569438,6.69890769432838,5.96771360144154,6.47182698562761,6.07369800540942,..,..,..
Iraq,IRQ,Exports of goods and services (% of GDP),NE.EXP.GNFS.ZS,7.69831832852047,1.29041072656861,0.582407539328146,0.0755486839761241,0.0355659907118372,0.00537675930738319,0.00916177369600626,63.8470089465787,77.898988648591,77.634883408788,75.7037742203896,65.2733913946118,70.5700515170938,77.3927188812537,56.2709085305741,54.3478705800752,51.0319429912104,45.8998391733957,50.3283072215829,39.4001102563314,39.41682921428,44.4175230392819,44.5084353612381,39.6635365352026,38.9417264514779,34.5141464410956,28.1085236792986,33.9160634134979,40.8026420265318,38.0518681988838,27.750277551257,37.3216528340457,44.5259462145341,39.6312322400043,39.7635173537006,..
Iraq,IRQ,Fuel exports (% of merchandise exports),TX.VAL.FUEL.ZS.UN,..,..,..,..,..,..,..,..,..,..,97.0120267860648,95.0066887098728,95.0954914415094,..,96.0061358572201,96.3555657715066,99.459181622694,99.6294248203056,99.7568096571184,99.6937150677908,99.7045850237878,99.7790725268102,99.749740585093,99.7968723357044,99.8860619088129,99.7872777592791,99.9864810010682,..,..,..,..,..,..,..,..,..
Iraq,IRQ,Ores and metals exports (% of merchandise exports),TX.VAL.MMTL.ZS.UN,..,..,..,..,..,..,..,..,..,..,0.010575299313052,0.0171733858267717,0.0262329660377358,..,0.0235271930773391,0.03433026854802,0.00720020411497278,8.8879210934631E-05,0.152130246604655,0.0481577138334307,0.000470060145031071,0.00338461831676954,0.00431273185474657,0.00039000741894287,..,..,..,..,..,..,..,..,..,..,..,..
Ireland,IRL,Exports of goods and services (% of GDP),NE.EXP.GNFS.ZS,54.7062192383618,55.5818364574401,58.4054636243813,63.366966997161,67.9600321066691,73.5199805547023,74.9070020586701,77.1247806345089,84.3240502327877,86.4600758221796,94.3894347338897,95.2243726376591,90.449466813067,80.8405847264703,80.4755660009134,79.5276864075247,79.0346632772547,80.8367880723601,84.3332733545791,93.5561576841509,103.327078355769,102.41088550995,103.821695189581,109.746480737327,115.097265448513,126.687521960845,129.178433843871,128.496270792904,125.968715436882,131.224509342169,139.811889906845,136.397670222851,139.505980538698,136.52636667411,143.984601661031,140.066665278394
Ireland,IRL,Fuel exports (% of merchandise exports),TX.VAL.FUEL.ZS.UN,0.631911042979365,0.594795085386149,0.580686296007581,0.58713880957981,0.478382742210036,0.434674660725616,0.408782620377327,0.416004173228241,0.264724263315951,0.264334274650076,0.344013748161195,0.320556204111496,0.38490927404738,0.242554154325918,0.474636791778296,0.698321635168599,0.647972504993839,0.757906206164022,0.940161474923173,0.679163091127457,1.13011667576576,1.4526452638135,1.76087251684561,0.92254666819731,0.91411475748385,0.687610499497789,0.579429251892252,0.808444693249705,0.726723345000767,0.580882302920306,0.48076376071733,0.573629367116036,0.86266788917085,0.484641350208567,0.35300599772993,..
Ireland,IRL,Ores and metals exports (% of merchandise exports),TX.VAL.MMTL.ZS.UN,2.01238429124562,1.87285564450386,1.49733284305381,1.50502301158236,1.26858818608572,1.10151573099255,1.08898191414081,1.04420596209122,0.801711385006384,0.783924726246048,0.773769670151053,0.665950255696323,0.547073828220462,0.834027488783115,0.773327637734362,0.848373059474768,1.35003396023797,1.31431185162591,1.07590702888584,0.768181510681042,1.13574439508563,1.35937647812609,1.25215546913954,1.30319085814621,1.29762510611796,1.06081765439499,0.830317368885397,1.05124791225945,1.01928317088799,0.823606863459568,0.613661867444033,0.850570043921372,0.737702824148593,0.585779533272327,0.609748885370901,..
Isle of Man,IMN,Exports of goods and services (% of GDP),NE.EXP.GNFS.ZS,..,..,..,..,..,..,..,..,..,..,..,..,..,..,..,..,..,..,..,..,..,..,..,..,..,..,..,..,..,..,..,..,..,..,..,..
Isle of Man,IMN,Fuel exports (% of merchandise exports),TX.VAL.FUEL.ZS.UN,..,..,..,..,..,..,..,..,..,..,..,..,..,..,..,..,..,..,..,..,..,..,..,..,..,..,..,..,..,..,..,..,..,..,..,..
Isle of Man,IMN,Ores and metals exports (% of merchandise exports),TX.VAL.MMTL.ZS.UN,..,..,..,..,..,..,..,..,..,..,..,..,..,..,..,..,..,..,..,..,..,..,..,..,..,..,..,..,..,..,..,..,..,..,..,..
Israel,ISR,Exports of goods and services (% of GDP),NE.EXP.GNFS.ZS,27.9637780156731,23.994147782301,24.4982807682646,26.1206430283442,26.1259890481269,25.8641498674036,25.4522868987815,26.298197397007,26.9224529258371,30.8228504637641,33.7964289795154,29.5305900350616,30.9012956280575,32.7214753895497,37.2360027137934,38.8657857206152,39.0843910214757,38.7797286303679,37.2205421816282,31.8649485499961,33.5712633456599,34.2274243361125,34.7734390454533,32.8527519137225,31.5531969734526,30.9258891134922,29.7752716268816,29.0661275196759,29.7580333991368,29.0853955837603,27.1546338087038,28.8185860359887,31.3653023276254,30.3284744013966,28.399007008222,27.5583636636004
Israel,ISR,Fuel exports (% of merchandise exports),TX.VAL.FUEL.ZS.UN,0.663368895684619,0.575536912670057,0.597431121704977,0.602703768485312,0.544419085195486,0.0236934951689151,0.512173463381318,0.525828240194722,0.503369637188807,0.522021436973429,0.0238160661016825,0.0256556981904406,0.0399913280963511,0.0370735767811615,0.0260227295207333,0.058722498086305,0.0988995683933675,0.151946534194579,0.911525798620534,0.0458749912954342,0.86528471011638,0.971529018503775,1.70032816426379,1.57983966956452,1.14301444001863,0.791842717525683,1.38774761271954,1.43726242593619,2.26461032824839,2.05400326279715,..,..,5.31969619319333,..,..,..
Israel,ISR,Ores and metals exports (% of merchandise exports),TX.VAL.MMTL.ZS.UN,1.60074672627127,1.56348902786493,1.35800468924453,1.18220396819993,1.25038172962844,1.40115024843022,1.23427622396781,1.19172240196861,1.35635551991851,1.29985621093861,1.22230864921195,1.27628152036163,1.25745313725903,1.26223210934839,1.27358345466053,1.08444901247725,1.22098662647112,1.16541272414956,1.36843726148863,1.15208813405695,1.42794514949644,1.46038735313216,1.45454508020073,1.18202715323789,1.18245908127786,0.962617325591464,0.963441072958899,1.09444228427862,1.15445068921132,1.10111966349058,1.32536585966938,1.61863415154063,1.41284113227542,1.52564125373689,1.19930105964575,..
Italy,ITA,Exports of goods and services (% of GDP),NE.EXP.GNFS.ZS,18.2174499918647,16.9968351087223,17.4389965997097,20.352188422684,21.8207959673733,24.6157552051653,23.662303838318,24.0894916918366,24.0123257096913,23.1534516122759,25.5611956255751,25.5610801918444,24.3126948188163,23.2240496903642,23.9268409466402,24.5118533579183,26.0530628243151,27.2450545395013,26.7427615964483,22.2771595955525,24.9186514223879,26.5629866543354,27.9851870768453,28.177442406394,28.6224027363532,29.144111052532,28.7987488919157,30.1398859152774,30.8135072735991,30.9498739181942,28.7258551870199,31.1716088630092,35.0991400412578,33.3293695692309,32.3350686402627,32.2270197272539
Italy,ITA,Fuel exports (% of merchandise exports),TX.VAL.FUEL.ZS.UN,2.30560792310022,2.33080775609031,2.20925317836692,2.17010961921241,1.57976112828564,1.24769934757347,1.22530273526608,1.42417578637476,1.10087498289542,1.19363479156694,2.02151286901693,1.91041364323619,1.74600962390738,2.13590429760863,2.34086220980734,3.43872028627477,3.60007386240689,3.92041828636441,4.69330962737191,3.447934596545,4.63889398875227,4.76073239440413,4.69948477906981,4.27731648308039,3.73903759474597,3.2944073725625,2.66359462149532,3.27256247837187,3.47059391265364,3.04947553200783,2.14179213063523,3.09783025955749,4.97853512208366,3.62874175899833,3.05293641850331,..
Italy,ITA,Ores and metals exports (% of merchandise exports),TX.VAL.MMTL.ZS.UN,1.41822092241844,1.32984318904349,1.2484051136312,1.21176118819508,1.31444877798816,1.42415954754849,1.27954554851851,1.29630137556662,1.28265353602292,1.2739282422982,1.38879346868573,1.33330567900006,1.32350167743371,1.29515403814363,1.43448920830144,1.48703124007983,2.05581028573271,1.99555279619232,1.80554016349422,1.64167033158873,2.15312731726185,2.27013694546359,2.0626853664562,1.98671514125351,2.00835153385994,1.9364198973376,1.90982215322686,2.07230829145132,2.09661757092006,2.1396705602172,2.36923313520368,2.89371816843881,2.84846667997646,2.3671450406078,2.40552881733977,..
Jamaica,JAM,Exports of goods and services (% of GDP),NE.EXP.GNFS.ZS,..,..,..,..,..,..,..,..,..,..,..,..,..,..,..,..,..,..,..,..,..,..,..,..,..,..,..,..,..,..,..,..,..,..,..,..
Jamaica,JAM,Fuel exports (% of merchandise exports),TX.VAL.FUEL.ZS.UN,..,1.02359008215076,0.979387820049748,0.617553349030216,0.507223428698586,0.552588680339595,0.440233672443895,0.241875230075815,0.224612318231084,0.295989204507115,0.292569095461062,1.20473914566683,2.64190745289582,2.35339242140386,2.41870813664498,7.44355134298701,13.7321281176911,15.0885821931643,18.2762892220308,17.2367914033147,22.6130787526814,24.2170027316131,23.6002811643404,23.8316795122739,21.8088405769211,16.0277563138799,15.8992712670727,18.8089818871207,14.6465520335904,19.628162448872,18.9033420448084,27.0688967873524,40.3851242137235,28.7976547528445,..,..
Jamaica,JAM,Ores and metals exports (% of merchandise exports),TX.VAL.MMTL.ZS.UN,..,62.3904592301105,54.8640645666223,50.0175609365234,51.9728040238887,51.1911753980183,51.2114286304272,54.3564475262836,54.3105205008822,57.1317725869489,58.6256443718522,61.9861375844538,65.8349797571158,67.4192690897854,67.5771349962895,69.8264509321408,64.388837177649,64.2235693524351,57.7399342148308,37.4724718537071,44.2998718718147,48.9598085498852,39.3061776314495,45.5969371537392,50.0197883808134,56.4341402998641,50.4129949655701,50.1049158741135,65.2013439008651,53.8234637203428,45.3383675601283,37.0167324348966,23.4441969813905,37.604098048612,..,..
Japan,JPN,Exports of goods and services (% of GDP),NE.EXP.GNFS.ZS,9.84282326180712,9.41785122890222,9.32198041178664,8.73007389886112,8.65751499352758,8.66938554832833,9.13384321818787,10.18568815896,10.2438413853018,9.69470355290166,10.3098888690138,9.9313252815504,10.6941179299116,11.3307927134025,12.6608085791759,13.6893610021266,15.4991989877277,17.1190869291448,17.0550818459886,12.3084729966275,14.7827379015469,14.6645262221087,14.2739154583775,15.6037090812555,17.1078627742157,17.0921099786159,15.7223961123124,17.2158253394418,17.9111434788682,17.0377974181499,15.1286902986314,17.4619853799579,20.647867347033,21.0593101343597,21.9799093698461,..
Japan,JPN,Fuel exports (% of merchandise exports),TX.VAL.FUEL.ZS.UN,0.439040701042179,0.412574231240896,0.469528600301781,0.54683720055062,0.58221079333948,0.562941676915821,0.474366187977455,0.453849667485478,0.318688278151706,0.293460615995519,0.31713063235683,0.37414264059477,0.336838530943305,0.330277857113262,0.40443333428467,0.748696218083002,0.911800481133708,1.29910132558477,2.40280339631499,1.81331656588565,1.69502618164654,1.97930812274285,1.68214490249087,2.33284299920258,2.29264163422113,1.82112089122004,1.45314833400369,1.62989701847048,1.81010139690813,1.98546863293334,1.18928797948461,1.35105888659274,2.4439279415333,1.77262134601493,1.39430977776367,1.18502310670015
Japan,JPN,Ores and metals exports (% of merchandise exports),TX.VAL.MMTL.ZS.UN,0.902946554856456,0.81026173273689,0.849527457576956,0.842985916120932,0.871032646486807,1.04924875334061,1.07938886188533,1.14578690926681,1.22557988807622,1.21560490521611,1.23442610611071,1.36019056115868,1.30458455245236,1.32840485295458,1.55315826979317,1.74672948868638,2.23362413033632,2.42206298603946,2.4147697205401,2.63029185657313,2.57283126658044,2.57453394705375,2.74337339795033,2.80664770663769,2.67378416411769,2.47487398731731,2.31280447850218,2.4236894271064,2.51618461172461,2.42229921438742,3.12739508129515,3.50428845966949,3.4405823594586,3.36894550677221,3.40853387907624,3.56324938693145
Jordan,JOR,Exports of goods and services (% of GDP),NE.EXP.GNFS.ZS,59.8348484299736,57.3901284651792,50.2326639707512,50.3351276902482,47.8622449682143,51.7212123783061,52.8788989331379,49.2475989332918,44.7951049948305,43.3107851790319,41.8273959357861,42.1342929427849,47.4212540476891,47.3722799396849,52.1894968421313,52.704580084252,53.8743278940368,54.234912993661,..,..,..,..,..,..,..,..,..,..,..,..,..,..,..,..,..,..
Jordan,JOR,Fuel exports (% of merchandise exports),TX.VAL.FUEL.ZS.UN,0.000852695213785748,0.00375233915302043,0.000743513321288203,0.00556317455359135,0.00898874921233926,0.00162134177741617,..,0.00418402413654111,0.0708536535849433,0.00361283657224328,0.0134095616213473,0.0109858651165525,0.00638352187104476,0.275406105524519,0.681552349591884,0.972445920300149,1.02627219723761,0.827504244451735,0.150133122256453,0.561906843612745,1.07702929489453,0.184803898952021,0.282058142253294,0.173899859349714,0.167919629735253,0.120929763386295,0.104709249071117,0.123590689364973,1.71392273426769,2.03314518398133,1.33182496918067,0.706962713297216,0.917109884625019,0.498739629336105,0.264858580668078,..
Jordan,JOR,Ores and metals exports (% of merchandise exports),TX.VAL.MMTL.ZS.UN,38.165500191186,37.8603248016032,33.9284776813728,27.4417986355928,25.4120619462173,24.3164445557886,..,27.5070880026579,27.4648306921173,25.5662900245799,23.4279151392484,18.9366925266791,16.7360177189512,16.1105492429046,14.1003646191113,76.8482479774029,12.767111640863,7.19113589256071,10.5113104275044,9.08221567014082,8.34627088879283,11.6963850840199,11.1113902698849,7.33262407510611,8.1849601413612,9.01353326875913,8.81527005731854,8.14396429922163,7.71070807339597,7.09697939752347,6.5270659968103,8.69874576135076,11.2956928860016,9.38432509607852,8.49611967128758,..
Kazakhstan,KAZ,Exports of goods and services (% of GDP),NE.EXP.GNFS.ZS,..,..,74.0049709784411,37.8953951147228,37.0647377091299,38.9738609136355,35.2688049307021,34.9168566674192,30.344203290498,42.4620955088389,56.6024267995373,45.8950186109102,46.9906407561754,48.4170220946326,52.5004104250221,53.194358254068,50.9752978421833,49.3128208903582,57.1463849391331,41.8384224460915,44.2441794984735,46.4646627947552,44.1096630384291,38.6170377152797,39.3417580907293,28.5167080072354,31.8438886422836,32.3977529369879,37.6252184252873,36.4389870990994,30.5289067989681,33.6448621241624,41.5690089041544,34.650577449538,31.5871636865516,..
Kazakhstan,KAZ,Fuel exports (% of merchandise exports),TX.VAL.FUEL.ZS.UN,..,..,..,..,..,24.9891959336264,32.9430392621694,34.1560510401668,36.7043819848245,43.6437785324875,50.123791354162,56.0681629309164,58.2968412422144,61.2210355625118,64.2555866804038,70.1188445046683,68.714090971935,66.0104725340561,68.7221352878897,69.514157362947,71.6806270855298,72.0210784152868,69.8792646239037,76.2956655965256,76.3925592249518,67.7181648737463,60.7328771938903,63.3269144379605,70.0337201158019,66.2407564398188,65.3889791619589,65.6108725080086,68.0182146754446,58.9305033328289,56.7199106286709,..
Kazakhstan,KAZ,Ores and metals exports (% of merchandise exports),TX.VAL.MMTL.ZS.UN,..,..,..,..,..,24.1366611305836,19.7169188372026,22.8686871030394,25.9043654519138,20.7940340287217,2.20679925075601,20.2424203955837,17.7177876738248,14.153219045929,15.2290794239696,14.0126443093885,15.7778618856574,15.0922748301695,12.2115410251468,11.7030070174124,11.5473437580521,13.1836858542643,13.1924949381927,10.2213021546156,8.96795902235569,12.7083992552071,15.5906292955463,16.1720512068241,12.3470889684396,14.7750977836769,12.1957647364909,12.4082628140823,9.14600106668177,14.6008672804896,15.4598535578386,..
Kenya,KEN,Exports of goods and services (% of GDP),NE.EXP.GNFS.ZS,25.6926059649364,27.0416323240194,26.2603741906351,38.9036301698042,37.0402808384151,32.5917012190029,25.2006019494243,22.686387351635,20.1692608275285,20.8327351985075,21.5875711417625,22.9315763643367,24.8979726147002,24.086815305421,26.6102585752973,28.5090302142012,22.9849396441861,21.9189912933699,22.6740575532267,18.7749454916013,20.1243596478793,21.5494770708279,19.8649477228834,17.7921805531655,16.4728044658123,15.1287339034504,13.2497448006759,12.7366599413725,12.541975333359,11.4279956869332,11.4410451821593,13.1097382018218,15.9570283629469,16.7133442998721,16.8549548908518,15.7640677825707
Kenya,KEN,Fuel exports (% of merchandise exports),TX.VAL.FUEL.ZS.UN,13.1013578287153,16.7874038002834,11.3155114258507,9.37527958674352,4.12278110456955,6.14049176641365,6.99579226673001,9.30589154536411,8.56909851126398,8.35068204587101,8.07794915983307,0.137453897922522,16.6165342326688,19.1551044918056,0.901139664414074,18.3199226649607,7.27291530118403,4.26371122113361,2.09821677072516,4.20130504014462,4.19535073962597,..,..,0.93827196300241,..,10.4002054705089,7.46355756592411,1.00602573407941,0.834754874486309,7.73708033046599,6.74832493327525,0.924149796237318,1.37369379382007,1.8648287478394,1.63087288958127,..
Kenya,KEN,Ores and metals exports (% of merchandise exports),TX.VAL.MMTL.ZS.UN,2.90487998540358,3.30611852483644,2.37097082139666,2.88021447148963,2.60481346352303,2.79811046161134,2.74478502031921,2.81478468102373,2.64151810600166,2.89757544017052,3.15992851899508,3.50360665021878,2.17858807244344,2.9543556082054,5.50820095089847,1.93568467588894,2.45940713366363,2.8267779266884,3.22160944495378,1.96524408325836,1.9852461441657,..,..,2.20574818456868,..,4.08741066311494,4.26489839463264,5.36354394694724,5.99535617568078,4.98578217433066,5.13265627350615,6.38746779763161,6.78261238103048,5.32428005533122,5.12139249435883,..
Kiribati,KIR,Exports of goods and services (% of GDP),NE.EXP.GNFS.ZS,22.4002859745394,24.934044164443,16.2095602988668,16.1375307400213,15.7681949517527,16.7980349864057,11.2822759381962,16.6365158136983,15.0033127301089,16.6072443247005,10.8521396170662,15.5794876451318,19.0714163179977,16.3335281327731,12.1418629134253,14.1424002467431,10.2017464538353,15.4500756429652,14.1122772384558,14.1365652222536,11.5662837628066,13.1677735915,12.7658595364299,10.9650820844988,12.0327393556813,13.957451247692,16.6172805546414,13.247147766323,9.0373482428115,14.9888877146964,10.4194482628141,3.7676885945066,7.57185988301685,5.85831693667442,4.51592634986162,..
Kiribati,KIR,Fuel exports (% of merchandise exports),TX.VAL.FUEL.ZS.UN,..,..,..,..,..,..,..,..,..,..,..,..,..,..,..,0.0170988965474781,..,0.000246463252329078,0.0629045096507676,..,..,0.000116311163533845,0.000171954230598533,32.4586507967065,8.28238106938328,9.66602186156077,8.28238200390099,7.23596248463997,15.1631521771927,..,3.39645842254512,0.0166411164417841,..,..,..,..
Kiribati,KIR,Ores and metals exports (% of merchandise exports),TX.VAL.MMTL.ZS.UN,0,0,0,0,0,0.114644586589446,..,0.00265460905311754,0.151791190158375,..,..,..,..,..,..,1.60919926231274,..,0.661359491299847,1.12225156908775,0.0372860176955616,..,..,0.320316340758947,..,0.974363608585811,0.510515392144981,0.974359202207304,0.488136500343848,0.942702357232301,..,0.451514991354771,0.602701750126473,..,..,..,..
"Korea, Dem. People's Rep.",PRK,Exports of goods and services (% of GDP),NE.EXP.GNFS.ZS,..,..,..,..,..,..,..,..,..,..,..,..,..,..,..,..,..,..,..,..,..,..,..,..,..,..,..,..,..,..,..,..,..,..,..,..
"Korea, Dem. People's Rep.",PRK,Fuel exports (% of merchandise exports),TX.VAL.FUEL.ZS.UN,..,..,..,..,..,..,..,..,..,..,..,..,..,..,..,..,..,..,..,..,..,..,..,..,..,..,..,..,..,..,..,..,..,..,..,..
"Korea, Dem. People's Rep.",PRK,Ores and metals exports (% of merchandise exports),TX.VAL.MMTL.ZS.UN,..,..,..,..,..,..,..,..,..,..,..,..,..,..,..,..,..,..,..,..,..,..,..,..,..,..,..,..,..,..,..,..,..,..,..,..
"Korea, Rep.",KOR,Exports of goods and services (% of GDP),NE.EXP.GNFS.ZS,24.1685799511012,22.9875474516622,23.2612780314303,22.8587756465728,23.5069868149485,25.0908528792617,24.1509711908027,27.4728903732725,38.2368909900718,31.5122613381554,32.8643016483147,30.8628730280238,28.869081069037,30.4447497818826,35.6099304973786,34.1271966602876,34.4457182771661,36.0414909532161,45.8471508377288,43.5106195264818,45.2718606886955,51.2813207677942,52.0235312085188,49.2338591040691,45.7876203673052,40.9681314540182,38.1129875583911,38.8488899920532,39.4523497931837,37.0413266370488,34.6152001987888,39.3388192669479,45.294860984133,41.3214807367697,44.3582383593234,45.7630385215931
"Korea, Rep.",KOR,Fuel exports (% of merchandise exports),TX.VAL.FUEL.ZS.UN,1.07211640519506,2.09911911734718,2.27365441355294,2.25183939814307,1.81838316210008,1.9766194905828,2.98076101150615,3.92875987409866,3.47342864967623,4.04415508340684,5.44240824095879,5.32448416449694,4.03256692073535,3.56106107839375,4.14877491088135,5.52335288427246,6.42800081719723,6.63053786115898,9.11241113109065,6.54303370361556,6.98564233302644,9.56161116916152,10.4940639270131,9.66955779780818,9.19087254809735,6.28827621295043,5.5492872250197,6.34576276711752,7.93460902634461,7.7796164250441,4.96538608506398,6.20942713728516,9.47277423929597,8.55361920375165,7.70232630112563,..
"Korea, Rep.",KOR,Ores and metals exports (% of merchandise exports),TX.VAL.MMTL.ZS.UN,0.833591523222604,0.706813847804872,0.831291256168538,0.763835071580404,0.956557822813576,1.01210039332816,0.90340513544394,1.35252065176805,1.66622373829104,1.35658260184179,1.23734962147702,1.25589035245266,1.33572532183322,1.45942304004666,1.6559362801057,1.69230693236814,2.47560427217358,2.47335926490762,2.21121549724015,1.9064887741861,2.06565902803235,2.27200535172172,2.10725658615463,1.97919763468727,2.00934289201238,2.02339834140321,2.06979592169607,2.04910486031759,2.16840811796804,2.26381495270832,2.61255316161782,3.15233559798272,2.97096696912327,2.68899251710656,2.40115103484146,..
Kosovo,XKX,Exports of goods and services (% of GDP),NE.EXP.GNFS.ZS,..,..,..,..,..,..,..,..,..,..,..,..,..,..,..,..,..,..,17.190699115417,19.2277619271441,21.6691681199904,24.9520402537016,24.5219681010507,23.0038577636014,23.5268854358467,22.4513928552736,23.8274047992876,27.328844878341,29.0534647196644,29.3126074591152,21.6951468795715,33.4091827278011,38.6256570148792,39.64047566608,41.7483529574305,43.9520877225768
Kosovo,XKX,Fuel exports (% of merchandise exports),TX.VAL.FUEL.ZS.UN,..,..,..,..,..,..,..,..,..,..,..,..,..,..,..,..,..,..,..,..,..,..,..,..,..,..,..,..,..,..,..,..,..,..,..,..
Kosovo,XKX,Ores and metals exports (% of merchandise exports),TX.VAL.MMTL.ZS.UN,..,..,..,..,..,..,..,..,..,..,..,..,..,..,..,..,..,..,..,..,..,..,..,..,..,..,..,..,..,..,..,..,..,..,..,..
Kuwait,KWT,Exports of goods and services (% of GDP),NE.EXP.GNFS.ZS,44.9389489749774,16.9020390089475,40.4702661894745,47.7711852130289,50.8536592487937,52.354601363093,52.284947662025,52.8528137117534,43.8626446594574,45.9338909669891,56.4721744466436,51.3084112149533,44.6160483175151,52.0915105977347,56.9171133832286,63.9760608989031,65.5457337246984,63.4150383970829,66.7595495181702,59.4336343544442,66.6735112696735,73.2176749998524,74.7318371141504,70.8610179890485,68.5055251263225,53.7653724505163,47.632285262531,51.1963155925274,57.311462753412,52.0582560763879,43.7131472290911,51.725692658617,60.4485945316523,57.702062317436,55.7559768271522,..
Kuwait,KWT,Fuel exports (% of merchandise exports),TX.VAL.FUEL.ZS.UN,92.3064909934966,80.3551324145307,94.5276416498152,95.0670898289958,93.8684682039987,94.6750412960582,95.2216095839115,95.050838611466,89.1260952465855,90.6372558943007,94.3054880797806,93.2304331284878,92.4986204166316,93.4376463361072,94.598596572397,..,96.4752875038565,96.3029607314663,96.4909871739516,93.2082155716075,92.7518711482029,94.8418724155951,..,94.2171787337716,95.2169457886681,92.4993007083526,92.7391106201563,93.5741930367838,90.8951500827978,94.3677444960455,92.8791686402667,94.6305212160108,96.0382613795238,95.5164366055485,90.7321487415169,..
Kuwait,KWT,Ores and metals exports (% of merchandise exports),TX.VAL.MMTL.ZS.UN,0.155192737378228,0.268447621626474,0.257538621938695,0.320829668307975,0.346610614485439,0.288465968763085,0.22261562840749,0.240719207872346,0.345006218017442,0.284068533120542,0.100087774218472,0.10748993674385,0.146239801825248,0.167306428093533,0.116351416305104,..,0.185916868050557,0.204697302958067,0.133162279913271,0.222934071000115,0.236538127835728,0.178163576211141,..,0.15535925893358,0.155491386100118,0.161552848461689,0.185593259346522,0.160652911913752,0.166819303869064,0.144591531581481,0.189371199096136,0.162222705074137,0.0733627337730976,0.137319652411819,0.129047853313013,..
Kyrgyz Republic,KGZ,Exports of goods and services (% of GDP),NE.EXP.GNFS.ZS,29.2056074766355,35.3513513513514,35.5861324699852,33.5312902683624,33.7618144302449,29.46714483032,30.7380990029616,38.2868893328163,36.4832920828287,42.2029377974725,41.8478618433635,36.7245731455602,39.5813541240971,38.6811237203624,42.5559110849204,38.3055564365228,41.7206136022728,52.9129788573035,53.5489560986404,54.6983469575282,51.5543226756177,54.5384771657381,44.4042009680122,42.250153956658,37.4486515894922,35.1896004872594,35.8254088751692,34.2528413648354,31.6017300051143,33.4764696600324,29.5818778074207,35.8055898779632,46.3372718307792,36.8882232535821,46.7710472091149,26.8114572968262
Kyrgyz Republic,KGZ,Fuel exports (% of merchandise exports),TX.VAL.FUEL.ZS.UN,..,..,..,..,..,11.0567543135484,15.3126538643143,..,5.63715555970328,11.8191038717159,16.3595281000071,11.4432666212377,12.6345861548401,3.34268565099241,3.13861104105455,7.53021666575875,12.9258426825477,11.7161195680667,3.80008942757725,3.40065461229958,7.42229646661121,10.0198366401676,12.2201146937536,10.7827888923468,7.60556472633859,5.2179957360277,3.43976515656774,4.95863467834871,7.58951017001161,6.0392466709208,4.384725562171,3.63308306570475,8.81937517612303,5.93991117441845,7.31721333967097,9.40463737109047
Kyrgyz Republic,KGZ,Ores and metals exports (% of merchandise exports),TX.VAL.MMTL.ZS.UN,..,..,..,..,..,11.651980354978,6.19316249863845,..,3.34380879649995,5.79819062341729,6.85384492657275,3.17010904135635,3.99363816893904,3.10243524678608,4.38744236626253,4.01191709879507,3.9013475501861,3.5670540289719,2.91474833895845,1.62765199628751,2.06134394189887,3.09382338750327,6.06023395382128,2.79732339723069,4.01043456712793,3.15939770942659,6.63813457325965,12.3309597631682,15.4276468814993,13.9136412048231,10.2386431417202,12.6261137766156,11.6674586086112,10.0562615076351,9.15208447252274,18.6199016432669
Lao PDR,LAO,Exports of goods and services (% of GDP),NE.EXP.GNFS.ZS,11.3287632936327,12.9537264801421,17.0257554269191,21.4616192640886,24.9869407176856,23.2203889147564,22.6987496249058,23.8922247910231,36.4558727549249,35.8758415241476,30.6620036016085,27.8731588735049,28.7525146642775,23.5004331627788,24.9121225651615,28.9637357220067,38.1550775230179,33.6143130828635,33.1540804750868,30.0830696746432,35.384026037956,40.3431560976816,37.8767283501759,38.1731033983004,40.7545466511497,33.9522573081909,33.209427456122,..,..,..,..,..,..,..,..,..
Lao PDR,LAO,Fuel exports (% of merchandise exports),TX.VAL.FUEL.ZS.UN,..,..,..,..,..,..,..,..,..,..,..,..,..,..,..,..,..,..,..,..,0.870340616162543,0.770085009604707,0.673677614506647,0.616634276575787,0.0421233410444505,0.176088512136599,0.240806629071139,26.3264153582686,24.2519769448921,27.0504530988954,16.8657167141044,27.4177584302158,24.9508670533214,1.82681289929622,..,..
Lao PDR,LAO,Ores and metals exports (% of merchandise exports),TX.VAL.MMTL.ZS.UN,..,..,..,..,..,..,..,..,..,..,..,..,..,..,..,..,..,..,..,..,50.2168628992353,62.5003690223523,56.4399674429617,57.2548464474494,46.8833424966076,40.3151982457758,36.9265235809299,24.5288042004796,26.3496762535103,22.4776810760171,15.7371132898682,12.0566454155105,16.1081894779321,20.1790222280288,..,..
Late-demographic dividend,LTE,Exports of goods and services (% of GDP),NE.EXP.GNFS.ZS,22.0266282388567,21.1099723269203,35.9809987745543,28.9694220698127,26.274134350058,25.2823215723903,24.1581091281539,24.8329705119058,25.2973253115859,28.8925454190151,31.4355857791718,31.2639207372138,32.5833866156967,35.2430227172273,37.7493072415853,38.5788764900635,39.0984589617299,37.7712388499876,36.8269106497787,30.7255551138441,31.9412840525846,32.1983544629846,31.6310943822179,30.8632228397501,30.2726852922686,29.1443975247175,27.8579451998221,28.2000716461015,28.5829619924724,27.8940884133834,27.4011011453985,29.2281051561954,31.1021959537098,29.7733970538451,30.728902105815,31.291063421231
Late-demographic dividend,LTE,Fuel exports (% of merchandise exports),TX.VAL.FUEL.ZS.UN,..,..,9.93386056484288,8.83992822661629,7.55274194409166,7.81486114181274,11.4365451907202,10.5475293619029,10.3397637505035,16.0640468213485,18.0335834008201,18.0287472416192,15.312003302079,15.1051077589461,15.7091203402001,15.7593278158094,17.0988436409891,16.7169482260941,17.7844892488389,15.1501726915774,16.1918566718001,16.8210087072195,15.7310380764646,17.1585747552802,16.5700255665633,14.1204865414393,12.2667428716115,13.1467988215138,15.9710763510155,16.3885570217148,14.1838726838385,14.5857907784854,13.6842692755097,13.0070371161221,8.57955023916494,..
Late-demographic dividend,LTE,Ores and metals exports (% of merchandise exports),TX.VAL.MMTL.ZS.UN,..,..,8.41728417646167,7.14432137509636,3.2196692480434,3.68815115736678,3.99448572446735,4.27835901741863,4.4154298025811,4.00755450202779,3.60267227622301,3.45931481896858,3.1700046432905,3.03036883519,3.47375330212962,3.45536448564089,4.07604169321526,3.93030260792623,3.4498265240374,3.06701629813971,3.63527804316313,3.74080585539634,3.54633886032934,3.46076547349418,3.40081476369882,3.47445327348478,3.39456241836366,3.63503531976229,3.63853961689936,3.53581761328487,3.77194341364573,4.28497045834613,3.41438877079156,3.25609511216443,3.51920413873489,..
Latin America & Caribbean,LCN,Exports of goods and services (% of GDP),NE.EXP.GNFS.ZS,17.5213385757894,16.7200715093477,16.4526083622233,14.6719330292675,14.8843277160059,16.3562302161034,16.5118200274099,16.6082723790579,16.9040841727872,19.5866851419119,20.5017919419932,20.9319862910564,23.6124174941939,25.4702821300012,26.2951401183686,25.551852712119,25.5393766395648,24.468307644577,23.8516890782365,20.9168992627541,21.1797893467448,22.4763249849093,22.2339462567373,21.6045582644188,21.7336576713402,22.4652109909731,22.5908499201776,22.3781770377139,24.5304480078813,24.7322642652843,25.0008236246477,27.1752106973646,28.0788486355739,25.2018158524315,25.7658164426472,26.1462714281691
Latin America & Caribbean,LCN,Fuel exports (% of merchandise exports),TX.VAL.FUEL.ZS.UN,27.0049729499961,23.0576950281706,15.8119700979265,13.3933787123215,11.7223436354904,11.0497431442589,12.5220286035699,11.0738110370717,8.62757573944856,10.6337754935787,13.6902995467168,12.7307915649407,13.2254740098126,14.5913887237602,15.0187253527123,17.1446633699761,17.801802964839,14.4414435509116,19.1206235591921,17.0877257267772,17.5796449097486,17.7036444151039,18.5128612626303,17.3403913576499,12.8181285448876,9.01846063782463,7.71509643231828,9.16832974561346,10.8953632343953,10.1228101672849,7.86447579585741,9.32206668457141,11.5225591084897,10.3954051329915,9.84497923134077,..
Latin America & Caribbean,LCN,Ores and metals exports (% of merchandise exports),TX.VAL.MMTL.ZS.UN,11.9445960563525,10.5236877526431,10.1448646244674,8.80675046993344,8.42704585228973,9.16076975889053,8.28090256963278,8.2465939031342,8.07478294968974,7.94021438350273,8.02026200831475,7.08337029275246,7.17408556309368,7.10548298798952,8.58539851832941,9.08301930030106,10.3124031532976,11.2230524093239,10.1919715495641,9.91325635695273,11.937220187204,12.5674972774529,11.2640322595831,11.0550997947134,10.6381682950567,9.54305516361183,9.7694354093287,10.3998763308205,10.0196464539622,10.2318264350497,11.6417945146077,13.4904380199561,10.6114940811994,10.9988597918527,10.4257059295841,..
Latin America & Caribbean (excluding high income),LAC,Exports of goods and services (% of GDP),NE.EXP.GNFS.ZS,14.655437524549,13.6829257943507,13.5510650147809,12.2372986749958,12.509816225482,13.922317700016,14.3214312234119,14.4668007818422,14.5986814410644,17.0333322984547,17.9716940721616,18.0121705876576,20.632900575995,22.0487007510167,22.9225407958681,22.2984938391302,22.2100432183996,21.3036838864637,20.9533410645257,18.1153380596845,18.6628763221386,20.0799064839091,20.2691349769642,19.6623465771466,19.8330179175129,20.5232579766172,20.5901877458575,20.4549644108929,22.9335436452506,23.1302935324347,23.253832707687,25.6009175012679,26.4020890180094,23.5818473566006,24.1129178155233,24.5640711542528
Latin America & Caribbean (excluding high income),LAC,Fuel exports (% of merchandise exports),TX.VAL.FUEL.ZS.UN,29.6214708157641,24.4482417885794,16.3749378488821,13.9791892667111,12.3574376655332,11.7261853595374,13.2902405223102,11.7495292911986,9.04791492116203,11.1048058227726,14.3666103414711,13.420891200486,13.9131282828488,15.2920344154848,15.9024092667801,18.1041735495454,18.8091644676725,15.2326513930823,20.4059276645837,18.0792870894496,18.8260332855,19.0672261409219,19.9963337358426,18.6024077744351,13.5847187373039,9.46191047926706,8.1314640863759,9.54116271187209,11.4665923613622,10.7551183826455,8.35294297836267,10.007921304723,12.381804209168,11.1122225302374,10.4464981382516,7.42601369180588
Latin America & Caribbean (excluding high income),LAC,Ores and metals exports (% of merchandise exports),TX.VAL.MMTL.ZS.UN,7.93339319062275,7.33497043569183,7.45519887554113,6.42774250674737,6.10059996289334,6.65038955130867,5.84519346694968,5.63249406341144,5.79233565879759,5.63124746583157,5.55962200085464,4.82489986552267,4.95422059067843,4.83467808095788,5.57256839748647,5.8680099684816,6.77665988545434,7.4345619548433,7.0494858698376,6.60240286492009,8.44494217725253,9.31579237338579,7.96672951332054,7.91239533775216,7.48889426299258,6.40932720243435,6.83041545962806,7.25396168933725,6.95100511815348,7.33257119436951,8.08910556815233,9.12766577507797,6.82281569750666,7.11130428895859,7.13581323595884,5.587142462796
Latin America & the Caribbean (IDA & IBRD countries),TLA,Exports of goods and services (% of GDP),NE.EXP.GNFS.ZS,15.2920223405395,14.7253968585167,14.7880442081147,13.3736978363914,13.6641874468384,15.1725126973113,15.4611113597594,15.6148991371681,15.6681852350122,18.0870847825951,19.0380788959626,19.1260547734524,21.7907980074291,23.2930416212434,24.394670820263,23.7515199326833,23.94854247424,23.0502183764106,22.4392816558741,19.623382696541,20.0661096356971,21.4444212811974,21.5049694247853,20.8222314012525,20.9745775707372,21.573610660643,21.688695783821,21.5768146836313,23.9984316610437,24.2049214622868,24.584289183908,27.0075350640311,27.9929767982501,25.0213115885376,25.6160833799956,26.1141647927264
Latin America & the Caribbean (IDA & IBRD countries),TLA,Fuel exports (% of merchandise exports),TX.VAL.FUEL.ZS.UN,27.0049729499962,23.0576950281706,15.8119700979265,13.3933787123215,11.7223436354904,11.0497431442589,12.5220286035699,11.0738110370717,8.63253059022609,10.6746042178609,13.737243290256,12.7791505355644,13.2798822758122,14.6475305741908,15.0803203978982,17.2043111844848,17.877074818711,14.4500811907344,19.1316840920593,17.1037547041185,17.5960045985968,17.7202516259598,18.5302129076159,17.3567118801395,12.8304882030368,9.02715538830235,7.72938611172968,9.19348453822298,10.9236929545207,10.145645114536,7.84573275989261,9.34535570620038,11.5323342905099,10.4036751293205,9.84767778802187,6.9187106388862
Latin America & the Caribbean (IDA & IBRD countries),TLA,Ores and metals exports (% of merchandise exports),TX.VAL.MMTL.ZS.UN,11.9445960563525,10.5236877526431,10.1448646244674,8.80675046993344,8.42704585228973,9.16076975889053,8.28090256963278,8.23585513181131,8.07015169367072,7.86074464105521,7.91654149476342,7.00426018037483,7.08248386486147,6.98889972108136,8.44549806118645,8.94320320868201,10.3498375621036,11.2271279494986,10.1947370765276,9.9170342485967,11.9420088227606,12.5736940638821,11.2700623617222,11.0612471298088,10.6418823230954,9.54461632866349,9.72168434872931,10.4340455942186,10.0354826555937,10.1303118897877,11.528552058539,13.3636242010254,10.4420073294163,10.9921157614127,10.4228574038708,10.5468881905996
Latvia,LVA,Exports of goods and services (% of GDP),NE.EXP.GNFS.ZS,..,..,..,..,..,35.677496823884,41.6403177406518,40.8165714994491,40.3175570735027,36.0307753713725,37.7213901364908,38.7964180197711,37.7563642169877,37.7379680624178,40.6251502394093,44.80522716711,41.9530774436297,40.3864425883711,41.2345321413157,43.396059199176,54.3654555058681,61.8017435553003,63.8315149225803,62.5759802712611,63.5721016274102,62.5955625575744,61.9284196446641,64.1399542639756,63.8698186932234,62.5368430163073,62.6592422617585,66.8112769573847,77.5014838423287,65.9896551482715,64.8634107408094,62.573000305163
Latvia,LVA,Fuel exports (% of merchandise exports),TX.VAL.FUEL.ZS.UN,..,..,..,..,1.7769970365175,1.74777814455668,2.01828921418558,1.04821910340229,1.7125269392325,2.94565294258538,2.4689005832647,1.37853759635479,1.47360238005683,1.37720878864708,4.61661637596288,8.89393859080471,5.17629395531379,3.6584237794238,3.43291102396638,5.05888376986903,5.30562593988955,8.25566913336159,7.83977671803602,7.69649141673201,8.65082249449374,7.45689836614869,5.68606068331057,5.31242487702386,5.3963542900298,4.50961883437534,3.57235217180195,5.8995850568737,12.3436383153413,7.19706147644703,7.00435280229489,8.23196552918001
Latvia,LVA,Ores and metals exports (% of merchandise exports),TX.VAL.MMTL.ZS.UN,..,..,..,..,0.587351188099303,0.937321931933965,0.940917484443665,2.14568575355084,2.62112734839716,4.15960840031026,6.03291011460911,5.31285377079389,5.60555696488159,3.95101708379676,3.24040197402701,3.52246380055115,3.97173874478011,3.50414380735867,4.18138197861875,2.78955575667289,3.73214791947913,4.5552170741267,3.57382626439348,3.17966387249577,2.83228555629035,2.21080177918085,1.7324035353265,2.0850315423882,2.24600909807457,1.77168747370953,1.75418689739946,2.59066285295254,1.89303068075529,1.78596783445736,1.78688571916691,1.64692308335735
Least developed countries: UN classification,LDC,Exports of goods and services (% of GDP),NE.EXP.GNFS.ZS,..,..,..,..,25.3230277918799,23.6094074771877,19.6662240283665,19.2520482341319,19.0213777371274,19.513057653213,20.254648657766,21.2098999911006,20.6610648029152,20.5483932851009,22.8916654223978,26.8096648985102,28.8312629059898,30.2864756736048,32.0093854962786,25.0938312701827,27.1439696793081,28.9028252108477,27.888299896592,26.2101001782331,24.5232103705409,20.1262271637581,18.4134281158012,19.2016900489436,20.918021694615,20.4392184529232,18.0093528588671,20.872153263996,22.263894296637,21.4478586693872,20.5832188707843,21.6584551764879
Least developed countries: UN classification,LDC,Fuel exports (% of merchandise exports),TX.VAL.FUEL.ZS.UN,..,..,..,..,..,..,..,..,..,..,..,..,..,..,..,..,..,35.9521360639242,33.6349186070858,36.9812164440813,32.5801958865,34.3626541059745,30.0592058521027,31.0191066982229,41.9677574748699,28.8882669636441,26.5345631624311,28.35197764401,28.1599004369705,37.704500119262,35.8276691097611,36.6863834450601,37.6093889153522,37.4054034449452,..,..
Least developed countries: UN classification,LDC,Ores and metals exports (% of merchandise exports),TX.VAL.MMTL.ZS.UN,..,..,..,..,..,..,..,..,..,..,..,..,..,..,..,..,..,10.4543766263116,9.83964208968584,7.35660019259922,9.94499177385732,9.80756136294477,8.7263542505018,9.58414536444818,13.5588347940653,12.3359877359946,11.3892669702599,10.4687285867234,9.73080751823046,14.1987420074422,15.9010431103067,15.3766920707194,15.5771200863243,15.1246034635859,..,..
Lebanon,LBN,Exports of goods and services (% of GDP),NE.EXP.GNFS.ZS,17.9927860456218,12.528835709228,10.8507051639318,9.17439885733869,7.87060873504597,10.8064548760331,12.8463200007143,14.5319587628866,13.7634326360473,14.0639896274263,14.1775557263643,15.604915999549,16.0986422831809,16.7365813377374,35.0549045511842,36.6235387082596,35.5896575058264,37.1415170042625,38.5456544402878,33.1957016986538,35.023122866407,36.3630972315613,28.8092128781151,26.6467547466619,23.7561644984684,23.1396677268024,21.7261558874138,21.9269331860238,20.7545211587566,20.6977589567577,16.3725868676481,26.0256276927137,34.8287792460469,30.5514119674735,23.3165495276514,..
Lebanon,LBN,Fuel exports (% of merchandise exports),TX.VAL.FUEL.ZS.UN,..,..,..,..,..,..,..,0.075798634446496,0.0576542639644782,0.0437096519469908,0.178629678109887,0.155463709966929,0.44816388749621,0.231199844950283,0.26287180715628,0.34821472762562,0.299487266437649,0.217321452649323,0.33284833912779,0.338561740289721,0.132265054585668,0.098238163773614,2.01796275219873,8.55737748124045,0.975199707169866,0.812714035495173,0.476668921652208,1.51877124152991,0.704025606732419,1.45409543694151,0.340577463595891,0.241436727400156,0.433020096745865,9.88237160097366,7.70940000965568,..
Lebanon,LBN,Ores and metals exports (% of merchandise exports),TX.VAL.MMTL.ZS.UN,..,..,..,..,..,..,..,8.09820389868012,7.80729286949929,8.89431174313046,6.90403389518945,5.21408996655369,5.6852442083825,7.41199982338085,10.4295979786321,11.3261589994321,10.7073982921193,14.0018864556331,11.0920416531535,5.75747151447646,8.61330220292034,9.91304966732045,8.28040319401358,10.8313325383782,8.30753174435821,7.6287112013812,6.14197008535402,9.531113389086,8.79160657959927,6.12915291617678,6.98125587350249,10.4101088610053,11.0482493293111,8.60379953605471,9.34050438527481,..
Lesotho,LSO,Exports of goods and services (% of GDP),NE.EXP.GNFS.ZS,..,..,..,..,..,..,..,..,..,..,..,..,..,..,..,..,..,53.2487600192534,52.9184829037571,44.7633289777901,42.1262589311215,47.7228451203639,41.7959336745045,38.2496647077566,38.1496953255837,42.8918037123102,45.7796652454104,47.4769340332662,49.8331114219045,46.2093281781161,44.449012410388,46.1460898214545,46.5063822153721,42.6829787081486,49.4056446644915,49.530822364134
Lesotho,LSO,Fuel exports (% of merchandise exports),TX.VAL.FUEL.ZS.UN,..,..,..,..,..,..,..,..,..,..,..,0.0170708075774557,0.00340130170595996,0.0624084448535018,0.0175765760189479,..,..,0.122346649228984,0.0417391701900564,0.0168129994467445,0.0769376796124365,0.14791613707775,0.12209171884117,0.0815062744684557,0.0376734422723571,0.0530542243747911,0.080583696996223,0.07923485972243,0.0379892296059272,0.0343344578962748,0.014452161241193,0.033559777615051,0.0246048491285881,0.0242983712046877,0.0200440072118683,..
Lesotho,LSO,Ores and metals exports (% of merchandise exports),TX.VAL.MMTL.ZS.UN,..,..,..,..,..,..,..,..,..,..,0.0070200611059745,0.0525032217130086,0.0657612002029595,0.0974033934785549,0.0475347806597082,..,..,0.483044966560215,0.255444865389448,0.104317436196333,0.442932312242704,0.192080755656678,0.176395233303756,4.11336141524726,46.9397510539114,31.4254236706505,0.257535354573301,0.329155539469625,1.23558386743794,0.223234842534879,0.179631190163663,0.192321778563757,0.19064142421531,0.178601333491684,1.45669819893022,..
Liberia,LBR,Exports of goods and services (% of GDP),NE.EXP.GNFS.ZS,..,..,..,..,..,..,..,..,..,..,..,..,..,..,..,..,..,..,..,..,..,..,..,..,..,..,..,..,..,..,..,..,..,..,..,..
Liberia,LBR,Fuel exports (% of merchandise exports),TX.VAL.FUEL.ZS.UN,..,..,..,..,..,..,..,..,..,..,..,..,..,..,..,..,..,..,..,..,..,..,..,..,..,..,..,0.775447041377955,0.0234035467882422,..,0.000844383013972209,2.6015195105444,4.88453332769609,1.8414552089698,..,..
Liberia,LBR,Ores and metals exports (% of merchandise exports),TX.VAL.MMTL.ZS.UN,..,..,..,..,..,..,..,..,..,..,..,..,..,..,..,..,..,..,..,..,..,..,..,..,..,..,..,22.2746134221442,9.40313760246578,29.3580325518457,43.2333831498581,0.158186306044195,0.655892560057936,0.060568928284225,..,..
Libya,LBY,Exports of goods and services (% of GDP),NE.EXP.GNFS.ZS,39.6762370189371,33.8314218906581,30.5890367885966,28.2447492498928,27.0352162135046,29.1760299625468,28.6535303776683,26.7863453247579,19.3690158530843,20.2205441687642,31.558004285277,26.5406976744186,44.7677994771644,57.3170731707317,63.7559608908707,63.7168431505522,71.8393272703549,73.4324778961951,74.1157065299352,63.2368915429987,66.2720071713114,38.1458963988027,66.8678568492024,59.8886075843687,32.2383210024013,22.2273741215145,14.5778875500388,27.1972557138798,39.6135044170514,42.35532240076,20.3637900560977,92.0546075514658,91.9809235078212,85.6010032090609,71.7293179684166,71.7134746269549
Libya,LBY,Fuel exports (% of merchandise exports),TX.VAL.FUEL.ZS.UN,..,..,..,..,..,..,..,..,..,..,..,..,..,..,..,..,..,96.6247227091457,96.7377076938414,97.8939049801398,97.7181660474755,..,..,..,..,..,89.0527915280661,89.0527915280661,95.3967472853869,94.4050188673453,..,..,..,..,..,..
Libya,LBY,Ores and metals exports (% of merchandise exports),TX.VAL.MMTL.ZS.UN,..,..,..,..,..,..,..,..,..,..,..,..,..,..,..,..,..,0.00719080698552263,0.00717185363701543,0.000157557103320555,0.000391595444128488,..,..,..,..,..,1.25265817119731,1.25265817119731,0.664788411642842,0.710524366427344,..,..,..,..,..,..
Liechtenstein,LIE,Exports of goods and services (% of GDP),NE.EXP.GNFS.ZS,..,..,..,..,..,..,..,..,..,..,..,..,..,..,..,..,..,..,..,..,..,..,..,..,..,..,..,..,..,..,..,..,..,..,..,..
Liechtenstein,LIE,Fuel exports (% of merchandise exports),TX.VAL.FUEL.ZS.UN,..,..,..,..,..,..,..,..,..,..,..,..,..,..,..,..,..,..,..,..,..,..,..,..,..,..,..,..,..,..,..,..,..,..,..,..
Liechtenstein,LIE,Ores and metals exports (% of merchandise exports),TX.VAL.MMTL.ZS.UN,..,..,..,..,..,..,..,..,..,..,..,..,..,..,..,..,..,..,..,..,..,..,..,..,..,..,..,..,..,..,..,..,..,..,..,..
Lithuania,LTU,Exports of goods and services (% of GDP),NE.EXP.GNFS.ZS,..,..,..,..,..,36.9386970561821,41.7452908673057,44.7817616774546,38.9812389713984,32.2965725535194,38.5073296446036,44.0129576744504,47.3290677050394,46.1534641761834,48.5233385442616,55.1137769337009,57.1650712091213,51.6005785480117,57.5807261343907,51.6425313966986,64.7985134455831,73.4692169559065,78.6260683563339,79.0419385750891,72.6102123944686,68.6043807818409,67.7094248902699,73.6063406090345,74.5295191317116,76.8187229886379,72.4346855034597,79.5885699025887,87.264114905646,75.933513171116,73.9407258792654,72.9839535290335
Lithuania,LTU,Fuel exports (% of merchandise exports),TX.VAL.FUEL.ZS.UN,..,..,7.67174835149838,..,15.8644481700749,11.3884194076011,14.8716279801281,17.2321962295555,18.6301025626343,14.4169947187608,20.8549209883702,23.1440094567078,18.617772431732,19.4332920697522,25.0656944009742,26.630710134146,23.5040961235158,13.32657182512,24.8328249799445,21.3157018262962,23.3502789739783,25.2868447389065,24.5019872706115,23.0352983143341,17.549203568535,16.3053888986238,13.7741952160399,14.5163890708749,14.6035767557735,13.1348449849943,6.90948542694294,9.86311783561991,16.6723674962133,14.3006675662309,14.0701332953485,13.5992487753918
Lithuania,LTU,Ores and metals exports (% of merchandise exports),TX.VAL.MMTL.ZS.UN,..,..,0.831509324670749,..,2.45533594652168,4.98418977066926,2.48981389654354,2.04841743639048,1.7536470544762,1.56250012432051,2.07666716802062,1.80172877949119,1.84617028631996,1.57872741824083,1.89642449160213,1.49856400555868,1.70876014224856,2.04846144785701,1.73357011313373,1.07189998735884,1.43948232775385,1.77618677176912,1.50992417836651,1.344888559106,1.35881273697137,1.29746135292864,1.26489658252207,1.70950127378266,1.89636990440123,1.89532194590274,2.18434852775421,2.94343073725516,2.10566830666842,1.79129603184735,1.85501572595526,1.83506115336091
Low & middle income,LMY,Exports of goods and services (% of GDP),NE.EXP.GNFS.ZS,17.2680684834534,17.9879476761822,18.6789560116423,18.309882305352,19.3295915498877,19.8720866911111,19.7519128356504,20.3728421940583,19.9508174364335,22.0322177882033,24.1170257612345,23.5944378816572,25.4164393738758,26.9570031463621,29.2164879311022,30.1880299034681,31.0047396161818,30.5273013656597,30.5602490751109,25.0728727578368,26.2907533035016,27.1357993435013,26.5963175142778,25.7959413963206,24.888177362497,23.0681989527103,21.9875232621935,22.5887428395357,23.4258850877822,22.4931828358942,21.4900778517891,23.6258289594974,25.4299266683565,24.0508735458224,24.7174391989351,25.2600453287365
Low & middle income,LMY,Fuel exports (% of merchandise exports),TX.VAL.FUEL.ZS.UN,..,..,8.88018844541569,7.83173223279699,6.85394709552732,6.91452041311124,8.72267994097777,9.83781855896345,8.38981271449562,9.1824874522839,12.0004271010876,11.695923663002,11.1218916412428,10.7600788050614,11.2157011802448,12.2070302288284,13.3270004717413,12.3480308588221,13.9233823705764,12.4926744029666,13.56784275182,13.9071754114157,13.1117403576518,13.840814921827,12.7117321657359,10.3136206268529,9.86187922019851,9.79090390292852,10.025706601016,9.2327617382265,7.3373709891548,8.45718712679127,10.3817601703245,9.09686958098353,8.2717271511512,..
Low & middle income,LMY,Ores and metals exports (% of merchandise exports),TX.VAL.MMTL.ZS.UN,..,..,3.2804367611905,3.05088869916358,2.99291260258316,3.71053748729496,3.44122048635775,3.39095924401167,3.36566328167388,3.41085357879729,3.07731913880704,3.24660819851796,2.9903964512998,3.06791493716433,3.5654913913852,3.8266880467747,4.32153354043026,4.35185121294783,3.98963804218243,3.54771042440462,4.2038262800034,4.25296959086012,3.76640050112618,3.75042667757807,3.619281696131,3.52865507034521,3.50095877231024,3.7541316215617,3.7782622106748,3.97835577973615,4.19167333289736,4.79715099016093,4.27126345283788,4.15743250411304,4.21891858670774,..
Low income,LIC,Exports of goods and services (% of GDP),NE.EXP.GNFS.ZS,..,..,..,..,28.1103876083998,24.3917999971372,21.6037741589195,20.0408808620364,19.609015727749,20.665712704649,23.0480339370085,23.5076864448069,24.4994624183171,23.4596686861006,27.2984988465797,28.6206005592522,28.2792750213152,28.9555904688426,30.2445903446552,23.6278475250972,26.6691677322136,23.7952321555217,19.7246596172422,19.2957556501035,19.6655233579417,16.5215335617459,16.4010610720827,17.7473152826256,19.3983027178705,18.0774399014707,17.165242809315,19.6487800771026,19.8556987044034,19.5142646130817,20.1557969534716,23.5985850446637
Low income,LIC,Fuel exports (% of merchandise exports),TX.VAL.FUEL.ZS.UN,..,..,..,..,..,..,..,..,..,..,..,..,..,..,..,..,..,..,..,..,..,..,..,..,..,..,..,9.03257687990047,8.15862816809483,..,..,..,..,..,..,..
Low income,LIC,Ores and metals exports (% of merchandise exports),TX.VAL.MMTL.ZS.UN,..,..,..,..,..,..,..,..,..,..,..,..,..,..,..,..,..,..,..,..,..,..,..,..,..,..,22.5690972044547,19.5220674400471,15.9337431745755,..,..,..,..,..,..,..
Lower middle income,LMC,Exports of goods and services (% of GDP),NE.EXP.GNFS.ZS,14.8593578969046,16.3066343871036,17.0526114888998,17.6198345516702,17.4122273549603,17.3919110906939,16.3814590337205,16.0498879144498,15.4386185307903,17.6675053718572,17.9381912323021,18.0917167166769,19.2733869858839,20.1809170022383,22.5226933195567,24.0978051031211,24.8730084139036,24.9356489149532,26.8848092548364,23.016161861609,24.0735961169375,26.6399293462092,25.320214191489,24.7442401043764,23.2369522313891,20.1803415791542,19.1024383630285,19.9502366534817,21.1431650110232,19.5150007500864,17.9219834586063,20.3389528336419,23.0155338296041,22.9364688626112,23.2113760078768,23.2304305510864
Lower middle income,LMC,Fuel exports (% of merchandise exports),TX.VAL.FUEL.ZS.UN,..,..,..,10.7952838142593,11.9739183851011,11.3064364823817,18.7195995561556,17.9401233198588,16.1342065212748,18.38109781017,19.7699673996119,20.1422221074703,19.3044013061084,20.4774642061053,14.3228954405124,17.0567637264086,27.4882245264826,28.1601127749841,32.3610139262531,29.2309239228244,30.2010139544809,30.2030827067544,31.5059595081714,32.7965252620575,29.2563561580148,22.3941694987821,21.0521962266479,23.0016933517679,25.2627732551306,25.8083211563948,22.8289066095823,25.1351855305338,30.3469330935436,28.3750398078278,25.2030313392736,..
Lower middle income,LMC,Ores and metals exports (% of merchandise exports),TX.VAL.MMTL.ZS.UN,..,..,..,5.8319196363362,4.57599652856785,6.05925494326395,5.09221515374574,5.01770204225077,4.79573503728048,4.21102676065684,4.94486296767536,4.54654500140863,5.1819424032508,4.7954610820575,6.12582699561485,6.89220306231472,6.62783427578137,7.01676226675726,6.3810105284103,5.71418989041712,6.99145598322347,5.98937229733387,5.40370605585083,4.48431269659943,5.04521104780748,4.85588096547565,4.65494350739668,5.1857469853054,4.96929660692966,5.74143646386404,6.4742273841997,6.56094197120666,5.86937330891937,5.89428991592257,5.57227709419528,..
Luxembourg,LUX,Exports of goods and services (% of GDP),NE.EXP.GNFS.ZS,99.7128836405077,99.6055988954344,98.5986148902292,98.8648330721503,102.139638596495,104.478825699709,107.981098142476,116.220951847375,127.697112462509,129.936451950794,147.644762391931,146.200789383276,136.361725575128,132.848052488235,143.73436357449,153.824282815392,167.740282231035,169.576705513534,161.494761789301,147.925083013145,162.709857140044,169.489123436331,171.211788066768,176.383330927429,182.782585361208,191.835428725013,191.098633740622,192.747503540731,197.218199953374,206.580145839872,204.436962289215,215.618162988769,222.308456163103,217.379822583978,191.532970187611,190.522135684017
Luxembourg,LUX,Fuel exports (% of merchandise exports),TX.VAL.FUEL.ZS.UN,..,..,..,..,..,..,..,..,..,0.0657951610065989,0.0947141236673684,0.174150039664466,0.564341586554429,0.479403294690643,0.56940493730028,0.484746205652523,0.755468291334598,0.772267080770856,0.866779918350193,1.24434505311501,0.950253839201478,0.823809485060464,0.906015716616703,0.9124571972713,0.792755481602913,0.482115060084286,0.0630612554097925,0.0944590084151069,0.0980118110705392,0.0974079283313646,0.0826630989449791,0.159643807540975,0.226212692957831,0.153930719722596,0.123247093741778,..
Luxembourg,LUX,Ores and metals exports (% of merchandise exports),TX.VAL.MMTL.ZS.UN,..,..,..,..,..,..,..,..,..,4.52972435769944,5.01022808487638,4.68513413142653,4.63525235552184,4.48418168653265,4.96726016697274,5.73763427230509,6.98490411811247,6.76715018214194,6.14523127870348,4.87700606297509,5.54609346818979,5.41454927226148,5.29168706624439,4.94103541308824,4.72256737546925,4.80090229210457,4.25377629362931,5.01406241825481,4.59205275755081,4.47027456687779,4.41434886286635,5.01803676746935,5.3449508908293,4.33708298279887,4.29982018624819,..
"Macao SAR, China",MAC,Exports of goods and services (% of GDP),NE.EXP.GNFS.ZS,98.252688172043,91.6351449996682,82.0898950968631,76.1591457876432,73.5603813770179,73.9856079227673,74.0126630986113,73.9307465364642,74.1752871973594,76.1963917131718,89.2655471149778,91.2251415299753,93.2640999662276,92.8613542564289,94.7705605396922,84.3863881332444,78.5453812156553,78.8825827872669,79.6944953421213,78.5122145065757,87.4238991929775,90.339874501628,90.7733498691718,90.6246130914087,85.6066390571117,78.704970614381,76.8087077221785,80.6469912109472,82.8517062374608,82.646781315937,61.6649501891426,91.8949115359993,84.7916044961703,92.4170435765852,92.1896066002616,92.2861448665199
"Macao SAR, China",MAC,Fuel exports (% of merchandise exports),TX.VAL.FUEL.ZS.UN,0.00932806454379963,0.017405916533475,0.0173031661482616,0.017727571768995,0.0107598304665631,0.00477241588794387,0.39451135314299,0.423261803066598,1.48205789779031E-05,0,0,0.00110190574508336,3.48400332375004E-05,0,0,0,0,0,0,0,0,0,0,0,0,0,..,0,0,0,0,..,0,0,..,..
"Macao SAR, China",MAC,Ores and metals exports (% of merchandise exports),TX.VAL.MMTL.ZS.UN,0.0581562514149432,0.0544010179390158,0.113551656226215,0.16688654057991,0.0481759059772123,0.0402304878944229,0.0578531838736193,0.175913740226429,0.0130582188255307,0.0286386227115061,0.0125760076872345,0.00781264449236931,0.00565120557847524,0.310894097207751,1.13780725729118,2.06201141324786,2.65374780351676,0,0,0,0,0,0,0,10.4037261799776,2.11555351510338,1.04409684118757,18.3860611104044,22.6052016974852,19.277132468758,17.9232048667689,24.0730271281974,21.6225375889091,19.8622104081638,32.8331615369533,..
Madagascar,MDG,Exports of goods and services (% of GDP),NE.EXP.GNFS.ZS,12.8702707847278,15.9724482649834,14.4961539980932,13.8096925419606,20.0198021726596,20.9868976053949,17.024861564074,16.142942543952,16.4123755851733,18.3466200690167,19.1196684495627,20.070249419803,21.8155744053565,13.6941628175957,19.4573064554058,24.3193861068762,27.4869137812158,27.7962071422596,27.7071993998824,20.3758298355971,21.8743805186609,22.7196386760737,21.7806921029485,23.2721660778614,28.2819119746319,28.3906461296836,29.0925694335543,30.9026308764808,31.5360236539412,28.4244012431975,20.1420748831987,23.091632100144,30.510296623757,26.7228861237427,24.0079179466347,21.3332640704507
Madagascar,MDG,Fuel exports (% of merchandise exports),TX.VAL.FUEL.ZS.UN,0.514116989248159,0.457299443825486,3.48402528900685,3.26333816686632,0.62126126323842,1.48533985297989,3.24222477644898,2.86795587473388,4.22165688111657,2.38490799496475,3.79939840462356,1.16599282715189,1.95967332286693,4.28006818205514,1.78555239202322,1.05388767197136,5.51020605465603,7.22250240687378,5.84769983081265,4.51286687984066,5.90511790300301,6.39082701978839,6.85539091439205,4.4367725808305,3.75711607521926,2.97134413180539,2.55520071174556,1.83435774159362,2.32534103909142,2.9314013074363,1.7001839819329,1.17584586276708,2.24692128137179,2.33410330754239,2.55012561538512,..
Madagascar,MDG,Ores and metals exports (% of merchandise exports),TX.VAL.MMTL.ZS.UN,7.66290437862956,7.03839305562959,6.50990139587768,6.20825843344014,3.58948734041786,6.93449963540219,15.5273823514809,6.64061667433,7.15117332807817,3.77571952104967,2.06915158080291,1.26899268046265,1.37329736562457,1.41185429792336,2.49119521107705,3.93978695499798,3.60694833869441,3.31374246344962,2.99429861711979,2.82139609258415,8.407930499621,9.62871472992812,19.1029482349438,29.9469137490599,35.8201508250248,33.9889516567676,24.9275155512368,23.3050125115698,25.0397521272223,27.0785964227918,17.5126752610862,31.3612347027315,38.6910739823686,39.3062064198727,32.8646357716195,..
Malawi,MWI,Exports of goods and services (% of GDP),NE.EXP.GNFS.ZS,..,..,..,..,..,..,..,..,..,..,..,..,..,..,..,..,..,..,..,..,..,..,..,..,..,..,..,12.6751278049282,11.6727813510859,12.9894565946906,11.0047537224484,12.7119564156437,11.342380846457,11.2450363894528,11.2855606151277,10.6488595679017
Malawi,MWI,Fuel exports (% of merchandise exports),TX.VAL.FUEL.ZS.UN,0.00263595058736833,0.00251148776517675,..,..,0.0203903138247864,0.079504643346318,0.371911248811619,0.688816989367323,0.1161342253101,0.274353250710265,0.175344633661665,0.136570604940105,0.0177546819487274,0.113642390702768,0.299259342979992,0.0204440152807278,0.147388673915268,0.0380878763509734,0.0272527561129214,0.113743766090584,0.194092632314477,0.0985652602278643,0.0920461716617677,0.0365527439299261,0.042371121340196,0.104381619365554,0.0979420401476056,0.186801735338877,0.0658028178635877,0.151161717691401,0.155298013539324,0.0231170831782384,0.00474239695206218,0.000145544242795096,0.00487544410740339,..
Malawi,MWI,Ores and metals exports (% of merchandise exports),TX.VAL.MMTL.ZS.UN,0.030359179246537,0.0223716090941029,..,..,0.196309510528951,0.126760791134715,0.0626081690272316,0.13053670879051,0.029125873106814,0.0529231106898835,0.216157815910987,0.242545939230887,0.269744707847486,0.103044705457276,0.321710246678735,0.195519483895518,0.103519814903851,0.0158415905432311,0.0211694043715299,0.787664435165699,9.78759288872105,8.81717154535936,10.9638195846174,11.3740204477911,3.01877107061923,0.177886221046924,1.03700262392103,0.229142663268431,0.520621161876729,0.352027471896745,0.553708230618883,1.01525000176507,1.27210127418756,1.20089218272746,0.849897159593092,..
Malaysia,MYS,Exports of goods and services (% of GDP),NE.EXP.GNFS.ZS,74.4661197000361,77.8255528255528,75.983860049641,78.9202875826103,89.1507768813216,94.0891703712361,91.5761512146674,93.2894480029809,115.743725352436,121.311393650836,119.809708726968,110.402491356547,108.305302795051,106.943446148115,115.373337721075,112.898976779781,112.18548084399,106.168274866985,99.4995772447266,91.4167918670926,86.9302950693543,85.2554421085998,79.2999139255312,75.6290410302627,73.7934986257765,69.4486908970754,66.7754454542508,70.011742508597,68.554971419686,65.2777668428576,61.5779359054349,70.6330555493337,76.8077974825844,68.6789535653168,71.3410849829908,70.9677892986947
Malaysia,MYS,Fuel exports (% of merchandise exports),TX.VAL.FUEL.ZS.UN,18.3246786659203,15.5136567596019,12.9456083975017,10.2872071723321,7.36711656369119,6.99098624246929,8.06254897399257,8.12358325897909,6.16330540050364,6.79583089381515,9.6183788648881,9.71984242561603,8.39065728551289,10.0750778982487,11.5989903056011,13.4060044181637,13.7316107502249,14.3947328217767,18.3497201239377,14.7636800620585,15.8464170995942,17.7387093045849,20.4071462425974,22.272387421079,22.0894873095308,16.4637462888258,14.0025952445656,15.4036825994082,15.6707664196549,14.4392776477319,11.3856806445869,12.447410329578,17.0810793062688,16.512163379367,14.4033158188559,11.1592255377572
Malaysia,MYS,Ores and metals exports (% of merchandise exports),TX.VAL.MMTL.ZS.UN,2.07630453965873,1.53283715931142,1.53543154473017,1.23658119104857,1.26943051353493,1.34620998334869,1.22259310061571,1.20948827302944,1.19655036074314,1.1509148696633,1.03989617981973,1.02358956472504,0.934102942850581,0.87114324922253,1.10960259462128,1.12341466163758,1.33413613927732,1.58482886498104,1.78781000240496,1.53300434287036,1.95008385089786,2.47740028216928,2.32139853223928,3.29270010178921,2.8776981536232,3.92523548375553,3.8542428518838,3.94778108538485,4.26651904642306,3.86055942973732,3.50293974590154,4.71802600814694,3.94576691783134,3.79046184791075,3.6968299912749,3.78593904372909
Maldives,MDV,Exports of goods and services (% of GDP),NE.EXP.GNFS.ZS,..,..,..,..,..,..,..,..,..,..,..,..,..,..,..,..,..,..,..,..,..,..,..,..,91.2941274036136,76.4277887724561,71.6136331301194,69.0594484485378,66.4483006480268,65.5134179400092,48.2411996300086,76.0989851624572,82.6708555603035,74.0437692661116,78.214216540835,..
Maldives,MDV,Fuel exports (% of merchandise exports),TX.VAL.FUEL.ZS.UN,..,..,..,..,..,..,..,..,..,..,..,..,..,..,0,0,..,..,0.0127117497924993,0.0723389608650904,0.0232160593731683,0.0454484866151526,0.0343073532681685,0.0463037212773749,0.0466777384759983,0.0254986476186502,0.00895963179760215,0.0014758312886858,0.0144801040854888,0.0463733052783601,0.0176015951474777,0.0597032520931897,0.143887093054331,0.158725024282173,0.10188003814864,..
Maldives,MDV,Ores and metals exports (% of merchandise exports),TX.VAL.MMTL.ZS.UN,..,..,..,..,..,0.193830341829373,0.194037972167426,0.12505168472551,0.0961638653813622,0.178070120078412,0.138292431987902,0.247547242873472,0.103885651496678,0.29104663725494,0.438255966467697,1.0353240813359,0.986242901979943,1.97342939951438,1.55282376608304,2.26226896637579,3.77091092852297,2.83649657745698,1.70076183820882,1.52378449038064,2.02877491193347,2.03404186677901,1.09072108953478,1.32164504382369,1.4349776544841,2.12940975313823,2.13595952883617,4.14323926353735,3.72371466010848,3.07190390093365,4.28673601995497,..
Mali,MLI,Exports of goods and services (% of GDP),NE.EXP.GNFS.ZS,12.9224504246966,12.3481990786943,12.0182170230674,12.2983623117825,15.2092727912801,15.693774087895,14.0179595846258,18.8184537976566,16.4235218800091,16.6447857153142,18.3082871608931,21.2675280915361,22.5824977513143,20.598732738647,18.8107813475157,19.0305416437851,22.7184401678144,19.7731935958803,20.6676082350038,17.4090644475988,19.2136392168452,18.1515218842836,22.6196890203447,20.9783045590306,18.9721569838761,20.2239475938187,19.658879222387,18.9065075928847,20.5990590578805,21.7272254994959,25.1422593727846,23.4347727463223,26.025652624667,24.7863775029858,22.325419474237,22.0767726182095
Mali,MLI,Fuel exports (% of merchandise exports),TX.VAL.FUEL.ZS.UN,..,..,..,..,..,..,0,0.00258023280717023,0.0148755365576962,0.00266405782726133,2.86321023108914E-05,1.36396977973646,1.017796835267,0.572565493254135,0.372089212769545,0.558612748270356,0.581808556013265,0.471951893295053,1.49126725513355,..,0.00864582465838409,0.0326582678800252,0.0867953325221218,..,..,..,0.0140747275186598,0.0217351376250624,1.22657222099501,0.731289909733974,0.470219345881592,0.626444628424313,0.442931031853676,1.57868932302188,..,..
Mali,MLI,Ores and metals exports (% of merchandise exports),TX.VAL.MMTL.ZS.UN,..,..,..,..,..,..,0.0256903235741376,0.0217452714237062,0.0304362853059319,0.0223648173887448,0.121020350022568,0.0360330895001694,0.0251505306969446,0.0325521722557949,0.0545558717550678,0.0401062590165369,0.044677138936644,0.19335825731546,0.195917061532098,..,0.121403497186661,0.756622607919208,1.01744530332626,..,..,..,0.13851630766098,0.355270255929781,0.190304416010658,0.15758018951255,0.273248645586813,0.735906326423798,0.465542416344314,0.734126231592023,..,..
Malta,MLT,Exports of goods and services (% of GDP),NE.EXP.GNFS.ZS,75.8336262449983,77.3719647445128,81.7595778593911,84.8121839900987,85.9618426185406,85.3207449373729,77.1133395036722,74.7808368272432,75.3105376738916,80.2753047084641,90.2692253155718,78.4583106690861,82.5178193655691,75.4562627383458,75.0974303915811,74.2235628621221,89.1792181327592,90.8534937241383,91.4724030900233,81.0328794776996,89.6241280016126,97.441170956521,100.799142826277,97.6696264852064,96.9298164447423,108.732584061859,113.166261070801,116.626497475998,123.349303772613,124.520039315181,129.954117426949,118.784056780784,128.299452871314,119.748336901667,118.481460190952,119.109581237895
Malta,MLT,Fuel exports (% of merchandise exports),TX.VAL.FUEL.ZS.UN,0.0343638122397555,0.0080364865291624,0.00661862246156529,0,0.00639836177010726,0.000507107079955665,0.00942384407866298,0.00441005009709815,0.00134234735672218,0,3.14383404873875E-07,0.00235613527236566,0.0291609209400477,0.0267497578529142,3.20639228107414,1.07958812749337,1.33168820016767,2.27499371281887,2.12654589178083,1.53748328082834,25.5753710573871,42.4802360914303,45.0780056700361,42.4419896280075,43.0419496539175,38.4493264489492,25.3681683821948,37.7911895860483,31.0009793297692,28.8435966465491,3.15924987147968,7.27457607208956,4.92130098012205,5.37807454562032,10.0847170807725,..
Malta,MLT,Ores and metals exports (% of merchandise exports),TX.VAL.MMTL.ZS.UN,1.47796587972342,0.881598640385076,0.511189326328478,0.498908905838113,0.454906189132725,0.448771838864433,0.360591296875578,0.567105613907988,0.590699101188238,0.473520491691452,0.35884992839498,0.300085671674313,0.265965988689458,0.270556652480089,0.327695056521099,0.294107978510011,0.382928925211947,0.488217525161742,0.513446403588841,0.515916800611779,0.477892592123463,0.434535962441697,0.374505775644427,0.302521482475789,0.309689181938792,0.340715419409411,0.243055106955339,0.244516225241973,0.318104826522463,0.200423414426542,0.350022332274339,0.838589400866917,1.17818066286719,0.79359587623627,0.677896282605602,..
Marshall Islands,MHL,Exports of goods and services (% of GDP),NE.EXP.GNFS.ZS,..,..,..,..,..,22.3185561008068,23.3003481931841,25.8550098421345,24.7552201702327,22.3064239656786,28.8235217283402,25.4496303697283,27.33047893301,30.2150180929394,30.2890142964635,32.7365217391304,25.1569134078212,26.0987375415282,29.3780354706685,27.8561507936508,36.0926753569212,51.2517701683111,54.7745987825124,51.1454399141631,49.6209139784946,44.2421883505716,36.4933102081269,39.112915301825,39.7257727272727,37.0618720480893,35.4884615384615,45.9784379061075,39.9778528042486,38.2575757575758,37.1929824561403,36.038961038961
Marshall Islands,MHL,Fuel exports (% of merchandise exports),TX.VAL.FUEL.ZS.UN,..,..,..,..,..,..,..,..,..,..,..,..,..,..,..,..,..,..,..,..,..,..,..,..,..,..,..,..,..,..,..,..,..,..,..,..
Marshall Islands,MHL,Ores and metals exports (% of merchandise exports),TX.VAL.MMTL.ZS.UN,..,..,..,..,..,..,..,..,..,..,..,..,..,..,..,..,..,..,..,..,..,..,..,..,..,..,..,..,..,..,..,..,..,..,..,..
Mauritania,MRT,Exports of goods and services (% of GDP),NE.EXP.GNFS.ZS,36.1799681205032,27.5406319159128,22.3719635407048,25.3609346029927,34.6996283091059,41.4864632067243,39.1634134688576,33.3920540663832,24.4591685594583,22.5691860382982,25.5171157140843,25.536995080516,24.7736084028423,19.1247721754728,23.2692575686957,26.7532470536875,42.3641033273967,40.5231617982886,41.6028504784511,37.2457483029123,45.7393481127116,50.1828096997874,48.2613552096143,45.5485992122422,37.3892007219428,30.1951447553349,33.9251405488546,34.5056775300947,36.5862504012937,42.3975240406607,41.406104283545,39.8560232643025,39.737807822992,38.4070908149798,41.4108312054046,39.8529382759178
Mauritania,MRT,Fuel exports (% of merchandise exports),TX.VAL.FUEL.ZS.UN,..,..,..,..,..,..,..,..,..,..,..,..,..,..,..,..,..,25.0244060870066,20.0629304074443,15.7158937808407,14.4296063553899,4.38706517156351,13.153296159352,2.54249598571643,2.78774056131248,4.36087402426154,..,..,..,..,0.336546338455087,0.314621738979646,0.623249770541956,0.479637265150761,0.520317315307166,..
Mauritania,MRT,Ores and metals exports (% of merchandise exports),TX.VAL.MMTL.ZS.UN,..,..,..,..,..,..,..,..,..,..,45.7235524326876,58.9401317812245,61.9119267419632,57.9052255149375,59.8267494727192,68.5813777817114,..,53.8583464092032,55.4904530517892,11.3512173171589,35.3547808620966,7.61434261921362,51.2249230139277,64.2633912019786,50.5502707437565,40.9750242282128,42.4373225770653,41.0389802400417,35.9743053189711,48.4936351346802,42.4009407093743,62.9785687040529,39.470645411406,38.0527188819004,33.7483319050619,..
Mauritius,MUS,Exports of goods and services (% of GDP),NE.EXP.GNFS.ZS,64.0939278515127,61.4775475516451,58.516720972605,57.4687726189169,55.9691838666991,57.8783069273876,62.7408194898385,60.6455660412332,64.811113439,62.9550301414524,60.2825628484701,67.0837948469199,60.7898676078676,55.2631863215924,52.6147202557885,58.2403213454801,57.3596143564728,54.7866881688902,50.1358606066705,46.6863227859003,50.28130093276,51.4751506473361,52.7836292506771,64.2358136939797,64.816272933487,64.5652688880706,61.0475220099155,60.344208720622,58.5675023395557,60.3459360407147,55.3610157089461,60.7673543178385,67.0292948520561,69.0411453509364,67.1108899609862,65.0363961733561
Mauritius,MUS,Fuel exports (% of merchandise exports),TX.VAL.FUEL.ZS.UN,1.37347534645395,1.72344947580554,1.91801198590027,0.0035119229385013,0.0123795866027861,0.00738023345525476,7.54398361351665E-05,0.0327907773068372,0.0501675946065454,0.00137640560582419,0.00818211310058302,0.00493768634250879,0.0401835330744191,0.0401834991377736,0.0849911900389667,0.000652755918896807,0.0939486512849547,0.131813370424682,0.028596488416849,0.0257222239793185,0.000490474417017497,0.000141832407252276,0.000161439325038509,0.000538922695063748,0.00089030997636197,0.000507291574020001,0.000369375190893628,1.55680273942026,1.10012600197178,0.934537095576486,0.290320929028787,0.000286817521553408,0.00265203187452514,0.0019451184109659,0.000627714235244367,..
Mauritius,MUS,Ores and metals exports (% of merchandise exports),TX.VAL.MMTL.ZS.UN,0.213152214471625,0.0929497473435754,0.0619448505013957,0.098597766459817,0.148838271664607,0.188291286568836,0.209413982505528,0.449677447404764,0.422164051612987,0.435929338904893,0.232152432391393,0.206718357696323,0.215656410297194,0.215656475142303,0.362424391879673,0.462901773398235,0.781936099464793,0.727020678284967,0.849435362047844,0.651406016254335,0.355998519905526,0.725063019175926,0.866348554664539,0.655070066127879,0.598448366342473,0.444337519393904,0.324032041173332,0.373356537430083,0.665568678139165,1.02397400870357,2.1325117880145,3.60745133316616,3.71676048721141,2.71357901381266,2.28264807314074,..
Mexico,MEX,Exports of goods and services (% of GDP),NE.EXP.GNFS.ZS,18.7044710491717,16.4333900336044,15.256744442975,11.59598468968,12.7545957125272,22.8659269211958,24.7231319521416,23.2555721469271,23.221749395164,23.4168592490374,24.2311734681303,21.5412102050357,21.8517619236376,23.6555935033272,25.1033560080055,25.4870738310602,26.5547481705759,26.7810613301488,27.02006122825,26.5132697253683,29.0174601175767,30.4429662274867,31.5394503933211,30.7558005807208,31.4629921982533,34.1627726891004,36.8156772514808,37.514088621552,39.0439304387032,38.5296507889335,39.2353720952982,40.5691931964594,42.9322902148243,36.1479343675069,37.2836162309013,39.6453397926899
Mexico,MEX,Fuel exports (% of merchandise exports),TX.VAL.FUEL.ZS.UN,37.458271809631,30.0129083072199,17.5795281683497,14.0348755982002,11.8490766642125,10.2531586675514,11.9579717263851,10.0272314429789,5.94667652263918,7.13956980803485,9.66529118455076,7.97372448127892,8.89924432899715,11.2326729646685,12.3851888996988,14.8856175708843,15.4567464150127,15.6710828967322,17.2231627311777,13.2781279220113,13.768244466265,15.9452394736811,14.0716102135622,12.8121829522689,10.4122287602677,5.89078579129835,4.82276713809655,5.50774530391262,6.5678211804808,5.32160515060597,3.84267437174223,5.5701378045074,6.4977788316006,5.44687500653683,4.49492353677104,2.99248712882047
Mexico,MEX,Ores and metals exports (% of merchandise exports),TX.VAL.MMTL.ZS.UN,5.66775706205554,4.7585060648645,2.83136104592302,2.53530907057677,2.34053877470508,2.87546156701292,2.02662481554096,1.88300711665126,1.7518657816927,1.45461516317471,1.33083303993083,1.25388131337708,1.15409992527956,1.2113452610816,1.63807528761798,1.82472689148914,2.37000075410409,2.73047590101559,2.6338838036573,2.48075392025362,2.92419977770177,3.89167761244504,3.71577528064262,3.04389770048601,2.28162965878083,1.99392018198418,2.16352470294929,2.23108008587638,2.31464690168355,2.22337036962658,2.85135208518446,2.49514955203276,2.12395342069418,2.05900174904773,2.07437256506146,2.35532371656973
"Micronesia, Fed. Sts.",FSM,Exports of goods and services (% of GDP),NE.EXP.GNFS.ZS,..,..,..,..,..,18.1876051470923,18.4718258476259,18.1020092251753,18.935842594192,16.5746695770559,18.2913445357657,19.4595573289135,18.5142873493137,19.0911056613844,15.7087112445927,17.0040485829959,18.4,22.9249011857708,23.3716475095785,22.0216606498195,23.972602739726,25,30.2469135802469,30.5732484076433,32.5949367088608,28.525641025641,28.1345565749235,31.3019390581717,38.0710659898477,35.4430379746835,22.7941497875987,19.6628259464523,28.8994441432748,22.1231146817116,22.4475615608787,22.1204724773494
"Micronesia, Fed. Sts.",FSM,Fuel exports (% of merchandise exports),TX.VAL.FUEL.ZS.UN,..,..,..,..,..,..,..,..,..,..,..,..,..,..,..,..,..,..,..,..,..,..,..,..,..,..,..,..,..,..,..,..,..,..,..,..
"Micronesia, Fed. Sts.",FSM,Ores and metals exports (% of merchandise exports),TX.VAL.MMTL.ZS.UN,..,..,..,..,..,..,..,..,..,..,..,..,0.0865723285421946,0.00933739176658454,0.00881978809084367,0.00610731233203447,0.0994806183713445,0.104159203045898,0.0745408223063434,0.0699183579798093,0.0461107059779969,0.0403610067217837,0.0174361883631739,0.0500191137746941,..,..,..,..,..,..,..,..,..,..,..,..
"Middle East, North Africa, Afghanistan & Pakistan",MEA,Exports of goods and services (% of GDP),NE.EXP.GNFS.ZS,25.3180362369357,28.716946133143,29.4419144829836,30.5396340665766,31.3904038521259,31.0422292262786,31.1997258358245,31.8388235252533,27.3724095676136,31.7265839854735,36.3200403928673,32.8671865437931,34.596146674416,37.0598086525437,40.9098890849335,45.5060280411562,46.93158867051,46.4466109789822,48.5780509027674,39.2776245024761,41.559413674739,44.6061875132486,45.354176582002,45.0471475897258,41.9654972425374,34.8878321193938,32.4760914618502,35.3206364624856,38.797670327705,36.8661402185697,31.6504037455395,36.1084824365791,42.0653200419234,41.1172763623396,..,..
"Middle East, North Africa, Afghanistan & Pakistan",MEA,Fuel exports (% of merchandise exports),TX.VAL.FUEL.ZS.UN,..,45.4616031219001,48.0965466990934,46.9074535838625,..,..,..,..,..,75.6314424245256,77.6853427813442,77.164106238643,64.9154736639178,62.0132893593368,65.9066577529709,66.1790115440623,69.82210175779,69.3540923237016,68.8934348194942,59.6241070694754,64.0096164130225,64.983011795793,60.3768282891241,65.3064318059333,62.7883407102928,55.3618694954447,54.4573299748132,54.3004917474159,63.4584567675222,64.1251612547897,62.0253143175457,64.2615076280538,63.7253140493412,66.461848117115,..,..
"Middle East, North Africa, Afghanistan & Pakistan",MEA,Ores and metals exports (% of merchandise exports),TX.VAL.MMTL.ZS.UN,..,30.8069313484184,25.7085631055564,20.6189180027907,..,..,..,..,..,2.18826114291006,1.93314833592968,2.14755190094617,1.59482316739424,1.50847258113616,1.25155410867769,1.78856544550952,1.43325418888613,1.28053343041801,1.57323983232284,1.35593620128367,1.61523917761479,1.71653950760165,2.1125503993735,2.06420816402822,2.38813165929224,3.23314710944482,3.37722643259076,3.59784796578801,3.71753531965566,3.29848992930358,3.56669764106787,4.28118427056269,4.15722115771713,3.90663745180199,..,..
"Middle East, North Africa, Afghanistan & Pakistan (excluding high income)",MNA,Exports of goods and services (% of GDP),NE.EXP.GNFS.ZS,16.6573150928052,21.8733457071084,21.3870771306947,23.9129707577594,25.4961830290127,23.8015291636738,23.0587640995017,24.4124870592216,21.6192409527452,25.3270922491386,27.7060670450521,25.0773241050182,27.434603512603,27.9403577007414,30.3021892182365,33.8375392996926,34.6862331958224,34.0807760687998,35.268922266644,27.5561141044274,28.8949872241684,27.883865150426,27.2727087995951,26.72855912715,23.5152726186265,19.1432797244381,17.715328889446,20.6836944234455,24.934515437188,22.7369142649176,17.3457904977852,21.4901764682146,26.5491843764961,26.0088232186342,24.5614624088848,25.2126490539461
"Middle East, North Africa, Afghanistan & Pakistan (excluding high income)",MNA,Fuel exports (% of merchandise exports),TX.VAL.FUEL.ZS.UN,..,..,..,..,..,..,..,53.701648406809,50.037429162301,52.8277275840265,64.1369614068141,62.7096545838281,57.9315871527419,51.7167618795185,61.5501661458321,63.8467768776797,64.6757704878668,60.0184938587769,59.2798858481967,57.1352709890311,60.9140022448772,59.3775565844827,55.2600950998508,59.557860228861,57.6533153202798,52.9205061783177,56.9447092833467,46.9866322543892,..,..,..,..,..,..,..,..
"Middle East, North Africa, Afghanistan & Pakistan (excluding high income)",MNA,Ores and metals exports (% of merchandise exports),TX.VAL.MMTL.ZS.UN,..,..,..,..,..,..,..,3.93014813660857,3.45596123085961,3.25115074244384,2.2711155242515,2.19813152253027,2.08868731982611,2.48088432109665,2.02588190276703,3.97968269745502,2.45128788856675,2.40644526625826,3.61166560251571,2.53798675613478,2.95371313343079,3.100950049305,3.28753916170006,2.89566863585148,3.25734409445105,3.30274925814826,2.98662382201945,3.21032935135244,..,..,..,..,..,..,..,..
"Middle East, North Africa, Afghanistan & Pakistan (IDA & IBRD)",TMN,Exports of goods and services (% of GDP),NE.EXP.GNFS.ZS,16.716306743284,21.9508098576973,21.4628191678615,23.9976582121896,25.5864774077533,23.8592101039674,23.1158350986409,24.473389703019,21.6522317037759,25.3948303929722,27.7635343532178,25.1482145756958,27.5275939408973,28.0404604424265,30.4157371440374,33.9618729662219,34.8051053675864,34.1624677067648,35.3719094671087,27.637805204467,28.9877314200404,27.957156427357,27.3477885300885,26.8096153408054,23.5735395212936,19.1681101242673,17.7441275634849,20.7271542114551,25.0143071465234,22.8055618008362,17.3639640923307,21.5289813677932,26.6222796323793,26.0906271693531,24.5817273298187,25.2430320910544
"Middle East, North Africa, Afghanistan & Pakistan (IDA & IBRD)",TMN,Fuel exports (% of merchandise exports),TX.VAL.FUEL.ZS.UN,..,..,..,..,..,..,..,53.701648406809,50.0374291623009,52.8277275840265,64.6362714102019,63.1929990276764,58.3737834396028,52.2231027453075,62.0219627348285,64.3386457008452,65.175538366505,60.6235478162975,59.8748121503277,57.7083448565002,61.3674849068662,59.8433809943,55.8558528366874,60.0239577817402,58.1047709196825,53.334066980352,57.374889219988,47.4389862628251,..,..,..,..,..,..,..,..
"Middle East, North Africa, Afghanistan & Pakistan (IDA & IBRD)",TMN,Ores and metals exports (% of merchandise exports),TX.VAL.MMTL.ZS.UN,..,..,..,..,..,..,..,3.93014813660857,3.45596123085961,3.25115074244384,2.26885287049351,2.18915754019485,2.07639549255511,2.47620513461436,2.02760547345557,3.99894600669605,2.42917468192587,2.33585267528258,3.52142752708881,2.49081600500011,2.88287098579155,2.99273424646245,3.16903759827064,2.818925738471,3.18942881345348,3.25165358890746,2.95594484575266,3.15770313466939,..,..,..,..,..,..,..,..
Middle income,MIC,Exports of goods and services (% of GDP),NE.EXP.GNFS.ZS,17.5096603828891,18.3116059361376,18.8017319461232,18.3982836538961,19.2147618996652,19.8371490913518,19.7507313026952,20.4002088746705,19.9796855282862,22.0806794142885,24.1765454865088,23.6318165345527,25.4786525831065,27.0622552289638,29.3005666424982,30.2727688710833,31.1078098780306,30.6096495093006,30.6247372331436,25.1453162647896,26.3261900255183,27.2226958886083,26.7217046061504,25.9120053879602,24.9882274719243,23.1863382287114,22.0792675800189,22.6673641442123,23.4943573314321,22.566848535676,21.5635510428305,23.6917545794657,25.5262812502787,24.1307437886295,24.8030743669604,25.308821790288
Middle income,MIC,Fuel exports (% of merchandise exports),TX.VAL.FUEL.ZS.UN,..,..,8.8827350946269,7.83423970637795,6.86053591989061,6.93858012601818,8.7559220544761,9.87901112743915,8.40635225163205,9.19878499514767,11.9610148780304,11.6333800689817,11.0638244129204,10.6854206378304,11.1512327530015,12.1431424819353,13.259133713181,12.2802565314236,13.8676062538279,12.4237799271993,13.5139329201762,13.868767295502,13.1086649754467,13.8297687653446,12.6763157534576,10.3096047640694,9.87933010501232,9.79535789556629,10.0367748952722,9.24204710967554,7.34084571516638,8.46012389968413,10.3890104485847,9.09393669511249,8.22655889984463,..
Middle income,MIC,Ores and metals exports (% of merchandise exports),TX.VAL.MMTL.ZS.UN,..,..,3.27890151782267,3.04873518592963,2.9950028908425,3.69992885351684,3.42732928563466,3.38353695594542,3.35747195849865,3.40636638203308,3.06612495530788,3.20824415999137,2.95678729176042,3.02858590224353,3.52582710950787,3.78899036237919,4.28524369048832,4.30619943285365,3.95125452291715,3.54016618690069,4.16270026892547,4.20850226322392,3.73827542309696,3.71104140609848,3.56683189301543,3.40707977888198,3.38993412042921,3.66154676936057,3.70149019844417,3.87392238813178,4.07863061822258,4.68832433659926,4.14275478697877,4.0394737706939,4.19708228707452,..
Moldova,MDA,Exports of goods and services (% of GDP),NE.EXP.GNFS.ZS,..,..,..,..,..,60.1260240612434,55.3282551648836,53.2001155100244,45.0195365920155,52.3183763996002,49.6001138108804,50.0550428204431,52.4638965185895,53.3131901951555,51.1939123376623,51.1635849357272,45.256336863744,45.5804735167509,40.8187486093894,36.8721225187512,27.8296130640861,32.5404575697943,31.1328505372467,32.0926131660285,31.5279635595633,31.8069217883307,32.8664989349745,32.5328465977446,30.6963699430194,31.1910849579769,27.9143362637536,30.6487877126898,41.2264594544499,35.1125857861262,31.5677994316927,31.7519320468579
Moldova,MDA,Fuel exports (% of merchandise exports),TX.VAL.FUEL.ZS.UN,..,..,..,..,2.52679088845481,0.874796691513729,0.00555187219967975,..,0.00202821521793324,0.0273905978435647,0.0904257523649786,0.0186294281859855,0.0237840533804297,0.595899462731542,1.60356015061864,0.193435475448262,0.324050217151906,0.238023798249035,0.284927103422403,0.353821508158087,0.335665843311511,0.68502128700707,0.310258427322649,0.19312870034219,0.253826139073276,0.132510817158309,0.0593215893309068,0.0589373532158867,0.0472646433145928,0.0159962974276266,0.0658157051824005,0.084563556459401,0.838479793482883,1.63810410209545,2.38321762869108,..
Moldova,MDA,Ores and metals exports (% of merchandise exports),TX.VAL.MMTL.ZS.UN,..,..,..,..,1.19621733913029,2.97331189947997,0.658998505075369,0.818110124016639,0.684069201730758,2.66391847395795,1.45654637215288,1.24402175376059,2.24992159753649,2.80388501473551,2.33510790735056,3.01805200925169,4.98885136775403,8.85054915139805,8.0099261849396,2.08751047533606,4.08749205259118,5.95287591100589,3.34348156038613,4.10880002281716,2.31089245704511,1.72711456511776,1.26264239762192,1.42442037974781,1.35269523704838,1.16483916128771,1.75455207746927,3.80559688805376,2.49722737438562,1.90626156763818,2.30971292114317,..
Monaco,MCO,Exports of goods and services (% of GDP),NE.EXP.GNFS.ZS,..,..,..,..,..,..,..,..,..,..,..,..,..,..,..,..,..,..,..,..,..,..,..,..,..,..,..,..,..,..,..,..,..,..,..,..
Monaco,MCO,Fuel exports (% of merchandise exports),TX.VAL.FUEL.ZS.UN,..,..,..,..,..,..,..,..,..,..,..,..,..,..,..,..,..,..,..,..,..,..,..,..,..,..,..,..,..,..,..,..,..,..,..,..
Monaco,MCO,Ores and metals exports (% of merchandise exports),TX.VAL.MMTL.ZS.UN,..,..,..,..,..,..,..,..,..,..,..,..,..,..,..,..,..,..,..,..,..,..,..,..,..,..,..,..,..,..,..,..,..,..,..,..
Mongolia,MNG,Exports of goods and services (% of GDP),NE.EXP.GNFS.ZS,18.274701678859,54.0684598429743,28.9329932510884,59.3321899354297,44.6306935081674,40.5413721251054,35.5243256394436,52.6663450827481,47.8435145126418,50.1584406154075,53.9967514658612,50.3183409920047,50.7266159784407,52.3520495329451,60.7877749189501,58.7693837934602,59.443265077556,59.6144484321482,54.0170359170312,50.2779993278591,46.6789825837072,52.5535550456296,43.572151194252,38.8902374819196,52.2489986942277,44.1840502346828,50.872194055814,59.1666792670253,58.1647822769264,59.2172331806539,57.6603497340995,58.5488639540916,65.0613511558615,76.2571171270924,68.7165627140568,68.0690875802365
Mongolia,MNG,Fuel exports (% of merchandise exports),TX.VAL.FUEL.ZS.UN,..,..,..,..,..,..,0.0294277036190051,0.0564053520173504,0.216073577358136,0.369019202445975,0.421898129953086,0.73354422821076,0.714758877370137,2.25359678877231,2.99444650595482,3.77821429287134,4.56321775978835,9.01491232499679,..,..,..,..,..,38.6504020917416,25.9095084252338,20.6125684700568,26.7728424510213,42.8047609310714,45.785866315202,45.7377501391482,30.1134721065071,33.0756927527797,53.8808530762002,61.1123302589933,..,..
Mongolia,MNG,Ores and metals exports (% of merchandise exports),TX.VAL.MMTL.ZS.UN,..,..,..,..,..,..,59.8910685651447,59.6657409885764,47.5592239630309,42.2243978442453,35.5540123396456,33.9628085015687,35.968627173726,33.2836542198608,39.8719187634697,39.8484073517289,54.7060161699379,61.1985671211292,..,..,..,..,..,43.6262686220198,57.8127429502267,61.0710138062835,45.8214514736479,38.5693760214141,42.0160927024391,38.882707655427,40.085425006193,49.359351617341,30.9025030911564,26.2663019687269,..,..
Montenegro,MNE,Exports of goods and services (% of GDP),NE.EXP.GNFS.ZS,..,..,..,..,..,..,..,..,..,..,36.8149918504193,38.4234543783926,35.3561171254814,30.6112461989977,42.02204717619,43.549124680302,40.6242634265822,43.035769995382,39.5616381600494,34.4691900810648,36.7147715569435,42.4416792045641,42.2205079066417,41.7506908645144,40.2683210854472,42.7283879053238,40.781995907006,41.5011019410718,43.4585672370744,44.3238379207013,26.2522009723037,43.1193682105877,51.3449416638117,49.229023063194,43.7470829634338,40.0626882380633
Montenegro,MNE,Fuel exports (% of merchandise exports),TX.VAL.FUEL.ZS.UN,..,..,..,..,..,..,..,..,..,..,..,..,..,..,..,..,0.92548123185062,1.99543215701857,3.96298508922763,3.56507572855157,10.7555335190838,14.982587258449,13.8295391998569,29.0084899472738,14.5401879138033,14.8138663452101,16.0949312242881,12.379382961741,20.8065874914252,21.409146823304,16.6484633068611,18.5244981131668,29.9739700654918,36.6525202900443,25.2784229867546,..
Montenegro,MNE,Ores and metals exports (% of merchandise exports),TX.VAL.MMTL.ZS.UN,..,..,..,..,..,..,..,..,..,..,..,..,..,..,..,..,67.5652170808233,68.3021237581418,62.1106195693911,52.2114432308468,49.9867649311587,52.9193977737204,44.1278838060498,30.8965152222355,31.9676096020072,31.3732474514126,31.9442552043276,37.7613784966757,31.2139381270913,27.9162126056811,29.1019535342757,32.6450902392881,30.7491925119269,16.4553023665982,16.4157801794885,..
Morocco,MAR,Exports of goods and services (% of GDP),NE.EXP.GNFS.ZS,24.5593205075626,22.3187677496636,22.1721546193877,22.06075149691,20.9385014625219,22.6732200383806,21.8359749586865,23.9241178671875,21.0424357067532,22.6346692831278,24.1968278897887,25.3955453600676,25.9443798115524,24.676486583266,25.3492055058078,27.9958996339897,29.6289667970785,31.4277738089785,32.4722234084439,25.7171775388093,29.7889486802284,31.9544842646976,32.0970961451136,30.2532656391617,30.1329866374292,29.9958538899695,30.7345951424219,32.6064609907781,33.8284373726717,34.093057468891,30.7941069539783,33.1360849405787,44.7116282313453,42.4176033594569,41.9985232956684,41.9692139163022
Morocco,MAR,Fuel exports (% of merchandise exports),TX.VAL.FUEL.ZS.UN,..,..,..,2.66060217520122,2.08116706472868,2.20174647376455,1.62676520975914,1.94386329121883,1.46034979475327,2.70323984603658,3.65699503641464,4.22420824882811,3.66191427532414,2.61513516503521,4.49350581169632,5.0537343655877,3.76178277627632,3.71752760896919,4.18663978615364,3.58160008168939,3.31051983251718,4.34145432822333,5.76450248609948,7.21783053567622,5.06512046366423,1.93131182632741,0.851631730088442,0.915717103285065,1.16507270206512,1.5096725010458,0.515055497762877,0.690786590320233,1.00965161630831,1.21428847268287,0.759031246462188,..
Morocco,MAR,Ores and metals exports (% of merchandise exports),TX.VAL.MMTL.ZS.UN,..,..,..,11.4363246361764,12.5724692692442,11.5457550335771,12.6588480938418,15.0814548404807,10.2636585973684,9.28111840313959,8.74849637252077,8.46860474068497,8.16544858736886,7.06029662997887,8.19270869376801,8.73465911920544,9.30186827180076,10.2574168739394,15.4520646395586,8.36651286024193,11.5598510305131,13.1676881924562,12.0817038190653,9.08869186543583,7.83879227001786,8.16155226057383,6.41215376931413,7.03658640570464,6.17363219492484,5.43234682174159,5.49442002494985,5.89803620420549,5.85006591806819,4.40788917871175,3.15160489702946,..
Mozambique,MOZ,Exports of goods and services (% of GDP),NE.EXP.GNFS.ZS,..,7.99942390756827,9.15149242640735,8.24062733814367,10.5130414490251,11.3629850955478,11.8530098126603,10.7290915518166,9.93770455696389,8.88401717701669,11.2856851913847,18.7397822798285,21.4699466720227,22.8118539424611,26.3746134140712,27.8677637269046,28.0396818491761,28.3208398689763,27.3462655617765,27.9834214693156,29.3682327373567,31.3789002672832,30.0174391521977,27.9938072708211,32.7890372970921,32.5722935328402,35.3819373953665,41.043463320554,45.5310358403147,37.1420563608323,32.7898734687844,40.3504985242732,49.8250852205079,45.6002906309861,42.822299687441,41.3814750416072
Mozambique,MOZ,Fuel exports (% of merchandise exports),TX.VAL.FUEL.ZS.UN,..,..,..,..,9.00553126353086,2.0367767291087,1.19335648096955,0.574072201050605,..,25.1558681048893,20.9936116957265,8.24417224300499,13.3385853092917,13.0197593239368,12.4214437884527,14.9128661991674,14.6620455439789,15.4818802550736,10.8435592127921,17.4275034733367,19.6535941900502,16.2781018823468,27.8069556417501,33.4629142605243,30.0376104079026,31.0071856421793,27.8780163383368,51.1579324800007,39.4919610313499,41.7750444782821,36.8617331036982,41.1381955498654,50.7186898345651,57.6135156555006,58.9003236000415,..
Mozambique,MOZ,Ores and metals exports (% of merchandise exports),TX.VAL.MMTL.ZS.UN,..,..,..,..,1.76183245211219,2.30012335408359,3.95868810403167,2.26262997971364,..,1.65775920871146,17.3045831707706,54.8850522217756,45.0710523770754,54.8763997123292,61.5258863677345,59.4119247777805,59.89562468604,63.9600174907897,57.1767016900715,3.89577007455685,54.4350322992141,50.6164892492421,38.9540091086089,31.0274419767266,34.424834860925,38.1666974909423,32.537015600755,30.2596151140669,27.2619529507557,30.5783345210747,34.9241235099286,34.7879108669746,30.4675661590987,23.2868932752681,23.2777710502032,..
Myanmar,MMR,Exports of goods and services (% of GDP),NE.EXP.GNFS.ZS,..,..,..,..,..,..,..,..,..,..,..,..,..,..,..,..,..,..,..,..,..,..,..,..,..,..,..,..,..,..,..,..,..,..,..,..
Myanmar,MMR,Fuel exports (% of merchandise exports),TX.VAL.FUEL.ZS.UN,..,..,0.297097379381239,..,..,..,..,..,..,..,..,..,..,..,..,..,..,..,..,..,35.1816309091515,35.9097187513172,24.3583262702265,33.6174411817329,42.7838695243051,44.5178108638091,28.1623538928698,26.6678823089386,21.6446810949072,24.6715993904913,20.299108694666,21.220208753714,23.4942446170029,24.2241759769846,21.9570193842403,..
Myanmar,MMR,Ores and metals exports (% of merchandise exports),TX.VAL.MMTL.ZS.UN,..,..,1.06275326226287,..,..,..,..,..,..,..,..,..,..,..,..,..,..,..,..,..,0.714114529020115,0.772259417745363,1.24709767158348,1.13070721638158,1.72778717166188,2.24793834601003,2.53534311966461,4.0196903922581,5.56324179550988,5.16875976838706,6.3905243432933,3.10175654811143,1.2515222317234,1.40135875616036,2.43179309201462,..
Namibia,NAM,Exports of goods and services (% of GDP),NE.EXP.GNFS.ZS,43.5604724156247,43.9971077302683,43.014892306127,46.6036118460817,44.1055786915466,44.6887659984029,45.404651214968,42.6459852331416,41.3699484261637,41.4303745101477,40.736150559887,41.0559430255954,46.1689000685777,43.4294440838332,39.797940206821,40.4085763351911,45.3668335484121,49.8552010266907,53.6534356342124,51.5631748119652,48.2819544785637,45.5397819208328,40.058338011922,37.5019849152538,39.017085209178,35.3708484097637,35.0094674181023,33.6208040771432,35.8825645595703,36.4008818615818,33.6778689517423,31.9564108832988,40.4584718299625,43.2846167726677,41.0651913141848,44.6767598538623
Namibia,NAM,Fuel exports (% of merchandise exports),TX.VAL.FUEL.ZS.UN,..,..,..,..,..,..,..,..,..,..,2.07032021565297,0.668613648345601,0.664641934763584,0.993442611073116,0.50311393659037,0.413471474512171,0.458348069521536,0.410976169146749,0.444634545115881,0.817470145591871,1.27056274952211,1.29061847758195,0.953398782486897,1.23502010241051,1.45563559780561,2.64040078009281,1.32229917356492,0.438934632215075,0.578722935645166,1.31156036060222,1.14674893543043,1.45482887043634,3.60034377014636,1.6576098963801,1.28285602218848,..
Namibia,NAM,Ores and metals exports (% of merchandise exports),TX.VAL.MMTL.ZS.UN,..,..,..,..,..,..,..,..,..,..,10.8735905396762,9.22183315752496,10.6573429449743,7.20776304354371,19.466650862059,14.5929364315082,25.6759432318379,34.5158930034676,30.9247117272254,26.3993027720677,27.2440537959122,27.0724156333109,28.5258009515605,27.0692376564231,24.4448866918562,26.2402867219328,20.6938330168728,19.8156734654732,28.2843145094375,32.4864115651513,31.1750030209145,27.4732735217223,26.518437687903,24.9383252013053,32.2873344750115,..
Naoero,NRU,Exports of goods and services (% of GDP),NE.EXP.GNFS.ZS,..,..,..,..,..,..,..,..,..,..,..,..,..,..,..,..,..,..,90.4761904761905,83.3333333333333,51.8518518518518,62.1212121212121,68.3673469387755,101.086956521739,99.0740740740741,71.5686274509804,72.3880597014925,60,54.7115976331361,60.3950285714286,43.5836021505376,36.21115,45.3823293172691,40.8333333333333,53.515625,61.7647058823529
Naoero,NRU,Fuel exports (% of merchandise exports),TX.VAL.FUEL.ZS.UN,..,..,..,..,..,..,..,..,..,..,..,..,..,..,..,..,..,..,..,..,..,..,..,..,..,..,..,..,..,..,..,..,..,..,..,..
Naoero,NRU,Ores and metals exports (% of merchandise exports),TX.VAL.MMTL.ZS.UN,..,..,..,..,..,..,..,..,..,..,..,..,..,..,..,..,..,..,..,..,..,..,..,..,..,..,..,..,..,..,..,..,..,..,..,..
Nepal,NPL,Exports of goods and services (% of GDP),NE.EXP.GNFS.ZS,10.5273091204456,11.4907512863386,15.9597261292976,18.4329641055999,18.9939379340801,24.9731589825482,22.8175751366943,26.3278350735973,22.8220512223903,22.8484720906571,23.2840037102623,22.5607737189466,17.7371295242283,15.6998644945158,16.6826952635217,14.5836867929394,13.4465909577363,12.8556648764061,12.7758202580003,12.4193541858921,9.58253617198229,7.80613567968357,8.75029128721577,9.2946586776145,10.124042118155,10.2145885930146,8.17957803966234,7.8121886555374,7.81564102219889,7.77993647445109,6.80529835537229,5.11917148482606,6.7023908652401,7.00596728086136,7.55423347172655,8.82763359925247
Nepal,NPL,Fuel exports (% of merchandise exports),TX.VAL.FUEL.ZS.UN,..,..,..,..,0.0155636587344661,..,..,..,..,0.00216214322500584,..,..,..,0.00357579146798016,..,..,..,..,..,0.00168747349552898,4.5184108995034E-05,5.17830048737702E-06,0.0127445401569673,0.00317309696043804,0.00427691971404587,0.00156426563766798,..,0.00266232718899826,0.015293107300744,..,..,6.66375384580768E-06,0.000422001355639369,..,..,..
Nepal,NPL,Ores and metals exports (% of merchandise exports),TX.VAL.MMTL.ZS.UN,..,..,..,..,0.182672321702601,..,..,..,0.140452888199784,1.50653928545576,0.234551367937404,..,..,4.29431059801483,..,..,..,..,..,5.46515419094088,3.96000669177798,4.28805048306195,4.12327922492228,3.21910941485056,3.8595362414148,2.00684420671161,1.57482692787798,1.74772512234926,2.34037873822339,1.5495550282837,0.895210140513274,0.96321770268593,1.44460468329415,..,..,..
Netherlands,NLD,Exports of goods and services (% of GDP),NE.EXP.GNFS.ZS,54.8626549304423,55.5626380153824,53.8154295005776,53.0451530789049,55.1862017827787,57.6919813836234,57.7981465392412,60.7658388789699,59.6772355314445,60.2958992533494,66.4429411465509,63.3725444723061,60.1048715353519,59.2393489233853,62.5959181523516,65.5858924432585,68.1457296355057,68.7100477700614,69.6056649864348,61.6018141050156,69.2873649735157,75.1751870770854,79.5755903693531,80.3711722486241,81.3822615368973,83.9918475345943,80.9095011629118,85.1795472131327,87.0564594492635,85.3209394926528,81.2415259478997,86.4500028041052,96.4436215813729,87.4860612893795,82.4976839942829,80.6693413415314
Netherlands,NLD,Fuel exports (% of merchandise exports),TX.VAL.FUEL.ZS.UN,9.73935030216802,9.88706909771208,8.57961197928558,8.93855874475238,7.56605849425378,7.0933971440154,8.19872943253443,7.22293748665819,6.40444727500702,6.67491743715364,8.35783406616944,6.19108728360142,5.58955834121391,5.65504410523909,5.86902375832662,7.50882922214862,8.62717139534594,8.87017479681396,10.7064144762756,8.24328756332864,10.1638647320306,12.7907635823148,14.4575331430104,14.4300357273789,12.5669371261896,10.2507452834652,9.14899567222457,10.2776722948672,10.7424825487341,10.6520866544886,7.458285978711,9.01362412065194,13.6080383440618,14.5347760829432,12.6812336694305,..
Netherlands,NLD,Ores and metals exports (% of merchandise exports),TX.VAL.MMTL.ZS.UN,2.78168506342678,2.50307310195976,2.3530543684382,2.53058546770168,2.44335732015629,2.73827060472566,2.32034127047532,2.35442028729867,2.37997893888575,2.18774891690982,1.87380433671056,1.66429117852894,1.72917054238921,1.98321794163608,2.21740941107599,2.25393522835657,2.86762998131529,2.92189856920429,2.34974708894427,1.90001527292617,2.3695600729325,2.83195484176319,2.55236345901496,2.28351003564609,2.48091417395346,2.46167603215343,2.27817186258673,2.39672769835099,2.47908378428291,2.33062444278619,2.20823001994933,2.81345984335787,2.62242932433025,2.38352350050341,2.34432343327845,..
New Caledonia,NCL,Exports of goods and services (% of GDP),NE.EXP.GNFS.ZS,18.4876237919829,16.9089199921216,13.7104833425977,13.1111497172908,13.5961768763712,15.5638092688604,15.3462781971239,16.4920122012602,15.7019100011629,18.433917555011,22.7808806145383,18.7087954532429,18.0560436990616,20.612272324034,21.9936875370641,21.4671958558995,23.8931284444354,27.3847247877213,18.5542331555049,15.4006566270318,20.1994749161539,20.0908245767248,17.758536514681,15.7230973660898,18.5861810873195,18.0691662889356,19.2654863869492,21.0077980936617,20.9894073,18.3293636039604,18.0451658989899,14.154621023622,15.3819770238095,16.9373546011132,11.6947134994698,..
New Caledonia,NCL,Fuel exports (% of merchandise exports),TX.VAL.FUEL.ZS.UN,..,..,..,..,..,..,..,..,..,0.802057428162315,0.883089926954797,1.12012583347969,1.21515188304097,1.20968299198208,1.06246162894908,1.36678618953362,0.442806999361754,0.00500788056337396,0.0108140183008771,0.0040061643914139,0.07563388867766,0.0102142658700865,0.016512784417616,0.0140711061210529,0.00205288658451224,0.0110083934387515,..,..,..,..,..,..,..,..,..,..
New Caledonia,NCL,Ores and metals exports (% of merchandise exports),TX.VAL.MMTL.ZS.UN,..,..,..,..,..,..,..,..,..,32.0088969748731,34.3661760797379,30.2513812431498,22.6116024589446,24.6814049197605,30.2459246145513,27.6457095821681,35.3409467820001,38.6088457472696,45.891599590392,16.765402455695,40.5339269449874,35.0389377394198,35.0286470528162,39.0209778509536,32.1609542193376,37.7519607832418,..,..,..,..,..,..,..,..,..,..
New Zealand,NZL,Exports of goods and services (% of GDP),NE.EXP.GNFS.ZS,26.7618584733406,29.1613463740835,31.1916767728346,30.6024238841265,30.7781456953642,29.3933663078266,28.3488788439284,28.3203739922721,29.6173216258214,30.9505515371504,35.7454584901409,35.4310398408851,32.8470717038637,29.8397254017245,29.5434106069527,28.2851654320382,29.6086137531685,29.2731139479196,32.0052043552236,28.6654584101329,30.197296130602,30.3648053574192,28.8101128701328,28.8080124378323,27.9659167191753,27.9457760345104,26.6311815084262,27.5921256754851,27.9040127582116,27.320284070356,21.6681005262214,22.3336966551166,24.0471843984776,23.6303100710205,24.7052588214056,..
New Zealand,NZL,Fuel exports (% of merchandise exports),TX.VAL.FUEL.ZS.UN,3.92816239803037,3.29920167862314,2.56738336378306,2.58316433044823,2.06419444721941,1.63501793498201,2.30480479832692,2.14176639024502,2.06311936462798,2.16070390202244,2.97081313473213,2.68194164437148,2.36516692704215,1.916169844061,1.94341918955725,2.51999137539208,2.81028262416811,4.55786219081734,7.11229653620869,5.00698247660389,4.94449168586533,5.48842765692453,4.93027343608697,3.7199909439371,3.22930808775386,1.89509750758523,1.4594492857246,1.67396977687253,1.8139755676727,1.45188930086342,1.09750251450979,1.18782807702254,1.6450179073457,1.37017086236698,1.11148609161885,0.920901173181989
New Zealand,NZL,Ores and metals exports (% of merchandise exports),TX.VAL.MMTL.ZS.UN,5.64768934438865,5.09685455026799,4.55787650001726,4.24559979225632,4.30918395410631,4.97525228560581,4.33670490480357,4.74513750915171,4.89666984903468,4.61720272163998,4.88864061785333,4.31065676542434,4.1279493752451,3.79453628959584,3.99377919212926,4.3204880053099,5.38990879263595,5.25124018277207,4.45123051001771,3.32761532379507,4.1672433557808,3.96696454417491,3.55947089616401,3.26836249350515,3.04246436425911,3.13507882686078,3.14488195666464,3.0287743551194,3.0180641997771,2.68523234719206,2.46221492728178,3.23397796677983,3.17983764822286,3.2657826564058,3.30880641293208,3.24759379421406
Nicaragua,NIC,Exports of goods and services (% of GDP),NE.EXP.GNFS.ZS,24.9483592559642,21.82198401817,17.2512271307452,20.42792688032,13.1398768688125,16.0950862533839,16.8473581081537,19.4195451837514,19.3344405147071,18.5302795190448,20.1081658866931,19.0419108824493,18.8471358845682,20.704998914845,23.0598557398256,24.3821308946094,31.2666288650856,33.0635730423674,34.4704620011048,33.9814942096139,40.4671151559929,45.0169781525763,47.4691755587782,45.2142694902064,45.008072249634,40.0837782888412,38.8820263906579,41.338969262606,42.2771474372665,44.8044297851925,41.7461005411755,46.4042462306705,49.895771373158,45.8658095323572,40.986351560247,41.5934723818613
Nicaragua,NIC,Fuel exports (% of merchandise exports),TX.VAL.FUEL.ZS.UN,..,..,..,1.70174944992764,1.01017562541799,0.616572998050128,0.688775102153587,0.983707955095649,0.578691644386838,0.935347900228946,1.71816232105889,1.75784983853868,1.64675180288481,1.27347438687548,1.05198721073589,1.43527628331175,0.538810471712675,0.846082875283833,0.388425165510719,0.816210626975069,1.22921221370131,0.681368284394506,1.10190700694356,0.431637900273764,0.314075268911258,0.279987065397259,0.163477050427033,0.234758388546043,0.258275782295684,0.302230563340018,0.437239912588308,0.599657917570942,0.8168503728216,0.63621248699764,0.738619250103537,..
Nicaragua,NIC,Ores and metals exports (% of merchandise exports),TX.VAL.MMTL.ZS.UN,..,..,..,5.262085890543,0.797000884607161,0.842658169166074,0.850383621253763,1.06190481899556,0.527418263011501,0.405017458719205,0.364759811641619,0.466635562626908,0.551183282742895,0.65376741232376,0.883286074457994,0.999479447891217,2.06013627773525,2.18604355854271,1.23420751891551,1.18197532820163,1.75670058622749,1.73255084269771,0.882055499437503,0.869107131459725,0.811310553411476,0.77721391549123,0.734210848308071,0.730802106374299,0.948880495617114,0.697279499253811,0.766253218196019,1.1082286483178,0.862075378592764,0.934234123515587,1.12278358190894,..
Niger,NER,Exports of goods and services (% of GDP),NE.EXP.GNFS.ZS,15.0686349657165,12.017960053768,11.7816643385979,10.9092633875634,13.1410318962769,14.5380524628733,15.2959244617616,13.5378881783139,13.9700549614385,12.6556555877235,14.3397037015635,13.4558135151968,11.9188080478994,13.2742280973529,14.2585696095611,14.411416011146,13.8704426231817,13.0665385476229,13.1805095968022,14.977850620897,16.1844145982019,15.2895554371407,16.1005770719535,16.9790336020885,15.945862927875,14.2683699619368,12.2341330494238,13.1677111332678,11.9781964521768,11.9560620288967,10.3814142666001,11.0621894157621,10.1455281678398,8.25116486718739,8.99782940205197,15.7618372545511
Niger,NER,Fuel exports (% of merchandise exports),TX.VAL.FUEL.ZS.UN,..,..,..,..,..,0.0193376871184809,0.00015434614730999,0.000972122061994855,0.0267499871715256,0.0143156323381326,1.63998403949572,2.08210495232434,1.38278877027936,1.45476090691616,2.26423521417612,2.12115926909511,1.990173881654,2.33481800303613,1.52450199726818,1.15100863832224,1.56427774932404,1.1073911463664,18.2797186370485,30.2015688488722,27.0318711888367,18.7837682118598,23.1922765559026,30.1595141410696,26.184088451235,31.4828722853421,25.9228946625832,32.8874566845561,28.80943031356,18.4030980615375,87.9926998279359,..
Niger,NER,Ores and metals exports (% of merchandise exports),TX.VAL.MMTL.ZS.UN,..,..,..,..,..,79.9568883452521,64.2194446984041,70.4584006787021,67.2616437235008,59.2473284577088,40.6733327252818,41.1624956488516,45.4245387152518,50.2575182155316,33.9798709322618,31.3150221527887,32.9194044453079,47.9146894604503,43.11064435735,55.5650183630841,50.3002984500295,68.904579045996,0.0709574206197524,49.345601083404,45.9055426510308,50.9043365371471,45.1943907569733,33.6473206443165,23.3315968860907,31.695630837349,36.0483403516329,25.9041815242586,32.2263338332376,43.9810702361495,0.0225744207288111,..
Nigeria,NGA,Exports of goods and services (% of GDP),NE.EXP.GNFS.ZS,..,..,..,..,..,..,..,..,..,..,..,..,..,..,..,..,..,..,..,..,..,..,..,..,..,..,..,..,..,..,..,..,..,..,..,..
Nigeria,NGA,Fuel exports (% of merchandise exports),TX.VAL.FUEL.ZS.UN,..,..,..,..,..,..,95.528583053931,96.2170542738149,96.9791654088273,98.9420606087704,99.6350330189836,99.6564978061324,94.0374634853667,97.8966781049368,..,..,98.238856362994,93.6663052169763,91.7432857907592,90.3621937439891,87.1326358652018,89.1265273360995,84.0389730913749,87.6233751860233,90.854209832539,87.8732996915055,96.4782414446309,96.031736150959,94.1137913236198,87.0392917835315,88.7002181697857,89.147069602161,90.7270761068365,91.6092141524306,88.6153186443478,..
Nigeria,NGA,Ores and metals exports (% of merchandise exports),TX.VAL.MMTL.ZS.UN,..,..,..,..,..,..,0.0134463571333213,0.0146418597282077,0.00455359705455378,0.0026758514171316,0.00870537097689142,0.0127645956911564,0.0285256210881831,0.00284400377525826,..,..,0.00574614302506904,0.404775616248185,0.331171706573541,0.198132507701918,1.08132645763685,0.316956342414508,0.43351869808324,0.628497950155988,0.369046050502819,0.336962635009992,0.171031713155767,0.137564074740535,0.309226565700945,0.300890835359539,0.301988963774128,0.896061886697277,1.01390050979922,1.17584162239168,1.22423135300286,..
North America,NAC,Exports of goods and services (% of GDP),NE.EXP.GNFS.ZS,10.7052236578958,11.003343627544,11.0999848106569,11.0860859158809,11.5944178312161,12.5251607921341,12.6702818280089,13.0508811386687,12.4589353882573,12.3994969667877,12.9775928659689,11.8274902417304,11.1561811167856,11.0656418802071,11.7890737294192,12.2137987907536,12.8130439247126,13.5750421890616,14.53082263215,12.4697240579521,13.9888445905301,15.34160612445,15.3459626921979,15.2205011315182,15.2155687440794,13.947371981991,13.3743603903154,13.6845176577742,13.8439342212928,13.3414465949147,11.5248315153878,12.4349764136617,13.3830608539001,12.6938592608069,12.532781914827,..
North America,NAC,Fuel exports (% of merchandise exports),TX.VAL.FUEL.ZS.UN,4.69530807641736,4.67885617512418,4.26542386286984,3.99309179872631,3.52707475141454,3.43945246489917,3.87393784957127,3.68948888188206,2.99841876702125,3.01744540747585,4.47327218752929,4.75785082456476,4.14611824190724,5.11328179213969,5.82650197716641,7.19032999217557,7.46787624217881,7.85415725782526,11.3407008001181,9.79549353956411,11.0736774901228,13.6780096506901,13.3996991871287,14.1080589380254,14.8249610224188,10.7046940435198,9.73257844409048,12.9632874854151,15.778626475,15.9018092763837,13.7869018570548,17.6256520816526,23.2890456486819,20.0756054763677,20.3234185685513,..
North America,NAC,Ores and metals exports (% of merchandise exports),TX.VAL.MMTL.ZS.UN,4.2051211835721,3.83604077653708,3.35005117126071,2.93554481498209,2.95217139153398,3.49469076439341,3.02332543538506,2.93696735787501,2.6343781244314,2.33949308613158,2.45802447002889,2.48327087767181,2.45453196901543,2.53612432741729,3.0502949922638,3.44275975095224,4.47400846200262,4.91905155040686,4.88683410677127,4.18920353954265,4.82394384290407,5.02755140901249,4.31635962175471,4.01732370152237,3.92142323904462,3.72405048217521,3.51237760872108,3.72608511143346,3.9378094259512,3.61542006369162,4.17614223199151,4.64745184302072,3.96014224190631,3.71247643471648,3.80839674047477,..
North Macedonia,MKD,Exports of goods and services (% of GDP),NE.EXP.GNFS.ZS,24.5678571428571,21.7757231404959,51.6639045623086,44.4450307714557,36.3116883116883,31.3839303239845,21.3048439326914,23.4909339016574,23.2667286885206,23.0418595204847,32.9468400859053,29.1989080521251,26.3008496370576,27.6563674663372,30.7041661621306,34.8076006574873,37.791482499104,44.1166137912355,43.2244691363976,32.8055433623879,39.7897533935824,47.1242131386987,45.3742530045875,43.396474533315,47.6628552909135,48.7379999069691,50.663842164107,55.145719342637,60.3751373173263,62.4080567878813,57.771485775759,65.4438648561578,72.785399542204,67.3969980458635,61.6792037479617,59.6492997278415
North Macedonia,MKD,Fuel exports (% of merchandise exports),TX.VAL.FUEL.ZS.UN,..,..,..,..,0.129041649046658,0.401984788426301,0.874757121236578,0.449480505386375,0.798017079828494,1.8924711923553,4.76462481642627,3.7567875343007,2.24805571882993,5.41118476069355,4.68116805411458,8.01509431727616,9.37664642247707,4.86411659943398,7.8765298629422,7.49274471536935,7.67955676929367,8.7114019281988,6.43808603826413,2.47587519177111,1.75457940767403,1.359114992885,1.18237950206005,1.50422782175584,1.6979899541839,2.03944820565787,1.41186953928734,1.83319937769536,4.38877249744942,4.11524026538845,3.46090673198231,..
North Macedonia,MKD,Ores and metals exports (% of merchandise exports),TX.VAL.MMTL.ZS.UN,..,..,..,..,19.0383683632757,17.7163109954453,9.52490718372299,10.2412157143296,8.67230926463614,8.71823198110593,8.81660699540084,8.34823565690142,7.4574831438003,4.67499102445679,2.21075293876976,3.02525615728899,4.25909536308086,4.559949390431,6.4364821701674,6.10919773664511,7.38164592345343,5.90499182810197,6.23227824787938,6.27022767607195,5.11846217600112,4.59806222249091,3.85954518179231,5.32347724684427,5.11231941639777,4.80139295051173,4.46183356922234,5.15801329013125,4.62489506666878,3.99367795124718,4.69084691478699,..
Northern Mariana Islands,MNP,Exports of goods and services (% of GDP),NE.EXP.GNFS.ZS,..,..,..,..,..,..,..,..,..,..,..,..,91.0436137071651,90.2340597255851,100.661157024793,95.8529688972667,83.7373737373737,66.8443496801706,51.9701810436635,39.2452830188679,41.927409261577,43.4842249657064,50.8042895442359,52.0725388601036,52.5240384615385,52.967032967033,71.7073170731707,69.2948717948718,50.7302075326672,42.4936386768448,14.7806004618938,6.01750547045952,22.2627737226277,..,..,..
Northern Mariana Islands,MNP,Fuel exports (% of merchandise exports),TX.VAL.FUEL.ZS.UN,..,..,..,..,..,..,..,..,..,..,..,..,..,..,..,..,..,..,..,..,..,..,..,..,..,..,..,..,..,..,..,..,..,..,..,..
Northern Mariana Islands,MNP,Ores and metals exports (% of merchandise exports),TX.VAL.MMTL.ZS.UN,..,..,..,..,..,..,..,..,..,..,..,..,..,..,..,..,..,..,..,..,..,..,..,..,..,..,..,..,..,..,..,..,..,..,..,..
Norway,NOR,Exports of goods and services (% of GDP),NE.EXP.GNFS.ZS,38.8731828768774,38.8200137764372,36.8322939849829,36.9193654438118,36.9787571490903,36.8480219820403,39.6976971721752,40.3720490528697,37.0608144407435,38.6433893169333,45.8365018251845,45.1531766095749,40.5838246089831,39.7056811669224,41.0491288437838,43.2413599919454,44.1733932893218,42.4957811855517,45.6676256939176,39.2490204203521,39.5703457442809,41.0021893059034,40.6221948688402,39.1524912574603,39.0079819454092,37.7795790425628,35.0792306836966,35.7799907512702,37.3017822287814,35.6950517697888,31.3463505764851,41.7846805150434,53.5795492360197,46.4049617701132,46.3794958458439,45.3729560131418
Norway,NOR,Fuel exports (% of merchandise exports),TX.VAL.FUEL.ZS.UN,47.8019321297455,48.7779927770665,49.6759949621632,51.2582316950657,49.6081490566187,47.2802190038024,54.6572823807438,53.7879689070806,43.2753937911926,49.946709786378,63.8968667082269,61.7533969227667,60.6325152586474,61.1728639129257,63.6222202285939,67.6843283288731,67.8034646421845,64.2968133456296,68.6853998054327,63.662873718534,63.6983768325339,68.0283731997345,69.815656349232,67.6247146158353,64.878121273836,57.6867194348074,52.9734980784027,57.1858991050078,62.1231169933481,55.9876673683571,49.3175349328281,68.9331407034111,79.2652360834588,68.3629762990575,65.5240372734242,62.3076651968246
Norway,NOR,Ores and metals exports (% of merchandise exports),TX.VAL.MMTL.ZS.UN,10.1160686366151,8.85639017497926,8.092981370102,7.36144731812011,8.34335176665381,8.72327575113282,7.01733569237347,7.11667606316336,8.58571141523668,7.21312565291376,6.07442251293033,5.99753056563106,6.08305758284393,6.64523026280214,6.92259885660009,6.00833281346051,7.13924598873227,8.32264604171929,5.55182990833102,5.13787441249515,6.32366583035729,5.9434314323853,5.15669141196318,4.75795522817943,5.32706000780678,6.07882831005954,6.23890729160383,6.54067659978779,6.18246132107391,6.69954220330805,8.19836589342756,5.60665182188866,4.01517083066805,5.18768066986379,5.22612607802498,5.40227874514336
Not classified,INX,Exports of goods and services (% of GDP),NE.EXP.GNFS.ZS,..,..,..,..,..,..,..,..,..,..,..,..,..,..,..,..,..,..,..,..,..,..,..,..,..,..,..,..,..,..,..,..,..,..,..,..
Not classified,INX,Fuel exports (% of merchandise exports),TX.VAL.FUEL.ZS.UN,..,..,..,..,..,..,..,..,..,..,..,..,..,..,..,..,..,..,..,..,..,..,..,..,..,..,..,..,..,..,..,..,..,..,..,..
Not classified,INX,Ores and metals exports (% of merchandise exports),TX.VAL.MMTL.ZS.UN,..,..,..,..,..,..,..,..,..,..,..,..,..,..,..,..,..,..,..,..,..,..,..,..,..,..,..,..,..,..,..,..,..,..,..,..
OECD members,OED,Exports of goods and services (% of GDP),NE.EXP.GNFS.ZS,17.5206846936307,17.259089436114,17.2368073838996,16.5711180953606,17.2815550178049,18.5959378814081,19.1455623187362,20.0501558790541,20.1982246638362,19.7675159493315,20.8006433726433,20.3882722370142,20.2964487207168,20.795098052928,22.2893671049334,23.155753260451,24.70555720076,26.0074446327485,27.1941361818386,23.5709865986114,25.6835504132411,27.7107365450815,27.5892133965917,28.0017662629751,28.191520502647,27.0514147457863,26.4290089962155,27.5433939514429,28.3329435630357,27.7168620093837,25.5716650021933,27.8507453859865,30.2714427211578,28.6304153484134,28.1528983229875,28.2538396080872
OECD members,OED,Fuel exports (% of merchandise exports),TX.VAL.FUEL.ZS.UN,5.71687243518311,5.58647681382411,4.84405485611975,4.70444009171227,4.22147591215393,3.92760392059729,4.46448520930331,4.24106495018979,3.46279469250328,3.74530267413739,5.01269323203966,4.74839870098048,4.57398746029542,4.91350046339764,5.40454470550121,6.50565950475952,6.84151917885594,6.7321925833876,8.68315306024725,7.23071318744907,8.0296454819769,9.34295257722276,9.58402974173124,9.32903722616394,8.96081992100105,6.86818702137959,6.02347654042287,7.28420672476244,8.44531071630147,8.11864185120601,6.38752761610696,8.43979051293029,11.9640174774596,9.96356111651439,9.47022604537399,..
OECD members,OED,Ores and metals exports (% of merchandise exports),TX.VAL.MMTL.ZS.UN,3.85334425484642,3.49309828473482,3.34216688659517,3.129284242909,3.08709067222032,3.41710133593929,3.04394957748376,3.10576860925637,2.95014724989877,2.84000152969338,2.93752931000615,2.80121456128379,2.6923908052108,2.70165657070434,3.09728417652674,3.32487955670008,4.17069700339935,4.36478665222939,4.10730611122913,3.64964630416467,4.40465141101565,4.65468508100139,4.28608784571412,4.05909723349937,3.94189125505968,3.67772389827153,3.5088456597373,3.75324702382799,3.80559391368175,3.79504003783621,4.38333925510361,4.88610207883284,4.23219762316152,3.98810818202704,4.02312116868025,..
Oman,OMN,Exports of goods and services (% of GDP),NE.EXP.GNFS.ZS,41.4435890421666,37.7886493124761,39.2401349567258,37.7951604649463,37.734181689643,38.6422285449613,43.7147853118321,43.9139022245289,36.8293078294699,42.8923534644946,52.8812450343506,52.0607629332053,51.0785120705402,49.8417471950873,49.7630983256505,55.2943072280332,53.783801943669,54.6159437848316,56.6730874556165,52.7902973909699,59.0956382553021,63.9174704172791,62.7218547578454,66.0316248510717,61.4401786616091,49.652560938135,41.3196247446948,45.7165464756476,50.6224420190996,49.4929030047786,47.0548733691481,53.329759351918,63.2505019129513,61.5843427989208,66.072566156431,..
Oman,OMN,Fuel exports (% of merchandise exports),TX.VAL.FUEL.ZS.UN,91.8682373750537,87.4025076668562,83.7409019577345,78.9024719905289,76.4821577130485,78.5896654956997,80.4217929400865,76.3920677359402,68.0522459876131,76.927008344319,83.21327323399,80.5557004195495,77.4715518284881,76.8245303964233,91.0888368510134,91.8263316844317,91.390046872855,89.0570672014474,86.3796075991984,74.9705083996091,77.7587802690782,74.3678691335376,83.5370778993057,82.6128731508305,81.6727512854849,76.1568860871844,76.052172528574,73.6831825643426,75.1858802471844,76.3087021288282,63.6348897569431,65.2855836380628,74.0383980013691,74.1913838927866,77.1995042110729,..
Oman,OMN,Ores and metals exports (% of merchandise exports),TX.VAL.MMTL.ZS.UN,0.952947109466461,1.01996366588822,0.981640557197912,1.33592721527609,1.71464183490924,1.8197741713372,1.35631761327452,1.45889764164728,1.58957433304159,0.995928872081319,0.660819963053185,0.828872946233488,0.600794858361952,0.0526365665882346,0.889688757838642,0.813042854041652,0.900665298143283,1.13049594089986,1.31577074731665,3.82754180988086,2.67017753168595,2.5091411334202,3.53034182525696,4.84529095012406,3.94979866045857,4.79658796032046,3.98223122115235,6.23374311419373,5.42181854803066,5.05770874145454,6.18457048755305,6.14989195067512,6.45247223821924,5.94084621917315,5.47963321487277,..
Other small states,OSS,Exports of goods and services (% of GDP),NE.EXP.GNFS.ZS,..,..,..,47.8209672179517,48.7887472769151,54.8340773397015,56.1467957277669,55.8156480328209,57.0856586734331,56.5508709338638,59.5204771722965,60.178601054618,57.5931031220143,54.3923697054089,54.6373575419947,55.2214181476957,56.4986095166612,56.3390595778146,59.5988307125776,56.1074413148321,61.6035711706214,67.299636436764,68.3330971613748,69.6347866034111,69.9084747487282,68.552222105881,66.5560270219902,67.7604436443956,68.8556575125156,70.0864864729071,67.1882977946839,75.9238773732763,83.7223273117069,77.9394178961023,76.6680355883281,75.9580881911356
Other small states,OSS,Fuel exports (% of merchandise exports),TX.VAL.FUEL.ZS.UN,..,..,..,..,..,3.6308640410066,3.42401503505511,20.2182931819995,19.0034982965035,3.37654264944423,2.82078552473059,19.4376639740722,19.495691796151,19.2463714660352,18.7271235527922,4.12388116118429,23.6369535057484,19.686047218701,20.5937208948418,20.589803183908,24.622469146018,26.405989329304,26.9018068774089,24.781941135715,24.308326993504,25.0415167402502,22.5426837803189,25.4490862944217,25.774601191816,23.0184536537674,18.7540914157655,19.9410673209919,22.9906340478098,22.3527594670569,23.4490987248891,..
Other small states,OSS,Ores and metals exports (% of merchandise exports),TX.VAL.MMTL.ZS.UN,..,..,..,..,..,3.8153871865591,3.32405662044973,3.54370206292485,3.84156353823385,5.95147000223711,6.28151421385282,4.3424384602066,3.90968712365621,3.96625260657404,3.90139124577164,5.1800919291591,6.39002064323102,7.16959361410863,8.83482006307337,7.33001407229524,8.79757504921712,8.77837500990091,8.45117828061274,7.51963330059867,7.3069830178637,7.01877282292392,6.52592551112544,7.48727367494046,7.48245058481414,6.86568746653259,6.81868086434946,7.74147264469038,7.96622607544036,6.95365895419322,6.63451116889758,..
Pacific island small states,PSS,Exports of goods and services (% of GDP),NE.EXP.GNFS.ZS,51.7174092889759,47.8323446495767,45.1278019850871,46.4320636878753,47.0517228383357,45.8624113218086,50.7409292851467,49.8531012904046,46.3409588703576,46.8960131117172,46.4978617458696,42.5412679477089,45.544965850536,46.0161035324424,43.1367568872995,43.2218170851134,40.3001016351407,40.2634748803929,45.4221809585178,39.9641463149714,44.2566901579678,48.2457998508086,49.8902943565251,47.56008781343,45.0789020051486,41.5246015493382,40.9640114508226,40.3217046207635,41.9227623708352,41.8767983657132,27.138931378552,24.6202250892465,34.4240612970044,42.0457567103024,41.4777620650859,..
Pacific island small states,PSS,Fuel exports (% of merchandise exports),TX.VAL.FUEL.ZS.UN,..,..,..,..,..,..,..,..,..,..,..,..,..,..,..,0.060675712265847,0.0862671231267805,..,..,0.231173325333624,0.062067376567943,0.0808579249229978,0.0268631888023002,0.278798313572191,0.0666588963932621,1.16757163230111,0.997986301371703,1.32119730800469,..,..,..,..,..,..,..,..
Pacific island small states,PSS,Ores and metals exports (% of merchandise exports),TX.VAL.MMTL.ZS.UN,..,..,..,..,..,..,..,..,..,..,..,..,0.205255529311201,0.270982114412374,0.43706484978759,0.470477090028854,0.650801734593717,0.736979777914229,1.04537013728984,0.60472362699422,0.962961131106767,1.33541563814532,1.46202957906081,1.69462125304296,1.60376382458649,1.76442595685064,1.04790109070348,2.14231319422956,2.0218415814405,..,..,..,..,..,..,..
Pakistan,PAK,Exports of goods and services (% of GDP),NE.EXP.GNFS.ZS,14.788718407651,16.9323927101705,17.2707273079987,16.2020946178116,16.1583805703018,16.709969655752,16.9031017751853,16.081953225121,16.4847911755655,15.3534993273502,9.62962571560589,10.6261723730627,11.2629668954049,12.1646439105383,11.422970350187,12.2518417522088,12.5489466265472,11.6250765592664,11.87581528062,12.3909882054304,12.6372245592948,13.4825548617217,11.8739641473238,12.1774992040696,11.1949717426146,9.97457095124036,8.73671639116568,8.22161134395559,8.58179960556073,9.3908635386027,9.29855944234725,9.05159988878188,10.5405902721041,10.4939587511564,10.3855031331012,9.98520671042165
Pakistan,PAK,Fuel exports (% of merchandise exports),TX.VAL.FUEL.ZS.UN,1.28365396966855,1.48048958191067,1.22487212845368,0.987440581622179,..,0.981747319429997,0.760898572228527,0.868591964414218,0.317589556734145,0.923317839082078,1.4399631383441,2.14415468253663,1.93553718386706,2.30724345077015,2.41400103063988,4.23292058651293,5.00286798660188,5.77365206239681,6.18163514554564,4.11602958270657,5.71119451483388,5.21587114782379,1.35053487428845,2.10463441086617,2.64194644110697,1.21065579156664,0.761514396551207,1.2032443709099,2.13426606062679,1.59922046539897,0.873349137853699,0.708780532335282,1.19408655456312,0.583319121620756,1.71807476906982,..
Pakistan,PAK,Ores and metals exports (% of merchandise exports),TX.VAL.MMTL.ZS.UN,0.302621705878934,0.238508160981044,0.216255325441693,0.210025151378373,..,0.162229988621904,0.22124394083733,0.181634423053205,0.186672213356445,0.264177325550705,0.216655999337337,0.184047332220487,0.202718457365695,0.205644528839039,0.268714071505803,0.410622606618719,0.57339350213325,1.11610039326653,1.28884444252292,1.05318875353553,1.57026675868481,1.49042000633085,2.0221530747153,2.09188614611273,1.8033611683323,1.56689191421064,1.49009381168309,1.9663813915249,2.11969841349404,2.7507753083849,3.32696265002863,4.61896170905835,4.40534065808737,4.50449223225348,4.33562939812151,..
Palau,PLW,Exports of goods and services (% of GDP),NE.EXP.GNFS.ZS,..,..,..,..,..,..,..,..,..,..,..,..,..,..,..,44.0349590725496,46.1060324306262,43.6339542379823,46.703952311301,43.0541162228117,46.3645995844408,52.328667562443,55.8365286213549,54.4571655359162,55.3068814438355,53.640192108917,48.2044202424041,45.6266748654046,42.7750090070731,38.3226341885556,23.322084126818,6.58256757890493,15.4378951933852,26.1410304075549,32.6986673415734,..
Palau,PLW,Fuel exports (% of merchandise exports),TX.VAL.FUEL.ZS.UN,..,..,..,..,..,..,..,..,..,..,..,..,..,..,..,..,..,..,..,..,..,..,0.114750596836599,..,..,..,0.0519903035025715,0.45891123655713,..,..,..,..,..,..,..,..
Palau,PLW,Ores and metals exports (% of merchandise exports),TX.VAL.MMTL.ZS.UN,..,..,..,..,..,..,..,..,..,..,..,..,..,..,..,..,..,..,..,..,..,..,2.6679764068768,..,2.19362120870957,1.90977734013233,1.65555475871071,3.44206013931985,2.11141332212338,..,..,..,..,..,..,..
Panama,PAN,Exports of goods and services (% of GDP),NE.EXP.GNFS.ZS,57.4932945723843,64.3522561564838,66.3566950191609,64.0586586268777,66.0420556339858,66.8471008580416,83.4318450312489,88.9202561675413,76.9210392173907,63.7846916423096,68.9601167325743,68.7000854646216,62.8290573143366,58.1335706161728,60.576824415491,68.2355959083914,69.1942342226276,71.9791727879009,78.2985921255699,69.9648088440032,70.025242127624,77.7456721038553,74.5443157318036,64.5610772417975,54.8890820412486,47.3866198943049,41.7407554754564,41.4710106917443,42.3471044929045,40.2141745207689,36.269088105591,41.6067039493249,48.0265978360198,45.6292440025453,44.3578422661429,..
Panama,PAN,Fuel exports (% of merchandise exports),TX.VAL.FUEL.ZS.UN,..,..,..,..,..,3.14973180147998,4.923946187166,3.87302911441908,3.51926572661786,9.03722733731366,6.92997905558577,7.06820084877332,6.14508383119904,0.48738090896957,0.542242410267676,0.733227944121935,0.765380955226691,0.674192440397585,0.64056451768571,0.875574400423514,0.281711491723828,0.0983907574718079,0.0753639120297613,0.426786972917861,0.162765893534913,0.0973531063398489,0.0986954470520712,0.0902071411253174,0.117134615486909,0.16669467833959,0.376491754246236,0.183026429643391,0.234048810950767,0.299834578646736,1.00720752711517,..
Panama,PAN,Ores and metals exports (% of merchandise exports),TX.VAL.MMTL.ZS.UN,..,..,..,..,..,1.13039304829347,1.61178670711754,1.70300331193586,1.74577106293968,1.66954199205821,2.17597163223667,1.58283516180022,1.42615727487893,1.97118764042385,3.90700674466538,3.972499789476,3.83653112428466,3.90298304261797,5.06174588859461,4.67619406187405,10.3195283017929,12.7472710837079,12.130833082517,11.133092124339,11.3451433207884,9.45423282530129,10.0045045186238,12.5124276504847,12.563211703042,8.52379811614123,32.3038837448821,79.9718329828951,78.9089923340266,76.4718000052085,9.59331459466598,..
Papua New Guinea,PNG,Exports of goods and services (% of GDP),NE.EXP.GNFS.ZS,40.6247968272544,42.2648102950965,47.8498697608335,52.643259846726,53.5346075258123,61.0389865530211,59.4045079252947,49.1575230238997,54.0414898252089,63.1183638793865,66.1783592514226,65.3299673922453,60.9158105615375,69.4179663237905,72.1640496028947,..,..,..,..,..,..,..,..,..,..,..,..,..,..,..,..,..,..,..,..,..
Papua New Guinea,PNG,Fuel exports (% of merchandise exports),TX.VAL.FUEL.ZS.UN,..,..,..,..,..,..,..,..,15.8001752721629,..,28.7528694150569,31.0921628226371,22.6338959885869,20.3214983745957,19.9507275539953,..,..,..,..,..,..,3.80250711386152,2.92438620097063,..,..,..,..,..,..,42.0580648896277,42.416684834596,45.4766421102089,42.5611072343605,42.6494855424319,..,..
Papua New Guinea,PNG,Ores and metals exports (% of merchandise exports),TX.VAL.MMTL.ZS.UN,..,..,..,..,..,..,..,..,44.3846863627364,..,51.2996326718958,27.1714665887542,29.6189622824883,46.2571238045423,21.1045623398456,..,..,..,..,..,..,56.649862225745,54.4459467483598,..,..,..,..,..,..,41.467532578577,36.0411087665842,27.3902084177837,30.9204399891275,29.8008015088604,..,..
Paraguay,PRY,Exports of goods and services (% of GDP),NE.EXP.GNFS.ZS,52.2235305170331,50.8420685695162,49.8340111967107,59.9203075195212,60.8203573533219,61.7750273749308,52.74050158026,48.4697528692641,54.6398352009449,42.7929400088689,43.3309260294934,40.6425889608269,47.4750765387374,47.1446575963153,45.6878246718486,47.5935921119847,46.2930851780555,43.374929155941,42.4383687094115,38.0972540491829,42.1398416256059,40.238859668619,37.995519198228,38.7136655822512,35.4644118987732,34.734658699956,37.1432329052059,38.1692845403814,36.8532235364332,36.0872909434467,33.2706269850168,35.4652163043306,34.4000035331202,42.257662716231,37.7135431058066,37.1780127232973
Paraguay,PRY,Fuel exports (% of merchandise exports),TX.VAL.FUEL.ZS.UN,..,0.0959894235185228,0.461366406639229,0.218942780708833,0.255108621737808,0.202307739070813,0.618053247243105,0.0582417722028777,0.00836355170733327,0.148068451774793,60.5334880926042,57.9957265146302,59.3070147771271,49.5247503484133,45.9700928635756,47.5006800377429,46.917218626047,40.3640612058908,30.3488335905218,37.7862941235128,30.4900254347954,29.3273063330687,31.0190031322725,23.9672247141492,22.6879704306262,25.0543143453299,25.3997644221531,24.7742524407046,23.3215570806625,23.6534512064987,20.3980852968341,15.4139049713163,16.7893199279441,13.0535954016273,10.8893279718454,11.0219071227801
Paraguay,PRY,Ores and metals exports (% of merchandise exports),TX.VAL.MMTL.ZS.UN,0.0525339770336335,0.0633075050674008,0.119552944092801,0.187703889095981,0.238677467425976,0.274666908082897,0.281077511916773,0.452608438407728,0.443543557783562,0.345331060293257,0.141926419980933,0.157085537624532,0.208514130939562,0.16678446090689,0.405642122783139,0.66027654931864,0.571097196782024,0.479965820376082,0.475038193415667,0.360957490933964,0.561772567696444,1.00217743381306,0.878036670471362,0.829578837918687,0.813048734524132,0.675987440151955,0.52742858306544,0.730905901888808,0.90508901482829,0.879827565258584,0.633689883641747,1.09645716000824,1.48242293802149,1.10475195932188,1.49687210638199,1.71796064330273
Peru,PER,Exports of goods and services (% of GDP),NE.EXP.GNFS.ZS,15.697191461944,12.2023866654061,12.51350576868,12.4506751041035,12.771482770164,12.5998852514905,13.3165199179977,14.4772602562861,13.7029018488677,15.3968880071118,16.7683737208169,16.6013795219337,17.2748078529874,19.0146669472489,22.91223375085,26.8487611117093,30.536636453521,31.5221165305465,29.7276302098838,26.4420527390278,27.8261641521747,30.5027597563889,27.4496143710972,24.8082994208508,22.6069703758151,21.2873252858958,22.6003137409908,24.7198719746973,25.1921846722472,24.0390874349068,23.0114431429931,29.225876726221,28.8196452516984,27.1701618135233,28.8839339520309,29.9698270665613
Peru,PER,Fuel exports (% of merchandise exports),TX.VAL.FUEL.ZS.UN,..,..,6.10050013164367,5.96920987995007,4.03423280769551,4.93017760621467,6.59278003963146,5.94383220353478,4.44307011076806,4.21587853607109,6.38432974974618,6.06507631090828,6.25870095624976,7.37984678551164,5.45456110464244,9.32481163862732,8.00259770587774,8.57977598074378,9.14246326039836,7.73522159130539,10.4702501879076,10.5341949963562,13.3370389113402,14.5603158131284,12.2992414025362,7.824398915481,6.41464787287933,7.9436016945509,8.8875264253518,6.86905379549647,3.77608731917897,6.99027941163955,10.6830217836129,6.83058695991324,5.71895551475461,..
Peru,PER,Ores and metals exports (% of merchandise exports),TX.VAL.MMTL.ZS.UN,..,..,45.6247050043456,40.8387866660666,39.6246333802182,41.7203802974859,37.8576955936615,35.6162160503222,35.0410860748969,32.1299436379435,35.5248216393834,30.6873942655311,31.9798239013752,30.6922278826042,39.0245043877429,39.9606879450802,47.4525510268847,49.5566787105114,43.0583368488927,36.6022097950135,39.9270984898696,39.9040907481187,36.903977189865,36.4157818681371,38.9398253275215,36.8868771785759,42.8065553842375,46.3213014126421,45.6280434226608,45.4968752494035,43.5085907829651,47.8118088684,43.071188539675,51.3043308679882,47.7744538607891,..
Philippines,PHL,Exports of goods and services (% of GDP),NE.EXP.GNFS.ZS,19.3932131437876,20.9651411756089,20.7796645414886,22.3031303689154,24.075665857016,25.9460416626648,28.8867213731659,35.0861457359116,37.8068683988215,38.4111587355426,43.3442192240219,41.1555015074547,40.0056799440289,42.3050183712712,41.8268409907999,41.2300392158954,41.2454593705084,38.0141863378076,33.3568332437392,30.2195255995892,32.8748297195678,29.1054288781405,27.4670738577233,26.1774198090007,27.3545041909285,27.2080572390451,26.6730033435157,29.5522908546692,30.2136053733275,28.3829200126393,25.2028393102032,25.7520349160187,28.3874015457939,26.6368493470585,25.7369806583516,26.5503358170748
Philippines,PHL,Fuel exports (% of merchandise exports),TX.VAL.FUEL.ZS.UN,..,2.62671827140317,2.42241194569426,2.01137439929522,1.61973914010873,1.52976864222382,1.85833383845916,1.38471542920728,0.532909443822639,0.728936758834481,1.32698174084571,0.844877173705867,1.18455225576668,1.55885386665635,1.26222116928397,1.87758618141393,2.30498008929838,2.80484257220501,3.27690782996833,1.90873424213089,2.0532774893495,2.92009931957312,2.4289829487911,3.76691271607425,2.97281997503875,1.32069608642356,1.3324937999703,1.50884665872113,1.69571571942116,1.47588152909606,1.08970257001447,1.18141567992806,1.56831669342497,1.13912732345338,1.25811696364744,..
Philippines,PHL,Ores and metals exports (% of merchandise exports),TX.VAL.MMTL.ZS.UN,..,7.21284731195071,5.79328076871217,4.39688033769439,4.04312567436281,4.33948865543335,3.14554666527257,2.72855295334533,1.55244069789094,1.69163321860556,1.61954409495253,1.87203977106435,1.44923205289897,1.72482301745632,2.39356179458319,2.27096876092626,4.44204904598112,5.42409367069035,5.189114885564,3.91237655213636,3.9111085891633,5.59382537456056,5.04619608005299,6.11404772690842,6.58834024151498,5.0613767306783,4.00252116995127,5.58406561295369,4.9082068510258,5.11553589688116,6.59574178209328,7.4874740704197,6.93456443095209,7.87761742498115,7.50901105484672,..
Poland,POL,Exports of goods and services (% of GDP),NE.EXP.GNFS.ZS,..,..,..,..,..,22.8537362037756,21.9840947671415,23.2551841461345,25.8603424954365,23.996792689932,27.0732197283645,27.0572580080351,28.6233983013403,33.2386667780391,34.0621696099277,34.5254622754817,37.6580412251077,38.4711164171074,37.6687727009599,37.0040504665451,39.8922068463219,42.31819097341,44.0229016385965,45.7672881629144,46.2206720325579,47.1616367257527,49.906428862355,51.6925275786294,52.232575443975,52.6128934811742,52.4338855199248,57.0379760723016,62.3525162455456,57.8812710195434,52.1798133919011,49.9505650987029
Poland,POL,Fuel exports (% of merchandise exports),TX.VAL.FUEL.ZS.UN,..,..,10.0750328515012,8.97510414334727,9.10334047152297,8.17709872782338,6.86770808616661,6.68656750730652,5.48218363305934,4.97804143150805,5.18695811433877,5.76866532694854,5.05911451764353,4.37491050696475,5.46211818637387,5.11885167926726,4.48052463399187,3.80069037569469,4.25109702767544,3.08375092897727,4.15472424869973,4.90163237623958,4.99907074685297,4.69900703686589,4.1379157284687,3.30871603888815,2.55309338877162,2.54767073398979,2.59802361348933,2.23921588032246,1.58025447472635,2.21476888193242,3.73795572839486,3.05116286755385,2.58269731161847,..
Poland,POL,Ores and metals exports (% of merchandise exports),TX.VAL.MMTL.ZS.UN,..,..,11.3322811433713,8.92609442368128,8.03251362117447,7.26193948541181,5.8335927562514,5.85463483116864,4.60310562262309,4.88045591148379,5.00513039982941,4.04518985574774,4.02227590259449,3.75466809130164,4.08914996089988,4.02274429487668,5.22903327226686,4.53281165240271,3.96214660186794,3.68530049292514,4.69486882284057,5.02501418840566,4.82897688239305,4.18057255756479,4.00955235840735,3.60543706487631,3.02516272847308,3.1899653859486,3.04370184401185,3.23396660447958,3.22051878025648,3.97229976431864,3.45108388683856,3.04634974229626,3.20228542082086,..
Portugal,PRT,Exports of goods and services (% of GDP),NE.EXP.GNFS.ZS,29.1691775307804,26.547558876519,24.4586706502227,23.6001482902129,25.1335659295225,26.7697318737852,26.5484648796224,27.1541447475915,27.3316272273762,26.4819747246951,28.2046205938904,27.4373261135265,27.0733622325977,27.3671918978917,27.6670515552519,27.0841675459537,30.3574044411002,31.1941845713373,31.2610790783868,27.2937427180784,30.0275851235273,34.4115130933228,37.7235057219779,39.5639503324812,40.1850905816292,40.6876664090066,40.3550889260564,42.9426786480198,43.677580570852,43.6531259432991,37.2560151344529,41.5484271843512,49.4816822004506,47.1554769314882,45.8196856112127,43.6580888492067
Portugal,PRT,Fuel exports (% of merchandise exports),TX.VAL.FUEL.ZS.UN,3.64115885697443,2.74518922852255,3.01640046814432,3.37939517802085,4.09129864727031,3.19455818573621,2.41517761103506,2.30365324943041,1.60252505870759,1.82905338289175,2.55282526083357,1.8764147374143,1.96287146335663,2.43742039737605,2.39441970699357,4.06601200793367,5.29460541224119,4.50288798565585,5.55294244731062,4.85933046059872,6.40958476127026,7.17046947947273,8.31755836830232,10.406916246067,8.35936140737731,7.65643933312187,6.2474425889393,7.16639153411767,6.89396581089387,6.09256453662211,4.60416397341643,5.7682700665625,8.42233208891241,6.4728964004123,6.97069976539579,5.07554801427069
Portugal,PRT,Ores and metals exports (% of merchandise exports),TX.VAL.MMTL.ZS.UN,2.90437679922873,2.48848838274424,2.12580297345722,2.06193407281122,1.92628914251898,1.82646470348467,1.41830776767772,1.41229711803918,1.4130133830547,1.49234686262156,1.88632962472796,1.78475436998865,1.64152232751203,1.57531572685566,1.85965386303846,2.82012959705461,3.82483146719832,3.72775210015921,3.20474396609653,2.89606706746845,3.50667270247104,3.20271416306362,2.83058672331513,2.32362938767847,2.25220653101037,2.15813994544385,2.00764618663799,2.25281965305294,2.434851674538,2.16706704875644,2.17126177491599,2.93086469176063,2.73426069633125,2.52971110792555,2.58903250022659,2.70852169351224
Post-demographic dividend,PST,Exports of goods and services (% of GDP),NE.EXP.GNFS.ZS,18.1341335354917,17.9699091376369,18.0264282567231,17.5804544469594,18.3160229477886,19.5583330651368,20.1275284662991,21.0609476707335,20.9904416787343,20.4941416491426,21.6630083797467,21.1422899068884,21.0362573961875,21.5226459080312,23.122211337659,24.1273372829023,25.7726422890753,27.1314892472485,28.4667875243569,24.5037008145876,27.0235407981765,29.2663017582529,29.2131335782273,29.6981820643063,29.7551308929835,28.267075324984,27.4358798835335,28.5861077147416,29.3222758238115,28.4929827964013,26.0235394129334,28.4552392380406,30.7650960875159,29.1498630594373,28.7733646383575,28.9126216845255
Post-demographic dividend,PST,Fuel exports (% of merchandise exports),TX.VAL.FUEL.ZS.UN,4.99365161595604,5.05812877249873,4.36572996020621,4.38884337097447,3.87123106614555,3.53358918748235,4.10338871528204,3.98274832836131,3.34648645566174,3.57907436889298,4.76683480082852,4.5836452011992,4.40099918774485,4.71093312284233,5.20537414304034,6.31633403855005,6.67642848634579,6.6239596836487,8.67122701166673,7.2887004576011,8.02217785623983,9.34929012366508,9.55679529574832,9.2952773693518,9.06468728308777,7.04394702071982,6.16686203341817,7.41506157003806,8.54601086131198,8.22556663644066,6.39646885628023,8.40746466748907,11.9674217536711,9.9600624776855,9.48703507740893,..
Post-demographic dividend,PST,Ores and metals exports (% of merchandise exports),TX.VAL.MMTL.ZS.UN,3.32405207048579,3.06791198685776,2.74530036917969,2.62520817196042,2.61335359552055,2.93984647458616,2.6657314794778,2.73863241251492,2.63789412997047,2.57158774345882,2.6754458229429,2.55585902752747,2.44850257176111,2.47093622456981,2.8054724656208,3.02771410608442,3.78591470244499,4.04822135180098,3.91289594527348,3.31208531503656,4.13849929216351,4.43221720464565,3.94741727968274,3.75639763821916,3.8300290032871,3.52262341352673,3.23379082329274,3.37163986035111,3.42258278538822,3.42845317427349,3.99327753972193,4.51719733879658,3.90772303990265,3.66421212731033,3.67027296934886,..
Pre-demographic dividend,PRE,Exports of goods and services (% of GDP),NE.EXP.GNFS.ZS,15.8214363066611,15.1810262613377,18.5291771165256,17.5731635022343,17.3371845365808,14.4707192759017,12.5225608126367,17.1488070505259,17.3615452358582,36.0297125963467,37.4602573163526,31.1647089780299,28.8516526915224,26.2318595576047,26.9572195581979,28.8999864294241,28.2240022470559,29.5255947829342,32.915641992041,26.6653305362353,28.0556714967748,30.6172998660399,29.459788597681,26.3035429809806,24.1293367328382,19.5866243509935,18.8807983193046,21.9482830307096,25.147268074281,20.346520473502,17.1213228537434,21.8368981692012,25.3093447690068,25.3681770696529,29.983286239322,..
Pre-demographic dividend,PRE,Fuel exports (% of merchandise exports),TX.VAL.FUEL.ZS.UN,..,..,..,..,..,..,..,..,..,..,69.6227455140237,67.336981286771,65.8959716401194,..,..,..,72.1052065440094,74.3464229901372,73.0264061481993,73.0990622924184,71.753588052464,73.5162858642628,72.8260792172203,71.5457769456841,73.5601126445231,66.9564201546532,66.8137003578272,57.7124948113459,59.6852066471548,..,57.236572455386,56.7283378794104,60.4185250102002,60.2197047403839,..,..
Pre-demographic dividend,PRE,Ores and metals exports (% of merchandise exports),TX.VAL.MMTL.ZS.UN,..,..,..,..,..,..,..,..,..,..,4.69145698039543,5.55880546608715,5.34080788406163,..,..,..,6.12306152521799,5.96961530811298,5.82095165071082,4.23619044199567,5.63485758497229,5.26096301268254,4.59434539803446,5.07876733649354,..,9.90441200952595,9.29685755134847,8.67536283229601,7.93572891560792,9.1336982793759,10.1447573744446,10.472453115316,10.4839889032941,9.94824596586003,..,..
Puerto Rico (US),PRI,Exports of goods and services (% of GDP),NE.EXP.GNFS.ZS,63.0814635210608,66.0419968624554,60.7881565432482,53.6007138853385,54.8053784986532,55.833036773157,50.604273167885,49.6955208225183,55.9713717311561,60.340934631144,62.341293122729,67.7674964310691,65.8614840101363,73.7367595292633,68.5739714691732,67.3819013968444,68.8832975340974,67.0330992632605,68.297819398479,63.0868096479142,62.6716662617794,64.0527265606861,57.4525819969123,60.8699853587116,60.8216247030137,67.1949349700848,68.7581646726416,68.7237240865963,59.9539809089117,60.5788840862048,60.3479655466984,54.4123367654327,52.4462925923876,53.6448077849649,51.8769700552116,46.8831342261072
Puerto Rico (US),PRI,Fuel exports (% of merchandise exports),TX.VAL.FUEL.ZS.UN,..,..,..,..,..,..,..,..,..,..,..,..,..,..,..,..,..,..,..,..,..,..,..,..,..,..,..,..,..,..,..,..,..,..,..,..
Puerto Rico (US),PRI,Ores and metals exports (% of merchandise exports),TX.VAL.MMTL.ZS.UN,..,..,..,..,..,..,..,..,..,..,..,..,..,..,..,..,..,..,..,..,..,..,..,..,..,..,..,..,..,..,..,..,..,..,..,..
Qatar,QAT,Exports of goods and services (% of GDP),NE.EXP.GNFS.ZS,53.4599880561362,47.4377394636015,51.0311871227364,46.1074856046065,44.875759043326,44.3386675443927,43.7257399320718,48.2808092597996,51.0956335387088,60.0407882778036,67.2833585991399,65.8928571428571,60.3427728278758,61.6975823867948,64.1682249463259,65.0850448205021,62.8177301668238,60.2775796051022,61.3627372003565,51.1348760906328,62.3197092953046,72.619706501698,76.4724190759864,72.7178350242963,67.9981181320016,57.061477766584,47.7138414909054,52.889422628417,55.9418631716143,52.1888599262863,49.118878259958,58.7260170336864,68.5984131738821,..,..,..
Qatar,QAT,Fuel exports (% of merchandise exports),TX.VAL.FUEL.ZS.UN,..,85.2293691635675,85.6584799433828,83.0494453661314,75.4118487776111,81.958845691478,84.8048319599443,..,86.1414442304704,90.1336527805415,91.2266807875303,92.4309598570321,89.3048817670036,92.3240924687122,87.601550193793,85.0601617861359,90.8536097539166,90.657961505625,92.0990432261148,73.9077903042904,92.5548513080755,92.9962018469401,88.0489136744168,89.9813548660954,87.8136789876161,83.6583736058125,85.0429975482696,87.5565130224043,86.1296391093726,88.8105651715138,81.8145904890777,84.4038969131069,87.2912521641352,86.5414333242433,83.7597865976017,..
Qatar,QAT,Ores and metals exports (% of merchandise exports),TX.VAL.MMTL.ZS.UN,..,0.114125851466453,0.139113363956344,0.106236795377097,0.181280434520203,0.184409165962623,0.129180062989924,..,0.101262073426515,0.110989468543986,0.11634070989974,0.0663283042066893,0.110910327832227,0.11476394159958,0.127990870115735,0.138772232521004,0.0895118209197128,0.129421353793938,0.408873281859897,0.133761828512641,0.265173247119746,0.345141436873865,2.33134786640568,1.4549996311141,0.250470194595494,2.36949271094662,2.54574439613324,2.53602637474615,1.81446564020088,2.24477154291504,2.59716473860935,2.79751145368207,2.46572186451205,2.33291761974842,2.49497468125356,..
Romania,ROU,Exports of goods and services (% of GDP),NE.EXP.GNFS.ZS,16.726891246066,17.6006170878896,27.7914151131162,23.0163008215295,24.9013530353956,25.6300423094106,26.4574936115282,28.1971443249242,23.0154805621533,26.6618172055494,21.58888431382,22.105963469215,24.0130293587441,24.2127350487918,25.743936265036,24.5352206061523,24.7712264990404,24.710829049515,26.155499661561,26.022377022811,31.6415933092484,35.2366088533551,35.708362986259,40.2453636124718,41.4767119396626,41.3491935848306,42.4163351743737,42.334274206143,41.7841912043995,40.3352034270657,36.9711409958175,40.6943872735548,43.5131053942163,39.2445975462886,35.6030266999465,35.4843123183415
Romania,ROU,Fuel exports (% of merchandise exports),TX.VAL.FUEL.ZS.UN,17.726048159749,12.4839536819391,11.2235997105512,9.97015222734651,9.97686869509133,7.91292202922913,7.34452350382924,6.11054330283464,4.69599080551255,4.8647455837225,7.16272020298794,6.206081416544,7.90898665930851,6.47394621001543,6.72753084722976,10.6421419156508,9.98308648469886,7.53962745671053,8.93544041712786,5.89456207294194,5.30027024365568,5.49644320283291,5.52974013515212,5.21153593145803,5.99419923728229,4.46156773088773,3.59956212321768,3.76905997733512,4.09581018076912,3.78369321514142,2.41690733716218,3.52321676540238,7.6342305168134,5.30806019443117,4.87639833165149,..
Romania,ROU,Ores and metals exports (% of merchandise exports),TX.VAL.MMTL.ZS.UN,4.13457569838293,3.36503233985745,4.02353043649009,3.10246683996229,3.649978553135,3.44925815683414,3.21009719689582,4.27474896069196,4.82519352486943,5.26828670152389,6.91601258888057,4.88636183878211,4.2419741366313,4.14660575863074,4.67662140096493,3.92891510818202,5.25412030982878,5.20227714691062,4.72324875734715,3.60848133654177,4.23715422099536,4.14141567149189,3.79071454336541,3.23653895835825,2.69272331387427,2.35870523830703,2.00820906359327,2.10951156385024,2.22792611963379,2.1926188654676,2.2989315798619,2.80466122236143,2.78929714304173,2.47796891956889,2.68710025626505,..
Russian Federation,RUS,Exports of goods and services (% of GDP),NE.EXP.GNFS.ZS,18.1620614715927,13.2713621737576,62.3224618621778,38.2045944842866,27.7583790421613,29.2890113495619,26.0729881302908,24.7298415292289,31.22120547318,43.2199685128244,44.0604413055146,36.8934935960337,35.2125940630626,35.2499817757806,34.4178910554597,35.2030659651181,33.7304754439762,30.164060484537,31.3095603335689,27.9381012041521,29.2155607849758,28.0553614798549,26.9073203393663,25.845336826255,27.1110970517525,28.703389442924,25.8544829769167,26.0908809797568,30.7932568020743,28.4334306799759,25.5221855113549,30.0024195364041,27.7096266135186,22.7699393140297,21.8563659146375,18.2030774281844
Russian Federation,RUS,Fuel exports (% of merchandise exports),TX.VAL.FUEL.ZS.UN,..,..,..,..,..,..,43.1222213192119,46.5695638916281,38.9882468378703,41.7695730347058,50.6010783794118,51.8103660490427,52.4883815852667,54.5075199017182,54.6966789645053,61.7805796867657,62.8821173688846,61.4635425789649,65.6784005422627,63.0130269894952,65.6482925992393,67.028076569532,70.2890584289155,70.5594810320243,69.5250946236846,62.8369478990481,48.291548108568,49.1248783758441,52.6808355618333,51.9517105308961,42.0988979009334,43.1468587746174,..,..,..,..
Russian Federation,RUS,Ores and metals exports (% of merchandise exports),TX.VAL.MMTL.ZS.UN,..,..,..,..,..,..,9.92371391351388,11.3379394627793,16.11753846322,11.399865385519,9.13824279912298,7.76359075824941,7.23812309172877,6.79267321171407,7.54616354995644,6.51179321692703,8.00467825169443,8.13641951091464,5.4575239167651,5.25762018292406,5.46295347541622,4.79733097260547,5.13944663103542,4.57539836873419,4.62236197775783,5.90115777218879,6.04896824432423,6.02759162477638,5.65644967703026,6.17355170558279,8.63720072203089,7.40377266771173,..,..,..,..
Rwanda,RWA,Exports of goods and services (% of GDP),NE.EXP.GNFS.ZS,5.45608623745604,7.11002736152883,5.41118970840115,5.02912803746945,6.12463866594115,5.00536441544905,5.86108026843615,7.57718922919643,5.4273748487722,5.26002863158943,5.25870559594685,7.27465439836442,6.05806431767301,7.35688386400553,9.85050318804524,10.1809499101749,11.1270158683034,13.8784428510216,11.3919468648675,10.4889388163214,10.8521050310467,12.7825549476213,12.1714052257156,13.6719130623219,14.0585915987458,13.3866171186652,15.6179503112336,20.7331362244343,21.6356120150164,22.0304453174238,18.6683229570341,19.2857935398644,21.7992420465265,23.7006060278177,28.4212300769621,21.5547314535693
Rwanda,RWA,Fuel exports (% of merchandise exports),TX.VAL.FUEL.ZS.UN,..,..,..,..,..,..,0.177545914537735,0.129846470802165,..,0.00185901774874223,..,0.00711314011479816,0,0,0.0207021893929761,0.0126880307428849,0.00416015534860654,0.0107732293468366,0.239934257663276,0.0536388840609877,0.0684734450545245,0.0358053478768208,0.0183622895975197,0.106275401403098,0.200175871031657,0.134400288536825,0.0716792615878137,0.0762331071262711,0.315761583690096,1.91424345145403,0.0438835362111073,0.0491650847321846,0.06254493579927,..,..,..
Rwanda,RWA,Ores and metals exports (% of merchandise exports),TX.VAL.MMTL.ZS.UN,..,..,..,..,..,..,12.3818393199225,6.33897789186091,8.61258072307645,11.2942149346842,..,37.4569874520354,35.088175963992,26.6428584667642,34.1911048887464,35.1376159794075,31.4407560198606,46.3016117072326,27.933112466431,25.0637471463376,35.8800089645487,45.1668198317922,39.8735818164701,47.728426891862,45.3122231010092,29.177973798398,22.4094104292018,29.4136298769588,30.314438220422,14.8783110729202,8.24267617414299,14.4742019090766,20.9179316429293,..,..,..
Samoa,WSM,Exports of goods and services (% of GDP),NE.EXP.GNFS.ZS,..,..,..,..,..,..,..,..,..,..,..,..,34.1788114529593,31.0961805509509,29.0656121898961,28.535554984814,29.6137697677932,29.2106150610739,27.86241523118,27.9967668033599,27.7154274859941,28.3934220554301,26.2446900294783,28.100653623888,27.5922586728551,27.1409467284846,28.7780203174489,29.6622754715207,31.9656782036393,35.033330142378,29.1964119871974,11.470913137998,11.4857742403183,26.2085799096029,30.6578702799178,27.6189873403951
Samoa,WSM,Fuel exports (% of merchandise exports),TX.VAL.FUEL.ZS.UN,..,..,..,..,..,..,..,..,..,..,..,0.175210561062137,0.730761730849719,0.486557905447871,0.28703178042822,0.488165345312677,0.772258106267942,0.33309207155733,0.15989845885989,0.0711542909915566,0.0035772967375037,0.00393270330163956,0.0127897540235653,0.517216883804058,0.0182051517534925,25.2875140647282,21.4866855365958,29.0627630663918,25.7175192762981,24.7229883812226,..,10.8841841015502,27.8451229232458,41.6559873310463,33.2644249125196,..
Samoa,WSM,Ores and metals exports (% of merchandise exports),TX.VAL.MMTL.ZS.UN,..,..,..,..,..,..,..,..,..,..,..,0.0959623710954923,0.00950478235098901,0.0248203386022644,0.00111426930334486,0.0719685217589917,0.002053820788203,0.147258431580946,0.130417124077179,0.183255903686575,0.318967504451416,0.720787846781144,0.576139172223999,1.0185790785436,1.28420364195849,0.582488137297813,0.573306948123184,1.53685838150667,1.29034091334291,0.638829194762302,..,1.34446918731882,1.23892376594614,1.52450671582897,1.31501150839331,..
San Marino,SMR,Exports of goods and services (% of GDP),NE.EXP.GNFS.ZS,..,..,..,..,..,..,..,..,..,..,..,..,..,..,..,..,..,..,..,..,..,..,..,..,..,174.452679413476,173.068173251757,168.778679045148,166.597498710146,163.997236624232,164.47869827333,184.314279955291,197.412354460676,185.992797278666,..,..
San Marino,SMR,Fuel exports (% of merchandise exports),TX.VAL.FUEL.ZS.UN,..,..,..,..,..,..,..,..,..,..,..,..,..,..,..,..,..,..,..,..,..,..,..,..,..,..,..,..,..,..,..,..,..,..,..,..
San Marino,SMR,Ores and metals exports (% of merchandise exports),TX.VAL.MMTL.ZS.UN,..,..,..,..,..,..,..,..,..,..,..,..,..,..,..,..,..,..,..,..,..,..,..,..,..,..,..,..,..,..,..,..,..,..,..,..
Sao Tome and Principe,STP,Exports of goods and services (% of GDP),NE.EXP.GNFS.ZS,..,..,..,..,..,..,..,..,..,..,..,..,..,..,..,..,..,..,9.32411005537803,8.64674505945193,10.7876562076821,11.0491685963007,10.8608509089641,16.1171051601637,29.0266992027627,33.708137548603,31.9245428866483,27.105612590318,21.0337871477503,16.7195626461315,10.610048877793,15.1022711580538,19.6722950802103,14.2438021824642,15.5622080265962,13.2636548253815
Sao Tome and Principe,STP,Fuel exports (% of merchandise exports),TX.VAL.FUEL.ZS.UN,..,..,..,..,..,..,..,..,..,..,..,..,..,0.0053100808112838,..,..,..,0,0,0,..,0,0.746417733973855,..,..,..,..,0.000757389924498639,0.003813919764725,..,..,0.0213091672287746,0.00914873174701748,..,..,..
Sao Tome and Principe,STP,Ores and metals exports (% of merchandise exports),TX.VAL.MMTL.ZS.UN,..,..,..,..,..,..,..,..,..,..,0.0146545594676596,0.00106761592974477,..,0.000316794593854999,0.0895842480326928,0.0863198165301424,..,0.0198462515743544,0.0168895633675306,0.0217502397087677,0.0146365688247039,0.179058445587164,0.120436900027286,1.13803781871473,0.133214471679445,1.31007931969682,1.10064661472948,3.15685800955466,1.69042686283506,0.625425440939643,0.144772036496155,0.111260345976181,0.256021001906655,0.181792712332166,..,..
Saudi Arabia,SAU,Exports of goods and services (% of GDP),NE.EXP.GNFS.ZS,40.334827762329,38.3083994377757,39.1068068578908,34.3528159609611,34.0009481856073,37.3378413620953,40.0228209447804,39.1585979206286,29.6323817967762,34.6664709888381,43.4052690306903,39.633694222871,40.94880327191,45.8541491871159,50.9853310838178,57.050742989557,59.8319082445442,59.9374401392842,62.1115020331022,47.0886206534391,49.5697145263124,55.2733461365779,53.1198476436365,50.3725164415794,45.0958458227862,31.4401316153804,29.1430897114591,32.3625378991189,35.5209831625769,32.159204977113,23.8098115262185,29.1556614026837,35.9850098955522,30.7559610678442,29.3880027930942,29.7448740074211
Saudi Arabia,SAU,Fuel exports (% of merchandise exports),TX.VAL.FUEL.ZS.UN,..,94.0935051023018,88.0815540285819,91.9613234978468,90.7690216075904,87.6013886956304,89.5496566032559,..,85.2961392971962,89.4049029004601,92.2645074235409,89.4709695418731,89.632681945671,89.6778492659469,89.8201774712183,91.041350268177,90.9813789166803,90.171950238549,91.3714832745092,87.8041747949147,87.6208624921467,88.7250786188123,88.6274591343223,87.5705430575713,85.1657914409074,78.4307733758804,77.5498175972453,79.8468152028451,80.9954096508223,80.0531128894226,72.5938015741335,76.6076971781348,82.1937028956426,81.3099851483006,79.3976376511523,..
Saudi Arabia,SAU,Ores and metals exports (% of merchandise exports),TX.VAL.MMTL.ZS.UN,..,0.242732417598381,0.549276799092951,0.432177884036125,0.350598821008922,0.56618177748965,0.304719093811097,..,0.506592115515466,0.262434981439132,0.147266966485606,0.200969366718857,0.223014841432731,0.182297848800483,0.172369585319018,0.136856334587532,0.218876090049362,0.283339865220026,0.221472078668656,0.231975459893341,0.154478800944879,0.122149631834301,0.13826943855079,0.402796097147209,0.768227403977672,1.31618970402186,1.42046701416935,1.41508824303705,1.23841153981194,1.28729151886568,2.00497032043963,1.63492146185275,1.53347926710053,1.5019514801573,1.88115150595924,..
Senegal,SEN,Exports of goods and services (% of GDP),NE.EXP.GNFS.ZS,17.0561016455994,15.5157293530238,14.9890712558826,13.554006603149,21.2214390843733,20.6568594195014,18.0841653941018,18.3329326136605,18.5849659047911,19.0042574130823,17.7641495981977,17.7006801043602,19.6168800518197,18.2180266837333,19.10166287579,19.8066375707013,19.252084644369,20.5543882272223,20.8463012615706,19.3938665528849,19.9812388274952,21.303548885652,22.4743744215738,22.3497423099059,21.7782967413225,22.6771945016724,21.5608580962682,21.9630261455747,22.9490914783308,24.9831341973865,20.7005528555706,24.6396021156771,26.6991642240508,23.1064628813737,25.4821491435337,32.4878683497667
Senegal,SEN,Fuel exports (% of merchandise exports),TX.VAL.FUEL.ZS.UN,..,..,..,..,..,..,22.461950591686,26.5687990619779,18.0209779500385,17.177511201926,14.0224652111931,17.8327877831001,22.9536344852393,20.1132767842961,19.4159848839727,21.0595789242314,0.0256212638117457,19.2664367194943,33.9702380175562,21.8492344378644,20.9065266421233,14.7310775200693,14.2516041589205,16.5051008208846,16.7618632956865,13.8780481897626,10.6879023669804,14.7788676948201,15.7717618687425,19.9087625078162,15.9872308197167,15.5262597724139,18.2530882668501,21.4769186750925,32.7114577390774,..
Senegal,SEN,Ores and metals exports (% of merchandise exports),TX.VAL.MMTL.ZS.UN,..,..,..,..,..,..,12.4685612222155,12.9972262184201,8.29268911952927,9.82761294472464,4.7524544164362,4.48357933815668,5.91623145355821,3.36692256599382,3.85826880765766,2.80799127270505,6.80535867111246,4.09941776123282,4.20945765759815,3.07138060847192,3.52640976199386,3.70911760141206,4.10510228785388,4.11404798239952,4.62550762872484,8.13298380367881,6.69316539977657,7.51256460856649,6.89623747146186,6.62308019774993,6.7523481096606,7.26296018851439,8.67310693880965,7.91160881238856,7.85005360318967,..
Serbia,SRB,Exports of goods and services (% of GDP),NE.EXP.GNFS.ZS,..,..,..,..,..,4.85171845815568,10.5136168217869,12.7892831092239,17.3469072945407,9.97556647057688,8.24293342149675,19.7188478657102,19.1900123590639,22.0592973034522,24.480209605703,27.6041047547358,28.9667655966051,26.2493566735817,27.3844107292074,25.3445735712978,30.9882261641014,31.7235768364519,34.424574209399,38.2272721623621,40.3231673794274,43.3851219752155,46.4536704388373,48.1324550415002,48.6702102411693,48.9609956559925,46.1050875935238,52.3404005216526,60.7381674989747,55.0746098125196,53.5837667090226,54.3130854032047
Serbia,SRB,Fuel exports (% of merchandise exports),TX.VAL.FUEL.ZS.UN,..,..,5.82902436651589,..,..,..,2.12200808262573,1.95727599776042,2.73035224557089,2.38372375310051,0.255219813841744,2.63905877065734,3.40802673811775,..,2.40451085264827,3.65981095135982,3.50689025126194,2.62105665377349,..,..,..,..,..,..,..,..,..,..,..,..,..,..,..,..,..,..
Serbia,SRB,Ores and metals exports (% of merchandise exports),TX.VAL.MMTL.ZS.UN,..,..,9.77940364846476,..,..,..,14.839614196365,14.2553696423577,10.4347682510546,12.6061409532198,15.5916104456047,14.1530589793912,12.147882359447,..,10.8968524632872,9.20219714313351,11.2944829162076,10.2945597528689,..,..,..,..,..,..,..,..,..,..,..,..,..,..,..,..,..,..
Seychelles,SYC,Exports of goods and services (% of GDP),NE.EXP.GNFS.ZS,15.0939406745115,12.8444106338554,10.8911599950713,10.6279219911328,10.2375227225331,10.3150676680143,27.3117170080515,19.8102552473618,19.7999560140923,22.9336832471045,74.3224695850101,82.5137647126717,76.6793001313966,87.528383299959,72.881704642054,77.107535101306,83.0810386236547,86.8437263258592,98.1354103896525,105.386908585995,91.3669510520251,97.960756878163,103.047226902883,94.7030316815297,99.180749158294,90.0846282601248,85.3502574058314,93.9095722862406,87.0444044109968,82.3562686214226,66.5466895183828,80.2638714731898,90.9533814461883,85.5061413882593,80.5778845619345,79.6187766714083
Seychelles,SYC,Fuel exports (% of merchandise exports),TX.VAL.FUEL.ZS.UN,..,..,0,0,0,0.00290752284248818,0,0,0,0,0,0,0.000511482906087217,0,0,0,0,0,0.00387831635301445,0.0564994412706798,0.00559864131435949,2.17181210393764,0.00150958117338773,0.00216450373450432,0.00217217284401373,0.00220439189802751,0.00188380561331842,0.00647778733484981,0.00456395366876338,0.00303471337037221,11.4058627211284,0.00229167892575641,0.022545363592114,0,0,..
Seychelles,SYC,Ores and metals exports (% of merchandise exports),TX.VAL.MMTL.ZS.UN,..,..,0.0868880266124106,0.215949964859596,0.209616482529966,0.0677318757845913,0.320388151154793,0.100496056688398,0.0101598893010615,0.012243186636764,0.0062018848566236,0.0232076178507915,0.00759101136635465,0.000487825584131394,0.00199689155454377,0.0121100850364656,0.0170288977704726,0.0105438213706045,0.00644599682818596,0.00399654587486714,0.0538854067505307,0.0181881223731395,0.117272480478865,0.0246570604130509,0.0111489055716854,0.00898335667236647,0.0220737111352172,0.265276042802722,0.208781439922779,0.209249092826996,0.335907813524439,0.623680740993814,0.708125394858405,11.6900044741911,13.7185316539041,..
Sierra Leone,SLE,Exports of goods and services (% of GDP),NE.EXP.GNFS.ZS,34.6898949037465,31.2493759848587,31.5909432228769,24.2825480574191,29.5115463670498,18.5884363827694,17.4452345968339,13.1996946634407,14.061562197109,13.8278916025781,18.1348435554968,7.95364542581068,8.66771541641686,14.0852358008596,16.6816648084656,17.8261820142691,9.51102626792313,9.04770766383076,7.76348967742327,8.00861843749307,9.89230981613018,9.5936417794357,20.5918333350969,18.9386089631519,20.2143907149836,10.4849570007466,14.1122493760391,13.8506449181287,11.2388259485764,9.6941408328194,9.89046920898169,15.5476394983086,16.7804780634169,20.9636585435779,17.2656483673859,20.8910645571601
Sierra Leone,SLE,Fuel exports (% of merchandise exports),TX.VAL.FUEL.ZS.UN,..,..,..,..,..,..,..,..,..,..,..,..,..,..,..,..,..,..,..,..,..,..,..,..,0.0128489031725622,0,..,0.0564669332343084,0.143317650742994,..,..,..,..,..,..,..
Sierra Leone,SLE,Ores and metals exports (% of merchandise exports),TX.VAL.MMTL.ZS.UN,..,..,..,..,..,..,..,..,..,..,1.35806284223158,..,0.115001778766282,..,..,..,..,..,..,..,..,..,..,..,86.4196189147314,0.988737482926271,0.52250323873849,9.23607569467904,19.708507181177,..,..,..,..,..,..,..
Singapore,SGP,Exports of goods and services (% of GDP),NE.EXP.GNFS.ZS,177.192544433931,168.546193922295,161.725949774023,161.650519642454,166.193359003655,181.120940871727,175.64311239295,169.296886140865,166.787570508849,176.745012905762,188.350890284751,182.894180709771,184.086118066532,202.586206389804,213.951695442646,225.159667736916,228.037617061062,212.779393731371,228.993770935119,190.844935011128,197.998960793027,203.327708649538,196.719612875759,195.077796338143,191.953535787505,178.384608499682,163.796317942987,170.973515561304,177.713039473519,176.819042272174,181.179978621632,181.159299725796,185.010656108821,180.430012907963,174.655854525978,177.851484150301
Singapore,SGP,Fuel exports (% of merchandise exports),TX.VAL.FUEL.ZS.UN,18.1466102298733,17.0374918909665,13.0740863692171,12.2302512953749,9.46664565037676,6.84447285523953,9.55449625376899,8.80208798615066,7.47074556895319,7.93350282594033,7.35946744148839,7.57471078650487,7.78467758368727,8.48131703942424,10.0011141121373,12.1549708258777,13.0404528247468,13.704672783184,18.3182362913508,15.1717738189152,16.058408945022,19.4524947487215,18.1822013277449,16.9980670047224,16.5313373923587,12.1908650025812,11.0718628236027,12.8070800638533,13.1200446541319,12.2634428523157,8.08880118903498,10.0411260925957,12.7477293277122,12.3816136808707,11.1356295723316,..
Singapore,SGP,Ores and metals exports (% of merchandise exports),TX.VAL.MMTL.ZS.UN,1.5385940556141,1.45960690787085,1.54122943778506,1.44721881527171,1.39226471869762,1.96929468220519,1.62320058743476,1.69825273333833,1.27354705504214,1.25346313451641,1.11743390909275,1.14914201108119,1.08067169213012,1.07415745191144,1.1723248694138,1.04800700996418,1.35240730496431,1.67461991104337,1.35326163797883,1.19344097453952,1.17367084813641,1.18276920275837,1.04030328151159,1.18662500123941,1.15860012116163,1.23964372978781,1.09646722509989,1.0282289180264,0.872884059699682,0.723461507461781,0.715717514808364,1.19554185193546,0.955098805547699,0.809638959840998,0.731093287901306,..
Sint Maarten (Dutch part),SXM,Exports of goods and services (% of GDP),NE.EXP.GNFS.ZS,..,..,..,..,..,..,..,..,..,..,..,..,..,..,..,..,..,..,..,..,..,..,..,..,..,..,..,..,..,..,..,..,..,..,..,..
Sint Maarten (Dutch part),SXM,Fuel exports (% of merchandise exports),TX.VAL.FUEL.ZS.UN,..,..,..,..,..,..,..,..,..,..,..,..,..,..,..,..,..,..,..,..,..,..,..,..,..,..,..,..,..,..,..,..,..,..,..,..
Sint Maarten (Dutch part),SXM,Ores and metals exports (% of merchandise exports),TX.VAL.MMTL.ZS.UN,..,..,..,..,..,..,..,..,..,..,..,..,..,..,..,..,..,..,..,..,..,..,..,..,..,..,..,..,..,..,..,..,..,..,..,..
Slovak Republic,SVK,Exports of goods and services (% of GDP),NE.EXP.GNFS.ZS,23.5452287091948,41.1121815996108,62.5268316080175,51.8632020053066,54.7010987184473,53.3188330951551,48.8972317897244,53.520673025244,45.4890316114522,46.4024984014894,53.305266831721,57.2605092112671,57.0983859090013,62.7757965063135,69.3444966416003,72.6301406940614,81.2803496633307,83.3772425819148,80.2044674152301,68.0960564898296,77.0810820862371,84.6330521239054,90.908862673381,92.8790222418488,90.4400089861459,90.6938496191421,92.3116870095116,93.9524168738907,94.9268326476368,91.8440865121276,84.2983434485345,90.7618617591412,99.0674933921507,91.4935561325084,85.4834989561279,85.0946294110273
Slovak Republic,SVK,Fuel exports (% of merchandise exports),TX.VAL.FUEL.ZS.UN,..,..,..,..,4.63931341524545,4.24663247452724,5.54946402505757,4.61413292280796,3.5038502056392,4.75307873489487,6.99870721943942,6.59093219754202,6.05883962338184,5.19410482746844,6.40910906998355,5.87429697719751,5.45263721046917,4.46472981907327,5.03913291432862,4.59005046152452,5.32107029549182,6.3427617336085,5.93405507461835,5.49862698466683,4.49660509450053,3.56775283331613,2.73717751869443,3.34003905555557,3.01754578371017,2.91237113875992,2.40048974080195,3.20008877955479,5.17128070125546,3.49514675824369,3.9692718459897,..
Slovak Republic,SVK,Ores and metals exports (% of merchandise exports),TX.VAL.MMTL.ZS.UN,..,..,..,..,3.52596348297409,3.62030334653623,5.23854470417299,4.38628787119449,3.70219462897764,3.45760958493441,3.42852199843062,3.46489944651835,3.08982972415369,2.42643979216738,2.87450444611421,2.544834523225,3.62702670437243,2.78073501654963,2.44430465149053,2.34997546535549,3.06339387755563,3.09128794797588,3.09189867854254,2.21886544374219,2.25569773540476,2.07702257913598,1.73795322119081,2.0947752210728,2.058891979144,2.02562522713495,1.82530337418008,2.33537749533956,2.14228590243134,1.48495237277126,1.74565593994345,..
Slovenia,SVN,Exports of goods and services (% of GDP),NE.EXP.GNFS.ZS,74.3604304864706,68.4411738122975,51.7338032917879,48.136380973,49.137724392499,45.4053607538828,46.2093944981182,47.6449263820488,47.684756163836,44.3045583895072,50.4595684798996,52.2659847153184,52.9416529201899,51.4798131882271,55.4710149538959,60.2413029718392,65.2348404381098,68.1644475188117,66.6359175894349,57.962823638698,64.8408281230436,70.7829460940809,73.5453480307472,74.9589463655648,76.6524478122161,77.6641701406595,78.4365866675597,83.8819801621931,85.5686370516669,84.3570583498527,78.2717999916943,83.6999417881902,94.3162594247263,83.4382737313632,80.9173894920357,78.6394707763247
Slovenia,SVN,Fuel exports (% of merchandise exports),TX.VAL.FUEL.ZS.UN,..,..,2.58811447897112,5.1524760339822,..,1.18893176139091,0.930158495927621,1.20790528370415,0.977533869099429,0.600335670975655,0.652972324932338,0.952504549462177,1.08354752383758,1.35327299535994,1.59552100048804,2.08257850226108,2.68558003854683,1.93255674677519,3.00499594144832,3.24574769598826,4.23077929584745,5.73633703059595,6.44555755032785,6.64007469250151,6.13707236135344,5.30512694060918,4.51020963826692,4.90399470047748,5.20932753188527,5.29699863123313,3.055900555541,4.10788382179874,7.89672737373254,5.56004798300167,4.65788147025927,..
Slovenia,SVN,Ores and metals exports (% of merchandise exports),TX.VAL.MMTL.ZS.UN,..,..,3.02390578945593,2.93981766447672,..,3.40444095195451,3.34182330525223,3.98383992999746,3.70683947238899,3.75622182116314,4.1732421648271,4.28875544141273,3.77904706345591,3.78112943777451,4.22241608055866,4.7822162511827,5.92423324066306,5.53923909402388,4.52088443668789,3.61372711076552,4.75514904527604,4.85705661189599,4.71471141059676,4.47652028853792,4.29552333310219,4.4784313285968,4.06286659046935,4.09263687333458,4.2822692607303,4.02979133902762,3.63692852871633,4.34050714716847,3.90301974294686,3.13835009485939,3.02692030138335,..
Small states,SST,Exports of goods and services (% of GDP),NE.EXP.GNFS.ZS,..,..,..,52.9237508172646,53.6794133689774,59.7619805590804,60.8060871454658,59.0525825056743,58.5246488507401,58.1073989632456,59.5017521514288,58.668547252577,57.7251922693155,55.6726810003061,56.432381212106,56.470036785726,56.4061449758635,56.900666431685,58.8143431266097,55.8342314511423,60.3253668819653,66.5686289784737,66.375837121407,67.4542060314584,67.4409282435382,64.7707496672382,65.1067528409851,67.3073409923819,69.8744787017313,70.9673617077356,66.991475279366,75.7677578550218,80.8650697544254,77.5437578786804,74.7376386150381,74.9378932422971
Small states,SST,Fuel exports (% of merchandise exports),TX.VAL.FUEL.ZS.UN,..,..,..,..,..,15.2441812950297,16.4142373744549,24.9148118165512,23.0107901415994,17.0748855292967,17.8879206487694,24.4389979731377,26.2679705234558,27.8172082329133,25.7493735948068,19.3821622066966,32.1178641009016,27.7148080349645,29.351880647217,30.5140564625112,30.9872697655581,30.7950315851967,30.6009788248955,30.4582008691906,29.3405118610475,27.2756043744668,24.0610786045352,28.5909523697718,29.2854971263289,25.1612929654081,20.1572659244474,20.3320215070124,24.0585690111031,23.1711656348722,24.9548079916141,..
Small states,SST,Ores and metals exports (% of merchandise exports),TX.VAL.MMTL.ZS.UN,..,..,..,..,..,5.64492485853134,4.99372632040169,5.76335698903702,6.00292083796462,7.53714959206269,4.50291240512261,3.4701552935766,2.94480733631648,2.9683073031721,2.92417287451301,3.65912240761359,4.6830345443773,5.91757790755936,7.1766274322619,5.89239116466356,6.50865625511552,6.47566389494228,6.21900868541089,5.65135409589439,5.51943067748142,5.87959316741182,5.46420411510359,5.49247847577705,5.56193400769342,5.18436444144739,5.42189866828601,5.65936342656297,5.91454148165629,5.75821150612703,5.08426688408535,..
Solomon Islands,SLB,Exports of goods and services (% of GDP),NE.EXP.GNFS.ZS,46.3764709666517,52.7751043967652,53.5696015107135,58.9340284141291,49.627387318679,45.0316178246651,45.1416690555506,45.3205231408788,40.5256278306958,36.4655612843992,27.0997585640854,17.5350933200085,21.5157701826586,21.9997088340911,24.8806925287446,27.2985778188239,27.0632453555888,32.1480463646089,34.730865083713,29.1564024386767,35.1513813705907,50.1517733779646,49.9110050416539,45.9325325964163,42.3363300557948,40.3605536351233,39.7286917063647,38.679143145876,42.1263727198079,36.4970023039809,27.9385390818234,26.5555182506775,28.1319766413802,36.2593066478577,40.5685062735727,..
Solomon Islands,SLB,Fuel exports (% of merchandise exports),TX.VAL.FUEL.ZS.UN,..,..,..,..,..,..,..,..,..,..,..,..,..,0.000383394351125216,0,0.0190138586134433,0,..,..,0.00012908280404646,0.00230553770936948,0.00377501229815091,0.00286407112644014,0.00744121369103079,0.000758573980473933,0.000461049174268891,4.37407361149661E-05,5.00466251375634E-06,..,..,..,..,..,..,..,..
Solomon Islands,SLB,Ores and metals exports (% of merchandise exports),TX.VAL.MMTL.ZS.UN,..,..,..,..,..,..,..,..,..,..,..,..,0.0355635138303772,0.0410792651000092,0.0284651218928002,0.0445471208959641,0.0315310922323191,0.0543463882801275,0.199009675367661,0.0455196295381308,0.145449273451894,0.231026951563001,0.481516704333512,0.286397571590278,0.382901213722633,0.709884794452891,0.162552546552045,4.22408530148576,3.77957939916417,..,..,..,..,..,..,..
"Somalia, Fed. Rep.",SOM,Exports of goods and services (% of GDP),NE.EXP.GNFS.ZS,8.70264322585809,..,..,..,..,..,..,..,..,..,..,..,..,..,..,..,..,..,..,..,..,..,19.5524000374862,18.6178689226979,19.1628937165159,16.8715688310983,16.1359579394828,13.0465010418362,14.2131334942208,13.0660813308688,13.6532220676866,16.1552251397237,17.6810741938645,21.9383099105676,31.2108297819002,29.2484917491797
"Somalia, Fed. Rep.",SOM,Fuel exports (% of merchandise exports),TX.VAL.FUEL.ZS.UN,..,..,..,..,..,..,..,..,..,..,..,..,..,..,..,..,..,..,..,..,..,..,..,..,..,..,..,..,..,..,..,..,..,..,..,..
"Somalia, Fed. Rep.",SOM,Ores and metals exports (% of merchandise exports),TX.VAL.MMTL.ZS.UN,..,..,..,..,..,..,..,..,..,..,..,..,..,..,..,..,..,..,..,..,..,..,..,..,..,..,..,..,..,..,..,..,..,..,..,..
South Africa,ZAF,Exports of goods and services (% of GDP),NE.EXP.GNFS.ZS,21.5385417337418,19.3408153425832,18.9551466044412,19.914366630953,19.549337805111,20.0378606077754,21.7747432189724,21.6605918552042,22.5192718175416,22.2692159746602,24.4043033106919,26.3566606345688,28.4311672176802,23.9152733614034,22.7575187856654,23.5997644915436,26.098249881712,27.958964394702,32.2546736710677,24.9827464883237,25.7834176267221,27.6981484703752,27.1391491937679,28.379280320361,29.0006193033471,27.7136384124829,28.1560881698955,27.3400757812216,27.4970371508423,27.2021294051151,27.5759141603963,31.1916105051608,33.5394403164272,33.2538127556816,31.7919070646303,31.4101947337253
South Africa,ZAF,Fuel exports (% of merchandise exports),TX.VAL.FUEL.ZS.UN,..,..,6.92522148927818,6.81488853261277,5.43043006612616,8.9184206316124,10.8549963972705,7.31132440656591,7.65629290407284,9.83345736326208,10.1307911708615,11.723492255329,12.0727131541814,9.8173484464874,9.10044404774694,10.3556169994696,9.50001852429468,10.5565719826577,9.62652463034354,11.1812947177261,10.7102338605923,10.535512006307,11.4220012610139,10.704185952183,10.1834786043196,9.75395048126192,9.83410485960525,12.0071561154403,10.9922042428029,10.050875262098,8.10609432073402,8.68304384294431,14.3272920099043,10.7279305896972,9.60851603889865,8.21099773633968
South Africa,ZAF,Ores and metals exports (% of merchandise exports),TX.VAL.MMTL.ZS.UN,..,..,10.1041673840215,7.68503687453623,6.41297116707479,7.99962827216631,11.3766485203764,8.09500030295954,9.48120220296762,21.2307273051505,10.6456581556563,22.8319929720272,11.2346894321467,19.0277419846124,21.9852655048325,22.2629845616509,28.4686593780611,29.3348942321308,29.0413837735149,29.2198675573527,28.2409908532572,28.0454412835201,25.2999847349273,27.8724763359246,24.2293790861848,23.2733809317436,22.069403504453,24.185244340361,25.6101432342632,28.4545998457312,31.4389170033873,37.7780356859312,31.5450035556722,29.1169283744823,29.1712554651673,30.3392517456071
South Asia,SAS,Exports of goods and services (% of GDP),NE.EXP.GNFS.ZS,7.60797617112573,9.05948092643187,9.5962881834073,10.749457176117,10.7931628896771,11.9325169716266,11.3371879284968,11.7961574596332,12.1777236814444,12.4625822711565,14.0068701529091,13.6045356424678,14.8815108912803,15.3691639977728,17.9679876333779,19.7498115092896,21.3731119394684,20.9831239205119,23.8640791751783,20.3713563004387,22.1117830162706,24.2627681495697,24.2426618764431,24.9375364385616,22.658441735499,19.6264627468981,18.6545468231954,18.2488558016143,19.1957804820562,18.1387691771773,17.542230456524,20.011492655258,22.5626099184579,21.2646158940211,20.7687457207034,21.0377211836739
South Asia,SAS,Fuel exports (% of merchandise exports),TX.VAL.FUEL.ZS.UN,2.70450335096399,2.30194372873596,2.55382619185496,2.07886320447326,1.79071110873498,1.52751056536746,1.40755905969197,1.05502103093475,0.459233783956152,0.335517648700573,2.97624734976433,4.24947323174532,4.04661315716026,5.28062084608034,7.00242333503827,9.10795132795033,12.9116723050612,14.1635626383887,15.7645176669545,11.9084436251634,14.9803931953186,16.2268396655697,16.3667316966205,17.8869507611015,18.925181441058,10.3205663912421,9.28739771796133,10.6111609390419,13.4951502563998,13.3263246956386,9.72701597130571,13.7692082317152,20.9008598183361,19.9874188552359,16.5631377750342,..
South Asia,SAS,Ores and metals exports (% of merchandise exports),TX.VAL.MMTL.ZS.UN,5.6127039654964,5.45851224284603,4.422231656931,3.5543256798523,3.25287941539957,3.58009327777834,3.19638316984273,2.80118307415266,2.1969324714489,2.42013480370029,2.44271434041466,2.58731657290698,3.73552245258136,3.39769566350446,5.12222925478186,6.65798565110836,7.01949342498639,6.80641537679364,5.62171272026772,5.52737371580952,6.64038482395572,3.47435091704037,3.0534252776327,2.70933195736889,3.06582508803711,2.94428627344331,2.7820165052259,3.52960240992867,3.21295506066592,3.48856836178437,4.57128621795812,4.65980334978717,3.64121887944352,3.80873591291214,3.56965472194535,..
South Asia (IDA & IBRD),TSA,Exports of goods and services (% of GDP),NE.EXP.GNFS.ZS,7.60797617112573,9.05948092643188,9.5962881834073,10.749457176117,10.7931628896771,11.9325169716266,11.3371879284968,11.7961574596332,12.1777236814444,12.4625822711565,14.0068701529091,13.6045356424678,14.8815108912803,15.3691639977728,17.9679876333779,19.7498115092896,21.3731119394684,20.9831239205119,23.8640791751783,20.3713563004387,22.1117830162706,24.2627681495697,24.2426618764431,24.9375364385616,22.658441735499,19.6264627468981,18.6545468231954,18.2488558016143,19.1957804820562,18.1387691771773,17.542230456524,20.011492655258,22.5626099184579,21.2646158940211,20.7687457207034,21.0377211836739
South Asia (IDA & IBRD),TSA,Fuel exports (% of merchandise exports),TX.VAL.FUEL.ZS.UN,2.70450335096399,2.30194372873596,2.55382619185496,2.07886320447326,1.79071110873498,1.52751056536746,1.40755905969197,1.05502103093475,0.459233783956152,0.335517648700573,2.97624734976433,4.24947323174532,4.04661315716026,5.28062084608034,7.00242333503827,9.10795132795033,12.9116723050612,14.1635626383887,15.7645176669545,11.9084436251634,14.9803931953186,16.2268396655697,16.3667316966205,17.8869507611015,18.925181441058,10.3205663912421,9.28739771796133,10.6111609390419,13.4951502563998,13.3263246956386,9.72701597130571,13.7692082317152,20.9008598183361,19.9874188552359,16.5631377750342,..
South Asia (IDA & IBRD),TSA,Ores and metals exports (% of merchandise exports),TX.VAL.MMTL.ZS.UN,5.6127039654964,5.45851224284603,4.422231656931,3.5543256798523,3.25287941539957,3.58009327777834,3.19638316984273,2.80118307415266,2.1969324714489,2.42013480370029,2.44271434041466,2.58731657290698,3.73552245258136,3.39769566350446,5.12222925478186,6.65798565110836,7.01949342498639,6.80641537679364,5.62171272026772,5.52737371580952,6.64038482395572,3.47435091704037,3.0534252776327,2.70933195736889,3.06582508803711,2.94428627344331,2.78201650522591,3.52960240992867,3.21295506066592,3.48856836178437,4.57128621795812,4.65980334978717,3.64121887944352,3.80873591291214,3.56965472194535,..
South Sudan,SSD,Exports of goods and services (% of GDP),NE.EXP.GNFS.ZS,..,..,..,..,..,..,..,..,..,..,..,..,..,..,..,..,..,..,66.0270601078604,60.3143141293906,61.4344828173072,66.0761203752424,42.8320523585268,9.74075785850552,38.3916172930278,36.6513492804707,..,..,..,..,..,..,..,..,..,..
South Sudan,SSD,Fuel exports (% of merchandise exports),TX.VAL.FUEL.ZS.UN,..,..,..,..,..,..,..,..,..,..,..,..,..,..,..,..,..,..,..,..,..,..,..,..,..,..,..,..,..,..,..,..,..,..,..,..
South Sudan,SSD,Ores and metals exports (% of merchandise exports),TX.VAL.MMTL.ZS.UN,..,..,..,..,..,..,..,..,..,..,..,..,..,..,..,..,..,..,..,..,..,..,..,..,..,..,..,..,..,..,..,..,..,..,..,..
Spain,ESP,Exports of goods and services (% of GDP),NE.EXP.GNFS.ZS,15.7529433364548,15.7889291507891,16.2165223074424,17.7405839827945,20.3474893800026,21.866166658338,23.0731000969432,25.7160804746315,26.1498778707572,26.389770883103,28.5889225704133,27.8768485415674,26.5642672698948,25.6155917093049,25.3882582473993,24.940578932511,25.183486968843,25.9230971257706,25.5478087649402,22.9853959496361,25.8278133398939,29.3884101095734,31.2997362842724,32.7554570166099,33.2193399291014,33.2986849561039,33.5770329849408,34.9003952055684,34.874813986254,34.6755629292261,30.4810248544563,33.7570843255301,39.6716824276836,37.8166476493913,37.0558792721708,36.6374813887545
Spain,ESP,Fuel exports (% of merchandise exports),TX.VAL.FUEL.ZS.UN,4.72842787341886,4.35149692556268,3.00824044694494,2.86373323281972,2.16843886720348,1.74529195796685,2.47270283652583,2.50584213038411,2.06351957889155,2.19212737841003,3.68059055780505,2.89993091324509,2.60672035617192,3.05533457844303,3.78571549652604,4.34620832186207,4.60264900576493,4.8114865843448,6.61111921226571,4.60706504658886,5.21853657306203,6.34959376901464,7.66160598985677,7.07385916029595,7.49300278485712,5.17263082839127,4.06976370711053,5.82886221239074,6.55643130447885,6.17053042090891,4.04918305116398,6.00550281136412,8.748152923734,6.80944454760639,5.79530570621524,..
Spain,ESP,Ores and metals exports (% of merchandise exports),TX.VAL.MMTL.ZS.UN,2.54869356486783,2.59786815824636,2.50338439991082,2.4738524075552,2.34811397957811,2.36115234578535,2.33811839172552,2.54247574570114,2.13345690355748,2.23411893827895,2.25929549969063,2.18407350244654,2.02416535084025,1.98483622334095,2.00605504938666,2.46943236876249,3.19753365298321,2.95925759273902,2.70479062059669,2.49931426717884,3.38387629327614,3.83147061891332,3.746022846104,3.41226150663797,3.37388702291901,3.431949189632,3.12394579217233,3.72813715185895,3.78115212635428,3.47791209244656,3.20291695687462,3.88819800713491,3.70351654042085,3.20080590303441,3.42743394375482,..
Sri Lanka,LKA,Exports of goods and services (% of GDP),NE.EXP.GNFS.ZS,30.1808045148298,28.7410868952181,31.7703740803183,33.8010068759821,33.8128837957878,35.597629130901,34.9733377770372,36.5381180807663,36.2438186772706,35.4837047170656,39.015700886425,37.3311884768914,34.9133301978336,34.6535028324228,35.3309027324412,32.3368729874893,30.1285270937972,29.1149996870361,24.8414870988205,21.328366243783,..,..,..,..,..,19.893383820467,19.824036042668,20.2242000359935,21.4462486145463,21.8235309246323,15.4576399170356,16.9214215897796,21.5595624612904,20.5995283672112,19.7559774138192,18.9673796128721
Sri Lanka,LKA,Fuel exports (% of merchandise exports),TX.VAL.FUEL.ZS.UN,1.47156678440324,1.39654409956802,0.53450775402542,0.630861225835345,0.701524663801205,..,..,..,..,0.432362605125832,0.501162220025128,0.42870794782658,0.304586211573665,0.0186247651649952,0.150369711535244,0.00821077727954495,0.11625628378638,0.0283395744133274,0.0214090522245665,0.0294628619921436,0.15783503417986,0.440288017795888,0.359491962840932,0.316453474817973,2.6384817081413,1.80834526900714,1.60024589595184,2.5584319412636,..,2.85971752760838,2.73757863569001,1.92719188762874,2.25446590051031,3.22549312462179,3.43981418083681,..
Sri Lanka,LKA,Ores and metals exports (% of merchandise exports),TX.VAL.MMTL.ZS.UN,1.5774141996044,0.695909400954574,0.778973624037233,0.75514131622867,0.645031952639682,..,..,..,..,0.228913616734358,0.27752697953711,0.300083134964803,1.86793085461174,2.85516105965057,3.12078954906743,3.6175738210404,1.82413360827755,2.1019368588222,1.65493324221432,1.41195321485931,0.875207413596527,0.611659075040682,0.757834426205087,0.621745135398051,0.555241520911473,0.537232352990438,0.597589673351454,0.778839492862646,..,0.73801712721378,0.552811053515783,0.681639263401587,0.67746966890084,0.599148181330232,0.566958693554718,..
St. Kitts and Nevis,KNA,Exports of goods and services (% of GDP),NE.EXP.GNFS.ZS,..,..,..,..,..,..,..,..,..,..,..,..,..,..,..,..,..,..,..,..,..,..,..,..,..,..,..,..,..,..,..,..,..,..,..,..
St. Kitts and Nevis,KNA,Fuel exports (% of merchandise exports),TX.VAL.FUEL.ZS.UN,..,..,..,0.0015143848387059,0.000452401780488898,0.00547824248744767,0.00654152966716817,0.0010820812295051,..,0,0.00209716735122969,0.0981121195869003,0.0137734167481874,0.00599353607026028,0,0,0.110972709836761,0,6.97416001647576E-06,0.000106885636857759,0.00330405564570371,0.00659375773280658,0.00891954955625865,0.000574331406451465,0.00157014128585019,0.000655443099748196,0.000382770768561946,0.0268583062948506,..,..,..,..,..,..,..,..
St. Kitts and Nevis,KNA,Ores and metals exports (% of merchandise exports),TX.VAL.MMTL.ZS.UN,..,..,..,0.0280706373702526,0.00946959181432444,0.104219378154247,0.000239059223717109,0.000154583032786443,..,0,0.0195850595728325,0.0039700368389985,0.0425300579747911,0.00931644656773286,0.0211463460843657,0.00253207213112203,0.0117410235455413,0.0794212512445077,1.42210561839958,5.4969756098276E-05,0.125152371407093,0.0966496001817182,0.663710320981995,0.25645333126574,0.0467042406053462,..,0,0.00218395725279318,..,..,..,..,..,..,..,..
St. Lucia,LCA,Exports of goods and services (% of GDP),NE.EXP.GNFS.ZS,..,..,..,..,..,..,..,..,..,..,..,..,..,..,..,..,..,..,..,..,..,..,..,..,..,..,..,..,..,..,..,..,..,..,..,..
St. Lucia,LCA,Fuel exports (% of merchandise exports),TX.VAL.FUEL.ZS.UN,..,0,0,0,0,0,0.00014383174640053,0.000815660785958375,0.00114779707596956,0,0.00530763351270797,0.000576927269876012,4.65779722708289E-06,0,0,0.00100535863731771,0.00131823671963586,0.00988460952761213,0.0244756326544062,0.043728191256287,0.0148817020539109,0.0119591230817601,0.00748242101936943,0.015304192223615,0.217435779830686,0.333602934278503,2.23779823283694,5.61684465419438,3.45461978250823,3.50822670156863,3.40129879745195,..,..,..,..,..
St. Lucia,LCA,Ores and metals exports (% of merchandise exports),TX.VAL.MMTL.ZS.UN,..,0.000115981332477411,0.0837365323387491,0.00551801348415412,0.0038626769867799,0.019085306885069,1.81409409874542E-05,0.000284245425409737,0.0460195407731806,0.000111604683894646,0.000154985947474958,0.00938318507759385,0.20453086293705,0.787650852471263,1.94223944219887,1.11631436129806,1.19845807486672,3.16042707918615,5.30678657115583,1.08884936114442,2.19040487440918,2.78501702156017,4.96253255078906,4.18877073461455,9.40543475850765,5.63058112994969,1.58011911213473,2.91551437375661,4.69292529223214,4.92284119131449,5.53904086850376,..,..,..,..,..
St. Martin (French part),MAF,Exports of goods and services (% of GDP),NE.EXP.GNFS.ZS,..,..,..,..,..,..,..,..,..,..,..,..,..,..,..,..,..,..,..,..,..,..,..,..,..,..,..,..,..,..,..,..,..,..,..,..
St. Martin (French part),MAF,Fuel exports (% of merchandise exports),TX.VAL.FUEL.ZS.UN,..,..,..,..,..,..,..,..,..,..,..,..,..,..,..,..,..,..,..,..,..,..,..,..,..,..,..,..,..,..,..,..,..,..,..,..
St. Martin (French part),MAF,Ores and metals exports (% of merchandise exports),TX.VAL.MMTL.ZS.UN,..,..,..,..,..,..,..,..,..,..,..,..,..,..,..,..,..,..,..,..,..,..,..,..,..,..,..,..,..,..,..,..,..,..,..,..
St. Vincent and the Grenadines,VCT,Exports of goods and services (% of GDP),NE.EXP.GNFS.ZS,..,..,..,..,..,..,..,..,..,..,..,..,..,..,..,..,..,..,..,..,..,..,..,..,..,..,..,..,..,..,..,..,..,..,..,..
St. Vincent and the Grenadines,VCT,Fuel exports (% of merchandise exports),TX.VAL.FUEL.ZS.UN,..,..,..,0,0,0,0,4.24255707588636E-05,0,0,0,0,0.00178779058218407,0,0,0.000330114442424327,0,0,0.00922107011131294,0,0.000984389652510453,0.000406347277908394,0.00213569092699155,0.00117666872751556,0.000481629370627451,0.000885660871928843,0.0075001228049118,4.936099721061E-05,0.000156746171494033,0.0355111551676567,0.000566106728655353,0.00896749106470206,0.127187932824762,0.0296524826098655,..,..
St. Vincent and the Grenadines,VCT,Ores and metals exports (% of merchandise exports),TX.VAL.MMTL.ZS.UN,..,..,..,0.00102716436671287,0.227262867253165,0.0274696560104642,8.49975373026036E-05,0.000261624353012992,0.0131536652769595,0.0784281712830177,0.0714277088903865,0.0915865683390645,0.0534957706613413,0.001395085630749,0.133162897071613,0.00309777034810686,0.0427757262012383,0.265095739534328,1.14826437926426,1.69667310572261,1.92629512001782,1.36661867422287,2.45168953411327,0.721602537320296,0.135554960686441,0.296389267761542,0.107003458529325,0.189189733197777,0.4323342066836,0.561131287387612,0.50565329870237,0.29005424716515,0.20767748079,0.575679248473049,..,..
Sub-Saharan Africa,SSF,Exports of goods and services (% of GDP),NE.EXP.GNFS.ZS,22.9940850753201,20.8579624623236,23.5111284642744,23.7319241653589,24.1869041614047,22.3086999730637,21.2736078942205,20.3810905678591,19.2207642480547,26.8513918781965,27.7254967676308,27.9982625128668,27.2660619835398,26.1388909337674,26.3546484973311,27.5646972345156,27.7606962608452,29.3093046431623,31.2963572692035,25.727325040044,27.3972650557822,29.2468138505998,27.4943845206998,25.5748925774093,24.0437642979756,21.4247121363613,21.8516601511554,23.5031539755267,24.4669321790451,20.7401046538348,19.2910170806494,22.9237559194339,24.4095221942346,24.893994247971,28.0149452901749,27.8582494939805
Sub-Saharan Africa,SSF,Fuel exports (% of merchandise exports),TX.VAL.FUEL.ZS.UN,..,..,..,..,..,..,32.1724388656237,29.4856886413585,31.3738576028294,31.5459779942815,32.3381154312273,31.5717066192503,31.7161834216939,31.2252811123467,..,..,33.3770471620202,40.9959196303308,39.8486108927534,39.7207405171586,38.9505695035413,41.0007628162926,40.0228713476576,39.1682186667108,39.8862425800783,35.6987539098296,34.9269695603725,38.4251995406555,39.2693532239089,38.5090086543385,37.0126148255559,36.4689248042823,40.7299089414477,39.1359413177757,40.1205374426295,..
Sub-Saharan Africa,SSF,Ores and metals exports (% of merchandise exports),TX.VAL.MMTL.ZS.UN,..,..,..,..,..,..,9.32446262345912,7.91626221638287,7.91270727757552,12.0519409737905,8.2835144415083,13.3045097776318,9.17579685425962,11.2782497505544,..,..,16.0650171101689,15.0444764071408,14.5201233444748,13.4157993938214,14.3687310088564,14.0464524689498,12.6854738357047,13.6064322711528,13.0557308029612,13.6683466318966,12.6759446580907,12.9646430075462,13.0753651460006,14.7696989508982,16.8727871433628,18.4365913647243,16.5404828960384,16.0483100686253,16.141392869176,..
Sub-Saharan Africa (excluding high income),SSA,Exports of goods and services (% of GDP),NE.EXP.GNFS.ZS,23.0244841796135,20.8868215255855,23.5510708754494,23.7737372401326,24.2308156845777,22.3456349315487,21.2821645629616,20.3981049033069,19.2342453037052,26.8748692891576,27.6360524399541,27.883049091943,27.1592018327427,26.0349227993974,26.2811804404149,27.4940853613194,27.6873166232728,29.2456297823127,31.2395428607061,25.6646107868924,27.3497537668772,29.1982019030933,27.4407458971481,25.5172035839508,23.9805947846053,21.3563325163818,21.7742828741681,23.4193239023706,24.3935062550149,20.6737288524133,19.251953492387,22.8786619776838,24.3412709347731,24.8199642781942,27.9446912332729,27.792502296504
Sub-Saharan Africa (excluding high income),SSA,Fuel exports (% of merchandise exports),TX.VAL.FUEL.ZS.UN,..,..,..,..,..,..,32.2375344602609,29.5431537406882,31.4399095047429,31.6090298401802,32.3986980301861,31.6291280870012,31.776604208856,31.2833654145889,..,..,33.4398075767487,41.0587336639972,39.9096308864771,39.7825098410499,39.0106090400351,41.061943737406,40.0859310938564,39.2288054246183,39.9492266140935,35.7526548047169,34.9796008146419,38.4832977286233,39.3287308659394,38.5680799954057,37.0532055045498,36.5245393110828,40.7919908984178,39.1957601666096,40.1950848889406,..
Sub-Saharan Africa (excluding high income),SSA,Ores and metals exports (% of merchandise exports),TX.VAL.MMTL.ZS.UN,..,..,..,..,..,..,9.34266862558344,7.93148582924438,7.92878306537654,12.0756564651504,8.29847593766897,13.3285053735722,9.19310479869305,11.2987575575243,..,..,16.0947843555379,15.0674943483667,14.5423488404998,13.4366789242368,14.3907915494833,14.0685561343489,12.7052769496582,13.6274360859507,13.0763176681661,13.6889849941169,12.6948765153957,12.983746099028,13.0947197741705,14.7918977756396,16.8989928578521,18.4637488828591,16.5646208679306,16.0549714201292,16.1458947559372,..
Sub-Saharan Africa (IDA & IBRD countries),TSS,Exports of goods and services (% of GDP),NE.EXP.GNFS.ZS,22.9940850753201,20.8579624623236,23.5111284642744,23.7319241653589,24.1869041614047,22.3086999730637,21.2736078942205,20.3810905678591,19.2207642480547,26.8513918781964,27.7254967676308,27.9982625128668,27.2660619835397,26.1388909337674,26.3546484973311,27.5646972345156,27.7606962608452,29.3093046431623,31.2963572692035,25.7273250400439,27.3972650557822,29.2468138505998,27.4943845206998,25.5748925774093,24.0437642979756,21.4247121363613,21.8516601511555,23.5031539755267,24.4669321790451,20.7401046538348,19.2910170806493,22.9237559194339,24.4095221942346,24.893994247971,28.0149452901749,27.8582494939805
Sub-Saharan Africa (IDA & IBRD countries),TSS,Fuel exports (% of merchandise exports),TX.VAL.FUEL.ZS.UN,..,..,..,..,..,..,32.1724388656237,29.4856886413585,31.3738576028294,31.5459779942815,32.3381154312273,31.5717066192503,31.7161834216939,31.2252811123467,..,..,33.3770471620202,40.9959196303308,39.8486108927534,39.7207405171586,38.9505695035413,41.0007628162926,40.0228713476576,39.1682186667108,39.8862425800783,35.6987539098296,34.9269695603725,38.4251995406555,39.2693532239089,38.5090086543385,37.0126148255559,36.4689248042823,40.7299089414477,39.1359413177757,40.1205374426295,..
Sub-Saharan Africa (IDA & IBRD countries),TSS,Ores and metals exports (% of merchandise exports),TX.VAL.MMTL.ZS.UN,..,..,..,..,..,..,9.32446262345912,7.91626221638288,7.91270727757552,12.0519409737905,8.2835144415083,13.3045097776318,9.17579685425962,11.2782497505544,..,..,16.0650171101689,15.0444764071408,14.5201233444748,13.4157993938214,14.3687310088564,14.0464524689498,12.6854738357047,13.6064322711528,13.0557308029612,13.6683466318966,12.6759446580907,12.9646430075462,13.0753651460006,14.7696989508982,16.8727871433628,18.4365913647243,16.5404828960384,16.0483100686253,16.141392869176,..
Sudan,SDN,Exports of goods and services (% of GDP),NE.EXP.GNFS.ZS,4.02284234619564,3.33616500509375,5.24569682090922,4.23007509178415,4.69043746945676,4.96944197111298,6.16027363926995,5.34364674504041,6.70210650697895,7.77940723822228,15.9845570577283,9.5605178619468,11.4095829536873,12.2525341182648,14.300391937677,14.458821843369,15.0949253001601,16.9005341241689,20.2654316259622,14.5541979940253,17.4756063457453,12.4787060282521,6.85645263673087,9.50689116839014,7.60891112283276,6.42291092918573,5.00449100738247,6.11214425821293,7.65020198466392,8.45298341762853,5.12531269468598,2.2498704277993,1.57116183055586,1.10810859308483,0.720930190156301,1.1030420269355
Sudan,SDN,Fuel exports (% of merchandise exports),TX.VAL.FUEL.ZS.UN,..,..,..,..,..,0.250503251297163,0.000422813183356645,0.000113168879237632,..,0.000108977670565365,66.686198997444,81.6761559902472,69.154548147896,79.3941833513699,82.4299602575403,85.9564188906075,89.8084265113846,94.5522940026881,94.4501109296076,91.2006730418623,84.9525613268194,82.485132408608,0.00542955620642858,5.0106381194167,50.1544816247277,53.7125503293282,10.625447909553,12.9417898676253,14.3046984999341,..,..,..,..,..,..,..
Sudan,SDN,Ores and metals exports (% of merchandise exports),TX.VAL.MMTL.ZS.UN,..,..,..,..,..,0.383573780039249,0.360169058886282,0.747696348210123,0.382416008870915,1.33867224848494,0.460937722171495,0.179100411844198,0.330233190585116,0.41099560051547,0.59751495834652,0.402155047754506,0.349035372679534,0.335207865383974,0.545178576144779,0.249499824867255,0.214431109195651,0.400279894271093,1.04079144900625,0.0836333261397869,0.558258819063773,0.421694483467272,2.23902261626485,0.818729040062267,0.686044401891745,..,..,..,..,..,..,..
Suriname,SUR,Exports of goods and services (% of GDP),NE.EXP.GNFS.ZS,..,..,..,..,..,..,..,..,..,..,..,..,..,..,..,..,52.7477102414654,54.1247984121077,56.9086409568983,44.1248354953939,52.5473192695739,..,..,..,..,..,..,..,..,..,..,..,..,..,..,..
Suriname,SUR,Fuel exports (% of merchandise exports),TX.VAL.FUEL.ZS.UN,..,..,..,..,1.7892274536869,2.23158972801277,3.19949279906926,4.9464562866896,4.45956726458997,..,0.528036150969712,0.806963862987819,2.3515328254537,1.47668364193191,2.11062852087501,2.87744571746287,4.73431803965722,4.50358008606127,10.9907802662005,4.49743857000698,13.0155883378502,8.96836701330816,5.31565595692279,8.01445757640754,10.6347481949111,0.000786774138635102,..,6.82415992288861,0.0125714234070272,0.00152713645779294,0.000914915962686836,3.32497522013282,7.16006554262453,0.0169201822896738,3.1404327843252,..
Suriname,SUR,Ores and metals exports (% of merchandise exports),TX.VAL.MMTL.ZS.UN,..,..,..,..,79.3317165461588,75.1027522913897,66.1708204991239,76.2697459795584,80.7017149798206,80.8779759696713,0.0391637417408621,0.0435219570453215,0.186358015395229,0.101216137699506,0.181339482302297,0.146094386423322,0.227621018985144,0.350272925378514,0.302921501407796,0.264139279409153,0.256200614780289,0.360168963523823,0.430536274855499,0.369679086339385,0.348019789328195,0.20871706618307,0.125610426672316,0.329613334121727,0.316538273973665,0.32483152120101,0.237126388461746,0.760178456916599,0.549141405957667,1.10150303041812,3.9843319988084,..
Sweden,SWE,Exports of goods and services (% of GDP),NE.EXP.GNFS.ZS,28.0991330492269,26.260096114182,26.1221000092743,30.6029612748006,33.8120706636247,37.3398580855886,36.1265676923344,39.2316334636844,40.1302607304204,40.1768255234438,43.245425579392,42.8995075024433,41.1616688311214,40.3360837488571,42.7189306670309,45.3316169745966,47.5983472649069,47.7240209109834,49.0140992896845,43.4591254566978,44.8770299089346,45.4141189699788,44.8335680407679,42.736274814874,43.4587323957165,43.7114624281719,42.9375471367813,43.9177471861903,45.9408514773526,48.2886583812982,44.2873771533388,47.4842370278491,54.3120633586152,55.1958779701806,54.4971396815443,53.2286033614108
Sweden,SWE,Fuel exports (% of merchandise exports),TX.VAL.FUEL.ZS.UN,3.04581086959941,3.229380575703,3.18292058616615,3.400693234578,2.53423570979634,1.87513121284386,2.1758397938844,2.17679298733637,1.82634559158328,2.13463141544205,3.31858715765176,3.33532324710113,2.89073046611425,3.12791621451129,3.84503652460961,4.97850612726257,5.57557405608037,4.97189729555259,7.36848254501507,6.14691587571342,6.98170290674573,7.30520174490473,9.38407844374559,7.84874568644373,8.08175321120022,6.17712163770696,5.64525345959308,6.43406589912351,7.4346745116462,6.36260198244691,4.5414669608976,6.95473124929989,10.1622003847406,7.47686102725083,7.12163407305459,..
Sweden,SWE,Ores and metals exports (% of merchandise exports),TX.VAL.MMTL.ZS.UN,3.39246176436261,3.19877414691567,3.20976138908937,3.13198368011123,2.90742326414233,2.91918406722869,2.64916229396788,2.84722669997725,2.531083063932,2.52773537783698,2.3575459313613,2.467299446145,2.4167864230731,2.33474581873445,2.65485241504412,3.08552531635167,3.8634693315986,3.88152149242944,3.99775423131116,3.70919048007781,4.81890262733144,5.21123306380418,5.2789312392961,4.66026191009486,4.67743376747936,4.00896573366298,3.99595434992421,4.76473096014425,4.56420997427681,4.37747790322695,4.98753114074155,6.00596153517669,5.48872826646114,5.1056533111485,5.53625805390112,..
Switzerland,CHE,Exports of goods and services (% of GDP),NE.EXP.GNFS.ZS,40.5102531770047,39.0002956142302,39.8971086128056,39.9773272214609,39.2431748501674,39.1992056580806,40.31388424433,45.8616805097285,45.3746246784868,46.1684854176937,50.8536330810172,49.4335424078329,47.8008974246151,47.1639744765375,50.8466167037044,53.3710182552627,56.1815905395898,61.0846070566273,62.7755226114318,57.6099783739418,64.3662982851714,66.2018319881441,67.4290703358076,71.5387969810933,64.7317061911352,63.254588058839,66.2372910110226,65.6423588005133,66.7444127590223,66.1484505764437,63.5682266863333,69.9421328454497,74.9648944789973,70.3187381654557,71.202289539209,78.0527434720482
Switzerland,CHE,Fuel exports (% of merchandise exports),TX.VAL.FUEL.ZS.UN,0.0710629979241922,0.149607999397433,0.107529360739843,0.133320756352767,0.130740537062792,0.100227817143182,0.119050012386532,0.237382048453701,0.202739377477747,0.219329699351279,0.359210741124484,0.323285806119116,2.01166143611286,2.01154346324827,1.85628442811306,2.13026998220451,2.53655172319853,2.10764465051033,2.55296088355365,2.39168704251515,2.81909988892528,3.11448555253805,2.34454491424553,1.01914238115344,1.11392904766745,0.949399913937568,0.61728947027059,0.691126392932899,0.936365801100422,0.812850763704472,0.610244776322465,1.12619429120116,2.46227430117859,1.46216131906984,1.20770479250597,..
Switzerland,CHE,Ores and metals exports (% of merchandise exports),TX.VAL.MMTL.ZS.UN,2.62780716400872,2.64344497122097,2.48706360109913,2.15668178044942,2.56787831773854,2.52374686335285,2.47212349476364,3.22692080489058,3.35447407288013,4.09871482882512,5.64125825975811,4.05797097794386,3.64695686219904,3.06662604068372,3.12039211621662,2.72136103638806,3.5014418517828,3.05194762079875,3.05437539041993,2.39258904866423,4.0129442729803,3.71805123531328,2.92128708262365,2.40172909909558,2.20032513980616,1.63770810947011,1.47295448047255,1.63892100363295,1.69967135131589,1.88762308659221,1.99548928724067,2.17657553050765,1.92124997304165,1.56807129365079,1.49057879417026,..
Syrian Arab Republic,SYR,Exports of goods and services (% of GDP),NE.EXP.GNFS.ZS,28.3391968039116,24.4052586306505,26.2564916718241,27.8652825947723,33.0619777475247,31.0397127720128,31.8259784586391,32.420741742213,30.5291709469615,32.3167605104189,36.116189966638,37.1775993576046,39.5285551068958,32.2077747976797,40.4490850461999,41.0424192872822,39.0114086305371,38.5943730477159,37.5620696796799,29.0594177991279,32.1667841253209,19.3693262797983,7.71461782136059,7.77801797227006,7.01577957143612,14.2911061178655,21.6801002606147,19.3396763257828,14.9170302242434,13.0100655511925,13.1892633653515,14.9508204374067,6.7771895571266,..,..,..
Syrian Arab Republic,SYR,Fuel exports (% of merchandise exports),TX.VAL.FUEL.ZS.UN,..,..,..,..,..,..,..,..,..,..,76.3427907452439,77.4366457103699,72.166474936787,71.3450037704146,67.6287275526281,67.8265560151955,40.3468565868188,41.1071680586458,38.5735492232992,37.8241187413365,49.8858724288123,..,..,..,..,..,..,..,..,..,..,..,..,..,..,..
Syrian Arab Republic,SYR,Ores and metals exports (% of merchandise exports),TX.VAL.MMTL.ZS.UN,..,..,..,..,..,..,..,..,..,..,0.75633110531875,0.0438075381503897,0.827703116152759,0.869046643727821,1.06286010191439,1.25954881691309,1.15322881237854,1.16946728726448,4.09131667695063,2.20676154252829,2.663429877637,..,..,..,..,..,..,..,..,..,..,..,..,..,..,..
Tajikistan,TJK,Exports of goods and services (% of GDP),NE.EXP.GNFS.ZS,..,..,..,28.554860973609,38.0613861386139,65.5830945558739,76.605804150454,87.4179853338479,48.8637471959427,66.0966542750929,86.7521128337158,68.1410406427958,62.8092317719906,63.9307766623262,58.7453180484166,54.2419448838565,58.1562258976776,45.8592358876636,34.0147964082001,24.4709988607994,14.9390256242133,16.4476856516722,17.2772798792139,11.088143661398,9.17009118973376,9.80269842951246,13.2003292553609,14.9285396132184,14.3754784742862,14.9799392742745,17.3243145704475,24.1819298886089,16.3531240454317,17.1918374601415,11.2126477768242,..
Tajikistan,TJK,Fuel exports (% of merchandise exports),TX.VAL.FUEL.ZS.UN,..,..,..,..,..,..,..,..,..,..,13.306930349854,..,..,..,..,..,..,..,..,..,..,..,..,..,5.51644345733579,5.49192101578871,5.81923896321381,5.25467690168705,7.36617456242305,3.98604005919133,7.8481141362019,6.50457125272094,7.0095165575397,8.01704211635926,..,..
Tajikistan,TJK,Ores and metals exports (% of merchandise exports),TX.VAL.MMTL.ZS.UN,..,..,..,..,..,..,..,..,..,..,53.9257827733532,..,..,..,..,..,..,..,..,..,..,..,..,..,51.6850011417489,42.6690219316894,51.5458244203429,62.2793348129521,58.7751933427573,56.9267333181742,48.1251680938906,40.4377820028109,62.3955743796389,52.7838225011079,..,..
Tanzania,TZA,Exports of goods and services (% of GDP),NE.EXP.GNFS.ZS,8.69128210429253,7.06674724228411,8.56780347564227,12.3836795987773,14.1953734821442,16.5785388739363,13.7292988906544,11.1682496079147,10.1054639176195,10.1668469916001,10.8128051973219,13.837039970742,14.2816416273557,15.0931227613293,16.0455833088341,16.9833670564514,18.4149914479089,19.8306255869655,19.4646113550857,18.1942658314265,19.6075287366869,21.6342823266739,22.372111684507,19.0127876013666,18.0692092760813,17.1049115530965,16.349975063904,15.6634915658043,14.7391433931711,16.0367461484986,13.5038738462361,14.1200223265815,15.4137105201683,17.1954298762755,19.7325494051531,18.9846818575722
Tanzania,TZA,Fuel exports (% of merchandise exports),TX.VAL.FUEL.ZS.UN,..,..,..,..,..,..,..,0.346825306985033,1.54079143166946,0.324892268252249,0.102821315130766,0.122563598729357,0.0812585603414405,0.0582492548746596,0.12217167726015,0.129026854555102,0.145882226834011,0.644600677919283,2.21753896919901,0.710369569143214,1.90135698578723,0.757162545025763,1.25025665065363,2.25065372364093,1.67367486325445,2.19577000835359,0.872530009193527,1.13284838395326,0.886836468069654,0.824331183688424,0.824710521238149,0.912020513109267,3.08582937747335,3.5711825305577,2.24873032924646,..
Tanzania,TZA,Ores and metals exports (% of merchandise exports),TX.VAL.MMTL.ZS.UN,..,..,..,..,..,..,..,0.347058518834664,0.886680133773829,0.771190646366719,0.443287698041927,6.439722843554,8.74938757282012,6.17005787028101,8.33073598329359,7.65185121660297,11.1375397749838,12.6269052492145,12.7364924429117,17.8323997537099,25.4274314948111,22.5778719904617,16.2993206590418,10.0805702581627,13.3403283009553,9.71497005387568,7.39038816130408,2.37246365533661,1.33472814164304,1.19349009849919,7.16842722557704,3.952845900026,5.47998490709586,4.97181072389695,5.64619619149418,..
Thailand,THA,Exports of goods and services (% of GDP),NE.EXP.GNFS.ZS,34.1319282448808,35.9643095170182,36.9724756680199,36.8172895601126,38.2421139088502,41.532345065243,39.018420197111,48.2370587073887,57.9373028444006,56.4385428614735,64.840250738685,63.250689756653,60.6457526009701,61.522551633189,65.9718573391185,68.402716900887,68.6753420333013,68.8722751702483,71.4164181071068,64.4386124917652,66.4861731592239,70.8549093801611,68.9512356297981,67.1711410731483,68.3941351612178,67.6366902705865,67.0708839693011,66.6728324663767,64.838096899332,59.5188906218859,51.3388189664423,58.4211124446229,65.3338320015535,65.5135882745017,69.6726291658353,71.1480976123329
Thailand,THA,Fuel exports (% of merchandise exports),TX.VAL.FUEL.ZS.UN,0.831940210292347,0.99633759846298,0.984360024320964,1.05736082258548,0.771732921335807,0.712209611067757,1.64432746355133,2.35021505110974,1.54998056285062,1.81982875296307,3.20587080220916,2.78708983762126,2.6712090250728,2.64684449404633,3.54811625679733,4.3299915080277,4.98295530009268,4.45405635204966,6.42325899751744,5.10728746220298,4.9376917798405,5.62505333864812,6.50877994657611,6.26560639926067,5.26621612167818,3.93607403286042,2.90326663511656,3.48826255211954,4.22547410116581,3.44094593348334,2.65541449875509,3.58403042035946,3.88472768383787,3.86700213725135,3.42247697644995,..
Thailand,THA,Ores and metals exports (% of merchandise exports),TX.VAL.MMTL.ZS.UN,1.03908829044852,0.685725930015671,0.59465863765922,0.527760392929132,0.534114306335493,0.617369350881412,0.696275878938974,0.952827964192969,1.04050941479637,1.00963415715529,1.1563108263753,1.07137652405813,1.11668522195147,0.989806399078282,1.1496641197681,1.24270806747185,1.50426840498653,1.78117708143106,1.2994420060433,1.06440966686133,1.27347411007709,1.38498108484036,1.31509391319902,1.28548754173568,1.3163815435656,1.13618740026878,1.19789494768318,1.48384617050478,1.61255552650403,1.64938216526872,1.85814213636656,2.56033524529213,2.64263355598009,2.33563248838574,2.78898927714551,..
Timor-Leste,TLS,Exports of goods and services (% of GDP),NE.EXP.GNFS.ZS,..,..,..,..,..,..,..,..,..,..,10.6180757175254,8.97204684186524,7.80444578879148,6.86607164885508,7.47443122521394,7.13646629228067,9.22930837977895,9.99695281131712,9.3464139161628,9.16632757300556,8.56463357399678,6.40579219145341,7.12282485534938,5.58459338120037,4.57179901393762,3.05030729133392,3.15642288166413,2.40901131594702,2.93153176057974,21.2143177359833,36.6662147455271,63.512788038414,55.6119352867897,22.9230944694195,10.5575525825886,..
Timor-Leste,TLS,Fuel exports (% of merchandise exports),TX.VAL.FUEL.ZS.UN,..,..,..,..,..,..,..,..,..,..,..,..,..,..,0,0,..,..,..,..,..,..,..,..,..,..,..,2.00942216935424,0.00850496745962208,83.1835532250999,93.5117422163185,93.1332287570022,68.6133661101721,67.3710544691603,..,..
Timor-Leste,TLS,Ores and metals exports (% of merchandise exports),TX.VAL.MMTL.ZS.UN,..,..,..,..,..,..,..,..,..,..,..,..,..,..,0.000143426258249878,0,..,..,..,..,..,..,..,0.0410380731730713,..,..,..,0.259350202320542,0.319096505701208,0.0441639666989068,0.0206415451127129,0.0174046353746236,0.018868788949626,0.063626117225633,..,..
Togo,TGO,Exports of goods and services (% of GDP),NE.EXP.GNFS.ZS,26.2431662207092,25.2755212204384,20.9734692071733,17.4744220687562,25.8206173525239,22.757328411858,24.9487642090534,22.4803455277269,23.0714679668889,21.3398045064219,20.1566604038007,20.5095258930009,21.4381414951577,23.2296007315538,23.5743613846765,25.1826385889901,25.0476964469213,24.6220782432091,25.3265405456755,25.861394271016,27.725448533842,31.4946443044053,32.9891841943212,34.1111182093587,29.138898093163,26.7106298715077,26.7314987347852,25.3020773539116,24.3300490503804,23.9067157858872,23.0702588042531,23.134296059825,25.0092104865492,24.5820517950579,..,..
Togo,TGO,Fuel exports (% of merchandise exports),TX.VAL.FUEL.ZS.UN,..,2.34615771254024,..,..,0.577533278969365,0.000210312372761015,0.0191129096658626,0.00265822940682513,0.00415459077180286,0,0.646721411165284,0.409219102211552,0.533479697726589,0.346442128078205,0.366559632933694,1.24822513505645,..,0.00463204022037913,7.3944656246369,0.0360564758677565,0.0996200817549501,0.717613946994863,1.8449525964001,0.995085721621672,1.39324210617526,4.63562887731634,1.90111905444501,8.28761016730883,13.029113502464,15.2883516784544,2.34573498901327,2.54671881262005,1.70661010633555,1.94652343603962,1.82642001645616,..
Togo,TGO,Ores and metals exports (% of merchandise exports),TX.VAL.MMTL.ZS.UN,..,49.2761875879208,..,..,42.1404004546313,32.1437128683946,36.4993662979341,34.6549236565574,40.1651181127779,26.6477311835323,25.5057916123775,20.5086835969488,16.7416940474733,9.24136066925989,12.6916701690283,10.2685491438283,..,12.7952856450931,18.3558829810484,19.4071524468103,13.0495189234842,14.2058822449102,17.9715547687622,19.0603278855612,19.9518236467291,12.9963915509866,14.8244197612232,8.63388209198161,11.7056150408771,8.53426798670881,12.3894738229348,14.7940324439184,28.4433162164688,26.975189515959,20.7477406306692,..
Tonga,TON,Exports of goods and services (% of GDP),NE.EXP.GNFS.ZS,33.8701785859904,22.9032973187408,23.6419666164795,19.8940887984557,17.1849136203547,16.9589949332279,20.1195735322766,20.8601992992976,19.5879748835682,15.7526078586222,15.214150204456,13.3668244461427,18.256309233981,19.3878295586907,19.5645378976463,17.8418396894625,14.5601745075368,12.2199248588783,15.9897857656292,13.6211689503155,12.5005634416983,16.2529188382085,17.0563243514826,20.3036338500243,16.9270405834471,16.9581444477641,24.5055613432264,22.1761359825348,21.2114178638051,22.2333008455097,19.7051222870647,11.0814138080371,10.7634055427571,14.7440210892371,16.8991227673575,..
Tonga,TON,Fuel exports (% of merchandise exports),TX.VAL.FUEL.ZS.UN,..,..,..,..,..,..,..,..,..,..,0,0,..,..,..,0.00015220791276173,..,..,0,0.0577899536538936,..,..,0.000627710156638937,0.163251711013709,0.000136818670385216,..,..,0.00224189500111809,0.00438876910332535,0.00463581123447533,0.00308319758126392,0.00110217653287937,0.00819857054237116,0.00849687157590321,..,..
Tonga,TON,Ores and metals exports (% of merchandise exports),TX.VAL.MMTL.ZS.UN,..,..,..,..,..,..,..,..,..,..,0,0,..,0.123631680776923,0.584910097593016,0.469642588423411,0.154851855104225,1.44573070639178,19.7321675028637,1.54885027361735,1.50404279880703,2.17875312872624,2.49705986334678,3.31934538079337,5.82776390132419,..,..,0.0508092745092541,0.108257657853997,0.346181381753334,0.225097004293308,0.57061476983779,0.160033769317215,0.95672762850806,..,..
Trinidad and Tobago,TTO,Exports of goods and services (% of GDP),NE.EXP.GNFS.ZS,..,..,..,..,..,..,..,..,..,..,..,..,..,..,..,..,..,..,..,..,..,..,..,..,..,..,..,..,..,..,..,..,..,..,..,..
Trinidad and Tobago,TTO,Fuel exports (% of merchandise exports),TX.VAL.FUEL.ZS.UN,..,66.0853479556096,65.3557272071965,56.4877480289832,49.1603864002122,47.8634353599253,52.5689064358333,48.2283799457016,44.5407151488861,54.0829141608523,65.2767623958138,51.8908191008227,60.0829711319212,68.2654581398313,60.2063701255845,70.197056162298,76.4552383952739,66.0755016748446,69.9704650947023,78.9953016332006,66.1219789511805,59.0819297966593,57.7826792923969,63.7733597433398,59.6473978210789,49.3249076151988,37.9854222651475,52.8728277639535,54.8147436915782,43.1589413099804,29.2295729004686,23.7683810299102,28.8193289128539,27.8972629571135,31.3102540191418,..
Trinidad and Tobago,TTO,Ores and metals exports (% of merchandise exports),TX.VAL.MMTL.ZS.UN,..,0.0656840240432754,0.0909238927774615,0.117752423032233,0.0929206584289796,0.220935130592225,0.351689501870369,0.400553641863032,0.461324274675606,0.278496543689982,0.146665900488477,0.15048661514101,0.206390272379381,0.1909207079365,0.228356130176136,0.418130554026797,0.318617090225899,2.84379093378492,2.92849978893305,2.47563274602388,0.308859878720351,0.419406020175253,0.3619512574049,0.716669840864406,0.513719638878181,3.43591047689388,3.69452325219084,0.38432209586331,0.549153041636741,0.777561785050153,2.57243662842193,0.770894440188744,0.464563420310877,2.67042704744757,0.773937569548522,..
Tunisia,TUN,Exports of goods and services (% of GDP),NE.EXP.GNFS.ZS,43.5570513235389,40.3656225059856,39.5350873352887,40.4453392893678,44.9322743426627,44.9043502738714,42.1093762292631,39.1140807378157,38.5197865270366,37.9790415861375,39.7300345865581,42.8168233248494,40.7848345956986,39.4835638279828,42.198076650746,44.9322920398366,46.0285163540679,51.0782219815701,55.6528299429018,45.039811033928,47.9597286942428,46.0546537716688,45.9128477724564,44.889705324588,42.947465118132,38.3998387567342,38.2952955757822,41.7207863819275,45.4857481712255,45.9503306922947,37.9918009809033,41.7802023040094,51.325939710781,53.0393939110608,50.0016900287054,46.6517326028796
Tunisia,TUN,Fuel exports (% of merchandise exports),TX.VAL.FUEL.ZS.UN,17.2759492166608,14.318603127346,15.1006878334975,11.464691497188,9.47779972637927,8.46757485226644,10.5068542518327,9.07238272997987,6.43503899084677,7.16274487264385,12.0878012010152,9.23624419584617,9.35398364910013,10.0082146574565,9.57818211201145,12.9344851365638,12.9823968293614,16.1951851598677,17.3145503371259,13.6321769184984,14.1724455435595,14.5522463732087,16.7803635249074,15.2132858501248,13.186068132323,7.20969744410097,5.6449759317471,5.96058193974094,5.68962559679174,5.52195852371031,5.66992261834971,6.55409542266409,8.02677004326783,6.20798342748048,6.23208030817829,..
Tunisia,TUN,Ores and metals exports (% of merchandise exports),TX.VAL.MMTL.ZS.UN,1.64847717917162,1.06270642688407,1.29977293707457,1.44795640177375,1.34778034345683,1.72007982017968,1.59311248157018,1.24630124686457,1.24283989819942,1.36055161989261,1.54101349196287,1.39400822278712,1.38670442651623,1.33578364625531,1.06995980926129,1.1528723753659,1.24100072200247,1.36955082361609,1.71851769670089,1.24526974063459,1.56058678205267,1.65292293453506,1.69041089721155,1.49740188611581,1.59015720781767,1.39887400159344,1.62468650036307,1.82183831733188,1.83645151845132,1.75045612626091,1.83166986977073,2.02720053386233,1.77628583182134,1.42589803126179,1.52690825348576,..
Turkiye,TUR,Exports of goods and services (% of GDP),NE.EXP.GNFS.ZS,13.3651028519296,13.8411301141106,14.3922357339889,13.673802849848,21.3621312072128,18.3238507569896,19.5581113911938,21.4390354082889,20.6544822015948,18.8307575753475,19.9334162657424,27.2970601933763,25.2651261294128,23.1946607252779,23.8544386839448,22.118798245903,22.6756853295786,22.1875803331528,23.9213779600098,23.7578595278795,21.5899457839207,23.4903574412774,24.9658181147838,24.403259811358,25.8173246854016,25.280784580735,23.6322024334399,26.5394989930636,31.7278536539697,33.0298811646869,28.7400043468285,35.0536332850518,38.1412107474416,31.9135926809724,27.5682232095509,24.8497719904256
Turkiye,TUR,Fuel exports (% of merchandise exports),TX.VAL.FUEL.ZS.UN,2.28672641443985,2.1360114238579,1.58431168593657,1.14999600461613,1.34672958634563,1.3351202005954,1.15433351411723,0.733053541974595,0.963152688359028,1.26662402852161,1.06880006174656,1.41871774710539,1.91007933015807,2.07422147897293,2.26412471797319,3.59438376037657,4.16931750474639,4.79888088392976,5.70452546862763,3.83892447047593,3.83635976512141,4.75328243521876,4.90475359189769,6.11133521147795,4.36813821626103,3.26418101924191,2.13742856858285,2.75372472293348,3.12270042185464,4.49416367984142,2.69239035084596,3.69000155336288,6.32564856668837,6.36477511937887,6.16442555598186,..
Turkiye,TUR,Ores and metals exports (% of merchandise exports),TX.VAL.MMTL.ZS.UN,4.47239868523898,3.37041967517524,2.91049650236219,2.59469081658141,2.62345553332915,3.30526954295593,3.06030333573608,3.04631392332155,2.87914953975665,2.78892828430064,2.58742298214187,2.22073372004527,2.00856035026057,2.00613415868092,2.17626873029513,2.46801961858388,3.30022892926736,3.46792498148786,3.30885763140431,3.06416488010223,4.33438550944431,4.16567762541554,3.9116817174711,4.12529656355575,3.77275740316469,3.54672011566835,3.44890074870409,3.91929179921383,4.06888580471921,3.71998956366181,4.03207772591812,4.95569588303999,5.23576905684485,4.3728944868115,4.29374178896157,..
Turkmenistan,TKM,Exports of goods and services (% of GDP),NE.EXP.GNFS.ZS,..,38.9830508474576,67.125,84.6956087824351,84.9552752293578,83.9729294478528,74.5806451612903,39.018901890189,29.7249017506252,35.6768885564697,55.2364541451273,41.4921647483012,35.4111405835544,32.6066829391465,29.6938499051748,30.6869716141313,35.1161849970785,36.7777777777778,57.3741661613099,47.0830223394838,52.6355697461235,70.3698712116666,69.801042627073,59.0707460188161,55.8162630195737,33.9780175420394,21.8624382074838,20.5342779225867,28.5804543766076,24.6892177117083,16.9174857943831,20.7809265461685,25.1758780467474,21.6753202584741,17.5725615007301,14.4706421310531
Turkmenistan,TKM,Fuel exports (% of merchandise exports),TX.VAL.FUEL.ZS.UN,..,..,..,..,..,..,..,76.5301378305115,58.5146934818278,64.1385878655064,81.0096342435514,..,..,..,..,..,..,..,..,..,..,..,..,..,..,..,..,..,..,..,..,..,..,..,..,..
Turkmenistan,TKM,Ores and metals exports (% of merchandise exports),TX.VAL.MMTL.ZS.UN,..,..,..,..,..,..,..,1.29128786049788,1.55192857504825,0.711618123613368,0.399116592549954,..,..,..,..,..,..,..,..,..,..,..,..,..,..,..,..,..,..,..,..,..,..,..,..,..
Turks and Caicos Islands,TCA,Exports of goods and services (% of GDP),NE.EXP.GNFS.ZS,..,..,..,..,..,..,..,..,..,..,..,..,..,..,..,..,..,..,..,..,..,..,..,..,..,..,..,..,..,..,..,..,..,..,..,..
Turks and Caicos Islands,TCA,Fuel exports (% of merchandise exports),TX.VAL.FUEL.ZS.UN,..,..,..,..,..,..,..,..,..,0.0426853921073602,0.254008583589767,..,..,..,..,0.0717247314212899,0.00156157219542911,0.0189464937483337,1.93235129326059,0.171452697169157,..,0.0217987202276068,0.0104815937297078,..,..,..,..,..,..,..,..,..,..,..,..,..
Turks and Caicos Islands,TCA,Ores and metals exports (% of merchandise exports),TX.VAL.MMTL.ZS.UN,..,..,..,..,..,..,..,..,..,0.0172566287481359,0.136789552380455,..,0.0733157012957708,0.0796844665119655,0.000926143483890614,..,0.392181758826588,0.0235785423822608,0.0248897282090127,0.245626824123737,..,1.70739062169833,0.831080495089627,..,..,..,..,..,..,..,..,..,..,..,..,..
Tuvalu,TUV,Exports of goods and services (% of GDP),NE.EXP.GNFS.ZS,..,..,..,..,..,..,..,..,..,..,..,..,..,..,..,..,..,..,..,..,..,..,..,..,..,..,..,..,..,..,..,..,..,..,..,..
Tuvalu,TUV,Fuel exports (% of merchandise exports),TX.VAL.FUEL.ZS.UN,..,..,..,..,..,..,..,..,..,..,..,..,0.138592595817551,0.172228202368138,3.09877920075449,7.16310807131073,..,..,..,..,..,..,..,..,..,..,..,..,..,..,..,..,..,..,..,..
Tuvalu,TUV,Ores and metals exports (% of merchandise exports),TX.VAL.MMTL.ZS.UN,..,..,..,..,..,..,..,..,..,..,..,..,..,..,..,..,..,..,..,..,..,..,..,..,..,..,..,..,..,..,..,..,..,..,..,..
Uganda,UGA,Exports of goods and services (% of GDP),NE.EXP.GNFS.ZS,7.2407208592859,7.46443030843186,8.76108880471829,7.06252297728641,8.74053183100128,11.7919923330531,11.9611132735901,13.359513678728,9.63904758759618,12.2515738969733,10.651409293254,11.5180826373161,11.2132791661446,11.3867248339712,12.6968807487592,14.1796999798574,15.2754133833713,16.7250685273524,24.2801423442251,18.6135663082242,13.8244828747602,12.8557239406741,15.4917287700064,16.5130356713113,14.9482109075764,12.8773253147369,12.4271644156806,16.6611294211705,15.0870530611511,17.1090580167383,15.4147985397289,15.7810081695276,12.0219954333331,11.6017089255499,16.7575931152554,21.4395980877865
Uganda,UGA,Fuel exports (% of merchandise exports),TX.VAL.FUEL.ZS.UN,..,..,..,..,0.0171159470848101,0.0847361579136495,0.00819367379602146,0.00758368720725879,2.31970782168828,0.226241146857721,5.0240653767444,2.55881071072934,3.63329549166036,2.9815736307981,2.15744861584744,1.66663556012777,4.38781819523582,1.29891752827692,1.2724566456655,1.37508672939007,1.20826334740248,5.74523774419087,6.61880937018064,1.07267010214049,2.11407660369841,1.05985415174367,1.14300324387532,2.45925296695196,5.40337893135784,4.97635328996552,2.37578872053309,3.44411222230529,4.24312411159032,2.96068890680383,2.32497095855221,..
Uganda,UGA,Ores and metals exports (% of merchandise exports),TX.VAL.MMTL.ZS.UN,..,..,..,..,0.291634416035388,0.631144513506387,0.107090419677277,0.115775172762046,1.82982278770281,0.709100501254624,4.45196880032573,3.24813087048735,1.81303780824033,0.34518152165646,0.371713098517081,2.41799274891198,2.11282581613079,2.17189206117311,2.23975133840974,2.46285043236365,1.90384686894177,1.12817381744177,1.10642751669081,0.886734970078216,0.604683661904989,0.48170424939709,0.459348713405027,0.374878241048121,0.350411758566397,0.266865230610442,0.252231889793945,0.744614230461867,1.37573978710851,1.45187874568621,0.711051042553324,..
Ukraine,UKR,Exports of goods and services (% of GDP),NE.EXP.GNFS.ZS,27.6646706586826,26.1538461538462,23.9797337572025,25.8779413649147,35.3888495217936,47.0732494907039,45.6519320649174,40.5912261554116,41.8878472215453,53.7037907269131,60.2970566860465,50.6489878063218,50.1187333965439,52.5431306448415,58.6968317186137,47.7297326846335,43.2186231235111,41.2899111443658,43.2598688559666,42.9288246983766,46.4565383259637,49.4061569340739,47.38283156146,42.8973826672717,48.5929618158503,52.5976795082231,49.2986194577187,48.1249163515559,45.2352356625927,41.2316912560049,38.8216462901934,40.6883404768688,35.4451153382041,28.300468273727,29.6719973021423,25.3335332319508
Ukraine,UKR,Fuel exports (% of merchandise exports),TX.VAL.FUEL.ZS.UN,..,..,..,..,..,..,4.34658941214644,4.24247076886311,4.11637172083702,6.0525862481321,5.5427931435479,7.2943003260882,9.17967636907921,11.9347721509607,10.4198172781886,9.76678612675717,6.65543968377137,5.33567920429434,6.13750401903014,5.36779503400886,7.11920021246899,8.32111642019338,5.29842708103909,4.52519470348902,3.73321431712067,1.27997250942501,1.22784536008362,1.81994769039643,1.81962240086264,1.72417464016213,1.12836959729539,1.12823233886,2.35030271456421,1.08400725933861,0.482782438375426,..
Ukraine,UKR,Ores and metals exports (% of merchandise exports),TX.VAL.MMTL.ZS.UN,..,..,..,..,..,..,8.16137734247608,10.396229151201,12.5382130822996,12.7800469550347,14.1301524456446,10.4403206625015,8.62422286786132,6.51814296015948,6.20671410904734,7.04988734349557,6.92489059011881,6.40853145429686,6.82167565134447,6.89443871110542,8.12828542400859,8.74589706978953,7.57914598549043,8.98527430630586,9.69361702554444,9.38171392918825,7.97283522075588,9.41641241262383,9.38430227414885,9.55193134628034,11.0877422634527,13.3174565858135,8.08380904386312,5.98222472007035,8.18038486628225,..
United Arab Emirates,ARE,Exports of goods and services (% of GDP),NE.EXP.GNFS.ZS,..,..,..,..,..,..,..,..,..,..,..,49.1592295028153,49.5033971592168,55.9231460950632,63.5677815721966,67.5853113937653,68.6278004220408,72.3840931942051,78.8678887008838,79.6533178623883,77.4455521760851,85.6286738245297,95.6008433485867,95.755207057533,94.7738651442525,93.8625203312699,94.4747232332881,94.737385589121,90.8429799324319,93.3023068879995,98.0724956970145,100.642599583908,102.051988781325,106.846123390953,..,..
United Arab Emirates,ARE,Fuel exports (% of merchandise exports),TX.VAL.FUEL.ZS.UN,..,7.29751110467935,10.3042686746707,9.11330268720246,..,..,..,..,..,91.2876718951178,93.843835816671,91.783197076844,55.7261089954946,48.2728267331956,54.0586347867889,57.7303108639363,62.2532759092846,63.7197610075105,62.304908634584,43.5246022231876,49.9895856498744,53.5351069475687,47.2314196497577,55.8450474819963,50.7904126785472,37.6515533891839,31.5589751074458,35.9982377334342,68.5381737167988,77.8387271988389,71.434331985329,70.3219846270872,73.1440771980313,68.202872587783,..,..
United Arab Emirates,ARE,Ores and metals exports (% of merchandise exports),TX.VAL.MMTL.ZS.UN,..,78.0927765118536,67.7339781897313,54.886383240713,..,..,..,..,..,4.01040426808986,3.17123176217688,3.70983529958869,2.058972392629,1.70610997692075,1.07668388293058,0.968747921724651,1.37797638535551,1.21861594925912,0.91452342479419,0.862793085303155,1.02364676133139,1.13331007043112,1.61864434587426,1.98932139408331,3.27214956130429,4.52368131648225,4.88854854395622,5.35466404065746,6.00505065769388,3.77275733996035,3.41081233456813,4.79280902285031,4.52970103395539,3.4327739631214,..,..
United Kingdom,GBR,Exports of goods and services (% of GDP),NE.EXP.GNFS.ZS,23.3296356994703,22.5955537790563,22.923527381466,24.831931347088,26.0778732038283,25.6967602854533,26.2671449164796,25.6189888987303,24.3214027865864,24.2105152537386,25.5563430576261,25.4493099773846,24.4315052325124,23.9686749011091,23.9845291728171,25.2070017509366,27.412859926391,25.4079803883281,27.3794373670982,26.7073659504747,28.7463664387355,31.2649218986254,30.4995388300455,30.2076160154538,28.5320090066163,27.8790736176463,29.0615561502528,30.9738310965649,31.854534000688,31.9028602803155,29.9486520576829,29.2894071087705,34.0619283837069,31.9122697629938,31.0561435739375,30.5969582161816
United Kingdom,GBR,Fuel exports (% of merchandise exports),TX.VAL.FUEL.ZS.UN,7.59199949902804,7.23366919113139,6.42108908908923,7.0752395344982,6.69346243627761,6.19592254258388,6.72122587769505,6.02927111333643,4.14103276192785,5.54940163815323,8.31363399667227,8.02728595472992,8.09048122385878,8.18486315684614,8.74180115519692,9.34667587729113,9.51966616894902,10.283154066959,12.907975568673,11.0096977437667,12.3740599458975,12.6153872741119,13.8690044776246,11.4223263327095,10.8953001970876,7.02213106641059,6.25609635660007,7.96909103032825,9.45873392804059,8.59897730540144,7.06424366401815,8.32935578799489,12.3109041508633,8.96373321933615,8.57390412775903,7.10156229531189
United Kingdom,GBR,Ores and metals exports (% of merchandise exports),TX.VAL.MMTL.ZS.UN,3.08455334015457,2.86379246022276,2.37002620140419,2.51332029076689,2.48589865748493,2.71189438180429,2.32520383011763,2.28011755885262,2.06261180505803,1.83878094704542,2.22085228199581,2.20906839925781,2.04908353235747,2.22918404628181,2.74305822475285,2.83972495612444,3.0910735549954,4.01010128832781,4.27586499165398,3.02029693245409,3.77754807011745,4.37928098239928,3.71702985858318,3.25105027960383,3.51067472962863,3.3447181856556,3.30367400940286,3.76091537779836,3.80493061222039,3.87668770218372,6.60053768600958,6.9118678026751,6.3443561242002,4.52329389386415,4.54180165284014,5.70704171115552
United States,USA,Exports of goods and services (% of GDP),NE.EXP.GNFS.ZS,9.25473206751338,9.66090512231881,9.70891490564814,9.54718039168286,9.89314741556332,10.639223880261,10.7466355642836,11.1197577117574,10.5152625281963,10.3093372229257,10.6927727297913,9.70344820873397,9.13138565379718,9.03565240541354,9.62874787307988,9.98205641037558,10.641389509223,11.4637892950146,12.4258439246081,10.9322190593537,12.3413554322086,13.5634637825829,13.6440512687054,13.5534918818154,13.5082142132235,12.4111486301271,11.8881592273253,12.177481026766,12.2871107596266,11.7891974097286,10.1230809550527,10.8266687797107,11.6540970440015,11.0506737190927,10.97469647515,..
United States,USA,Fuel exports (% of merchandise exports),TX.VAL.FUEL.ZS.UN,3.25140191503474,3.012912024288,2.61777454492857,2.21655716454674,1.84602214970637,1.89191251927575,2.07124626296476,1.91675770574592,1.56887699110576,1.52518599921472,1.84678858931191,1.88077482714846,1.83394389932985,2.10931027144065,2.5706533002655,3.31136445717427,3.7372185207955,3.96254132636237,6.48428941235738,5.80419155097004,7.18456843300661,9.92432604469065,10.0636570136531,10.7639934435291,10.9856792186563,8.0034184342575,7.57865354567164,10.510450824598,13.5299938279588,14.1993655796366,12.7159907896534,15.9220948098952,21.4101656084375,18.6774872527635,18.3113039630256,..
United States,USA,Ores and metals exports (% of merchandise exports),TX.VAL.MMTL.ZS.UN,3.04268821212894,2.77790675977808,2.30243112932218,2.09421720177806,2.15048546036731,2.62197237487825,2.17800837933151,2.11690771905574,1.90405140377849,1.76567167818683,1.86988994936663,1.91205830386319,1.91170026820431,2.01323529883149,2.39014858804396,2.7857976488932,3.52056099629305,3.73864793129764,3.96871886047058,3.39369213730218,3.95873998985648,4.02265717679681,3.50844555096218,3.21071352130306,3.06248036458276,2.8088360190064,2.60130444554912,2.74624450462334,2.95741195061027,2.8211533321336,3.21390841591217,3.65231110135565,3.07529985951185,2.8511687408118,2.87778686360623,..
Upper middle income,UMC,Exports of goods and services (% of GDP),NE.EXP.GNFS.ZS,18.5243271651354,19.1737718246183,19.5767037994957,18.8465856303218,19.8346807434612,20.6410757303392,20.7555304359141,21.6056855102072,21.3697617242792,23.3462627253099,25.8037881124973,25.1545265420384,27.2043962027046,28.9862875166071,31.2153109776035,32.0100826654214,32.8664779051891,32.2465869640626,31.6936945918199,25.9227920447334,27.1090611511532,27.5634847582803,27.1922288519426,26.2996892738847,25.5038557334864,23.9463774537385,22.8562360963626,23.3864313863278,24.1155869154734,23.3824101155209,22.4754308939853,24.5128711080355,26.207602164455,24.5156877376962,25.2621191284205,25.8824489872026
Upper middle income,UMC,Fuel exports (% of merchandise exports),TX.VAL.FUEL.ZS.UN,..,..,8.72784261816774,7.50045489545487,6.29340871132487,6.40665811379982,7.43140740079228,8.85739884531882,7.42239364792447,8.11140066384189,10.9448434788119,10.5227979094474,10.0076056008153,9.38933462517074,10.773583159225,11.5680435834434,11.4624721399073,10.2192383784373,11.2968674806277,10.0905555557145,11.1453165656833,11.5664313290938,10.4371211613991,11.1637495013267,10.5934258542694,8.68852877992569,8.38678346588816,7.98556543954821,7.92970012619629,7.04986618973892,5.31797367431284,6.22712449093778,7.75020839822636,6.46760215713361,5.98200411007608,..
Upper middle income,UMC,Ores and metals exports (% of merchandise exports),TX.VAL.MMTL.ZS.UN,..,..,3.06191898276795,2.73436775040276,2.81963463013349,3.431328210232,3.20601657714267,3.17620132944259,3.17411029552338,3.31111560188854,2.81968334578527,3.03317316100519,2.67072721916372,2.79422234352838,3.21548115178912,3.42479055665364,3.98493294345211,3.94884736398281,3.61326706805449,3.23406776532477,3.76117607580804,3.95402672430638,3.49643390304612,3.60234757740645,3.37864021642994,3.21014860129491,3.21815303303931,3.45218717398113,3.52551840839626,3.62587991053646,3.76534267292873,4.43911130453753,3.91464313407841,3.78681907071217,4.0152600562076,..
Uruguay,URY,Exports of goods and services (% of GDP),NE.EXP.GNFS.ZS,23.5321233746953,20.6936682982543,20.4475748164263,19.1260158469537,19.7668103889187,18.9968128121984,19.6699797975865,17.457847722398,16.4199105812284,15.0976530821748,16.6980989454195,16.8046592733471,20.6216724821799,27.4324201365808,32.1122956028892,30.4040198202399,30.2975044020751,29.0904872479399,30.2030239718046,27.0992157546178,26.3429945409681,26.4221494211811,25.9196294244279,23.3531364247538,23.5426616139817,22.4778512515741,26.9316806727536,25.9311643679828,26.4215937509495,27.9053781710424,26.1882518426767,32.9446025347538,32.8913380602583,27.9812486565884,28.2349014551456,27.0714370867375
Uruguay,URY,Fuel exports (% of merchandise exports),TX.VAL.FUEL.ZS.UN,..,..,..,0.0133236087654646,0.396439307437981,1.04603955623649,1.11078860301007,0.648663078282303,0.8160925165737,0.575112781078327,1.52303122084986,1.94499804550468,0.792127333951963,1.55435490637551,4.36951736745661,4.73090812106706,3.49958264014888,4.25463973756081,3.29761276550623,1.46614251404475,3.09950322555501,0.739500301482631,1.09385511085502,0.491961483180946,1.11127050427265,0.285686399278086,0.4822512401636,1.99960987465139,1.19423274285302,1.08564402005782,1.24084050774374,5.65375733833479,1.47390184229824,0.248858467560678,1.30632945581964,..
Uruguay,URY,Ores and metals exports (% of merchandise exports),TX.VAL.MMTL.ZS.UN,..,..,..,0.446552591922941,0.524175849950534,0.662542908134165,0.625960455667958,0.666444312396714,0.572995615250669,0.434804100586546,0.481342281383309,0.578066535543876,0.451206613411574,0.53713700071276,0.509229360763127,0.515169701998772,0.809930898532225,0.84826239615519,0.376570033697427,0.268695472370516,0.258529609451583,0.340161334055212,0.326605593663299,0.301652164047018,0.286186993540697,0.236525973692642,0.312914284574473,0.319545647864705,0.35941392233575,0.331000567556373,0.385873674975743,0.340811844644457,0.304286345769239,0.355278930515298,0.331132184653809,..
Uzbekistan,UZB,Exports of goods and services (% of GDP),NE.EXP.GNFS.ZS,..,..,..,..,..,..,..,27.1091182703234,22.5642195291768,18.1790891922618,24.662704263423,29.6751060849085,30.9204450887224,38.2375863470134,41.7898866324117,37.8090294786289,36.5136876387581,39.6709294075913,41.1685228048386,34.6626309351177,21.7681099099648,21.14783078074,17.2861568343701,16.5044788500077,14.2075529776278,12.1686103143078,10.8545454664346,17.8214088937599,23.1429879161057,24.3107685844352,20.7641734938368,20.3020010917247,22.2329593873839,23.3152321915222,21.5670052817339,22.0359976818514
Uzbekistan,UZB,Fuel exports (% of merchandise exports),TX.VAL.FUEL.ZS.UN,..,..,..,..,..,..,..,..,..,..,..,..,..,..,..,..,..,..,..,..,..,..,..,..,..,..,..,16.1883074086756,24.9394912096299,16.5598854216671,5.95874581011308,6.53139390408132,7.46412599396005,4.46396721405799,6.52845706509898,..
Uzbekistan,UZB,Ores and metals exports (% of merchandise exports),TX.VAL.MMTL.ZS.UN,..,..,..,..,..,..,..,..,..,..,..,..,..,..,..,..,..,..,..,..,..,..,..,..,..,..,..,8.20354028371555,7.6354853444308,8.37864671560409,8.33762446780379,13.9619291123545,11.2856964615134,8.39123120304255,8.10048140248817,..
Vanuatu,VUT,Exports of goods and services (% of GDP),NE.EXP.GNFS.ZS,44.1600485608781,40.0133422281521,42.7854401282214,43.1531014112242,42.5158064990443,41.8845919937037,43.1130136986301,48.911599063469,42.2907884115167,37.3775041193305,39.1789749205417,37.9562433297759,42.3111646102919,43.2765126870527,45.5995882655687,45.3833317882637,41.2725514801177,41.5875836515558,46.4777909560162,50.5556697282514,48.7183826697028,45.6062695014876,51.3106613932273,45.3940678485231,43.153590176228,34.7621346205417,38.0972670278167,37.6591772475224,37.9035584221842,30.9251687275235,13.7015708590316,7.94507275187518,15.3546270094527,28.3701473975778,25.3486432492193,..
Vanuatu,VUT,Fuel exports (% of merchandise exports),TX.VAL.FUEL.ZS.UN,..,..,..,..,..,..,..,..,..,..,0.0204389916461194,..,..,..,..,..,0.00186384167853004,0.4619863953749,..,4.13564904274566,0.222817847925324,0.068762290574745,..,..,..,..,..,..,..,..,..,..,..,..,..,..
Vanuatu,VUT,Ores and metals exports (% of merchandise exports),TX.VAL.MMTL.ZS.UN,0.106243490062333,0.0370045365557589,..,..,0.000207387309594335,..,..,..,..,..,0.0429313131996406,..,..,..,..,..,0.43031580998799,0.00287569067987648,..,0.712175516247439,0.149579723792411,1.56923807506826,..,..,..,..,..,..,..,..,..,..,..,..,..,..
"Venezuela, RB",VEN,Exports of goods and services (% of GDP),NE.EXP.GNFS.ZS,38.1753164731902,0,0,0,0,0,0,0,0,0,0,0,0,0,0,0,0,0,0,0,0,0,29.5953757225434,30.2459016393443,43.4511434511435,40.7547169811321,31.1977715877437,33.3333333333333,42.5471249801996,47.195725949267,13.0054444362771,15.3500529409223,16.3490943080464,18.0663666874328,16.7350337150912,14.9031673538596
"Venezuela, RB",VEN,Fuel exports (% of merchandise exports),TX.VAL.FUEL.ZS.UN,80.0617955414958,80.8505449922492,79.9198010311707,77.6086498419481,75.9427778042581,76.2539922437174,80.7622668694753,78.9184411868888,70.6379310406942,81.403534775883,86.0857594456901,83.0445636085282,80.1191539247763,82.2427109948815,83.4198338154401,87.8247886816393,92.5603892681709,..,93.7428917187714,95.8996773647734,93.3969113313162,67.1966073193092,98.7637309978349,97.6778068113493,..,..,..,..,..,..,..,..,..,..,..,..
"Venezuela, RB",VEN,Ores and metals exports (% of merchandise exports),TX.VAL.MMTL.ZS.UN,7.37221216579258,7.69936529436233,6.76270380019404,5.37565069801416,5.89376749826447,6.55661930202742,4.49239975846932,4.8056482307645,5.85597575442254,4.26300133966284,3.33227544879703,3.98947482607954,4.35033958431729,4.08245262236796,3.21971376759069,2.32505838590638,2.08818528782387,..,1.88460854572586,1.20638690168558,2.3573078829314,0.891443496040358,0.0460182045396548,0.441779842959862,..,..,..,..,..,..,..,..,..,..,..,..
Viet Nam,VNM,Exports of goods and services (% of GDP),NE.EXP.GNFS.ZS,36.0386136391372,30.9150393380004,34.7455958184055,28.7227826669423,34.0131286444039,32.8128553339566,40.8684874244585,43.1027067530124,44.8483033762953,49.9662459731661,53.9214970089166,55.0619332820827,54.7391336880928,56.6732579147533,59.7310414143857,63.6994926701393,67.7168143260187,70.517874602272,70.3366919402715,62.6088840664865,54.1758459668515,61.1801557211956,63.4739249038633,66.8004459919109,69.5985759502054,72.9228518369495,74.1072862556183,81.7625218355655,84.4234560833365,85.1575874073411,84.381598008957,93.8502071275575,93.420129043511,86.7366640875238,90.1662693374998,98.2444078637672
Viet Nam,VNM,Fuel exports (% of merchandise exports),TX.VAL.FUEL.ZS.UN,..,..,..,..,..,..,..,17.960909117159,15.4073486360175,20.48745051064,26.4090649126343,22.9046197135305,21.2354911123902,20.6017912786283,23.5351549250109,25.7588869664945,24.3794368857707,20.7181172099468,20.1729533963251,14.8994835142997,11.0465855531952,11.3593523993831,9.91288499039707,7.33546515638199,6.14993473897265,3.08352977817506,2.02635621812933,2.25277351299626,1.6139127032886,1.37705086993892,0.94849894404578,0.979644882422729,1.16704384704007,0.952923330798285,..,..
Viet Nam,VNM,Ores and metals exports (% of merchandise exports),TX.VAL.MMTL.ZS.UN,..,..,..,..,..,..,..,0.472684438175447,0.542089577945449,0.495626269812491,0.436402137357543,0.654006370246594,0.508523786701465,0.517852054592614,0.69603534994892,0.574678638101654,0.687448177953374,0.771353509653311,0.901530699131761,0.722575399049385,1.01634485063783,0.833895040389376,0.636657416395891,0.710582349461454,0.786280339122938,0.797117049899595,0.824603887403562,1.01499869930366,1.12953315423142,1.09068113673607,1.05424438145282,1.15683907100239,1.17550554672327,1.11053745518843,..,..
Virgin Islands (U.S.),VIR,Exports of goods and services (% of GDP),NE.EXP.GNFS.ZS,..,..,..,..,..,..,..,..,..,..,..,..,147.424892703863,189.369735695614,226.599947326837,262.691960252936,283.898305084746,295.589464882943,433.836003770028,255.1059271602,299.375578168363,340.303102060147,80.166299828809,67.5494917067951,78.3730715287518,41.6325416325416,47.0247498683518,63.3368476541908,53.1226102472598,54.9623877699587,38.3069283518562,90.281783891724,97.3672945205479,..,..,..
Virgin Islands (U.S.),VIR,Fuel exports (% of merchandise exports),TX.VAL.FUEL.ZS.UN,..,..,..,..,..,..,..,..,..,..,..,..,..,..,..,..,..,..,..,..,..,..,..,..,..,..,..,..,..,..,..,..,..,..,..,..
Virgin Islands (U.S.),VIR,Ores and metals exports (% of merchandise exports),TX.VAL.MMTL.ZS.UN,..,..,..,..,..,..,..,..,..,..,..,..,..,..,..,..,..,..,..,..,..,..,..,..,..,..,..,..,..,..,..,..,..,..,..,..
West Bank and Gaza,PSE,Exports of goods and services (% of GDP),NE.EXP.GNFS.ZS,..,..,..,..,14.5429606443217,17.1225782868283,16.0136086344439,17.2961327730198,18.0539849550125,17.5969282637198,20.5165059347181,15.3832704748108,13.437201192418,12.9813508064516,12.9651756425018,14.1112433423727,13.7669913804386,18.334852210396,15.9362004815058,14.0161025019479,14.1228115477973,16.0860353474401,15.3263326889683,15.6198438829492,15.8230698299463,16.0623801208096,14.3267945006296,15.7242063492063,15.961564454493,15.5210552426533,15.3576234410914,17.3411011099453,18.4362526414651,16.9958841111666,21.8525432511909,21.2278136668395
West Bank and Gaza,PSE,Fuel exports (% of merchandise exports),TX.VAL.FUEL.ZS.UN,..,..,..,..,..,..,..,..,..,..,0.66106047911043,0.804329991519607,1.29639661721514,1.35597857111999,1.12385659559811,0.849675033573036,0.666981017605001,0.232426668538088,0.494543763671543,0.471025789209267,0.265654761783648,0.0865829589723565,0.239558505403332,0.232120460276173,0.191229879607219,0.164371699319662,0.163523332201154,0.0951480976091428,0.0718070742204247,0.0862921552942219,0.107838092378914,0.0685655976632964,0.0524805007753271,0.0859853021575194,..,..
West Bank and Gaza,PSE,Ores and metals exports (% of merchandise exports),TX.VAL.MMTL.ZS.UN,..,..,..,..,..,..,..,..,..,..,2.55876044384439,3.34749259708152,3.66298814551812,2.9462773249326,1.80513207458653,1.51249511215203,5.28348189080114,9.38177917614561,12.5281920933068,7.21551064834692,12.448180568576,16.9055645568475,14.2316179441057,12.663643453478,9.95820596917778,8.35860478041684,6.16683821767458,8.66561737755397,12.0538532072502,10.2211723475195,10.9690039465975,13.6197714453218,15.9148878581792,14.4323282782474,..,..
World,WLD,Exports of goods and services (% of GDP),NE.EXP.GNFS.ZS,18.8226333088845,18.6950591773231,19.7995747175588,18.8785862725425,19.4293442463024,20.6096414281902,21.0365144458652,21.9085788170365,21.7897412735951,21.8705146365869,23.4155367138943,22.8422016983207,23.0931189850775,23.8581850782253,25.711382828929,26.9657520821338,28.6085879852901,29.5557805539087,30.6928407075336,26.1681408236416,28.4066725343369,30.2511364050789,30.021947362552,30.0216702644806,29.7347843037895,28.0495689042811,27.0845087597038,28.0049092375751,28.8775959880909,27.9427827143405,26.0288825961024,28.4640230985895,30.7214011310868,29.0719076019522,29.0778030379811,29.4807508820934
World,WLD,Fuel exports (% of merchandise exports),TX.VAL.FUEL.ZS.UN,..,9.59193894364176,7.97080756610011,7.62285286571668,6.94195153325442,6.67650302902327,8.35152410199821,7.26453894106597,7.60805246216234,9.54370041985175,11.3909417904888,11.2413071827819,10.290661691965,10.2749434382225,10.8498961139026,11.7526250008782,12.7459430552238,12.3831159623317,14.1629197370871,12.304627212248,13.4893125231267,14.4859670602985,14.0416716669271,14.526031927176,13.8840581535396,11.4017210456937,10.3041492410481,11.1801349193394,12.6182337914179,12.3351550636067,10.1904816922048,11.8074479265179,14.0811813886062,12.3642480368702,10.6912316954314,..
World,WLD,Ores and metals exports (% of merchandise exports),TX.VAL.MMTL.ZS.UN,..,5.45497531175522,4.42836994831802,3.95801665761173,2.89933180544628,3.33184417521734,3.22917792209881,3.2943642557936,3.24034459413528,3.11577270253849,3.03819909121097,2.97809968725912,2.79055526240161,2.80645582479595,3.21304159881068,3.41711251569311,4.1107085751783,4.27249113124113,3.99006391057823,3.49212406986153,4.25857489647919,4.43387504381882,4.02968165797621,3.86216404564936,3.87108154790776,3.72077501249155,3.53317566270043,3.72500884011468,3.74880041873006,3.77055418549755,4.2726064732445,4.8381056194513,4.19048291448431,4.0164995093271,4.01718145451814,..
"Yemen, Rep.",YEM,Exports of goods and services (% of GDP),NE.EXP.GNFS.ZS,11.1683287149056,17.6735906025027,16.2118280232925,19.9268303333729,39.7771416939563,45.4863396764508,38.5060950534404,36.2842007165864,26.5435324011994,34.8393536870397,41.4089049391351,35.896925638093,37.0011733396095,36.4390068675114,36.3824952506154,40.8968195397165,41.2585503221131,35.9034235366601,37.8369534951831,28.3251581185683,29.9950775630093,30.3404241701511,24.8637169658953,22.3595984891919,21.4840870786547,9.05157754562319,4.80920276121921,9.68824758544873,8.75610238271449,..,..,..,..,..,..,..
"Yemen, Rep.",YEM,Fuel exports (% of merchandise exports),TX.VAL.FUEL.ZS.UN,..,..,..,..,..,..,..,..,..,..,..,94.7388599829907,93.2586484850577,93.7927848102152,94.0273532608415,94.897638723333,94.9954827270536,93.3320541179736,93.7148311827874,92.6942841646448,91.4220414145968,90.737252598481,92.1393209494491,84.9361805839103,69.6394754134209,0.191164987703412,..,..,..,0.145219187999619,..,..,..,..,..,..
"Yemen, Rep.",YEM,Ores and metals exports (% of merchandise exports),TX.VAL.MMTL.ZS.UN,..,..,..,..,..,..,..,..,..,..,..,0.142472350854244,0.137683661484795,0.212879113589276,0.166094467737126,0.0939407080170517,0.0860938345770529,0.248243460178679,0.133969875350638,0.145151267429537,0.163699927451738,0.15816867036602,0.103141289981742,0.47522815709816,0.66927520794855,0.47428150513596,..,..,2.82180020176709,0,..,..,..,..,..,..
Zambia,ZMB,Exports of goods and services (% of GDP),NE.EXP.GNFS.ZS,..,..,..,..,32.9503954636075,32.9010267147932,28.4789092185853,27.371257557966,24.6177635661228,25.037219399921,23.9238608307712,25.109699098695,27.1336783308698,25.6839640308427,33.5399822510719,30.6107123143813,32.5929586871888,33.5911932050133,28.9193597052566,29.2509976693348,37.0259333072124,40.4712226732921,40.0829109943526,40.4827166938697,38.8222899319378,37.1385258014734,35.3246757489657,34.9928577635918,37.9574045480394,34.6361926031881,46.7201864691576,52.2160900183192,40.1939977114306,40.8461239686718,34.9818727491304,..
Zambia,ZMB,Fuel exports (% of merchandise exports),TX.VAL.FUEL.ZS.UN,..,..,..,1.71235362608718,..,3.25976744039326,3.72686574479687,0.783547830813075,1.48959857824548,0.977858760915913,1.29289752455278,1.15597239860319,1.79506605084816,2.52218765663852,1.98338581633262,0.844028120274815,0.838501559249603,0.475593312463412,0.421744083665289,0.486768260911491,0.473192561204892,0.562369702840533,1.31390015743446,2.05442423414307,1.19101690281408,1.55535306091139,0.87637995732854,0.918961664308822,1.01571316093364,1.36783558895875,1.73850401929445,1.67696240024655,2.81611636018103,4.09782634161287,2.72110717813148,..
Zambia,ZMB,Ores and metals exports (% of merchandise exports),TX.VAL.MMTL.ZS.UN,..,..,..,88.1791381986028,..,86.5381177779718,78.3539900516249,77.4006651253511,69.8963770609985,62.8673096145898,64.4408880435118,60.42152558648,59.3239690503369,60.0262278586003,46.5515777026805,67.4376806672762,80.8375615687607,78.115678057786,79.7857145794274,78.5949410783729,82.3283419185778,78.5928539303859,69.6772640831742,70.5950312224802,73.0113024824784,74.7917338140349,73.2307379852017,79.5303550713286,77.4606084696989,74.58257510545,78.8010057390337,79.2520502689073,75.6024881567735,71.3565858556083,72.9899534292382,..
Zimbabwe,ZWE,Exports of goods and services (% of GDP),NE.EXP.GNFS.ZS,22.8668455706732,23.8838769373121,27.2279792746114,30.7206212646085,34.6012981832687,38.2361208713985,36.1291264972247,37.5937426763534,43.394090784903,37.4080011659258,38.1615806969708,34.9592596689157,31.8348370828573,32.3968240118663,34.4710338297323,33.5475187774063,35.9572221967228,37.7827092875018,41.4667270258035,19.4762557195667,29.6403892843062,34.8004819618683,25.162787981429,21.9873565174142,20.929994104227,19.160627339066,19.9435777083308,24.6581758711002,26.1640511708711,18.0339064047572,14.9941260976543,15.6502359339218,18.770523992324,17.1170760050918,18.0564211017017,..
Zimbabwe,ZWE,Fuel exports (% of merchandise exports),TX.VAL.FUEL.ZS.UN,0.74196146733379,0.476342859230736,0.38171848725272,0.576475063919073,0.693157330863669,1.27110842285065,1.50052270696608,1.46448479709661,..,1.83158199534957,0.925189465250276,0.66369832201846,1.19632577514898,1.55282575675323,1.04965693349096,1.12418120251908,42.4295272236349,0.664027620284846,1.14466784020454,1.96805479388772,1.78082009073593,0.95621448571552,0.950966638573246,1.50053655263801,1.20678646794349,1.91889022375092,0.584993179560043,0.729202885483256,1.01057156468968,1.12609686820738,1.10293713757941,1.56615109785809,2.8942495074987,2.83650249873133,2.9112150677223,..
Zimbabwe,ZWE,Ores and metals exports (% of merchandise exports),TX.VAL.MMTL.ZS.UN,15.9103966318794,14.2954409049551,15.1043961164309,12.4220190195938,9.87770176577234,11.5895188111528,9.65672919203718,9.78240994159449,..,10.7079416743596,8.6519166034186,17.678935254187,30.7167475850409,23.151671399918,21.5271344085408,16.8277188038139,7.03409299664565,22.4291920831063,18.2334506305702,25.7209447212092,38.1334746504532,40.6435201173897,40.2623830727427,32.9939638207084,29.9527518117793,31.1220181748029,31.1529142671985,31.2086640347963,30.0734594454263,35.1674796763683,44.7588118464982,46.030100180394,40.1848643345893,42.9777779829568,33.8441587265371,..
,,,,,,,,,,,,,,,,,,,,,,,,,,,,,,,,,,,,,,,
,,,,,,,,,,,,,,,,,,,,,,,,,,,,,,,,,,,,,,,
,,,,,,,,,,,,,,,,,,,,,,,,,,,,,,,,,,,,,,,
Data from database: World Development Indicators,,,,,,,,,,,,,,,,,,,,,,,,,,,,,,,,,,,,,,,
Last Updated: 07/13/2026,,,,,,,,,,,,,,,,,,,,,,,,,,,,,,,,,,,,,,,
Code,License Type,Indicator Name,Long definition,Source,Topic,Dataset,Unit of measure,Periodicity,Reference period,Aggregation method,Statistical concept and methodology,Development relevance,Limitations and exceptions,Other notes,License URL
NE.EXP.GNFS.ZS,CC BY-4.0,Exports of goods and services (% of GDP),"Exports of goods includes changes in the economic ownership of goods from residents of the compiling economy to non-residents, irrespective of physical movement of goods across national borders. Exports of services includes services provided by residents to non-residents. This indicator is expressed as a percentage of Gross Domestic Product (GDP) which is the total income earned through the production of goods and services in an economic territory during an accounting period.","Country official statistics, National Statistical Offices (NSOs);
National Accounts data files, Central Banks;
Staff estimates, World Bank (WB)",Economic Policy & Debt: National accounts: Shares of GDP & other,WB_WDI,%,Annual,1960-2025,Weighted average,"Methodology: National accounts are compiled in accordance with international standards: System of National Accounts, 2008 or 1993 versions. Specific information on how countries compile their national accounts can be found on the IMF website: https://dsbb.imf.org/
Statistical concept(s): The conceptual elements of the SNA (System of National Accounts) measure what takes place in the economy, between which agents, and for what purpose. At the heart of the SNA is the production of goods and services. These may be used for consumption in the period to which the accounts relate or may be accumulated for use in a later period. In simple terms, the amount of value added generated by production represents GDP. The income corresponding to GDP is distributed to the various agents or groups of agents as income and it is the process of distributing and redistributing income that allows one agent to consume the goods and services produced by another agent or to acquire goods and services for later consumption. The way in which the SNA captures this pattern of economic flows is to identify the activities concerned by recognizing the institutional units in the economy and by specifying the structure of accounts capturing the transactions relevant to one stage or another of the process by which goods and services are produced and ultimately consumed.","This indicator is related to the national accounts, which are critical for understanding and managing a country's economy. They provide a framework for the analysis of economic performance. National accounts are the basis for estimating the Gross Domestic Product (GDP) and Gross National Income (GNI), which are the most widely used indicators of economic performance. They are essential for government policymakers, providing the data needed to design and assess fiscal and monetary policies; and are also used by businesses and investors to assess the economic climate and make investment decisions. NAS enable comparison between economies, which is crucial for international trade, investment decisions, and economic competitiveness. More specifically, this indicator is related to the expenditure approach used to calculate GDP, which focuses on the total amount of spending on final goods and services within an economy over a specific period. Unlike the production approach, which looks at the supply side by summing the value of output produced by all sectors, the expenditure approach looks at the demand side by summing all expenditures. This demand-side analysis provides insights into the spending behaviors of different sectors, including households, businesses, the government, and foreign entities. Also, by breaking down expenditures into categories like consumption, investment, government spending, and net exports, it helps identify which components are driving or hindering economic growth. This approach can thus be used to assess the effectiveness of fiscal and monetary policies. Overall, the expenditure approach is crucial for understanding the dynamics of an economy, guiding policy decisions, and providing a comprehensive view of economic activity from the perspective of total spending.","Because policymakers have tended to focus on fostering the growth of output, and because data on production are easier to collect than data on spending, many countries generate their primary estimate of GDP using the production approach. Moreover, many countries do not estimate all the components of national expenditures but instead derive some of the main aggregates indirectly using GDP (based on the production approach) as the control total.

















Data on exports and imports are compiled from customs reports and balance of payments data. Although the data from the payments side provide reasonably reliable records of cross-border transactions, they may not adhere strictly to the appropriate definitions of valuation and timing used in the balance of payments or correspond to the change-of ownership criterion. This issue has assumed greater significance with the increasing globalization of international business. Neither customs nor balance of payments data usually capture the illegal transactions that occur in many countries. Goods carried by travelers across borders in legal but unreported shuttle trade may further distort trade statistics.",,https://datacatalog.worldbank.org/int/public-licenses#cc-by
TX.VAL.FUEL.ZS.UN,CC BY-4.0,Fuel exports (% of merchandise exports),"Fuels comprise the commodities in SITC (Rev. 3) section 3 (mineral fuels, lubricants and related materials). This indicator is expressed as a percentage of merchandise exports which is comprised of goods whose economic ownership is changed between a resident and a non-resident and that are not included in the following specific categories: goods under merchanting, non-monetary gold, and parts of travel, construction, and government goods and services n.i.e.","Staff estimates, World Bank (WB);
Comtrade database, United Nations (UN), publisher: UN Statistics Division;
World Integrated Trade Solution system (WITS), World Bank (WB)",Private Sector & Trade: Exports,WB_WDI,%,Annual,1962-2025,Weighted average,"Methodology: International merchandise trade statistics are compiled in accordance with international standards: International Merchandise Trade statistics – Concepts and Definitions 2010. Specific information on how countries compile their merchandise trade statistics can be found on the IMF website: https://dsbb.imf.org/
Statistical concept(s): The conceptual basis for international merchandise trade statistics covers a specialized multipurpose domain of official statistics concerned with the provision of data on the movements of goods between countries and areas. Trade statistics are compiled to serve the needs of many users, including Governments; the business community; compilers of other economic statistics, such as balance of payments and national accounts; various regional, supranational and international organizations; researchers; and the public at large. Different users need different data, ranging from data sets by country and commodity at varying levels of detail to aggregated figures.","This indicator is related to the trade statistics, which are essential for gauging a country's economic performance, particularly through the lens of its trade balance, which is the net of exports against imports. These statistics inform government trade policy, trade agreement negotiations, and decisions on tariffs and other trade barriers. For businesses, this information is crucial for strategic decisions about export and import locations, market entry, and product pricing. By enabling comparisons between nations, trade data sheds light on competitive strengths and the movement of goods and services internationally. It's also key for monitoring trade trends, including the rise of new markets or shifts in commodity demand, and for identifying both opportunities for growth and potential economic risks. Trade volumes and values are important economic indicators, offering insights into the economic health of a nation and affecting investment decisions and forecasts. Overall, trade statistics play a central role in understanding the complexities of global trade and in guiding both macroeconomic policy and microeconomic business decisions.",Previous editions contained data based on the SITC revision 1. Data for earlier years in previous editions may differ because of the change in methodology. Concordance tables are available to convert data reported in one system to another.,Merchandise export shares may not sum to 100 percent because of unclassified trade.,https://datacatalog.worldbank.org/int/public-licenses#cc-by
TX.VAL.MMTL.ZS.UN,CC BY-4.0,Ores and metals exports (% of merchandise exports),"Ores and metals comprise the commodities in SITC (Rev. 3) sections 27 (crude fertilizer, minerals nes); 28 (metalliferous ores, scrap); and 68 (non-ferrous metals). Exports of services are services provided by residents to non-residents. This indicator is expressed as a percentage of merchandise exports which is comprised of goods whose economic ownership is changed between a resident and a non-resident and that are not included in the following specific categories: goods under merchanting, non-monetary gold, and parts of travel, construction, and government goods and services n.i.e.","Comtrade database, United Nations (UN), publisher: UN Statistics Division;
World Integrated Trade Solution system (WITS);
Staff estimates, World Bank (WB)",Private Sector & Trade: Exports,WB_WDI,%,Annual,1962-2025,Weighted average,"Methodology: International merchandise trade statistics are compiled in accordance with international standards: International Merchandise Trade statistics – Concepts and Definitions 2010. Specific information on how countries compile their merchandise trade statistics can be found on the IMF website: https://dsbb.imf.org/
Statistical concept(s): The conceptual basis for international merchandise trade statistics covers a specialized multipurpose domain of official statistics concerned with the provision of data on the movements of goods between countries and areas. Trade statistics are compiled to serve the needs of many users, including Governments; the business community; compilers of other economic statistics, such as balance of payments and national accounts; various regional, supranational and international organizations; researchers; and the public at large. Different users need different data, ranging from data sets by country and commodity at varying levels of detail to aggregated figures.","This indicator is related to the trade statistics, which are essential for gauging a country's economic performance, particularly through the lens of its trade balance, which is the net of exports against imports. These statistics inform government trade policy, trade agreement negotiations, and decisions on tariffs and other trade barriers. For businesses, this information is crucial for strategic decisions about export and import locations, market entry, and product pricing. By enabling comparisons between nations, trade data sheds light on competitive strengths and the movement of goods and services internationally. It's also key for monitoring trade trends, including the rise of new markets or shifts in commodity demand, and for identifying both opportunities for growth and potential economic risks. Trade volumes and values are important economic indicators, offering insights into the economic health of a nation and affecting investment decisions and forecasts. Overall, trade statistics play a central role in understanding the complexities of global trade and in guiding both macroeconomic policy and microeconomic business decisions.",Previous editions contained data based on the SITC revision 1. Data for earlier years in previous editions may differ because of the change in methodology. Concordance tables are available to convert data reported in one system to another.,Merchandise export shares may not sum to 100 percent because of unclassified trade.,https://datacatalog.worldbank.org/int/public-licenses#cc-by
