Country Name,Country Code,Series Name,Series Code,1990 [YR1990],1991 [YR1991],1992 [YR1992],1993 [YR1993],1994 [YR1994],1995 [YR1995],1996 [YR1996],1997 [YR1997],1998 [YR1998],1999 [YR1999],2000 [YR2000],2001 [YR2001],2002 [YR2002],2003 [YR2003],2004 [YR2004],2005 [YR2005],2006 [YR2006],2007 [YR2007],2008 [YR2008],2009 [YR2009],2010 [YR2010],2011 [YR2011],2012 [YR2012],2013 [YR2013],2014 [YR2014],2015 [YR2015],2016 [YR2016],2017 [YR2017],2018 [YR2018],2019 [YR2019],2020 [YR2020],2021 [YR2021],2022 [YR2022],2023 [YR2023],2024 [YR2024],2025 [YR2025]
Afghanistan,AFG,Total reserves (% of total external debt),FI.RES.TOTL.DT.ZS,..,..,..,..,..,..,..,..,..,..,..,..,..,..,..,..,..,..,141.900322047183,171.996793207284,211.936350875024,255.283575583065,277.154076226773,281.659095177841,297.586989135739,268.663397353037,280.499616022613,294.234021395487,306.361182290885,319.258392395823,320.681395865271,..,..,..,..,..
Africa Eastern and Southern,AFE,Total reserves (% of total external debt),FI.RES.TOTL.DT.ZS,8.57594842830704,8.95025616806353,9.93336194667257,10.2283075664638,11.6364423125563,11.8826979618257,11.5939055903128,14.5245977631768,13.9547297410445,17.5652851357659,19.2016161283358,19.7226131891992,18.2979467622758,18.0569399557689,24.2766658864057,30.2163376003338,41.9697018997568,45.6979317447576,46.5849578287355,44.5471563344488,41.5585340527621,41.9115700750574,39.0799095182131,36.7395041531313,33.4557263206609,31.338199064807,27.9560314114216,24.7818451004202,24.1145185334396,24.0701496613558,22.8507247765749,24.6238778890562,23.9292202892076,24.6500387636277,25.2557501416327,..
Africa Western and Central,AFW,Total reserves (% of total external debt),FI.RES.TOTL.DT.ZS,..,9.881877201643,..,..,4.63645457504985,4.80383619925818,9.12387930787415,14.2809333275821,12.052916434831,10.1285755047113,16.3176503407397,16.8524113946689,13.0212678585005,12.4842584392676,23.7113883968778,45.4340707470488,97.790238286954,112.560513434263,122.753891945886,..,74.7224273531542,70.1985274045194,77.9158601921671,66.3124465307446,52.4381869277025,41.6263260805108,36.0752830216727,40.105094951964,40.4527844452728,35.7838718317942,32.4720088411502,33.6585739400725,..,..,..,..
Albania,ALB,Total reserves (% of total external debt),FI.RES.TOTL.DT.ZS,..,..,..,21.1835352121756,25.3188789985431,57.8164309929177,65.727874968168,66.1467363039219,66.8897163278807,67.6648658829861,57.6001664687232,66.7568843846353,73.3688144776657,66.9518246439632,86.5032256324873,67.6833153779392,71.995324774825,72.8414546357907,55.5139359453416,51.4264499903553,46.7234649706761,38.1078843952678,35.2019352578895,32.0678588162755,31.3076239405158,37.1549499199685,36.5030425788844,36.6123906638343,40.3435214239874,40.581045079257,45.9777272627769,50.9684657779316,50.5411567584633,57.0519936029145,60.8214886591082,..
Algeria,DZA,Total reserves (% of total external debt),FI.RES.TOTL.DT.ZS,9.60248235994714,12.144518514118,12.1293083434192,13.913282330517,15.917948716275,12.6004885673955,18.710880857761,31.2876205324216,27.5435410166949,21.7918828517747,53.2413517287195,86.2715871497133,109.171596021343,149.158400536226,203.836785476992,346.369830534778,1380.88036861514,1875.43328646224,2373.14937121932,2092.05111920334,2350.20926724207,3160.74627701481,3635.83678984,3839.05269641421,3375.1605630692,3223.74419531146,2211.00427422367,1837.32022472738,1530.21672388607,1307.19219171445,1147.85190227301,761.792641509887,1007.85079103253,1110.23613616675,1203.30303180894,..
American Samoa,ASM,Total reserves (% of total external debt),FI.RES.TOTL.DT.ZS,..,..,..,..,..,..,..,..,..,..,..,..,..,..,..,..,..,..,..,..,..,..,..,..,..,..,..,..,..,..,..,..,..,..,..,..
Andorra,AND,Total reserves (% of total external debt),FI.RES.TOTL.DT.ZS,..,..,..,..,..,..,..,..,..,..,..,..,..,..,..,..,..,..,..,..,..,..,..,..,..,..,..,..,..,..,..,..,..,..,..,..
Angola,AGO,Total reserves (% of total external debt),FI.RES.TOTL.DT.ZS,..,..,..,..,..,1.98517358998106,5.2693040702805,3.94555155902453,1.87723648469997,4.60403873110105,12.2724084508782,8.33853369020877,4.1182633856163,6.95806232103961,14.0757224346866,26.1215362256233,82.2708808383419,93.7613880101388,114.576685452338,67.3862436646591,73.4399741115108,77.9703283174297,86.1647996818561,72.666055277642,58.8627891798385,48.779569003636,41.2162687466478,29.7132790690209,24.9393651478579,26.2229690528548,21.0716867255243,21.9148430807675,22.5900353584516,24.3432052453284,24.2502122332294,..
Antigua and Barbuda,ATG,Total reserves (% of total external debt),FI.RES.TOTL.DT.ZS,..,..,..,..,..,..,..,..,..,..,..,..,..,..,..,..,..,..,..,..,..,..,..,..,..,..,..,..,..,..,..,..,..,..,..,..
Arab World,ARB,Total reserves (% of total external debt),FI.RES.TOTL.DT.ZS,12.155772165515,16.0092170132048,20.7938875240797,25.2021146674983,26.9674781292539,27.5671742671111,31.3573637841025,36.5644067354675,33.6366733433859,32.9743250254961,37.357903743352,44.5894144640828,50.5505029281842,63.9583220891174,71.8275692775495,92.1033198941302,123.374267191428,142.648294429943,157.908236534626,160.310410531709,165.53072817154,156.483389824609,145.470081278636,131.297709939368,124.521079766362,115.681830395045,95.2805329636573,86.0915501099032,85.5948637327954,79.1440893238182,66.2019588487986,64.0015682626615,70.3725030630402,75.6050426026693,81.3213496302878,..
Argentina,ARG,Total reserves (% of total external debt),FI.RES.TOTL.DT.ZS,9.95883361771428,11.363293246351,16.6852628027786,23.9627378811928,21.3109604188913,16.1779372525899,17.7416235593116,17.4848717291305,17.5653361104881,17.3454704990554,16.7610465477656,9.53525023805956,7.07417151932966,8.66192564142803,11.7021633452756,21.471093431729,26.9273167592192,38.1974886724005,35.7494978189824,35.90807398205,41.2246740914074,32.3800236868594,30.9009464641601,20.325555608519,20.4240751880776,14.403427493594,21.1490268860778,24.4836392943006,23.8356244191513,15.9897359980845,15.4159862736889,16.111821790222,17.9917815681201,9.13018871139403,12.1967144997341,..
Armenia,ARM,Total reserves (% of total external debt),FI.RES.TOTL.DT.ZS,..,..,..,10.1453571748603,16.8470709067743,29.9960089166889,32.3126680542976,37.4677115813852,36.4520825204391,29.6805177700659,30.85179947241,23.3711746231509,25.0632144034571,25.1475013189965,25.9858192104295,33.9867997524662,50.1157712953939,53.8327542010855,38.9426901449574,40.6006069455793,29.5825877386077,26.0764547850923,23.5502746435028,25.9369520862327,17.4088735967411,20.1029241054579,22.3640247985952,22.6246288769631,21.0645038788923,23.9778537148483,20.0242960055279,23.0052590584504,25.809119072306,22.7761912444093,22.4761097067798,..
Aruba,ABW,Total reserves (% of total external debt),FI.RES.TOTL.DT.ZS,..,..,..,..,..,..,..,..,..,..,..,..,..,..,..,..,..,..,..,..,..,..,..,..,..,..,..,..,..,..,..,..,..,..,..,..
Australia,AUS,Total reserves (% of total external debt),FI.RES.TOTL.DT.ZS,..,..,..,..,..,..,..,..,..,..,..,..,..,..,..,..,..,..,..,..,..,..,..,..,..,..,..,..,..,..,..,..,..,..,..,..
Austria,AUT,Total reserves (% of total external debt),FI.RES.TOTL.DT.ZS,..,..,..,..,..,..,..,..,..,..,..,..,..,..,..,..,..,..,..,..,..,..,..,..,..,..,..,..,..,..,..,..,..,..,..,..
Azerbaijan,AZE,Total reserves (% of total external debt),FI.RES.TOTL.DT.ZS,..,..,..,1.66031396930987,1.80315674504538,37.6600733092241,48.7466166940701,91.9809949103435,63.4784413284045,52.1766022377599,42.8714766286991,47.7022411199561,42.3396697839358,40.9766449688171,49.0328993417294,51.8817088305981,88.6534658294577,108.885558294982,142.997640976669,117.121445646584,87.9700122168433,133.045169168427,103.874731461939,143.206712543572,128.767205520909,53.6498229835831,46.2934549156154,45.9295554056563,40.6734000451244,43.0074672150871,47.4538716458074,53.2195100341387,73.3520002245554,91.7206813783522,104.096118672557,..
"Bahamas, The",BHS,Total reserves (% of total external debt),FI.RES.TOTL.DT.ZS,..,..,..,..,..,..,..,..,..,..,..,..,..,..,..,..,..,..,..,..,..,..,..,..,..,..,..,..,..,..,..,..,..,..,..,..
Bahrain,BHR,Total reserves (% of total external debt),FI.RES.TOTL.DT.ZS,..,..,..,..,..,..,..,..,..,..,..,..,..,..,..,..,..,..,..,..,..,..,..,..,..,..,..,..,..,..,..,..,..,..,..,..
Bangladesh,BGD,Total reserves (% of total external debt),FI.RES.TOTL.DT.ZS,5.36590775812459,10.0629229034332,13.8031511362938,17.3205984809851,20.4950868420221,15.1014544187107,12.3242832408665,11.2975321334956,12.4828929440285,9.93561943743493,9.71624223765422,8.71652249920154,10.317457957716,14.2330258441052,16.3424347662756,15.2677497212828,19.2310716656831,24.519564425641,24.7885228337317,40.7503640612413,42.0552900501765,33.9226537610405,43.7448109265041,55.7321325905839,63.2814011361632,70.9115641691622,77.6627826782279,65.464277679013,56.0667416901543,52.3416245356637,58.6964402823905,50.4664939478855,34.810872230786,21.5641144045852,20.4760582869486,..
Barbados,BRB,Total reserves (% of total external debt),FI.RES.TOTL.DT.ZS,..,..,..,..,..,..,..,..,..,..,..,..,..,..,..,..,..,..,..,..,..,..,..,..,..,..,..,..,..,..,..,..,..,..,..,..
Belarus,BLR,Total reserves (% of total external debt),FI.RES.TOTL.DT.ZS,..,..,..,..,7.79150319768203,22.2595949081746,23.9493703399283,18.9065265865753,29.4474038516375,10.8857808178699,13.3767018217633,13.9590520884427,20.2224100029647,16.8416526753307,18.1894121893107,25.3165072259079,21.1275442955884,33.3589348579889,20.2150382121315,25.5459693030571,17.6876484330789,23.1732856665727,23.9810899688808,16.8148435583615,12.664909807008,10.9070151443608,13.081391526721,18.4801835036805,18.4627536248226,23.0613001630684,17.8701144385843,20.2256790754571,19.8784623249581,22.0745117992881,26.0460371102553,..
Belgium,BEL,Total reserves (% of total external debt),FI.RES.TOTL.DT.ZS,..,..,..,..,..,..,..,..,..,..,..,..,..,..,..,..,..,..,..,..,..,..,..,..,..,..,..,..,..,..,..,..,..,..,..,..
Belize,BLZ,Total reserves (% of total external debt),FI.RES.TOTL.DT.ZS,48.8834573870174,32.770436885753,29.2562852410531,19.9155985096997,17.3767091247661,14.7392938728842,20.7436029268566,13.2007915546635,13.2204625599715,17.116910177324,19.5107551417601,15.5186431894339,13.4788233379595,7.97603665040269,4.99593770724987,6.97420888353491,10.7871576101921,10.0895181042337,13.0243875497991,16.5496119368874,16.7193515154338,18.601737160654,24.1503780220397,32.2418495002666,37.8351756496298,34.1441732760708,29.186674977094,23.3044181726528,21.8225401369113,20.1452180597144,22.7828036933756,28.9300835883671,32.772425183168,31.2012141316462,31.9503098720715,..
Benin,BEN,Total reserves (% of total external debt),FI.RES.TOTL.DT.ZS,..,..,..,..,..,..,..,..,..,..,..,..,..,..,..,..,..,..,..,..,..,..,..,..,..,..,..,..,..,..,..,..,..,..,..,..
Bermuda,BMU,Total reserves (% of total external debt),FI.RES.TOTL.DT.ZS,..,..,..,..,..,..,..,..,..,..,..,..,..,..,..,..,..,..,..,..,..,..,..,..,..,..,..,..,..,..,..,..,..,..,..,..
Bhutan,BTN,Total reserves (% of total external debt),FI.RES.TOTL.DT.ZS,106.330094000227,117.327275853504,95.4272095296157,101.386420235921,116.163397490633,123.341993581371,168.144571618702,157.763751803817,150.140366109709,152.205067861636,150.129708301845,118.57255335913,91.9439265523118,74.2659949303357,66.2911793751422,71.1886434653154,75.6226911411035,87.2461399836154,110.349130049691,113.266122279805,107.223166640726,73.7645463454406,65.8558290345514,60.8854426754968,64.1415165348164,52.2560289149639,47.1729220112149,44.5443158197883,37.2268313013716,44.1675414959742,44.084711244871,32.1091511434102,26.1294905950373,20.034922230407,27.6762818064993,..
Bolivia,BOL,Total reserves (% of total external debt),FI.RES.TOTL.DT.ZS,11.6918529613459,10.155661519772,11.0694980882074,13.0088737451321,15.9790298515369,18.7615458728666,24.6737756007115,25.579323841724,21.4278847568791,22.0786341114888,20.0942713618778,23.9051649192334,17.4804802175194,18.7059258345077,20.2311948579188,25.7617303224468,51.0566047007599,104.913345454048,135.409787673927,148.340758796825,168.452802497495,194.025796807015,210.428882034944,177.222385250549,170.297758297854,131.878236973897,91.4443892669961,78.8754726509033,67.4015666576704,45.1393716431982,34.0284722019664,29.5163042137281,23.5529951100817,11.0350714087569,12.5784309103071,..
Bosnia and Herzegovina,BIH,Total reserves (% of total external debt),FI.RES.TOTL.DT.ZS,..,..,..,..,..,..,..,..,..,18.781066037037,17.7925295575338,46.1995427921214,41.8697259324451,40.0016333328699,43.4626047298721,36.0165042814636,42.242821884458,43.2820521460693,33.983184152605,32.4928648727908,30.7253942732471,34.232582230897,33.6171002783203,36.0141763430431,37.0142887410988,41.1046253104467,44.0339757730232,49.5595809392239,52.4472788370741,56.7663415856987,62.2819521290763,68.9264335331916,65.1912354434643,66.3735763351051,67.8177175008315,..
Botswana,BWA,Total reserves (% of total external debt),FI.RES.TOTL.DT.ZS,602.519964479153,607.069907710064,625.616854671927,617.083766451479,628.423709663834,654.738924016699,802.459970459294,987.425320119421,1116.31282681911,1220.88082189286,1396.49213779827,1473.013045716,1114.05678699853,1038.61139162856,1097.60986919892,1369.928922454,2191.30845169159,2302.44161957135,2033.10128091139,529.663216889198,436.385159533601,337.421678614236,303.004443429937,324.896734520726,334.196373987034,339.457664192421,338.90019048844,432.442116561293,375.25538337111,394.478446617987,308.230381544537,240.386165072404,213.65726831491,217.707693815969,149.080060409876,..
Brazil,BRA,Total reserves (% of total external debt),FI.RES.TOTL.DT.ZS,8.30972781180754,7.74014031488526,18.335178588388,22.301317632216,25.3825964581814,32.2073979817238,33.0883486798496,26.238035787558,18.3832582480702,14.8266443517348,13.6138995630881,15.5968384095422,16.3108841746678,20.8968285410462,23.9856828473815,28.5612586000166,44.1798907661141,75.6291960464507,73.6938698274653,84.6932365251895,81.8966425105897,87.1213007876383,84.7137024600593,74.1762629517995,65.2823505942913,65.5993217832774,67.1843870480633,68.8683600237238,67.1805182543684,62.7537910605853,64.7361134180489,63.412804189153,56.0499006823757,58.4505936079669,54.4594828398705,..
British Virgin Islands,VGB,Total reserves (% of total external debt),FI.RES.TOTL.DT.ZS,..,..,..,..,..,..,..,..,..,..,..,..,..,..,..,..,..,..,..,..,..,..,..,..,..,..,..,..,..,..,..,..,..,..,..,..
Brunei Darussalam,BRN,Total reserves (% of total external debt),FI.RES.TOTL.DT.ZS,..,..,..,..,..,..,..,..,..,..,..,..,..,..,..,..,..,..,..,..,..,..,..,..,..,..,..,..,..,..,..,..,..,..,..,..
Bulgaria,BGR,Total reserves (% of total external debt),FI.RES.TOTL.DT.ZS,..,5.70794188315754,10.4836145027296,8.64248541111162,14.2129772146619,15.7550407682542,8.33553037989671,22.3917435161717,26.8044993070516,27.6788012496021,29.2056705599933,32.3387307370662,39.358713259288,47.8670935674103,56.1790252120746,46.9925699466908,41.974808836245,40.0355483282565,33.7880319148363,33.2635319971648,33.9725935493527,36.0618160382574,39.8748882174313,38.4946572399017,42.7609749309285,54.863350610103,62.9495632981558,69.2276725496065,71.5924326477127,68.8908263295596,80.781711681388,87.1869443872224,86.8294173696535,..,..,..
Burkina Faso,BFA,Total reserves (% of total external debt),FI.RES.TOTL.DT.ZS,..,..,..,..,..,..,..,..,..,..,..,..,..,..,..,..,..,..,..,..,..,..,..,..,..,..,..,..,..,..,..,..,..,..,..,..
Burundi,BDI,Total reserves (% of total external debt),FI.RES.TOTL.DT.ZS,12.312709193171,15.3064331878288,17.5252726204287,15.9257268054637,18.7424669174155,18.5987528228302,12.9083314328542,11.0424585019575,6.28267406999066,4.5921818057694,3.34380433612905,1.64372008118075,4.79670590782879,4.996247180723,4.87311300946989,7.80928543072218,9.55888287372585,12.5648814275369,19.1713523432241,53.2106344179644,53.4860844226938,48.8296493626849,46.5047086848843,48.4120333544704,45.8871870992099,21.7140448939051,15.7621319838246,16.0090401663259,11.4735962192907,17.7149761871124,13.5804904150005,27.2715327193222,16.7414939069207,8.74039311681112,..,..
Cabo Verde,CPV,Total reserves (% of total external debt),FI.RES.TOTL.DT.ZS,57.5448375486382,48.4952201609406,53.3514127772511,39.0931054344993,23.9192397552423,17.2296614882845,13.6037358984941,9.35616960963143,3.37055121217225,13.2354668918384,8.81967045293182,13.1580034220514,19.8825892262737,20.9826474188325,30.0234744805943,36.5232961207803,48.5575617849621,62.7754131414544,57.7293137218981,54.9109287999501,43.1904364200831,32.5118356177342,23.3776106102284,24.1475772810313,27.5755805841142,26.8563794589002,31.1713927079343,29.189250015503,28.9819471160819,34.2729983351114,30.2589387667303,31.3293377968434,30.3660227232231,34.0235392545612,33.1883210679947,..
Cambodia,KHM,Total reserves (% of total external debt),FI.RES.TOTL.DT.ZS,..,..,..,1.45877331634503,6.79753481399651,10.3550210942151,13.8665480589263,15.46127404029,21.9524032676323,24.6275309003251,29.0005279494038,32.0060448953755,38.1875517350876,36.6318181392395,38.6897402424635,39.4631733492496,46.5308281287538,95.1875877295805,99.6579282577158,99.464223674852,95.1779039640304,87.2515485838368,70.5213674959362,65.5909032611767,73.4148161117839,78.1424206304612,90.5621451315002,106.712134273908,107.987312507338,122.189546400821,121.227102495065,101.094874959645,79.2095846353824,88.684849592432,107.285215601008,..
Cameroon,CMR,Total reserves (% of total external debt),FI.RES.TOTL.DT.ZS,0.564952839714012,0.792474695908458,0.403897804211297,0.182718151594974,0.146827975667637,0.140340684731432,0.124910125115901,0.0888752882437582,0.0875748370276294,0.121890467996039,2.08515809310946,3.48877614823401,6.22143057840454,5.71639891918845,7.76019760785096,12.5290160988282,50.7600827145247,95.0152645333972,109.779667994316,113.535907056318,114.183043856849,103.367125077433,86.9544830110998,67.0530403516837,54.9509016284584,48.409325339474,28.2084014112616,31.8093315326756,31.4343692468823,28.7746550176534,26.9077020955959,27.9608443681917,33.9456107572576,31.6974350057547,32.0942180626356,..
Canada,CAN,Total reserves (% of total external debt),FI.RES.TOTL.DT.ZS,..,..,..,..,..,..,..,..,..,..,..,..,..,..,..,..,..,..,..,..,..,..,..,..,..,..,..,..,..,..,..,..,..,..,..,..
Caribbean small states,CSS,Total reserves (% of total external debt),FI.RES.TOTL.DT.ZS,8.22311442660999,11.3044617086639,15.1447847257717,16.2513298259602,15.4097821989673,16.0635218446797,22.116416118713,21.0677285469172,20.8409595356946,21.5273249650123,23.0988090469859,21.6991907434561,20.4056026842542,17.4277575400396,17.7075685431337,18.158218534171,21.5900646758414,24.7749014692048,21.9869302787193,31.0064253888261,34.2122182658019,31.7949142608134,35.705567863878,32.2746657823374,32.6244533317817,28.1709633696919,28.4645915448823,27.337850514475,26.6691456929811,26.5726525197818,26.635748245318,33.6800309800194,36.1842302660152,34.0299639696062,32.3974136541238,..
Cayman Islands,CYM,Total reserves (% of total external debt),FI.RES.TOTL.DT.ZS,..,..,..,..,..,..,..,..,..,..,..,..,..,..,..,..,..,..,..,..,..,..,..,..,..,..,..,..,..,..,..,..,..,..,..,..
Central African Republic,CAF,Total reserves (% of total external debt),FI.RES.TOTL.DT.ZS,17.5960656051704,13.4617554213754,12.757344359753,13.2925265398816,24.1288509421745,25.1533037199963,25.3384588530012,20.5883095983922,16.2058947227232,15.0950295863817,15.6859120851244,14.593464607725,11.891594709964,13.0640736002624,13.9069490660465,13.885792066983,12.6420101867723,8.93942990385552,13.1889635627955,38.3385698839069,27.6590204294432,24.9008193588016,25.1925333983863,29.7593462953722,36.4170791759104,28.8806540410498,32.2353111184096,46.9404234809343,43.3160280578681,40.3703328528045,47.6481324976744,43.5357738229653,35.8106875684264,44.2634270780256,46.7811591431958,..
Central Europe and the Baltics,CEB,Total reserves (% of total external debt),FI.RES.TOTL.DT.ZS,..,5.70794188315754,10.4836145027296,8.64248541111162,14.2129772146619,15.7550407682542,8.33553037989671,22.3917435161717,26.8044993070516,27.6788012496021,29.2056705599933,32.3387307370662,39.358713259288,47.8670935674103,56.1790252120746,46.9925699466908,41.974808836245,40.0355483282565,33.7880319148363,33.2635319971648,33.9725935493527,36.0618160382574,39.8748882174313,38.4946572399017,42.7609749309285,54.863350610103,62.9495632981558,69.2276725496065,71.5924326477127,68.8908263295596,80.781711681388,87.1869443872224,86.8294173696535,..,..,..
Chad,TCD,Total reserves (% of total external debt),FI.RES.TOTL.DT.ZS,25.684452561333,20.0669251015891,13.1201846861828,6.25206574882405,10.2390326487774,17.4394775203692,17.8100267705484,14.5312280034406,11.9701655455117,8.8573971381413,10.3514986747896,11.4495298021857,17.4377179668873,12.4553688777897,13.7147695575881,14.1921927166536,35.9734033548744,52.1614250466472,75.1828703450706,32.901694546439,29.3111827662906,40.795631302036,49.2488210790313,40.645941512449,28.8885256133525,13.1819788507853,0.28637486809835,0.273834400477199,4.64881632616402,9.64671186477961,11.2020752473625,5.90215797431901,30.9885887016813,32.8908048927328,46.2197902399212,..
Channel Islands,CHI,Total reserves (% of total external debt),FI.RES.TOTL.DT.ZS,..,..,..,..,..,..,..,..,..,..,..,..,..,..,..,..,..,..,..,..,..,..,..,..,..,..,..,..,..,..,..,..,..,..,..,..
Chile,CHL,Total reserves (% of total external debt),FI.RES.TOTL.DT.ZS,..,..,..,..,..,..,..,..,..,..,..,..,..,..,..,..,..,..,..,..,..,..,..,..,..,..,..,..,..,..,..,..,..,..,..,..
China,CHN,Total reserves (% of total external debt),FI.RES.TOTL.DT.ZS,62.3413783151307,79.929753352853,34.2611184412348,31.7658609678923,57.3982850273414,67.8599791892689,86.5866890253679,99.6891756523617,105.983119794166,108.458543224852,117.721046974955,119.391393823767,160.536099662391,200.887343913492,251.839641153722,290.848050701714,331.094072844704,409.362840457539,508.77844651751,539.696971805164,392.293617225979,308.731219860373,295.037284331311,262.102630204063,219.302852538992,255.310582227469,219.085442069193,189.13045865071,161.514934701142,152.443123731408,144.320949030118,125.825492388705,130.679171851976,140.939390642577,142.820654521431,..
Colombia,COL,Total reserves (% of total external debt),FI.RES.TOTL.DT.ZS,27.962043784239,39.3394416280607,45.029894877321,41.8582762505857,36.4664473278531,33.3449691929562,34.0265983652766,30.6915991929824,26.1931093399845,23.254215979647,26.2338118802363,27.9784418832004,32.2929993355215,29.2577821652215,35.4018692317713,39.8816404917104,39.9706034617783,47.2696289558135,50.3202280282476,46.5504587873024,43.5747969210553,41.8781580866045,46.6834651521563,46.58112812819,44.7252346920526,40.7538549447161,38.1960561052156,37.3368574742294,35.892852571082,37.8585014687296,37.5317967090333,33.6831115835101,30.7345061127261,30.0973296079977,30.6784553696677,..
Comoros,COM,Total reserves (% of total external debt),FI.RES.TOTL.DT.ZS,16.1851295270144,16.368457272684,14.5194227432256,21.079791026968,22.5259784735361,21.4772753876303,23.0503931282488,18.291228485195,17.1025130493132,16.1167954564574,18.6713081982301,25.7385548079981,29.6208475370987,32.6009752428269,34.1783205480757,29.8295852505568,31.99829115707,40.8955310707935,40.7905226214461,52.6209862986815,52.4746999105647,56.6013217544776,77.2903306337581,122.094321825014,125.122443178617,159.68006461965,91.0892216551678,114.442183950465,74.5404372268097,74.6245257633542,96.5614296607085,93.7915551733444,78.3609845229889,85.0235095063537,84.0172590158007,..
"Congo, Dem. Rep.",COD,Total reserves (% of total external debt),FI.RES.TOTL.DT.ZS,2.54274534249396,1.78273297922153,1.51032962165786,0.486469876128183,1.06744886694489,1.19000845814214,0.643530735335141,0.797471776124188,0.625371524439042,0.678692256273392,0.698892085098656,0.710460846100487,0.734791423290156,0.855007010185626,2.04996150478216,1.22800801650238,1.36411482027554,1.45012151227156,0.632163280475115,7.90787493144617,22.873055236008,24.6819618813756,30.9350110174538,26.6908905168884,27.6161398748191,22.1723639978188,13.5706118859265,13.1416708635537,10.0708443230773,16.5530481618508,8.82066138283226,33.0707549129425,40.9804494841728,42.5063336671271,..,..
"Congo, Rep.",COG,Total reserves (% of total external debt),FI.RES.TOTL.DT.ZS,0.207331597322344,0.181645108281553,0.163241711900876,0.111610221720283,1.0089648112035,1.05832773615274,1.82158031037665,1.25482620008955,0.0792760070744959,0.846890395477421,4.81312685930618,1.49336915519393,0.707225219519357,0.712239008095371,1.82130351816687,11.7167556196438,27.6414777955829,41.3464920416819,74.1106579850402,75.3079499943979,159.026256062682,176.736907328096,154.783741141322,124.84840940452,86.0591182250432,32.7814278492422,10.7157418517873,5.18570828006463,6.01423896653173,11.7695148860798,13.8681611347509,10.1654660844004,11.4004065878658,10.4130418786614,11.273995020595,..
Costa Rica,CRI,Total reserves (% of total external debt),FI.RES.TOTL.DT.ZS,..,..,..,..,..,..,..,..,..,..,..,..,..,..,..,..,..,..,..,..,..,..,..,..,..,..,..,..,..,..,..,..,..,..,..,..
Cote d'Ivoire,CIV,Total reserves (% of total external debt),FI.RES.TOTL.DT.ZS,..,..,..,..,..,..,..,..,..,..,..,..,..,..,..,..,..,..,..,..,..,..,..,..,..,..,..,..,..,..,..,..,..,..,..,..
Croatia,HRV,Total reserves (% of total external debt),FI.RES.TOTL.DT.ZS,..,..,..,..,..,..,..,..,..,..,..,..,..,..,..,..,..,..,..,..,..,..,..,..,..,..,..,..,..,..,..,..,..,..,..,..
Cuba,CUB,Total reserves (% of total external debt),FI.RES.TOTL.DT.ZS,..,..,..,..,..,..,..,..,..,..,..,..,..,..,..,..,..,..,..,..,..,..,..,..,..,..,..,..,..,..,..,..,..,..,..,..
Curacao,CUW,Total reserves (% of total external debt),FI.RES.TOTL.DT.ZS,..,..,..,..,..,..,..,..,..,..,..,..,..,..,..,..,..,..,..,..,..,..,..,..,..,..,..,..,..,..,..,..,..,..,..,..
Cyprus,CYP,Total reserves (% of total external debt),FI.RES.TOTL.DT.ZS,..,..,..,..,..,..,..,..,..,..,..,..,..,..,..,..,..,..,..,..,..,..,..,..,..,..,..,..,..,..,..,..,..,..,..,..
Czechia,CZE,Total reserves (% of total external debt),FI.RES.TOTL.DT.ZS,..,..,..,..,..,..,..,..,..,..,..,..,..,..,..,..,..,..,..,..,..,..,..,..,..,..,..,..,..,..,..,..,..,..,..,..
Denmark,DNK,Total reserves (% of total external debt),FI.RES.TOTL.DT.ZS,..,..,..,..,..,..,..,..,..,..,..,..,..,..,..,..,..,..,..,..,..,..,..,..,..,..,..,..,..,..,..,..,..,..,..,..
Djibouti,DJI,Total reserves (% of total external debt),FI.RES.TOTL.DT.ZS,60.300492627649,48.8154619846134,37.9127784906948,32.3028211003966,28.6194390647585,26.4684619647978,26.7388120816913,25.319446245208,23.7945082838396,26.1886167740645,22.7619924452555,23.4586749010136,20.5478625272698,25.3088557176529,20.4066017081692,18.3336013037117,21.2351032074953,16.3130484617981,20.7629915664544,26.9097393466472,32.3987744679211,31.7226308188123,30.986342867695,51.7866933505892,41.6866432275648,29.7236907295764,23.9339959364474,24.5304985763102,19.5656922727482,19.6608127086044,23.6638537315515,18.3505034676342,18.5934542792423,14.6416406107487,10.0874681718386,..
Dominica,DMA,Total reserves (% of total external debt),FI.RES.TOTL.DT.ZS,15.9363117888722,18.1128275291786,20.8873881863661,20.2695556261654,15.4614457906736,21.0955859524708,19.6560925537183,22.7294516938908,24.2893510513117,23.531584790692,16.0218594544139,13.4073486209957,18.2806353125478,15.5290238861307,13.0240091342828,16.712912538986,23.1088356391439,22.7932329227765,21.1732318426972,27.7560118829522,28.039866412457,28.9254095390663,31.0266726830851,17.8036864246859,21.0504847893738,25.4483669402367,41.3967352522725,40.7431606403416,37.8537953192421,33.7177027197824,34.4798901842157,37.4213570129947,34.1007255382925,30.9898640316686,27.3859407025914,..
Dominican Republic,DOM,Total reserves (% of total external debt),FI.RES.TOTL.DT.ZS,1.5280958175232,9.74532638392474,10.7245226121956,13.2784557376359,5.93404879970735,8.22051612512259,8.08666192254898,9.19396188819391,11.335577848922,14.5845137487134,13.6885269156712,21.1905961572221,7.21960808642394,3.84155226343977,10.5694320020751,24.8954762689644,24.6796475482638,28.3288898729026,25.3975080120664,30.2026382779909,28.7026303543611,27.2526959243008,16.1013256309648,19.6204216997875,18.507400538402,19.7027556098472,21.6822846252072,23.3329352022841,24.2202534386287,25.2764929570998,26.7378787475674,29.9071362720138,30.0748039650802,29.7895949403773,25.2772745494584,..
Early-demographic dividend,EAR,Total reserves (% of total external debt),FI.RES.TOTL.DT.ZS,10.148502154515,12.9771996803601,15.0214847408852,17.6298523893511,16.5822015725342,17.4536863691581,19.9409171325826,21.7883810492886,21.4039200340787,22.4002598041815,23.9978479927668,25.0207079222569,28.9942710731772,33.5648103946864,37.5980355572861,44.6223934925317,51.7619857411302,62.087797412735,61.2601301630447,64.0619782057059,64.4148383215416,61.63474309845,57.7773397365863,53.6721650628999,52.1284846444953,49.1351106338557,48.4612974136799,46.6189495911829,42.8843528611561,43.9417523620431,47.8180814344156,49.004524781815,45.6332969518681,46.3416752382005,47.9367719128706,..
East Asia & Pacific,EAS,Total reserves (% of total external debt),FI.RES.TOTL.DT.ZS,31.2495068945236,37.3655847255401,25.8390660476936,26.0359840212587,33.4523329839238,33.9437574705683,40.7616175236438,42.4289889360366,44.9059847556794,49.294311819802,55.76918069764,64.4985842206108,84.0727431785616,105.255664861165,136.286691166574,163.453307068708,198.908947870425,254.659154513841,306.619198267212,329.641908869126,274.533249630572,234.194826406636,219.224382357561,202.717608220268,175.919700940353,189.327053272204,166.8281972018,149.665240673872,130.77710980215,126.288299782246,122.483888108454,110.372151292604,111.035261831049,118.85131227662,119.959579154227,..
East Asia & Pacific (excluding high income),EAP,Total reserves (% of total external debt),FI.RES.TOTL.DT.ZS,31.2495068945236,37.3655847255401,25.8390660476936,26.0359840212587,33.4523329839238,33.9437574705683,40.7616175236438,42.4289889360366,44.9059847556794,49.294311819802,55.76918069764,64.4985842206108,84.0727431785616,105.255664861165,136.286691166574,163.453307068708,198.908947870425,254.659154513841,306.619198267212,329.641908869126,274.533249630572,234.194826406636,219.224382357561,202.717608220268,175.919700940353,189.327053272204,166.8281972018,149.665240673872,130.77710980215,126.288299782246,122.483888108454,110.372151292604,111.035261831049,118.85131227662,119.959579154227,..
East Asia & Pacific (IDA & IBRD countries),TEA,Total reserves (% of total external debt),FI.RES.TOTL.DT.ZS,31.2495068945236,37.3655847255401,25.8390660476936,26.0359840212587,33.4523329839238,33.9437574705683,40.7616175236438,42.4289889360366,44.9059847556794,49.294311819802,55.76918069764,64.4985842206108,84.0727431785616,105.255664861165,136.286691166574,163.453307068708,198.908947870425,254.659154513841,306.619198267212,329.641908869126,274.533249630572,234.194826406636,219.224382357561,202.717608220268,175.919700940353,189.327053272204,166.8281972018,149.665240673872,130.77710980215,126.288299782246,122.483888108454,110.372151292604,111.035261831049,118.85131227662,119.959579154227,..
Ecuador,ECU,Total reserves (% of total external debt),FI.RES.TOTL.DT.ZS,8.29653276689643,8.6333016406963,8.28400605717552,10.918838297854,11.062589428131,10.515099174773,11.5218712804431,12.0510256477926,9.38844626695209,9.87766862756838,6.86119786680427,6.02649529169015,5.12824042284296,5.83353234017495,6.97879094784097,10.5127761626376,9.93655355347354,16.671773154245,23.50025409168,28.3483233615266,17.0410043909034,18.2811681796554,15.2885627918126,22.7595607581618,15.7753625980872,8.75622473743015,11.9100050743292,5.27001512810341,4.8000014305469,5.66194579175655,12.6541377163322,13.6144818758088,13.9401264028641,7.20354632324905,11.4433443189908,..
"Egypt, Arab Rep.",EGY,Total reserves (% of total external debt),FI.RES.TOTL.DT.ZS,10.9642670940723,18.9707821302933,37.2813563451256,45.1997201242423,44.3487669864228,51.1476868777037,58.0606974212669,64.6701299090767,58.1933386108961,48.8085888689692,47.1562089250229,47.9965793908505,47.4392496906284,47.9314838671684,48.843660982853,71.4841764402996,83.8162841582727,93.0930282972896,101.194289794683,98.5305977941389,100.610190629948,52.9343823034494,39.1207738563639,35.5350626520593,35.7337956650911,31.7979443056492,34.1714098122744,43.0328486843041,42.0676012909547,38.7857767095803,29.404851483048,27.2772901151395,19.7067253909647,19.6633018777089,28.8007686002366,..
El Salvador,SLV,Total reserves (% of total external debt),FI.RES.TOTL.DT.ZS,26.677081962534,19.9383793734579,24.6500051891819,36.1030136776585,38.3213857685436,36.5761312894454,38.6483958698742,45.080724099611,52.8025920214415,51.9795280118974,41.9252017017664,32.2467572295322,26.7194835477763,23.0540371751175,21.1633093142947,19.2459114429845,19.7007225925321,23.3440924611734,24.7406295078484,29.9918129933645,25.0682655910882,19.5851246125203,23.4434116446167,19.4233749622711,17.7495800309366,17.8579847402795,19.5281899219681,20.7492439420718,21.387276085268,25.5968915246922,16.6773333744401,16.8422672427423,12.7185831218883,13.4686533899243,14.8416167448619,..
Equatorial Guinea,GNQ,Total reserves (% of total external debt),FI.RES.TOTL.DT.ZS,..,..,..,..,..,..,..,..,..,..,..,..,..,..,..,..,..,..,..,..,..,..,..,..,..,..,..,..,..,..,..,..,..,..,..,..
Eritrea,ERI,Total reserves (% of total external debt),FI.RES.TOTL.DT.ZS,..,..,..,..,..,110.360074288685,183.621682067478,304.253143649974,46.6377865430455,21.5341710080428,10.9590478126915,11.6566886522022,5.60009244253978,3.76588823642872,4.57048350689583,3.69042152095424,2.865664957601,3.61399972181839,5.61453766214905,8.5671035867093,11.0042568257466,10.9731148317744,13.3975410382805,14.1423597016481,16.7200676110039,16.5705350650446,18.1532723928313,17.3692042115152,20.444046872348,24.5972481713616,..,..,..,..,..,..
Estonia,EST,Total reserves (% of total external debt),FI.RES.TOTL.DT.ZS,..,..,..,..,..,..,..,..,..,..,..,..,..,..,..,..,..,..,..,..,..,..,..,..,..,..,..,..,..,..,..,..,..,..,..,..
Eswatini,SWZ,Total reserves (% of total external debt),FI.RES.TOTL.DT.ZS,84.5426680680576,66.016592222311,129.90388592626,115.831264698497,123.33144373802,119.44984234818,108.150341557095,72.0787703715268,119.208600880821,110.473000506675,105.417301204964,77.9768816313701,67.1369348240971,61.2003133395604,69.7934899669165,46.8767689424297,78.4311929830288,155.532170268441,156.484828794772,181.894711180277,74.3781536869519,57.7878907141167,85.7801054601054,101.107586057813,128.556890882167,121.790559365023,73.7250298002544,64.5030198414947,57.4980575768102,52.7945958266164,56.9732554517618,48.538677976393,36.2462125448906,39.0230618626915,43.3208755065182,..
Ethiopia,ETH,Total reserves (% of total external debt),FI.RES.TOTL.DT.ZS,0.638399108791824,1.16532856099013,2.88656848317751,5.14473014067887,5.82898787695143,7.89435486088407,8.3564364713291,5.83147229122523,5.77587686455194,9.80891110533318,6.57246009632999,8.52607722510068,14.7410175121634,13.123219332349,22.7884284341768,16.8819310118665,39.0563632234576,49.7518285711253,30.5693010334458,33.2164688138407,30.7539173154047,32.9631493319958,21.9935937339013,18.7797111236408,20.8027686780386,18.7600809382176,12.9545665150701,11.6373756662727,13.3616849918449,9.85176687079036,9.41202874846541,5.13748663970079,3.89184533601214,6.09555279485726,10.3544942459446,..
Euro area,EMU,Total reserves (% of total external debt),FI.RES.TOTL.DT.ZS,..,..,..,..,..,..,..,..,..,..,..,..,..,..,..,..,..,..,..,..,..,..,..,..,..,..,..,..,..,..,..,..,..,..,..,..
Europe & Central Asia,ECS,Total reserves (% of total external debt),FI.RES.TOTL.DT.ZS,..,11.6368127764016,..,10.325118285733,9.81218091972594,17.3835177020259,17.5733212678921,19.2131193766166,13.409290778701,14.4791056147169,19.3779712627502,22.0547201689272,27.6241019544876,33.2415935042292,41.1574320609731,50.5568757589531,60.469013489499,67.3956313788245,56.776207041294,58.2647443809167,59.5565874639837,54.5537946672879,55.4053470528335,49.3979900956017,43.8657312255295,44.1348884040568,43.4553847189386,47.0555047495712,50.8798845356879,57.6735935001304,60.4341988198515,63.202137123515,63.8794699537602,30.5189130428715,33.0234644448174,..
Europe & Central Asia (excluding high income),ECA,Total reserves (% of total external debt),FI.RES.TOTL.DT.ZS,15.4299051675511,13.0052044649989,13.9637139923061,12.9218186159624,15.2998160774699,21.0046376225324,24.4361932649679,25.1599277539866,21.0976862634952,22.7081386057094,19.119823397824,18.2926966988584,21.6773015118657,24.7777599212196,25.4222825134113,31.2710202277469,32.9524639916786,31.7629783819769,27.2446045066181,27.5288723985599,27.9408435212556,28.011636324906,29.3220994068555,29.5484083941946,27.6037084268687,25.8187408388888,25.7191647998001,25.7084943705013,25.0420196335797,27.289152775476,26.8106971051683,28.6961247319305,29.8794084124678,30.5189130428715,33.0234644448174,..
Europe & Central Asia (IDA & IBRD countries),TEC,Total reserves (% of total external debt),FI.RES.TOTL.DT.ZS,..,11.6368127764016,..,10.325118285733,9.81218091972594,17.3835177020259,17.5733212678921,19.2131193766165,13.409290778701,14.4791056147169,19.3779712627502,22.0547201689272,27.6241019544876,33.2415935042292,41.1574320609731,50.5568757589531,60.469013489499,67.3956313788245,56.776207041294,58.2647443809167,59.5565874639837,54.5537946672879,55.4053470528335,49.3979900956017,43.8657312255295,44.1348884040568,43.4553847189386,47.0555047495712,50.8798845356879,57.6735935001304,60.4341988198515,63.202137123515,63.8794699537602,30.5189130428715,33.0234644448174,..
European Union,EUU,Total reserves (% of total external debt),FI.RES.TOTL.DT.ZS,..,..,..,..,..,..,..,..,..,..,..,..,..,..,..,..,..,..,..,..,..,..,..,..,..,..,..,..,..,..,..,..,..,..,..,..
Faroe Islands,FRO,Total reserves (% of total external debt),FI.RES.TOTL.DT.ZS,..,..,..,..,..,..,..,..,..,..,..,..,..,..,..,..,..,..,..,..,..,..,..,..,..,..,..,..,..,..,..,..,..,..,..,..
Fiji,FJI,Total reserves (% of total external debt),FI.RES.TOTL.DT.ZS,82.1009730293787,96.3183915006675,123.194504724456,109.551395370779,138.902715905853,190.463095490297,257.90522392906,227.98789481385,229.205514860129,185.000281410337,211.801929809757,201.987061054278,169.806889583818,164.105123770484,183.16299809457,106.15699843909,83.9441994136829,132.754224500072,46.7527964577477,53.3748968454316,65.0619483631632,73.4143315270382,71.5719248584385,70.9811692358839,63.9210681737961,61.5732830088256,64.8676586142717,67.145884895731,58.194913131244,56.9582304356204,52.8397855082084,60.7610713816014,52.1002160236745,46.2500013163731,41.3450459940034,..
Finland,FIN,Total reserves (% of total external debt),FI.RES.TOTL.DT.ZS,..,..,..,..,..,..,..,..,..,..,..,..,..,..,..,..,..,..,..,..,..,..,..,..,..,..,..,..,..,..,..,..,..,..,..,..
France,FRA,Total reserves (% of total external debt),FI.RES.TOTL.DT.ZS,..,..,..,..,..,..,..,..,..,..,..,..,..,..,..,..,..,..,..,..,..,..,..,..,..,..,..,..,..,..,..,..,..,..,..,..
French Polynesia,PYF,Total reserves (% of total external debt),FI.RES.TOTL.DT.ZS,..,..,..,..,..,..,..,..,..,..,..,..,..,..,..,..,..,..,..,..,..,..,..,..,..,..,..,..,..,..,..,..,..,..,..,..
Gabon,GAB,Total reserves (% of total external debt),FI.RES.TOTL.DT.ZS,6.99763110848612,7.86213443757483,1.96048564607183,0.14926106746478,4.31584019385876,3.50814104573712,5.87580025386576,6.68581908502612,0.431128521051963,0.540910175876836,4.92619624216543,0.388711456734738,4.09584238222851,5.30438595496239,10.9219293951205,16.953304656094,25.6790696913332,24.1251490739474,77.7895270346854,73.5126027402267,59.5527825312156,67.7770827112681,72.5556039077438,62.2779522850069,53.3394315418242,36.3070036950427,14.6534093625024,14.6694853489707,19.1565890079185,18.8164911893315,17.9367466818875,16.6511067504691,17.7145145244664,19.1051573724264,9.37103338435932,..
"Gambia, The",GMB,Total reserves (% of total external debt),FI.RES.TOTL.DT.ZS,15.00558208157,17.6466787903576,23.3106697424252,24.8261074344727,23.1728849214443,24.9129989207916,22.5964883003359,22.6160958657221,23.1463084928651,23.5820133745745,22.3266977345765,21.4380851109511,18.3079552521825,9.217946851849,12.3253549260042,14.8547724669802,17.0044030917455,20.6687692848746,29.7812147963647,42.2116878552635,37.0768734639525,43.2717552232415,41.7700454165916,36.1229153651232,28.532473788195,18.9486547261105,14.0649854551358,22.5240512379481,24.6501203146747,30.166532162952,40.1492854201049,58.6544925133433,48.1723933542039,43.5547950933483,38.2821078744936,..
Georgia,GEO,Total reserves (% of total external debt),FI.RES.TOTL.DT.ZS,..,..,..,..,..,16.0043811163773,14.0579161108046,13.7613318669671,8.06251059518537,7.79906532326842,6.35250050930347,8.48090346509542,9.93776020641878,9.13130483136033,16.6914033517703,22.1981120283383,36.171554551052,45.5701152104545,19.1692633814818,24.332675725588,25.7530625924978,23.9209081079851,21.2543266682517,20.7431663977262,19.1398638204665,17.5531670934591,17.4113069755128,18.9884320493199,19.2231430432921,18.6986424965008,19.4850146886447,19.4197877982404,20.9538653079122,20.7362593587805,17.6735486994519,..
Germany,DEU,Total reserves (% of total external debt),FI.RES.TOTL.DT.ZS,..,..,..,..,..,..,..,..,..,..,..,..,..,..,..,..,..,..,..,..,..,..,..,..,..,..,..,..,..,..,..,..,..,..,..,..
Ghana,GHA,Total reserves (% of total external debt),FI.RES.TOTL.DT.ZS,7.9700862462634,14.7095431785805,9.12931396344639,10.5794681488563,12.6028239652544,13.5419669284502,14.4384615181331,9.73053524606934,6.55322021386097,7.52781665980326,4.5808282275235,5.47932708733893,8.32506879042916,17.7094465886763,24.1550830330168,23.4436293829066,37.4426444714508,26.6903335506933,20.0242024793272,28.4806289961588,28.6808407522775,27.7400934400547,25.203835852371,19.6002334524153,19.5099774614687,18.3432463946771,16.8290270210254,20.8005425603772,17.9337863626706,23.139465185671,19.5657819737534,21.288101163547,11.9372038402218,8.69027246258012,11.9537693758777,..
Gibraltar,GIB,Total reserves (% of total external debt),FI.RES.TOTL.DT.ZS,..,..,..,..,..,..,..,..,..,..,..,..,..,..,..,..,..,..,..,..,..,..,..,..,..,..,..,..,..,..,..,..,..,..,..,..
Greece,GRC,Total reserves (% of total external debt),FI.RES.TOTL.DT.ZS,..,..,..,..,..,..,..,..,..,..,..,..,..,..,..,..,..,..,..,..,..,..,..,..,..,..,..,..,..,..,..,..,..,..,..,..
Greenland,GRL,Total reserves (% of total external debt),FI.RES.TOTL.DT.ZS,..,..,..,..,..,..,..,..,..,..,..,..,..,..,..,..,..,..,..,..,..,..,..,..,..,..,..,..,..,..,..,..,..,..,..,..
Grenada,GRD,Total reserves (% of total external debt),FI.RES.TOTL.DT.ZS,15.5726190158718,14.0342586392726,22.0633267315762,18.0124401759654,23.9760059031797,28.6664250822841,25.3956114066242,36.5793790109515,27.2080736717636,36.8670389625481,28.9137228070699,27.133765126224,23.6081829547546,22.5497842725567,28.335269036345,26.0204842751624,22.08725714651,22.6729806612816,19.5484559651929,23.190163380471,21.2552822808329,22.6766117368366,20.2769198743652,25.6571899652299,26.6186837729347,32.8688689681037,33.3143555314703,35.3582874174252,40.3011708934423,43.1145945043593,35.1618098392065,38.7521827364846,43.54636462308,45.8450130251055,49.0297257496974,..
Guam,GUM,Total reserves (% of total external debt),FI.RES.TOTL.DT.ZS,..,..,..,..,..,..,..,..,..,..,..,..,..,..,..,..,..,..,..,..,..,..,..,..,..,..,..,..,..,..,..,..,..,..,..,..
Guatemala,GTM,Total reserves (% of total external debt),FI.RES.TOTL.DT.ZS,12.4289762333789,30.7209653555278,28.546179121792,32.241639095984,29.8327763360377,23.4843219031621,27.7623291597187,33.3879691566866,37.8441821328039,32.3164573124226,45.7362027446568,53.6818814026692,52.4245593320643,56.7120212913201,43.5153916736391,39.7311111576204,37.0471617084246,34.031159162305,33.6678423122374,35.1098383241386,39.5434711798924,37.9218366331352,43.559113301248,41.5762643176387,37.5713800009515,38.0107648670804,43.3161465697598,50.5702040615554,51.8358720368274,60.1064661731239,75.8026351309076,79.559640080038,80.7888916751576,83.0449852081302,90.2196292193644,..
Guinea,GIN,Total reserves (% of total external debt),FI.RES.TOTL.DT.ZS,..,5.6692841023859,3.80082457271747,4.8133613284362,2.88795749619615,2.71348915689512,2.72244056170381,3.48988402391335,6.68494791663017,6.23106605133827,5.44494327023197,7.16732964003467,8.32644581707585,8.88368235940975,3.47807388641386,3.12730039628194,1.25722564477921,1.41713322716656,1.74174886120997,12.8361123829898,9.30895933583093,29.551699425087,56.9965890445029,50.8711415489504,53.4414584979819,32.0952810082157,37.9074981302271,41.0193050684563,47.9540228172363,38.9601376390085,36.4126560077792,47.0299944795501,43.0199623492807,36.5489359127032,24.9726041932355,..
Guinea-Bissau,GNB,Total reserves (% of total external debt),FI.RES.TOTL.DT.ZS,..,..,..,..,..,..,..,..,..,..,..,..,..,..,..,..,..,..,..,..,..,..,..,..,..,..,..,..,..,..,..,..,..,..,..,..
Guyana,GUY,Total reserves (% of total external debt),FI.RES.TOTL.DT.ZS,1.46090495298179,6.29116743724752,9.82897940548934,12.5752739490257,12.0439055879556,12.6949463296802,20.5107625496437,19.8367057401277,18.6780348778461,18.7142834275614,22.1871658405036,21.6371374264985,20.4632260747042,19.0066835325484,16.9424915170086,20.3314309240436,24.0409719723166,36.8824518184616,35.9329427112651,44.2187436287261,55.5285943296084,39.9555486438582,43.7658724350843,34.0405907815511,28.5200573742477,32.4932177881721,35.3425110141642,35.7354902953513,32.2656599444385,37.4689050695799,45.174217674469,41.8469798362876,44.3395649123763,30.321846757966,27.4277664754556,..
Haiti,HTI,Total reserves (% of total external debt),FI.RES.TOTL.DT.ZS,1.08282127332402,5.15562012966365,4.00459326742306,4.64726655910623,7.67272218772231,23.7375063822217,24.1380469170785,19.8522332462328,24.7006057824448,21.6430347739729,15.1440838126914,11.1557738380303,6.46433814336913,4.59853194575947,14.3001992772452,16.2763873305644,24.1210571697215,34.0267496934045,33.7298967733951,70.199031701812,185.082098629197,226.544996819222,174.692332214805,144.674145684412,93.6398039485828,84.934881968091,90.4728777400358,97.8420710930105,92.0639398842439,95.3515129745682,98.886286318799,82.7401506518058,73.2950839433267,81.8306949892152,287.298489035882,..
Heavily indebted poor countries (HIPC),HPC,Total reserves (% of total external debt),FI.RES.TOTL.DT.ZS,2.8085644860112,3.27034720841589,3.38456222564803,3.18688568843052,3.9312934973316,4.79773172829926,5.92342984180957,6.43976288250248,5.84337404297653,6.95701849908669,7.43848747723942,8.18887208121528,9.40353168830218,9.92151274457973,12.7243291007301,15.076760370576,25.3154542262073,31.5004513747407,35.5814029415795,39.8290678449578,44.1062688238592,45.1473712352797,43.2171629203221,36.5505667518384,33.747839905994,27.8516371624571,22.825083067245,23.7488927575129,23.1384430851048,22.3944759786295,22.2203688780872,..,..,..,..,..
High income,HIC,Total reserves (% of total external debt),FI.RES.TOTL.DT.ZS,..,..,..,..,..,..,..,..,..,..,..,..,..,..,..,..,..,..,..,..,..,..,..,..,..,..,..,..,..,..,..,..,..,..,..,..
Honduras,HND,Total reserves (% of total external debt),FI.RES.TOTL.DT.ZS,1.22026515972681,3.22454549782088,5.15279414567496,2.38050095269141,3.73953315458403,5.49315101123928,5.34881147784822,11.8657372298738,16.1600780769449,22.6329043933259,23.4816478036686,27.5503769851269,27.8873857440774,25.4370605845472,31.9030293553917,45.224074340791,66.2559434572677,84.5612207562029,70.851524567029,54.9995758467379,67.4064711552552,62.9806587134135,49.7774685394774,43.7807596958401,46.8924350969364,49.1757286479242,50.0354332575971,53.8086447532789,51.9676297383313,58.8811793892231,73.488758746513,69.2918640610283,66.5454772568278,58.2768595437127,56.1983206870397,..
"Hong Kong SAR, China",HKG,Total reserves (% of total external debt),FI.RES.TOTL.DT.ZS,..,..,..,..,..,..,..,..,..,..,..,..,..,..,..,..,..,..,..,..,..,..,..,..,..,..,..,..,..,..,..,..,..,..,..,..
Hungary,HUN,Total reserves (% of total external debt),FI.RES.TOTL.DT.ZS,..,..,..,..,..,..,..,..,..,..,..,..,..,..,..,..,..,..,..,..,..,..,..,..,..,..,..,..,..,..,..,..,..,..,..,..
IBRD only,IBD,Total reserves (% of total external debt),FI.RES.TOTL.DT.ZS,16.3830420083555,20.2521191917154,20.6636084832946,21.5523638797305,23.1197814957796,25.6012546690393,29.0485196817092,30.4894400010713,27.9633397825544,28.682558084873,31.8526955864873,35.783510120302,43.6716971074183,53.0445007397001,66.4650887129983,82.1101278989478,97.3497554838624,117.434458800091,124.854814557452,137.386799324745,132.798208602932,123.487813127259,116.813026566777,109.632126211431,101.31177879388,100.563834946599,92.6003729165167,88.9733533378423,83.3115397260002,83.3977024489699,85.1904574499758,82.1096264103716,80.6767237129832,80.0294882362442,80.452646450283,..
Iceland,ISL,Total reserves (% of total external debt),FI.RES.TOTL.DT.ZS,..,..,..,..,..,..,..,..,..,..,..,..,..,..,..,..,..,..,..,..,..,..,..,..,..,..,..,..,..,..,..,..,..,..,..,..
IDA & IBRD total,IBT,Total reserves (% of total external debt),FI.RES.TOTL.DT.ZS,14.2494661125263,17.5033035440877,17.7888386484879,18.9784466491383,20.577692928287,22.8628470682023,26.2244106780242,27.8959970565277,25.6706501190804,26.4104930288924,29.4357120116373,33.2489020703057,40.190621845641,48.5936329887494,61.0489512950773,76.3403918060736,92.9247628452405,112.312553330213,118.885302513159,129.997555320661,126.251488241658,117.480940662298,111.284252367251,104.603574721177,96.6240631790609,94.9652166361106,87.4263206200543,83.8793126186553,78.677683844607,78.6188383904314,80.0313830269528,77.0608724600287,75.0253136871573,74.037778095765,74.8331958963515,..
IDA blend,IDB,Total reserves (% of total external debt),FI.RES.TOTL.DT.ZS,8.66119431241844,8.88973797272715,5.33976648733425,6.729687445023,8.25256224491522,6.89604182844257,9.50726765066056,13.451941421816,11.8243739822839,11.6840530971245,15.8336197061684,18.7341752860895,19.4088114412073,20.6272978415477,27.7635147517442,45.7305303668026,78.1517828204096,90.1766972307171,77.5507839864913,67.4655482044203,54.8768116195623,50.7866119157483,53.3047316462206,55.3798630864105,51.0069345350531,46.0931029196329,43.9706080044355,40.0735631895979,36.271419345564,33.5734067818239,32.2762912372495,32.4786264189289,27.0653096666348,25.9565705770549,30.3361259170975,..
IDA only,IDX,Total reserves (% of total external debt),FI.RES.TOTL.DT.ZS,4.18525359239082,5.46289287562062,6.04283603673205,6.58967865979851,7.79335780015309,8.30525164055182,8.95109991305025,9.65892386596566,9.24252084300881,10.0641425497724,11.0207686113816,12.704094893093,14.4685067810738,16.1588427284972,18.9264404911848,20.7603064049784,28.4507410652577,32.4865436402973,41.0186759411672,45.8364376970557,48.7710741610919,37.2246602834479,36.6053798734961,34.9998898717345,33.0546855396641,31.1272100361226,29.9564343427772,30.8719413614704,30.2927523343546,30.7737842162477,32.8078783893612,30.381997458891,25.339406125442,24.4173591691979,25.6403994682116,..
IDA total,IDA,Total reserves (% of total external debt),FI.RES.TOTL.DT.ZS,5.95456297431385,6.79041337662894,5.76777771863889,6.6420012437077,7.96429272816307,7.76561629815222,9.16328398221985,11.0938382143495,10.2108844401404,10.7015924022313,12.9046655768342,15.1118512485792,16.4214118633743,17.9616357473351,22.5300276908752,30.1912676525922,46.6364318481949,53.3778409522758,53.9579287575577,53.4451407901337,51.0433529344338,42.4362312153864,42.7809633473538,42.4568258544251,39.5914065084627,36.5572630705218,34.9523318161285,34.375097031174,32.6496959159223,31.9485045783668,32.5857680479132,31.2729357670754,26.0831676115248,25.0831083291091,27.7411640852837,..
India,IND,Total reserves (% of total external debt),FI.RES.TOTL.DT.ZS,6.75373608549618,8.97557783016512,10.867260825399,16.0676385248745,24.7408254960678,24.3736131718362,26.4876066129941,30.1781699926887,31.1658971217027,36.0848593077683,40.5996797790178,49.2972814106673,67.7196714862146,87.258726981145,106.459372005668,113.721097540285,111.612105248727,135.539270475798,113.346273242114,111.068783299851,103.461319152171,89.3361512583746,76.5267053788125,69.7708394619795,71.0548132506624,73.787840306062,79.3986952137363,80.6554701626196,76.5897509037981,82.6123941762793,104.468842983349,104.329764836502,92.1664366011073,96.9479623776361,89.7532492132288,..
Indonesia,IDN,Total reserves (% of total external debt),FI.RES.TOTL.DT.ZS,12.3936693420162,13.0242974878564,13.0496247835086,13.991099587533,12.355002629415,11.9836160124929,15.0353647148095,12.8259041215135,15.5829738883158,18.0131267308648,20.3770454946064,21.1767140184762,24.939689858145,26.981836298671,26.3041558864467,24.4356295800576,31.3282612701241,38.5150304037133,32.70128554457,36.8546175189665,48.5231893830568,50.146567838044,44.6505713440242,37.69737876467,38.2350714595132,34.4092876962145,36.4734834506098,36.816345447022,31.7652933728205,32.1056123208033,32.590899818207,34.6797924617942,34.6533350841829,36.6251387161778,36.980137806407,..
"Iran, Islamic Rep.",IRN,Total reserves (% of total external debt),FI.RES.TOTL.DT.ZS,..,..,..,..,..,..,..,..,..,..,..,..,..,..,..,..,..,..,..,..,..,..,..,..,..,..,..,..,..,..,..,..,..,..,..,..
Iraq,IRQ,Total reserves (% of total external debt),FI.RES.TOTL.DT.ZS,..,..,..,..,..,..,..,..,..,..,..,..,..,..,..,..,..,..,..,..,..,..,..,..,..,282.154789531229,193.969501392406,175.61585571741,232.825045851289,247.458572462125,206.714742948642,253.275041877923,426.926028048004,552.369838844209,574.818281545621,..
Ireland,IRL,Total reserves (% of total external debt),FI.RES.TOTL.DT.ZS,..,..,..,..,..,..,..,..,..,..,..,..,..,..,..,..,..,..,..,..,..,..,..,..,..,..,..,..,..,..,..,..,..,..,..,..
Isle of Man,IMN,Total reserves (% of total external debt),FI.RES.TOTL.DT.ZS,..,..,..,..,..,..,..,..,..,..,..,..,..,..,..,..,..,..,..,..,..,..,..,..,..,..,..,..,..,..,..,..,..,..,..,..
Israel,ISR,Total reserves (% of total external debt),FI.RES.TOTL.DT.ZS,..,..,..,..,..,..,..,..,..,..,..,..,..,..,..,..,..,..,..,..,..,..,..,..,..,..,..,..,..,..,..,..,..,..,..,..
Italy,ITA,Total reserves (% of total external debt),FI.RES.TOTL.DT.ZS,..,..,..,..,..,..,..,..,..,..,..,..,..,..,..,..,..,..,..,..,..,..,..,..,..,..,..,..,..,..,..,..,..,..,..,..
Jamaica,JAM,Total reserves (% of total external debt),FI.RES.TOTL.DT.ZS,3.51444971270082,2.29935349290579,6.99874449605892,9.43884088470366,15.8458660983509,14.7592396188022,21.4878169494059,17.8634178811918,17.9819672659535,13.7672470722933,21.8552587492936,34.6941324490999,29.3695656819628,20.8883496016139,28.3341622255071,32.922457006849,28.6781743222781,17.8498605124424,16.994647302527,18.6727747626361,17.6299813114687,15.9712117058001,14.012902561274,14.1073433123507,17.566996244715,20.7302394466165,23.5003330661397,25.9260370678797,20.1481015996809,25.1031515482983,27.1787901725615,30.1660757213439,28.5888163738908,31.6244028116851,37.965378687083,..
Japan,JPN,Total reserves (% of total external debt),FI.RES.TOTL.DT.ZS,..,..,..,..,..,..,..,..,..,..,..,..,..,..,..,..,..,..,..,..,..,..,..,..,..,..,..,..,..,..,..,..,..,..,..,..
Jordan,JOR,Total reserves (% of total external debt),FI.RES.TOTL.DT.ZS,13.6656290010939,11.3890076669591,12.9298755264331,25.5076619084101,26.4384811550472,29.7557540632153,27.8421277734441,33.3058297928857,26.2962869545685,34.1716191048558,31.10743073136,26.7061850939007,31.6261918101737,42.9514536559466,42.2377141334675,42.7767249427235,50.3880844582081,53.3217237195438,64.5381379783004,85.0410142788599,80.696164368883,69.2013311103472,48.2601308716103,60.1049159311643,66.5162713757684,64.7378053598565,57.3337787130011,51.8142207010819,45.6694374437538,45.9807613460011,44.5907950178061,45.7151588172955,44.2024222435831,42.7944494129774,46.7126871088204,..
Kazakhstan,KAZ,Total reserves (% of total external debt),FI.RES.TOTL.DT.ZS,..,..,..,41.1631732693233,43.5973774865532,44.2609128214048,67.0747900838798,54.5075730746122,32.3540416685506,30.3154616915408,16.2835142380541,16.3356354592673,17.0353326117411,21.3637698632737,27.9139122633383,16.1181446719513,25.695182376329,18.3301279681237,18.6278498914513,21.1252105164387,23.7218015474829,23.4981251408587,20.8357193631031,16.2583331260009,18.2555730687253,17.8388585013977,17.7285877588253,18.8554414076969,19.2200898039653,16.9643451928874,20.6132314221737,19.826926280196,20.6852391034401,20.9726120221524,27.3420275033964,..
Kenya,KEN,Total reserves (% of total external debt),FI.RES.TOTL.DT.ZS,3.34670214835118,1.94725148447994,1.15318928240444,6.14137511762975,8.25529686834797,5.25725182123002,11.3877129667137,12.5458657395674,11.4763709675883,12.1318189942546,14.6062137376271,19.3800559473379,17.5223654715719,22.0714590468592,21.9694668567627,27.6739618120626,35.9553028638688,44.2860507707484,37.428952039636,44.8360795474852,48.6296450219419,42.472666004945,48.2737202816173,47.9030272226377,46.5618159410498,37.9850175926342,35.8723664031553,27.1801605463288,25.973252621977,26.0674293528311,21.8128323436254,23.0254823086428,19.1775689415999,17.1096987463284,23.4728753335776,..
Kiribati,KIR,Total reserves (% of total external debt),FI.RES.TOTL.DT.ZS,..,..,..,..,..,..,..,..,..,..,..,..,..,..,..,..,..,..,..,..,..,..,..,..,..,..,..,..,..,..,..,..,..,..,..,..
"Korea, Dem. People's Rep.",PRK,Total reserves (% of total external debt),FI.RES.TOTL.DT.ZS,..,..,..,..,..,..,..,..,..,..,..,..,..,..,..,..,..,..,..,..,..,..,..,..,..,..,..,..,..,..,..,..,..,..,..,..
"Korea, Rep.",KOR,Total reserves (% of total external debt),FI.RES.TOTL.DT.ZS,..,..,..,..,..,..,..,..,..,..,..,..,..,..,..,..,..,..,..,..,..,..,..,..,..,..,..,..,..,..,..,..,..,..,..,..
Kosovo,XKX,Total reserves (% of total external debt),FI.RES.TOTL.DT.ZS,..,..,..,..,..,..,..,..,..,..,79.58000006626,375.193981780562,469.710883949055,650.979106180853,492.551580555084,415.193966161589,565.568934650778,179.500345102317,131.407283070458,48.1200323200231,47.8149046864316,36.880261849074,47.7715954818379,43.0799065007452,37.2158600095236,36.6418887935372,30.0185360031137,32.7281787458364,37.8926156599796,39.9524429509661,35.4674960606426,37.1918998989556,34.0878813468597,29.3673419694176,29.8054849711154,..
Kuwait,KWT,Total reserves (% of total external debt),FI.RES.TOTL.DT.ZS,..,..,..,..,..,..,..,..,..,..,..,..,..,..,..,..,..,..,..,..,..,..,..,..,..,..,..,..,..,..,..,..,..,..,..,..
Kyrgyz Republic,KGZ,Total reserves (% of total external debt),FI.RES.TOTL.DT.ZS,..,..,..,16.5177137445025,5.86134207606262,21.9260641568796,12.3308558168777,14.4886470074193,12.4688359358013,13.7026961610337,13.5126062777646,15.7088574776266,16.2110259070364,18.5846983257849,22.0451134856598,27.136089935651,31.4761525257546,40.8685003939075,33.7679631813063,38.465761142092,41.7719968391651,33.3395575989894,34.240153786925,32.8441049632451,26.8695671101478,23.0299836610283,24.678973788035,26.7801371556518,26.4214015567488,28.7257424122295,32.4083200734643,32.9176143425875,28.7149081120481,31.8335843916949,43.5308801163739,..
Lao PDR,LAO,Total reserves (% of total external debt),FI.RES.TOTL.DT.ZS,0.4735867443459,1.85295557073257,2.40027402920467,3.50595117487936,3.25843319504201,4.57513041954397,7.78611255549356,5.03681287497288,4.76340700499994,5.28079992361918,5.70068870120331,6.18550228637202,7.29484962548756,11.6023039766498,10.6295771157672,10.5394202955653,13.3557899605963,15.2454038318008,16.5472098643128,16.5611001511002,19.0315234456725,17.3545104321508,17.925484647541,13.5829790332344,13.0803934625049,9.30391547896413,6.77131559228808,7.46627034581468,6.14479406486575,5.83499208463094,9.27134187223629,10.4239251228343,8.52158143812842,9.80115434721168,12.4070223474476,..
Late-demographic dividend,LTE,Total reserves (% of total external debt),FI.RES.TOTL.DT.ZS,26.9750696962341,33.0503726702882,29.020321176868,25.3558738638194,31.0677583308288,35.4052241877056,39.0339580580325,39.5601289900861,34.3952819449579,35.1257339604756,40.4601490506773,48.3455228525756,61.591695695806,76.1432029111705,100.016109869015,122.552930141671,144.118223275064,173.324228820783,190.187490406785,211.904127402559,194.783416365128,170.658399708673,162.232645571859,150.603126724867,136.282342784294,141.914325788946,126.981434603653,121.874943504232,113.033117352063,111.774994121061,111.351661129152,102.608798439741,102.548767026521,103.576111115944,104.832946049061,..
Latin America & Caribbean,LCN,Total reserves (% of total external debt),FI.RES.TOTL.DT.ZS,9.83196985412211,12.7548666447999,17.7263697839636,20.8069385540791,17.6509916668339,20.2448903174067,22.9421923968239,22.6488424984772,19.2265496045867,17.3632715793066,17.654937147793,17.8664912863482,18.6261016694049,20.98238530034,23.7713812554456,29.6250568936644,36.0959756198917,50.0817394890033,51.5182852761893,56.322300876331,56.9946334300663,59.1743747257918,57.0460303458613,50.9422740011556,47.6640670001079,44.8345469350858,45.4502556660731,44.744672494358,42.6008052536626,40.8038935133109,42.6522712816691,43.1153843325595,40.2422862489873,39.9637772502833,40.8963712622237,..
Latin America & Caribbean (excluding high income),LAC,Total reserves (% of total external debt),FI.RES.TOTL.DT.ZS,9.87585789538376,12.7877671804247,17.7643240428104,20.8440831758206,17.6752178694461,20.2745184356772,22.9491512774458,22.6563930128664,19.2277537350173,17.360528507344,17.6459485313164,17.8594394240447,18.622462475185,20.9862587263812,23.783848937483,29.6418048137297,36.1163107237117,50.096127699901,51.5371339386815,56.3425744169191,56.9966888814545,59.208423594664,57.0665560382107,50.9695120974084,47.6924904557935,44.8471772938977,45.4604309984826,44.7529201094269,42.609845855649,40.8066089213889,42.6502486275407,43.1166313279534,40.2379188683041,39.9779598351863,40.9212133382091,..
Latin America & the Caribbean (IDA & IBRD countries),TLA,Total reserves (% of total external debt),FI.RES.TOTL.DT.ZS,9.83196985412211,12.7548666447999,17.7263697839636,20.8069385540791,17.6509916668339,20.2448903174067,22.9421923968239,22.6488424984772,19.2265496045867,17.3632715793066,17.654937147793,17.8664912863482,18.6261016694049,20.98238530034,23.7713812554456,29.6250568936644,36.0959756198917,50.0817394890033,51.5182852761893,56.322300876331,56.9946334300663,59.1743747257918,57.0460303458613,50.9422740011556,47.6640670001079,44.8345469350858,45.4502556660731,44.744672494358,42.6008052536625,40.8038935133109,42.6522712816691,43.1153843325595,40.2422862489872,39.9637772502833,40.8963712622237,..
Latvia,LVA,Total reserves (% of total external debt),FI.RES.TOTL.DT.ZS,..,..,..,..,..,..,..,..,..,..,..,..,..,..,..,..,..,..,..,..,..,..,..,..,..,..,..,..,..,..,..,..,..,..,..,..
Least developed countries: UN classification,LDC,Total reserves (% of total external debt),FI.RES.TOTL.DT.ZS,4.05426338979036,4.9678940909392,5.45244668671007,5.79730879819457,6.94197086882273,6.82509843035552,7.42702423766146,7.90936862673315,7.44294306191859,8.37482064940039,10.4807509834243,11.6845532561842,13.0904095191813,14.3490300251594,17.3403521349823,19.4481427947861,31.1443913182301,37.1885079994588,42.4127312993513,43.5247953574828,47.2681517637045,47.7026578314552,50.4212738779612,47.1099224309078,41.6619211749776,38.0032376493477,36.0974318611052,33.6927020378207,33.2269212156009,33.1269999908037,34.5353949761321,32.2922804185381,27.2504811963146,26.305402387516,26.1437096268084,..
Lebanon,LBN,Total reserves (% of total external debt),FI.RES.TOTL.DT.ZS,235.605958416804,290.310582600589,251.909904673997,433.405619141332,348.826541807912,272.214677917662,232.309772743403,169.868514811657,132.077017141264,123.068595444819,84.1151323612423,55.8445815916395,59.4241703961966,85.9390095245644,69.1711333229182,72.9273699718163,79.4165090546782,79.4506594142924,64.2216446270783,84.8115179380496,92.9888597039508,96.3553812752871,94.2511400004259,77.0386555501103,78.594332004519,71.1268400005479,77.5353368348257,74.6897332712628,65.7453455499033,70.6403675506343,61.5971535562138,52.6554891598088,48.4537196528351,41.4444327819085,49.4164836919352,..
Lesotho,LSO,Total reserves (% of total external debt),FI.RES.TOTL.DT.ZS,18.2953528050702,25.7137071279184,31.8538893295025,46.5890039079254,59.8536548979861,66.7398581235461,65.671159433529,84.9598756687288,83.5621022877329,72.6955332894855,54.2934569159941,56.470925217347,57.0281785579949,65.2251160278052,64.8410361785327,77.9102167290937,100.146692595513,146.28490944054,138.780657968107,195.980534397518,188.561318067165,111.095076133596,110.536017685705,114.611240913035,118.549182314897,104.707485463184,68.1261134806299,43.7229136234102,49.7829198251556,48.8856740378065,42.027661763103,43.5440399322074,42.6258608862953,48.1010462114031,56.8402880531113,..
Liberia,LBR,Total reserves (% of total external debt),FI.RES.TOTL.DT.ZS,..,0.0597974633653693,0.0448949815926716,0.105585263605166,0.214118571333232,1.12845058644178,0.0155316089317721,0.0174536902129078,0.024073799128847,0.0166538838667764,0.00943869798626345,0.0158195200002548,0.100140616605847,0.203059338610841,0.485249370159987,0.642828612590293,1.71739391211408,3.15934884261262,5.08917627929797,20.1297743088381,105.534579713814,113.001053655512,117.864747909303,111.042808694313,73.2010697993646,66.9645992181657,61.6879238834915,52.4092807857695,28.7001367269325,23.4577197505084,23.3562082649845,37.9204440557665,31.2008355579145,20.9640422283664,16.4543194672274,..
Libya,LBY,Total reserves (% of total external debt),FI.RES.TOTL.DT.ZS,..,..,..,..,..,..,..,..,..,..,..,..,..,..,..,..,..,..,..,..,..,..,..,..,..,..,..,..,..,..,..,..,..,..,..,..
Liechtenstein,LIE,Total reserves (% of total external debt),FI.RES.TOTL.DT.ZS,..,..,..,..,..,..,..,..,..,..,..,..,..,..,..,..,..,..,..,..,..,..,..,..,..,..,..,..,..,..,..,..,..,..,..,..
Lithuania,LTU,Total reserves (% of total external debt),FI.RES.TOTL.DT.ZS,..,..,..,..,..,..,..,..,..,..,..,..,..,..,..,..,..,..,..,..,..,..,..,..,..,..,..,..,..,..,..,..,..,..,..,..
Low & middle income,LMY,Total reserves (% of total external debt),FI.RES.TOTL.DT.ZS,14.2749722185599,17.6577048417587,17.8834130102388,20.0762308982227,21.9965480122419,23.5736583753999,27.423936334288,29.0462124377709,27.5364205266248,28.3468566059144,30.3174357572955,33.8528204899873,40.6050174607666,49.2172374690967,61.3295003162354,77.0388465741347,92.9492480728402,113.114998045821,123.050896528696,134.670540732278,128.798658042136,121.643141439302,114.524282102389,108.60903859402,99.4742341853033,96.9727031718162,89.1108704518775,84.0201051085323,77.4453227568304,76.3957073271631,77.1820688831012,73.8990841676877,71.4378211681804,74.052761486001,74.8533040117974,..
Low income,LIC,Total reserves (% of total external debt),FI.RES.TOTL.DT.ZS,3.07601992305915,3.42498710463213,2.8649882935282,2.70777159679239,3.39127045602019,4.85337813644301,5.922093651218,6.61833611117787,5.80241465634789,7.34132488595884,9.55250634668744,11.7401309081711,13.5607793737216,13.8640720901414,17.6717038688981,19.0547290879685,26.8426333257783,29.2334704686768,55.0180557114966,55.2722493065145,60.7068748523263,34.4205274118734,33.4963895994174,27.510019830099,25.4513955656324,19.4591123567736,16.6157948267034,18.0159609464668,21.3634041834492,19.7516120697709,18.8432013715888,14.235992915314,12.972229093144,13.7317802667286,..,..
Lower middle income,LMC,Total reserves (% of total external debt),FI.RES.TOTL.DT.ZS,9.04281558100633,11.4252817142507,13.4222264770609,16.3595067390326,20.1899826633896,19.3727035528003,22.0533883216943,24.6508287290689,23.9451442033032,24.9582792027618,26.8429833503492,30.9804516970469,37.0963811953531,46.0420461509447,54.4116849930038,65.2970092544539,82.9738291435014,99.6175519767159,87.4607312553639,86.0082296140904,81.2412171908022,71.5442811673967,66.0596744490112,61.2538062701094,60.0958673019325,59.0730289174852,59.4957607691107,58.3769630009706,53.938205962938,55.8778500166405,62.1023298492092,61.1166784075786,52.6936103343286,54.0168852929626,55.6303120469923,..
Luxembourg,LUX,Total reserves (% of total external debt),FI.RES.TOTL.DT.ZS,..,..,..,..,..,..,..,..,..,..,..,..,..,..,..,..,..,..,..,..,..,..,..,..,..,..,..,..,..,..,..,..,..,..,..,..
"Macao SAR, China",MAC,Total reserves (% of total external debt),FI.RES.TOTL.DT.ZS,..,..,..,..,..,..,..,..,..,..,..,..,..,..,..,..,..,..,..,..,..,..,..,..,..,..,..,..,..,..,..,..,..,..,..,..
Madagascar,MDG,Total reserves (% of total external debt),FI.RES.TOTL.DT.ZS,2.48804131987872,2.27361250009577,2.15852777155317,2.11954114010802,1.74883053581157,2.52107077798618,5.81023803501995,6.85337858098609,3.90029492971131,4.7511210250104,6.03430387740778,9.52019229980757,7.99474632940757,8.31942526816063,13.1649585735225,13.6518178836977,38.1916091358978,36.3027137951431,38.7795962824066,34.4966645421389,37.118325144629,39.5676987497473,35.1702533621386,26.3943251001083,26.111352617511,27.6611796721879,39.7637876951396,47.3017813033826,46.7616236484279,41.8599371205685,40.9127962327259,43.6790686321069,36.3904955127937,40.9361875163185,41.85063947352,..
Malawi,MWI,Total reserves (% of total external debt),FI.RES.TOTL.DT.ZS,9.11945708517815,9.47434430090498,2.58804162541268,3.38896322838012,2.3609685712155,5.13547528063439,9.74515896975471,6.55586938264474,10.6251524128029,9.07311049647458,9.07548602464112,7.95056383370841,5.71799987396084,4.0946585892019,3.88178487672658,5.16994161628928,16.3029193416539,26.1597608648988,25.5243434483876,14.2668194014776,31.8727218660653,17.8835794565902,18.3682388432475,27.4207310045394,37.0956260203114,39.5689224395441,33.0491029747068,35.5346706983706,33.8151640446414,34.8864598143722,20.0728170102111,..,..,..,..,..
Malaysia,MYS,Total reserves (% of total external debt),FI.RES.TOTL.DT.ZS,..,..,..,..,..,..,..,..,..,..,..,..,..,..,..,..,..,..,..,..,..,..,..,..,..,..,..,..,..,..,..,..,..,..,..,..
Maldives,MDV,Total reserves (% of total external debt),FI.RES.TOTL.DT.ZS,31.268516822641,28.8871053559315,29.7092301743841,23.2755113135233,25.2746460675704,30.9633435780081,45.2821433909746,57.3769203153361,61.2268069205096,57.9806368280397,60.4862668894189,39.941795734296,49.3415964295099,54.4489978869429,59.9409567967105,51.4426586870194,41.831553356693,39.9564775832348,20.9778520543893,18.8737224967609,38.317699161806,38.028843929504,32.4272488516392,35.9487175225745,55.8245020179631,56.1626103398814,41.0825994060119,40.0778695306657,30.6805999070867,28.1700675725117,26.9009352448481,19.6563989089578,20.8398612839181,14.7639118061804,14.3610285027953,..
Mali,MLI,Total reserves (% of total external debt),FI.RES.TOTL.DT.ZS,..,..,..,..,..,..,..,..,..,..,..,..,..,..,..,..,..,..,..,..,..,..,..,..,..,..,..,..,..,..,..,..,..,..,..,..
Malta,MLT,Total reserves (% of total external debt),FI.RES.TOTL.DT.ZS,..,..,..,..,..,..,..,..,..,..,..,..,..,..,..,..,..,..,..,..,..,..,..,..,..,..,..,..,..,..,..,..,..,..,..,..
Marshall Islands,MHL,Total reserves (% of total external debt),FI.RES.TOTL.DT.ZS,..,..,..,..,..,..,..,..,..,..,..,..,..,..,..,..,..,..,..,..,..,..,..,..,..,..,..,..,..,..,..,..,..,..,..,..
Mauritania,MRT,Total reserves (% of total external debt),FI.RES.TOTL.DT.ZS,2.77508610528801,3.25625058686424,3.0947504672592,2.26067330999254,1.95429995694058,3.76078008241516,5.93390089887733,8.1983471215305,2.17936280148712,1.54481152297537,2.10703147826592,1.76957211860563,3.31090398343602,1.37239206300779,1.68571591695,3.0843377309456,12.4666201243683,8.07507589707441,6.96726413345285,7.57039415358967,8.09372148959162,13.4204849202352,22.6454432152982,22.0654365717909,14.0213256637451,16.466813550226,16.7013559813337,16.6726937282476,17.8853496133464,19.1163335771422,26.2651150319926,42.5960674302831,..,..,..,..
Mauritius,MUS,Total reserves (% of total external debt),FI.RES.TOTL.DT.ZS,81.6479221897691,92.2537783513334,89.0684551918468,86.6792554966294,70.2008755762212,62.6946294676948,65.6871974161812,53.0964760239068,45.0185836504178,57.9241972394662,94.580229310478,98.31298404551,61.1258052137645,49.6988327819496,49.0463624917208,37.7679699086529,37.3511008874173,32.2876988689189,27.569686844102,31.6379932748081,33.0271895992792,28.2006042253307,28.5464486480285,28.1702464906786,30.7301788329138,41.3470989977923,47.5093918036789,56.2989175390223,56.5518328954857,59.5616412953229,58.7881955183512,58.2482275375778,44.1449408264985,37.9882130463143,41.769963787588,..
Mexico,MEX,Total reserves (% of total external debt),FI.RES.TOTL.DT.ZS,9.76712258128556,15.8046766405678,17.0480477687327,19.1871269783755,4.60379073868902,10.2232027981104,12.3915232141588,19.3842620592344,18.6190420807159,17.1246052111051,19.9744859318086,22.1178394341706,26.1919940934678,29.622851273624,30.566387526659,33.960146246773,34.4090920413741,34.7927248996609,38.3901856152129,39.8684748231228,38.6068497465963,42.425464739971,38.5867404753934,35.7443636882873,35.95984773988,33.0095938802976,32.6681539321188,30.3245792441935,29.3006765593397,29.6471125817889,32.2804579375209,34.5485089715367,34.3287067517141,35.9603364379935,39.2445530230964,..
"Micronesia, Fed. Sts.",FSM,Total reserves (% of total external debt),FI.RES.TOTL.DT.ZS,..,..,..,..,..,..,..,..,..,..,..,..,..,..,..,..,..,..,..,..,..,..,..,..,..,..,..,..,..,..,..,..,..,..,..,..
"Middle East, North Africa, Afghanistan & Pakistan",MEA,Total reserves (% of total external debt),FI.RES.TOTL.DT.ZS,12.5464389105437,16.1603309147241,20.7435144960087,25.4425593924888,28.0025577824367,27.2462795578327,29.8823752410219,34.7563297329413,31.7252582181292,30.8650915392962,34.9470630656405,42.8465257565408,50.8610291214136,64.1207036236348,70.5499652594762,89.5299184959702,116.749687530015,134.554555779955,141.000895088653,142.829695097889,146.853992350224,138.449657060884,130.306760209563,119.275174721845,114.186619989882,107.665582684586,89.543491783948,77.9489580652031,71.0505686923024,66.2700194512562,56.4666275406873,52.8515494136239,55.7221438836292,60.1739044518219,65.0843380794815,..
"Middle East, North Africa, Afghanistan & Pakistan (excluding high income)",MNA,Total reserves (% of total external debt),FI.RES.TOTL.DT.ZS,12.5464389105437,16.1603309147242,20.7435144960087,25.4425593924888,28.0025577824368,27.2462795578326,29.8823752410219,34.7563297329413,31.7252582181292,30.8650915392962,34.9470630656405,42.8465257565409,50.8610291214136,64.1207036236348,70.5499652594762,89.5299184959701,116.749687530015,134.554555779955,141.000895088653,142.829695097889,146.853992350224,138.449657060884,130.306760209563,119.275174721845,114.186619989882,107.665582684586,89.543491783948,77.9489580652031,71.0505686923024,66.2700194512562,56.4666275406873,52.8515494136239,55.7221438836292,60.1739044518219,65.0843380794815,..
"Middle East, North Africa, Afghanistan & Pakistan (IDA & IBRD)",TMN,Total reserves (% of total external debt),FI.RES.TOTL.DT.ZS,12.5464389105437,16.1603309147242,20.7435144960087,25.4425593924888,28.0025577824368,27.2462795578326,29.8823752410219,34.7563297329413,31.7252582181292,30.8650915392963,34.9470630656405,42.8465257565408,50.8610291214136,64.1207036236348,70.5499652594762,89.5299184959702,116.749687530015,134.554555779955,141.000895088653,142.829695097889,146.853992350223,138.449657060884,130.306760209563,119.275174721845,114.186619989882,107.665582684586,89.543491783948,77.9489580652031,71.0505686923024,66.2700194512562,56.4666275406873,52.8515494136238,55.7221438836292,60.1739044518219,65.0843380794815,..
Middle income,MIC,Total reserves (% of total external debt),FI.RES.TOTL.DT.ZS,14.9622100799186,18.5565089952829,18.8249099750845,21.0842907231364,23.0433405638857,24.520090600505,28.4505967199111,30.0256035676368,28.4848177914087,29.1462379634167,31.1128479908161,34.642258815183,41.5939494812186,50.5312714782167,62.8903992371522,79.0504052895434,94.7082763422453,115.161673019941,124.821571637033,136.726850873691,130.185808837199,123.119896965705,115.948777683659,110.135193268272,100.866488632723,98.6317879874722,90.7150733597138,85.4273050062724,78.4729444062007,77.4555884631726,78.3334441418407,75.035861810154,72.5782498993543,75.2122017841496,76.0016712884705,..
Moldova,MDA,Total reserves (% of total external debt),FI.RES.TOTL.DT.ZS,..,..,6.36829787744885,27.4935546865865,35.8055216270593,36.9713840304354,36.8024876415556,33.8120824489046,13.4054932201977,15.6496891132076,12.0802796104173,12.763277759399,13.6836236163033,14.2813883606869,22.2441494709056,26.9205541502462,29.5746666710747,39.6307300108626,44.9034124114453,39.8443359380021,36.3551689883271,37.6720491660886,47.2735860175264,45.4642129520283,36.8591289307132,28.8248424830368,35.4765241499818,40.2312797550398,41.1105192282937,41.8481850835131,47.6019385247358,43.0316046101033,45.8795086384143,51.1420167690404,52.2681609243914,..
Monaco,MCO,Total reserves (% of total external debt),FI.RES.TOTL.DT.ZS,..,..,..,..,..,..,..,..,..,..,..,..,..,..,..,..,..,..,..,..,..,..,..,..,..,..,..,..,..,..,..,..,..,..,..,..
Mongolia,MNG,Total reserves (% of total external debt),FI.RES.TOTL.DT.ZS,..,..,6.43367021328331,17.0328873218347,20.2781291383862,29.6814706597785,30.1434685189035,33.0520582903145,14.1947720040052,13.9554664815132,21.0502604569727,21.8281487677376,24.2564176295945,13.1777657052566,13.0416712736563,23.8583455811971,48.154587470225,57.4528702188576,30.0459787524801,44.4148375951545,38.5903351383647,25.4201516388397,25.97521080138,11.1480106309764,7.28897122523014,5.4837163323089,4.93598409437114,10.1448658964212,11.2276379251802,13.1013054821677,13.927791197072,12.5280221521305,10.0840987929418,14.0285814424811,14.4882675141026,..
Montenegro,MNE,Total reserves (% of total external debt),FI.RES.TOTL.DT.ZS,..,..,..,..,..,..,..,..,..,..,..,..,..,..,..,..,..,53.0144515300064,29.0040951447286,24.2972719474735,12.3508342181353,7.10804362612921,7.42666092962055,7.90758663665168,9.80209911394032,10.2161076267572,12.64351489312,13.931828199496,14.831006033554,18.1208751010932,20.2861971926128,20.5612705844941,23.1743550725943,18.1611252446352,19.9224930270522,..
Morocco,MAR,Total reserves (% of total external debt),FI.RES.TOTL.DT.ZS,9.34022569338606,14.8828247158559,16.8309624260628,17.7704494589926,20.1039757691025,16.2855006507669,16.7293511783439,17.8588503539081,19.5978320120756,25.5412710898793,24.1082715573172,45.8101170404681,57.1942536380491,76.9464895823585,97.1617457277258,101.221382258645,115.175922516079,118.842275088955,107.861032429655,95.0953027848137,86.6955009988499,67.1875150880496,50.517667221372,47.6728162152023,46.775568114858,50.9789823769765,52.4681200089982,50.9940765996368,48.259788061806,47.7805660826586,54.5337471997537,54.2696049329314,49.7357998964729,52.1708206825416,54.6135499359302,..
Mozambique,MOZ,Total reserves (% of total external debt),FI.RES.TOTL.DT.ZS,5.03718193322489,5.15147684645696,4.5920062835336,3.62644071326925,2.45740283770492,2.63585646782243,4.57680622715176,7.08766830111618,7.55936266520588,9.16888576051953,11.2195482764142,16.2728670891865,16.190952764269,17.5365301195872,19.3590661440903,18.0229920753126,24.7199686932108,26.8270251264371,26.0797841137184,27.5710997852061,20.1684538808784,19.2434110128692,14.9669235857298,11.5721008393731,9.31635080828559,6.715252281864,4.71570646184642,7.18728867176433,6.10974752335492,7.00398240753184,6.75971794054006,5.86850349468397,4.43318049163302,5.35358010362426,5.50818681520143,..
Myanmar,MMR,Total reserves (% of total external debt),FI.RES.TOTL.DT.ZS,7.68573896376586,6.33115361986074,6.57027405665422,6.87179993337524,8.07527303505517,10.3905606633017,5.40204319035457,5.37722629400824,6.24053914549123,5.15838267742815,4.41971596348517,7.62318399344746,8.19032369701652,8.6974599853422,10.0371351182624,12.3912988271313,18.3896744294142,40.7046251663598,43.7712357097494,57.9845052751335,60.5126321400695,68.0019478102691,66.6414330206222,89.0987580630489,44.8737590215783,44.9968316203117,48.320425649148,48.3492389706595,52.6151536984721,52.0856293069647,57.2167625702112,66.1744535029455,65.2708824322035,76.7910189495269,..,..
Namibia,NAM,Total reserves (% of total external debt),FI.RES.TOTL.DT.ZS,..,..,..,..,..,..,..,..,..,..,..,..,..,..,..,..,..,..,..,..,..,..,..,..,..,..,..,..,..,..,..,..,..,..,..,..
Naoero,NRU,Total reserves (% of total external debt),FI.RES.TOTL.DT.ZS,..,..,..,..,..,..,..,..,..,..,..,..,..,..,..,..,..,..,..,..,..,..,..,..,..,..,..,..,..,..,..,..,..,..,..,..
Nepal,NPL,Total reserves (% of total external debt),FI.RES.TOTL.DT.ZS,21.768584925438,25.5493843757468,28.8271683753585,34.9408669891234,32.4166209109343,26.7885226718838,26.1796451239104,27.7865110115436,29.9892803691397,29.3756005833999,34.3483674376803,39.4037700364654,35.6954968672065,40.0291042230548,45.4225204131188,49.0810742991261,56.8804017500475,55.7410427925805,66.4894548256061,74.6475656142649,79.2802138789552,96.7661443796271,115.953735647863,135.417164189566,156.149152937093,196.611833763337,203.251599899123,190.09651408018,151.253248276102,133.723910065145,145.055330795772,109.272984641301,101.474078693782,124.775737093425,156.092747485642,..
Netherlands,NLD,Total reserves (% of total external debt),FI.RES.TOTL.DT.ZS,..,..,..,..,..,..,..,..,..,..,..,..,..,..,..,..,..,..,..,..,..,..,..,..,..,..,..,..,..,..,..,..,..,..,..,..
New Caledonia,NCL,Total reserves (% of total external debt),FI.RES.TOTL.DT.ZS,..,..,..,..,..,..,..,..,..,..,..,..,..,..,..,..,..,..,..,..,..,..,..,..,..,..,..,..,..,..,..,..,..,..,..,..
New Zealand,NZL,Total reserves (% of total external debt),FI.RES.TOTL.DT.ZS,..,..,..,..,..,..,..,..,..,..,..,..,..,..,..,..,..,..,..,..,..,..,..,..,..,..,..,..,..,..,..,..,..,..,..,..
Nicaragua,NIC,Total reserves (% of total external debt),FI.RES.TOTL.DT.ZS,1.50801914469423,1.52305023041511,2.53151218143268,0.505260248127484,1.17676539304972,1.34074532011317,3.28559167686559,6.04758578651596,5.5604216860117,8.02060281696434,7.21862648237813,6.0125427025721,7.0369086044675,7.41496406536697,13.1102885602159,14.5233492151021,22.000597712718,26.8200832502841,24.1804212956541,26.5571929898809,25.635762572288,23.8373897420033,20.6149592072575,19.4332141706496,20.7584671806504,21.6469512556608,20.0330225893227,21.6441496926903,17.370963941316,17.5216516145734,23.2068208405372,27.2960657039049,29.10784345983,35.4611939828309,39.4103176280348,..
Niger,NER,Total reserves (% of total external debt),FI.RES.TOTL.DT.ZS,..,..,..,..,..,..,..,..,..,..,..,..,..,..,..,..,..,..,..,..,..,..,..,..,..,..,..,..,..,..,..,..,..,..,..,..
Nigeria,NGA,Total reserves (% of total external debt),FI.RES.TOTL.DT.ZS,12.3400381496494,13.9530316391566,4.12166721955195,5.34359309874791,4.98355676234898,5.01288059919599,13.7813962827216,27.3337686017668,24.0767116923765,19.4178328254769,30.1347825661827,30.4391642992476,20.5733613074252,17.715346029234,37.5872542261299,85.0760686893569,244.316342018669,266.399526098613,262.491816860539,189.590858075899,114.258413283819,98.7182609078603,114.487430842219,102.513890894791,75.1412023681776,64.4343302342419,64.0667559603912,62.1698908169799,62.9596498516965,48.4151194229568,43.4161554728028,43.3511307176981,35.7153640411969,32.6452593366926,37.1523303374647,..
North America,NAC,Total reserves (% of total external debt),FI.RES.TOTL.DT.ZS,..,..,..,..,..,..,..,..,..,..,..,..,..,..,..,..,..,..,..,..,..,..,..,..,..,..,..,..,..,..,..,..,..,..,..,..
North Macedonia,MKD,Total reserves (% of total external debt),FI.RES.TOTL.DT.ZS,..,..,..,12.0526361629945,16.0816751776197,22.7626973796993,15.4402812488888,22.7633707723092,22.488353441733,31.750510297638,31.1402099874487,53.4327766634778,47.6950964779552,50.0721997872396,35.1362511456766,45.0117519839887,57.3735425182299,54.4147524204191,49.1375348679382,43.9104425617022,44.4921365187013,44.585201630204,44.8923020074581,43.2781339773431,44.3071009405791,37.4777325322215,37.3650954616682,33.2406648409559,38.1370622391128,41.0923088212821,40.5439344958366,37.9838272331065,35.3972281471178,40.0570034861825,40.9118025444744,..
Northern Mariana Islands,MNP,Total reserves (% of total external debt),FI.RES.TOTL.DT.ZS,..,..,..,..,..,..,..,..,..,..,..,..,..,..,..,..,..,..,..,..,..,..,..,..,..,..,..,..,..,..,..,..,..,..,..,..
Norway,NOR,Total reserves (% of total external debt),FI.RES.TOTL.DT.ZS,..,..,..,..,..,..,..,..,..,..,..,..,..,..,..,..,..,..,..,..,..,..,..,..,..,..,..,..,..,..,..,..,..,..,..,..
Not classified,INX,Total reserves (% of total external debt),FI.RES.TOTL.DT.ZS,..,..,..,..,..,..,..,..,..,..,..,..,..,..,..,..,..,..,..,..,..,..,..,..,..,..,..,..,..,..,..,..,..,..,..,..
OECD members,OED,Total reserves (% of total external debt),FI.RES.TOTL.DT.ZS,..,..,..,..,..,..,..,..,..,..,..,..,..,..,..,..,..,..,..,..,..,..,..,..,..,..,..,..,..,..,..,..,..,..,..,..
Oman,OMN,Total reserves (% of total external debt),FI.RES.TOTL.DT.ZS,..,..,..,..,..,..,..,..,..,..,..,..,..,..,..,..,..,..,..,..,..,..,..,..,..,..,..,..,..,..,..,..,..,..,..,..
Other small states,OSS,Total reserves (% of total external debt),FI.RES.TOTL.DT.ZS,70.8114332676751,72.5421504612478,75.6610779217956,70.4667535573378,62.826281949894,53.1223770407001,55.8963165778808,48.2276316846272,48.44923096595,53.3966388130953,64.7299077397725,59.4454053564982,50.6912435342503,45.8390717167581,46.1403723298422,39.1609288170212,42.3858740519116,45.5309206079377,38.4828268254666,40.5671693638284,35.095098345296,27.5128031454132,31.5177827357402,30.3714851047358,32.5882251205784,36.2316558324091,37.5174480233976,40.6089801395128,38.6833389984735,41.3567554031282,40.1563661261695,39.7777741386839,35.0130181343733,30.3268561085137,32.4645604265252,..
Pacific island small states,PSS,Total reserves (% of total external debt),FI.RES.TOTL.DT.ZS,66.9809076102173,69.4423900583738,86.0368104413694,68.067368702894,68.9122035086129,80.8689985088091,102.950159229387,96.6165264059955,95.598836765935,86.2799748216202,84.4920705574035,74.4558052283719,64.1232153250045,72.8205261531125,88.2434791281486,73.3159848576015,70.5694330867006,93.4466023840639,51.7027991992599,62.7198060346941,71.4581330029506,79.3544120064522,81.2398503984544,81.7195446168032,74.152258606729,75.7869499568137,75.8887388060397,78.8701553311948,79.6546439161237,79.2417559710904,84.2239041504862,85.0929444176503,77.0943314831191,74.8508103615172,68.1625290982969,..
Pakistan,PAK,Total reserves (% of total external debt),FI.RES.TOTL.DT.ZS,5.06417493998057,5.22097191072984,6.11548558691256,8.13189121507061,13.5703928861133,8.36049477396596,4.38131068877192,5.96430961552083,5.03264747357838,6.19459773511165,6.30545128971275,13.0353707641788,25.6424358798132,31.9451966675429,29.0622855478601,32.1810936581436,34.1961889589579,37.1431471891843,18.0076134712079,23.9012740164053,27.2136059898191,27.2230056202501,21.4295428744028,12.7056244123229,22.2564493620379,29.1639450458718,29.3182704832787,19.8278934956955,11.8229329162621,15.0648827255287,15.7032382071599,17.4463442234472,7.77936658299889,10.4795057107162,14.1906403607238,..
Palau,PLW,Total reserves (% of total external debt),FI.RES.TOTL.DT.ZS,..,..,..,..,..,..,..,..,..,..,..,..,..,..,..,..,..,..,..,..,..,..,..,..,..,..,..,..,..,..,..,..,..,..,..,..
Panama,PAN,Total reserves (% of total external debt),FI.RES.TOTL.DT.ZS,..,..,..,..,..,..,..,..,..,..,..,..,..,..,..,..,..,..,..,..,..,..,..,..,..,..,..,..,..,..,..,..,..,..,..,..
Papua New Guinea,PNG,Total reserves (% of total external debt),FI.RES.TOTL.DT.ZS,16.4728805213415,12.4481692055407,6.85087102041132,5.08069916079522,4.30492531977898,10.6437838630932,24.2149116611788,14.7115823500119,7.78032107576545,8.4082729113575,13.0816133485297,21.4938239789229,18.4788597993757,27.9314888765355,37.3022709459499,40.1098773983306,82.112867989361,137.583628607674,139.809482607134,148.623354234064,52.1325830839478,34.5897597573681,27.0409147916685,13.1913138277104,11.4031192391049,8.62607134813486,8.60806052435871,10.0779448362851,12.4892582068368,12.3140649189532,14.8844937032197,16.4375417442916,20.3123331090874,25.1964937715463,28.8537471425317,..
Paraguay,PRY,Total reserves (% of total external debt),FI.RES.TOTL.DT.ZS,31.010795608819,45.7671797464665,33.8964696346111,39.0814982448537,48.4887165787933,42.2688691217028,40.789207263358,33.8776726162462,30.9548155350179,28.7821851666806,24.8681795647093,25.221372581967,19.0085273568195,14.4647397807226,15.8338568414631,15.6234013780331,17.7950494409416,22.9741892990222,22.8262944183612,27.4826560400241,25.8421096371526,31.0418483902734,30.0743921603153,35.5820671216415,40.4192952400124,34.2963855958218,39.8902569177504,46.1590805035902,44.7524466275545,43.1766991274223,43.5692866682639,42.6387784786753,37.713592650342,37.1567268711603,31.9312805676475,..
Peru,PER,Total reserves (% of total external debt),FI.RES.TOTL.DT.ZS,9.31460433406452,14.8549002299029,16.9247237947102,16.5646848205674,27.8991115612617,27.9935773113661,37.853332079851,38.0357321860935,32.3136612776746,30.8218406402957,30.0886184357521,32.3927054994789,34.1748359828558,33.8892945335937,39.8982104894219,48.0161916087675,59.5374925006574,86.1875113414646,89.9812588999722,88.8611684255871,104.889048873868,108.666597038112,104.099597607514,103.490689965387,92.0808439954729,90.8078314143264,87.9603924113684,93.4977737099187,87.7731203519341,105.397019539887,100.150380965382,88.3263250279221,78.8839144851551,75.9581760839055,84.9652732439322,..
Philippines,PHL,Total reserves (% of total external debt),FI.RES.TOTL.DT.ZS,6.65873573023825,13.6525427862824,16.0621488222989,16.4183212576912,17.7552140112731,19.7629276354968,26.7668561504293,17.2490696295984,20.2231312149203,25.7738091302723,25.7934670774189,26.8597866912287,27.1794876595095,27.2308890226373,26.5599574955485,31.4893575289314,39.8766225397361,57.0282909358082,64.3674051990795,78.9815950764493,95.3818566120814,114.224722339527,123.099709617415,108.414688991777,101.184242466707,101.181945778322,107.159366229349,110.618647926075,99.9694752396332,106.100539394278,111.660447068071,101.983932580629,86.6980306243405,83.3455313514581,77.5043160947368,..
Poland,POL,Total reserves (% of total external debt),FI.RES.TOTL.DT.ZS,..,..,..,..,..,..,..,..,..,..,..,..,..,..,..,..,..,..,..,..,..,..,..,..,..,..,..,..,..,..,..,..,..,..,..,..
Portugal,PRT,Total reserves (% of total external debt),FI.RES.TOTL.DT.ZS,..,..,..,..,..,..,..,..,..,..,..,..,..,..,..,..,..,..,..,..,..,..,..,..,..,..,..,..,..,..,..,..,..,..,..,..
Post-demographic dividend,PST,Total reserves (% of total external debt),FI.RES.TOTL.DT.ZS,..,..,..,..,..,..,..,..,..,..,..,..,..,..,..,..,..,..,..,..,..,..,..,..,..,..,..,..,..,..,..,..,..,..,..,..
Pre-demographic dividend,PRE,Total reserves (% of total external debt),FI.RES.TOTL.DT.ZS,5.60910488390002,5.78373317840057,2.78632631732894,3.20511425047172,3.56736095639364,3.53515635660586,6.45222672395864,9.60933163277629,8.36077619432655,7.90546389757392,12.3707200910628,13.233908298406,11.1082873454937,10.9717578072293,18.2148467513709,30.9082625691212,63.5315101752558,73.6869299339555,78.9986842884572,65.2040735048153,60.364508939267,60.0121702190235,65.3678663902414,55.530976372416,44.8919333829512,53.3071775386992,44.5554769998713,42.2819196409879,46.9415808674798,45.2646198251448,38.278097424856,40.1154362567961,46.2590300756461,49.5567021911655,..,..
Puerto Rico (US),PRI,Total reserves (% of total external debt),FI.RES.TOTL.DT.ZS,..,..,..,..,..,..,..,..,..,..,..,..,..,..,..,..,..,..,..,..,..,..,..,..,..,..,..,..,..,..,..,..,..,..,..,..
Qatar,QAT,Total reserves (% of total external debt),FI.RES.TOTL.DT.ZS,..,..,..,..,..,..,..,..,..,..,..,..,..,..,..,..,..,..,..,..,..,..,..,..,..,..,..,..,..,..,..,..,..,..,..,..
Romania,ROU,Total reserves (% of total external debt),FI.RES.TOTL.DT.ZS,..,..,..,..,..,..,..,..,..,..,..,..,..,..,..,..,..,..,..,..,..,..,..,..,..,..,..,..,..,..,..,..,..,..,..,..
Russian Federation,RUS,Total reserves (% of total external debt),FI.RES.TOTL.DT.ZS,..,..,..,8.72968030417729,5.8890972827665,14.7644445403415,12.7987030752166,13.753362151594,6.85353009739156,6.84564143817928,18.8567458794383,25.7188096129393,34.9055498254565,42.1770938387787,58.9420488445259,72.9578588645724,97.5894160897908,115.010744311107,101.661631517098,108.089195665117,114.677654856468,91.3759872475585,90.872478673186,76.2426429441506,69.6618630046609,74.7764277021239,70.4473973376854,83.3452221158102,98.0869709869488,114.283061409625,129.469715841732,133.904694210687,154.661968396813,..,..,..
Rwanda,RWA,Total reserves (% of total external debt),FI.RES.TOTL.DT.ZS,6.2543808509456,13.6080730148807,9.1753063960746,5.21525333279641,5.37541057977271,9.59768834429184,10.2113068477035,13.7793048274325,13.7434651867135,13.2780815197543,14.7812131601764,16.3281671347337,16.7853483670789,13.806516965337,18.8326436671246,16.8285512616186,88.0507090626504,126.59960589429,82.8189965337812,91.693878487992,65.3844606154367,49.1248511140552,26.1516254006042,28.2738613218304,32.4805009618856,26.5930545228427,23.4745205794815,23.2270191273317,23.8454566844657,22.4796314887124,20.987784946524,20.0398240385867,17.8077969358787,16.110817991216,18.4397799720568,..
Samoa,WSM,Total reserves (% of total external debt),FI.RES.TOTL.DT.ZS,75.2073134286419,59.6642906670624,48.9507129773363,36.0899552577558,32.8615012775412,34.5601114125477,39.6259944959057,46.2615449708444,42.6798507984168,46.0801129201803,45.7403921336852,41.8075420020819,42.1414060783037,49.7652628226449,48.8020067299891,45.6876409461555,45.8816042102801,48.0913781171394,39.5177604873679,57.1312909298461,53.2269208145038,34.7590259780425,30.3498472001905,27.5565542890559,21.0217535836956,24.0711620472113,20.0117855068155,26.1294771448222,36.4054515581672,40.7593206054742,58.0510017086331,58.2815144257053,68.2305504830073,103.374591782603,128.561899744944,..
San Marino,SMR,Total reserves (% of total external debt),FI.RES.TOTL.DT.ZS,..,..,..,..,..,..,..,..,..,..,..,..,..,..,..,..,..,..,..,..,..,..,..,..,..,..,..,..,..,..,..,..,..,..,..,..
Sao Tome and Principe,STP,Total reserves (% of total external debt),FI.RES.TOTL.DT.ZS,..,..,..,..,..,2.0912586215746,2.13715359635238,5.21675529969083,3.74902021049292,3.38031724145032,3.81838773551048,5.0207955524384,5.20393919080919,7.49208187050176,5.47760552713535,8.03675933705943,9.81653809828562,24.1546859199113,47.7449860180678,43.3848825747486,27.1021521209009,24.0918880313309,26.6823474796312,30.9241489996214,30.7887982873868,31.0929678560395,26.2344330635456,21.6323267398246,17.0888821412951,17.1099187455302,24.0645781122403,22.9070412085927,22.4753075070518,14.5212415133563,18.0105142266124,..
Saudi Arabia,SAU,Total reserves (% of total external debt),FI.RES.TOTL.DT.ZS,..,..,..,..,..,..,..,..,..,..,..,..,..,..,..,..,..,..,..,..,..,..,..,..,..,..,..,..,..,..,..,..,..,..,..,..
Senegal,SEN,Total reserves (% of total external debt),FI.RES.TOTL.DT.ZS,..,..,..,..,..,..,..,..,..,..,..,..,..,..,..,..,..,..,..,..,..,..,..,..,..,..,..,..,..,..,..,..,..,..,..,..
Serbia,SRB,Total reserves (% of total external debt),FI.RES.TOTL.DT.ZS,..,..,..,..,..,..,..,..,..,..,..,..,..,..,..,..,59.7859916996022,54.2288736398521,37.6409506004129,45.0408447418424,40.4395759359077,49.2244413973521,41.9164215212257,43.3027902677064,37.537141167856,37.507543239069,38.5186945139272,38.4931543272487,41.4660899525128,46.2822748679475,42.6186791411736,44.3160477563841,46.1082013765065,54.8545280307152,58.6418653874566,..
Seychelles,SYC,Total reserves (% of total external debt),FI.RES.TOTL.DT.ZS,..,..,..,..,..,..,..,..,..,..,..,..,..,..,..,..,..,..,..,..,..,..,..,..,..,..,..,..,..,..,..,..,..,..,..,..
Sierra Leone,SLE,Total reserves (% of total external debt),FI.RES.TOTL.DT.ZS,0.453670202442215,0.757448866861131,1.36136146456835,1.86095349942774,2.60848212657994,2.77031480808394,2.14132557889755,3.20528061749162,3.33732057003766,2.99225386289211,3.94174182428271,4.08288492307949,6.01314458652017,4.22758436435162,7.43188784149614,9.44834774834428,12.0321489096854,39.2974352008599,34.7371543465592,47.2618797563693,43.9222249095519,41.8049738887713,35.798069933052,38.046017909709,41.9182090026415,37.1624174752316,30.6093262483035,30.6035747879682,27.3394520213469,27.4615188594842,32.2333678847423,37.3594175115486,26.0053283667759,20.6274409723263,18.597327427108,..
Singapore,SGP,Total reserves (% of total external debt),FI.RES.TOTL.DT.ZS,..,..,..,..,..,..,..,..,..,..,..,..,..,..,..,..,..,..,..,..,..,..,..,..,..,..,..,..,..,..,..,..,..,..,..,..
Sint Maarten (Dutch part),SXM,Total reserves (% of total external debt),FI.RES.TOTL.DT.ZS,..,..,..,..,..,..,..,..,..,..,..,..,..,..,..,..,..,..,..,..,..,..,..,..,..,..,..,..,..,..,..,..,..,..,..,..
Slovak Republic,SVK,Total reserves (% of total external debt),FI.RES.TOTL.DT.ZS,..,..,..,..,..,..,..,..,..,..,..,..,..,..,..,..,..,..,..,..,..,..,..,..,..,..,..,..,..,..,..,..,..,..,..,..
Slovenia,SVN,Total reserves (% of total external debt),FI.RES.TOTL.DT.ZS,..,..,..,..,..,..,..,..,..,..,..,..,..,..,..,..,..,..,..,..,..,..,..,..,..,..,..,..,..,..,..,..,..,..,..,..
Small states,SST,Total reserves (% of total external debt),FI.RES.TOTL.DT.ZS,38.9956141581052,41.7353421365643,46.4386478778034,42.6079850452143,40.2234496672239,39.1265777804678,46.6324130016324,41.2058581792062,41.9678325505349,44.5999784288382,48.4298698066287,43.9015140171434,40.1537493829478,37.9806527840199,39.8751352269799,34.9402692170497,38.1706451984244,44.0583012614214,35.6023292133515,40.4965907538132,37.9750978794999,32.2605099546931,35.9992891459078,34.2125721939409,35.6115302894011,37.485407830527,38.2705734375781,40.8435322434857,39.1554305327446,41.1354075973768,40.6788651552016,42.0927597043895,38.6554075270504,34.7538392726968,35.787057559734,..
Solomon Islands,SLB,Total reserves (% of total external debt),FI.RES.TOTL.DT.ZS,14.6054779047725,6.59828297728668,24.920059054425,13.3307979258074,11.242636647388,10.0196058384808,22.0913375774655,25.9667882277469,31.7200729031041,30.8309136266407,20.5143473780861,11.0163926763049,10.3394631967694,20.4180704849402,44.4292402215672,56.6497546149963,59.6679275138549,67.5880637339156,53.2218081550163,84.6565303578218,115.20147215912,160.103309366144,218.681024610626,255.170886976345,264.457838260241,250.436733369586,194.801297935845,177.984434508135,194.820406462572,187.444511569621,204.898314366007,154.8146346359,138.593720942502,130.389746099371,115.040439297163,..
"Somalia, Fed. Rep.",SOM,Total reserves (% of total external debt),FI.RES.TOTL.DT.ZS,..,..,..,..,..,..,..,..,..,..,..,..,..,..,..,..,..,..,..,..,..,..,..,..,..,..,..,..,..,..,..,..,..,..,..,..
South Africa,ZAF,Total reserves (% of total external debt),FI.RES.TOTL.DT.ZS,..,..,..,..,15.2040449730769,17.6021640052664,8.98661964833119,19.4467972430867,21.1728773398188,29.1474638629628,28.8810176598741,29.699357194445,22.2700386591269,20.3276472343496,33.8219233498875,45.7355548037697,44.1668314033607,45.2114739567134,45.8671013222691,46.9310779206797,37.9948038167468,39.2667554741774,34.2555684661855,35.0919859143031,32.8947931862437,35.9187018068811,32.7506619677507,28.9803615189887,28.6590572828737,28.8631719153705,31.3568350032757,33.991161210797,35.260316224232,37.6820466410088,37.2010311106082,..
South Asia,SAS,Total reserves (% of total external debt),FI.RES.TOTL.DT.ZS,6.97295602824053,9.61223307994473,11.8580927958608,17.1065472834553,24.5122592559073,23.36191228269,24.67469076511,27.6980762774097,28.3929977309353,31.3261563379037,34.9142368806928,42.0045512772435,56.2332585234219,72.6783020481052,87.3939084700166,93.8128981766172,95.5427670544134,117.746714659695,98.8887279737064,99.0912253977369,93.8679054140074,81.2889808408125,70.3011964638081,65.3521854857033,67.0929012120624,69.9606161578149,74.3866226004134,74.7305458687546,69.8374813526525,74.3957526678557,91.9366819314065,89.8362372855504,77.9564403330964,80.771936708329,76.7836337463747,..
South Asia (IDA & IBRD),TSA,Total reserves (% of total external debt),FI.RES.TOTL.DT.ZS,6.97295602824053,9.61223307994473,11.8580927958608,17.1065472834553,24.5122592559073,23.36191228269,24.67469076511,27.6980762774097,28.3929977309353,31.3261563379037,34.9142368806928,42.0045512772435,56.2332585234219,72.6783020481052,87.3939084700166,93.8128981766172,95.5427670544134,117.746714659695,98.8887279737064,99.0912253977369,93.8679054140074,81.2889808408125,70.3011964638081,65.3521854857033,67.0929012120624,69.9606161578149,74.3866226004135,74.7305458687547,69.8374813526524,74.3957526678557,91.9366819314066,89.8362372855504,77.9564403330964,80.771936708329,76.7836337463747,..
South Sudan,SSD,Total reserves (% of total external debt),FI.RES.TOTL.DT.ZS,..,..,..,..,..,..,..,..,..,..,..,..,..,..,..,..,..,..,..,..,..,..,..,..,..,..,..,..,..,..,..,..,..,..,..,..
Spain,ESP,Total reserves (% of total external debt),FI.RES.TOTL.DT.ZS,..,..,..,..,..,..,..,..,..,..,..,..,..,..,..,..,..,..,..,..,..,..,..,..,..,..,..,..,..,..,..,..,..,..,..,..
Sri Lanka,LKA,Total reserves (% of total external debt),FI.RES.TOTL.DT.ZS,7.61874371370122,11.0051477988896,15.1305052004045,23.9590653752279,25.9994598074845,25.1557628764527,23.9153837693332,25.1941799790086,22.0572114265821,16.6320090022563,12.2310685987152,15.1634599878144,16.8444680512211,21.7581848372383,19.0068005430546,24.2029671201775,23.8926075524645,24.8452675211771,16.0320332012605,27.4484977933376,33.1824783035151,26.1255953673826,19.8860491688514,19.0761089701795,19.427124467104,16.6233164182209,12.8757962849015,15.6777039844927,13.0777403866814,13.6287911430045,9.95865627802019,5.34029778106969,3.22934612583032,7.27580860908277,10.723581895283,..
St. Kitts and Nevis,KNA,Total reserves (% of total external debt),FI.RES.TOTL.DT.ZS,..,..,..,..,..,..,..,..,..,..,..,..,..,..,..,..,..,..,..,..,..,..,..,..,..,..,..,..,..,..,..,..,..,..,..,..
St. Lucia,LCA,Total reserves (% of total external debt),FI.RES.TOTL.DT.ZS,56.3176146069118,59.1994967556406,56.6039624928648,59.5302997097719,50.8727755961424,49.1838496521308,39.6555687339742,39.8726321974231,38.302777267702,39.5854296308864,34.7241618073198,34.3989369866104,32.0188627337819,31.5554491624967,36.5410973523452,27.5287248480789,35.8105232551518,31.9572681510315,17.0401286002143,39.8342056668462,35.2705343424899,46.8227490348595,53.6088875220746,40.1018533203627,47.9713474492124,59.9154310937296,56.1965316647223,51.7397390953929,46.4380805084844,40.8294471387308,31.5275873719674,48.5156355794644,42.7885229519338,39.0626557868205,34.0170687735681,..
St. Martin (French part),MAF,Total reserves (% of total external debt),FI.RES.TOTL.DT.ZS,..,..,..,..,..,..,..,..,..,..,..,..,..,..,..,..,..,..,..,..,..,..,..,..,..,..,..,..,..,..,..,..,..,..,..,..
St. Vincent and the Grenadines,VCT,Total reserves (% of total external debt),FI.RES.TOTL.DT.ZS,42.2459498342216,32.9451306455202,43.7811894488977,30.9796971479239,27.3751248461048,25.2171686000326,24.6431845126845,26.4939508817041,28.4419579701668,21.9729785662434,28.2856785819598,31.4998826618298,30.2912709575176,25.6892570126793,32.7956746108389,27.5303907327682,31.9764610993267,42.3979628011596,36.2405035854215,35.7282461205811,37.9365095044543,29.3392187381065,38.0432987867203,42.2228154924916,44.0287156478163,44.7018757640879,53.2075835511006,51.2328914454022,51.3623393439773,56.7825068681889,45.4291950086721,54.5828306113621,51.2735246474554,40.1692458115115,39.2863723509811,..
Sub-Saharan Africa,SSF,Total reserves (% of total external debt),FI.RES.TOTL.DT.ZS,8.77085137072947,9.37232189067108,7.13132330487162,7.61509546169044,8.91631160176109,9.31286221305065,10.7095624970255,14.4409601777221,13.2785776009379,14.8594057097337,18.1020579049429,18.5836286692204,16.2933032079585,15.9302360057507,24.0613837574957,35.4205161007038,57.5864978749614,62.7687028691063,64.930977999553,57.191849826599,48.9216086573994,48.3247224655785,47.5360907152327,43.5536902382973,37.786773841833,33.7797868301411,29.7669504295225,28.3715986526451,28.0612474026021,27.0784718470672,25.495754267955,27.2407920305887,25.2455721558691,25.0363209783689,26.417267451649,..
Sub-Saharan Africa (excluding high income),SSA,Total reserves (% of total external debt),FI.RES.TOTL.DT.ZS,8.77085137072947,9.37232189067108,7.13132330487162,7.61509546169044,8.91631160176109,9.31286221305065,10.7095624970255,14.4409601777221,13.2785776009379,14.8594057097337,18.1020579049429,18.5836286692204,16.2933032079585,15.9302360057507,24.0613837574957,35.4205161007038,57.5864978749614,62.7687028691063,64.930977999553,57.191849826599,48.9216086573994,48.3247224655786,47.5360907152327,43.5536902382973,37.786773841833,33.7797868301411,29.7669504295225,28.3715986526451,28.0612474026021,27.0784718470672,25.495754267955,27.2407920305887,25.2455721558691,25.0363209783689,26.4172674516489,..
Sub-Saharan Africa (IDA & IBRD countries),TSS,Total reserves (% of total external debt),FI.RES.TOTL.DT.ZS,8.77085137072947,9.37232189067108,7.13132330487162,7.61509546169044,8.91631160176109,9.31286221305065,10.7095624970255,14.4409601777221,13.2785776009379,14.8594057097337,18.1020579049429,18.5836286692204,16.2933032079585,15.9302360057507,24.0613837574957,35.4205161007038,57.5864978749614,62.7687028691063,64.930977999553,57.191849826599,48.9216086573994,48.3247224655785,47.5360907152326,43.5536902382973,37.786773841833,33.7797868301411,29.7669504295225,28.3715986526451,28.0612474026021,27.0784718470672,25.495754267955,27.2407920305887,25.2455721558691,25.0363209783689,26.417267451649,..
Sudan,SDN,Total reserves (% of total external debt),FI.RES.TOTL.DT.ZS,0.0771333007032329,0.0497703284654112,0.176874107978012,0.234240021842783,0.457154875405586,0.916909482006461,0.629170532817701,0.499715643840273,0.538046522584192,1.16465015838929,0.856145320273313,0.330870789394123,1.54094033528764,3.05170063464863,7.26989488808125,10.5743666457027,8.93430969007924,6.887327581023,6.79679533174035,5.1227563272712,4.58658478176806,0.897121953232508,0.872499230027041,0.849223562469715,0.825859013638499,0.801179172293315,0.78780750521544,0.809900680014072,..,..,..,..,..,..,..,..
Suriname,SUR,Total reserves (% of total external debt),FI.RES.TOTL.DT.ZS,..,..,..,..,..,..,..,..,..,..,..,..,..,..,..,..,..,..,..,..,..,..,..,..,..,12.8873554300331,12.863981294657,13.5745027863987,16.4054337631284,16.4972333965209,15.0529871757294,23.9708210484945,28.4776315782815,33.2576107703889,..,..
Sweden,SWE,Total reserves (% of total external debt),FI.RES.TOTL.DT.ZS,..,..,..,..,..,..,..,..,..,..,..,..,..,..,..,..,..,..,..,..,..,..,..,..,..,..,..,..,..,..,..,..,..,..,..,..
Switzerland,CHE,Total reserves (% of total external debt),FI.RES.TOTL.DT.ZS,..,..,..,..,..,..,..,..,..,..,..,..,..,..,..,..,..,..,..,..,..,..,..,..,..,..,..,..,..,..,..,..,..,..,..,..
Syrian Arab Republic,SYR,Total reserves (% of total external debt),FI.RES.TOTL.DT.ZS,..,..,..,..,..,..,..,..,..,..,..,..,..,..,..,..,..,..,330.019615312397,321.700833818135,391.009144584658,..,..,..,..,..,..,..,..,..,..,..,..,..,..,..
Tajikistan,TJK,Total reserves (% of total external debt),FI.RES.TOTL.DT.ZS,..,..,..,..,..,..,..,3.70032754812953,4.54755984987093,4.18130835950876,8.26534246971349,8.11333652494971,7.13613284841378,9.24037313332099,14.7497311449004,16.9140058046321,19.2142766757993,6.31949326326157,6.54831388180749,9.5618304896345,11.3194567984442,13.2312185332706,13.6531941535913,13.6008240465304,10.0052716247837,9.59135028684938,12.4459793126469,22.0246508212244,21.0964455514831,22.1069491176953,32.4220210889045,37.9141586656127,57.2221942548859,50.141132083886,52.0350541720444,..
Tanzania,TZA,Total reserves (% of total external debt),FI.RES.TOTL.DT.ZS,2.99690837029918,3.10859442530519,4.90800196407855,3.00392827543651,4.59415560071894,4.0593098283809,6.36947458402103,9.05514515967991,8.26184236751946,10.0689400634606,13.8175512658499,18.0438786840262,21.7087584987869,27.8299260045952,26.5896754698464,24.3086988515947,54.9922000710872,57.2468510771602,47.4419338334306,44.7215566059687,43.6750348214826,36.7844529619566,33.6235105791728,33.4539175706276,26.7848466467843,22.2483682552389,22.276090326466,27.2376304885537,22.3144990122985,..,..,..,..,..,..,..
Thailand,THA,Total reserves (% of total external debt),FI.RES.TOTL.DT.ZS,50.6240178717604,48.6935907889612,50.599229567278,48.2562163513948,46.1616560981912,36.9046248936238,34.2353720186619,24.512211134303,28.1455666872244,35.8924802358715,40.9187914899917,49.096763850954,61.8277187702912,72.1293890627082,85.3293688916739,88.9808326110292,106.842438623616,138.502212070852,166.408794884002,171.03335253961,160.524914767394,148.614328620024,120.070545144059,108.708853318396,106.968034122092,127.215088660496,131.052514009653,131.88535442564,119.488644090048,133.069785385635,138.122709930963,125.091815262929,107.684258951183,115.294555805185,123.514160762489,..
Timor-Leste,TLS,Total reserves (% of total external debt),FI.RES.TOTL.DT.ZS,..,..,..,..,..,..,..,..,..,..,..,..,..,..,..,..,..,..,..,..,..,..,1162.02765610153,767.641276349735,298.614364399292,375.000751158576,347.252694529527,437.218013480747,426.368892149188,322.624814377322,288.043220159994,351.72646035033,303.457313947374,269.934648635984,263.061650913029,..
Togo,TGO,Total reserves (% of total external debt),FI.RES.TOTL.DT.ZS,..,..,..,..,..,..,..,..,..,..,..,..,..,..,..,..,..,..,..,..,..,..,..,..,..,..,..,..,..,..,..,..,..,..,..,..
Tonga,TON,Total reserves (% of total external debt),FI.RES.TOTL.DT.ZS,58.377143121778,71.7455761626909,73.0607627754203,83.7689481529864,60.6043499478976,44.7794652125359,47.9835604123975,46.8557916597355,44.1685446567661,31.3779905482208,33.315866746162,33.2977374919497,30.8242540822525,42.5740979723071,58.5676964391732,52.6385730540236,52.3608964038726,67.3480859964007,70.487284982891,83.2975667750447,68.028582023331,74.9441640344807,76.972910754275,77.9307486054123,81.0439296475114,84.6851840466356,101.195817918522,102.822812046139,115.052852468173,117.03806363227,153.637884841325,161.79275250979,178.90199638291,201.844268106099,217.869973041409,..
Trinidad and Tobago,TTO,Total reserves (% of total external debt),FI.RES.TOTL.DT.ZS,..,..,..,..,..,..,..,..,..,..,..,..,..,..,..,..,..,..,..,..,..,..,..,..,..,..,..,..,..,..,..,..,..,..,..,..
Tunisia,TUN,Total reserves (% of total external debt),FI.RES.TOTL.DT.ZS,11.2702038491465,10.4959421876631,10.8133570949194,10.7887748686984,16.0639603684603,15.6113852657419,17.380031289658,18.1760462837981,17.6345204613853,19.5146922442742,16.4808249754869,15.8675466554626,15.2472645032712,16.7471029161295,20.4778197956476,25.2044569663475,36.7007879804757,38.7850810751737,41.8949853999067,49.3103450630527,43.0914221352426,34.0467256491033,34.2998702702523,28.7486211611694,27.1706668988314,26.8084735294719,20.7845127192957,18.2237137103293,16.0628575336662,19.6894396307859,23.3712354296899,20.5605276137182,19.7224385892283,21.7880502711453,23.0935009843821,..
Turkiye,TUR,Total reserves (% of total external debt),FI.RES.TOTL.DT.ZS,15.4299051675511,13.0052044649989,13.2757111791343,11.437046209609,13.0314244471714,18.8271792440985,22.1016775830782,23.3074395825251,21.2138065392733,24.0043634703894,20.1324267645926,17.6290269716328,21.5151993528374,23.9611819149047,22.5438188172843,29.4484928983493,29.0815131333338,28.4695884698068,25.0214065406285,26.2004078392768,27.1468046836052,27.3961891155252,33.7250894743512,32.5860251423829,30.7927967420351,27.6598187081739,26.2721321765686,24.0879605881316,21.8424438542459,25.4910219179445,21.8001905455945,25.5672197790192,28.2336360803374,28.1841674626791,30.2042600908787,..
Turkmenistan,TKM,Total reserves (% of total external debt),FI.RES.TOTL.DT.ZS,..,..,..,289.039350449276,215.524105074581,290.369621167047,154.597156562156,67.2929893026356,57.3948606035167,55.3766985505033,..,..,..,..,..,..,..,..,..,..,..,..,..,..,..,..,..,..,..,..,..,..,..,..,..,..
Turks and Caicos Islands,TCA,Total reserves (% of total external debt),FI.RES.TOTL.DT.ZS,..,..,..,..,..,..,..,..,..,..,..,..,..,..,..,..,..,..,..,..,..,..,..,..,..,..,..,..,..,..,..,..,..,..,..,..
Tuvalu,TUV,Total reserves (% of total external debt),FI.RES.TOTL.DT.ZS,..,..,..,..,..,..,..,..,..,..,..,..,..,..,..,..,..,..,..,..,..,..,..,..,..,..,..,..,..,..,..,..,..,..,..,..
Uganda,UGA,Total reserves (% of total external debt),FI.RES.TOTL.DT.ZS,1.68799142874792,2.10158464083508,3.19921688320235,4.79408878364224,9.45874316986982,12.7148422925144,14.2408745324329,16.2103725333984,18.4018838229619,21.5694970015372,22.857389047822,26.0962400455249,23.2351513193553,23.5981743892541,27.3122128379488,30.1356662379808,139.223757346745,154.850976180176,100.33486567302,108.370183190604,90.970314265413,80.2263479594075,83.8730895359693,38.9903234021534,38.3332006206083,30.3935449340986,30.7077183687882,31.8562056100853,26.2243710321097,23.2022296078196,22.1033563422171,23.6012010395494,19.3925808858776,19.4190099538259,16.96135260843,..
Ukraine,UKR,Total reserves (% of total external debt),FI.RES.TOTL.DT.ZS,..,..,85.1499131006311,4.30830115793797,11.7895968295401,12.6780564077628,20.6701286099578,21.1868349755496,6.06557533276228,6.9416918318497,10.6155303118922,13.9083350420569,19.0002228872985,26.8540701522434,30.2665466409778,55.2367261899151,41.2011686103508,40.1970526958696,31.6946136764801,25.1656725710659,27.7621136781293,23.1807986949788,18.357625569266,13.8928429120288,5.90549930427595,11.2181022873202,13.3548586780728,15.1194480360037,16.9850637975905,20.1368616665293,21.8413289152456,22.6186688767971,19.8799193322257,22.6327453767898,22.6264886435346,..
United Arab Emirates,ARE,Total reserves (% of total external debt),FI.RES.TOTL.DT.ZS,..,..,..,..,..,..,..,..,..,..,..,..,..,..,..,..,..,..,..,..,..,..,..,..,..,..,..,..,..,..,..,..,..,..,..,..
United Kingdom,GBR,Total reserves (% of total external debt),FI.RES.TOTL.DT.ZS,..,..,..,..,..,..,..,..,..,..,..,..,..,..,..,..,..,..,..,..,..,..,..,..,..,..,..,..,..,..,..,..,..,..,..,..
United States,USA,Total reserves (% of total external debt),FI.RES.TOTL.DT.ZS,..,..,..,..,..,..,..,..,..,..,..,..,..,..,..,..,..,..,..,..,..,..,..,..,..,..,..,..,..,..,..,..,..,..,..,..
Upper middle income,UMC,Total reserves (% of total external debt),FI.RES.TOTL.DT.ZS,17.6721503237765,21.6728860973463,21.0314459252937,22.9009713813615,24.0751514147587,26.162446697308,30.3207239748422,31.4943139515123,29.6874122068596,30.2482766508619,32.2384663398677,35.5691920830576,42.7941427616607,51.7507132417292,65.1567961714704,82.4920278857981,97.4762529888505,118.808789403198,134.135122844309,149.824277822006,141.428190868188,134.381110470774,126.990244727858,120.582387983208,109.248591864368,108.15234848302,98.2021579397265,92.0384023945153,84.3343480442052,82.7242081942519,82.354692182487,78.4876648553833,77.7005826880139,80.7782854947532,81.4944243427903,..
Uruguay,URY,Total reserves (% of total external debt),FI.RES.TOTL.DT.ZS,..,..,..,..,..,..,..,..,..,..,..,..,..,..,..,..,..,..,..,..,..,..,..,..,..,..,..,..,..,..,..,..,..,..,..,..
Uzbekistan,UZB,Total reserves (% of total external debt),FI.RES.TOTL.DT.ZS,..,..,..,..,..,..,..,..,..,23.3710540720521,..,..,..,..,..,..,..,..,..,..,..,..,..,218.111679668703,198.019669926544,178.960947026614,171.405647857004,168.074995775128,148.298501563733,117.344302596316,93.9414997605802,78.835846636581,66.7513951897263,56.1272983802572,58.6948512837511,..
Vanuatu,VUT,Total reserves (% of total external debt),FI.RES.TOTL.DT.ZS,98.6239264020534,114.246234872977,117.201772422535,113.428115097661,95.6008886158972,98.6602031613317,91.738109131362,76.5450313657698,69.6133145241255,47.0051313552225,34.6708644400319,30.7002242104385,22.7431913598618,27.1905194353147,40.1565244808481,66.964872756946,94.6445004870713,93.5294522867491,77.3974976985332,96.9369143517913,90.8395777227986,97.3912287068787,100.009083165493,113.079759755077,90.51769288783,104.818664569725,91.1134739539714,98.4259472102241,107.393491194101,120.442468501352,139.480260609577,139.435470768913,137.783950308738,136.778840740426,118.229950148357,..
"Venezuela, RB",VEN,Total reserves (% of total external debt),FI.RES.TOTL.DT.ZS,..,..,..,..,..,..,..,..,..,..,..,..,..,..,..,..,..,..,..,..,..,..,..,..,..,..,..,..,..,..,..,..,..,..,..,..
Viet Nam,VNM,Total reserves (% of total external debt),FI.RES.TOTL.DT.ZS,..,..,..,..,..,5.19430713893991,6.597865141934,9.09655847827272,8.89407753136434,14.2577004873673,26.6059009019647,29.0874210934157,30.8855726914985,39.9165137945255,39.9374215518423,48.6758314018645,71.3723838920517,101.48691478675,90.1599996877708,50.1844246408646,27.6902522996565,24.924943377544,41.0786470734172,39.0848161421557,45.7481856044771,34.5252654584712,40.368745096667,44.6575253784881,49.2378307464508,63.9489068711246,73.2423459967853,78.2047885092921,59.0222854150328,65.0269572141595,62.5111108952954,..
Virgin Islands (U.S.),VIR,Total reserves (% of total external debt),FI.RES.TOTL.DT.ZS,..,..,..,..,..,..,..,..,..,..,..,..,..,..,..,..,..,..,..,..,..,..,..,..,..,..,..,..,..,..,..,..,..,..,..,..
West Bank and Gaza,PSE,Total reserves (% of total external debt),FI.RES.TOTL.DT.ZS,..,..,..,..,..,..,..,..,..,..,..,..,..,..,..,..,..,..,..,..,..,..,..,..,..,..,..,..,..,..,..,..,..,..,..,..
World,WLD,Total reserves (% of total external debt),FI.RES.TOTL.DT.ZS,..,..,..,..,..,..,..,..,..,..,..,..,..,..,..,..,..,..,..,..,..,..,..,..,..,..,..,..,..,..,..,..,..,..,..,..
"Yemen, Rep.",YEM,Total reserves (% of total external debt),FI.RES.TOTL.DT.ZS,6.94749423753055,10.7632133504941,5.1287403922165,2.77229195165956,4.45231691749692,10.2129031016397,16.1828405231056,31.0853125628753,17.4775338936889,28.9534077126917,56.5555680882074,70.7817090190633,83.1730144831637,91.3728764300961,101.486965596109,112.112853067049,132.019608006385,126.020977272905,130.925306040162,102.805237148818,91.3010827173345,70.3906263973257,81.0823451920363,69.5067516236701,56.4213885288526,19.7668103769227,12.4233064525218,12.7978058348164,42.3961362491038,23.438583984237,13.6165610087426,22.205757963494,17.0155735036302,..,..,..
Zambia,ZMB,Total reserves (% of total external debt),FI.RES.TOTL.DT.ZS,2.91410378568372,2.76508054784992,..,2.96895062644583,3.93812048606761,3.20075301266255,3.15449416953012,3.58995381789709,1.00986965813409,0.763131136423497,4.21204241602999,2.96155443837508,8.00962727486297,3.59953974676757,4.46591430694416,10.4243305129052,31.9785926444574,39.7786520071578,37.3035683405447,51.9674899389065,48.4586286539631,44.6960083441316,49.2118641035973,40.2456079103037,31.8981483317815,24.1059303154785,14.932427982912,8.77064357310276,6.3748426196843,4.92786160325023,4.07514672518242,10.2209380297614,10.4405689268511,10.9131995443089,14.5453908868032,..
Zimbabwe,ZWE,Total reserves (% of total external debt),FI.RES.TOTL.DT.ZS,8.89520826194622,8.39056317924922,9.69698248740051,14.5541878143182,12.8195379049297,17.4746472122067,16.4313301934296,7.72409860049871,6.60979466107931,10.8624070796954,8.10014786993343,3.13797204635884,3.16888496676858,2.82779111193693,4.51650180143968,2.06402382490317,2.96997392878426,2.75092933085961,1.34915469198015,12.7887710572212,10.3793430394429,8.5786286051237,6.25667584403974,5.44088553805777,4.20193013847825,4.3480091254433,3.44628589358108,2.27465749560838,0.669665808320237,1.2059841673826,0.256288140954146,5.94413445204794,4.23929456642145,0.794098628981107,3.36699213971911,..
,,,,,,,,,,,,,,,,,,,,,,,,,,,,,,,,,,,,,,,
,,,,,,,,,,,,,,,,,,,,,,,,,,,,,,,,,,,,,,,
,,,,,,,,,,,,,,,,,,,,,,,,,,,,,,,,,,,,,,,
Data from database: World Development Indicators,,,,,,,,,,,,,,,,,,,,,,,,,,,,,,,,,,,,,,,
Last Updated: 07/13/2026,,,,,,,,,,,,,,,,,,,,,,,,,,,,,,,,,,,,,,,
